user_id,segment,strategy,n_sent,n_opens,n_clicks,journey_length,avg_time_between_events_hours,recency_days,dominant_channel,first_channel,last_channel,converted,dropped_off
U00000,loyal_customer,trigger,4,1,0,5,74.0414,1.3413,social,social,ad,0,1
U00001,loyal_customer,hybrid,6,2,0,8,37.2508,1.4102,social,email,social,0,1
U00002,high_intent,trigger,8,7,4,22,12.473,3.983,social,social,social,1,0
U00003,low_engagement,fixed,2,0,0,2,117.1742,7.9853,social,social,social,0,0
U00004,low_engagement,fixed,2,0,0,2,17.9145,1.5334,social,social,social,0,0
U00005,low_engagement,fixed,1,0,0,1,0.0,13.6505,social,social,social,0,0
U00006,new_cold_customer,fixed,5,4,1,10,25.3807,3.0074,social,social,ad,0,1
U00007,low_engagement,hybrid,3,1,0,4,45.6934,8.1301,social,social,ad,0,1
U00008,high_intent,fixed,4,4,1,9,23.6739,5.5886,social,social,social,0,1
U00009,new_cold_customer,hybrid,4,2,1,7,53.058,1.1067,social,social,social,0,1
U00010,new_cold_customer,hybrid,5,2,0,7,39.6679,3.3644,social,social,social,0,1
U00011,low_engagement,fixed,1,0,0,1,0.0,3.7422,social,social,social,0,0
U00012,new_cold_customer,fixed,4,1,1,6,24.3207,5.7199,social,social,email,0,1
U00013,high_intent,trigger,8,6,3,19,15.1497,3.388,social,social,ad,1,0
U00014,loyal_customer,trigger,6,0,0,6,55.8788,2.7499,email,email,social,0,0
U00015,new_cold_customer,trigger,3,3,0,6,26.5287,2.994,social,ad,social,0,1
U00016,loyal_customer,fixed,5,1,0,6,39.5127,2.1711,social,social,offer,0,1
U00017,new_cold_customer,hybrid,5,0,0,5,29.597,1.7556,social,social,social,0,0
U00018,new_cold_customer,fixed,4,1,1,6,23.9039,4.1595,social,social,social,0,1
U00019,low_engagement,hybrid,1,0,0,1,0.0,4.0757,social,social,social,0,0
U00020,loyal_customer,hybrid,4,2,0,6,48.9627,3.0925,social,social,social,0,1
U00021,new_cold_customer,hybrid,2,2,1,5,74.9856,1.0125,social,social,social,0,1
U00022,loyal_customer,fixed,2,0,0,2,208.3557,5.8122,email,email,email,0,0
U00023,new_cold_customer,hybrid,5,4,0,9,37.2811,2.0108,social,social,social,0,1
U00024,loyal_customer,fixed,3,1,0,4,89.2073,1.2796,social,social,social,0,1
U00025,price_sensitive,fixed,1,1,0,2,0.0,7.883,social,social,social,0,1
U00026,new_cold_customer,fixed,4,0,0,4,25.2948,6.1152,social,social,email,0,0
U00027,new_cold_customer,hybrid,3,0,0,3,32.6918,6.2358,social,social,social,0,0
U00028,new_cold_customer,hybrid,3,2,1,6,51.7396,3.2121,social,email,social,0,1
U00029,new_cold_customer,trigger,3,2,2,7,12.5081,1.0635,social,social,social,0,1
U00030,price_sensitive,trigger,1,0,0,1,0.0,1.1355,email,email,email,0,0
U00031,new_cold_customer,hybrid,5,2,1,8,36.3087,2.3005,email,email,social,0,1
U00032,low_engagement,hybrid,3,0,0,3,67.9998,2.2662,social,social,social,0,0
U00033,new_cold_customer,trigger,5,0,0,5,75.8215,2.0155,social,social,social,0,0
U00034,high_intent,fixed,6,4,1,12,21.2703,1.2159,social,social,social,1,0
U00035,new_cold_customer,hybrid,4,1,0,5,12.7847,2.8836,social,social,social,0,1
U00036,loyal_customer,fixed,4,2,0,6,37.2557,3.0531,ad,ad,email,0,1
U00037,price_sensitive,hybrid,3,0,0,3,87.8522,2.1858,ad,ad,email,0,0
U00038,low_engagement,hybrid,4,3,0,7,37.0664,2.442,social,social,social,0,1
U00039,loyal_customer,hybrid,5,2,2,10,20.7691,1.0741,email,social,email,1,0
U00040,new_cold_customer,fixed,5,2,0,7,35.709,5.2253,social,ad,social,0,1
U00041,loyal_customer,fixed,2,2,2,8,28.7831,1.9746,email,email,social,1,0
U00042,new_cold_customer,trigger,3,1,0,4,31.385,3.1079,social,email,social,0,1
U00043,low_engagement,trigger,1,0,0,1,0.0,1.2149,social,social,social,0,0
U00044,loyal_customer,trigger,3,0,0,3,56.4342,9.2036,email,email,email,0,0
U00045,low_engagement,fixed,1,1,0,2,0.0,12.9879,social,social,social,0,1
U00046,price_sensitive,fixed,3,0,0,3,145.5173,1.0968,social,social,ad,0,0
U00047,new_cold_customer,trigger,2,1,0,3,137.4382,3.2925,social,social,social,0,1
U00048,loyal_customer,hybrid,5,3,0,8,46.6055,1.2321,social,social,social,0,1
U00049,high_intent,trigger,6,4,0,10,25.3249,4.0385,social,social,social,0,1
U00050,low_engagement,fixed,2,1,1,4,29.4558,9.4825,social,email,social,0,1
U00051,high_intent,fixed,5,2,2,10,12.5532,7.6918,social,email,social,1,0
U00052,low_engagement,fixed,4,1,0,5,37.9214,6.3654,social,email,social,0,1
U00053,new_cold_customer,hybrid,5,1,1,7,41.7806,3.1493,social,social,social,0,1
U00054,low_engagement,trigger,2,1,0,3,50.8718,8.9161,social,email,social,0,1
U00055,new_cold_customer,fixed,4,3,0,7,49.6605,2.1641,social,social,social,0,1
U00056,loyal_customer,trigger,2,0,0,2,195.4447,3.8891,social,social,ad,0,0
U00057,new_cold_customer,fixed,5,2,1,8,24.1561,6.148,social,social,social,0,1
U00058,loyal_customer,hybrid,4,2,1,8,30.9627,1.7345,social,social,social,1,0
U00059,loyal_customer,trigger,4,3,1,9,27.012,5.7192,social,social,social,1,0
U00060,loyal_customer,fixed,3,1,0,4,73.4314,1.3342,social,social,social,0,1
U00061,low_engagement,trigger,3,0,0,3,112.3024,2.2226,social,social,social,0,0
U00062,low_engagement,trigger,3,1,0,4,43.3452,5.9725,social,social,social,0,1
U00063,new_cold_customer,hybrid,2,1,0,3,46.0922,9.5391,social,social,social,0,1
U00064,price_sensitive,fixed,3,0,0,3,103.1884,2.6121,ad,ad,social,0,0
U00065,price_sensitive,hybrid,1,0,0,1,0.0,7.7695,email,email,email,0,0
U00066,new_cold_customer,trigger,2,0,0,2,208.604,5.5883,social,social,social,0,0
U00067,new_cold_customer,hybrid,3,1,1,6,26.9992,2.4975,social,ad,email,1,0
U00068,new_cold_customer,trigger,4,2,1,7,39.9805,2.9488,social,social,social,0,1
U00069,new_cold_customer,fixed,5,1,1,7,45.6423,1.1345,social,social,social,0,1
U00070,loyal_customer,fixed,4,3,1,9,14.3377,6.5782,social,social,social,1,0
U00071,new_cold_customer,hybrid,2,1,0,3,1.0308,8.3347,social,social,email,0,1
U00072,new_cold_customer,fixed,3,1,0,4,32.2607,9.0817,social,social,social,0,1
U00073,price_sensitive,fixed,1,1,0,2,0.0,13.4963,email,email,email,0,1
U00074,loyal_customer,hybrid,5,4,1,10,35.5601,1.0465,social,social,social,0,1
U00075,low_engagement,trigger,3,2,1,6,36.3745,1.9411,social,social,social,0,1
U00076,low_engagement,fixed,4,1,0,5,56.2869,2.0149,social,social,social,0,1
U00077,new_cold_customer,hybrid,4,1,0,5,71.1205,3.0699,social,social,social,0,1
U00078,price_sensitive,hybrid,3,0,0,3,84.6188,2.7059,social,email,social,0,0
U00079,new_cold_customer,hybrid,2,0,0,2,185.9154,3.2719,ad,ad,social,0,0
U00080,loyal_customer,fixed,5,2,0,7,32.4027,6.338,email,email,offer,0,1
U00081,price_sensitive,hybrid,3,2,0,5,55.8934,5.1188,social,social,social,0,1
U00082,high_intent,trigger,7,3,2,14,23.4072,1.4374,social,email,social,1,0
U00083,new_cold_customer,hybrid,3,2,1,7,27.1382,1.9704,social,email,social,1,0
U00084,new_cold_customer,trigger,3,1,1,5,35.6263,6.2361,social,social,social,0,1
U00085,price_sensitive,trigger,3,2,0,5,49.389,4.2091,social,email,ad,0,1
U00086,low_engagement,trigger,4,1,0,5,48.1361,1.0726,social,offer,social,0,1
U00087,low_engagement,trigger,2,0,0,2,75.655,3.0128,social,social,social,0,0
U00088,low_engagement,hybrid,2,1,0,3,46.5131,4.6879,ad,ad,social,0,1
U00089,high_intent,fixed,6,5,3,16,18.9352,1.6153,social,social,social,1,0
U00090,low_engagement,fixed,4,0,0,4,34.4883,8.8565,social,social,social,0,0
U00091,high_intent,hybrid,7,5,2,15,13.2567,7.0456,social,social,social,1,0
U00092,loyal_customer,fixed,5,4,2,11,25.9805,2.214,email,social,email,0,1
U00093,high_intent,fixed,4,3,2,10,20.8409,4.5409,social,email,social,1,0
U00094,new_cold_customer,trigger,2,1,0,3,18.7395,2.2935,social,social,ad,0,1
U00095,low_engagement,fixed,2,0,0,2,150.3519,3.1466,email,email,email,0,0
U00096,high_intent,hybrid,3,1,0,4,91.4914,2.856,social,social,email,0,1
U00097,low_engagement,hybrid,1,1,1,3,0.0,3.5129,social,social,social,0,1
U00098,low_engagement,trigger,3,1,0,4,58.0218,2.2158,social,social,social,0,1
U00099,high_intent,hybrid,6,5,1,12,27.2716,1.1872,social,social,social,0,1
U00100,new_cold_customer,trigger,3,2,1,7,39.1342,4.5041,social,social,social,1,0
U00101,price_sensitive,hybrid,3,1,0,4,23.7868,4.584,social,social,social,0,1
U00102,high_intent,hybrid,7,4,2,15,22.0444,1.1424,social,email,social,1,0
U00103,new_cold_customer,hybrid,3,2,0,5,39.6714,5.3553,social,social,social,0,1
U00104,loyal_customer,hybrid,5,3,0,8,17.2861,8.7442,social,social,social,0,1
U00105,low_engagement,hybrid,1,0,0,1,0.0,8.0909,social,social,social,0,0
U00106,new_cold_customer,fixed,2,2,0,4,48.3143,8.9527,social,social,social,0,1
U00107,new_cold_customer,trigger,2,0,0,2,105.9485,6.0181,social,social,social,0,0
U00108,loyal_customer,hybrid,3,0,0,3,10.5751,10.9835,social,email,social,0,0
U00109,new_cold_customer,trigger,5,3,2,10,25.477,1.2013,social,social,social,0,1
U00110,low_engagement,fixed,4,0,0,4,66.1837,5.8178,social,email,social,0,0
U00111,new_cold_customer,fixed,3,1,0,4,84.4328,2.3453,social,social,social,0,1
U00112,low_engagement,fixed,3,2,1,6,46.5677,5.0402,social,social,social,0,1
U00113,low_engagement,trigger,1,0,0,1,0.0,12.5266,social,social,social,0,0
U00114,new_cold_customer,hybrid,4,1,0,5,78.9497,1.673,social,social,social,0,1
U00115,new_cold_customer,hybrid,2,0,0,2,220.0005,4.783,social,social,social,0,0
U00116,loyal_customer,trigger,6,4,2,12,22.2165,1.804,social,social,email,0,1
U00117,loyal_customer,fixed,2,2,1,6,26.5996,2.6087,email,email,email,1,0
U00118,new_cold_customer,fixed,4,2,1,7,35.7032,5.8813,social,social,social,0,1
U00119,new_cold_customer,trigger,4,3,0,7,28.1539,3.9742,social,social,social,0,1
U00120,price_sensitive,trigger,1,0,0,1,0.0,14.2759,social,social,social,0,0
U00121,low_engagement,fixed,1,0,0,1,0.0,9.0688,social,social,social,0,0
U00122,price_sensitive,fixed,3,0,0,3,97.4473,2.9665,social,social,ad,0,0
U00123,new_cold_customer,hybrid,4,3,0,7,27.6355,5.5526,social,social,ad,0,1
U00124,new_cold_customer,hybrid,5,3,2,10,24.3141,1.1007,social,ad,social,0,1
U00125,new_cold_customer,fixed,5,4,0,9,33.1252,1.1286,social,social,social,0,1
U00126,new_cold_customer,hybrid,4,3,0,7,42.5027,3.0039,social,social,social,0,1
U00127,new_cold_customer,trigger,5,3,0,8,34.2264,1.4232,social,social,social,0,1
U00128,high_intent,fixed,6,5,2,14,21.1518,1.8813,social,email,email,1,0
U00129,new_cold_customer,fixed,4,2,1,7,31.4405,5.8235,social,social,social,0,1
U00130,new_cold_customer,fixed,3,1,0,4,21.1145,7.5253,social,social,social,0,1
U00131,loyal_customer,hybrid,5,2,1,8,31.6192,4.4787,social,social,social,0,1
U00132,loyal_customer,fixed,5,2,0,7,43.2474,1.391,email,social,email,0,1
U00133,low_engagement,trigger,1,1,0,2,0.0,2.4263,social,social,social,0,1
U00134,new_cold_customer,trigger,2,2,0,4,66.0284,4.3029,ad,ad,social,0,1
U00135,price_sensitive,fixed,1,0,0,1,0.0,12.2263,social,social,social,0,0
U00136,low_engagement,hybrid,2,1,1,4,29.2734,5.3433,ad,social,ad,0,1
U00137,new_cold_customer,hybrid,2,1,1,4,89.1687,2.9243,social,social,email,0,1
U00138,low_engagement,hybrid,4,2,0,6,56.3783,1.1527,social,email,social,0,1
U00139,new_cold_customer,trigger,3,1,1,6,48.5293,2.7905,social,social,social,1,0
U00140,new_cold_customer,hybrid,2,1,1,4,18.3616,4.4149,email,social,email,0,1
U00141,low_engagement,hybrid,1,0,0,1,0.0,4.4569,social,social,social,0,0
U00142,new_cold_customer,trigger,4,1,0,5,54.1636,1.3557,ad,social,ad,0,1
U00143,loyal_customer,fixed,3,1,0,4,14.0807,4.3971,social,social,social,0,1
U00144,low_engagement,hybrid,2,1,0,3,7.0587,12.1663,social,social,social,0,1
U00145,loyal_customer,hybrid,6,2,1,10,25.7245,3.9366,social,email,social,1,0
U00146,low_engagement,hybrid,2,0,0,2,43.3742,11.7122,social,social,social,0,0
U00147,new_cold_customer,trigger,4,2,0,6,61.0278,1.5726,social,social,social,0,1
U00148,price_sensitive,trigger,3,0,0,3,57.6495,8.5236,email,email,ad,0,0
U00149,low_engagement,trigger,3,1,0,4,85.3933,2.2119,social,social,social,0,1
U00150,low_engagement,hybrid,1,0,0,1,0.0,14.8264,social,social,social,0,0
U00151,new_cold_customer,fixed,3,0,0,3,99.9018,1.4209,social,social,social,0,0
U00152,new_cold_customer,fixed,3,2,1,6,43.4996,5.5036,social,social,social,0,1
U00153,loyal_customer,hybrid,4,2,2,8,15.0605,2.9744,social,offer,social,0,1
U00154,loyal_customer,fixed,6,0,0,6,57.9217,1.6907,social,social,ad,0,0
U00155,high_intent,hybrid,4,3,2,10,27.3004,1.5656,social,social,email,1,0
U00156,new_cold_customer,hybrid,5,0,0,5,49.6076,2.6573,social,social,social,0,0
U00157,new_cold_customer,fixed,5,0,0,5,49.9561,3.2302,social,social,social,0,0
U00158,loyal_customer,trigger,5,1,0,6,47.0506,3.0489,email,email,social,0,1
U00159,low_engagement,trigger,4,0,0,4,47.4968,2.5052,social,social,social,0,0
U00160,new_cold_customer,trigger,4,2,1,7,35.8125,3.6957,social,social,social,0,1
U00161,loyal_customer,trigger,4,1,1,6,50.4873,3.1782,social,social,email,0,1
U00162,loyal_customer,hybrid,4,2,0,6,55.0091,2.1324,social,email,social,0,1
U00163,low_engagement,fixed,3,0,0,3,5.3589,13.1069,social,social,social,0,0
U00164,new_cold_customer,hybrid,2,0,0,2,89.6897,3.1476,social,social,social,0,0
U00165,low_engagement,fixed,4,1,1,6,32.0432,6.658,email,social,email,0,1
U00166,new_cold_customer,hybrid,4,0,0,4,57.741,1.2694,social,social,social,0,0
U00167,new_cold_customer,trigger,2,2,0,4,83.0232,3.9828,social,social,social,0,1
U00168,low_engagement,trigger,2,0,0,2,166.0539,3.5893,social,social,social,0,0
U00169,loyal_customer,trigger,4,4,2,12,12.8606,7.646,social,social,social,1,0
U00170,low_engagement,fixed,2,1,1,4,22.1305,11.8944,social,social,email,0,1
U00171,price_sensitive,fixed,2,0,0,2,258.8839,1.357,social,social,ad,0,0
U00172,low_engagement,trigger,2,0,0,2,290.7285,2.0799,ad,ad,social,0,0
U00173,low_engagement,fixed,4,1,0,5,68.8734,3.0385,social,social,social,0,1
U00174,new_cold_customer,trigger,4,3,0,7,32.533,5.6643,social,social,social,0,1
U00175,new_cold_customer,hybrid,5,3,0,8,24.2913,7.7497,social,social,social,0,1
U00176,low_engagement,hybrid,1,0,0,1,0.0,5.06,social,social,social,0,0
U00177,loyal_customer,fixed,5,2,0,7,30.5504,6.5125,social,social,social,0,1
U00178,new_cold_customer,hybrid,2,1,0,3,30.9847,4.1581,social,social,email,0,1
U00179,new_cold_customer,hybrid,2,0,0,2,287.8135,1.7259,social,social,social,0,0
U00180,new_cold_customer,fixed,3,2,0,5,40.4621,2.9644,social,social,ad,0,1
U00181,low_engagement,hybrid,2,0,0,2,106.6263,4.2938,social,social,social,0,0
U00182,high_intent,fixed,4,3,3,12,20.9326,4.0402,email,social,email,1,0
U00183,high_intent,hybrid,8,3,2,14,20.4934,2.3047,email,social,social,1,0
U00184,new_cold_customer,trigger,3,2,1,6,45.8653,1.8721,social,social,social,0,1
U00185,new_cold_customer,trigger,2,0,0,2,0.8696,12.2979,social,social,social,0,0
U00186,new_cold_customer,fixed,3,1,0,4,88.0589,3.1972,social,social,social,0,1
U00187,loyal_customer,hybrid,5,2,1,8,28.6898,6.6206,social,email,social,0,1
U00188,loyal_customer,hybrid,4,2,2,10,30.8681,2.8619,social,email,offer,1,0
U00189,loyal_customer,trigger,6,5,1,13,23.4555,1.9548,social,social,email,1,0
U00190,loyal_customer,hybrid,2,2,2,6,8.7802,3.6903,email,email,ad,0,1
U00191,new_cold_customer,trigger,2,2,0,4,64.531,2.4245,social,social,social,0,1
U00192,high_intent,trigger,3,3,3,11,9.4783,7.2578,email,email,email,1,0
U00193,price_sensitive,fixed,3,1,0,4,40.8709,1.5644,social,social,ad,0,1
U00194,new_cold_customer,fixed,5,3,2,11,18.087,6.2013,social,social,social,1,0
U00195,new_cold_customer,hybrid,4,1,0,5,54.181,1.8833,email,email,email,0,1
U00196,high_intent,trigger,6,5,2,15,22.0307,1.7819,social,social,social,1,0
U00197,low_engagement,hybrid,1,0,0,1,0.0,5.6625,social,social,social,0,0
U00198,low_engagement,fixed,3,1,0,4,62.6074,5.2833,social,social,offer,0,1
U00199,low_engagement,hybrid,2,1,0,3,97.3614,2.8721,social,social,social,0,1
U00200,low_engagement,fixed,4,0,0,4,105.9258,1.3624,social,social,social,0,0
U00201,high_intent,trigger,3,2,1,7,22.6892,7.9163,social,social,social,1,0
U00202,high_intent,trigger,4,4,3,13,12.3845,7.5987,social,social,social,1,0
U00203,new_cold_customer,trigger,4,2,0,6,36.4424,2.6944,social,ad,social,0,1
U00204,low_engagement,hybrid,2,0,0,2,155.6098,4.4814,social,social,social,0,0
U00205,low_engagement,trigger,1,0,0,1,0.0,7.2673,social,social,social,0,0
U00206,high_intent,hybrid,4,3,2,9,16.6394,3.2634,social,social,social,0,1
U00207,loyal_customer,hybrid,6,1,0,7,47.7994,3.0411,social,social,email,0,1
U00208,high_intent,fixed,6,5,3,15,17.4967,3.2733,email,email,social,1,0
U00209,new_cold_customer,hybrid,3,1,0,4,47.8871,2.0382,social,social,social,0,1
U00210,high_intent,fixed,4,0,0,4,34.1916,8.7597,social,ad,social,0,0
U00211,high_intent,trigger,7,5,4,18,14.2146,3.7161,social,email,email,1,0
U00212,loyal_customer,fixed,5,1,0,6,21.8071,2.6077,social,social,social,0,1
U00213,new_cold_customer,fixed,3,2,1,6,27.2721,4.4177,social,social,social,0,1
U00214,new_cold_customer,fixed,5,2,0,7,38.0124,2.5398,social,social,social,0,1
U00215,low_engagement,fixed,4,1,1,7,48.0329,1.668,email,social,email,1,0
U00216,loyal_customer,fixed,2,0,0,2,113.8423,5.6187,social,social,social,0,0
U00217,loyal_customer,hybrid,2,1,0,3,17.1529,3.3468,social,social,social,0,1
U00218,high_intent,trigger,7,6,3,18,14.0916,1.5336,social,social,social,1,0
U00219,new_cold_customer,hybrid,5,0,0,5,75.582,1.1655,social,email,social,0,0
U00220,new_cold_customer,hybrid,2,0,0,2,252.3834,3.2943,social,social,social,0,0
U00221,new_cold_customer,trigger,5,2,2,9,28.3439,5.2259,social,social,social,0,1
U00222,low_engagement,fixed,4,2,0,6,24.8163,8.9676,social,social,social,0,1
U00223,price_sensitive,trigger,2,1,0,3,24.3616,6.3071,social,social,social,0,1
U00224,new_cold_customer,hybrid,5,3,1,9,18.9318,1.5725,social,social,social,0,1
U00225,new_cold_customer,trigger,4,1,0,5,30.4689,6.3184,social,social,social,0,1
U00226,low_engagement,hybrid,1,0,0,1,0.0,1.1835,social,social,social,0,0
U00227,new_cold_customer,fixed,2,2,1,5,12.3863,5.7136,social,social,social,0,1
U00228,high_intent,hybrid,4,3,2,10,18.923,2.6627,social,social,social,1,0
U00229,new_cold_customer,hybrid,4,3,1,8,29.8221,3.3989,social,social,ad,0,1
U00230,loyal_customer,fixed,3,0,0,3,131.8152,2.7395,email,email,social,0,0
U00231,price_sensitive,fixed,3,0,0,3,44.7282,9.4564,email,ad,email,0,0
U00232,new_cold_customer,trigger,4,3,2,9,6.1964,12.1676,social,social,social,0,1
U00233,new_cold_customer,fixed,2,1,0,3,60.137,8.6553,social,social,social,0,1
U00234,new_cold_customer,trigger,5,1,0,6,51.6223,1.9832,social,offer,social,0,1
U00235,high_intent,trigger,3,1,0,4,31.9553,6.0347,email,email,email,0,1
U00236,low_engagement,fixed,3,1,0,4,50.6735,4.9547,social,social,social,0,1
U00237,low_engagement,hybrid,1,1,0,2,0.0,1.4645,social,social,social,0,1
U00238,new_cold_customer,hybrid,4,3,0,7,40.8285,2.2587,social,social,email,0,1
U00239,price_sensitive,trigger,1,1,0,2,0.0,6.3616,email,email,email,0,1
U00240,high_intent,fixed,3,2,0,5,25.0815,6.2948,social,social,offer,0,1
U00241,loyal_customer,hybrid,3,2,0,5,42.5139,3.4116,social,social,social,0,1
U00242,loyal_customer,hybrid,4,2,0,6,56.7127,1.0489,social,social,social,0,1
U00243,loyal_customer,trigger,3,1,0,4,55.4948,7.5943,social,social,email,0,1
U00244,low_engagement,fixed,2,0,0,2,127.6253,8.687,social,social,social,0,0
U00245,new_cold_customer,fixed,5,0,0,5,46.8602,1.5318,social,social,social,0,0
U00246,high_intent,hybrid,6,5,4,17,13.7354,4.8685,email,social,email,1,0
U00247,new_cold_customer,hybrid,2,2,0,4,56.3133,5.4166,email,email,social,0,1
U00248,new_cold_customer,hybrid,4,1,0,5,59.2901,4.178,social,social,social,0,1
U00249,new_cold_customer,fixed,2,1,0,3,77.2702,3.7972,ad,social,ad,0,1
U00250,price_sensitive,fixed,2,0,0,2,203.1275,2.5724,social,social,social,0,0
U00251,loyal_customer,hybrid,6,4,1,12,25.0599,2.9253,social,social,social,1,0
U00252,low_engagement,hybrid,4,1,0,5,82.748,1.0376,social,email,social,0,1
U00253,loyal_customer,hybrid,4,3,1,8,20.5096,3.4606,email,email,offer,0,1
U00254,high_intent,fixed,3,3,1,7,27.7714,4.777,social,social,social,0,1
U00255,loyal_customer,hybrid,2,0,0,2,57.8833,8.1938,social,social,email,0,0
U00256,loyal_customer,fixed,3,0,0,3,74.2808,6.7572,email,email,ad,0,0
U00257,new_cold_customer,trigger,3,1,0,4,27.6109,8.3975,social,social,social,0,1
U00258,low_engagement,trigger,1,1,0,2,0.0,8.8526,email,email,email,0,1
U00259,loyal_customer,hybrid,3,3,0,6,30.1671,8.4432,social,social,ad,0,1
U00260,low_engagement,fixed,2,1,1,4,23.039,7.8507,social,email,social,0,1
U00261,new_cold_customer,fixed,2,1,0,3,11.8596,2.3726,social,social,social,0,1
U00262,new_cold_customer,fixed,2,0,0,2,269.5904,2.2321,social,social,ad,0,0
U00263,price_sensitive,trigger,3,1,0,4,36.532,5.7536,email,email,email,0,1
U00264,new_cold_customer,trigger,5,2,0,7,48.4466,2.3213,social,social,social,0,1
U00265,low_engagement,trigger,4,1,0,5,74.669,1.0542,social,social,social,0,1
U00266,new_cold_customer,hybrid,2,2,0,4,8.2048,6.7541,social,social,social,0,1
U00267,new_cold_customer,fixed,3,0,0,3,73.376,3.0921,social,social,social,0,0
U00268,new_cold_customer,trigger,5,3,0,8,37.2303,2.8804,social,social,social,0,1
U00269,loyal_customer,hybrid,4,2,0,6,64.8925,1.1379,email,email,ad,0,1
U00270,new_cold_customer,hybrid,5,2,1,8,37.1773,3.102,social,social,social,0,1
U00271,new_cold_customer,fixed,2,0,0,2,75.8383,6.2768,social,social,social,0,0
U00272,new_cold_customer,hybrid,5,1,1,7,48.545,1.3744,social,social,social,0,1
U00273,new_cold_customer,trigger,2,2,1,6,3.6751,10.4365,email,social,email,1,0
U00274,low_engagement,fixed,2,1,1,4,8.5576,1.0727,social,social,social,0,1
U00275,high_intent,hybrid,4,3,1,9,24.3081,5.3942,social,social,social,1,0
U00276,new_cold_customer,fixed,3,1,0,4,97.0551,1.7824,email,email,social,0,1
U00277,loyal_customer,trigger,2,0,0,2,162.1042,4.8217,social,social,social,0,0
U00278,low_engagement,hybrid,2,1,0,3,17.1446,8.7788,social,social,email,0,1
U00279,loyal_customer,fixed,6,4,0,10,26.4092,2.3834,ad,ad,ad,0,1
U00280,new_cold_customer,fixed,3,2,0,5,20.9574,10.997,social,ad,social,0,1
U00281,low_engagement,trigger,4,0,0,4,103.5131,1.1478,social,social,social,0,0
U00282,new_cold_customer,trigger,5,4,1,10,21.6717,5.8231,social,social,social,0,1
U00283,low_engagement,hybrid,1,1,0,2,0.0,4.3879,social,social,social,0,1
U00284,high_intent,hybrid,3,2,1,7,8.8735,6.6741,social,social,social,1,0
U00285,low_engagement,hybrid,2,0,0,2,131.1259,5.6913,social,social,ad,0,0
U00286,loyal_customer,hybrid,2,1,1,5,32.1652,5.4479,ad,social,ad,1,0
U00287,high_intent,trigger,6,4,1,12,15.823,5.8172,social,offer,email,1,0
U00288,low_engagement,trigger,2,1,0,3,75.8255,5.2577,social,social,social,0,1
U00289,new_cold_customer,trigger,3,3,0,6,34.9137,2.9621,social,social,social,0,1
U00290,low_engagement,fixed,4,3,1,8,28.8142,2.5569,social,email,social,0,1
U00291,loyal_customer,hybrid,4,0,0,4,85.0587,2.1144,social,email,social,0,0
U00292,new_cold_customer,trigger,4,0,0,4,60.0879,4.8589,social,social,social,0,0
U00293,new_cold_customer,hybrid,2,2,1,5,62.3894,1.271,social,social,social,0,1
U00294,new_cold_customer,fixed,3,1,0,4,38.0009,9.8137,social,social,email,0,1
U00295,new_cold_customer,hybrid,2,2,0,4,0.3742,2.2039,ad,ad,social,0,1
U00296,new_cold_customer,fixed,3,1,1,5,29.2664,5.1472,social,social,social,0,1
U00297,loyal_customer,trigger,6,2,0,8,25.0494,4.8328,social,email,ad,0,1
U00298,loyal_customer,fixed,3,1,0,4,77.775,2.6168,email,email,ad,0,1
U00299,new_cold_customer,trigger,5,3,0,8,33.4336,3.5645,social,social,social,0,1
U00300,price_sensitive,fixed,2,0,0,2,67.3638,10.1,social,social,offer,0,0
U00301,low_engagement,hybrid,2,0,0,2,175.0717,1.8769,social,social,social,0,0
U00302,low_engagement,hybrid,4,3,0,7,31.7671,2.9344,social,email,social,0,1
U00303,loyal_customer,hybrid,5,2,2,9,23.8919,6.2832,social,social,email,0,1
U00304,new_cold_customer,hybrid,3,2,1,6,27.7246,2.4573,social,social,social,0,1
U00305,low_engagement,fixed,2,0,0,2,17.3628,1.1232,email,email,social,0,0
U00306,new_cold_customer,fixed,4,1,0,5,66.3897,3.279,social,email,ad,0,1
U00307,high_intent,trigger,7,7,6,24,12.4439,1.3609,email,email,social,1,0
U00308,new_cold_customer,hybrid,2,1,1,4,0.1028,9.3167,social,social,social,0,1
U00309,new_cold_customer,fixed,5,2,1,8,18.8047,5.8571,social,social,email,0,1
U00310,low_engagement,fixed,3,0,0,3,71.6618,2.1626,social,social,social,0,0
U00311,low_engagement,hybrid,2,1,1,4,62.0041,4.7605,social,social,social,0,1
U00312,low_engagement,fixed,3,1,0,4,59.423,2.9227,social,social,ad,0,1
U00313,loyal_customer,hybrid,5,3,2,11,33.1443,1.0182,email,email,social,1,0
U00314,low_engagement,trigger,3,2,0,5,48.8664,4.604,social,social,social,0,1
U00315,low_engagement,fixed,4,0,0,4,76.084,4.5176,social,social,social,0,0
U00316,low_engagement,hybrid,2,0,0,2,21.8131,13.0094,social,social,social,0,0
U00317,loyal_customer,hybrid,5,4,1,10,36.0941,1.0416,social,social,email,0,1
U00318,low_engagement,trigger,3,2,0,5,31.5552,5.3703,social,email,social,0,1
U00319,high_intent,fixed,5,2,0,7,32.8143,4.1541,social,email,social,0,1
U00320,loyal_customer,trigger,3,1,0,4,82.6715,3.3802,email,social,email,0,1
U00321,low_engagement,trigger,3,1,1,5,47.7634,6.9575,social,social,social,0,1
U00322,new_cold_customer,fixed,5,3,2,10,28.1705,3.6632,email,email,social,0,1
U00323,new_cold_customer,trigger,4,1,1,6,34.1875,4.5576,social,social,social,0,1
U00324,low_engagement,fixed,2,0,0,2,65.345,3.9964,email,email,ad,0,0
U00325,new_cold_customer,fixed,3,1,0,4,47.5564,7.0173,social,social,social,0,1
U00326,new_cold_customer,hybrid,5,2,1,9,22.7529,3.2454,social,social,social,1,0
U00327,high_intent,fixed,6,4,1,11,27.8288,1.9878,email,email,email,0,1
U00328,loyal_customer,hybrid,3,1,0,4,35.7384,6.408,social,ad,social,0,1
U00329,low_engagement,trigger,3,1,0,4,94.4281,2.2542,social,social,email,0,1
U00330,loyal_customer,fixed,2,1,0,3,38.647,3.3011,social,email,social,0,1
U00331,loyal_customer,hybrid,4,1,0,5,30.433,9.1021,social,social,social,0,1
U00332,new_cold_customer,trigger,5,3,0,8,33.6314,2.6326,social,ad,social,0,1
U00333,high_intent,trigger,3,3,0,6,34.0815,2.8361,social,social,email,0,1
U00334,low_engagement,fixed,4,3,1,8,33.4446,2.5114,social,email,social,0,1
U00335,low_engagement,hybrid,1,0,0,1,0.0,3.2497,email,email,email,0,0
U00336,low_engagement,hybrid,4,0,0,4,99.9727,1.0454,email,offer,email,0,0
U00337,new_cold_customer,fixed,4,1,0,5,62.1407,2.4606,social,social,social,0,1
U00338,loyal_customer,fixed,2,2,0,4,1.6433,1.4389,social,social,email,0,1
U00339,new_cold_customer,trigger,2,0,0,2,62.6722,11.6444,email,email,social,0,0
U00340,low_engagement,trigger,4,2,0,6,35.232,2.7381,social,social,email,0,1
U00341,high_intent,hybrid,6,3,0,9,29.6438,3.5201,social,social,ad,0,1
U00342,low_engagement,fixed,3,0,0,3,45.3889,3.8868,social,social,ad,0,0
U00343,new_cold_customer,hybrid,4,3,1,8,26.0956,3.9144,social,ad,social,0,1
U00344,price_sensitive,fixed,3,0,0,3,35.2,1.0719,email,email,email,0,0
U00345,new_cold_customer,trigger,2,2,2,6,4.1266,4.7179,social,social,social,0,1
U00346,new_cold_customer,trigger,4,2,1,7,30.0213,5.025,social,ad,social,0,1
U00347,new_cold_customer,hybrid,4,2,1,7,43.6603,3.2291,social,social,social,0,1
U00348,new_cold_customer,fixed,4,3,1,8,27.6431,2.8367,social,social,social,0,1
U00349,low_engagement,fixed,3,1,1,5,37.1494,3.2956,ad,social,email,0,1
U00350,new_cold_customer,trigger,4,1,0,5,50.0206,6.0251,social,email,email,0,1
U00351,loyal_customer,trigger,4,2,0,6,63.7462,1.0642,email,email,email,0,1
U00352,price_sensitive,trigger,2,0,0,2,92.5856,1.5127,social,social,social,0,0
U00353,high_intent,hybrid,3,1,1,5,37.8265,7.0315,social,email,social,0,1
U00354,new_cold_customer,fixed,5,2,1,8,11.2861,1.2943,social,ad,social,0,1
U00355,new_cold_customer,fixed,2,1,0,3,4.6121,8.6535,social,email,social,0,1
U00356,new_cold_customer,fixed,3,0,0,3,70.0926,3.1131,email,ad,email,0,0
U00357,new_cold_customer,trigger,4,3,1,8,30.9038,2.8196,social,ad,email,0,1
U00358,new_cold_customer,fixed,4,3,1,8,23.4112,4.7906,social,email,social,0,1
U00359,low_engagement,hybrid,4,2,0,6,57.1551,1.2831,social,email,social,0,1
U00360,new_cold_customer,fixed,2,1,0,3,40.2463,11.5702,social,social,social,0,1
U00361,new_cold_customer,hybrid,3,0,0,3,43.9916,8.7695,social,social,email,0,0
U00362,loyal_customer,hybrid,3,0,0,3,23.4334,9.0847,offer,offer,email,0,0
U00363,high_intent,trigger,7,5,0,12,19.405,1.2662,ad,ad,ad,0,1
U00364,new_cold_customer,trigger,5,3,0,8,19.7582,7.1769,social,social,social,0,1
U00365,new_cold_customer,trigger,5,3,3,11,13.3163,7.8635,social,social,social,0,1
U00366,price_sensitive,trigger,1,0,0,1,0.0,3.3346,email,email,email,0,0
U00367,high_intent,hybrid,5,4,0,9,32.5154,2.6112,social,offer,social,0,1
U00368,loyal_customer,fixed,3,0,0,3,50.8883,9.5463,social,social,social,0,0
U00369,high_intent,hybrid,7,5,2,14,21.542,1.4879,social,social,social,0,1
U00370,new_cold_customer,hybrid,4,2,1,7,39.6361,1.5934,social,social,social,0,1
U00371,price_sensitive,hybrid,2,0,0,2,65.1706,5.3567,social,social,social,0,0
U00372,low_engagement,fixed,2,1,0,3,6.0328,7.8884,social,social,social,0,1
U00373,new_cold_customer,trigger,5,3,1,9,38.7124,1.3733,social,social,social,0,1
U00374,new_cold_customer,fixed,3,3,0,6,42.8525,3.8952,social,social,social,0,1
U00375,new_cold_customer,fixed,4,2,1,7,28.7158,1.745,social,social,social,0,1
U00376,new_cold_customer,trigger,4,1,1,6,54.2687,2.1667,social,social,social,0,1
U00377,loyal_customer,fixed,4,0,0,4,44.0995,5.6578,social,social,social,0,0
U00378,high_intent,fixed,8,3,1,12,28.9064,1.1152,social,social,social,0,1
U00379,high_intent,fixed,7,5,4,19,16.8384,1.8009,social,social,social,1,0
U00380,new_cold_customer,trigger,2,2,0,4,16.7372,2.5077,social,social,social,0,1
U00381,loyal_customer,fixed,4,3,0,7,43.957,2.9111,social,email,email,0,1
U00382,loyal_customer,hybrid,3,0,0,3,18.9346,5.9674,social,social,social,0,0
U00383,new_cold_customer,trigger,4,3,2,10,35.9611,1.4656,social,social,social,1,0
U00384,new_cold_customer,hybrid,2,0,0,2,33.0906,13.4797,social,social,ad,0,0
U00385,new_cold_customer,trigger,2,2,0,4,67.9574,3.0769,social,social,social,0,1
U00386,loyal_customer,trigger,3,3,2,8,30.6952,5.2007,social,social,social,0,1
U00387,loyal_customer,fixed,3,1,0,4,99.7848,2.167,social,social,social,0,1
U00388,loyal_customer,trigger,4,2,1,7,41.8738,2.6305,social,social,email,0,1
U00389,new_cold_customer,trigger,3,1,1,5,24.6897,2.572,social,social,social,0,1
U00390,high_intent,trigger,3,2,0,5,50.2848,4.8949,social,social,social,0,1
U00391,loyal_customer,fixed,3,2,0,5,58.9365,3.0111,social,social,social,0,1
U00392,new_cold_customer,trigger,2,0,0,2,80.8279,11.1481,social,social,social,0,0
U00393,loyal_customer,fixed,3,3,1,8,46.1884,1.3219,social,social,social,1,0
U00394,new_cold_customer,fixed,2,1,1,4,52.8237,2.2603,social,email,social,0,1
U00395,high_intent,hybrid,7,6,1,14,13.3061,3.351,social,social,social,0,1
U00396,low_engagement,hybrid,4,1,0,5,42.4949,5.7041,social,social,social,0,1
U00397,new_cold_customer,trigger,2,0,0,2,148.4871,6.1214,social,social,social,0,0
U00398,new_cold_customer,trigger,3,2,1,6,56.8691,2.9426,social,social,social,0,1
U00399,high_intent,hybrid,6,5,4,17,19.1275,1.1316,social,social,social,1,0
U00400,low_engagement,trigger,1,1,0,2,0.0,11.8299,ad,ad,ad,0,1
U00401,new_cold_customer,fixed,3,2,1,6,27.1522,3.7744,social,social,social,0,1
U00402,new_cold_customer,fixed,5,1,0,6,62.7397,1.7353,social,social,social,0,1
U00403,high_intent,trigger,8,5,2,16,11.4399,3.926,email,email,social,1,0
U00404,new_cold_customer,trigger,3,2,1,6,17.5949,7.2994,social,ad,social,0,1
U00405,low_engagement,hybrid,3,0,0,3,118.0133,1.6829,ad,ad,social,0,0
U00406,new_cold_customer,hybrid,5,0,0,5,52.4174,6.1912,social,social,social,0,0
U00407,low_engagement,hybrid,2,1,0,3,59.9943,3.638,email,email,offer,0,1
U00408,new_cold_customer,hybrid,4,3,1,8,46.0693,1.186,social,social,ad,0,1
U00409,new_cold_customer,hybrid,3,1,0,4,29.8381,2.0277,social,social,social,0,1
U00410,new_cold_customer,trigger,5,1,0,6,49.168,3.0057,social,social,email,0,1
U00411,low_engagement,fixed,2,0,0,2,294.97,1.0915,social,social,social,0,0
U00412,new_cold_customer,trigger,4,4,1,9,23.7118,4.5604,social,social,social,0,1
U00413,new_cold_customer,trigger,5,1,1,7,45.3928,1.5891,social,social,social,0,1
U00414,new_cold_customer,trigger,5,1,0,6,35.96,5.6817,ad,ad,social,0,1
U00415,loyal_customer,trigger,6,2,0,8,21.1574,1.0103,social,social,social,0,1
U00416,low_engagement,fixed,2,1,0,3,8.5222,1.3771,social,social,social,0,1
U00417,new_cold_customer,fixed,2,0,0,2,166.6166,5.7762,social,social,social,0,0
U00418,new_cold_customer,hybrid,3,1,1,5,29.2862,5.3042,social,email,social,0,1
U00419,loyal_customer,trigger,5,2,1,8,35.8561,3.5863,email,email,social,0,1
U00420,low_engagement,trigger,4,1,0,5,46.7547,3.149,social,social,social,0,1
U00421,loyal_customer,trigger,4,2,0,6,57.737,2.2874,social,offer,social,0,1
U00422,high_intent,fixed,8,7,3,19,12.5248,4.4042,email,email,email,1,0
U00423,low_engagement,trigger,1,0,0,1,0.0,10.6405,email,email,email,0,0
U00424,low_engagement,fixed,1,0,0,1,0.0,14.484,social,social,social,0,0
U00425,new_cold_customer,hybrid,2,1,0,3,25.5301,8.9974,social,social,social,0,1
U00426,loyal_customer,trigger,2,2,0,4,39.7712,2.3731,offer,offer,social,0,1
U00427,new_cold_customer,fixed,2,0,0,2,40.5863,12.7929,social,social,social,0,0
U00428,new_cold_customer,fixed,3,1,0,4,46.8211,2.4404,social,social,email,0,1
U00429,low_engagement,hybrid,3,1,0,4,52.5443,7.3229,social,social,ad,0,1
U00430,low_engagement,fixed,2,0,0,2,12.2897,11.3486,email,email,social,0,0
U00431,new_cold_customer,hybrid,2,0,0,2,77.9481,4.2292,social,social,ad,0,0
U00432,low_engagement,trigger,3,1,1,5,56.2657,4.2901,social,social,social,0,1
U00433,new_cold_customer,trigger,2,0,0,2,188.8405,4.5175,social,social,social,0,0
U00434,loyal_customer,hybrid,5,3,1,9,17.8284,8.9219,social,social,email,0,1
U00435,price_sensitive,trigger,1,0,0,1,0.0,4.7637,ad,ad,ad,0,0
U00436,low_engagement,trigger,3,1,0,4,106.3218,1.661,social,social,social,0,1
U00437,low_engagement,trigger,1,0,0,1,0.0,11.1558,social,social,social,0,0
U00438,high_intent,trigger,4,3,1,9,32.3763,3.9342,social,email,social,1,0
U00439,new_cold_customer,trigger,5,2,2,10,16.1251,1.4976,social,social,social,1,0
U00440,loyal_customer,hybrid,5,3,1,9,14.5209,9.5221,social,social,offer,0,1
U00441,loyal_customer,fixed,3,2,0,5,58.6631,2.1265,social,email,social,0,1
U00442,new_cold_customer,trigger,2,2,2,6,21.9435,1.3266,social,social,email,0,1
U00443,new_cold_customer,hybrid,5,0,0,5,54.1741,3.9309,social,social,social,0,0
U00444,low_engagement,hybrid,1,0,0,1,0.0,7.8233,social,social,social,0,0
U00445,loyal_customer,fixed,6,2,1,9,24.1047,2.4481,social,social,social,0,1
U00446,high_intent,trigger,5,3,2,12,28.916,1.7107,email,email,social,1,0
U00447,loyal_customer,fixed,2,1,0,3,21.5588,7.2855,ad,social,ad,0,1
U00448,low_engagement,trigger,3,0,0,3,137.4336,1.113,social,social,social,0,0
U00449,low_engagement,hybrid,3,2,0,5,68.0903,3.3183,social,social,social,0,1
U00450,high_intent,fixed,4,4,3,12,14.7306,6.0078,social,social,social,1,0
U00451,new_cold_customer,trigger,4,2,1,7,41.3694,3.0074,social,social,ad,0,1
U00452,low_engagement,hybrid,3,1,0,4,27.4768,3.9851,social,social,social,0,1
U00453,new_cold_customer,fixed,5,1,1,7,38.492,1.811,social,social,social,0,1
U00454,new_cold_customer,hybrid,2,0,0,2,70.6469,7.9312,social,social,social,0,0
U00455,new_cold_customer,hybrid,5,2,0,7,31.275,4.7053,social,social,ad,0,1
U00456,loyal_customer,fixed,6,2,0,8,31.4122,1.3807,email,ad,social,0,1
U00457,new_cold_customer,hybrid,4,2,0,6,35.6162,6.6018,social,social,ad,0,1
U00458,loyal_customer,trigger,6,4,1,11,24.4959,4.5512,email,social,email,0,1
U00459,high_intent,fixed,3,1,1,5,42.5202,5.8176,social,social,social,0,1
U00460,new_cold_customer,trigger,5,1,0,6,56.7014,1.2134,social,social,email,0,1
U00461,new_cold_customer,fixed,5,1,0,6,46.2404,5.3,social,email,social,0,1
U00462,low_engagement,fixed,2,0,0,2,13.8915,5.8259,social,social,email,0,0
U00463,new_cold_customer,fixed,5,1,0,6,53.7037,1.8249,social,ad,email,0,1
U00464,high_intent,trigger,7,5,2,15,18.5003,1.3803,social,social,email,1,0
U00465,loyal_customer,hybrid,3,2,1,6,24.1358,9.9401,social,social,social,0,1
U00466,low_engagement,hybrid,2,1,0,3,0.0992,6.7156,social,social,social,0,1
U00467,new_cold_customer,hybrid,5,0,0,5,63.9085,1.9638,social,social,social,0,0
U00468,new_cold_customer,hybrid,4,1,0,5,43.9234,4.4168,social,social,social,0,1
U00469,new_cold_customer,fixed,5,4,0,9,38.3107,1.153,social,social,social,0,1
U00470,new_cold_customer,fixed,3,2,1,6,47.0126,4.8399,social,social,social,0,1
U00471,low_engagement,trigger,3,1,0,4,39.1028,4.8443,social,social,email,0,1
U00472,loyal_customer,hybrid,2,1,1,5,47.5315,3.4603,social,ad,social,1,0
U00473,new_cold_customer,trigger,5,2,1,8,35.2145,3.431,social,social,social,0,1
U00474,loyal_customer,hybrid,6,2,0,8,42.68,1.4945,social,social,email,0,1
U00475,high_intent,trigger,4,3,1,9,17.7256,6.2536,email,email,social,1,0
U00476,new_cold_customer,fixed,4,2,0,6,33.6932,3.6324,social,social,social,0,1
U00477,loyal_customer,hybrid,6,3,0,9,36.3826,2.0445,social,social,email,0,1
U00478,low_engagement,trigger,1,0,0,1,0.0,3.4148,social,social,social,0,0
U00479,price_sensitive,hybrid,1,0,0,1,0.0,12.2755,social,social,social,0,0
U00480,new_cold_customer,hybrid,4,4,2,10,17.9433,4.5345,social,social,social,0,1
U00481,low_engagement,hybrid,3,1,0,4,38.3139,10.177,social,social,social,0,1
U00482,price_sensitive,hybrid,1,0,0,1,0.0,14.5647,email,email,email,0,0
U00483,high_intent,hybrid,4,3,1,8,24.3658,7.3817,social,email,email,0,1
U00484,high_intent,fixed,3,2,1,6,38.2918,4.7307,social,social,social,0,1
U00485,high_intent,fixed,5,2,2,10,29.1207,2.4624,social,email,social,1,0
U00486,high_intent,trigger,5,3,0,8,21.9855,7.071,social,social,social,0,1
U00487,low_engagement,fixed,2,1,0,3,41.3344,3.3198,social,social,social,0,1
U00488,loyal_customer,hybrid,2,1,1,5,28.778,6.0823,social,email,social,1,0
U00489,high_intent,trigger,6,3,2,12,22.3807,1.4663,social,social,social,1,0
U00490,new_cold_customer,hybrid,5,1,0,6,60.1546,1.3626,social,social,social,0,1
U00491,low_engagement,trigger,4,1,0,5,65.2102,3.7738,social,social,social,0,1
U00492,price_sensitive,fixed,1,0,0,1,0.0,5.0772,email,email,email,0,0
U00493,high_intent,trigger,7,6,1,14,23.4744,2.1994,social,email,social,0,1
U00494,high_intent,hybrid,8,6,2,16,20.0314,1.9481,email,social,email,0,1
U00495,low_engagement,hybrid,3,2,0,5,26.5264,1.7882,social,social,social,0,1
U00496,low_engagement,trigger,2,1,0,3,81.7313,3.1221,social,email,social,0,1
U00497,low_engagement,fixed,1,0,0,1,0.0,4.1804,social,social,social,0,0
U00498,low_engagement,trigger,4,3,1,8,44.9904,1.1695,social,ad,social,0,1
U00499,price_sensitive,trigger,2,0,0,2,162.427,5.4864,email,email,email,0,0
U00500,low_engagement,trigger,2,0,0,2,177.8415,6.0805,social,social,ad,0,0
U00501,price_sensitive,fixed,1,0,0,1,0.0,10.5285,email,email,email,0,0
U00502,new_cold_customer,trigger,2,1,1,4,70.1625,1.7172,social,social,social,0,1
U00503,low_engagement,fixed,3,1,0,4,79.9127,1.1102,ad,email,ad,0,1
U00504,new_cold_customer,fixed,3,2,2,7,5.8891,4.1159,social,social,social,0,1
U00505,low_engagement,fixed,3,2,0,5,65.6203,3.9032,ad,ad,social,0,1
U00506,new_cold_customer,fixed,4,1,0,5,55.0809,3.9822,social,social,social,0,1
U00507,price_sensitive,hybrid,1,0,0,1,0.0,9.971,email,email,email,0,0
U00508,low_engagement,trigger,3,1,0,4,54.7867,4.3153,social,ad,social,0,1
U00509,loyal_customer,hybrid,4,4,1,9,15.3228,4.0976,social,social,email,0,1
U00510,price_sensitive,trigger,2,1,0,3,145.4204,1.441,social,social,social,0,1
U00511,new_cold_customer,trigger,2,0,0,2,269.1948,1.5841,social,social,social,0,0
U00512,new_cold_customer,hybrid,5,1,1,7,29.3592,3.029,social,social,social,0,1
U00513,low_engagement,hybrid,4,0,0,4,71.1878,1.7162,social,social,social,0,0
U00514,new_cold_customer,hybrid,2,1,0,3,78.1914,7.2213,social,ad,social,0,1
U00515,new_cold_customer,fixed,2,0,0,2,151.7763,6.6129,social,social,social,0,0
U00516,price_sensitive,trigger,1,0,0,1,0.0,13.1044,social,social,social,0,0
U00517,high_intent,hybrid,3,3,1,8,2.224,11.455,ad,ad,social,1,0
U00518,new_cold_customer,hybrid,3,1,1,5,48.3314,2.6847,social,social,social,0,1
U00519,loyal_customer,fixed,2,2,2,7,4.3233,4.0297,email,social,email,1,0
U00520,high_intent,hybrid,7,4,3,15,17.1124,1.733,social,social,email,1,0
U00521,new_cold_customer,fixed,3,0,0,3,133.6076,1.9294,social,social,social,0,0
U00522,new_cold_customer,fixed,2,0,0,2,215.0728,1.4235,social,social,ad,0,0
U00523,new_cold_customer,trigger,4,2,1,8,25.869,5.1111,social,social,social,1,0
U00524,low_engagement,trigger,2,0,0,2,77.1763,3.4279,social,social,ad,0,0
U00525,high_intent,fixed,6,3,1,10,29.5701,1.9325,social,social,email,0,1
U00526,low_engagement,hybrid,4,1,1,6,46.3364,1.1003,social,social,social,0,1
U00527,new_cold_customer,hybrid,5,1,1,7,28.9108,7.1506,social,social,social,0,1
U00528,new_cold_customer,hybrid,5,2,0,7,40.4107,2.1662,social,social,social,0,1
U00529,new_cold_customer,fixed,5,1,0,6,53.4515,3.5204,social,social,social,0,1
U00530,loyal_customer,hybrid,3,0,0,3,72.1803,3.6435,social,social,ad,0,0
U00531,loyal_customer,hybrid,3,2,0,5,29.4689,1.5597,social,social,social,0,1
U00532,low_engagement,trigger,1,1,1,3,0.0,5.2638,social,social,social,0,1
U00533,price_sensitive,fixed,1,0,0,1,0.0,5.5382,email,email,email,0,0
U00534,low_engagement,trigger,1,0,0,1,0.0,10.1618,social,social,social,0,0
U00535,low_engagement,hybrid,1,0,0,1,0.0,8.5382,email,email,email,0,0
U00536,new_cold_customer,hybrid,2,2,0,4,9.7528,6.9037,ad,ad,social,0,1
U00537,new_cold_customer,fixed,4,0,0,4,57.1147,1.0344,social,social,email,0,0
U00538,loyal_customer,trigger,2,1,1,4,29.3087,7.7175,social,social,email,0,1
U00539,low_engagement,trigger,2,0,0,2,273.5234,3.1944,social,social,social,0,0
U00540,new_cold_customer,fixed,2,2,0,4,26.5933,1.2604,social,social,social,0,1
U00541,loyal_customer,fixed,2,1,1,4,19.2111,1.0378,social,social,social,0,1
U00542,high_intent,fixed,4,3,0,7,33.6204,1.5457,email,email,email,0,1
U00543,new_cold_customer,trigger,3,0,0,3,85.3542,2.3998,social,social,social,0,0
U00544,high_intent,hybrid,4,2,1,8,41.1428,2.0986,social,social,email,1,0
U00545,low_engagement,trigger,4,1,0,5,66.0795,2.8733,email,email,email,0,1
U00546,high_intent,hybrid,6,4,3,14,12.1662,6.0059,social,social,social,1,0
U00547,low_engagement,trigger,2,1,0,3,44.7745,6.9001,email,email,email,0,1
U00548,high_intent,hybrid,7,4,2,14,17.3803,1.2374,social,social,social,1,0
U00549,low_engagement,trigger,1,0,0,1,0.0,8.1226,social,social,social,0,0
U00550,low_engagement,hybrid,2,1,0,3,38.1017,11.6439,social,social,social,0,1
U00551,low_engagement,hybrid,4,3,0,7,6.8342,4.0206,social,social,social,0,1
U00552,low_engagement,hybrid,3,2,0,5,79.0915,1.3381,social,social,social,0,1
U00553,low_engagement,hybrid,3,0,0,3,79.795,4.4385,social,social,social,0,0
U00554,low_engagement,fixed,2,1,1,4,77.4573,1.8094,social,social,social,0,1
U00555,low_engagement,hybrid,2,1,0,3,143.1339,2.7186,social,social,email,0,1
U00556,new_cold_customer,hybrid,5,1,0,6,64.2195,1.3497,social,social,social,0,1
U00557,low_engagement,hybrid,1,1,1,4,0.0,2.6126,ad,ad,ad,1,0
U00558,price_sensitive,fixed,2,0,0,2,1.8088,6.0886,email,email,ad,0,0
U00559,new_cold_customer,trigger,4,1,0,5,53.0457,3.6965,social,social,ad,0,1
U00560,low_engagement,fixed,3,2,0,5,31.6446,6.0534,social,social,social,0,1
U00561,price_sensitive,trigger,3,1,1,5,27.1099,6.6311,ad,ad,ad,0,1
U00562,loyal_customer,trigger,4,1,0,5,51.8852,5.5497,ad,ad,social,0,1
U00563,new_cold_customer,hybrid,4,2,0,6,43.6525,5.0163,social,social,social,0,1
U00564,loyal_customer,trigger,3,2,1,6,36.6752,4.8202,social,social,email,0,1
U00565,loyal_customer,trigger,4,1,0,5,35.9195,8.871,email,email,email,0,1
U00566,loyal_customer,hybrid,5,2,0,7,34.7449,5.9727,social,social,email,0,1
U00567,new_cold_customer,hybrid,5,1,0,6,59.3427,1.9636,social,ad,social,0,1
U00568,low_engagement,trigger,3,2,1,7,16.6068,5.1923,social,social,offer,1,0
U00569,new_cold_customer,hybrid,2,1,1,5,41.3002,7.304,social,social,ad,1,0
U00570,new_cold_customer,fixed,3,0,0,3,28.3884,2.062,social,social,ad,0,0
U00571,new_cold_customer,fixed,2,1,0,3,140.8254,3.1532,social,social,social,0,1
U00572,high_intent,fixed,4,2,2,8,30.7891,1.8417,social,social,social,0,1
U00573,loyal_customer,hybrid,3,1,1,5,69.1684,1.6065,email,social,email,0,1
U00574,new_cold_customer,hybrid,5,2,1,8,21.2813,5.2918,social,email,social,0,1
U00575,loyal_customer,fixed,3,2,1,6,46.1398,2.3588,offer,offer,offer,0,1
U00576,loyal_customer,hybrid,3,2,1,6,54.5563,2.841,social,social,ad,0,1
U00577,high_intent,hybrid,4,2,1,7,29.4664,2.2313,social,email,ad,0,1
U00578,price_sensitive,trigger,3,2,1,6,30.5665,6.0478,social,social,email,0,1
U00579,loyal_customer,trigger,3,2,0,5,29.1873,7.9915,email,email,offer,0,1
U00580,loyal_customer,fixed,5,2,1,8,32.9602,2.9326,email,email,email,0,1
U00581,loyal_customer,hybrid,3,1,0,4,57.1694,5.0244,social,social,social,0,1
U00582,high_intent,fixed,8,4,3,16,17.5465,2.5219,email,email,email,1,0
U00583,new_cold_customer,hybrid,3,1,0,4,36.7201,3.5994,social,social,ad,0,1
U00584,new_cold_customer,fixed,2,1,0,3,74.0415,6.3147,social,ad,social,0,1
U00585,new_cold_customer,hybrid,3,0,0,3,123.5088,3.2336,social,social,social,0,0
U00586,new_cold_customer,trigger,3,2,0,5,19.2784,9.8268,social,ad,social,0,1
U00587,new_cold_customer,trigger,3,2,0,5,67.0551,1.2891,social,social,email,0,1
U00588,new_cold_customer,fixed,5,1,0,6,58.2777,1.0499,social,social,social,0,1
U00589,new_cold_customer,trigger,3,1,1,5,27.4316,5.7781,social,social,social,0,1
U00590,new_cold_customer,fixed,5,4,0,9,20.4814,1.3958,social,email,social,0,1
U00591,low_engagement,fixed,2,0,0,2,277.1869,1.5984,social,social,social,0,0
U00592,new_cold_customer,trigger,4,2,0,6,51.4292,2.8381,social,social,social,0,1
U00593,price_sensitive,hybrid,3,0,0,3,12.6963,9.7742,email,email,email,0,0
U00594,new_cold_customer,fixed,3,1,0,4,19.637,10.7716,social,email,social,0,1
U00595,new_cold_customer,hybrid,2,2,2,6,21.4472,5.4612,email,email,email,0,1
U00596,loyal_customer,trigger,5,2,1,8,21.2929,8.1724,ad,social,ad,0,1
U00597,new_cold_customer,fixed,5,4,1,10,24.0228,4.7468,social,social,offer,0,1
U00598,loyal_customer,hybrid,5,2,1,8,16.7107,4.2285,email,social,email,0,1
U00599,loyal_customer,hybrid,5,4,2,11,22.6712,4.6679,social,social,offer,0,1
U00600,loyal_customer,hybrid,5,3,0,8,27.9195,2.565,social,social,email,0,1
U00601,low_engagement,fixed,4,2,1,7,39.0799,4.5815,social,social,social,0,1
U00602,loyal_customer,hybrid,6,4,0,10,34.5758,1.1768,social,email,social,0,1
U00603,low_engagement,fixed,2,0,0,2,121.7518,6.8741,email,email,social,0,0
U00604,high_intent,trigger,6,4,0,10,27.7215,1.9621,social,social,social,0,1
U00605,loyal_customer,hybrid,2,2,0,4,31.6487,3.4738,offer,offer,social,0,1
U00606,new_cold_customer,fixed,4,3,1,8,25.5034,4.1385,social,social,social,0,1
U00607,low_engagement,trigger,1,0,0,1,0.0,5.9464,ad,ad,ad,0,0
U00608,high_intent,hybrid,6,6,4,18,12.436,4.0515,social,social,email,1,0
U00609,new_cold_customer,trigger,5,3,1,9,32.1476,1.0523,social,social,social,0,1
U00610,low_engagement,fixed,4,2,0,6,64.3125,1.3748,social,social,social,0,1
U00611,new_cold_customer,trigger,3,1,1,5,58.7299,2.4539,social,social,social,0,1
U00612,loyal_customer,fixed,5,1,0,6,40.7186,1.6987,ad,ad,email,0,1
U00613,new_cold_customer,trigger,3,1,0,4,96.0559,2.1316,social,social,social,0,1
U00614,low_engagement,hybrid,4,1,0,5,52.9408,5.2613,social,social,social,0,1
U00615,new_cold_customer,hybrid,4,2,0,6,12.973,6.7799,social,social,email,0,1
U00616,high_intent,fixed,7,7,1,15,18.2402,1.918,social,ad,email,0,1
U00617,new_cold_customer,hybrid,4,2,0,6,9.6455,2.7571,social,social,social,0,1
U00618,loyal_customer,hybrid,2,1,1,4,5.0905,8.1937,social,social,social,0,1
U00619,loyal_customer,fixed,5,1,1,7,51.3951,1.1409,social,social,social,0,1
U00620,low_engagement,hybrid,3,1,0,4,48.134,5.2298,social,social,social,0,1
U00621,new_cold_customer,fixed,2,0,0,2,25.949,12.4825,social,social,social,0,0
U00622,low_engagement,trigger,1,0,0,1,0.0,13.6407,social,social,social,0,0
U00623,high_intent,hybrid,7,4,0,11,16.974,1.2007,social,social,social,0,1
U00624,new_cold_customer,trigger,4,1,0,5,62.9149,4.2682,social,social,social,0,1
U00625,price_sensitive,fixed,1,0,0,1,0.0,8.5115,email,email,email,0,0
U00626,low_engagement,hybrid,4,2,0,6,53.1486,3.5403,social,social,email,0,1
U00627,high_intent,fixed,7,7,1,16,13.6344,3.4737,social,social,email,1,0
U00628,new_cold_customer,trigger,5,3,0,8,40.2401,1.8381,social,social,social,0,1
U00629,price_sensitive,fixed,1,0,0,1,0.0,12.4359,social,social,social,0,0
U00630,loyal_customer,trigger,6,2,0,8,34.4779,4.3545,social,email,social,0,1
U00631,loyal_customer,hybrid,5,3,2,11,20.9339,2.4563,social,social,email,1,0
U00632,new_cold_customer,hybrid,5,1,1,7,37.2521,2.4701,social,social,ad,0,1
U00633,low_engagement,trigger,1,1,0,2,0.0,11.5653,email,email,email,0,1
U00634,price_sensitive,hybrid,2,0,0,2,1.6116,5.8017,social,social,social,0,0
U00635,high_intent,fixed,6,3,2,12,16.3437,4.9591,social,social,social,1,0
U00636,price_sensitive,hybrid,2,0,0,2,84.7079,8.5263,email,email,social,0,0
U00637,price_sensitive,hybrid,3,0,0,3,83.2878,1.173,email,email,social,0,0
U00638,loyal_customer,trigger,2,1,0,3,4.4862,2.2201,social,social,social,0,1
U00639,new_cold_customer,fixed,4,0,0,4,64.0548,5.0395,social,social,social,0,0
U00640,new_cold_customer,hybrid,2,1,0,3,17.8458,2.2733,social,email,social,0,1
U00641,loyal_customer,trigger,4,2,0,6,21.4008,2.6235,social,email,social,0,1
U00642,new_cold_customer,hybrid,3,1,0,4,75.4394,1.8856,social,social,social,0,1
U00643,price_sensitive,fixed,2,0,0,2,152.294,4.6591,social,social,social,0,0
U00644,new_cold_customer,trigger,2,1,0,3,17.0547,9.1366,social,social,ad,0,1
U00645,low_engagement,fixed,4,2,0,6,45.4716,2.4209,social,ad,social,0,1
U00646,loyal_customer,hybrid,5,2,1,8,32.9925,1.0185,social,social,social,0,1
U00647,new_cold_customer,hybrid,2,1,0,3,3.6082,8.6983,social,social,social,0,1
U00648,new_cold_customer,trigger,2,1,0,3,38.9578,2.3892,social,ad,social,0,1
U00649,new_cold_customer,fixed,3,0,0,3,92.3255,3.9393,social,social,social,0,0
U00650,new_cold_customer,fixed,2,2,2,6,46.4662,4.9601,ad,ad,social,0,1
U00651,loyal_customer,fixed,3,1,0,4,97.4947,2.3179,email,email,offer,0,1
U00652,loyal_customer,hybrid,5,3,1,9,18.8409,1.6071,social,ad,email,0,1
U00653,low_engagement,trigger,1,1,1,3,0.0,6.4489,email,email,email,0,1
U00654,new_cold_customer,hybrid,5,2,0,7,38.8424,3.633,social,ad,offer,0,1
U00655,new_cold_customer,fixed,2,2,0,4,47.5152,4.9538,social,social,social,0,1
U00656,loyal_customer,trigger,6,4,3,13,19.9941,3.9031,social,social,email,0,1
U00657,loyal_customer,fixed,4,2,0,6,51.936,1.5823,email,email,email,0,1
U00658,price_sensitive,trigger,1,0,0,1,0.0,3.312,email,email,email,0,0
U00659,low_engagement,hybrid,1,0,0,1,0.0,4.79,social,social,social,0,0
U00660,loyal_customer,trigger,4,1,1,6,25.6439,1.5717,email,email,offer,0,1
U00661,new_cold_customer,trigger,5,1,1,7,39.7829,2.9628,social,social,social,0,1
U00662,new_cold_customer,trigger,3,2,0,5,42.0801,5.2467,social,social,offer,0,1
U00663,new_cold_customer,trigger,2,1,0,3,121.3505,2.0817,social,social,social,0,1
U00664,price_sensitive,fixed,1,0,0,1,0.0,6.1587,ad,ad,ad,0,0
U00665,new_cold_customer,hybrid,5,3,1,9,35.0895,2.4258,social,social,social,0,1
U00666,loyal_customer,fixed,3,2,1,6,41.7551,3.9878,ad,email,social,0,1
U00667,loyal_customer,hybrid,6,4,3,14,21.6196,1.8111,email,email,email,1,0
U00668,new_cold_customer,hybrid,3,2,0,5,49.8193,1.5547,email,email,email,0,1
U00669,new_cold_customer,hybrid,4,1,1,7,25.6403,3.5775,social,social,email,1,0
U00670,new_cold_customer,hybrid,4,3,0,7,40.4056,1.6339,social,social,email,0,1
U00671,loyal_customer,hybrid,3,1,0,4,54.1324,8.1824,social,social,email,0,1
U00672,low_engagement,fixed,3,0,0,3,135.4011,2.9471,social,offer,social,0,0
U00673,low_engagement,fixed,3,1,0,4,74.7927,4.8179,social,social,email,0,1
U00674,loyal_customer,trigger,5,1,0,6,48.8207,2.9583,email,email,social,0,1
U00675,loyal_customer,trigger,3,2,1,6,26.8918,1.0933,ad,ad,social,0,1
U00676,new_cold_customer,trigger,5,4,0,9,36.1014,1.3891,social,social,ad,0,1
U00677,low_engagement,fixed,4,2,0,6,34.8763,7.6817,social,social,social,0,1
U00678,new_cold_customer,fixed,5,3,0,8,21.5709,5.5102,social,social,social,0,1
U00679,high_intent,trigger,8,5,2,15,12.2237,5.8297,social,social,social,0,1
U00680,high_intent,fixed,5,3,2,10,20.3959,4.552,social,email,social,0,1
U00681,loyal_customer,fixed,3,1,0,4,83.7028,3.2024,social,social,social,0,1
U00682,new_cold_customer,fixed,5,2,0,7,37.9121,2.9884,social,social,social,0,1
U00683,high_intent,fixed,3,2,1,6,40.7656,4.3696,social,social,social,0,1
U00684,low_engagement,trigger,2,1,0,3,132.2383,1.9047,email,email,social,0,1
U00685,new_cold_customer,trigger,2,0,0,2,67.5073,11.8304,email,email,ad,0,0
U00686,low_engagement,hybrid,2,0,0,2,209.5693,6.154,ad,ad,social,0,0
U00687,loyal_customer,fixed,5,2,0,7,31.9437,4.6823,social,email,social,0,1
U00688,price_sensitive,trigger,3,1,0,4,66.8305,5.9869,social,social,email,0,1
U00689,new_cold_customer,fixed,4,1,0,5,31.0565,6.8767,social,social,social,0,1
U00690,low_engagement,hybrid,2,0,0,2,39.5966,12.5356,email,email,social,0,0
U00691,new_cold_customer,trigger,4,2,1,8,22.236,1.0647,social,social,ad,1,0
U00692,low_engagement,hybrid,1,0,0,1,0.0,14.3201,social,social,social,0,0
U00693,low_engagement,hybrid,1,1,0,2,0.0,10.5986,social,social,social,0,1
U00694,new_cold_customer,trigger,2,2,0,4,22.3225,3.8256,email,email,social,0,1
U00695,low_engagement,fixed,1,0,0,1,0.0,11.1009,social,social,social,0,0
U00696,high_intent,trigger,3,1,0,4,7.6938,2.1196,social,email,social,0,1
U00697,loyal_customer,hybrid,5,0,0,5,47.0995,4.4795,social,social,email,0,0
U00698,low_engagement,trigger,2,0,0,2,20.4766,11.5572,social,social,email,0,0
U00699,low_engagement,fixed,1,0,0,1,0.0,1.1092,social,social,social,0,0
U00700,loyal_customer,fixed,2,2,1,5,23.6231,8.1543,email,email,social,0,1
U00701,new_cold_customer,hybrid,5,3,0,8,40.1752,1.8283,ad,email,social,0,1
U00702,low_engagement,fixed,2,1,0,3,57.9941,9.332,social,social,social,0,1
U00703,new_cold_customer,fixed,5,2,0,7,40.2924,1.624,email,email,email,0,1
U00704,low_engagement,trigger,4,2,1,7,34.528,4.2195,social,social,social,0,1
U00705,low_engagement,hybrid,3,1,0,4,46.4845,7.9373,social,social,social,0,1
U00706,loyal_customer,hybrid,2,1,0,3,44.9755,8.8952,email,social,email,0,1
U00707,new_cold_customer,trigger,3,0,0,3,94.9289,1.0708,social,social,social,0,0
U00708,loyal_customer,fixed,2,1,1,4,12.8068,6.3953,email,email,email,0,1
U00709,loyal_customer,fixed,2,1,1,4,0.8018,9.0657,ad,social,ad,0,1
U00710,low_engagement,hybrid,2,0,0,2,109.1329,6.159,ad,ad,social,0,0
U00711,loyal_customer,fixed,2,0,0,2,16.9173,1.0313,social,social,offer,0,0
U00712,low_engagement,fixed,2,0,0,2,23.3466,2.8168,social,social,social,0,0
U00713,loyal_customer,hybrid,3,1,0,4,37.13,9.5661,social,social,email,0,1
U00714,new_cold_customer,hybrid,2,1,1,4,96.4009,1.2703,social,email,social,0,1
U00715,price_sensitive,fixed,3,0,0,3,54.3514,3.2103,social,email,social,0,0
U00716,new_cold_customer,hybrid,4,2,1,7,34.6424,6.1646,social,ad,social,0,1
U00717,loyal_customer,trigger,6,2,1,9,24.3701,2.2932,social,offer,ad,0,1
U00718,high_intent,trigger,3,2,1,6,57.2115,2.0364,social,social,social,0,1
U00719,high_intent,hybrid,6,5,3,17,12.8576,5.2324,social,offer,social,1,0
U00720,loyal_customer,trigger,3,1,0,4,14.8888,5.6994,social,email,social,0,1
U00721,price_sensitive,trigger,3,2,0,5,41.6034,4.97,social,social,social,0,1
U00722,loyal_customer,trigger,6,4,2,12,22.1725,2.2017,social,social,social,0,1
U00723,new_cold_customer,trigger,3,2,1,6,18.6783,4.8329,social,social,social,0,1
U00724,low_engagement,trigger,4,1,0,5,60.7694,1.8612,social,social,social,0,1
U00725,new_cold_customer,hybrid,4,2,1,7,10.0235,12.3238,social,social,social,0,1
U00726,loyal_customer,hybrid,4,0,0,4,79.4395,4.3071,social,social,email,0,0
U00727,new_cold_customer,trigger,3,1,0,4,21.2133,4.0642,social,social,social,0,1
U00728,new_cold_customer,fixed,3,2,0,5,39.6701,8.2362,social,email,social,0,1
U00729,loyal_customer,trigger,3,2,0,5,44.2122,7.3765,social,social,social,0,1
U00730,low_engagement,fixed,2,0,0,2,5.2793,5.106,social,social,social,0,0
U00731,new_cold_customer,hybrid,5,1,1,7,42.7772,3.1976,social,social,social,0,1
U00732,new_cold_customer,hybrid,4,2,1,7,39.2199,2.6718,social,social,ad,0,1
U00733,low_engagement,fixed,3,1,0,4,38.958,3.0367,social,social,social,0,1
U00734,new_cold_customer,fixed,5,1,0,6,52.8253,1.859,social,social,social,0,1
U00735,new_cold_customer,trigger,3,1,0,4,51.8219,7.3604,social,social,social,0,1
U00736,low_engagement,hybrid,4,1,0,5,43.9656,6.5175,social,social,social,0,1
U00737,high_intent,trigger,5,3,1,10,27.2513,1.2894,email,email,social,1,0
U00738,price_sensitive,trigger,2,1,0,3,57.9876,4.6704,social,social,social,0,1
U00739,loyal_customer,hybrid,5,2,1,9,30.3041,3.1277,social,social,social,1,0
U00740,loyal_customer,trigger,5,4,3,13,26.4091,1.6621,social,social,social,1,0
U00741,price_sensitive,fixed,3,0,0,3,105.4837,1.6558,ad,ad,social,0,0
U00742,new_cold_customer,trigger,5,2,1,8,26.9619,5.821,social,social,social,0,1
U00743,loyal_customer,hybrid,3,1,1,5,15.3575,4.9355,social,social,social,0,1
U00744,low_engagement,fixed,4,2,0,6,33.6183,4.7365,ad,ad,social,0,1
U00745,high_intent,hybrid,4,4,2,10,25.3997,1.0804,email,social,email,0,1
U00746,loyal_customer,fixed,6,4,1,11,14.6438,3.5572,social,social,email,0,1
U00747,loyal_customer,hybrid,3,0,0,3,84.9763,5.8453,social,social,email,0,0
U00748,loyal_customer,fixed,5,2,1,8,35.1857,1.7188,social,email,email,0,1
U00749,high_intent,fixed,3,3,1,7,34.0667,4.5974,email,social,email,0,1
U00750,new_cold_customer,fixed,3,2,2,7,42.2787,3.8422,social,social,social,0,1
U00751,low_engagement,trigger,3,2,2,7,40.2883,2.6819,social,social,social,0,1
U00752,loyal_customer,fixed,4,2,1,7,32.6607,5.375,social,social,social,0,1
U00753,low_engagement,fixed,3,1,0,4,49.3188,3.935,social,social,social,0,1
U00754,new_cold_customer,fixed,3,2,1,6,43.1,2.02,social,social,social,0,1
U00755,new_cold_customer,trigger,4,2,0,6,36.0585,6.6399,social,social,social,0,1
U00756,high_intent,trigger,6,4,1,12,21.8236,3.19,email,email,ad,1,0
U00757,high_intent,fixed,5,2,2,10,27.4771,3.7226,social,email,social,1,0
U00758,low_engagement,hybrid,3,0,0,3,67.3729,3.9868,social,social,social,0,0
U00759,price_sensitive,fixed,2,1,0,3,9.251,11.7526,social,social,social,0,1
U00760,new_cold_customer,fixed,4,0,0,4,25.5705,8.3796,social,offer,social,0,0
U00761,new_cold_customer,hybrid,2,1,1,4,20.4701,1.5394,social,social,social,0,1
U00762,new_cold_customer,trigger,4,2,1,7,30.2696,7.0725,social,social,ad,0,1
U00763,new_cold_customer,fixed,3,1,0,4,42.0242,2.8632,social,social,social,0,1
U00764,low_engagement,fixed,4,2,0,6,32.0575,3.4073,social,social,email,0,1
U00765,high_intent,trigger,8,7,2,18,15.4797,3.2998,social,social,social,1,0
U00766,loyal_customer,trigger,5,5,3,13,22.7552,1.5051,social,social,social,0,1
U00767,new_cold_customer,hybrid,2,1,0,3,57.284,8.4186,social,social,social,0,1
U00768,new_cold_customer,fixed,2,2,0,4,9.513,11.2217,email,email,email,0,1
U00769,low_engagement,hybrid,3,1,0,4,92.3792,3.3132,social,social,social,0,1
U00770,high_intent,hybrid,7,6,2,16,16.7734,1.8902,social,social,social,1,0
U00771,new_cold_customer,fixed,3,2,0,5,61.695,1.5137,social,social,social,0,1
U00772,loyal_customer,fixed,5,3,1,9,8.2291,9.9432,social,social,social,0,1
U00773,new_cold_customer,hybrid,5,1,0,6,29.0211,1.0043,social,social,email,0,1
U00774,loyal_customer,fixed,2,2,1,5,1.9684,12.5519,ad,social,ad,0,1
U00775,loyal_customer,fixed,6,3,2,12,29.3665,1.2279,social,social,social,1,0
U00776,loyal_customer,hybrid,3,3,2,9,6.5927,2.5496,ad,social,email,1,0
U00777,new_cold_customer,hybrid,4,0,0,4,67.9979,6.1174,social,social,social,0,0
U00778,new_cold_customer,fixed,3,2,1,6,40.2519,3.1405,social,social,social,0,1
U00779,loyal_customer,fixed,5,3,1,9,25.263,5.5279,email,social,email,0,1
U00780,low_engagement,trigger,1,0,0,1,0.0,8.234,email,email,email,0,0
U00781,low_engagement,trigger,4,1,0,5,41.8413,3.395,social,ad,social,0,1
U00782,new_cold_customer,trigger,4,1,0,5,30.6628,7.0335,ad,ad,ad,0,1
U00783,new_cold_customer,fixed,4,2,2,8,32.5129,4.7962,social,social,social,0,1
U00784,price_sensitive,fixed,1,0,0,1,0.0,3.4729,social,social,social,0,0
U00785,new_cold_customer,trigger,5,2,1,8,35.2273,3.3913,social,social,social,0,1
U00786,low_engagement,trigger,4,1,0,5,37.0076,7.4203,social,social,social,0,1
U00787,new_cold_customer,hybrid,5,4,1,10,32.894,1.3124,social,social,social,0,1
U00788,low_engagement,hybrid,4,1,0,5,61.124,2.8053,social,social,social,0,1
U00789,new_cold_customer,trigger,4,1,0,5,41.4595,1.4782,social,social,email,0,1
U00790,new_cold_customer,trigger,5,1,1,7,33.7207,5.8305,social,email,social,0,1
U00791,low_engagement,hybrid,3,0,0,3,158.8586,1.1053,social,social,social,0,0
U00792,new_cold_customer,hybrid,3,1,0,4,94.997,3.0312,social,social,social,0,1
U00793,new_cold_customer,trigger,2,1,0,3,89.2607,3.8405,social,social,social,0,1
U00794,new_cold_customer,trigger,2,0,0,2,174.5898,1.953,social,social,social,0,0
U00795,loyal_customer,hybrid,4,3,2,11,24.5141,2.044,social,social,social,1,0
U00796,loyal_customer,fixed,4,2,1,7,10.4582,10.1426,social,offer,social,0,1
U00797,price_sensitive,trigger,1,0,0,1,0.0,5.9189,email,email,email,0,0
U00798,loyal_customer,fixed,5,2,0,7,42.2795,1.1064,social,social,social,0,1
U00799,loyal_customer,hybrid,4,3,3,10,16.169,2.745,social,email,social,0,1
U00800,loyal_customer,trigger,6,1,1,8,28.7826,1.6835,social,social,social,0,1
U00801,new_cold_customer,trigger,3,2,1,6,23.074,9.5161,social,social,social,0,1
U00802,price_sensitive,fixed,3,0,0,3,29.6636,5.3019,social,social,social,0,0
U00803,high_intent,fixed,7,6,1,15,16.0482,5.5121,social,social,social,1,0
U00804,low_engagement,hybrid,4,0,0,4,45.8507,2.9336,email,social,email,0,0
U00805,low_engagement,fixed,2,0,0,2,33.4792,11.1978,social,social,ad,0,0
U00806,low_engagement,trigger,1,0,0,1,0.0,1.1269,social,social,social,0,0
U00807,new_cold_customer,hybrid,4,0,0,4,80.8505,2.5038,social,social,ad,0,0
U00808,low_engagement,trigger,4,0,0,4,96.2742,2.7709,email,email,email,0,0
U00809,loyal_customer,trigger,4,0,0,4,42.6537,5.1241,social,social,social,0,0
U00810,new_cold_customer,hybrid,4,1,0,5,65.9466,3.6878,social,social,social,0,1
U00811,loyal_customer,fixed,3,1,0,4,81.1511,1.9822,social,social,social,0,1
U00812,new_cold_customer,fixed,3,1,0,4,72.6377,3.5403,social,social,social,0,1
U00813,price_sensitive,trigger,2,1,0,3,157.8559,1.0226,social,social,email,0,1
U00814,new_cold_customer,fixed,5,0,0,5,38.8892,5.0444,social,social,social,0,0
U00815,low_engagement,trigger,2,1,0,3,12.6875,9.8611,social,social,social,0,1
U00816,low_engagement,trigger,2,0,0,2,0.4458,4.7641,social,social,social,0,0
U00817,low_engagement,hybrid,3,1,0,4,68.0095,2.232,social,social,social,0,1
U00818,low_engagement,fixed,4,1,0,5,46.5467,1.6878,email,email,email,0,1
U00819,loyal_customer,hybrid,3,2,1,6,14.9779,4.9299,social,social,social,0,1
U00820,new_cold_customer,fixed,2,1,0,3,51.8285,8.042,ad,social,ad,0,1
U00821,new_cold_customer,hybrid,2,1,0,3,73.3426,7.5938,social,social,social,0,1
U00822,new_cold_customer,trigger,2,1,0,3,88.9901,1.4354,social,social,ad,0,1
U00823,new_cold_customer,trigger,4,1,0,5,30.1841,6.0275,social,social,social,0,1
U00824,low_engagement,hybrid,1,0,0,1,0.0,3.9043,ad,ad,ad,0,0
U00825,loyal_customer,trigger,3,1,0,4,61.3648,2.2072,social,social,email,0,1
U00826,high_intent,hybrid,8,5,2,17,15.6586,3.1321,social,social,social,1,0
U00827,high_intent,hybrid,8,5,3,18,14.7468,1.8915,social,social,social,1,0
U00828,new_cold_customer,hybrid,4,1,0,5,62.8182,1.7708,email,social,offer,0,1
U00829,loyal_customer,fixed,3,2,0,5,74.9998,2.2879,social,social,social,0,1
U00830,loyal_customer,hybrid,3,2,0,5,31.5543,2.2039,social,social,social,0,1
U00831,low_engagement,trigger,4,1,0,5,47.4265,4.5736,social,email,social,0,1
U00832,new_cold_customer,trigger,3,1,1,5,31.8186,5.8026,social,social,social,0,1
U00833,price_sensitive,fixed,3,1,0,4,11.6526,4.9202,social,social,social,0,1
U00834,new_cold_customer,fixed,2,0,0,2,14.5557,13.9168,email,email,social,0,0
U00835,loyal_customer,fixed,5,2,0,7,23.5995,8.9444,social,social,social,0,1
U00836,new_cold_customer,fixed,2,0,0,2,105.1505,6.9903,social,social,social,0,0
U00837,high_intent,trigger,8,6,3,17,16.8645,2.042,social,social,social,0,1
U00838,low_engagement,hybrid,1,1,0,2,0.0,14.9815,email,email,email,0,1
U00839,high_intent,hybrid,5,1,0,6,47.9763,2.0844,social,social,email,0,1
U00840,low_engagement,hybrid,2,0,0,2,174.5441,5.9701,email,email,social,0,0
U00841,loyal_customer,hybrid,3,1,0,4,93.0616,2.24,social,social,email,0,1
U00842,new_cold_customer,hybrid,5,1,0,6,54.1223,1.8954,social,email,social,0,1
U00843,new_cold_customer,hybrid,4,2,0,6,45.1849,4.2802,social,social,social,0,1
U00844,high_intent,trigger,8,5,3,17,18.9249,1.4435,social,social,email,1,0
U00845,loyal_customer,hybrid,5,1,0,6,34.698,7.2431,email,email,social,0,1
U00846,loyal_customer,trigger,2,1,1,5,10.4808,11.2312,social,social,social,1,0
U00847,new_cold_customer,trigger,4,0,0,4,78.6938,4.1158,social,social,social,0,0
U00848,price_sensitive,hybrid,1,0,0,1,0.0,13.0889,ad,ad,ad,0,0
U00849,low_engagement,hybrid,4,1,0,5,30.8337,2.0312,social,social,social,0,1
U00850,new_cold_customer,trigger,4,1,1,6,31.3682,6.448,social,social,social,0,1
U00851,high_intent,fixed,7,7,3,18,11.1417,2.6667,social,social,social,1,0
U00852,new_cold_customer,fixed,2,0,0,2,115.5961,7.4509,ad,ad,social,0,0
U00853,new_cold_customer,trigger,3,1,0,4,16.5329,1.9076,social,social,social,0,1
U00854,new_cold_customer,hybrid,3,1,1,5,50.2124,4.0923,ad,social,ad,0,1
U00855,new_cold_customer,trigger,2,2,0,4,57.1674,5.3432,social,social,social,0,1
U00856,loyal_customer,fixed,5,2,0,7,39.9991,2.7086,social,social,social,0,1
U00857,loyal_customer,trigger,3,1,0,4,44.0951,1.8605,social,social,social,0,1
U00858,price_sensitive,hybrid,1,0,0,1,0.0,2.5811,email,email,email,0,0
U00859,low_engagement,trigger,2,0,0,2,7.0052,11.8443,social,social,email,0,0
U00860,new_cold_customer,hybrid,3,1,0,4,83.5024,3.361,social,social,social,0,1
U00861,new_cold_customer,trigger,3,0,0,3,65.5857,2.5577,social,social,social,0,0
U00862,low_engagement,fixed,1,1,1,3,0.0,6.5753,email,email,email,0,1
U00863,loyal_customer,trigger,6,3,0,9,38.6719,2.0303,social,email,social,0,1
U00864,high_intent,fixed,5,5,1,12,16.609,6.6975,email,email,email,1,0
U00865,new_cold_customer,hybrid,5,1,0,6,21.0015,8.8435,social,email,social,0,1
U00866,new_cold_customer,fixed,5,2,1,8,18.9051,3.0808,social,social,social,0,1
U00867,loyal_customer,fixed,5,3,2,11,12.8908,6.0048,email,social,email,1,0
U00868,high_intent,fixed,6,5,3,16,16.8604,4.0855,social,social,offer,1,0
U00869,low_engagement,hybrid,4,1,0,5,51.17,1.5392,social,social,social,0,1
U00870,new_cold_customer,hybrid,3,1,1,5,18.4303,2.9401,social,social,social,0,1
U00871,low_engagement,fixed,4,1,0,5,63.3541,3.0016,social,social,email,0,1
U00872,low_engagement,hybrid,4,1,0,5,69.9522,2.8994,social,social,social,0,1
U00873,high_intent,trigger,5,3,1,9,36.1372,2.8321,social,email,social,0,1
U00874,high_intent,hybrid,3,1,0,4,85.775,2.6852,email,email,social,0,1
U00875,new_cold_customer,trigger,5,3,0,8,41.6442,2.5658,social,social,email,0,1
U00876,new_cold_customer,trigger,5,3,0,8,18.4171,1.5981,social,social,social,0,1
U00877,high_intent,fixed,4,2,1,7,48.0755,2.0653,social,social,offer,0,1
U00878,low_engagement,trigger,1,0,0,1,0.0,14.2136,social,social,social,0,0
U00879,low_engagement,hybrid,3,1,0,4,45.1818,8.7044,social,email,social,0,1
U00880,new_cold_customer,trigger,5,1,0,6,34.3232,6.1944,social,ad,ad,0,1
U00881,new_cold_customer,fixed,5,3,2,11,19.4195,3.7676,social,social,social,1,0
U00882,new_cold_customer,trigger,5,2,0,7,35.9529,2.9653,social,social,social,0,1
U00883,loyal_customer,trigger,5,2,0,7,34.3496,4.5683,social,social,social,0,1
U00884,high_intent,hybrid,3,3,2,10,17.2253,6.8582,social,social,social,1,0
U00885,low_engagement,fixed,4,0,0,4,38.7622,9.8901,offer,offer,social,0,0
U00886,price_sensitive,hybrid,3,0,0,3,123.447,1.7402,email,email,offer,0,0
U00887,low_engagement,hybrid,1,1,0,2,0.0,12.3624,email,email,email,0,1
U00888,new_cold_customer,fixed,4,2,0,6,30.2411,5.5876,social,social,social,0,1
U00889,new_cold_customer,hybrid,5,3,0,8,40.777,2.0387,social,social,social,0,1
U00890,new_cold_customer,trigger,4,2,0,6,12.1648,8.5442,ad,ad,social,0,1
U00891,loyal_customer,hybrid,6,4,2,12,18.3301,2.4374,social,social,ad,0,1
U00892,new_cold_customer,hybrid,5,1,0,6,50.1273,1.5453,social,social,social,0,1
U00893,new_cold_customer,fixed,4,1,0,5,68.8343,3.3937,social,social,email,0,1
U00894,price_sensitive,hybrid,2,0,0,2,10.6252,9.6583,social,social,social,0,0
U00895,loyal_customer,fixed,3,1,0,4,62.9776,2.3088,social,social,email,0,1
U00896,loyal_customer,trigger,5,3,2,11,24.2576,4.1343,email,social,email,1,0
U00897,low_engagement,fixed,2,1,0,3,121.8492,3.4372,social,email,social,0,1
U00898,low_engagement,fixed,4,2,0,6,37.7424,4.9483,social,ad,social,0,1
U00899,price_sensitive,trigger,3,1,0,4,45.68,7.0087,email,ad,social,0,1
U00900,loyal_customer,trigger,4,2,0,6,57.6562,1.6496,email,social,email,0,1
U00901,low_engagement,hybrid,2,0,0,2,1.0917,5.1714,social,social,social,0,0
U00902,new_cold_customer,fixed,4,2,1,7,48.0484,2.1376,social,social,social,0,1
U00903,new_cold_customer,trigger,5,1,0,6,41.5105,5.2806,social,social,ad,0,1
U00904,loyal_customer,trigger,3,2,0,5,55.1051,5.4362,social,social,email,0,1
U00905,loyal_customer,hybrid,3,0,0,3,17.0864,10.7323,social,social,social,0,0
U00906,loyal_customer,fixed,4,2,2,8,35.8924,2.6558,social,social,social,0,1
U00907,new_cold_customer,trigger,4,0,0,4,91.9344,3.0333,social,social,social,0,0
U00908,new_cold_customer,hybrid,3,2,0,5,61.6987,1.3088,social,social,social,0,1
U00909,loyal_customer,trigger,5,2,0,7,43.3135,3.7751,social,social,email,0,1
U00910,price_sensitive,fixed,1,0,0,1,0.0,6.1761,email,email,email,0,0
U00911,new_cold_customer,fixed,5,2,0,7,31.5173,1.3249,social,social,social,0,1
U00912,low_engagement,trigger,1,0,0,1,0.0,5.2843,social,social,social,0,0
U00913,new_cold_customer,hybrid,2,1,0,3,62.7687,8.0844,ad,social,ad,0,1
U00914,loyal_customer,trigger,3,2,0,5,61.7187,3.9976,social,social,email,0,1
U00915,low_engagement,fixed,2,2,0,4,95.092,3.0316,social,social,social,0,1
U00916,high_intent,fixed,4,2,2,8,27.231,6.7844,social,social,offer,0,1
U00917,new_cold_customer,hybrid,5,0,0,5,46.9664,1.1676,social,social,social,0,0
U00918,new_cold_customer,hybrid,2,0,0,2,66.5298,7.7625,social,social,social,0,0
U00919,loyal_customer,fixed,5,4,2,11,30.5085,1.902,social,social,social,0,1
U00920,low_engagement,hybrid,2,0,0,2,224.9611,4.3677,social,social,social,0,0
U00921,low_engagement,hybrid,4,0,0,4,67.6326,5.8497,social,ad,social,0,0
U00922,loyal_customer,hybrid,3,2,0,5,45.0173,3.4614,ad,ad,social,0,1
U00923,loyal_customer,hybrid,2,1,0,3,0.4591,12.4509,email,email,social,0,1
U00924,new_cold_customer,trigger,2,1,0,3,8.7649,9.0091,social,social,social,0,1
U00925,new_cold_customer,hybrid,2,0,0,2,21.4333,11.9634,social,social,offer,0,0
U00926,loyal_customer,hybrid,2,2,0,4,34.1171,5.4077,email,email,social,0,1
U00927,low_engagement,hybrid,4,1,0,5,41.3612,5.9691,social,social,email,0,1
U00928,high_intent,hybrid,3,3,2,9,26.3914,4.4587,social,social,social,1,0
U00929,loyal_customer,trigger,5,3,1,9,33.6603,2.7168,social,social,email,0,1
U00930,price_sensitive,trigger,1,1,1,3,0.0,8.7354,social,social,social,0,1
U00931,price_sensitive,hybrid,3,1,0,4,52.5586,5.0007,social,email,social,0,1
U00932,new_cold_customer,hybrid,3,0,0,3,58.7766,1.0778,social,social,social,0,0
U00933,new_cold_customer,fixed,5,0,0,5,52.2494,3.0263,social,email,social,0,0
U00934,loyal_customer,trigger,6,4,2,13,19.717,2.4598,social,social,social,1,0
U00935,loyal_customer,trigger,6,2,1,9,40.6986,1.3524,social,email,email,0,1
U00936,loyal_customer,hybrid,3,1,1,5,66.582,1.0452,social,social,email,0,1
U00937,new_cold_customer,trigger,2,1,0,3,71.8794,8.6324,social,social,social,0,1
U00938,new_cold_customer,fixed,3,2,2,7,19.6881,7.2875,social,social,social,0,1
U00939,low_engagement,hybrid,4,1,0,5,59.2876,1.5628,offer,offer,offer,0,1
U00940,new_cold_customer,hybrid,5,1,1,7,36.308,1.9304,email,social,social,0,1
U00941,new_cold_customer,fixed,4,2,1,7,17.381,7.1946,social,social,social,0,1
U00942,loyal_customer,trigger,5,3,0,8,28.0669,3.4692,social,social,email,0,1
U00943,low_engagement,hybrid,3,1,1,5,71.7757,2.8325,email,social,email,0,1
U00944,loyal_customer,fixed,4,0,0,4,98.4591,1.5717,email,email,ad,0,0
U00945,new_cold_customer,fixed,5,2,1,8,44.8209,1.2207,social,social,social,0,1
U00946,new_cold_customer,hybrid,2,0,0,2,72.5439,9.3144,social,social,social,0,0
U00947,low_engagement,trigger,1,0,0,1,0.0,1.5614,social,social,social,0,0
U00948,loyal_customer,hybrid,5,1,1,8,43.9231,1.0372,social,ad,social,1,0
U00949,new_cold_customer,fixed,5,3,0,8,37.9886,2.5128,social,social,social,0,1
U00950,price_sensitive,fixed,3,0,0,3,95.3744,2.6017,social,email,social,0,0
U00951,loyal_customer,hybrid,3,2,1,6,16.834,10.7846,social,social,social,0,1
U00952,high_intent,hybrid,3,2,1,7,50.9435,1.2558,social,social,social,1,0
U00953,new_cold_customer,trigger,3,0,0,3,102.4257,4.3108,social,social,social,0,0
U00954,loyal_customer,trigger,5,3,1,9,21.221,1.1864,email,email,email,0,1
U00955,new_cold_customer,trigger,2,1,1,4,38.8032,8.6851,social,social,social,0,1
U00956,loyal_customer,hybrid,3,2,1,6,43.1461,2.4477,email,email,social,0,1
U00957,low_engagement,hybrid,4,0,0,4,51.8076,3.4183,social,social,social,0,0
U00958,low_engagement,fixed,3,2,1,6,37.4111,5.6727,social,social,social,0,1
U00959,loyal_customer,fixed,4,1,0,5,36.413,7.3168,email,email,email,0,1
U00960,new_cold_customer,trigger,3,1,0,4,13.7396,12.2338,social,email,social,0,1
U00961,new_cold_customer,hybrid,4,3,1,8,28.0815,2.0163,social,social,social,0,1
U00962,low_engagement,fixed,4,2,1,7,45.8328,1.319,social,social,social,0,1
U00963,high_intent,fixed,6,4,3,15,23.2494,1.0127,social,social,social,1,0
U00964,low_engagement,trigger,2,0,0,2,101.3472,5.7541,social,social,social,0,0
U00965,loyal_customer,trigger,2,1,1,5,2.1048,5.3585,ad,email,ad,1,0
U00966,new_cold_customer,fixed,5,1,0,6,56.0429,1.2695,social,social,social,0,1
U00967,new_cold_customer,hybrid,4,1,0,5,35.1606,6.2269,social,email,social,0,1
U00968,new_cold_customer,trigger,5,2,0,7,30.3418,2.1203,social,social,ad,0,1
U00969,low_engagement,fixed,3,0,0,3,124.3737,1.8999,email,social,email,0,0
U00970,low_engagement,fixed,4,1,0,5,36.5456,7.3596,social,social,ad,0,1
U00971,high_intent,fixed,5,5,1,11,18.6003,1.7862,social,social,social,0,1
U00972,new_cold_customer,hybrid,3,2,1,6,18.3457,7.6396,social,social,social,0,1
U00973,low_engagement,fixed,3,1,0,4,7.2657,1.0266,social,email,social,0,1
U00974,new_cold_customer,fixed,4,2,0,6,48.0927,4.5896,social,social,social,0,1
U00975,new_cold_customer,hybrid,4,0,0,4,96.2987,2.278,social,social,social,0,0
U00976,new_cold_customer,hybrid,3,1,0,4,77.7884,1.0306,social,social,social,0,1
U00977,new_cold_customer,hybrid,4,1,1,6,31.1923,2.8728,social,social,social,0,1
U00978,low_engagement,fixed,1,0,0,1,0.0,3.8657,social,social,social,0,0
U00979,new_cold_customer,hybrid,4,2,0,6,53.6596,2.5682,social,social,social,0,1
U00980,new_cold_customer,fixed,2,0,0,2,59.6154,11.9813,social,social,social,0,0
U00981,high_intent,fixed,6,3,2,12,21.7204,3.9915,social,social,email,1,0
U00982,loyal_customer,trigger,2,0,0,2,46.2865,13.0522,email,email,email,0,0
U00983,price_sensitive,hybrid,1,0,0,1,0.0,11.2361,email,email,email,0,0
U00984,new_cold_customer,trigger,2,0,0,2,5.9532,6.4117,social,social,ad,0,0
U00985,low_engagement,fixed,3,1,0,4,14.7859,1.3116,social,social,social,0,1
U00986,new_cold_customer,fixed,4,2,1,7,41.5656,2.1827,social,social,social,0,1
U00987,new_cold_customer,fixed,3,2,0,5,16.8717,1.703,social,social,social,0,1
U00988,low_engagement,fixed,3,1,0,4,74.4129,5.4208,social,social,ad,0,1
U00989,low_engagement,fixed,3,1,0,4,36.6242,3.8339,email,social,email,0,1
U00990,low_engagement,trigger,3,0,0,3,126.5456,3.8163,email,email,ad,0,0
U00991,low_engagement,trigger,1,1,1,3,0.0,4.4501,social,social,social,0,1
U00992,low_engagement,hybrid,3,1,0,4,106.9436,1.074,social,offer,social,0,1
U00993,new_cold_customer,hybrid,2,0,0,2,175.4242,2.0439,ad,ad,social,0,0
U00994,high_intent,fixed,5,2,1,8,46.9419,1.0758,email,email,email,0,1
U00995,loyal_customer,fixed,3,1,0,4,92.1859,2.1222,social,social,social,0,1
U00996,high_intent,hybrid,8,6,2,16,19.4994,2.7686,social,social,email,0,1
U00997,new_cold_customer,trigger,2,1,1,4,70.7336,5.2697,social,social,social,0,1
U00998,new_cold_customer,trigger,3,1,0,4,54.539,1.0591,social,social,social,0,1
U00999,loyal_customer,fixed,3,2,1,6,39.1384,4.7502,social,social,social,0,1
U01000,new_cold_customer,hybrid,5,3,0,8,41.4424,1.4157,social,ad,ad,0,1
U01001,high_intent,fixed,3,3,1,7,8.1441,2.765,social,social,social,0,1
U01002,new_cold_customer,fixed,3,0,0,3,71.7036,5.0097,social,ad,social,0,0
U01003,low_engagement,fixed,2,0,0,2,64.9028,5.0389,social,social,email,0,0
U01004,high_intent,fixed,7,6,4,20,15.1152,1.078,social,social,social,1,0
U01005,price_sensitive,fixed,1,0,0,1,0.0,2.3905,email,email,email,0,0
U01006,low_engagement,trigger,4,1,0,5,82.6491,1.0804,social,social,social,0,1
U01007,price_sensitive,hybrid,2,0,0,2,74.3581,2.0131,email,email,email,0,0
U01008,new_cold_customer,trigger,5,4,1,10,35.81,1.2971,social,social,social,0,1
U01009,new_cold_customer,fixed,5,3,0,8,31.4267,5.8154,social,social,social,0,1
U01010,new_cold_customer,trigger,4,0,0,4,34.3848,4.5155,social,social,social,0,0
U01011,high_intent,fixed,4,1,0,5,58.2845,4.628,social,social,social,0,1
U01012,new_cold_customer,hybrid,3,1,1,5,20.6499,8.1253,social,social,social,0,1
U01013,low_engagement,fixed,4,1,1,6,49.3356,4.0627,email,social,social,0,1
U01014,new_cold_customer,hybrid,3,1,0,4,81.7664,2.7375,social,email,social,0,1
U01015,new_cold_customer,fixed,3,2,0,5,78.2397,1.7235,social,social,social,0,1
U01016,new_cold_customer,trigger,5,1,1,7,45.9062,1.52,social,social,social,0,1
U01017,new_cold_customer,trigger,4,3,0,7,27.8654,4.5048,social,social,social,0,1
U01018,new_cold_customer,trigger,3,2,0,5,58.3419,3.9986,social,social,ad,0,1
U01019,low_engagement,trigger,3,0,0,3,72.7217,2.8609,social,social,social,0,0
U01020,new_cold_customer,fixed,5,4,1,10,21.4736,4.3006,social,social,social,0,1
U01021,new_cold_customer,trigger,2,1,1,4,80.2438,3.658,social,social,social,0,1
U01022,new_cold_customer,hybrid,5,1,1,7,34.5927,3.8654,email,social,ad,0,1
U01023,low_engagement,fixed,2,2,1,5,29.7055,2.2505,email,social,email,0,1
U01024,new_cold_customer,trigger,2,1,0,3,96.4085,5.1913,social,social,email,0,1
U01025,high_intent,fixed,8,4,2,15,21.6033,1.4083,social,social,social,1,0
U01026,new_cold_customer,hybrid,4,2,0,6,43.3844,3.135,social,social,social,0,1
U01027,low_engagement,trigger,1,1,0,2,0.0,11.279,social,social,social,0,1
U01028,low_engagement,trigger,1,0,0,1,0.0,2.0002,social,social,social,0,0
U01029,loyal_customer,trigger,4,0,0,4,62.3157,3.7799,email,email,social,0,0
U01030,price_sensitive,fixed,2,0,0,2,140.4034,3.4996,social,social,email,0,0
U01031,price_sensitive,trigger,1,0,0,1,0.0,6.3001,social,social,social,0,0
U01032,new_cold_customer,trigger,4,2,0,6,44.4477,5.1942,social,social,social,0,1
U01033,new_cold_customer,hybrid,4,1,0,5,45.6915,4.8707,social,social,social,0,1
U01034,new_cold_customer,trigger,3,1,0,4,72.0763,2.5874,social,email,social,0,1
U01035,new_cold_customer,trigger,5,1,0,6,45.6387,2.2873,social,social,ad,0,1
U01036,new_cold_customer,fixed,4,2,0,6,38.5163,1.8492,social,email,social,0,1
U01037,high_intent,hybrid,3,2,2,7,22.6788,3.3269,social,social,email,0,1
U01038,new_cold_customer,trigger,2,1,0,3,47.6996,5.4171,social,ad,social,0,1
U01039,low_engagement,hybrid,3,2,1,6,47.7632,4.0032,social,social,social,0,1
U01040,loyal_customer,fixed,2,1,0,3,93.6398,6.0301,social,social,social,0,1
U01041,high_intent,trigger,7,5,2,15,17.233,2.2238,email,social,social,1,0
U01042,low_engagement,trigger,4,1,0,5,80.8666,1.4428,social,social,social,0,1
U01043,low_engagement,trigger,2,0,0,2,81.9884,6.689,social,social,social,0,0
U01044,low_engagement,trigger,2,0,0,2,43.5457,4.3247,ad,ad,social,0,0
U01045,new_cold_customer,trigger,5,1,0,6,50.8651,4.2527,social,social,social,0,1
U01046,price_sensitive,hybrid,2,0,0,2,141.8287,1.9966,email,email,social,0,0
U01047,low_engagement,fixed,3,0,0,3,127.3899,3.6703,social,social,social,0,0
U01048,new_cold_customer,hybrid,3,2,1,6,18.3099,2.1195,social,social,social,0,1
U01049,low_engagement,hybrid,3,1,1,5,55.6447,3.8118,social,social,social,0,1
U01050,high_intent,trigger,3,1,0,4,95.4149,2.1392,social,social,social,0,1
U01051,price_sensitive,trigger,1,0,0,1,0.0,12.5372,social,social,social,0,0
U01052,price_sensitive,fixed,3,0,0,3,91.1795,7.3939,social,ad,social,0,0
U01053,new_cold_customer,fixed,5,2,0,7,37.3056,1.9941,social,social,email,0,1
U01054,price_sensitive,fixed,3,0,0,3,100.3665,1.5873,social,social,social,0,0
U01055,loyal_customer,hybrid,5,3,1,9,30.3932,2.6074,social,social,ad,0,1
U01056,low_engagement,hybrid,3,0,0,3,99.7371,1.7999,ad,ad,social,0,0
U01057,new_cold_customer,trigger,4,2,0,6,48.3912,1.2859,social,social,social,0,1
U01058,new_cold_customer,hybrid,3,1,0,4,4.766,3.1109,social,social,social,0,1
U01059,loyal_customer,hybrid,3,1,0,4,43.1373,3.9998,social,social,email,0,1
U01060,loyal_customer,hybrid,5,0,0,5,74.1846,2.2024,social,social,social,0,0
U01061,new_cold_customer,fixed,5,3,3,11,12.3503,9.2839,social,social,social,0,1
U01062,new_cold_customer,trigger,4,1,0,5,63.4891,2.4286,social,ad,social,0,1
U01063,loyal_customer,trigger,3,1,1,6,27.798,8.8144,social,email,social,1,0
U01064,low_engagement,fixed,4,0,0,4,25.2225,7.5868,social,social,social,0,0
U01065,new_cold_customer,hybrid,5,1,0,6,61.3931,1.1328,ad,ad,ad,0,1
U01066,low_engagement,trigger,1,0,0,1,0.0,10.2419,social,social,social,0,0
U01067,new_cold_customer,trigger,5,4,2,11,22.9494,3.6296,social,social,social,0,1
U01068,low_engagement,hybrid,3,0,0,3,50.5693,5.8273,social,ad,social,0,0
U01069,new_cold_customer,hybrid,3,1,0,4,49.4411,3.6828,social,social,social,0,1
U01070,low_engagement,hybrid,1,1,0,2,0.0,8.7061,ad,ad,ad,0,1
U01071,new_cold_customer,fixed,4,1,0,5,47.0974,6.5236,social,ad,ad,0,1
U01072,loyal_customer,trigger,6,4,1,12,25.1079,2.3729,email,email,email,1,0
U01073,loyal_customer,trigger,6,1,0,7,49.4333,1.2154,social,email,social,0,1
U01074,low_engagement,trigger,3,2,0,5,55.6748,2.9791,social,social,email,0,1
U01075,new_cold_customer,trigger,4,3,0,7,44.4579,1.9657,social,social,social,0,1
U01076,loyal_customer,trigger,6,5,0,11,25.8167,3.0194,social,ad,social,0,1
U01077,new_cold_customer,hybrid,3,2,0,5,68.6904,2.2675,social,social,social,0,1
U01078,price_sensitive,trigger,2,0,0,2,254.4501,1.1841,email,email,social,0,0
U01079,low_engagement,fixed,3,3,0,6,53.4275,2.0679,social,social,social,0,1
U01080,high_intent,trigger,3,3,1,8,1.6819,4.5999,social,social,social,1,0
U01081,loyal_customer,hybrid,3,2,1,6,41.0474,3.2647,social,social,social,0,1
U01082,low_engagement,hybrid,2,2,0,4,29.5183,5.4852,social,social,social,0,1
U01083,new_cold_customer,hybrid,4,4,3,12,11.5672,9.1131,email,email,social,1,0
U01084,loyal_customer,hybrid,5,3,0,8,22.9901,2.5614,social,ad,social,0,1
U01085,loyal_customer,fixed,6,3,0,9,17.2548,1.0926,email,email,ad,0,1
U01086,low_engagement,fixed,2,0,0,2,102.1075,5.6832,social,social,social,0,0
U01087,loyal_customer,fixed,4,2,0,6,63.038,1.5372,social,email,social,0,1
U01088,new_cold_customer,fixed,4,2,0,6,22.5122,3.7075,social,social,social,0,1
U01089,loyal_customer,trigger,3,1,1,5,41.6765,7.4835,ad,ad,social,0,1
U01090,new_cold_customer,hybrid,4,3,1,8,32.2807,2.4373,social,ad,social,0,1
U01091,low_engagement,hybrid,3,2,1,6,20.269,9.2739,social,social,social,0,1
U01092,low_engagement,fixed,2,0,0,2,42.485,9.0243,social,social,social,0,0
U01093,low_engagement,fixed,3,1,1,5,14.5522,6.6957,social,email,email,0,1
U01094,new_cold_customer,hybrid,4,3,1,9,21.13,1.0873,social,social,social,1,0
U01095,low_engagement,hybrid,4,1,0,5,68.0251,2.3551,social,social,ad,0,1
U01096,low_engagement,trigger,1,0,0,1,0.0,8.9333,social,social,social,0,0
U01097,high_intent,trigger,7,4,1,13,18.8004,4.8581,social,social,social,1,0
U01098,new_cold_customer,fixed,4,2,1,7,22.1145,9.3961,social,social,social,0,1
U01099,low_engagement,fixed,3,0,0,3,120.6344,4.0249,social,social,email,0,0
U01100,low_engagement,hybrid,3,1,0,4,62.801,3.0892,social,social,social,0,1
U01101,loyal_customer,fixed,3,1,1,5,55.3529,5.4717,social,social,email,0,1
U01102,low_engagement,hybrid,1,0,0,1,0.0,6.6023,social,social,social,0,0
U01103,loyal_customer,fixed,4,0,0,4,82.353,1.0533,social,email,social,0,0
U01104,new_cold_customer,hybrid,2,1,1,4,46.3867,9.048,social,social,ad,0,1
U01105,price_sensitive,hybrid,3,1,0,4,42.545,7.3393,email,ad,email,0,1
U01106,low_engagement,trigger,2,0,0,2,274.589,3.5585,social,social,email,0,0
U01107,low_engagement,trigger,1,0,0,1,0.0,3.6563,social,social,social,0,0
U01108,low_engagement,trigger,2,0,0,2,326.2545,1.2459,social,social,social,0,0
U01109,low_engagement,fixed,3,1,1,5,49.3584,5.4705,social,social,email,0,1
U01110,low_engagement,hybrid,3,0,0,3,31.0328,12.2282,social,social,social,0,0
U01111,loyal_customer,fixed,4,3,1,8,32.1296,4.2094,social,social,email,0,1
U01112,low_engagement,fixed,3,0,0,3,83.0392,3.6328,social,social,social,0,0
U01113,low_engagement,hybrid,2,0,0,2,21.2813,1.042,email,email,offer,0,0
U01114,low_engagement,fixed,1,0,0,1,0.0,11.7864,social,social,social,0,0
U01115,low_engagement,trigger,3,1,0,4,61.547,3.1563,social,ad,social,0,1
U01116,new_cold_customer,trigger,3,2,2,7,33.0135,5.8429,social,social,social,0,1
U01117,new_cold_customer,hybrid,4,2,0,6,52.0062,1.2279,social,email,social,0,1
U01118,high_intent,hybrid,6,2,0,8,32.6207,1.7969,social,social,social,0,1
U01119,new_cold_customer,fixed,2,0,0,2,69.0546,5.2264,social,social,social,0,0
U01120,loyal_customer,fixed,5,0,0,5,63.3423,2.4112,social,email,social,0,0
U01121,price_sensitive,trigger,1,0,0,1,0.0,13.0786,social,social,social,0,0
U01122,loyal_customer,trigger,4,1,0,5,65.8346,3.9844,social,social,social,0,1
U01123,loyal_customer,hybrid,3,2,0,5,25.1675,10.3958,social,social,social,0,1
U01124,high_intent,hybrid,4,4,3,14,11.4216,5.4928,social,social,social,1,0
U01125,new_cold_customer,fixed,2,1,0,3,69.3919,1.991,social,social,social,0,1
U01126,price_sensitive,trigger,1,0,0,1,0.0,14.5936,offer,offer,offer,0,0
U01127,new_cold_customer,fixed,4,2,1,7,29.8672,7.4165,social,social,social,0,1
U01128,new_cold_customer,fixed,5,3,2,10,23.1147,2.6489,social,social,social,0,1
U01129,new_cold_customer,trigger,3,1,0,4,21.6995,8.8253,ad,ad,social,0,1
U01130,loyal_customer,hybrid,3,1,0,4,71.5707,3.8855,social,social,social,0,1
U01131,loyal_customer,trigger,4,1,1,7,42.5049,3.6163,email,email,email,1,0
U01132,new_cold_customer,fixed,5,1,0,6,43.5728,2.4907,social,social,social,0,1
U01133,new_cold_customer,hybrid,5,1,0,6,23.9533,5.7621,social,social,social,0,1
U01134,high_intent,fixed,3,1,1,6,49.7952,2.88,social,social,email,1,0
U01135,high_intent,hybrid,6,4,3,16,19.6858,1.3425,social,email,social,1,0
U01136,new_cold_customer,hybrid,5,2,1,8,26.335,1.9962,email,ad,email,0,1
U01137,loyal_customer,trigger,2,1,0,3,38.488,8.3557,email,social,email,0,1
U01138,loyal_customer,trigger,4,1,0,5,50.9352,2.3174,social,social,email,0,1
U01139,low_engagement,hybrid,1,0,0,1,0.0,6.5403,social,social,social,0,0
U01140,new_cold_customer,trigger,3,1,0,4,27.2666,11.4889,social,ad,social,0,1
U01141,new_cold_customer,hybrid,5,2,0,7,30.4993,3.6497,social,social,ad,0,1
U01142,low_engagement,trigger,3,2,1,6,45.6733,4.6339,email,social,ad,0,1
U01143,new_cold_customer,trigger,4,2,1,7,46.2739,1.0232,social,social,ad,0,1
U01144,new_cold_customer,fixed,3,2,2,7,26.0365,6.6026,social,social,email,0,1
U01145,price_sensitive,hybrid,1,0,0,1,0.0,7.1328,email,email,email,0,0
U01146,price_sensitive,fixed,2,0,0,2,224.2896,3.523,social,social,email,0,0
U01147,new_cold_customer,hybrid,2,1,1,4,8.95,4.9849,social,social,social,0,1
U01148,loyal_customer,hybrid,4,3,2,10,24.3692,3.5365,social,social,social,1,0
U01149,new_cold_customer,trigger,5,3,0,8,36.2921,2.2807,social,social,social,0,1
U01150,new_cold_customer,trigger,3,1,0,4,51.5026,6.2927,ad,social,ad,0,1
U01151,loyal_customer,hybrid,4,2,0,6,32.9358,4.2193,email,ad,social,0,1
U01152,low_engagement,fixed,1,0,0,1,0.0,11.6166,email,email,email,0,0
U01153,high_intent,hybrid,6,5,3,15,13.566,3.7646,social,social,social,1,0
U01154,low_engagement,fixed,4,0,0,4,97.5577,2.3611,social,social,social,0,0
U01155,low_engagement,fixed,4,2,2,8,36.858,4.0881,social,social,email,0,1
U01156,loyal_customer,trigger,2,1,0,3,47.0149,1.8958,social,email,social,0,1
U01157,new_cold_customer,trigger,2,0,0,2,6.1698,6.3407,social,social,email,0,0
U01158,new_cold_customer,trigger,4,1,0,5,73.8478,1.4571,social,social,social,0,1
U01159,new_cold_customer,trigger,3,2,0,5,24.1561,1.8742,social,social,social,0,1
U01160,price_sensitive,hybrid,1,0,0,1,0.0,1.6288,email,email,email,0,0
U01161,loyal_customer,hybrid,4,2,1,7,25.7776,3.0674,email,email,social,0,1
U01162,new_cold_customer,hybrid,3,1,0,4,44.2002,4.0239,social,social,social,0,1
U01163,new_cold_customer,trigger,4,3,1,8,26.4023,5.934,social,social,social,0,1
U01164,new_cold_customer,trigger,3,0,0,3,126.2151,1.5573,social,social,ad,0,0
U01165,new_cold_customer,hybrid,5,1,0,6,56.2194,2.7838,social,social,social,0,1
U01166,new_cold_customer,trigger,5,1,1,8,45.5058,1.0476,social,social,social,1,0
U01167,high_intent,hybrid,5,2,2,10,29.7375,1.3613,social,social,social,1,0
U01168,loyal_customer,trigger,4,3,1,8,16.3335,4.1033,social,social,social,0,1
U01169,low_engagement,trigger,3,1,1,5,60.2353,3.9681,social,social,social,0,1
U01170,high_intent,hybrid,4,2,1,8,40.1679,3.0374,email,email,email,1,0
U01171,new_cold_customer,hybrid,2,2,1,5,21.3809,9.9315,social,social,social,0,1
U01172,high_intent,fixed,4,4,3,11,31.5179,1.3413,email,social,email,0,1
U01173,new_cold_customer,trigger,5,2,2,10,25.189,4.9654,social,social,social,1,0
U01174,new_cold_customer,hybrid,3,1,0,4,41.0995,1.937,social,ad,social,0,1
U01175,loyal_customer,trigger,3,1,0,4,39.5558,9.167,social,email,social,0,1
U01176,new_cold_customer,fixed,3,3,1,7,32.2162,3.3563,social,social,email,0,1
U01177,loyal_customer,trigger,3,2,0,5,73.5193,2.07,social,social,social,0,1
U01178,low_engagement,fixed,1,1,1,3,0.0,4.4051,social,social,social,0,1
U01179,low_engagement,hybrid,2,1,0,3,50.8523,1.5242,social,social,social,0,1
U01180,new_cold_customer,hybrid,4,1,0,5,66.3849,2.3967,social,social,social,0,1
U01181,loyal_customer,fixed,6,0,0,6,55.6452,1.4367,social,social,email,0,0
U01182,high_intent,hybrid,5,2,2,10,26.7134,3.3717,social,social,social,1,0
U01183,new_cold_customer,trigger,5,2,0,7,51.2009,2.0946,social,social,social,0,1
U01184,loyal_customer,hybrid,2,1,0,3,96.874,4.0999,email,email,ad,0,1
U01185,loyal_customer,fixed,2,1,0,3,50.2927,6.132,social,social,social,0,1
U01186,loyal_customer,trigger,4,1,1,6,57.8397,2.0146,social,social,social,0,1
U01187,new_cold_customer,fixed,2,0,0,2,72.0144,8.2722,social,social,social,0,0
U01188,low_engagement,fixed,4,2,0,6,31.0194,2.2737,social,social,social,0,1
U01189,new_cold_customer,trigger,3,1,1,5,61.3623,3.9047,social,social,social,0,1
U01190,low_engagement,trigger,4,2,0,6,60.8682,1.4144,social,social,social,0,1
U01191,new_cold_customer,fixed,2,0,0,2,72.2979,5.5478,social,social,social,0,0
U01192,loyal_customer,hybrid,6,4,3,14,23.9032,1.6224,social,social,social,1,0
U01193,low_engagement,hybrid,1,0,0,1,0.0,11.5174,social,social,social,0,0
U01194,high_intent,fixed,3,1,1,6,18.143,4.1025,social,email,social,1,0
U01195,loyal_customer,hybrid,6,3,1,10,31.3586,2.9237,social,social,social,0,1
U01196,loyal_customer,trigger,4,1,0,5,54.6733,4.8967,email,email,social,0,1
U01197,low_engagement,hybrid,3,2,0,5,27.6846,9.2344,social,social,social,0,1
U01198,low_engagement,hybrid,4,0,0,4,76.404,2.444,social,social,email,0,0
U01199,new_cold_customer,fixed,3,2,0,5,47.8684,2.9086,social,social,social,0,1
U01200,loyal_customer,hybrid,2,1,0,3,101.567,1.083,social,social,email,0,1
U01201,low_engagement,trigger,1,0,0,1,0.0,14.6081,email,email,email,0,0
U01202,loyal_customer,fixed,6,4,0,10,33.6295,1.0383,social,social,social,0,1
U01203,loyal_customer,trigger,4,2,0,6,44.019,5.4499,ad,ad,email,0,1
U01204,price_sensitive,trigger,3,0,0,3,73.2588,2.1306,social,ad,social,0,0
U01205,new_cold_customer,fixed,4,2,1,7,36.6418,1.7682,social,social,social,0,1
U01206,loyal_customer,hybrid,4,0,0,4,69.5746,2.2749,email,social,offer,0,0
U01207,loyal_customer,trigger,3,2,1,6,23.3,9.824,social,social,social,0,1
U01208,new_cold_customer,hybrid,5,0,0,5,56.8372,1.1247,social,email,social,0,0
U01209,new_cold_customer,trigger,5,0,0,5,53.455,1.5626,social,social,social,0,0
U01210,loyal_customer,hybrid,3,1,0,4,92.7117,1.8059,social,social,social,0,1
U01211,new_cold_customer,fixed,4,2,0,6,34.4481,7.4464,social,social,social,0,1
U01212,low_engagement,hybrid,2,1,0,3,84.9878,1.1378,email,email,email,0,1
U01213,loyal_customer,trigger,3,3,1,8,45.3005,1.2426,social,social,social,1,0
U01214,high_intent,fixed,4,2,0,6,48.7449,3.7518,social,social,social,0,1
U01215,low_engagement,trigger,1,0,0,1,0.0,7.8613,social,social,social,0,0
U01216,low_engagement,hybrid,1,1,0,2,0.0,2.5427,social,social,social,0,1
U01217,loyal_customer,fixed,4,1,0,5,78.3209,1.0399,social,social,social,0,1
U01218,new_cold_customer,fixed,2,0,0,2,67.1986,1.0047,social,social,social,0,0
U01219,new_cold_customer,hybrid,4,1,1,6,34.2191,4.0211,social,social,social,0,1
U01220,price_sensitive,trigger,3,0,0,3,71.6271,5.7933,social,ad,social,0,0
U01221,loyal_customer,trigger,2,1,1,4,18.0868,12.1843,email,email,email,0,1
U01222,new_cold_customer,fixed,2,0,0,2,221.6955,1.0518,social,social,social,0,0
U01223,price_sensitive,hybrid,1,0,0,1,0.0,11.9803,social,social,social,0,0
U01224,new_cold_customer,trigger,3,1,0,4,17.6971,8.2659,social,social,social,0,1
U01225,loyal_customer,fixed,3,1,0,4,48.9935,7.5343,email,social,offer,0,1
U01226,low_engagement,hybrid,4,0,0,4,89.8395,3.229,social,social,ad,0,0
U01227,high_intent,hybrid,5,2,1,8,38.8064,1.3247,social,social,social,0,1
U01228,price_sensitive,fixed,3,1,0,4,90.951,2.3784,social,email,social,0,1
U01229,low_engagement,fixed,2,1,0,3,148.1175,1.7415,social,social,social,0,1
U01230,low_engagement,hybrid,4,2,0,6,33.0174,2.891,social,ad,social,0,1
U01231,high_intent,fixed,8,4,2,14,18.3616,1.8114,social,social,email,0,1
U01232,new_cold_customer,hybrid,5,4,0,9,27.7626,4.4887,social,social,social,0,1
U01233,new_cold_customer,hybrid,4,3,0,7,46.8571,1.9725,social,ad,offer,0,1
U01234,new_cold_customer,hybrid,4,0,0,4,64.8072,2.7985,social,social,social,0,0
U01235,new_cold_customer,hybrid,4,2,0,6,53.0122,2.4831,social,ad,social,0,1
U01236,low_engagement,fixed,4,0,0,4,84.8733,4.2241,social,social,social,0,0
U01237,new_cold_customer,trigger,3,0,0,3,101.5652,4.442,social,social,social,0,0
U01238,high_intent,fixed,7,5,3,16,21.6457,1.3409,social,social,offer,1,0
U01239,low_engagement,fixed,1,0,0,1,0.0,4.161,email,email,email,0,0
U01240,loyal_customer,hybrid,2,1,0,3,26.659,2.1672,social,social,social,0,1
U01241,loyal_customer,trigger,4,2,1,7,44.1127,3.9514,social,social,social,0,1
U01242,loyal_customer,trigger,4,2,1,7,44.4298,1.5765,email,email,email,0,1
U01243,new_cold_customer,trigger,2,1,0,3,30.5408,9.7438,social,social,social,0,1
U01244,new_cold_customer,trigger,4,3,1,8,24.0485,7.2023,social,social,social,0,1
U01245,high_intent,fixed,8,6,4,19,14.1152,3.2083,social,social,social,1,0
U01246,high_intent,hybrid,3,3,1,7,28.872,3.1018,social,social,social,0,1
U01247,low_engagement,trigger,1,0,0,1,0.0,4.6044,email,email,email,0,0
U01248,high_intent,hybrid,8,7,4,21,11.3942,2.6925,social,social,social,1,0
U01249,price_sensitive,fixed,2,1,0,3,76.1972,2.3218,social,social,social,0,1
U01250,loyal_customer,hybrid,3,1,0,4,67.7603,4.2402,offer,offer,email,0,1
U01251,low_engagement,fixed,1,0,0,1,0.0,14.3357,social,social,social,0,0
U01252,low_engagement,hybrid,1,0,0,1,0.0,4.2184,social,social,social,0,0
U01253,loyal_customer,hybrid,5,2,2,9,32.17,1.1679,social,social,social,0,1
U01254,new_cold_customer,trigger,5,2,1,8,33.9709,2.8838,social,social,social,0,1
U01255,new_cold_customer,fixed,2,2,0,4,8.3224,3.1353,social,social,email,0,1
U01256,new_cold_customer,hybrid,5,1,0,6,60.9985,1.0002,ad,ad,ad,0,1
U01257,new_cold_customer,hybrid,2,1,1,4,28.7072,7.6863,social,social,social,0,1
U01258,loyal_customer,hybrid,6,2,0,8,29.6702,2.6771,social,social,social,0,1
U01259,new_cold_customer,trigger,5,4,1,10,12.58,9.7244,social,social,ad,0,1
U01260,loyal_customer,fixed,6,4,1,11,21.2895,4.6558,social,social,email,0,1
U01261,low_engagement,trigger,4,1,0,5,41.2076,7.7357,social,social,social,0,1
U01262,price_sensitive,trigger,3,1,1,5,41.754,7.44,email,offer,email,0,1
U01263,price_sensitive,trigger,2,1,0,3,72.4254,3.0855,ad,ad,email,0,1
U01264,new_cold_customer,fixed,5,1,0,6,40.5037,2.5979,social,social,email,0,1
U01265,loyal_customer,hybrid,5,2,1,9,33.4082,1.4099,email,email,social,1,0
U01266,low_engagement,hybrid,3,0,0,3,40.0177,1.4189,social,social,email,0,0
U01267,new_cold_customer,fixed,2,1,1,4,18.4249,6.7923,social,social,social,0,1
U01268,high_intent,fixed,6,2,1,9,19.4489,3.5912,social,email,ad,0,1
U01269,loyal_customer,fixed,6,4,0,10,35.3487,1.7202,social,social,social,0,1
U01270,new_cold_customer,fixed,3,2,1,7,4.6936,9.3338,social,social,social,1,0
U01271,loyal_customer,trigger,5,2,1,8,17.1922,3.747,social,social,social,0,1
U01272,low_engagement,hybrid,1,1,0,2,0.0,12.8197,social,social,social,0,1
U01273,low_engagement,trigger,4,2,1,8,35.5642,3.8513,social,ad,social,1,0
U01274,new_cold_customer,hybrid,2,0,0,2,300.1749,1.8544,social,social,social,0,0
U01275,high_intent,trigger,5,3,2,10,16.3433,1.1607,email,social,email,0,1
U01276,low_engagement,fixed,3,1,0,4,78.6773,3.2413,social,social,social,0,1
U01277,new_cold_customer,hybrid,4,0,0,4,44.511,4.6078,social,social,social,0,0
U01278,new_cold_customer,hybrid,2,1,1,4,79.4013,2.0682,social,social,social,0,1
U01279,new_cold_customer,trigger,5,3,0,8,29.9699,5.999,social,social,email,0,1
U01280,new_cold_customer,trigger,2,2,1,5,12.1736,7.4769,ad,social,ad,0,1
U01281,loyal_customer,trigger,5,3,1,9,33.0471,1.2691,social,social,social,0,1
U01282,new_cold_customer,trigger,3,1,1,5,20.9409,8.9966,ad,social,social,0,1
U01283,price_sensitive,hybrid,1,1,0,2,0.0,13.9054,offer,offer,offer,0,1
U01284,new_cold_customer,fixed,4,2,0,6,63.858,1.4252,social,social,social,0,1
U01285,low_engagement,trigger,1,0,0,1,0.0,6.1386,social,social,social,0,0
U01286,new_cold_customer,fixed,5,1,0,6,62.5025,1.6059,social,social,social,0,1
U01287,low_engagement,hybrid,4,0,0,4,41.7218,9.4886,social,social,social,0,0
U01288,new_cold_customer,hybrid,5,2,0,7,26.774,4.1641,social,ad,social,0,1
U01289,loyal_customer,hybrid,6,4,0,10,26.4804,3.3436,social,social,social,0,1
U01290,low_engagement,fixed,4,1,0,5,62.8479,3.9632,social,social,social,0,1
U01291,new_cold_customer,fixed,5,1,0,6,41.6694,2.2253,social,ad,social,0,1
U01292,new_cold_customer,trigger,2,2,1,5,0.184,3.2242,social,social,social,0,1
U01293,new_cold_customer,trigger,4,1,1,6,38.8383,5.1381,social,social,ad,0,1
U01294,new_cold_customer,fixed,2,1,0,3,65.576,1.5957,ad,social,ad,0,1
U01295,new_cold_customer,trigger,4,0,0,4,75.0625,5.4969,social,offer,ad,0,0
U01296,new_cold_customer,hybrid,4,1,0,5,62.7999,4.1089,social,social,social,0,1
U01297,new_cold_customer,fixed,3,0,0,3,18.598,10.9712,social,social,social,0,0
U01298,low_engagement,fixed,1,0,0,1,0.0,13.0442,ad,ad,ad,0,0
U01299,loyal_customer,fixed,5,1,1,8,34.4497,3.6144,social,social,social,1,0
U01300,loyal_customer,trigger,2,1,1,5,40.0761,4.7035,ad,ad,social,1,0
U01301,new_cold_customer,hybrid,5,3,1,9,38.5316,1.2546,ad,social,email,0,1
U01302,high_intent,fixed,6,4,1,11,30.1874,1.4498,social,social,social,0,1
U01303,high_intent,hybrid,3,2,2,9,14.953,5.519,social,social,social,1,0
U01304,new_cold_customer,hybrid,2,1,0,3,22.3361,3.0549,social,social,social,0,1
U01305,new_cold_customer,hybrid,2,0,0,2,187.5522,2.7888,social,social,social,0,0
U01306,high_intent,fixed,7,6,1,15,19.653,2.5695,social,email,social,1,0
U01307,high_intent,trigger,7,3,2,14,12.589,4.3856,social,social,social,1,0
U01308,loyal_customer,hybrid,2,2,1,6,2.9121,2.4586,social,social,social,1,0
U01309,loyal_customer,hybrid,4,1,1,6,42.3884,3.0337,offer,offer,social,0,1
U01310,low_engagement,hybrid,4,0,0,4,86.3515,3.7002,social,ad,social,0,0
U01311,low_engagement,trigger,1,1,0,2,0.0,3.3245,social,social,social,0,1
U01312,loyal_customer,hybrid,2,1,0,3,129.4249,4.1662,social,social,social,0,1
U01313,new_cold_customer,trigger,4,0,0,4,72.2618,4.7376,social,social,social,0,0
U01314,low_engagement,fixed,1,1,0,2,0.0,8.4324,social,social,social,0,1
U01315,loyal_customer,fixed,5,4,1,10,26.2872,4.2957,email,email,email,0,1
U01316,new_cold_customer,fixed,5,3,1,9,10.648,4.2202,social,email,social,0,1
U01317,low_engagement,fixed,4,1,0,5,35.819,4.094,social,social,email,0,1
U01318,low_engagement,trigger,1,0,0,1,0.0,8.0516,email,email,email,0,0
U01319,new_cold_customer,fixed,2,0,0,2,122.9088,2.0903,social,social,social,0,0
U01320,loyal_customer,fixed,6,4,3,14,21.3774,2.1561,social,ad,social,1,0
U01321,low_engagement,fixed,3,0,0,3,19.2614,8.6658,social,social,social,0,0
U01322,loyal_customer,fixed,3,1,1,5,54.3548,3.7139,social,social,social,0,1
U01323,high_intent,trigger,4,3,2,11,27.3798,2.8125,social,ad,social,1,0
U01324,low_engagement,hybrid,2,0,0,2,262.8293,1.8678,social,social,social,0,0
U01325,new_cold_customer,hybrid,3,1,0,4,53.0111,7.6614,social,social,social,0,1
U01326,new_cold_customer,fixed,3,2,1,6,60.1377,1.3625,social,social,ad,0,1
U01327,price_sensitive,trigger,1,0,0,1,0.0,11.679,social,social,social,0,0
U01328,loyal_customer,fixed,3,1,0,4,87.9251,1.4813,ad,ad,email,0,1
U01329,low_engagement,trigger,4,0,0,4,70.0951,3.2867,social,social,social,0,0
U01330,high_intent,trigger,5,4,1,10,19.4652,1.299,email,email,social,0,1
U01331,loyal_customer,trigger,3,2,0,5,65.3691,2.5915,email,email,social,0,1
U01332,new_cold_customer,trigger,3,0,0,3,99.3738,2.6144,social,social,social,0,0
U01333,new_cold_customer,trigger,5,1,0,6,27.93,4.7955,social,social,email,0,1
U01334,new_cold_customer,fixed,3,0,0,3,107.5168,2.6908,social,social,social,0,0
U01335,low_engagement,trigger,3,0,0,3,22.5693,8.4641,social,social,email,0,0
U01336,new_cold_customer,trigger,4,2,0,6,8.8974,4.259,social,social,social,0,1
U01337,price_sensitive,trigger,2,0,0,2,53.4727,11.6824,ad,ad,email,0,0
U01338,new_cold_customer,trigger,4,0,0,4,38.1337,8.7019,social,ad,social,0,0
U01339,low_engagement,trigger,3,2,0,5,65.274,2.2084,offer,offer,email,0,1
U01340,low_engagement,fixed,2,0,0,2,47.1088,7.5102,email,email,social,0,0
U01341,new_cold_customer,trigger,4,0,0,4,76.753,5.386,social,email,social,0,0
U01342,high_intent,hybrid,3,3,2,10,19.7202,4.8188,social,ad,social,1,0
U01343,new_cold_customer,trigger,4,1,0,5,66.4329,2.1652,social,social,offer,0,1
U01344,new_cold_customer,trigger,4,3,1,8,37.9183,3.8355,social,email,social,0,1
U01345,new_cold_customer,fixed,3,1,0,4,74.3513,3.4625,social,social,social,0,1
U01346,low_engagement,fixed,4,2,0,6,46.1098,1.4606,social,social,social,0,1
U01347,loyal_customer,hybrid,3,0,0,3,102.0615,3.7234,social,social,social,0,0
U01348,low_engagement,fixed,3,1,0,4,52.2513,3.001,social,social,social,0,1
U01349,low_engagement,trigger,4,3,1,8,39.4373,1.2153,social,social,social,0,1
U01350,new_cold_customer,hybrid,5,3,1,10,18.4868,5.9083,social,social,email,1,0
U01351,new_cold_customer,hybrid,5,1,1,7,35.2087,4.8242,social,social,social,0,1
U01352,low_engagement,trigger,3,0,0,3,107.2657,4.3576,social,social,social,0,0
U01353,new_cold_customer,trigger,5,2,0,7,8.4712,9.2501,social,social,social,0,1
U01354,price_sensitive,hybrid,1,0,0,1,0.0,11.7897,email,email,email,0,0
U01355,new_cold_customer,fixed,4,2,1,7,31.189,1.5118,ad,ad,social,0,1
U01356,low_engagement,hybrid,1,0,0,1,0.0,3.5062,social,social,social,0,0
U01357,new_cold_customer,trigger,5,2,0,7,38.6932,1.12,social,social,email,0,1
U01358,new_cold_customer,hybrid,3,0,0,3,51.0522,1.8213,social,social,social,0,0
U01359,low_engagement,hybrid,3,0,0,3,157.9963,1.4984,social,social,social,0,0
U01360,loyal_customer,trigger,4,0,0,4,53.4052,7.4394,social,social,social,0,0
U01361,high_intent,fixed,5,4,2,11,19.4508,4.4635,email,email,email,0,1
U01362,low_engagement,trigger,3,1,0,4,67.3674,4.9408,social,social,social,0,1
U01363,new_cold_customer,fixed,5,1,0,6,59.4739,1.0446,social,social,social,0,1
U01364,new_cold_customer,hybrid,3,1,1,5,73.8519,2.508,email,social,ad,0,1
U01365,low_engagement,trigger,3,0,0,3,110.4407,1.6027,social,social,social,0,0
U01366,high_intent,fixed,3,3,2,8,2.5037,8.1347,social,social,social,0,1
U01367,new_cold_customer,hybrid,2,2,0,4,11.3905,9.0705,social,social,ad,0,1
U01368,low_engagement,trigger,3,0,0,3,90.487,2.5782,social,email,social,0,0
U01369,high_intent,trigger,5,3,2,11,24.5419,4.1354,social,social,email,1,0
U01370,new_cold_customer,fixed,3,1,0,4,27.5199,6.9429,ad,ad,social,0,1
U01371,loyal_customer,fixed,3,1,0,4,83.4249,3.9286,social,ad,social,0,1
U01372,low_engagement,hybrid,4,4,0,8,29.786,2.8125,social,social,email,0,1
U01373,low_engagement,fixed,2,2,1,5,12.7325,4.7579,social,email,social,0,1
U01374,new_cold_customer,trigger,4,1,1,6,37.1967,7.1693,social,social,social,0,1
U01375,new_cold_customer,trigger,4,0,0,4,64.3057,6.6344,social,social,social,0,0
U01376,low_engagement,hybrid,3,1,0,4,88.4077,3.9463,social,social,social,0,1
U01377,loyal_customer,fixed,6,5,1,12,22.7,2.6086,social,social,email,0,1
U01378,low_engagement,fixed,1,0,0,1,0.0,7.9724,email,email,email,0,0
U01379,low_engagement,fixed,2,1,0,3,61.7919,7.0838,social,social,social,0,1
U01380,high_intent,fixed,8,5,3,18,12.885,1.7862,social,email,social,1,0
U01381,new_cold_customer,fixed,4,4,0,8,23.8411,4.2376,social,social,social,0,1
U01382,high_intent,trigger,5,3,1,10,24.2102,4.9927,social,social,email,1,0
U01383,loyal_customer,fixed,5,1,0,6,61.64,1.9402,social,social,social,0,1
U01384,loyal_customer,trigger,6,4,1,12,20.2296,4.0422,social,email,social,1,0
U01385,new_cold_customer,fixed,3,1,1,5,21.9188,10.3778,social,social,social,0,1
U01386,low_engagement,fixed,1,0,0,1,0.0,5.6421,ad,ad,ad,0,0
U01387,loyal_customer,hybrid,4,3,0,7,40.5701,2.1962,email,social,email,0,1
U01388,price_sensitive,fixed,1,1,0,2,0.0,10.0473,offer,offer,offer,0,1
U01389,loyal_customer,fixed,2,0,0,2,110.1392,5.1218,email,email,email,0,0
U01390,price_sensitive,fixed,1,1,0,2,0.0,3.5736,email,email,email,0,1
U01391,loyal_customer,trigger,2,0,0,2,135.2454,7.1619,offer,offer,social,0,0
U01392,new_cold_customer,trigger,4,2,1,7,49.4021,1.5314,social,social,social,0,1
U01393,low_engagement,trigger,4,0,0,4,44.1121,8.8328,social,social,social,0,0
U01394,high_intent,fixed,5,3,1,9,18.3073,8.8766,email,social,ad,0,1
U01395,low_engagement,hybrid,3,0,0,3,132.1914,1.0888,social,social,social,0,0
U01396,new_cold_customer,fixed,5,2,1,8,21.4526,3.7307,social,social,social,0,1
U01397,high_intent,trigger,5,2,1,9,25.9136,1.1588,social,email,email,1,0
U01398,low_engagement,trigger,4,4,1,9,16.1558,5.3037,social,social,social,0,1
U01399,price_sensitive,trigger,3,0,0,3,43.1001,7.0372,email,social,email,0,0
U01400,low_engagement,trigger,2,2,0,4,65.9383,1.9229,social,social,ad,0,1
U01401,new_cold_customer,trigger,2,0,0,2,158.1403,1.9202,social,social,social,0,0
U01402,loyal_customer,hybrid,2,2,0,4,30.6612,3.3804,social,social,email,0,1
U01403,low_engagement,fixed,3,1,0,4,14.3555,10.7578,social,email,social,0,1
U01404,price_sensitive,hybrid,3,0,0,3,115.1909,1.7981,email,email,email,0,0
U01405,low_engagement,trigger,1,1,1,3,0.0,4.4361,social,social,social,0,1
U01406,high_intent,fixed,5,4,1,10,34.2291,1.298,email,social,email,0,1
U01407,loyal_customer,trigger,3,2,0,5,61.4015,4.6781,social,social,email,0,1
U01408,high_intent,trigger,3,3,1,7,16.5304,6.2034,email,social,email,0,1
U01409,high_intent,fixed,3,3,2,9,9.1177,7.3587,social,social,email,1,0
U01410,new_cold_customer,hybrid,5,2,0,7,47.4722,1.9501,social,social,social,0,1
U01411,loyal_customer,hybrid,3,2,1,6,39.7093,3.3537,social,social,social,0,1
U01412,new_cold_customer,trigger,2,2,0,4,1.3678,11.0151,email,email,social,0,1
U01413,low_engagement,trigger,4,2,1,7,25.3029,7.1601,social,email,social,0,1
U01414,price_sensitive,fixed,1,0,0,1,0.0,11.7126,email,email,email,0,0
U01415,loyal_customer,hybrid,5,3,1,9,38.208,2.1393,social,social,ad,0,1
U01416,new_cold_customer,hybrid,4,1,0,5,44.6236,3.2568,email,social,email,0,1
U01417,new_cold_customer,hybrid,5,1,0,6,39.1012,6.083,social,social,social,0,1
U01418,high_intent,trigger,5,3,2,11,20.3094,1.3471,email,social,ad,1,0
U01419,loyal_customer,hybrid,4,3,2,10,17.1119,7.3454,social,social,social,1,0
U01420,loyal_customer,hybrid,2,2,1,5,10.8129,5.8839,social,social,social,0,1
U01421,loyal_customer,fixed,4,2,0,6,46.8859,3.1041,social,social,social,0,1
U01422,new_cold_customer,hybrid,2,1,0,3,46.2014,8.9667,social,social,social,0,1
U01423,low_engagement,trigger,4,2,0,6,55.8862,1.3756,social,social,social,0,1
U01424,new_cold_customer,fixed,2,2,0,4,80.9324,3.1284,social,social,social,0,1
U01425,low_engagement,hybrid,2,2,0,4,15.3981,10.0072,social,social,email,0,1
U01426,low_engagement,trigger,3,1,0,4,83.2201,4.4898,email,social,offer,0,1
U01427,high_intent,trigger,4,2,0,6,27.3091,3.9122,social,social,social,0,1
U01428,new_cold_customer,trigger,4,1,1,6,44.6249,3.6473,offer,ad,social,0,1
U01429,high_intent,hybrid,8,6,0,14,20.2158,1.6091,social,social,email,0,1
U01430,low_engagement,fixed,1,0,0,1,0.0,9.9808,social,social,social,0,0
U01431,price_sensitive,fixed,1,0,0,1,0.0,6.4042,email,email,email,0,0
U01432,loyal_customer,hybrid,2,1,0,3,37.9337,9.1268,social,email,social,0,1
U01433,loyal_customer,fixed,3,1,0,4,39.6952,3.297,social,social,social,0,1
U01434,loyal_customer,hybrid,2,1,0,3,83.9202,3.2969,social,social,social,0,1
U01435,low_engagement,hybrid,1,0,0,1,0.0,7.0583,social,social,social,0,0
U01436,loyal_customer,fixed,4,3,3,10,17.4725,4.6918,social,social,social,0,1
U01437,new_cold_customer,trigger,4,1,0,5,50.7186,3.2396,social,email,social,0,1
U01438,new_cold_customer,fixed,2,0,0,2,172.3237,5.9571,social,social,social,0,0
U01439,new_cold_customer,fixed,5,2,1,8,25.7756,7.0788,social,social,social,0,1
U01440,loyal_customer,fixed,5,3,0,8,33.1042,4.4111,social,social,offer,0,1
U01441,high_intent,trigger,5,2,1,8,36.572,3.2282,social,social,email,0,1
U01442,high_intent,trigger,4,2,1,8,29.0064,3.8088,social,social,social,1,0
U01443,new_cold_customer,fixed,5,2,1,9,36.5772,1.8654,social,social,social,1,0
U01444,price_sensitive,fixed,1,0,0,1,0.0,11.3492,email,email,email,0,0
U01445,high_intent,fixed,7,7,3,19,15.7982,1.9243,social,social,email,1,0
U01446,new_cold_customer,trigger,4,3,1,8,29.1121,3.554,social,email,offer,0,1
U01447,new_cold_customer,hybrid,2,2,1,6,14.1702,9.9473,social,social,social,1,0
U01448,high_intent,fixed,5,2,1,8,33.6491,1.7824,email,ad,email,0,1
U01449,new_cold_customer,fixed,2,2,1,5,5.1619,9.9211,social,social,social,0,1
U01450,high_intent,fixed,4,2,1,8,37.8624,3.8105,social,social,social,1,0
U01451,new_cold_customer,fixed,5,0,0,5,67.6616,3.6194,social,social,ad,0,0
U01452,low_engagement,fixed,3,0,0,3,32.9305,2.1433,social,social,social,0,0
U01453,new_cold_customer,fixed,3,1,0,4,5.048,11.1963,social,social,ad,0,1
U01454,new_cold_customer,trigger,2,1,1,4,6.3014,3.3474,social,social,social,0,1
U01455,loyal_customer,hybrid,6,4,0,10,33.9095,1.9088,email,social,email,0,1
U01456,new_cold_customer,fixed,3,2,1,6,52.698,2.8409,social,social,social,0,1
U01457,loyal_customer,hybrid,2,2,1,5,20.1726,4.7146,social,social,ad,0,1
U01458,price_sensitive,fixed,1,0,0,1,0.0,3.3789,social,social,social,0,0
U01459,loyal_customer,fixed,3,2,0,5,49.9789,6.2954,social,email,social,0,1
U01460,new_cold_customer,hybrid,5,2,2,10,28.8976,2.2332,social,social,social,1,0
U01461,low_engagement,trigger,2,0,0,2,161.0361,6.042,social,social,social,0,0
U01462,low_engagement,trigger,4,1,0,5,53.263,3.0382,email,email,email,0,1
U01463,new_cold_customer,hybrid,2,1,0,3,48.0464,3.195,social,social,ad,0,1
U01464,low_engagement,fixed,3,0,0,3,109.4469,2.9586,email,email,ad,0,0
U01465,high_intent,trigger,7,5,5,18,19.0568,1.4151,email,social,email,1,0
U01466,loyal_customer,fixed,4,0,0,4,56.799,7.8274,social,social,social,0,0
U01467,new_cold_customer,fixed,5,2,1,8,30.3538,1.0999,social,social,social,0,1
U01468,new_cold_customer,fixed,3,0,0,3,85.6703,4.7404,social,social,social,0,0
U01469,high_intent,trigger,5,3,2,11,14.782,3.751,email,email,email,1,0
U01470,low_engagement,hybrid,1,0,0,1,0.0,10.1018,ad,ad,ad,0,0
U01471,low_engagement,hybrid,3,1,1,5,46.4401,6.7379,email,email,ad,0,1
U01472,price_sensitive,fixed,3,1,0,4,88.6823,3.6046,social,social,email,0,1
U01473,loyal_customer,fixed,2,2,1,6,28.8507,3.6024,social,social,social,1,0
U01474,loyal_customer,trigger,4,1,0,5,30.7459,7.6078,social,email,social,0,1
U01475,new_cold_customer,hybrid,2,1,0,3,106.9397,4.7472,social,social,social,0,1
U01476,new_cold_customer,hybrid,4,3,2,10,33.7132,1.47,social,social,social,1,0
U01477,price_sensitive,hybrid,3,0,0,3,60.7783,1.3125,social,email,social,0,0
U01478,low_engagement,hybrid,2,1,0,3,59.5251,8.9572,social,social,social,0,1
U01479,price_sensitive,trigger,1,1,1,3,0.0,6.3623,social,social,social,0,1
U01480,low_engagement,trigger,2,0,0,2,226.4376,5.0191,email,email,social,0,0
U01481,price_sensitive,hybrid,2,2,0,4,36.4165,5.9772,email,email,social,0,1
U01482,high_intent,hybrid,5,1,0,6,47.6656,3.158,social,social,social,0,1
U01483,new_cold_customer,fixed,2,1,1,4,30.9177,8.2241,social,email,social,0,1
U01484,new_cold_customer,trigger,4,0,0,4,61.1232,6.1126,social,social,social,0,0
U01485,new_cold_customer,fixed,5,0,0,5,74.7114,1.379,social,ad,email,0,0
U01486,new_cold_customer,trigger,2,0,0,2,50.2496,7.4302,social,social,social,0,0
U01487,low_engagement,hybrid,2,0,0,2,76.6791,6.4077,social,social,social,0,0
U01488,low_engagement,hybrid,2,0,0,2,24.4653,3.3072,social,social,social,0,0
U01489,new_cold_customer,hybrid,5,2,1,8,23.6627,6.0372,ad,social,social,0,1
U01490,loyal_customer,hybrid,6,3,2,12,15.1778,7.4567,social,email,social,1,0
U01491,new_cold_customer,fixed,3,2,1,6,27.9834,7.6916,ad,ad,social,0,1
U01492,price_sensitive,fixed,1,0,0,1,0.0,14.4649,email,email,email,0,0
U01493,loyal_customer,hybrid,2,1,0,3,73.3575,3.1802,social,social,social,0,1
U01494,low_engagement,hybrid,3,1,1,5,41.1483,5.4159,social,social,social,0,1
U01495,new_cold_customer,fixed,3,1,0,4,77.8866,2.1952,email,ad,email,0,1
U01496,high_intent,fixed,7,6,4,20,12.3395,4.214,social,social,social,1,0
U01497,loyal_customer,hybrid,5,1,1,7,42.5044,2.7108,social,ad,social,0,1
U01498,high_intent,hybrid,6,5,3,16,14.2593,1.1882,social,social,social,1,0
U01499,new_cold_customer,hybrid,2,0,0,2,141.6023,3.6303,social,social,social,0,0
U01500,new_cold_customer,trigger,4,2,0,6,31.9451,6.5104,social,social,social,0,1
U01501,new_cold_customer,hybrid,4,3,0,7,39.1658,3.199,social,social,social,0,1
U01502,price_sensitive,hybrid,2,0,0,2,11.2516,10.4375,email,email,social,0,0
U01503,high_intent,trigger,6,3,3,13,19.9416,1.2806,social,offer,social,1,0
U01504,loyal_customer,fixed,3,1,1,5,60.7171,4.3848,social,email,social,0,1
U01505,low_engagement,hybrid,2,0,0,2,46.3139,11.9161,social,social,social,0,0
U01506,new_cold_customer,fixed,4,1,1,6,44.6247,3.9998,social,social,ad,0,1
U01507,new_cold_customer,hybrid,2,1,0,3,99.8477,6.0731,social,social,social,0,1
U01508,new_cold_customer,hybrid,5,0,0,5,62.2877,3.5581,social,ad,offer,0,0
U01509,loyal_customer,hybrid,6,2,0,8,40.2448,2.2683,social,social,social,0,1
U01510,low_engagement,fixed,1,0,0,1,0.0,4.2434,email,email,email,0,0
U01511,low_engagement,trigger,2,0,0,2,225.343,2.6313,email,email,email,0,0
U01512,loyal_customer,fixed,4,3,1,8,7.296,5.5386,social,social,social,0,1
U01513,high_intent,trigger,4,2,1,7,27.2017,7.9741,social,social,social,0,1
U01514,new_cold_customer,fixed,3,1,0,4,81.2341,1.0372,social,social,social,0,1
U01515,new_cold_customer,trigger,5,3,0,8,38.7819,2.0906,social,social,social,0,1
U01516,new_cold_customer,fixed,2,2,1,5,15.0144,1.6729,social,social,social,0,1
U01517,new_cold_customer,trigger,2,2,0,4,36.1547,4.5993,social,social,ad,0,1
U01518,new_cold_customer,fixed,2,0,0,2,155.0264,2.208,social,social,social,0,0
U01519,loyal_customer,fixed,4,2,0,6,37.8938,5.4447,email,social,ad,0,1
U01520,high_intent,hybrid,5,3,1,9,26.0451,2.6954,social,social,social,0,1
U01521,low_engagement,hybrid,1,0,0,1,0.0,9.4959,social,social,social,0,0
U01522,low_engagement,hybrid,4,1,0,5,57.1547,5.2951,email,email,email,0,1
U01523,new_cold_customer,hybrid,4,3,0,7,33.4646,1.5306,social,ad,social,0,1
U01524,new_cold_customer,hybrid,3,3,0,6,23.6453,9.7697,social,ad,social,0,1
U01525,low_engagement,trigger,3,1,0,4,48.4665,4.7056,email,email,email,0,1
U01526,new_cold_customer,trigger,2,1,0,3,78.3721,3.636,social,social,social,0,1
U01527,high_intent,trigger,4,3,1,9,14.8221,9.0769,email,email,email,1,0
U01528,low_engagement,hybrid,2,1,0,3,90.3069,6.4567,social,email,social,0,1
U01529,low_engagement,fixed,2,1,0,3,67.625,6.4881,social,social,social,0,1
U01530,loyal_customer,fixed,3,3,0,6,35.2974,2.6183,social,social,social,0,1
U01531,high_intent,hybrid,7,5,2,15,14.9728,3.6421,email,email,email,1,0
U01532,loyal_customer,trigger,5,3,0,8,35.082,1.6615,social,social,email,0,1
U01533,low_engagement,hybrid,3,1,0,4,62.722,3.4899,social,social,social,0,1
U01534,loyal_customer,hybrid,3,2,0,5,29.3984,4.1715,social,email,social,0,1
U01535,new_cold_customer,hybrid,2,2,0,4,15.8841,12.2765,social,social,social,0,1
U01536,new_cold_customer,trigger,2,0,0,2,38.0831,6.7209,social,social,social,0,0
U01537,new_cold_customer,fixed,3,0,0,3,62.4229,7.9441,social,social,ad,0,0
U01538,low_engagement,trigger,3,2,0,5,8.7522,8.3475,social,social,social,0,1
U01539,high_intent,hybrid,6,4,2,14,21.305,3.0569,social,social,offer,1,0
U01540,new_cold_customer,trigger,5,2,1,8,30.0505,4.8662,social,social,social,0,1
U01541,loyal_customer,trigger,4,0,0,4,50.8285,1.4391,social,social,social,0,0
U01542,loyal_customer,hybrid,4,0,0,4,17.0027,12.1568,social,social,social,0,0
U01543,new_cold_customer,trigger,3,1,0,4,25.884,6.8695,social,social,social,0,1
U01544,loyal_customer,hybrid,4,0,0,4,75.3657,2.0858,social,social,social,0,0
U01545,low_engagement,hybrid,4,0,0,4,24.7436,4.1323,social,social,social,0,0
U01546,loyal_customer,fixed,3,2,0,5,44.9355,1.8818,ad,social,email,0,1
U01547,low_engagement,trigger,2,0,0,2,13.1647,9.5763,social,social,social,0,0
U01548,new_cold_customer,fixed,4,1,1,6,57.1374,2.3489,social,social,social,0,1
U01549,new_cold_customer,hybrid,4,3,0,7,27.155,4.1699,social,social,social,0,1
U01550,low_engagement,trigger,4,1,1,6,29.445,2.2868,social,ad,ad,0,1
U01551,price_sensitive,hybrid,2,1,0,3,23.3851,1.1289,social,social,social,0,1
U01552,high_intent,hybrid,8,6,2,17,15.4992,2.2892,social,social,social,1,0
U01553,low_engagement,fixed,2,0,0,2,11.9944,9.1725,social,social,social,0,0
U01554,loyal_customer,hybrid,4,4,3,11,20.5712,4.0438,social,social,email,0,1
U01555,new_cold_customer,hybrid,3,2,2,7,16.8625,4.6854,social,social,social,0,1
U01556,low_engagement,fixed,3,0,0,3,42.9512,4.9098,social,social,social,0,0
U01557,new_cold_customer,fixed,5,0,0,5,48.3534,4.0096,social,ad,social,0,0
U01558,new_cold_customer,fixed,5,1,0,6,54.2118,2.5621,social,social,social,0,1
U01559,loyal_customer,fixed,2,0,0,2,29.4914,4.427,email,email,ad,0,0
U01560,low_engagement,hybrid,1,0,0,1,0.0,1.5448,social,social,social,0,0
U01561,new_cold_customer,fixed,5,2,0,7,38.7114,4.2058,social,social,social,0,1
U01562,new_cold_customer,trigger,5,3,1,9,30.9403,1.167,social,social,social,0,1
U01563,low_engagement,hybrid,3,1,0,4,68.0448,3.7398,social,social,social,0,1
U01564,new_cold_customer,trigger,3,1,0,4,26.6302,6.6341,social,social,social,0,1
U01565,loyal_customer,hybrid,2,0,0,2,315.704,1.0709,ad,ad,social,0,0
U01566,new_cold_customer,trigger,2,0,0,2,22.9098,13.1118,social,social,social,0,0
U01567,new_cold_customer,hybrid,5,3,0,8,39.9482,2.2153,social,social,social,0,1
U01568,new_cold_customer,trigger,2,0,0,2,50.8323,11.2066,social,social,social,0,0
U01569,new_cold_customer,trigger,2,1,0,3,62.5471,8.5305,social,social,social,0,1
U01570,price_sensitive,fixed,3,1,0,4,97.6221,1.0349,email,email,social,0,1
U01571,low_engagement,fixed,1,1,0,2,0.0,14.6861,social,social,social,0,1
U01572,new_cold_customer,fixed,3,0,0,3,71.1541,5.7728,social,social,ad,0,0
U01573,loyal_customer,hybrid,4,1,0,5,22.4016,10.8726,social,social,social,0,1
U01574,new_cold_customer,trigger,4,0,0,4,95.8891,1.9718,social,social,social,0,0
U01575,loyal_customer,trigger,4,4,1,10,19.364,5.5449,social,social,social,1,0
U01576,low_engagement,hybrid,1,0,0,1,0.0,14.0115,social,social,social,0,0
U01577,loyal_customer,hybrid,3,2,0,5,68.9988,3.3024,ad,ad,email,0,1
U01578,price_sensitive,hybrid,1,0,0,1,0.0,1.6435,ad,ad,ad,0,0
U01579,loyal_customer,hybrid,3,1,0,4,30.5643,6.9761,social,social,social,0,1
U01580,high_intent,fixed,5,3,0,8,8.0112,4.8305,email,email,social,0,1
U01581,low_engagement,hybrid,1,0,0,1,0.0,3.509,social,social,social,0,0
U01582,loyal_customer,trigger,2,0,0,2,74.1679,9.4347,email,email,social,0,0
U01583,new_cold_customer,hybrid,3,2,1,6,23.3019,3.4013,social,social,social,0,1
U01584,low_engagement,trigger,4,2,1,8,34.2153,2.3684,social,social,social,1,0
U01585,low_engagement,fixed,3,0,0,3,52.3534,4.5955,social,social,social,0,0
U01586,high_intent,hybrid,3,2,1,6,48.1337,2.1674,social,social,social,0,1
U01587,low_engagement,fixed,4,3,1,9,26.9455,1.6388,social,social,social,1,0
U01588,loyal_customer,hybrid,3,1,0,4,61.8288,1.9377,social,social,social,0,1
U01589,loyal_customer,hybrid,5,2,1,8,36.7508,1.4423,social,social,email,0,1
U01590,low_engagement,hybrid,3,0,0,3,116.3638,3.4938,social,social,social,0,0
U01591,loyal_customer,fixed,3,2,0,5,36.0731,4.6301,social,email,social,0,1
U01592,loyal_customer,fixed,2,0,0,2,196.3442,3.2451,email,email,social,0,0
U01593,new_cold_customer,fixed,5,3,0,8,35.9032,3.7607,social,social,social,0,1
U01594,low_engagement,fixed,1,1,1,3,0.0,14.0737,social,social,social,0,1
U01595,high_intent,trigger,3,2,2,8,31.5504,4.7352,social,social,email,1,0
U01596,new_cold_customer,hybrid,2,1,0,3,50.7113,7.1093,ad,social,ad,0,1
U01597,low_engagement,trigger,3,1,0,4,84.1794,1.5792,social,social,social,0,1
U01598,new_cold_customer,trigger,5,2,2,9,22.995,2.8375,social,social,social,0,1
U01599,new_cold_customer,hybrid,3,2,2,7,29.0019,7.3365,social,social,social,0,1
U01600,low_engagement,hybrid,4,3,1,8,17.5748,4.6105,social,social,ad,0,1
U01601,new_cold_customer,hybrid,2,2,1,5,3.3065,11.8525,social,social,social,0,1
U01602,low_engagement,trigger,4,0,0,4,41.3965,9.1838,social,ad,social,0,0
U01603,new_cold_customer,trigger,5,1,0,6,37.9377,7.0167,social,email,social,0,1
U01604,price_sensitive,trigger,3,0,0,3,12.047,5.986,social,social,social,0,0
U01605,new_cold_customer,hybrid,2,0,0,2,83.0208,4.7622,social,social,social,0,0
U01606,low_engagement,hybrid,4,1,1,6,31.7752,6.27,social,social,social,0,1
U01607,low_engagement,hybrid,4,1,0,5,37.8793,1.3932,social,email,social,0,1
U01608,loyal_customer,hybrid,5,3,0,8,40.9579,1.2442,social,social,social,0,1
U01609,low_engagement,fixed,4,2,0,6,46.1307,2.2665,social,social,social,0,1
U01610,high_intent,fixed,7,5,2,15,15.8475,4.0377,social,social,email,1,0
U01611,loyal_customer,trigger,4,3,2,9,25.996,4.8261,email,social,email,0,1
U01612,high_intent,hybrid,7,5,3,18,15.701,1.9957,social,social,email,1,0
U01613,low_engagement,hybrid,1,1,0,2,0.0,3.3897,social,social,social,0,1
U01614,price_sensitive,hybrid,1,0,0,1,0.0,2.9278,email,email,email,0,0
U01615,new_cold_customer,hybrid,4,3,0,7,31.1623,6.0456,social,social,social,0,1
U01616,new_cold_customer,fixed,4,1,0,5,39.7529,5.2773,social,social,social,0,1
U01617,new_cold_customer,hybrid,4,1,0,5,22.8449,7.3364,social,social,social,0,1
U01618,new_cold_customer,trigger,2,1,0,3,86.6215,4.7452,social,social,social,0,1
U01619,high_intent,trigger,6,3,2,12,23.0439,1.6325,email,email,ad,1,0
U01620,low_engagement,fixed,2,1,0,3,37.0356,6.7249,social,social,social,0,1
U01621,price_sensitive,trigger,1,0,0,1,0.0,3.8012,social,social,social,0,0
U01622,loyal_customer,trigger,3,1,1,5,52.0482,1.6053,social,social,social,0,1
U01623,new_cold_customer,hybrid,4,1,0,5,50.9815,1.5511,social,social,social,0,1
U01624,new_cold_customer,fixed,3,1,0,4,79.3277,3.3006,social,social,social,0,1
U01625,new_cold_customer,hybrid,2,1,0,3,50.752,2.1851,social,social,social,0,1
U01626,low_engagement,fixed,4,2,0,6,38.774,3.6951,social,social,social,0,1
U01627,loyal_customer,fixed,4,2,0,6,56.3007,1.5883,social,social,social,0,1
U01628,loyal_customer,trigger,5,3,0,8,35.677,3.2161,email,email,ad,0,1
U01629,high_intent,hybrid,5,3,3,12,16.3921,6.7763,email,social,email,1,0
U01630,price_sensitive,trigger,3,0,0,3,110.7713,2.6861,social,social,social,0,0
U01631,low_engagement,hybrid,1,0,0,1,0.0,8.666,social,social,social,0,0
U01632,loyal_customer,fixed,6,1,0,7,28.0244,7.8573,social,ad,social,0,1
U01633,low_engagement,fixed,3,0,0,3,101.5245,1.581,social,email,social,0,0
U01634,loyal_customer,hybrid,3,2,0,5,48.5996,2.8587,social,social,social,0,1
U01635,low_engagement,fixed,4,0,0,4,74.0023,1.8217,social,social,social,0,0
U01636,low_engagement,fixed,3,0,0,3,30.1859,4.9998,email,email,social,0,0
U01637,low_engagement,fixed,1,0,0,1,0.0,6.5351,email,email,email,0,0
U01638,low_engagement,hybrid,1,0,0,1,0.0,13.6033,social,social,social,0,0
U01639,low_engagement,fixed,2,0,0,2,33.8692,7.7064,social,social,social,0,0
U01640,high_intent,fixed,5,3,3,14,21.7252,2.6264,social,social,social,1,0
U01641,high_intent,hybrid,6,6,3,17,11.9795,3.4564,email,social,email,1,0
U01642,low_engagement,hybrid,4,1,0,5,36.5524,2.2782,social,social,social,0,1
U01643,high_intent,trigger,3,2,1,6,15.1986,10.871,social,email,social,0,1
U01644,low_engagement,fixed,4,1,0,5,48.7203,1.9897,offer,social,ad,0,1
U01645,high_intent,trigger,6,5,3,15,19.5234,1.9886,social,email,social,1,0
U01646,new_cold_customer,trigger,4,2,0,6,58.4097,2.1354,social,social,social,0,1
U01647,new_cold_customer,hybrid,4,3,0,7,42.4341,1.4604,social,social,social,0,1
U01648,new_cold_customer,hybrid,2,1,1,4,21.119,5.0409,social,social,social,0,1
U01649,low_engagement,fixed,4,2,0,6,34.1704,7.4766,email,email,social,0,1
U01650,new_cold_customer,hybrid,3,2,0,5,51.584,4.3714,social,social,ad,0,1
U01651,new_cold_customer,fixed,4,2,1,7,28.7452,4.3296,social,ad,social,0,1
U01652,price_sensitive,trigger,2,0,0,2,13.0478,8.6077,email,email,email,0,0
U01653,new_cold_customer,fixed,2,1,0,3,4.4906,5.3748,social,social,social,0,1
U01654,low_engagement,fixed,3,1,0,4,65.9401,3.8797,social,social,social,0,1
U01655,price_sensitive,trigger,2,0,0,2,128.4486,8.0125,social,social,email,0,0
U01656,price_sensitive,hybrid,1,0,0,1,0.0,14.3651,social,social,social,0,0
U01657,low_engagement,hybrid,2,2,0,4,0.4439,9.708,social,social,social,0,1
U01658,high_intent,fixed,8,4,1,14,18.498,1.3484,social,social,ad,1,0
U01659,new_cold_customer,hybrid,3,0,0,3,82.789,7.3867,social,email,social,0,0
U01660,low_engagement,hybrid,3,0,0,3,85.3913,1.0477,email,email,email,0,0
U01661,new_cold_customer,fixed,5,1,0,6,46.6672,3.0534,social,social,email,0,1
U01662,new_cold_customer,hybrid,5,2,1,8,22.3221,7.3789,social,social,social,0,1
U01663,low_engagement,trigger,4,1,1,6,46.6312,5.1517,social,social,email,0,1
U01664,loyal_customer,fixed,6,3,1,10,32.699,2.7359,social,email,social,0,1
U01665,high_intent,trigger,5,5,2,12,19.0063,4.8348,social,social,social,0,1
U01666,high_intent,hybrid,4,3,2,9,25.1277,5.1438,social,social,email,0,1
U01667,new_cold_customer,fixed,5,2,0,7,48.9538,1.294,social,social,social,0,1
U01668,low_engagement,fixed,2,1,0,3,18.3936,11.644,social,social,social,0,1
U01669,new_cold_customer,fixed,2,1,1,4,32.2307,6.2424,social,social,social,0,1
U01670,new_cold_customer,fixed,4,1,0,5,70.2426,1.775,social,social,social,0,1
U01671,new_cold_customer,hybrid,3,2,0,5,49.9056,5.6356,social,social,social,0,1
U01672,new_cold_customer,trigger,3,0,0,3,84.6013,6.6832,social,social,ad,0,0
U01673,new_cold_customer,fixed,5,2,1,8,32.4086,4.3303,social,social,social,0,1
U01674,loyal_customer,hybrid,3,2,0,5,66.7328,1.4623,social,email,social,0,1
U01675,low_engagement,hybrid,3,1,0,4,61.7548,5.9915,social,ad,social,0,1
U01676,high_intent,trigger,5,5,2,13,11.8117,2.3629,social,social,social,1,0
U01677,low_engagement,fixed,3,2,0,5,29.377,6.4455,social,social,social,0,1
U01678,new_cold_customer,fixed,5,2,1,8,42.3968,2.0045,social,social,social,0,1
U01679,new_cold_customer,hybrid,5,0,0,5,68.6157,1.4925,social,ad,social,0,0
U01680,loyal_customer,trigger,5,3,1,9,20.8064,4.8129,social,social,social,0,1
U01681,high_intent,fixed,4,2,1,8,28.0072,5.2532,email,email,social,1,0
U01682,high_intent,trigger,7,7,5,21,10.6708,4.0316,social,email,social,1,0
U01683,low_engagement,hybrid,1,0,0,1,0.0,11.8937,social,social,social,0,0
U01684,low_engagement,hybrid,3,1,1,5,62.9487,3.2977,social,social,social,0,1
U01685,new_cold_customer,hybrid,4,3,2,10,23.5101,2.3975,social,social,social,1,0
U01686,low_engagement,hybrid,2,1,0,3,58.5808,7.7536,social,social,social,0,1
U01687,new_cold_customer,hybrid,3,2,0,5,58.0345,4.4627,social,ad,social,0,1
U01688,low_engagement,trigger,2,0,0,2,5.1088,1.8098,social,social,social,0,0
U01689,high_intent,fixed,8,6,4,20,15.3291,1.2899,social,social,social,1,0
U01690,low_engagement,hybrid,1,0,0,1,0.0,14.8435,social,social,social,0,0
U01691,high_intent,trigger,5,4,1,11,18.7637,3.2603,social,social,social,1,0
U01692,low_engagement,hybrid,4,2,1,7,38.2023,5.0043,offer,offer,email,0,1
U01693,new_cold_customer,trigger,5,3,1,9,34.9747,2.5685,social,social,email,0,1
U01694,high_intent,hybrid,5,2,0,7,23.8614,8.8128,social,social,email,0,1
U01695,price_sensitive,trigger,3,0,0,3,86.6402,5.4802,email,social,email,0,0
U01696,loyal_customer,trigger,6,2,1,9,33.7675,3.4249,social,social,social,0,1
U01697,high_intent,trigger,7,5,3,16,16.958,2.1897,social,social,social,1,0
U01698,high_intent,trigger,5,4,2,12,28.9081,1.4287,social,social,social,1,0
U01699,low_engagement,fixed,1,0,0,1,0.0,4.4489,social,social,social,0,0
U01700,low_engagement,fixed,1,0,0,1,0.0,12.9341,social,social,social,0,0
U01701,new_cold_customer,trigger,5,3,1,9,34.2491,1.5354,social,social,social,0,1
U01702,low_engagement,hybrid,3,1,0,4,26.4279,2.5484,social,email,social,0,1
U01703,new_cold_customer,trigger,2,0,0,2,4.9234,2.554,social,social,social,0,0
U01704,new_cold_customer,trigger,2,1,0,3,19.8767,8.7828,social,social,social,0,1
U01705,loyal_customer,trigger,6,1,1,9,38.389,1.698,social,social,social,1,0
U01706,new_cold_customer,trigger,2,0,0,2,209.3041,2.3809,social,social,ad,0,0
U01707,new_cold_customer,trigger,2,1,0,3,68.6136,6.3629,email,social,email,0,1
U01708,loyal_customer,hybrid,3,1,0,4,19.9927,6.7979,social,social,social,0,1
U01709,new_cold_customer,hybrid,5,3,0,8,30.0358,4.8973,social,email,social,0,1
U01710,loyal_customer,trigger,4,1,1,6,42.6583,5.443,social,offer,social,0,1
U01711,new_cold_customer,trigger,4,1,1,6,39.7657,3.2929,social,social,social,0,1
U01712,new_cold_customer,hybrid,2,1,0,3,5.418,2.5801,email,social,email,0,1
U01713,new_cold_customer,trigger,5,5,2,12,16.0671,5.5546,social,social,social,0,1
U01714,new_cold_customer,fixed,3,2,0,5,52.2505,6.1399,social,social,email,0,1
U01715,new_cold_customer,hybrid,5,2,0,7,42.0314,1.5086,social,social,ad,0,1
U01716,high_intent,trigger,6,4,1,11,17.4023,5.1514,social,social,offer,0,1
U01717,low_engagement,trigger,2,0,0,2,133.9304,5.9147,social,social,social,0,0
U01718,price_sensitive,hybrid,3,0,0,3,77.9651,2.697,email,email,email,0,0
U01719,price_sensitive,hybrid,1,1,0,2,0.0,2.4023,email,email,email,0,1
U01720,price_sensitive,hybrid,2,0,0,2,104.8749,3.3658,ad,ad,social,0,0
U01721,loyal_customer,trigger,6,2,1,9,27.526,3.2753,social,social,social,0,1
U01722,low_engagement,fixed,1,1,0,2,0.0,6.3618,email,email,email,0,1
U01723,high_intent,trigger,4,3,2,9,13.2203,1.5942,email,email,social,0,1
U01724,new_cold_customer,hybrid,4,0,0,4,78.9346,3.3958,social,social,social,0,0
U01725,high_intent,trigger,4,3,3,11,18.8015,5.8245,email,social,email,1,0
U01726,low_engagement,fixed,4,0,0,4,90.247,3.0602,social,social,social,0,0
U01727,low_engagement,hybrid,2,0,0,2,89.6285,2.7658,email,email,social,0,0
U01728,new_cold_customer,fixed,3,1,0,4,63.3604,3.5636,social,social,social,0,1
U01729,high_intent,fixed,4,2,1,7,40.3402,3.1417,social,social,social,0,1
U01730,low_engagement,trigger,3,2,0,5,55.0801,3.4957,social,social,social,0,1
U01731,high_intent,hybrid,5,5,2,13,7.6135,7.246,social,social,email,1,0
U01732,new_cold_customer,fixed,2,2,2,7,8.0137,8.2052,social,social,social,1,0
U01733,loyal_customer,hybrid,3,3,0,6,52.2991,4.0019,social,email,social,0,1
U01734,new_cold_customer,fixed,3,1,0,4,22.7805,6.8024,social,social,social,0,1
U01735,high_intent,hybrid,4,1,1,6,46.9264,1.9985,social,social,email,0,1
U01736,low_engagement,trigger,3,3,1,7,13.0575,4.221,social,social,social,0,1
U01737,low_engagement,hybrid,4,2,0,6,18.9671,11.0011,email,email,social,0,1
U01738,low_engagement,trigger,3,0,0,3,55.2349,1.4722,social,ad,social,0,0
U01739,new_cold_customer,trigger,5,2,0,7,30.0971,5.8018,social,ad,social,0,1
U01740,low_engagement,trigger,1,0,0,1,0.0,13.2058,social,social,social,0,0
U01741,price_sensitive,fixed,3,1,0,4,58.7407,3.2656,offer,social,offer,0,1
U01742,loyal_customer,trigger,2,1,0,3,31.518,10.7827,social,social,email,0,1
U01743,high_intent,fixed,7,7,3,19,15.7136,2.9592,social,social,email,1,0
U01744,loyal_customer,fixed,6,1,0,7,38.4361,3.6477,social,social,social,0,1
U01745,high_intent,fixed,7,6,2,15,19.8075,2.0765,email,email,social,0,1
U01746,loyal_customer,trigger,3,1,0,4,67.4303,5.7538,email,email,email,0,1
U01747,price_sensitive,hybrid,3,2,0,5,37.1908,4.5728,social,social,social,0,1
U01748,new_cold_customer,fixed,5,0,0,5,47.8006,4.71,social,ad,social,0,0
U01749,low_engagement,fixed,3,1,1,5,60.1028,3.5912,social,social,social,0,1
U01750,loyal_customer,hybrid,4,3,1,8,47.0212,1.1538,social,email,ad,0,1
U01751,low_engagement,hybrid,1,0,0,1,0.0,12.0072,social,social,social,0,0
U01752,new_cold_customer,hybrid,3,2,1,6,37.3623,5.8401,email,email,social,0,1
U01753,new_cold_customer,hybrid,2,0,0,2,25.0657,8.6309,social,social,social,0,0
U01754,price_sensitive,fixed,1,1,0,2,0.0,9.1057,social,social,social,0,1
U01755,low_engagement,fixed,2,0,0,2,108.9153,5.4123,social,social,social,0,0
U01756,new_cold_customer,trigger,2,1,1,4,21.9968,11.5557,social,social,ad,0,1
U01757,loyal_customer,trigger,5,2,1,9,23.9517,2.2591,social,social,ad,1,0
U01758,low_engagement,hybrid,1,1,0,2,0.0,4.2362,social,social,social,0,1
U01759,loyal_customer,fixed,5,3,2,11,19.4806,2.6544,social,social,email,1,0
U01760,loyal_customer,fixed,5,2,2,9,22.6591,6.1817,social,social,social,0,1
U01761,price_sensitive,trigger,1,0,0,1,0.0,1.5286,email,email,email,0,0
U01762,new_cold_customer,fixed,3,1,0,4,101.3105,1.4848,social,social,social,0,1
U01763,low_engagement,hybrid,1,0,0,1,0.0,7.1332,social,social,social,0,0
U01764,low_engagement,trigger,2,0,0,2,18.5261,8.3489,social,social,social,0,0
U01765,high_intent,hybrid,6,5,3,16,12.5848,4.3141,email,email,email,1,0
U01766,high_intent,trigger,6,4,2,12,23.2894,1.5017,social,email,social,0,1
U01767,low_engagement,trigger,1,0,0,1,0.0,5.1774,social,social,social,0,0
U01768,new_cold_customer,trigger,2,1,0,3,24.2253,3.8328,ad,ad,email,0,1
U01769,low_engagement,hybrid,3,2,0,5,16.0577,6.2998,social,social,social,0,1
U01770,low_engagement,fixed,3,0,0,3,128.9512,4.037,social,social,social,0,0
U01771,new_cold_customer,trigger,2,0,0,2,305.3369,1.8384,social,social,email,0,0
U01772,low_engagement,hybrid,4,1,0,5,61.8186,3.0873,social,social,social,0,1
U01773,low_engagement,hybrid,1,1,1,3,0.0,7.3855,social,social,social,0,1
U01774,new_cold_customer,trigger,3,2,0,5,41.425,7.8711,social,social,social,0,1
U01775,loyal_customer,trigger,3,1,0,4,57.2681,7.5471,social,social,email,0,1
U01776,new_cold_customer,hybrid,2,1,1,4,70.3639,1.7399,ad,social,ad,0,1
U01777,loyal_customer,trigger,2,0,0,2,119.7988,4.0437,social,social,email,0,0
U01778,high_intent,hybrid,7,6,4,19,13.1646,2.3839,social,social,social,1,0
U01779,new_cold_customer,fixed,5,2,1,8,40.4656,2.3709,social,social,social,0,1
U01780,new_cold_customer,fixed,4,3,2,9,22.6284,6.7724,social,social,social,0,1
U01781,low_engagement,trigger,1,0,0,1,0.0,13.0884,email,email,email,0,0
U01782,high_intent,hybrid,8,6,3,20,13.8088,3.0674,social,social,social,1,0
U01783,high_intent,fixed,3,3,3,9,8.6102,6.3895,social,social,email,0,1
U01784,loyal_customer,fixed,6,4,2,13,19.844,1.2772,social,social,social,1,0
U01785,loyal_customer,trigger,3,1,0,4,56.2639,2.5482,social,social,social,0,1
U01786,price_sensitive,fixed,3,1,0,4,16.0532,2.8572,social,email,social,0,1
U01787,new_cold_customer,trigger,4,1,0,5,42.2922,1.4937,social,social,social,0,1
U01788,loyal_customer,fixed,2,0,0,2,20.2168,12.0525,email,email,social,0,0
U01789,low_engagement,hybrid,2,1,0,3,28.2268,1.9456,social,social,social,0,1
U01790,loyal_customer,trigger,4,2,2,9,18.2768,5.6766,social,email,offer,1,0
U01791,new_cold_customer,hybrid,3,1,1,5,70.5707,1.9952,social,social,social,0,1
U01792,loyal_customer,hybrid,2,1,1,4,14.8234,11.3089,email,social,email,0,1
U01793,new_cold_customer,hybrid,3,1,0,4,56.847,6.2453,social,social,social,0,1
U01794,low_engagement,fixed,3,0,0,3,157.8313,1.1713,social,social,email,0,0
U01795,new_cold_customer,trigger,2,1,0,3,28.6086,4.7583,social,social,social,0,1
U01796,new_cold_customer,trigger,2,1,1,4,34.9551,1.975,social,social,social,0,1
U01797,new_cold_customer,hybrid,2,0,0,2,106.0808,10.0532,social,social,social,0,0
U01798,low_engagement,fixed,2,0,0,2,114.3123,2.0764,ad,ad,social,0,0
U01799,low_engagement,hybrid,2,0,0,2,6.9451,12.8873,social,social,email,0,0
U01800,low_engagement,trigger,2,1,1,4,29.4616,10.1142,social,social,social,0,1
U01801,loyal_customer,trigger,2,1,1,4,0.5328,13.9506,social,ad,social,0,1
U01802,loyal_customer,trigger,4,2,2,9,5.8077,9.1489,offer,ad,email,1,0
U01803,new_cold_customer,hybrid,3,1,1,5,66.151,1.1589,ad,ad,social,0,1
U01804,new_cold_customer,fixed,4,2,0,6,55.6676,1.9321,social,social,offer,0,1
U01805,low_engagement,hybrid,3,1,0,4,82.0914,2.0241,social,social,social,0,1
U01806,low_engagement,hybrid,1,0,0,1,0.0,6.8879,social,social,social,0,0
U01807,loyal_customer,fixed,6,3,0,9,20.0681,1.6097,social,social,social,0,1
U01808,new_cold_customer,hybrid,5,1,1,7,36.5032,4.0828,social,ad,social,0,1
U01809,loyal_customer,trigger,4,4,1,9,31.3094,2.6859,social,ad,social,0,1
U01810,low_engagement,trigger,4,1,0,5,32.7107,4.4043,social,social,email,0,1
U01811,low_engagement,fixed,3,0,0,3,129.8686,3.9763,social,social,social,0,0
U01812,low_engagement,fixed,1,0,0,1,0.0,11.4495,social,social,social,0,0
U01813,low_engagement,hybrid,1,0,0,1,0.0,14.2687,social,social,social,0,0
U01814,new_cold_customer,trigger,4,1,0,5,77.9814,1.1684,social,social,social,0,1
U01815,loyal_customer,hybrid,6,2,2,10,17.4922,6.7666,social,social,social,0,1
U01816,loyal_customer,hybrid,2,0,0,2,46.235,12.0925,social,social,social,0,0
U01817,new_cold_customer,trigger,4,2,1,7,24.5925,8.0044,email,email,email,0,1
U01818,new_cold_customer,fixed,4,0,0,4,65.0459,4.0492,social,social,social,0,0
U01819,low_engagement,hybrid,2,2,0,4,36.9708,9.396,offer,offer,social,0,1
U01820,loyal_customer,hybrid,4,2,2,9,31.3857,1.0369,social,email,social,1,0
U01821,new_cold_customer,hybrid,4,3,0,7,50.6218,2.0457,social,social,social,0,1
U01822,loyal_customer,fixed,3,1,0,4,29.0528,11.0043,social,social,email,0,1
U01823,low_engagement,fixed,3,1,0,4,24.204,4.6957,social,social,social,0,1
U01824,low_engagement,trigger,4,2,0,6,11.8506,3.0793,social,social,social,0,1
U01825,new_cold_customer,fixed,4,2,0,6,57.7905,2.0757,social,social,ad,0,1
U01826,low_engagement,fixed,1,1,0,2,0.0,12.3557,ad,ad,ad,0,1
U01827,high_intent,trigger,8,7,3,21,15.5401,1.8325,social,offer,email,1,0
U01828,low_engagement,trigger,1,0,0,1,0.0,1.2145,email,email,email,0,0
U01829,loyal_customer,hybrid,6,3,2,12,20.595,4.8032,social,social,social,1,0
U01830,loyal_customer,hybrid,5,2,1,8,30.5923,2.4096,social,social,email,0,1
U01831,low_engagement,trigger,3,0,0,3,60.3778,6.4109,email,social,email,0,0
U01832,loyal_customer,trigger,4,2,0,6,35.6304,3.568,social,email,social,0,1
U01833,new_cold_customer,trigger,2,1,0,3,9.8147,6.5764,social,social,social,0,1
U01834,loyal_customer,fixed,2,1,0,3,22.1925,4.9498,social,social,social,0,1
U01835,high_intent,trigger,7,3,1,11,27.843,2.6912,email,email,social,0,1
U01836,low_engagement,hybrid,1,0,0,1,0.0,2.7768,social,social,social,0,0
U01837,loyal_customer,trigger,3,1,0,4,47.812,3.2349,social,social,social,0,1
U01838,new_cold_customer,fixed,2,1,0,3,80.6886,6.2038,social,social,social,0,1
U01839,new_cold_customer,hybrid,2,2,1,6,40.9877,1.149,social,social,social,1,0
U01840,high_intent,hybrid,5,3,0,8,21.3319,7.0365,social,social,social,0,1
U01841,loyal_customer,trigger,3,0,0,3,20.5505,4.9156,ad,ad,social,0,0
U01842,new_cold_customer,trigger,3,2,0,5,62.4637,2.8359,social,social,ad,0,1
U01843,low_engagement,trigger,1,0,0,1,0.0,10.985,social,social,social,0,0
U01844,loyal_customer,hybrid,4,1,0,5,40.2651,1.9227,social,email,email,0,1
U01845,new_cold_customer,fixed,2,0,0,2,116.8683,8.9025,social,social,social,0,0
U01846,loyal_customer,trigger,3,2,1,6,15.9807,1.6757,social,social,social,0,1
U01847,loyal_customer,hybrid,6,1,0,7,51.0845,1.8137,social,social,email,0,1
U01848,price_sensitive,fixed,1,0,0,1,0.0,6.4725,email,email,email,0,0
U01849,loyal_customer,trigger,4,3,1,8,31.4687,3.2866,social,social,social,0,1
U01850,low_engagement,trigger,1,0,0,1,0.0,2.3905,social,social,social,0,0
U01851,low_engagement,hybrid,2,1,0,3,133.177,1.4244,offer,social,offer,0,1
U01852,low_engagement,fixed,1,0,0,1,0.0,6.3331,social,social,social,0,0
U01853,new_cold_customer,fixed,2,1,0,3,32.4684,9.0207,social,social,social,0,1
U01854,high_intent,hybrid,4,3,2,10,26.6322,3.3803,social,social,social,1,0
U01855,loyal_customer,fixed,3,3,1,7,53.727,1.5646,email,social,ad,0,1
U01856,new_cold_customer,hybrid,3,2,0,5,75.0509,1.5093,ad,ad,social,0,1
U01857,low_engagement,hybrid,3,1,0,4,14.7867,9.3383,offer,ad,social,0,1
U01858,loyal_customer,hybrid,6,2,0,8,38.4918,2.9423,social,ad,social,0,1
U01859,loyal_customer,fixed,3,2,1,6,56.0407,2.922,offer,social,email,0,1
U01860,loyal_customer,hybrid,3,2,1,7,19.2603,7.5831,social,social,email,1,0
U01861,price_sensitive,hybrid,3,2,0,5,36.6867,4.9126,social,social,email,0,1
U01862,low_engagement,fixed,1,0,0,1,0.0,9.575,social,social,social,0,0
U01863,new_cold_customer,fixed,2,1,1,4,22.7643,8.2137,social,social,social,0,1
U01864,loyal_customer,fixed,4,2,0,6,46.5588,1.4482,email,email,email,0,1
U01865,loyal_customer,fixed,4,3,0,7,41.4769,1.0372,social,social,social,0,1
U01866,high_intent,hybrid,5,4,1,10,21.2684,2.2915,social,social,email,0,1
U01867,new_cold_customer,trigger,2,1,1,4,58.1555,5.7559,social,social,social,0,1
U01868,low_engagement,fixed,3,1,0,4,68.2314,2.8593,social,email,social,0,1
U01869,high_intent,hybrid,6,5,1,13,21.4756,2.9835,social,offer,offer,1,0
U01870,new_cold_customer,fixed,4,1,0,5,65.2816,2.5863,ad,ad,offer,0,1
U01871,low_engagement,trigger,2,0,0,2,74.0123,10.9635,social,social,social,0,0
U01872,new_cold_customer,fixed,5,1,0,6,55.6171,1.3421,social,social,social,0,1
U01873,low_engagement,fixed,1,0,0,1,0.0,9.7279,ad,ad,ad,0,0
U01874,low_engagement,hybrid,2,1,0,3,22.9901,8.5146,ad,social,ad,0,1
U01875,new_cold_customer,trigger,4,1,0,5,52.2692,4.6806,social,social,social,0,1
U01876,new_cold_customer,trigger,3,0,0,3,142.4787,1.1572,social,social,social,0,0
U01877,high_intent,fixed,6,3,1,11,21.8837,4.8183,social,ad,email,1,0
U01878,loyal_customer,hybrid,4,2,1,8,28.3577,3.9676,social,email,social,1,0
U01879,new_cold_customer,trigger,2,1,0,3,105.0015,2.6318,social,social,social,0,1
U01880,price_sensitive,fixed,2,1,0,3,53.4542,8.4335,email,email,social,0,1
U01881,new_cold_customer,hybrid,4,1,1,6,24.2754,7.1942,social,social,social,0,1
U01882,low_engagement,fixed,1,1,0,2,0.0,14.1749,social,social,social,0,1
U01883,new_cold_customer,trigger,3,1,1,5,51.0511,3.0418,social,email,social,0,1
U01884,low_engagement,hybrid,3,1,0,4,110.2408,1.027,social,email,social,0,1
U01885,new_cold_customer,hybrid,2,1,0,3,70.2802,6.2205,social,social,social,0,1
U01886,new_cold_customer,hybrid,3,1,0,4,52.3946,3.0006,social,social,social,0,1
U01887,new_cold_customer,hybrid,2,2,2,6,12.6961,1.6771,social,social,social,0,1
U01888,loyal_customer,hybrid,2,1,1,4,41.6269,6.9747,offer,ad,offer,0,1
U01889,low_engagement,hybrid,3,0,0,3,109.4419,3.4049,social,social,social,0,0
U01890,low_engagement,trigger,1,0,0,1,0.0,10.7193,offer,offer,offer,0,0
U01891,loyal_customer,trigger,2,2,0,4,21.2206,4.5149,social,social,social,0,1
U01892,new_cold_customer,trigger,2,1,1,4,18.1441,4.6662,social,social,social,0,1
U01893,new_cold_customer,hybrid,5,3,2,10,13.068,6.2378,social,social,social,0,1
U01894,high_intent,trigger,5,4,2,12,21.397,2.1538,social,email,social,1,0
U01895,high_intent,trigger,7,5,4,19,13.0143,4.1029,social,social,social,1,0
U01896,new_cold_customer,fixed,3,1,0,4,81.3726,4.2193,social,social,social,0,1
U01897,low_engagement,hybrid,4,0,0,4,60.5062,4.7519,email,social,email,0,0
U01898,high_intent,hybrid,8,6,2,17,15.0982,4.1708,email,social,social,1,0
U01899,low_engagement,fixed,2,2,1,5,39.0551,6.6896,email,email,email,0,1
U01900,loyal_customer,trigger,5,2,0,7,44.8714,3.5717,email,social,email,0,1
U01901,new_cold_customer,trigger,5,3,2,11,26.5306,1.2015,social,social,email,1,0
U01902,low_engagement,trigger,2,1,0,3,119.4777,1.281,social,social,social,0,1
U01903,high_intent,trigger,3,2,1,6,23.0795,2.5467,email,email,email,0,1
U01904,low_engagement,trigger,2,1,0,3,115.675,4.395,social,social,social,0,1
U01905,high_intent,fixed,8,6,3,18,14.6893,4.4325,social,social,email,1,0
U01906,loyal_customer,trigger,5,4,1,10,17.5144,3.2742,social,social,social,0,1
U01907,loyal_customer,hybrid,4,1,0,5,64.5779,1.4278,social,email,social,0,1
U01908,loyal_customer,trigger,4,1,0,5,61.5491,1.3453,social,social,social,0,1
U01909,high_intent,hybrid,7,3,2,13,23.4523,2.8445,email,email,social,1,0
U01910,new_cold_customer,fixed,4,3,0,7,24.3369,6.3584,social,social,social,0,1
U01911,new_cold_customer,hybrid,5,1,1,8,33.189,4.8298,social,social,social,1,0
U01912,low_engagement,trigger,1,0,0,1,0.0,1.4374,social,social,social,0,0
U01913,low_engagement,hybrid,1,0,0,1,0.0,13.954,social,social,social,0,0
U01914,new_cold_customer,trigger,2,1,0,3,27.9854,11.3685,social,social,social,0,1
U01915,new_cold_customer,trigger,4,2,0,6,52.3066,1.6699,social,social,social,0,1
U01916,low_engagement,fixed,4,0,0,4,97.1775,2.639,email,email,social,0,0
U01917,low_engagement,fixed,4,2,1,7,17.36,3.455,social,social,social,0,1
U01918,new_cold_customer,fixed,3,2,0,5,8.1951,12.0587,social,social,social,0,1
U01919,new_cold_customer,hybrid,4,1,0,5,52.5681,4.1267,social,social,social,0,1
U01920,new_cold_customer,trigger,4,1,0,5,50.4963,4.5727,social,social,social,0,1
U01921,new_cold_customer,trigger,5,3,0,8,33.1772,2.0609,social,social,social,0,1
U01922,high_intent,hybrid,5,4,3,14,15.6569,3.1136,social,social,email,1,0
U01923,loyal_customer,hybrid,4,2,0,6,27.9522,1.9529,email,email,ad,0,1
U01924,low_engagement,hybrid,4,1,0,5,21.3986,4.3039,social,social,social,0,1
U01925,new_cold_customer,fixed,2,1,0,3,26.211,7.2288,social,social,email,0,1
U01926,low_engagement,fixed,4,1,0,5,30.5488,5.4761,social,social,social,0,1
U01927,loyal_customer,hybrid,5,2,0,7,42.5667,2.8138,social,email,social,0,1
U01928,loyal_customer,trigger,6,5,1,12,26.5337,1.2,social,email,social,0,1
U01929,low_engagement,fixed,1,1,0,2,0.0,11.7614,social,social,social,0,1
U01930,loyal_customer,trigger,4,0,0,4,61.7752,6.4306,social,email,ad,0,0
U01931,loyal_customer,trigger,4,2,0,6,13.4457,2.2636,email,social,ad,0,1
U01932,loyal_customer,hybrid,2,0,0,2,62.6133,9.0854,social,social,email,0,0
U01933,high_intent,fixed,8,7,5,21,11.7756,3.4855,social,social,social,1,0
U01934,high_intent,trigger,6,5,2,14,25.1619,1.1135,social,social,email,1,0
U01935,high_intent,trigger,5,4,1,11,31.8427,1.1479,social,social,social,1,0
U01936,low_engagement,trigger,4,1,0,5,60.5822,4.848,email,email,offer,0,1
U01937,new_cold_customer,hybrid,2,0,0,2,46.6235,12.7501,social,social,social,0,0
U01938,high_intent,hybrid,6,4,4,15,16.5784,3.3469,social,social,social,1,0
U01939,new_cold_customer,fixed,4,2,0,6,63.7033,1.6442,social,social,ad,0,1
U01940,low_engagement,hybrid,2,0,0,2,147.7865,7.6609,social,social,social,0,0
U01941,new_cold_customer,trigger,3,1,1,5,10.4751,7.6948,social,social,social,0,1
U01942,low_engagement,hybrid,4,1,0,5,52.3414,5.1699,email,social,social,0,1
U01943,high_intent,fixed,4,3,2,11,22.1065,2.5722,social,social,email,1,0
U01944,new_cold_customer,fixed,4,2,0,6,30.3124,1.2685,social,social,social,0,1
U01945,loyal_customer,trigger,2,0,0,2,73.9428,5.1916,email,email,social,0,0
U01946,new_cold_customer,hybrid,4,2,0,6,37.1,2.0806,social,email,social,0,1
U01947,low_engagement,fixed,3,1,0,4,39.1006,4.3377,social,social,offer,0,1
U01948,price_sensitive,hybrid,1,0,0,1,0.0,10.4095,social,social,social,0,0
U01949,new_cold_customer,fixed,2,0,0,2,124.6272,7.9539,email,email,social,0,0
U01950,new_cold_customer,fixed,5,4,1,10,16.308,2.3089,social,email,social,0,1
U01951,new_cold_customer,hybrid,4,1,0,5,70.1847,1.0235,social,social,social,0,1
U01952,new_cold_customer,hybrid,3,1,0,4,62.7902,1.7567,email,email,social,0,1
U01953,loyal_customer,trigger,6,2,1,9,29.7485,1.6875,social,social,social,0,1
U01954,price_sensitive,hybrid,1,1,1,3,0.0,14.4151,email,email,email,0,1
U01955,low_engagement,trigger,3,2,0,5,74.3204,1.94,social,social,social,0,1
U01956,new_cold_customer,hybrid,2,1,0,3,78.7914,6.7468,social,social,social,0,1
U01957,low_engagement,trigger,1,0,0,1,0.0,14.3312,social,social,social,0,0
U01958,new_cold_customer,fixed,3,0,0,3,87.8306,4.3232,social,offer,social,0,0
U01959,new_cold_customer,trigger,2,1,0,3,104.6007,1.935,social,social,social,0,1
U01960,low_engagement,trigger,3,1,0,4,76.2967,2.967,social,social,email,0,1
U01961,price_sensitive,fixed,3,1,0,4,41.5858,2.2263,social,social,social,0,1
U01962,loyal_customer,fixed,3,1,0,4,41.088,7.8239,social,email,offer,0,1
U01963,low_engagement,trigger,2,1,0,3,7.1668,3.0724,ad,social,ad,0,1
U01964,new_cold_customer,trigger,4,2,2,8,32.6662,1.2431,social,ad,social,0,1
U01965,low_engagement,fixed,3,1,0,4,32.0539,4.1985,social,social,ad,0,1
U01966,low_engagement,trigger,1,1,1,3,0.0,7.0255,social,social,social,0,1
U01967,loyal_customer,fixed,5,1,1,7,36.0594,2.0613,social,email,social,0,1
U01968,low_engagement,trigger,1,0,0,1,0.0,1.7031,social,social,social,0,0
U01969,loyal_customer,fixed,3,0,0,3,61.4764,2.8702,social,social,social,0,0
U01970,high_intent,hybrid,7,5,2,15,20.3902,2.8011,social,social,social,1,0
U01971,low_engagement,hybrid,1,0,0,1,0.0,1.8422,social,social,social,0,0
U01972,low_engagement,hybrid,1,0,0,1,0.0,1.8802,email,email,email,0,0
U01973,loyal_customer,hybrid,4,3,1,8,28.1729,4.5702,social,social,social,0,1
U01974,low_engagement,hybrid,1,0,0,1,0.0,14.998,ad,ad,ad,0,0
U01975,low_engagement,trigger,3,1,1,5,59.8041,3.8226,social,social,social,0,1
U01976,new_cold_customer,fixed,2,1,0,3,45.5449,5.3068,social,social,social,0,1
U01977,new_cold_customer,hybrid,2,1,0,3,3.7846,5.3306,social,ad,social,0,1
U01978,price_sensitive,fixed,3,0,0,3,136.5199,2.9434,email,social,email,0,0
U01979,new_cold_customer,hybrid,5,4,1,10,22.2779,4.0953,social,social,social,0,1
U01980,high_intent,hybrid,4,0,0,4,59.8081,2.6512,social,social,email,0,0
U01981,new_cold_customer,trigger,5,1,0,6,33.8762,4.1011,email,social,social,0,1
U01982,loyal_customer,hybrid,6,3,2,11,26.2729,2.2482,email,ad,email,0,1
U01983,new_cold_customer,trigger,5,3,1,9,30.5227,4.818,social,social,social,0,1
U01984,new_cold_customer,fixed,3,0,0,3,162.3387,1.3037,social,social,social,0,0
U01985,low_engagement,hybrid,2,1,0,3,60.9181,2.4971,social,social,social,0,1
U01986,new_cold_customer,fixed,5,4,1,10,16.8659,8.6014,ad,social,ad,0,1
U01987,new_cold_customer,trigger,2,1,1,4,38.8012,8.608,email,email,social,0,1
U01988,low_engagement,fixed,2,1,1,4,20.1139,11.1304,social,social,social,0,1
U01989,loyal_customer,trigger,4,1,0,5,40.8591,1.5384,social,social,offer,0,1
U01990,new_cold_customer,fixed,3,2,0,5,53.677,5.6504,social,social,social,0,1
U01991,low_engagement,hybrid,3,0,0,3,122.2842,3.9542,social,social,social,0,0
U01992,new_cold_customer,hybrid,2,0,0,2,219.6371,5.1907,social,social,email,0,0
U01993,new_cold_customer,trigger,3,2,0,5,17.8482,4.6745,social,social,social,0,1
U01994,new_cold_customer,hybrid,5,1,1,7,49.9841,2.382,social,social,email,0,1
U01995,loyal_customer,hybrid,3,2,1,6,51.73,4.1257,social,social,social,0,1
U01996,low_engagement,trigger,3,0,0,3,87.2962,5.2022,social,social,email,0,0
U01997,low_engagement,trigger,3,1,0,4,31.4548,10.6186,social,social,ad,0,1
U01998,low_engagement,fixed,1,1,0,2,0.0,5.7027,ad,ad,ad,0,1
U01999,low_engagement,hybrid,4,1,0,5,27.9481,9.3488,email,email,social,0,1
U02000,new_cold_customer,fixed,4,1,0,5,77.0008,1.9951,social,social,social,0,1
U02001,new_cold_customer,fixed,4,2,0,6,38.1373,6.2489,social,social,ad,0,1
U02002,new_cold_customer,fixed,5,3,0,8,32.398,2.2587,social,social,ad,0,1
U02003,high_intent,fixed,3,2,1,7,13.0685,10.2135,social,email,offer,1,0
U02004,new_cold_customer,fixed,5,2,1,8,17.1377,4.7193,social,social,social,0,1
U02005,low_engagement,hybrid,1,0,0,1,0.0,2.5529,email,email,email,0,0
U02006,new_cold_customer,hybrid,2,1,0,3,15.2605,2.1962,social,social,social,0,1
U02007,low_engagement,trigger,1,0,0,1,0.0,1.0505,social,social,social,0,0
U02008,new_cold_customer,trigger,3,1,0,4,87.6422,3.9866,social,social,social,0,1
U02009,high_intent,trigger,5,4,2,11,15.9732,5.4597,social,social,email,0,1
U02010,low_engagement,trigger,2,0,0,2,202.0838,6.3677,social,social,social,0,0
U02011,new_cold_customer,hybrid,3,2,0,5,19.6482,7.5419,social,social,social,0,1
U02012,low_engagement,fixed,4,3,1,8,27.9594,4.7691,social,social,social,0,1
U02013,new_cold_customer,trigger,3,1,0,4,86.1928,3.2799,social,social,social,0,1
U02014,loyal_customer,fixed,5,3,2,10,25.3458,1.1314,social,social,ad,0,1
U02015,new_cold_customer,trigger,5,4,1,11,32.985,1.1954,social,social,email,1,0
U02016,low_engagement,fixed,4,1,0,5,44.2123,2.9036,social,social,social,0,1
U02017,high_intent,fixed,7,3,3,13,17.8369,4.976,social,social,social,0,1
U02018,new_cold_customer,hybrid,5,3,0,8,35.5043,1.3619,social,ad,social,0,1
U02019,low_engagement,hybrid,4,1,0,5,78.3497,1.5075,email,social,email,0,1
U02020,high_intent,hybrid,6,5,2,14,13.7407,4.328,email,email,email,1,0
U02021,loyal_customer,hybrid,6,2,2,10,21.2188,3.1674,email,email,email,0,1
U02022,new_cold_customer,trigger,5,4,1,11,21.0318,2.9368,social,social,ad,1,0
U02023,price_sensitive,fixed,3,0,0,3,97.6951,2.8781,social,social,email,0,0
U02024,new_cold_customer,hybrid,2,0,0,2,245.382,4.4606,ad,ad,social,0,0
U02025,low_engagement,hybrid,3,0,0,3,86.5581,2.0821,social,social,email,0,0
U02026,new_cold_customer,fixed,5,2,0,7,37.0204,1.8407,social,social,social,0,1
U02027,loyal_customer,hybrid,4,2,1,7,41.8439,3.8216,email,social,email,0,1
U02028,new_cold_customer,hybrid,4,2,1,7,26.3875,3.9269,social,social,social,0,1
U02029,new_cold_customer,fixed,3,2,0,5,19.4071,9.8379,social,social,social,0,1
U02030,new_cold_customer,fixed,4,1,0,5,19.2818,7.2999,social,social,social,0,1
U02031,new_cold_customer,fixed,4,3,1,8,22.6607,1.5443,social,email,social,0,1
U02032,new_cold_customer,trigger,3,2,0,5,43.7352,6.3964,social,social,social,0,1
U02033,low_engagement,hybrid,4,3,0,7,36.4575,5.0597,social,social,social,0,1
U02034,loyal_customer,hybrid,6,2,0,8,38.0564,2.9093,social,email,social,0,1
U02035,high_intent,hybrid,4,3,2,11,17.7895,5.4988,email,email,email,1,0
U02036,low_engagement,fixed,3,2,0,5,11.168,7.0042,social,social,social,0,1
U02037,high_intent,fixed,8,3,1,12,22.2135,4.432,social,email,social,0,1
U02038,loyal_customer,trigger,6,2,1,9,28.7836,1.772,social,ad,social,0,1
U02039,high_intent,fixed,3,2,0,5,54.9757,5.4094,social,social,social,0,1
U02040,new_cold_customer,fixed,2,1,1,4,10.0321,11.9759,social,social,social,0,1
U02041,new_cold_customer,hybrid,2,0,0,2,86.542,5.6888,social,social,social,0,0
U02042,new_cold_customer,trigger,2,2,2,6,15.734,6.4548,social,social,social,0,1
U02043,new_cold_customer,fixed,2,1,1,4,45.1554,9.0691,social,social,social,0,1
U02044,low_engagement,trigger,3,1,0,4,48.8753,5.3974,social,social,social,0,1
U02045,new_cold_customer,hybrid,4,3,1,8,39.8513,1.8218,social,social,social,0,1
U02046,loyal_customer,trigger,5,2,0,7,37.6476,3.9552,email,ad,email,0,1
U02047,new_cold_customer,hybrid,2,0,0,2,160.2718,4.0863,social,social,social,0,0
U02048,new_cold_customer,trigger,4,3,2,9,29.8527,1.7836,social,email,social,0,1
U02049,high_intent,fixed,7,4,2,14,19.9359,1.4578,social,social,email,1,0
U02050,low_engagement,trigger,1,1,1,3,0.0,8.587,social,social,social,0,1
U02051,loyal_customer,trigger,6,3,1,10,32.7572,1.7118,social,email,social,0,1
U02052,loyal_customer,hybrid,4,3,1,9,23.7763,3.9068,social,ad,social,1,0
U02053,new_cold_customer,trigger,5,2,1,8,30.0844,4.4422,social,social,social,0,1
U02054,new_cold_customer,trigger,4,3,0,7,25.1354,4.3215,social,social,social,0,1
U02055,loyal_customer,fixed,2,1,1,4,20.8767,3.227,email,email,social,0,1
U02056,loyal_customer,trigger,4,3,2,10,34.2571,1.0581,email,email,email,1,0
U02057,new_cold_customer,trigger,3,0,0,3,47.4082,6.4799,social,social,social,0,0
U02058,low_engagement,hybrid,4,3,0,7,26.7927,5.2805,social,email,social,0,1
U02059,low_engagement,hybrid,1,0,0,1,0.0,6.0995,email,email,email,0,0
U02060,low_engagement,hybrid,1,0,0,1,0.0,3.7774,ad,ad,ad,0,0
U02061,new_cold_customer,fixed,5,2,0,7,47.371,2.0841,social,social,social,0,1
U02062,low_engagement,hybrid,4,2,1,8,36.2756,4.241,social,email,social,1,0
U02063,loyal_customer,trigger,6,3,1,10,35.4069,1.071,social,social,email,0,1
U02064,new_cold_customer,hybrid,2,1,1,4,16.5408,5.5527,email,social,email,0,1
U02065,high_intent,fixed,3,3,2,9,14.0629,3.7596,social,email,social,1,0
U02066,new_cold_customer,trigger,2,2,1,5,44.3808,6.1053,social,social,ad,0,1
U02067,loyal_customer,hybrid,4,3,1,9,37.3129,1.1079,social,email,social,1,0
U02068,low_engagement,trigger,4,0,0,4,55.5082,5.3426,social,social,social,0,0
U02069,new_cold_customer,trigger,2,0,0,2,234.6996,2.7565,email,email,social,0,0
U02070,new_cold_customer,fixed,3,2,1,6,37.6607,4.7928,social,social,social,0,1
U02071,price_sensitive,trigger,1,0,0,1,0.0,11.3366,email,email,email,0,0
U02072,new_cold_customer,trigger,2,0,0,2,64.8436,6.8988,social,social,email,0,0
U02073,new_cold_customer,trigger,3,2,0,5,53.3279,5.565,social,ad,social,0,1
U02074,low_engagement,trigger,3,0,0,3,72.2377,7.1734,social,email,social,0,0
U02075,new_cold_customer,trigger,3,0,0,3,59.3617,4.0039,social,social,email,0,0
U02076,new_cold_customer,hybrid,3,2,0,5,34.3672,9.2717,social,social,social,0,1
U02077,low_engagement,trigger,3,1,0,4,92.7251,2.134,social,social,social,0,1
U02078,new_cold_customer,hybrid,5,3,1,9,34.2556,3.2576,social,social,social,0,1
U02079,new_cold_customer,fixed,4,2,1,7,38.147,4.5069,social,social,social,0,1
U02080,loyal_customer,fixed,5,1,1,7,47.7664,1.2709,email,social,email,0,1
U02081,high_intent,trigger,5,2,0,7,50.6855,1.8633,social,social,email,0,1
U02082,low_engagement,hybrid,1,0,0,1,0.0,7.8209,email,email,email,0,0
U02083,loyal_customer,trigger,4,3,0,7,14.2272,4.1526,social,social,social,0,1
U02084,price_sensitive,trigger,2,1,0,3,28.6242,7.3102,social,social,email,0,1
U02085,high_intent,hybrid,8,3,1,13,23.4685,2.1924,social,social,email,1,0
U02086,new_cold_customer,trigger,4,2,1,7,37.5067,5.1796,social,social,social,0,1
U02087,high_intent,fixed,8,4,2,14,21.7258,1.8425,social,social,social,0,1
U02088,low_engagement,trigger,2,1,0,3,3.2013,4.5026,social,email,social,0,1
U02089,low_engagement,trigger,4,2,1,7,44.7479,2.4204,social,social,offer,0,1
U02090,low_engagement,trigger,1,1,0,2,0.0,7.8371,social,social,social,0,1
U02091,loyal_customer,trigger,3,2,2,8,25.7051,2.243,offer,email,offer,1,0
U02092,new_cold_customer,hybrid,2,1,0,3,12.2332,10.644,social,email,social,0,1
U02093,new_cold_customer,hybrid,4,0,0,4,91.8805,3.0183,email,email,email,0,0
U02094,loyal_customer,fixed,5,2,1,8,10.3739,4.6011,social,social,social,0,1
U02095,new_cold_customer,trigger,3,1,0,4,40.7041,8.6859,social,social,email,0,1
U02096,low_engagement,fixed,2,0,0,2,59.9615,3.9253,social,social,social,0,0
U02097,low_engagement,fixed,4,1,1,6,26.5632,5.8173,social,ad,social,0,1
U02098,new_cold_customer,trigger,5,2,0,7,46.0157,3.4023,social,social,social,0,1
U02099,low_engagement,trigger,2,0,0,2,183.6834,2.3021,social,social,social,0,0
U02100,loyal_customer,fixed,2,2,0,4,62.6114,7.0173,social,social,social,0,1
U02101,new_cold_customer,hybrid,5,1,0,6,29.9795,2.4288,social,social,social,0,1
U02102,low_engagement,trigger,2,1,0,3,83.6507,5.739,email,email,social,0,1
U02103,low_engagement,fixed,4,1,0,5,60.5095,1.047,social,social,ad,0,1
U02104,high_intent,fixed,7,6,3,17,14.1286,3.5735,social,social,email,1,0
U02105,loyal_customer,hybrid,2,0,0,2,172.6045,6.0669,social,social,social,0,0
U02106,price_sensitive,fixed,3,0,0,3,56.626,7.2494,social,email,social,0,0
U02107,new_cold_customer,hybrid,2,0,0,2,55.3305,11.7056,offer,offer,social,0,0
U02108,new_cold_customer,trigger,4,1,0,5,52.4062,2.3802,social,email,social,0,1
U02109,low_engagement,fixed,4,1,0,5,28.128,9.8523,ad,ad,ad,0,1
U02110,high_intent,hybrid,3,3,3,12,13.6559,4.7314,social,social,social,1,0
U02111,low_engagement,trigger,3,0,0,3,18.4598,9.5256,social,social,social,0,0
U02112,low_engagement,hybrid,2,0,0,2,257.1497,1.915,social,social,social,0,0
U02113,new_cold_customer,trigger,3,2,0,5,7.907,8.6949,social,social,social,0,1
U02114,low_engagement,fixed,1,0,0,1,0.0,8.1615,email,email,email,0,0
U02115,low_engagement,trigger,3,2,0,5,56.6849,2.6748,social,social,social,0,1
U02116,loyal_customer,trigger,3,1,0,4,38.4574,7.2701,social,social,email,0,1
U02117,high_intent,trigger,3,1,0,4,18.0817,7.3393,email,email,email,0,1
U02118,loyal_customer,hybrid,2,1,0,3,63.7059,9.5361,social,social,social,0,1
U02119,low_engagement,fixed,3,1,0,4,41.2924,3.5159,social,email,social,0,1
U02120,new_cold_customer,trigger,5,3,0,8,25.0259,4.3467,social,social,social,0,1
U02121,high_intent,hybrid,8,4,1,13,26.0352,1.531,social,social,email,0,1
U02122,high_intent,trigger,4,3,0,7,50.0325,1.2511,social,social,email,0,1
U02123,low_engagement,trigger,4,1,0,5,40.2059,5.725,social,social,email,0,1
U02124,new_cold_customer,trigger,2,0,0,2,79.7695,8.5045,ad,ad,social,0,0
U02125,low_engagement,hybrid,3,1,0,4,80.2488,2.6172,social,social,email,0,1
U02126,new_cold_customer,hybrid,2,1,0,3,62.7799,7.5657,social,social,social,0,1
U02127,low_engagement,hybrid,2,1,1,4,40.5537,6.9712,social,social,social,0,1
U02128,new_cold_customer,fixed,3,0,0,3,57.5947,4.6297,social,social,email,0,0
U02129,low_engagement,trigger,2,1,0,3,72.6694,5.811,ad,social,ad,0,1
U02130,high_intent,fixed,4,3,2,9,10.7066,2.2742,social,email,ad,0,1
U02131,new_cold_customer,hybrid,3,0,0,3,158.8005,1.3467,social,social,social,0,0
U02132,loyal_customer,trigger,6,0,0,6,58.2876,2.5498,social,social,email,0,0
U02133,low_engagement,trigger,3,1,1,5,59.842,3.2782,social,social,social,0,1
U02134,loyal_customer,trigger,2,2,2,7,47.8976,1.0468,ad,email,ad,1,0
U02135,low_engagement,hybrid,2,2,0,4,50.7187,8.0015,social,social,email,0,1
U02136,low_engagement,fixed,1,0,0,1,0.0,6.4378,social,social,social,0,0
U02137,price_sensitive,hybrid,2,0,0,2,240.4011,2.2244,email,email,social,0,0
U02138,new_cold_customer,hybrid,5,2,0,7,31.0999,1.075,social,email,social,0,1
U02139,low_engagement,trigger,1,0,0,1,0.0,8.8889,social,social,social,0,0
U02140,new_cold_customer,hybrid,4,3,2,9,21.3228,6.994,social,social,ad,0,1
U02141,low_engagement,trigger,4,1,0,5,79.9016,1.2517,social,social,ad,0,1
U02142,high_intent,trigger,3,3,2,9,17.9392,7.5835,social,ad,social,1,0
U02143,low_engagement,trigger,3,2,1,7,52.1336,1.4245,social,social,social,1,0
U02144,loyal_customer,fixed,5,1,0,6,39.6404,4.4301,social,social,ad,0,1
U02145,low_engagement,fixed,3,1,0,4,62.3418,5.9095,social,social,social,0,1
U02146,low_engagement,trigger,1,1,0,2,0.0,9.8829,social,social,social,0,1
U02147,low_engagement,trigger,4,1,0,5,16.9682,10.8913,social,social,social,0,1
U02148,high_intent,hybrid,6,3,2,11,22.6314,1.5771,social,email,social,0,1
U02149,low_engagement,fixed,1,0,0,1,0.0,13.859,social,social,social,0,0
U02150,price_sensitive,trigger,3,0,0,3,20.0455,12.9056,social,social,social,0,0
U02151,loyal_customer,trigger,6,1,1,8,43.3742,1.7364,social,social,social,0,1
U02152,loyal_customer,hybrid,4,2,0,6,44.6067,2.6521,social,email,social,0,1
U02153,new_cold_customer,fixed,3,0,0,3,78.8681,1.638,social,social,social,0,0
U02154,loyal_customer,fixed,5,2,0,7,52.9638,1.5607,social,email,social,0,1
U02155,high_intent,fixed,5,4,3,13,16.757,3.4966,social,social,social,1,0
U02156,low_engagement,trigger,3,0,0,3,92.2558,6.9334,ad,ad,email,0,0
U02157,low_engagement,trigger,1,1,1,4,0.0,8.4808,social,social,social,1,0
U02158,price_sensitive,hybrid,1,1,0,2,0.0,8.7343,email,email,email,0,1
U02159,high_intent,fixed,7,6,2,16,11.0309,3.1759,social,social,social,1,0
U02160,price_sensitive,hybrid,2,2,0,4,16.6291,8.4465,social,social,social,0,1
U02161,low_engagement,hybrid,3,2,1,6,57.3591,1.9413,social,social,ad,0,1
U02162,low_engagement,fixed,4,1,0,5,78.8218,1.4636,social,social,email,0,1
U02163,low_engagement,fixed,2,1,0,3,54.7649,1.504,offer,social,offer,0,1
U02164,low_engagement,trigger,4,0,0,4,48.7737,7.9257,email,email,email,0,0
U02165,new_cold_customer,trigger,3,2,1,6,25.4298,5.8367,social,social,social,0,1
U02166,loyal_customer,fixed,3,2,0,5,52.7669,5.0846,social,social,social,0,1
U02167,low_engagement,hybrid,2,0,0,2,20.3314,7.4912,email,email,social,0,0
U02168,high_intent,hybrid,8,8,6,25,12.0284,1.785,email,email,email,1,0
U02169,new_cold_customer,fixed,5,3,2,10,23.8502,5.6327,social,social,social,0,1
U02170,high_intent,hybrid,4,3,1,9,25.5934,5.6004,email,social,email,1,0
U02171,new_cold_customer,fixed,2,0,0,2,70.084,4.0689,social,social,social,0,0
U02172,new_cold_customer,hybrid,5,3,1,9,23.8907,6.9171,social,social,social,0,1
U02173,new_cold_customer,fixed,3,1,0,4,109.7351,1.261,social,social,social,0,1
U02174,loyal_customer,hybrid,5,1,0,6,29.8147,5.3054,social,ad,social,0,1
U02175,new_cold_customer,fixed,5,2,1,8,38.0183,3.3057,social,social,social,0,1
U02176,new_cold_customer,trigger,3,0,0,3,56.5676,3.5715,social,social,social,0,0
U02177,high_intent,fixed,3,2,2,9,25.7156,2.2627,social,social,offer,1,0
U02178,price_sensitive,trigger,2,0,0,2,195.1683,1.0385,social,social,social,0,0
U02179,high_intent,trigger,7,6,4,18,14.545,2.3156,social,email,social,1,0
U02180,loyal_customer,hybrid,3,1,0,4,90.454,1.6372,social,social,email,0,1
U02181,low_engagement,trigger,4,2,1,7,40.9305,2.8129,social,social,social,0,1
U02182,low_engagement,hybrid,3,1,0,4,74.9082,2.5207,social,social,social,0,1
U02183,new_cold_customer,fixed,4,3,2,9,27.0477,5.6694,social,social,social,0,1
U02184,new_cold_customer,hybrid,4,3,1,8,14.85,8.8519,social,social,social,0,1
U02185,new_cold_customer,trigger,3,0,0,3,82.5384,1.433,social,social,social,0,0
U02186,loyal_customer,trigger,5,2,0,7,16.1555,2.676,social,email,email,0,1
U02187,new_cold_customer,trigger,4,3,1,9,17.1117,2.2378,social,social,social,1,0
U02188,new_cold_customer,fixed,2,1,0,3,80.7577,7.1437,social,social,social,0,1
U02189,low_engagement,hybrid,2,0,0,2,135.1253,6.5769,social,social,social,0,0
U02190,low_engagement,fixed,2,1,0,3,81.3645,6.6368,email,email,social,0,1
U02191,loyal_customer,trigger,4,2,0,6,14.0311,6.7991,social,email,social,0,1
U02192,low_engagement,trigger,2,0,0,2,133.8283,8.6506,social,social,social,0,0
U02193,new_cold_customer,trigger,5,3,0,8,37.6074,3.653,social,social,social,0,1
U02194,loyal_customer,hybrid,5,2,2,9,38.8834,1.5132,social,email,social,0,1
U02195,new_cold_customer,fixed,3,0,0,3,47.8149,4.1796,social,social,social,0,0
U02196,loyal_customer,trigger,2,2,1,5,21.3888,9.0932,social,email,social,0,1
U02197,low_engagement,fixed,4,1,1,6,36.9974,3.9447,social,social,social,0,1
U02198,loyal_customer,hybrid,5,4,1,10,13.6985,4.6657,email,email,email,0,1
U02199,new_cold_customer,hybrid,5,3,0,8,41.0798,2.3264,social,social,social,0,1
U02200,low_engagement,fixed,2,0,0,2,62.9065,7.8288,social,social,social,0,0
U02201,high_intent,hybrid,3,2,2,8,9.3147,9.3811,social,email,social,1,0
U02202,low_engagement,hybrid,4,1,0,5,59.8029,2.7571,social,social,offer,0,1
U02203,high_intent,fixed,5,3,3,11,20.6609,1.9142,social,offer,social,0,1
U02204,new_cold_customer,fixed,2,2,0,4,12.7123,11.837,ad,ad,social,0,1
U02205,loyal_customer,trigger,2,0,0,2,126.5855,8.8851,social,social,ad,0,0
U02206,loyal_customer,hybrid,5,1,0,6,51.5394,2.8067,social,social,email,0,1
U02207,high_intent,fixed,8,5,3,18,14.8184,4.4773,social,social,offer,1,0
U02208,new_cold_customer,hybrid,2,2,0,4,14.437,8.5304,social,social,social,0,1
U02209,high_intent,hybrid,7,5,2,15,20.603,2.3843,email,email,social,1,0
U02210,loyal_customer,hybrid,3,0,0,3,87.9935,4.2627,social,social,social,0,0
U02211,new_cold_customer,hybrid,4,2,0,6,41.2544,4.8515,social,ad,email,0,1
U02212,price_sensitive,trigger,2,0,0,2,242.2512,1.0356,email,email,email,0,0
U02213,new_cold_customer,hybrid,4,2,0,6,47.6539,4.1948,social,social,social,0,1
U02214,loyal_customer,hybrid,5,2,1,8,16.2219,6.3551,email,email,social,0,1
U02215,loyal_customer,hybrid,2,1,1,4,32.7804,7.617,email,social,email,0,1
U02216,new_cold_customer,trigger,5,4,0,9,28.7542,4.5194,social,social,social,0,1
U02217,high_intent,fixed,7,6,4,17,13.9589,4.3339,social,social,email,0,1
U02218,low_engagement,fixed,3,2,1,6,47.3202,3.1028,social,social,social,0,1
U02219,low_engagement,hybrid,1,1,0,2,0.0,1.7027,email,email,email,0,1
U02220,loyal_customer,hybrid,3,1,0,4,21.1426,10.4416,social,social,social,0,1
U02221,loyal_customer,fixed,2,2,1,6,23.7943,3.1868,social,ad,social,1,0
U02222,price_sensitive,hybrid,2,0,0,2,194.5145,1.675,social,social,social,0,0
U02223,new_cold_customer,fixed,4,1,0,5,23.8342,7.9064,social,offer,social,0,1
U02224,low_engagement,trigger,2,1,0,3,15.5929,7.7619,social,social,email,0,1
U02225,loyal_customer,hybrid,2,0,0,2,180.9194,2.1672,social,social,social,0,0
U02226,new_cold_customer,trigger,4,2,0,6,55.0415,1.1378,social,social,social,0,1
U02227,high_intent,fixed,7,5,2,14,17.839,5.296,social,social,social,0,1
U02228,low_engagement,trigger,1,0,0,1,0.0,13.0701,social,social,social,0,0
U02229,price_sensitive,hybrid,1,0,0,1,0.0,9.3171,ad,ad,ad,0,0
U02230,low_engagement,hybrid,1,0,0,1,0.0,12.6124,social,social,social,0,0
U02231,low_engagement,hybrid,3,1,0,4,81.8854,2.334,social,social,social,0,1
U02232,loyal_customer,trigger,6,3,1,10,21.175,3.0624,social,social,email,0,1
U02233,loyal_customer,fixed,3,2,0,5,28.017,6.6317,email,social,email,0,1
U02234,loyal_customer,trigger,5,2,1,8,42.7753,1.4598,social,email,email,0,1
U02235,new_cold_customer,trigger,5,2,1,8,22.9596,3.1904,social,social,social,0,1
U02236,new_cold_customer,trigger,2,1,0,3,84.3144,5.6045,ad,social,ad,0,1
U02237,new_cold_customer,fixed,5,0,0,5,69.0367,3.2733,social,social,social,0,0
U02238,new_cold_customer,trigger,5,2,0,7,38.4814,3.4722,social,email,social,0,1
U02239,low_engagement,trigger,3,1,0,4,76.1404,3.9628,social,social,social,0,1
U02240,new_cold_customer,hybrid,2,1,0,3,96.2857,4.7298,ad,email,ad,0,1
U02241,low_engagement,trigger,2,0,0,2,276.7115,2.2971,social,social,email,0,0
U02242,low_engagement,trigger,4,2,0,6,48.8694,4.4388,social,social,social,0,1
U02243,new_cold_customer,hybrid,2,0,0,2,271.8922,2.6891,social,social,social,0,0
U02244,low_engagement,trigger,2,1,0,3,113.9386,4.8009,social,social,social,0,1
U02245,new_cold_customer,fixed,3,3,1,7,45.4185,3.4226,social,social,social,0,1
U02246,high_intent,hybrid,6,5,2,14,14.616,6.8642,social,email,social,1,0
U02247,high_intent,trigger,6,4,4,16,20.3274,2.2627,social,social,social,1,0
U02248,high_intent,trigger,7,5,3,16,9.4496,7.4543,social,social,social,1,0
U02249,new_cold_customer,trigger,5,3,0,8,35.4398,3.8263,social,social,social,0,1
U02250,low_engagement,fixed,2,1,0,3,7.0229,6.6834,social,email,social,0,1
U02251,new_cold_customer,fixed,2,1,0,3,132.4465,1.831,social,email,social,0,1
U02252,high_intent,hybrid,4,2,2,10,29.7753,2.8607,social,social,social,1,0
U02253,new_cold_customer,fixed,5,3,0,8,42.8466,1.7134,social,social,ad,0,1
U02254,new_cold_customer,hybrid,5,2,0,7,50.3202,1.0012,social,ad,social,0,1
U02255,low_engagement,fixed,4,0,0,4,75.2594,5.2501,social,social,social,0,0
U02256,low_engagement,trigger,2,0,0,2,155.4035,1.5117,social,social,social,0,0
U02257,new_cold_customer,hybrid,4,0,0,4,81.3573,2.2694,social,social,social,0,0
U02258,high_intent,trigger,4,1,0,5,62.7044,3.933,email,social,email,0,1
U02259,price_sensitive,fixed,3,1,0,4,74.3907,1.8595,social,email,social,0,1
U02260,low_engagement,hybrid,1,0,0,1,0.0,9.7838,social,social,social,0,0
U02261,loyal_customer,trigger,2,1,0,3,20.2232,1.9235,social,social,email,0,1
U02262,new_cold_customer,trigger,2,1,0,3,59.8546,7.7956,ad,social,ad,0,1
U02263,new_cold_customer,trigger,2,2,0,4,60.727,4.8284,social,social,social,0,1
U02264,high_intent,fixed,8,4,1,13,22.605,1.5172,social,social,social,0,1
U02265,new_cold_customer,trigger,3,2,0,5,30.0732,4.8089,social,social,social,0,1
U02266,low_engagement,hybrid,4,1,1,6,21.957,10.0144,social,social,social,0,1
U02267,price_sensitive,trigger,1,0,0,1,0.0,1.9056,social,social,social,0,0
U02268,new_cold_customer,fixed,3,3,1,7,44.3544,1.5362,email,email,ad,0,1
U02269,new_cold_customer,hybrid,3,1,1,5,44.7576,5.8162,social,social,social,0,1
U02270,high_intent,fixed,4,4,2,11,26.6698,3.3348,social,social,email,1,0
U02271,new_cold_customer,trigger,5,1,0,6,50.6118,1.3808,social,social,social,0,1
U02272,loyal_customer,hybrid,5,2,0,7,40.4469,1.5979,social,offer,social,0,1
U02273,price_sensitive,hybrid,1,0,0,1,0.0,5.475,email,email,email,0,0
U02274,loyal_customer,fixed,6,4,1,11,30.8236,2.0941,social,social,social,0,1
U02275,loyal_customer,trigger,6,2,0,8,36.3875,3.8232,social,email,social,0,1
U02276,loyal_customer,fixed,6,4,1,11,31.1734,1.8253,social,email,social,0,1
U02277,loyal_customer,fixed,5,2,1,9,18.7697,5.1034,social,email,social,1,0
U02278,new_cold_customer,fixed,5,3,0,8,24.7119,6.4418,social,social,social,0,1
U02279,new_cold_customer,trigger,4,0,0,4,50.1207,1.9487,social,social,social,0,0
U02280,loyal_customer,trigger,6,1,0,7,33.8373,1.6185,social,social,email,0,1
U02281,loyal_customer,hybrid,5,2,1,9,28.747,3.7474,social,social,social,1,0
U02282,loyal_customer,hybrid,6,2,1,9,37.9359,1.3068,social,social,social,0,1
U02283,low_engagement,hybrid,1,1,0,2,0.0,4.6716,social,social,social,0,1
U02284,loyal_customer,hybrid,6,5,3,15,18.3576,4.1801,social,social,social,1,0
U02285,high_intent,hybrid,7,4,3,15,18.884,2.7539,social,email,social,1,0
U02286,low_engagement,fixed,1,0,0,1,0.0,12.1783,social,social,social,0,0
U02287,low_engagement,trigger,4,1,0,5,72.6341,2.2681,social,email,social,0,1
U02288,loyal_customer,hybrid,5,0,0,5,58.3023,4.6817,social,social,email,0,0
U02289,price_sensitive,trigger,2,1,0,3,50.9912,5.1167,email,social,email,0,1
U02290,low_engagement,hybrid,2,0,0,2,36.2904,5.031,social,social,social,0,0
U02291,loyal_customer,trigger,2,1,0,3,17.6751,8.6922,social,social,social,0,1
U02292,new_cold_customer,trigger,4,1,0,5,73.6676,1.2456,social,ad,social,0,1
U02293,low_engagement,hybrid,3,0,0,3,104.5776,5.1072,social,social,social,0,0
U02294,new_cold_customer,trigger,3,1,0,4,83.8125,1.8013,email,social,email,0,1
U02295,new_cold_customer,trigger,3,0,0,3,55.7143,8.4131,social,social,social,0,0
U02296,new_cold_customer,fixed,2,1,0,3,72.7102,1.0652,social,social,social,0,1
U02297,low_engagement,hybrid,4,0,0,4,29.5934,6.379,email,social,email,0,0
U02298,new_cold_customer,trigger,5,2,0,7,48.4297,1.5363,social,social,social,0,1
U02299,new_cold_customer,fixed,4,1,0,5,45.6257,6.3683,social,social,ad,0,1
U02300,low_engagement,fixed,2,2,1,5,24.3493,4.9147,social,social,social,0,1
U02301,loyal_customer,fixed,5,3,2,11,26.7462,1.5088,social,social,social,1,0
U02302,low_engagement,hybrid,1,0,0,1,0.0,12.8057,email,email,email,0,0
U02303,low_engagement,fixed,3,2,0,5,41.6312,7.8612,social,social,social,0,1
U02304,high_intent,fixed,5,5,3,15,10.9083,7.5377,social,social,social,1,0
U02305,price_sensitive,hybrid,2,0,0,2,263.0876,3.6041,social,social,social,0,0
U02306,high_intent,fixed,5,3,2,12,16.0255,6.4794,email,email,social,1,0
U02307,high_intent,fixed,6,4,2,13,23.5348,2.198,email,email,social,1,0
U02308,price_sensitive,hybrid,1,0,0,1,0.0,9.2974,social,social,social,0,0
U02309,high_intent,trigger,7,4,0,11,24.3133,4.1394,social,email,email,0,1
U02310,low_engagement,trigger,1,0,0,1,0.0,5.6892,social,social,social,0,0
U02311,low_engagement,hybrid,3,0,0,3,93.0041,4.7077,social,social,social,0,0
U02312,new_cold_customer,hybrid,4,0,0,4,97.8208,2.6598,email,email,social,0,0
U02313,new_cold_customer,trigger,5,3,2,10,16.161,8.6806,social,social,social,0,1
U02314,price_sensitive,fixed,3,1,0,4,44.9231,4.4593,social,social,ad,0,1
U02315,price_sensitive,trigger,3,1,0,4,27.011,7.5353,email,social,email,0,1
U02316,new_cold_customer,hybrid,2,1,0,3,88.7349,4.5244,social,social,social,0,1
U02317,price_sensitive,trigger,1,0,0,1,0.0,1.0703,social,social,social,0,0
U02318,low_engagement,trigger,2,0,0,2,133.5025,5.3998,social,social,social,0,0
U02319,new_cold_customer,fixed,4,1,0,5,56.7806,4.3598,social,social,social,0,1
U02320,new_cold_customer,trigger,2,0,0,2,13.3119,3.8125,social,social,social,0,0
U02321,new_cold_customer,trigger,3,2,0,5,42.7719,6.3848,social,social,social,0,1
U02322,low_engagement,hybrid,1,0,0,1,0.0,11.4145,social,social,social,0,0
U02323,price_sensitive,trigger,3,0,0,3,75.1101,3.9011,ad,ad,offer,0,0
U02324,price_sensitive,hybrid,1,0,0,1,0.0,4.0532,social,social,social,0,0
U02325,new_cold_customer,trigger,3,2,0,5,19.8795,9.6898,social,social,social,0,1
U02326,new_cold_customer,fixed,2,0,0,2,202.8171,3.7521,social,social,social,0,0
U02327,low_engagement,hybrid,3,0,0,3,88.2378,2.5877,social,social,email,0,0
U02328,loyal_customer,hybrid,3,1,0,4,27.0683,9.4769,social,email,social,0,1
U02329,new_cold_customer,hybrid,2,1,0,3,157.1989,1.3865,social,ad,social,0,1
U02330,new_cold_customer,trigger,3,0,0,3,21.102,6.5521,social,social,social,0,0
U02331,new_cold_customer,trigger,5,2,0,7,45.7115,1.7174,ad,ad,ad,0,1
U02332,new_cold_customer,fixed,4,3,1,8,24.2401,2.4745,social,social,social,0,1
U02333,new_cold_customer,fixed,4,2,0,6,39.4498,2.3809,social,social,social,0,1
U02334,low_engagement,hybrid,2,2,0,4,18.2741,11.3763,social,social,email,0,1
U02335,new_cold_customer,hybrid,5,3,1,9,29.7671,1.3879,social,social,social,0,1
U02336,loyal_customer,trigger,4,0,0,4,11.9249,5.3716,email,email,email,0,0
U02337,high_intent,fixed,4,3,2,10,19.8686,2.741,email,social,social,1,0
U02338,loyal_customer,trigger,3,2,1,7,17.2072,1.7504,social,social,social,1,0
U02339,new_cold_customer,trigger,5,1,0,6,61.8473,1.4985,social,ad,social,0,1
U02340,low_engagement,fixed,4,1,0,5,51.8513,4.6627,social,social,email,0,1
U02341,new_cold_customer,trigger,4,3,1,8,27.2692,3.2859,social,social,social,0,1
U02342,price_sensitive,hybrid,3,1,0,4,59.6674,5.8498,email,email,social,0,1
U02343,low_engagement,hybrid,2,1,0,3,122.4295,2.9833,social,ad,social,0,1
U02344,low_engagement,fixed,3,1,0,4,84.8669,1.8505,social,social,email,0,1
U02345,low_engagement,trigger,2,0,0,2,304.3875,1.8173,ad,ad,ad,0,0
U02346,new_cold_customer,trigger,2,0,0,2,15.3179,10.0816,social,social,social,0,0
U02347,low_engagement,hybrid,3,1,1,5,77.1211,2.0777,ad,social,social,0,1
U02348,price_sensitive,fixed,1,1,0,2,0.0,6.0578,email,email,email,0,1
U02349,low_engagement,trigger,1,1,0,2,0.0,12.0315,social,social,social,0,1
U02350,loyal_customer,fixed,5,1,1,8,38.5308,1.8473,ad,social,social,1,0
U02351,loyal_customer,hybrid,3,1,0,4,41.6569,3.5849,social,social,offer,0,1
U02352,low_engagement,trigger,4,2,0,6,48.0048,3.0799,social,social,social,0,1
U02353,new_cold_customer,hybrid,5,2,0,7,40.3721,4.8513,social,social,social,0,1
U02354,low_engagement,trigger,4,0,0,4,93.9083,1.4862,social,email,social,0,0
U02355,low_engagement,fixed,1,1,0,2,0.0,13.0947,social,social,social,0,1
U02356,loyal_customer,trigger,4,3,1,8,31.3512,5.7287,email,email,social,0,1
U02357,new_cold_customer,hybrid,4,1,0,5,65.6739,1.0279,social,social,email,0,1
U02358,low_engagement,hybrid,4,1,1,6,41.4586,1.0193,social,social,social,0,1
U02359,new_cold_customer,fixed,5,1,0,6,44.477,2.8287,social,social,social,0,1
U02360,new_cold_customer,hybrid,5,4,0,9,32.7325,3.588,social,social,social,0,1
U02361,low_engagement,trigger,4,1,0,5,67.5015,2.3171,email,social,ad,0,1
U02362,loyal_customer,fixed,5,4,0,9,34.3273,2.5222,social,social,social,0,1
U02363,loyal_customer,hybrid,2,2,1,5,6.0022,4.1736,social,email,social,0,1
U02364,new_cold_customer,hybrid,2,1,0,3,75.6889,4.6653,social,social,email,0,1
U02365,new_cold_customer,trigger,5,2,1,8,36.6974,2.3252,social,email,social,0,1
U02366,low_engagement,fixed,1,0,0,1,0.0,12.7701,social,social,social,0,0
U02367,new_cold_customer,hybrid,5,0,0,5,28.0478,8.7562,social,ad,social,0,0
U02368,low_engagement,trigger,4,2,0,6,47.0285,2.6382,social,ad,social,0,1
U02369,low_engagement,hybrid,1,1,0,2,0.0,7.0005,ad,ad,ad,0,1
U02370,price_sensitive,trigger,3,1,0,4,101.8532,1.3027,email,email,email,0,1
U02371,new_cold_customer,trigger,5,1,0,6,33.1875,7.4482,social,social,social,0,1
U02372,low_engagement,fixed,2,0,0,2,137.8873,5.5509,social,social,email,0,0
U02373,high_intent,trigger,3,2,0,5,29.7452,4.0703,email,social,email,0,1
U02374,loyal_customer,fixed,4,1,1,7,24.2814,3.9317,email,email,social,1,0
U02375,low_engagement,hybrid,3,2,0,5,22.8525,5.0905,social,social,social,0,1
U02376,loyal_customer,trigger,4,1,0,5,44.6983,3.5281,social,social,email,0,1
U02377,low_engagement,fixed,2,0,0,2,131.2261,9.2099,social,social,social,0,0
U02378,new_cold_customer,trigger,3,0,0,3,137.2123,1.6232,social,social,social,0,0
U02379,low_engagement,fixed,2,1,0,3,24.9068,5.1378,social,social,social,0,1
U02380,low_engagement,fixed,1,0,0,1,0.0,3.7908,social,social,social,0,0
U02381,loyal_customer,hybrid,3,1,0,4,44.0894,6.6814,social,social,social,0,1
U02382,low_engagement,hybrid,1,0,0,1,0.0,3.9906,social,social,social,0,0
U02383,loyal_customer,fixed,4,2,1,7,54.8733,1.1199,social,social,social,0,1
U02384,low_engagement,trigger,1,0,0,1,0.0,2.0446,social,social,social,0,0
U02385,new_cold_customer,trigger,5,3,0,8,38.9096,1.2578,social,social,social,0,1
U02386,new_cold_customer,hybrid,5,3,0,8,42.2266,1.9217,social,social,social,0,1
U02387,price_sensitive,fixed,1,0,0,1,0.0,6.4841,email,email,email,0,0
U02388,low_engagement,trigger,1,1,0,2,0.0,1.1776,social,social,social,0,1
U02389,new_cold_customer,trigger,3,1,0,4,53.4206,3.2875,social,social,email,0,1
U02390,low_engagement,fixed,4,0,0,4,36.581,6.0219,social,social,social,0,0
U02391,new_cold_customer,hybrid,2,0,0,2,34.383,10.3042,social,social,social,0,0
U02392,high_intent,trigger,3,2,0,5,51.517,5.6247,email,offer,email,0,1
U02393,new_cold_customer,trigger,4,2,1,7,29.7193,5.8934,social,social,ad,0,1
U02394,low_engagement,fixed,4,1,0,5,76.7299,2.0644,social,social,social,0,1
U02395,low_engagement,trigger,1,0,0,1,0.0,1.6361,social,social,social,0,0
U02396,new_cold_customer,hybrid,2,1,0,3,108.1411,5.3186,social,social,social,0,1
U02397,low_engagement,hybrid,3,3,1,7,27.9188,6.4378,social,ad,social,0,1
U02398,loyal_customer,fixed,4,1,0,5,59.993,1.324,social,ad,social,0,1
U02399,new_cold_customer,fixed,5,3,1,9,21.7652,5.0483,social,social,social,0,1
U02400,new_cold_customer,trigger,4,2,1,7,26.2267,3.391,social,social,social,0,1
U02401,loyal_customer,hybrid,6,4,0,10,23.9098,1.0235,social,offer,email,0,1
U02402,new_cold_customer,trigger,2,0,0,2,299.0002,1.3658,social,social,social,0,0
U02403,low_engagement,trigger,1,0,0,1,0.0,13.154,social,social,social,0,0
U02404,new_cold_customer,hybrid,4,3,0,7,51.9584,1.2375,social,social,social,0,1
U02405,new_cold_customer,hybrid,5,2,0,7,42.4612,2.7911,social,social,social,0,1
U02406,low_engagement,trigger,4,0,0,4,89.8539,2.7631,social,social,social,0,0
U02407,low_engagement,trigger,3,1,0,4,43.3833,4.024,social,social,social,0,1
U02408,loyal_customer,fixed,3,0,0,3,57.2962,6.5956,social,email,social,0,0
U02409,low_engagement,hybrid,1,1,0,2,0.0,12.0752,social,social,social,0,1
U02410,new_cold_customer,hybrid,4,3,1,8,30.5875,2.9381,social,social,social,0,1
U02411,loyal_customer,fixed,5,2,0,7,30.2913,6.3223,social,social,ad,0,1
U02412,high_intent,fixed,8,7,4,19,12.7179,1.1206,social,email,email,0,1
U02413,new_cold_customer,trigger,2,0,0,2,138.9468,6.6438,social,social,email,0,0
U02414,loyal_customer,trigger,5,1,0,6,59.5517,1.3807,email,email,social,0,1
U02415,high_intent,hybrid,6,5,3,16,16.9625,3.5124,social,social,email,1,0
U02416,new_cold_customer,hybrid,5,3,0,8,31.9814,3.9674,email,social,email,0,1
U02417,new_cold_customer,fixed,4,1,1,6,39.4299,4.209,social,ad,ad,0,1
U02418,low_engagement,hybrid,3,1,0,4,59.2209,6.1719,ad,ad,email,0,1
U02419,new_cold_customer,hybrid,3,1,0,4,40.6163,5.4744,email,email,ad,0,1
U02420,loyal_customer,hybrid,6,2,0,8,44.4973,1.2423,social,social,email,0,1
U02421,new_cold_customer,hybrid,5,5,1,11,22.8508,1.3131,social,email,social,0,1
U02422,price_sensitive,hybrid,2,0,0,2,166.3103,7.8365,social,social,social,0,0
U02423,loyal_customer,fixed,6,4,0,10,28.5196,1.6094,social,social,email,0,1
U02424,low_engagement,trigger,4,1,0,5,78.6986,1.8489,social,ad,email,0,1
U02425,loyal_customer,hybrid,4,1,0,5,53.6781,3.5605,social,social,social,0,1
U02426,high_intent,trigger,4,1,1,7,22.0931,8.7825,email,email,email,1,0
U02427,low_engagement,trigger,4,2,0,6,55.035,1.1967,social,social,social,0,1
U02428,loyal_customer,trigger,5,2,0,7,7.5747,8.0842,social,social,social,0,1
U02429,loyal_customer,trigger,2,2,0,4,45.0593,2.323,social,social,social,0,1
U02430,loyal_customer,hybrid,5,2,0,7,20.0214,5.2542,social,email,social,0,1
U02431,new_cold_customer,trigger,5,4,2,12,22.2622,3.7204,social,ad,social,1,0
U02432,price_sensitive,fixed,3,0,0,3,115.6601,1.9074,social,social,social,0,0
U02433,new_cold_customer,trigger,3,2,0,5,48.4123,6.2216,social,social,ad,0,1
U02434,price_sensitive,trigger,3,2,1,6,56.0027,2.6971,social,social,email,0,1
U02435,price_sensitive,hybrid,1,0,0,1,0.0,13.4659,social,social,social,0,0
U02436,new_cold_customer,hybrid,4,2,1,7,30.2881,6.4924,social,social,social,0,1
U02437,new_cold_customer,trigger,5,3,0,8,42.2059,1.9148,social,social,social,0,1
U02438,high_intent,fixed,5,3,2,10,26.5772,2.3592,social,ad,email,0,1
U02439,low_engagement,hybrid,3,0,0,3,16.6729,8.5375,social,social,email,0,0
U02440,low_engagement,hybrid,1,0,0,1,0.0,11.5962,social,social,social,0,0
U02441,low_engagement,fixed,4,0,0,4,95.0497,2.6209,social,social,social,0,0
U02442,new_cold_customer,hybrid,3,1,1,5,61.2583,2.6033,ad,ad,social,0,1
U02443,low_engagement,hybrid,3,2,0,5,16.6051,6.8844,social,social,social,0,1
U02444,price_sensitive,hybrid,3,0,0,3,116.752,5.0603,email,email,email,0,0
U02445,high_intent,hybrid,3,3,1,7,42.1772,3.4594,social,social,email,0,1
U02446,loyal_customer,trigger,2,1,0,3,91.414,2.072,email,email,email,0,1
U02447,new_cold_customer,fixed,2,1,0,3,12.4332,5.374,social,social,social,0,1
U02448,new_cold_customer,trigger,2,0,0,2,6.6439,1.2219,social,social,ad,0,0
U02449,loyal_customer,hybrid,6,4,1,11,30.8792,1.3564,social,social,social,0,1
U02450,high_intent,hybrid,3,2,1,6,24.9964,4.3142,email,social,email,0,1
U02451,loyal_customer,trigger,5,3,1,9,24.3864,4.9106,email,email,email,0,1
U02452,new_cold_customer,fixed,2,0,0,2,183.4464,2.4243,social,social,ad,0,0
U02453,low_engagement,fixed,4,2,1,7,47.8819,1.4209,social,social,social,0,1
U02454,high_intent,trigger,6,4,3,15,18.3324,2.443,email,email,email,1,0
U02455,loyal_customer,fixed,6,3,0,9,29.988,1.1876,social,social,email,0,1
U02456,new_cold_customer,hybrid,2,0,0,2,34.6479,13.1554,social,social,social,0,0
U02457,new_cold_customer,trigger,5,3,0,8,20.8245,1.875,social,social,social,0,1
U02458,loyal_customer,hybrid,5,1,0,6,64.0197,1.3411,offer,social,offer,0,1
U02459,low_engagement,trigger,2,1,0,3,106.019,4.7981,social,social,social,0,1
U02460,price_sensitive,fixed,1,0,0,1,0.0,13.021,social,social,social,0,0
U02461,new_cold_customer,fixed,2,1,0,3,110.2545,1.3714,social,social,social,0,1
U02462,low_engagement,fixed,3,2,0,5,45.6858,4.8622,social,social,social,0,1
U02463,loyal_customer,fixed,5,3,0,8,39.4686,1.6412,social,social,social,0,1
U02464,new_cold_customer,fixed,4,2,0,6,51.3615,3.721,social,social,social,0,1
U02465,new_cold_customer,trigger,3,1,0,4,55.6581,1.7864,social,social,social,0,1
U02466,new_cold_customer,fixed,2,1,1,4,49.0624,4.2729,social,social,social,0,1
U02467,new_cold_customer,fixed,5,2,1,8,36.5357,1.8859,social,social,social,0,1
U02468,high_intent,fixed,8,6,2,17,19.0503,1.2097,social,social,social,1,0
U02469,price_sensitive,hybrid,1,1,1,3,0.0,11.1351,social,social,social,0,1
U02470,new_cold_customer,trigger,4,1,0,5,78.591,1.6231,social,social,offer,0,1
U02471,price_sensitive,trigger,3,0,0,3,138.8924,2.2805,email,email,social,0,0
U02472,low_engagement,fixed,4,0,0,4,80.3934,1.5573,ad,ad,ad,0,0
U02473,high_intent,hybrid,8,6,4,20,14.5875,3.1906,social,social,social,1,0
U02474,new_cold_customer,hybrid,4,2,1,7,35.1851,4.744,social,social,social,0,1
U02475,new_cold_customer,trigger,4,2,1,7,52.088,1.8865,social,social,social,0,1
U02476,new_cold_customer,hybrid,2,1,0,3,68.3112,8.9653,social,social,ad,0,1
U02477,loyal_customer,trigger,4,2,0,6,31.7614,2.1598,social,social,social,0,1
U02478,high_intent,trigger,3,3,2,10,9.2434,1.5207,social,social,email,1,0
U02479,high_intent,hybrid,4,4,4,15,17.6043,2.3725,email,social,email,1,0
U02480,new_cold_customer,hybrid,3,2,1,6,51.9671,3.9057,social,social,offer,0,1
U02481,new_cold_customer,trigger,3,0,0,3,74.3067,1.8054,social,social,social,0,0
U02482,low_engagement,trigger,1,1,0,2,0.0,14.2189,ad,ad,ad,0,1
U02483,low_engagement,fixed,3,1,0,4,93.0087,1.4527,ad,ad,social,0,1
U02484,loyal_customer,hybrid,6,3,2,11,21.9491,1.7664,social,social,social,0,1
U02485,new_cold_customer,fixed,4,2,1,7,26.4066,7.8608,social,social,social,0,1
U02486,price_sensitive,fixed,1,1,0,2,0.0,14.2761,email,email,email,0,1
U02487,new_cold_customer,fixed,5,1,0,6,29.5893,5.9143,social,email,social,0,1
U02488,loyal_customer,hybrid,2,1,1,4,70.6434,3.8801,email,social,email,0,1
U02489,new_cold_customer,hybrid,3,1,1,6,22.025,6.7072,ad,social,ad,1,0
U02490,new_cold_customer,fixed,4,1,1,7,37.3993,4.1865,social,social,ad,1,0
U02491,low_engagement,hybrid,3,0,0,3,29.2206,2.1502,social,social,social,0,0
U02492,new_cold_customer,fixed,4,2,0,6,47.9216,3.6574,social,social,social,0,1
U02493,price_sensitive,hybrid,1,0,0,1,0.0,2.3216,ad,ad,ad,0,0
U02494,loyal_customer,hybrid,3,1,0,4,39.0019,5.7405,social,social,social,0,1
U02495,loyal_customer,hybrid,6,5,3,15,15.2344,4.8123,social,social,social,1,0
U02496,high_intent,hybrid,3,2,1,7,6.0654,10.0502,email,social,email,1,0
U02497,loyal_customer,trigger,3,3,1,7,16.7601,4.1913,social,email,social,0,1
U02498,high_intent,fixed,3,3,1,7,44.2134,2.7441,social,social,social,0,1
U02499,low_engagement,fixed,1,0,0,1,0.0,7.736,social,social,social,0,0
U02500,low_engagement,hybrid,4,2,1,7,21.501,3.4085,social,social,social,0,1
U02501,new_cold_customer,fixed,5,2,0,7,55.0467,1.1024,social,social,social,0,1
U02502,new_cold_customer,hybrid,2,1,0,3,48.6827,3.4249,social,social,social,0,1
U02503,loyal_customer,fixed,3,2,0,5,57.1348,4.7238,email,email,email,0,1
U02504,high_intent,fixed,7,5,1,13,22.1681,3.015,social,social,email,0,1
U02505,price_sensitive,hybrid,2,1,0,3,39.1278,1.3776,ad,ad,social,0,1
U02506,new_cold_customer,trigger,5,4,0,9,34.4826,2.4111,social,social,social,0,1
U02507,low_engagement,fixed,1,0,0,1,0.0,8.2874,ad,ad,ad,0,0
U02508,low_engagement,fixed,2,0,0,2,127.0066,1.5144,social,social,social,0,0
U02509,loyal_customer,fixed,6,1,1,8,28.8627,4.8615,email,email,social,0,1
U02510,loyal_customer,trigger,3,2,2,7,40.7112,4.6675,social,social,email,0,1
U02511,new_cold_customer,fixed,5,2,0,7,45.7988,1.0885,social,social,social,0,1
U02512,high_intent,fixed,8,5,3,16,15.3205,1.9486,social,ad,email,0,1
U02513,low_engagement,hybrid,4,4,2,10,34.424,1.0377,social,social,social,0,1
U02514,low_engagement,fixed,2,1,0,3,30.1975,5.5579,social,ad,social,0,1
U02515,new_cold_customer,trigger,5,3,0,8,34.4968,1.8027,social,ad,social,0,1
U02516,low_engagement,fixed,2,0,0,2,91.2904,5.6515,social,social,ad,0,0
U02517,loyal_customer,hybrid,4,3,1,9,19.8283,1.1741,social,social,social,1,0
U02518,loyal_customer,hybrid,5,2,1,9,32.6427,3.0438,social,email,email,1,0
U02519,new_cold_customer,hybrid,3,2,0,5,28.7335,2.5916,social,social,social,0,1
U02520,new_cold_customer,fixed,3,2,0,5,49.3988,4.8693,social,social,social,0,1
U02521,new_cold_customer,hybrid,3,1,1,5,61.7523,4.4132,ad,social,social,0,1
U02522,new_cold_customer,hybrid,2,0,0,2,229.3996,4.4758,social,social,social,0,0
U02523,high_intent,trigger,6,4,4,17,16.9223,2.1465,email,ad,email,1,0
U02524,new_cold_customer,trigger,2,0,0,2,170.4658,5.1111,social,social,social,0,0
U02525,high_intent,hybrid,7,4,3,17,17.2957,2.6189,social,offer,social,1,0
U02526,new_cold_customer,trigger,2,2,1,5,30.4605,8.9211,social,social,email,0,1
U02527,new_cold_customer,trigger,3,1,0,4,59.1832,6.0851,social,social,social,0,1
U02528,low_engagement,hybrid,3,1,1,5,48.9027,2.6564,email,email,social,0,1
U02529,price_sensitive,hybrid,2,0,0,2,48.2109,2.3993,social,social,social,0,0
U02530,high_intent,trigger,4,2,0,6,29.0593,6.8218,email,email,social,0,1
U02531,new_cold_customer,trigger,3,1,0,4,13.3217,11.4244,social,social,social,0,1
U02532,high_intent,trigger,6,3,2,12,27.3572,1.9153,social,social,email,1,0
U02533,low_engagement,trigger,2,2,0,4,31.1755,1.6453,offer,offer,social,0,1
U02534,new_cold_customer,hybrid,5,2,2,9,32.0033,4.2943,social,social,social,0,1
U02535,new_cold_customer,hybrid,2,1,1,4,35.5582,10.114,social,social,social,0,1
U02536,high_intent,hybrid,4,3,2,9,21.3047,6.6233,social,social,email,0,1
U02537,price_sensitive,trigger,1,0,0,1,0.0,12.3798,email,email,email,0,0
U02538,low_engagement,trigger,4,1,0,5,64.3896,1.51,social,social,email,0,1
U02539,high_intent,fixed,7,5,0,12,26.8315,1.0315,social,offer,social,0,1
U02540,low_engagement,trigger,4,3,1,8,37.7613,2.0011,social,offer,social,0,1
U02541,loyal_customer,fixed,5,2,1,8,12.4378,8.9149,social,email,social,0,1
U02542,new_cold_customer,fixed,4,2,1,7,52.1535,1.4816,social,social,ad,0,1
U02543,new_cold_customer,hybrid,4,2,0,6,30.264,3.9237,social,social,social,0,1
U02544,new_cold_customer,trigger,4,4,2,11,27.173,1.7277,social,ad,social,1,0
U02545,price_sensitive,fixed,2,0,0,2,321.2546,1.5966,social,social,email,0,0
U02546,low_engagement,hybrid,4,1,1,6,58.9394,1.1461,social,email,social,0,1
U02547,loyal_customer,trigger,4,0,0,4,50.5566,5.3792,social,social,social,0,0
U02548,low_engagement,trigger,3,1,0,4,19.2351,12.1,social,social,social,0,1
U02549,new_cold_customer,fixed,5,3,0,8,22.7313,7.1092,social,social,social,0,1
U02550,new_cold_customer,fixed,4,2,1,7,49.8395,1.6695,social,social,ad,0,1
U02551,new_cold_customer,fixed,4,2,1,7,41.9168,2.7995,social,social,social,0,1
U02552,new_cold_customer,fixed,3,0,0,3,63.5976,3.1039,ad,ad,email,0,0
U02553,loyal_customer,trigger,3,3,2,8,42.7516,2.2878,email,email,social,0,1
U02554,new_cold_customer,fixed,2,1,0,3,20.2625,1.5359,social,social,social,0,1
U02555,loyal_customer,trigger,3,2,0,5,77.0173,1.0903,ad,ad,email,0,1
U02556,new_cold_customer,fixed,5,0,0,5,55.6149,3.7735,social,social,email,0,0
U02557,low_engagement,hybrid,2,1,0,3,37.3272,11.1846,social,social,social,0,1
U02558,new_cold_customer,fixed,2,1,0,3,99.4144,2.5351,social,ad,social,0,1
U02559,new_cold_customer,fixed,5,2,1,8,38.8741,2.0985,social,social,social,0,1
U02560,low_engagement,trigger,3,0,0,3,42.2442,1.0423,social,social,email,0,0
U02561,low_engagement,fixed,2,1,1,4,21.087,2.0863,email,ad,email,0,1
U02562,new_cold_customer,hybrid,3,2,0,5,42.4197,1.1836,social,social,social,0,1
U02563,new_cold_customer,trigger,4,3,2,9,15.2669,6.7994,social,social,social,0,1
U02564,new_cold_customer,fixed,2,1,0,3,77.2736,1.4101,social,social,social,0,1
U02565,high_intent,fixed,4,1,0,5,49.1019,5.0241,email,ad,ad,0,1
U02566,loyal_customer,fixed,3,1,0,4,56.7227,4.4796,social,social,social,0,1
U02567,high_intent,fixed,7,6,4,18,9.8894,6.322,social,email,social,1,0
U02568,loyal_customer,hybrid,5,1,1,7,32.8113,6.4923,email,social,email,0,1
U02569,price_sensitive,trigger,2,0,0,2,97.0159,1.551,email,email,social,0,0
U02570,price_sensitive,fixed,3,0,0,3,27.577,12.0142,email,social,email,0,0
U02571,low_engagement,hybrid,4,0,0,4,83.721,2.9242,social,ad,social,0,0
U02572,high_intent,hybrid,8,5,3,17,16.791,3.0662,social,social,social,1,0
U02573,high_intent,trigger,8,6,2,16,15.5371,2.6699,social,social,email,0,1
U02574,low_engagement,fixed,4,1,0,5,49.2953,4.2793,social,social,social,0,1
U02575,high_intent,trigger,3,3,2,10,11.2733,9.7143,email,email,email,1,0
U02576,new_cold_customer,hybrid,5,3,2,10,24.1537,3.8635,social,social,social,0,1
U02577,low_engagement,trigger,3,1,0,4,31.2414,9.783,social,email,social,0,1
U02578,loyal_customer,hybrid,2,1,0,3,50.4307,6.533,social,social,email,0,1
U02579,low_engagement,trigger,2,1,0,3,13.538,13.3189,social,social,social,0,1
U02580,new_cold_customer,hybrid,3,2,0,5,70.5942,1.3095,social,social,social,0,1
U02581,loyal_customer,hybrid,6,2,1,9,34.0285,2.7666,social,social,social,0,1
U02582,high_intent,fixed,5,1,1,7,38.7195,2.9631,email,email,social,0,1
U02583,new_cold_customer,trigger,3,0,0,3,69.4989,5.5538,social,social,social,0,0
U02584,low_engagement,trigger,3,2,0,5,44.7064,3.5636,social,social,email,0,1
U02585,new_cold_customer,trigger,3,0,0,3,77.8936,2.758,social,email,social,0,0
U02586,new_cold_customer,trigger,2,0,0,2,73.0614,5.9486,social,social,social,0,0
U02587,low_engagement,fixed,3,0,0,3,72.6405,7.328,social,social,social,0,0
U02588,price_sensitive,fixed,1,1,0,2,0.0,14.2403,social,social,social,0,1
U02589,new_cold_customer,fixed,2,0,0,2,0.5798,6.6618,social,social,social,0,0
U02590,price_sensitive,trigger,2,0,0,2,136.8727,2.4767,social,social,social,0,0
U02591,high_intent,hybrid,3,2,1,7,20.8098,6.2072,social,social,email,1,0
U02592,new_cold_customer,trigger,2,1,0,3,104.4837,5.3125,social,social,social,0,1
U02593,new_cold_customer,fixed,5,1,1,7,45.7696,2.5225,social,social,social,0,1
U02594,new_cold_customer,trigger,5,1,0,6,55.5838,1.8549,email,email,ad,0,1
U02595,low_engagement,trigger,4,1,0,5,79.993,1.0957,social,social,social,0,1
U02596,new_cold_customer,fixed,2,1,0,3,18.6494,3.3074,social,social,social,0,1
U02597,loyal_customer,hybrid,2,1,0,3,118.8609,4.6129,offer,offer,social,0,1
U02598,new_cold_customer,fixed,4,2,0,6,57.5673,1.5523,social,social,ad,0,1
U02599,low_engagement,fixed,1,1,0,2,0.0,7.1729,social,social,social,0,1
U02600,loyal_customer,fixed,3,1,0,4,46.0946,4.2026,social,social,social,0,1
U02601,low_engagement,trigger,2,1,0,3,75.5393,6.4597,social,ad,social,0,1
U02602,low_engagement,trigger,2,1,1,4,48.364,8.608,social,social,social,0,1
U02603,high_intent,fixed,8,6,4,19,15.8632,1.0808,social,email,social,1,0
U02604,loyal_customer,hybrid,4,1,0,5,42.476,6.4712,ad,ad,email,0,1
U02605,new_cold_customer,trigger,4,1,0,5,50.9243,3.6811,social,social,email,0,1
U02606,loyal_customer,hybrid,2,2,1,5,21.986,1.7876,social,social,social,0,1
U02607,high_intent,trigger,7,6,2,16,17.0835,1.3308,social,email,ad,1,0
U02608,loyal_customer,fixed,4,2,0,6,30.5678,6.6465,social,social,social,0,1
U02609,low_engagement,fixed,3,1,0,4,27.4249,4.6399,social,social,social,0,1
U02610,new_cold_customer,trigger,4,1,0,5,45.4289,4.6507,social,social,social,0,1
U02611,loyal_customer,hybrid,6,4,2,14,21.9104,1.8946,social,social,social,1,0
U02612,low_engagement,trigger,1,0,0,1,0.0,13.9186,social,social,social,0,0
U02613,price_sensitive,trigger,1,0,0,1,0.0,1.7503,social,social,social,0,0
U02614,price_sensitive,trigger,1,1,0,2,0.0,4.1276,social,social,social,0,1
U02615,new_cold_customer,fixed,5,2,0,7,45.9948,2.4082,social,social,social,0,1
U02616,low_engagement,trigger,1,1,0,2,0.0,4.8094,social,social,social,0,1
U02617,new_cold_customer,trigger,2,1,1,4,27.7973,3.1244,social,offer,social,0,1
U02618,loyal_customer,trigger,4,0,0,4,46.093,6.2659,email,email,ad,0,0
U02619,low_engagement,trigger,3,2,1,6,42.2612,3.8994,social,social,social,0,1
U02620,new_cold_customer,fixed,5,1,1,7,33.9964,4.0513,social,social,social,0,1
U02621,loyal_customer,hybrid,2,2,0,4,15.3836,2.3565,social,social,social,0,1
U02622,low_engagement,trigger,1,0,0,1,0.0,10.6524,social,social,social,0,0
U02623,low_engagement,trigger,3,1,0,4,105.591,1.4691,social,email,social,0,1
U02624,high_intent,fixed,7,4,2,14,20.8113,1.5693,social,email,social,1,0
U02625,loyal_customer,hybrid,6,1,0,7,37.2371,3.9384,social,email,email,0,1
U02626,high_intent,fixed,5,3,2,11,27.6692,2.46,email,email,email,1,0
U02627,high_intent,hybrid,5,4,3,14,22.4927,2.6565,social,social,email,1,0
U02628,new_cold_customer,hybrid,5,2,0,7,47.3804,1.0021,social,social,social,0,1
U02629,low_engagement,trigger,1,0,0,1,0.0,7.1087,social,social,social,0,0
U02630,new_cold_customer,trigger,2,1,1,4,59.1361,5.1249,social,social,social,0,1
U02631,new_cold_customer,fixed,4,2,0,6,29.8472,6.1537,social,social,social,0,1
U02632,new_cold_customer,hybrid,2,1,0,3,55.6716,8.6132,ad,social,ad,0,1
U02633,loyal_customer,trigger,6,2,0,8,39.5058,3.4316,social,social,social,0,1
U02634,low_engagement,hybrid,2,2,0,4,78.1953,4.5249,social,social,social,0,1
U02635,new_cold_customer,trigger,4,2,0,6,48.2126,1.5836,social,email,social,0,1
U02636,loyal_customer,hybrid,3,2,2,7,49.082,2.6428,social,social,email,0,1
U02637,new_cold_customer,fixed,4,2,0,6,15.0976,8.6886,social,social,social,0,1
U02638,high_intent,fixed,3,2,1,6,24.7952,4.0851,social,social,social,0,1
U02639,low_engagement,trigger,3,1,0,4,81.3509,3.1487,social,social,social,0,1
U02640,new_cold_customer,trigger,4,3,0,7,35.9863,4.3248,social,social,social,0,1
U02641,new_cold_customer,trigger,4,2,0,6,39.1138,3.5845,social,social,ad,0,1
U02642,new_cold_customer,fixed,2,0,0,2,132.0642,6.5889,social,social,social,0,0
U02643,new_cold_customer,trigger,4,1,0,5,65.9059,3.2979,social,social,social,0,1
U02644,new_cold_customer,fixed,3,2,1,6,17.3615,2.8175,social,social,social,0,1
U02645,loyal_customer,hybrid,3,2,1,7,24.7291,7.2791,ad,social,ad,1,0
U02646,low_engagement,trigger,3,1,1,5,53.0499,4.4878,email,email,social,0,1
U02647,new_cold_customer,trigger,5,3,0,8,41.083,1.5974,social,social,social,0,1
U02648,low_engagement,hybrid,2,2,0,4,20.3839,7.6003,social,social,email,0,1
U02649,low_engagement,hybrid,1,0,0,1,0.0,4.7532,social,social,social,0,0
U02650,low_engagement,hybrid,3,0,0,3,92.4587,3.6793,social,social,social,0,0
U02651,low_engagement,fixed,1,0,0,1,0.0,8.306,email,email,email,0,0
U02652,new_cold_customer,trigger,5,2,1,8,28.1052,2.9374,social,social,social,0,1
U02653,new_cold_customer,fixed,5,2,1,8,31.2876,2.0959,social,social,social,0,1
U02654,new_cold_customer,trigger,5,1,0,6,62.7902,1.0072,social,social,ad,0,1
U02655,low_engagement,fixed,2,0,0,2,24.0581,7.5135,social,social,social,0,0
U02656,low_engagement,trigger,2,0,0,2,224.2543,5.0647,social,social,email,0,0
U02657,new_cold_customer,fixed,5,1,0,6,41.3458,1.2179,email,email,offer,0,1
U02658,new_cold_customer,trigger,3,2,0,5,40.8603,4.9958,social,ad,social,0,1
U02659,new_cold_customer,trigger,4,2,0,6,40.3365,4.219,social,social,social,0,1
U02660,low_engagement,trigger,4,1,0,5,61.8552,2.3076,social,ad,social,0,1
U02661,price_sensitive,hybrid,2,0,0,2,134.6263,4.8731,social,social,social,0,0
U02662,low_engagement,trigger,1,0,0,1,0.0,4.9488,email,email,email,0,0
U02663,new_cold_customer,fixed,3,3,1,7,7.5321,5.2665,ad,ad,ad,0,1
U02664,new_cold_customer,hybrid,2,2,1,5,44.1637,1.0823,social,social,social,0,1
U02665,low_engagement,fixed,2,0,0,2,4.0038,2.9133,social,social,email,0,0
U02666,loyal_customer,hybrid,3,1,0,4,64.6614,6.808,social,email,social,0,1
U02667,low_engagement,hybrid,2,1,0,3,97.0263,5.1233,social,social,email,0,1
U02668,low_engagement,trigger,3,2,0,5,18.9354,6.7017,ad,ad,social,0,1
U02669,loyal_customer,hybrid,2,2,0,4,78.8935,4.5662,social,social,social,0,1
U02670,low_engagement,fixed,1,0,0,1,0.0,12.6282,social,social,social,0,0
U02671,loyal_customer,trigger,3,0,0,3,72.7257,5.8478,social,email,social,0,0
U02672,new_cold_customer,fixed,3,1,0,4,72.4952,1.5116,social,social,social,0,1
U02673,loyal_customer,hybrid,3,1,0,4,36.7277,2.9683,email,email,email,0,1
U02674,loyal_customer,fixed,2,0,0,2,31.1439,5.1995,offer,offer,email,0,0
U02675,low_engagement,hybrid,3,2,0,5,42.4762,3.7728,social,email,social,0,1
U02676,loyal_customer,trigger,4,1,0,5,42.9032,6.5978,ad,social,social,0,1
U02677,low_engagement,fixed,3,0,0,3,83.855,5.353,social,social,social,0,0
U02678,price_sensitive,hybrid,1,0,0,1,0.0,12.2542,social,social,social,0,0
U02679,loyal_customer,fixed,5,3,1,9,20.512,5.8649,email,email,email,0,1
U02680,new_cold_customer,hybrid,5,1,1,7,53.477,1.5931,social,ad,social,0,1
U02681,new_cold_customer,trigger,4,2,0,6,44.8703,4.9575,social,offer,social,0,1
U02682,loyal_customer,fixed,3,1,1,5,21.1902,4.5097,email,email,social,0,1
U02683,new_cold_customer,hybrid,2,1,0,3,89.8646,2.1726,ad,ad,social,0,1
U02684,low_engagement,trigger,2,0,0,2,239.2199,4.0333,social,social,social,0,0
U02685,price_sensitive,trigger,1,1,0,2,0.0,10.7687,social,social,social,0,1
U02686,new_cold_customer,hybrid,4,1,0,5,58.3376,4.0442,social,social,email,0,1
U02687,high_intent,fixed,7,4,2,13,6.3858,7.9952,social,social,social,0,1
U02688,new_cold_customer,hybrid,5,1,0,6,48.3913,2.3848,social,social,social,0,1
U02689,high_intent,fixed,5,2,0,7,42.8709,1.0001,social,social,social,0,1
U02690,new_cold_customer,hybrid,2,2,0,4,42.6847,3.6828,social,social,social,0,1
U02691,loyal_customer,trigger,4,1,1,7,43.9304,3.3065,email,social,email,1,0
U02692,new_cold_customer,fixed,2,1,0,3,92.4166,1.9741,social,social,social,0,1
U02693,loyal_customer,fixed,5,1,1,7,39.8782,1.9523,social,social,social,0,1
U02694,low_engagement,hybrid,2,0,0,2,96.475,7.6489,social,social,social,0,0
U02695,loyal_customer,fixed,3,1,0,4,83.79,3.7365,social,email,social,0,1
U02696,low_engagement,fixed,3,2,0,5,51.8769,3.8855,ad,ad,ad,0,1
U02697,high_intent,hybrid,5,1,0,6,33.737,3.6591,social,social,social,0,1
U02698,new_cold_customer,trigger,2,2,1,5,35.8776,7.5718,social,email,social,0,1
U02699,low_engagement,hybrid,3,1,1,5,45.9942,6.5528,social,social,social,0,1
U02700,new_cold_customer,hybrid,2,1,1,4,11.8367,1.406,social,social,social,0,1
U02701,loyal_customer,fixed,5,1,0,6,40.1512,3.458,social,social,social,0,1
U02702,new_cold_customer,hybrid,2,0,0,2,254.2911,2.0741,social,social,social,0,0
U02703,new_cold_customer,hybrid,2,1,0,3,135.1803,3.2106,social,social,social,0,1
U02704,price_sensitive,fixed,2,0,0,2,122.887,1.1534,social,social,email,0,0
U02705,price_sensitive,trigger,3,0,0,3,127.6708,3.4861,email,email,email,0,0
U02706,high_intent,hybrid,8,6,2,18,18.3064,1.0398,social,social,social,1,0
U02707,new_cold_customer,fixed,3,1,1,5,59.5122,4.5187,social,social,social,0,1
U02708,loyal_customer,trigger,5,3,2,10,35.0506,1.7713,social,ad,social,0,1
U02709,price_sensitive,trigger,3,1,0,4,47.6127,1.9292,email,email,social,0,1
U02710,low_engagement,fixed,1,0,0,1,0.0,3.0859,social,social,social,0,0
U02711,high_intent,hybrid,6,6,2,15,14.4505,1.5088,social,social,social,1,0
U02712,low_engagement,hybrid,1,1,0,2,0.0,5.0005,email,email,email,0,1
U02713,low_engagement,trigger,2,1,0,3,23.0138,11.4465,social,social,social,0,1
U02714,new_cold_customer,hybrid,4,3,0,7,34.6516,4.4884,social,social,social,0,1
U02715,low_engagement,hybrid,3,1,0,4,30.4083,2.4852,social,social,ad,0,1
U02716,loyal_customer,trigger,3,3,0,6,28.2097,2.4637,social,social,social,0,1
U02717,low_engagement,fixed,2,0,0,2,76.167,8.3352,social,social,social,0,0
U02718,low_engagement,fixed,1,0,0,1,0.0,11.7271,email,email,email,0,0
U02719,low_engagement,trigger,1,0,0,1,0.0,6.4216,email,email,email,0,0
U02720,new_cold_customer,fixed,4,2,0,6,35.1915,2.8411,ad,ad,social,0,1
U02721,price_sensitive,fixed,1,0,0,1,0.0,10.4596,social,social,social,0,0
U02722,new_cold_customer,hybrid,4,2,1,7,31.7243,5.7632,social,social,social,0,1
U02723,new_cold_customer,hybrid,5,2,0,7,42.8828,1.1868,social,social,social,0,1
U02724,new_cold_customer,fixed,3,1,0,4,30.6996,8.2463,social,email,social,0,1
U02725,loyal_customer,trigger,3,1,0,4,84.8358,1.403,email,ad,email,0,1
U02726,high_intent,hybrid,3,1,1,6,51.8423,2.4434,social,social,social,1,0
U02727,high_intent,hybrid,8,7,4,21,12.4488,2.881,social,social,email,1,0
U02728,low_engagement,fixed,3,1,0,4,1.828,11.1138,social,social,social,0,1
U02729,new_cold_customer,fixed,2,2,0,4,4.7487,6.2713,social,social,social,0,1
U02730,loyal_customer,trigger,2,1,0,3,51.3812,6.7951,social,social,social,0,1
U02731,low_engagement,fixed,2,0,0,2,212.4818,5.63,social,social,social,0,0
U02732,new_cold_customer,hybrid,5,2,1,8,30.3139,3.873,ad,ad,ad,0,1
U02733,new_cold_customer,fixed,4,0,0,4,99.8177,2.1988,social,social,email,0,0
U02734,loyal_customer,hybrid,4,2,0,6,37.4607,2.4576,social,social,social,0,1
U02735,new_cold_customer,hybrid,5,5,0,10,32.2586,2.6969,social,social,social,0,1
U02736,loyal_customer,hybrid,5,1,1,7,49.5446,1.3824,social,email,social,0,1
U02737,low_engagement,fixed,2,0,0,2,39.1908,11.9412,email,email,social,0,0
U02738,loyal_customer,hybrid,6,4,1,12,20.6508,4.1509,social,social,social,1,0
U02739,new_cold_customer,fixed,4,0,0,4,95.8421,2.2551,ad,ad,ad,0,0
U02740,loyal_customer,fixed,4,3,1,9,20.214,5.2422,ad,ad,ad,1,0
U02741,price_sensitive,fixed,3,0,0,3,74.3419,4.0161,social,social,social,0,0
U02742,low_engagement,hybrid,4,1,0,5,24.8996,10.2708,email,email,email,0,1
U02743,loyal_customer,hybrid,4,0,0,4,36.929,1.1275,social,social,social,0,0
U02744,low_engagement,fixed,4,1,0,5,40.0627,5.5124,social,social,social,0,1
U02745,new_cold_customer,hybrid,3,1,1,5,38.4722,2.002,email,social,email,0,1
U02746,low_engagement,trigger,1,0,0,1,0.0,7.5606,offer,offer,offer,0,0
U02747,loyal_customer,trigger,5,2,0,7,39.778,3.4531,social,email,social,0,1
U02748,high_intent,fixed,7,3,1,12,18.8297,2.118,email,email,email,1,0
U02749,loyal_customer,trigger,5,4,0,9,29.8196,2.4523,social,email,social,0,1
U02750,new_cold_customer,hybrid,5,4,1,10,32.6448,2.5986,email,social,social,0,1
U02751,loyal_customer,hybrid,6,4,0,10,25.2179,1.7008,social,social,social,0,1
U02752,new_cold_customer,hybrid,5,1,1,7,47.9121,2.2455,social,social,ad,0,1
U02753,new_cold_customer,trigger,3,1,1,5,42.0514,3.3483,social,social,social,0,1
U02754,new_cold_customer,fixed,4,1,0,5,30.2806,9.4121,social,social,social,0,1
U02755,loyal_customer,fixed,3,1,1,5,31.6511,4.2902,email,social,email,0,1
U02756,high_intent,hybrid,7,3,1,12,27.1056,1.9951,social,email,email,1,0
U02757,new_cold_customer,hybrid,4,2,2,8,35.4925,2.3484,social,social,social,0,1
U02758,low_engagement,trigger,4,1,1,6,33.7116,3.8034,email,social,email,0,1
U02759,price_sensitive,trigger,2,1,0,3,75.0496,1.7737,social,social,email,0,1
U02760,price_sensitive,trigger,2,0,0,2,89.7777,9.4131,offer,offer,social,0,0
U02761,new_cold_customer,trigger,3,3,0,6,51.3904,1.5974,social,ad,social,0,1
U02762,new_cold_customer,trigger,4,0,0,4,49.8473,4.359,social,social,social,0,0
U02763,new_cold_customer,hybrid,3,1,0,4,35.4781,5.9651,social,social,social,0,1
U02764,loyal_customer,hybrid,4,2,2,8,26.9329,7.1187,social,email,social,0,1
U02765,price_sensitive,trigger,1,0,0,1,0.0,8.0301,email,email,email,0,0
U02766,new_cold_customer,hybrid,5,0,0,5,43.8239,6.2799,social,social,social,0,0
U02767,high_intent,fixed,3,1,0,4,87.2601,2.2447,email,email,email,0,1
U02768,new_cold_customer,trigger,5,2,0,7,38.589,1.1427,social,offer,social,0,1
U02769,low_engagement,fixed,1,0,0,1,0.0,10.2413,social,social,social,0,0
U02770,low_engagement,hybrid,2,1,0,3,65.2699,4.245,social,social,social,0,1
U02771,loyal_customer,hybrid,3,3,0,6,44.9668,2.8794,ad,ad,email,0,1
U02772,low_engagement,trigger,1,1,0,2,0.0,10.9716,social,social,social,0,1
U02773,new_cold_customer,hybrid,5,1,0,6,25.4291,7.2803,social,social,social,0,1
U02774,new_cold_customer,trigger,3,1,0,4,68.7555,1.8897,social,social,social,0,1
U02775,low_engagement,hybrid,1,1,0,2,0.0,4.0143,offer,offer,offer,0,1
U02776,new_cold_customer,trigger,5,2,0,7,31.2395,5.8737,social,ad,social,0,1
U02777,high_intent,trigger,6,5,2,13,19.4726,2.6983,social,email,offer,0,1
U02778,loyal_customer,fixed,5,1,0,6,65.2601,1.16,email,email,social,0,1
U02779,low_engagement,fixed,2,1,1,4,8.6296,13.1125,social,social,social,0,1
U02780,high_intent,hybrid,4,2,1,8,34.3375,2.5012,social,social,social,1,0
U02781,new_cold_customer,trigger,3,2,1,6,49.6166,3.4825,social,social,social,0,1
U02782,new_cold_customer,hybrid,5,4,0,9,10.7506,7.5911,social,social,social,0,1
U02783,new_cold_customer,trigger,2,1,0,3,32.681,5.0951,social,social,social,0,1
U02784,loyal_customer,hybrid,5,4,1,10,31.4109,2.7958,offer,offer,email,0,1
U02785,price_sensitive,hybrid,3,0,0,3,87.1123,2.8202,social,social,email,0,0
U02786,loyal_customer,trigger,3,1,0,4,101.9202,2.2138,social,social,social,0,1
U02787,high_intent,hybrid,3,3,1,7,13.4426,2.0241,social,social,social,0,1
U02788,low_engagement,fixed,3,1,0,4,98.5384,2.3092,email,email,email,0,1
U02789,low_engagement,hybrid,3,1,0,4,50.6126,8.319,social,social,social,0,1
U02790,low_engagement,trigger,4,2,1,7,49.7309,2.2279,email,email,offer,0,1
U02791,loyal_customer,trigger,2,1,1,4,62.6442,5.5477,social,social,social,0,1
U02792,low_engagement,hybrid,1,1,0,2,0.0,7.7973,social,social,social,0,1
U02793,high_intent,fixed,5,4,1,11,23.494,2.0649,email,ad,email,1,0
U02794,low_engagement,hybrid,1,1,0,2,0.0,14.9224,social,social,social,0,1
U02795,low_engagement,hybrid,3,0,0,3,66.9284,7.7968,social,social,social,0,0
U02796,low_engagement,fixed,3,1,0,4,93.4574,1.3551,social,ad,social,0,1
U02797,loyal_customer,fixed,6,3,1,10,14.2818,7.4882,social,social,offer,0,1
U02798,price_sensitive,trigger,3,1,1,5,70.0062,1.5639,social,email,social,0,1
U02799,low_engagement,trigger,1,0,0,1,0.0,14.1993,offer,offer,offer,0,0
U02800,loyal_customer,fixed,2,1,0,3,146.7982,1.7988,email,email,social,0,1
U02801,price_sensitive,fixed,2,0,0,2,31.2299,1.2425,social,social,social,0,0
U02802,loyal_customer,trigger,3,1,0,4,8.4044,13.6281,email,social,email,0,1
U02803,loyal_customer,hybrid,3,2,0,5,70.0286,2.6409,email,social,email,0,1
U02804,new_cold_customer,hybrid,4,2,2,9,22.3333,6.4006,social,social,social,1,0
U02805,loyal_customer,trigger,4,3,0,7,23.4515,6.2688,social,social,social,0,1
U02806,low_engagement,trigger,1,0,0,1,0.0,7.1316,social,social,social,0,0
U02807,loyal_customer,hybrid,2,1,0,3,35.3406,11.7671,social,social,social,0,1
U02808,low_engagement,fixed,4,0,0,4,48.0971,4.8866,social,social,social,0,0
U02809,low_engagement,trigger,3,0,0,3,54.9823,8.0392,social,social,social,0,0
U02810,high_intent,fixed,3,2,1,6,45.711,2.5056,email,ad,email,0,1
U02811,loyal_customer,fixed,6,3,2,11,26.7583,2.2899,social,social,social,0,1
U02812,high_intent,hybrid,7,4,2,14,19.8407,1.4925,email,email,email,1,0
U02813,price_sensitive,trigger,1,0,0,1,0.0,12.2104,social,social,social,0,0
U02814,low_engagement,fixed,1,0,0,1,0.0,7.2166,social,social,social,0,0
U02815,low_engagement,fixed,2,1,1,4,54.4597,7.1996,offer,offer,social,0,1
U02816,high_intent,hybrid,5,4,2,12,11.8648,8.4434,social,email,email,1,0
U02817,new_cold_customer,trigger,5,2,0,7,30.19,6.8171,social,social,social,0,1
U02818,loyal_customer,trigger,5,1,0,6,32.2808,1.4544,social,social,social,0,1
U02819,price_sensitive,trigger,3,0,0,3,97.5781,6.3643,social,social,social,0,0
U02820,new_cold_customer,fixed,5,0,0,5,56.8805,2.0859,social,social,social,0,0
U02821,new_cold_customer,trigger,5,3,0,8,32.8532,2.8177,social,social,ad,0,1
U02822,new_cold_customer,hybrid,5,3,2,10,21.9629,5.9762,social,social,email,0,1
U02823,loyal_customer,trigger,4,1,1,7,22.1948,4.4283,social,email,social,1,0
U02824,price_sensitive,fixed,2,0,0,2,155.5032,4.4041,social,social,social,0,0
U02825,loyal_customer,hybrid,4,0,0,4,47.2078,2.5639,social,social,offer,0,0
U02826,low_engagement,trigger,1,0,0,1,0.0,10.9785,social,social,social,0,0
U02827,new_cold_customer,hybrid,3,1,0,4,29.2883,10.2917,social,social,social,0,1
U02828,low_engagement,trigger,1,0,0,1,0.0,13.824,email,email,email,0,0
U02829,loyal_customer,trigger,3,3,0,6,29.9488,6.195,social,social,social,0,1
U02830,low_engagement,fixed,3,0,0,3,150.5534,1.1956,social,social,ad,0,0
U02831,new_cold_customer,hybrid,2,0,0,2,209.132,3.6711,social,social,social,0,0
U02832,loyal_customer,fixed,3,1,0,4,64.9347,3.7785,social,social,social,0,1
U02833,low_engagement,hybrid,4,2,0,6,41.175,1.1399,social,social,social,0,1
U02834,loyal_customer,trigger,4,3,0,7,39.5935,3.0674,social,social,email,0,1
U02835,low_engagement,hybrid,3,2,0,5,21.2747,10.9223,social,email,social,0,1
U02836,new_cold_customer,hybrid,3,0,0,3,142.6588,1.7373,social,email,social,0,0
U02837,loyal_customer,fixed,4,1,1,6,50.5836,1.4743,email,email,social,0,1
U02838,new_cold_customer,trigger,2,1,0,3,58.1951,6.4414,social,social,social,0,1
U02839,high_intent,hybrid,8,6,1,16,10.1446,8.1027,social,social,social,1,0
U02840,low_engagement,fixed,3,0,0,3,89.9859,6.7985,social,social,social,0,0
U02841,high_intent,hybrid,5,3,2,11,23.8476,2.8347,email,social,social,1,0
U02842,loyal_customer,trigger,5,0,0,5,37.1538,6.9408,social,ad,social,0,0
U02843,high_intent,trigger,3,3,0,6,42.038,1.6723,email,email,email,0,1
U02844,new_cold_customer,trigger,5,1,0,6,49.3608,3.946,social,social,email,0,1
U02845,new_cold_customer,hybrid,2,0,0,2,89.3198,10.1109,social,social,social,0,0
U02846,high_intent,hybrid,4,3,3,10,28.5775,4.0051,social,email,social,0,1
U02847,low_engagement,hybrid,3,2,1,7,27.2795,1.6336,social,ad,social,1,0
U02848,low_engagement,fixed,4,1,0,5,61.4493,4.6623,social,social,social,0,1
U02849,high_intent,hybrid,6,5,2,14,18.0738,3.8881,social,social,social,1,0
U02850,low_engagement,hybrid,4,0,0,4,101.9427,2.2288,social,social,social,0,0
U02851,loyal_customer,trigger,6,2,0,8,38.0001,1.7833,social,ad,email,0,1
U02852,new_cold_customer,hybrid,3,3,3,9,6.335,11.7879,ad,ad,email,0,1
U02853,low_engagement,trigger,4,1,0,5,59.7069,2.2686,social,social,social,0,1
U02854,low_engagement,fixed,2,0,0,2,239.0666,4.0739,ad,ad,social,0,0
U02855,new_cold_customer,hybrid,3,1,1,5,8.4007,10.9806,social,email,social,0,1
U02856,price_sensitive,fixed,3,0,0,3,77.3426,2.5709,ad,ad,social,0,0
U02857,new_cold_customer,hybrid,2,1,0,3,12.814,10.5606,social,ad,social,0,1
U02858,price_sensitive,fixed,3,0,0,3,71.5916,7.8679,offer,offer,email,0,0
U02859,price_sensitive,trigger,2,1,0,3,3.4301,7.4457,email,social,email,0,1
U02860,high_intent,trigger,7,5,2,15,21.7395,1.7971,social,social,social,1,0
U02861,new_cold_customer,fixed,5,1,0,6,35.968,3.3766,social,social,social,0,1
U02862,new_cold_customer,hybrid,4,1,0,5,32.248,4.2867,social,social,social,0,1
U02863,new_cold_customer,trigger,5,1,1,7,29.7066,3.8238,social,social,social,0,1
U02864,price_sensitive,fixed,3,0,0,3,96.8514,5.7097,offer,offer,social,0,0
U02865,loyal_customer,hybrid,2,1,0,3,74.6299,3.1817,social,social,social,0,1
U02866,price_sensitive,hybrid,2,1,0,3,64.3869,2.7807,ad,social,ad,0,1
U02867,low_engagement,hybrid,1,1,1,3,0.0,3.9121,email,email,email,0,1
U02868,low_engagement,fixed,4,1,1,6,39.7515,1.9246,email,offer,social,0,1
U02869,price_sensitive,fixed,2,0,0,2,42.2322,4.2892,social,social,email,0,0
U02870,new_cold_customer,fixed,5,3,1,9,29.3574,3.6175,social,social,social,0,1
U02871,new_cold_customer,fixed,3,1,1,5,61.7304,1.0163,social,social,social,0,1
U02872,high_intent,fixed,3,3,2,9,2.5944,4.972,social,social,social,1,0
U02873,high_intent,trigger,8,5,2,16,16.2036,4.8492,social,social,email,1,0
U02874,loyal_customer,fixed,6,4,0,10,16.3914,8.2652,social,offer,email,0,1
U02875,new_cold_customer,fixed,2,2,1,5,32.1594,8.9715,social,social,social,0,1
U02876,new_cold_customer,fixed,5,3,1,9,37.4966,1.1434,social,social,social,0,1
U02877,loyal_customer,fixed,6,2,0,8,21.4478,3.6815,social,social,social,0,1
U02878,new_cold_customer,hybrid,5,1,0,6,56.2923,1.5545,social,email,social,0,1
U02879,low_engagement,hybrid,4,0,0,4,94.0187,1.5856,social,social,social,0,0
U02880,loyal_customer,trigger,5,3,2,11,21.8608,2.8107,social,social,email,1,0
U02881,low_engagement,fixed,1,0,0,1,0.0,14.5326,social,social,social,0,0
U02882,loyal_customer,fixed,4,2,2,8,43.4109,1.1499,email,social,email,0,1
U02883,new_cold_customer,fixed,2,2,1,5,70.6803,2.8413,social,social,email,0,1
U02884,price_sensitive,fixed,1,1,0,2,0.0,5.6561,email,email,email,0,1
U02885,new_cold_customer,fixed,3,1,0,4,61.687,2.4764,social,social,social,0,1
U02886,new_cold_customer,fixed,4,2,0,6,59.1031,1.8286,social,social,social,0,1
U02887,new_cold_customer,fixed,2,0,0,2,107.866,4.5713,social,social,social,0,0
U02888,new_cold_customer,trigger,5,5,1,11,15.4029,2.1052,social,social,social,0,1
U02889,loyal_customer,trigger,6,1,0,7,48.9738,1.7148,email,social,email,0,1
U02890,high_intent,trigger,5,4,0,9,28.8793,2.2613,social,social,email,0,1
U02891,loyal_customer,hybrid,5,3,1,10,23.5168,1.6426,social,social,social,1,0
U02892,new_cold_customer,hybrid,3,2,1,7,48.6352,2.0024,social,social,social,1,0
U02893,high_intent,trigger,3,2,0,5,72.9061,1.1581,email,email,social,0,1
U02894,price_sensitive,trigger,2,0,0,2,128.9623,1.9258,social,social,email,0,0
U02895,high_intent,fixed,5,3,2,11,25.7583,1.7466,social,email,social,1,0
U02896,low_engagement,hybrid,3,0,0,3,43.6933,11.0322,social,social,social,0,0
U02897,low_engagement,trigger,1,0,0,1,0.0,10.9664,ad,ad,ad,0,0
U02898,new_cold_customer,trigger,3,2,1,6,8.3957,8.7443,ad,ad,ad,0,1
U02899,new_cold_customer,trigger,5,0,0,5,41.4041,2.1588,social,social,social,0,0
U02900,price_sensitive,fixed,3,0,0,3,102.4304,3.0321,email,email,email,0,0
U02901,new_cold_customer,hybrid,5,3,1,9,27.4496,1.0585,social,social,social,0,1
U02902,loyal_customer,hybrid,5,1,0,6,52.581,3.6639,social,social,social,0,1
U02903,low_engagement,hybrid,4,0,0,4,37.9592,8.1043,social,social,social,0,0
U02904,new_cold_customer,hybrid,4,0,0,4,39.2683,6.8779,social,social,social,0,0
U02905,new_cold_customer,trigger,4,0,0,4,62.6297,3.7355,social,social,social,0,0
U02906,loyal_customer,hybrid,2,1,0,3,94.0193,5.2567,social,social,social,0,1
U02907,high_intent,trigger,5,3,2,10,28.1667,4.2282,social,social,social,0,1
U02908,low_engagement,trigger,4,1,1,6,56.3781,2.8428,social,social,social,0,1
U02909,price_sensitive,trigger,1,1,0,2,0.0,6.3099,social,social,social,0,1
U02910,new_cold_customer,hybrid,2,0,0,2,6.1302,13.2916,social,social,social,0,0
U02911,low_engagement,trigger,4,0,0,4,33.7989,1.1318,social,social,email,0,0
U02912,low_engagement,fixed,1,1,0,2,0.0,9.6883,social,social,social,0,1
U02913,low_engagement,hybrid,3,2,0,5,47.6047,6.3058,social,social,social,0,1
U02914,loyal_customer,fixed,3,1,1,6,19.1784,10.4347,social,email,social,1,0
U02915,new_cold_customer,hybrid,3,2,0,5,9.9515,3.2013,social,social,social,0,1
U02916,new_cold_customer,fixed,4,1,0,5,27.9428,3.0828,social,social,social,0,1
U02917,loyal_customer,fixed,2,1,0,3,98.8014,1.1924,email,email,email,0,1
U02918,loyal_customer,trigger,5,1,0,6,50.9013,2.9692,social,social,social,0,1
U02919,new_cold_customer,trigger,2,1,0,3,1.8902,6.7011,social,social,social,0,1
U02920,loyal_customer,trigger,2,2,2,6,18.6403,10.658,social,social,social,0,1
U02921,new_cold_customer,trigger,4,2,1,7,33.1732,1.1625,social,email,ad,0,1
U02922,new_cold_customer,trigger,5,2,1,8,23.727,5.2726,social,social,social,0,1
U02923,loyal_customer,hybrid,3,1,1,5,35.3065,1.1631,ad,social,email,0,1
U02924,loyal_customer,fixed,4,1,0,5,31.9578,9.069,social,social,social,0,1
U02925,high_intent,fixed,4,3,2,10,24.8402,5.0926,email,email,social,1,0
U02926,low_engagement,hybrid,3,2,0,5,64.7582,3.1233,social,social,email,0,1
U02927,new_cold_customer,trigger,3,2,0,5,56.4551,3.4247,social,social,email,0,1
U02928,price_sensitive,trigger,1,1,0,2,0.0,2.6492,social,social,social,0,1
U02929,low_engagement,trigger,4,1,0,5,66.0451,2.8729,social,social,social,0,1
U02930,new_cold_customer,hybrid,5,2,1,8,34.1755,1.3574,social,ad,social,0,1
U02931,low_engagement,trigger,1,0,0,1,0.0,9.2102,social,social,social,0,0
U02932,loyal_customer,trigger,3,1,1,6,34.4759,2.9229,email,offer,email,1,0
U02933,low_engagement,trigger,3,1,0,4,95.8483,1.9143,social,ad,social,0,1
U02934,price_sensitive,trigger,2,1,0,3,59.0702,7.2129,social,email,social,0,1
U02935,low_engagement,fixed,4,4,1,9,15.7431,4.6992,social,social,social,0,1
U02936,high_intent,fixed,4,2,0,6,53.3413,1.8296,social,social,social,0,1
U02937,new_cold_customer,hybrid,5,2,0,7,19.4757,5.2854,social,social,social,0,1
U02938,loyal_customer,fixed,2,1,1,5,3.8221,12.0254,social,email,social,1,0
U02939,new_cold_customer,trigger,5,4,2,11,23.4972,2.5007,social,email,social,0,1
U02940,high_intent,fixed,3,3,2,9,14.162,6.3342,social,social,social,1,0
U02941,new_cold_customer,hybrid,2,0,0,2,215.3893,5.5676,social,social,social,0,0
U02942,high_intent,fixed,3,1,0,4,55.1731,5.0306,email,email,social,0,1
U02943,new_cold_customer,fixed,4,1,0,5,41.7584,3.0569,social,social,social,0,1
U02944,loyal_customer,fixed,5,3,0,8,30.6178,3.1383,social,social,social,0,1
U02945,loyal_customer,fixed,4,3,1,8,41.8347,1.7478,email,ad,email,0,1
U02946,low_engagement,hybrid,3,0,0,3,65.4228,8.2627,social,social,social,0,0
U02947,new_cold_customer,trigger,2,1,0,3,54.7359,7.0634,social,social,social,0,1
U02948,loyal_customer,hybrid,4,2,0,6,42.1435,5.5048,social,social,social,0,1
U02949,low_engagement,hybrid,1,1,0,2,0.0,9.3562,social,social,social,0,1
U02950,new_cold_customer,fixed,5,1,0,6,64.7428,1.4093,social,social,email,0,1
U02951,low_engagement,trigger,3,0,0,3,109.3294,2.2866,social,social,ad,0,0
U02952,high_intent,hybrid,7,2,1,11,28.3832,1.0246,social,email,offer,1,0
U02953,high_intent,trigger,8,7,5,24,11.9895,3.366,social,social,email,1,0
U02954,new_cold_customer,hybrid,5,1,0,6,50.3153,2.6928,social,social,email,0,1
U02955,loyal_customer,trigger,6,3,1,10,24.2469,5.7642,social,social,social,0,1
U02956,loyal_customer,fixed,3,3,1,7,17.0467,4.3524,social,social,social,0,1
U02957,new_cold_customer,fixed,5,1,1,7,43.785,2.9753,social,social,social,0,1
U02958,low_engagement,fixed,1,0,0,1,0.0,2.0418,social,social,social,0,0
U02959,loyal_customer,trigger,4,2,0,6,28.881,8.3212,social,social,social,0,1
U02960,new_cold_customer,fixed,4,1,0,5,50.5074,3.6717,social,social,social,0,1
U02961,new_cold_customer,hybrid,2,1,1,4,41.1635,7.3955,email,offer,email,0,1
U02962,new_cold_customer,hybrid,4,3,1,8,33.0845,3.283,social,social,social,0,1
U02963,loyal_customer,hybrid,2,2,1,5,69.7923,2.8466,email,email,email,0,1
U02964,new_cold_customer,fixed,4,3,0,7,14.133,10.7621,social,social,email,0,1
U02965,new_cold_customer,trigger,2,1,0,3,65.0602,6.8179,social,email,social,0,1
U02966,price_sensitive,hybrid,3,0,0,3,102.0095,4.0206,social,social,social,0,0
U02967,new_cold_customer,fixed,5,0,0,5,18.0296,5.9364,social,social,social,0,0
U02968,new_cold_customer,trigger,5,2,0,7,40.9471,2.579,social,social,social,0,1
U02969,high_intent,fixed,7,4,3,16,18.073,3.3746,social,social,social,1,0
U02970,new_cold_customer,fixed,3,1,0,4,33.3249,7.5096,social,social,social,0,1
U02971,high_intent,fixed,7,5,1,13,16.0421,3.3007,social,email,social,0,1
U02972,new_cold_customer,trigger,2,2,1,5,28.966,10.0522,ad,ad,social,0,1
U02973,loyal_customer,trigger,3,3,1,7,45.1059,3.6679,social,social,social,0,1
U02974,new_cold_customer,trigger,3,0,0,3,78.9444,8.2321,social,social,social,0,0
U02975,low_engagement,fixed,1,1,0,2,0.0,12.7931,social,social,social,0,1
U02976,new_cold_customer,fixed,3,2,0,5,36.8255,2.4789,social,social,social,0,1
U02977,new_cold_customer,fixed,2,0,0,2,50.2983,3.4564,social,social,social,0,0
U02978,loyal_customer,hybrid,2,1,0,3,76.2895,1.5985,ad,email,ad,0,1
U02979,loyal_customer,fixed,3,0,0,3,83.7467,4.5998,social,social,ad,0,0
U02980,low_engagement,hybrid,1,0,0,1,0.0,12.6647,social,social,social,0,0
U02981,new_cold_customer,trigger,5,2,1,9,39.1992,1.3822,social,social,social,1,0
U02982,low_engagement,fixed,2,0,0,2,117.3482,8.6575,social,social,social,0,0
U02983,loyal_customer,trigger,3,3,1,8,24.6981,6.6003,social,ad,social,1,0
U02984,low_engagement,hybrid,3,1,1,5,53.341,1.1413,social,ad,social,0,1
U02985,new_cold_customer,fixed,5,2,1,8,37.1605,1.1694,social,social,social,0,1
U02986,loyal_customer,hybrid,5,3,1,10,19.0886,3.9271,social,social,social,1,0
U02987,new_cold_customer,trigger,3,1,1,5,69.5702,3.0423,social,social,social,0,1
U02988,new_cold_customer,fixed,4,1,0,5,35.0557,5.5969,social,social,social,0,1
U02989,new_cold_customer,trigger,3,3,2,9,24.3218,6.2817,social,social,social,1,0
U02990,loyal_customer,trigger,2,1,1,5,17.4048,2.3505,social,social,social,1,0
U02991,high_intent,trigger,4,3,1,9,27.34,5.2488,social,social,email,1,0
U02992,high_intent,fixed,8,7,2,17,11.9124,5.7256,social,social,social,0,1
U02993,new_cold_customer,fixed,3,0,0,3,33.5499,1.3308,social,social,social,0,0
U02994,new_cold_customer,hybrid,3,1,0,4,62.468,1.72,social,social,social,0,1
U02995,new_cold_customer,fixed,5,2,0,7,44.9294,1.7786,social,social,social,0,1
U02996,loyal_customer,fixed,2,0,0,2,269.0278,3.4958,email,email,social,0,0
U02997,new_cold_customer,fixed,3,1,0,4,59.331,5.7803,social,social,social,0,1
U02998,low_engagement,fixed,3,0,0,3,78.3333,6.7,social,ad,social,0,0
U02999,new_cold_customer,hybrid,5,0,0,5,49.3451,3.1856,social,social,email,0,0
U03000,high_intent,fixed,4,3,2,10,27.163,1.3187,social,social,social,1,0
U03001,new_cold_customer,trigger,2,0,0,2,215.512,2.1875,social,social,social,0,0
U03002,new_cold_customer,hybrid,3,1,0,4,4.6708,13.5734,social,social,social,0,1
U03003,low_engagement,trigger,4,2,1,7,30.6395,3.6854,social,social,social,0,1
U03004,new_cold_customer,fixed,5,3,1,9,37.3661,1.3064,social,social,ad,0,1
U03005,new_cold_customer,hybrid,2,1,0,3,11.9979,9.2641,social,social,social,0,1
U03006,new_cold_customer,fixed,4,3,0,7,49.6657,2.1053,social,social,social,0,1
U03007,new_cold_customer,trigger,5,4,2,11,20.9832,5.7748,social,social,social,0,1
U03008,low_engagement,fixed,3,1,1,5,57.9204,1.5168,social,social,social,0,1
U03009,new_cold_customer,hybrid,3,1,0,4,10.1522,12.4569,email,email,social,0,1
U03010,low_engagement,trigger,1,0,0,1,0.0,8.9052,email,email,email,0,0
U03011,high_intent,hybrid,5,3,3,11,12.7042,2.1765,social,social,email,0,1
U03012,high_intent,hybrid,5,4,4,15,15.5496,1.3536,social,social,social,1,0
U03013,new_cold_customer,trigger,3,0,0,3,131.185,2.6888,social,social,social,0,0
U03014,high_intent,trigger,7,6,3,18,15.2055,2.2703,social,social,social,1,0
U03015,new_cold_customer,fixed,5,1,1,7,40.586,2.5047,social,social,social,0,1
U03016,loyal_customer,trigger,5,2,1,8,40.9096,2.5516,email,offer,social,0,1
U03017,new_cold_customer,fixed,2,0,0,2,104.4927,5.8988,social,social,social,0,0
U03018,new_cold_customer,fixed,2,1,0,3,76.6914,5.8867,social,social,social,0,1
U03019,high_intent,fixed,6,5,3,15,23.116,1.4123,social,email,email,1,0
U03020,low_engagement,fixed,1,0,0,1,0.0,4.2018,social,social,social,0,0
U03021,low_engagement,hybrid,3,0,0,3,79.8856,7.3625,social,social,social,0,0
U03022,new_cold_customer,hybrid,3,1,0,4,86.9309,3.8443,social,ad,social,0,1
U03023,price_sensitive,trigger,2,1,1,4,41.7908,2.8641,social,social,social,0,1
U03024,low_engagement,hybrid,1,0,0,1,0.0,10.3295,social,social,social,0,0
U03025,loyal_customer,fixed,6,4,0,10,28.3932,3.4656,email,email,email,0,1
U03026,loyal_customer,trigger,3,1,0,4,86.9734,1.2068,email,email,social,0,1
U03027,loyal_customer,trigger,3,2,0,5,27.7896,7.032,social,social,email,0,1
U03028,low_engagement,hybrid,4,1,0,5,65.7279,3.3746,social,email,social,0,1
U03029,low_engagement,hybrid,1,0,0,1,0.0,4.7131,social,social,social,0,0
U03030,new_cold_customer,hybrid,3,2,0,5,15.7464,5.9551,social,social,social,0,1
U03031,high_intent,hybrid,5,2,1,8,26.0433,2.7131,social,social,social,0,1
U03032,high_intent,trigger,6,4,2,13,22.1117,2.8847,email,email,email,1,0
U03033,low_engagement,fixed,4,2,1,7,43.6429,2.8152,social,ad,social,0,1
U03034,loyal_customer,fixed,5,4,0,9,13.3195,2.2782,social,social,social,0,1
U03035,low_engagement,trigger,4,1,0,5,67.4386,1.4838,social,social,social,0,1
U03036,new_cold_customer,trigger,4,1,0,5,68.5211,1.5044,social,social,social,0,1
U03037,new_cold_customer,hybrid,4,1,0,5,25.3497,1.8513,social,social,ad,0,1
U03038,low_engagement,hybrid,2,0,0,2,35.4753,12.7382,email,email,social,0,0
U03039,new_cold_customer,hybrid,2,2,0,4,76.5735,4.2331,social,social,social,0,1
U03040,loyal_customer,fixed,2,1,0,3,3.8444,8.0298,social,social,social,0,1
U03041,loyal_customer,trigger,2,2,0,4,37.0842,3.3714,social,social,social,0,1
U03042,price_sensitive,trigger,1,0,0,1,0.0,5.3956,email,email,email,0,0
U03043,low_engagement,trigger,2,0,0,2,65.6289,3.8462,social,social,social,0,0
U03044,new_cold_customer,trigger,3,1,0,4,61.7638,4.0684,social,social,social,0,1
U03045,low_engagement,trigger,3,0,0,3,19.0349,3.8583,social,social,social,0,0
U03046,loyal_customer,hybrid,3,2,1,7,53.7735,1.0015,social,email,social,1,0
U03047,loyal_customer,fixed,6,1,1,8,31.3211,3.3,social,ad,email,0,1
U03048,low_engagement,trigger,4,1,0,5,35.1113,4.6574,social,social,social,0,1
U03049,low_engagement,fixed,2,1,0,3,108.8671,2.957,social,social,social,0,1
U03050,high_intent,hybrid,7,5,3,18,15.2435,3.1502,email,email,email,1,0
U03051,new_cold_customer,fixed,4,1,0,5,56.1679,5.3707,social,social,social,0,1
U03052,low_engagement,trigger,4,1,1,7,28.6624,1.7782,social,offer,social,1,0
U03053,new_cold_customer,hybrid,3,2,0,5,36.6221,5.9475,social,social,social,0,1
U03054,loyal_customer,trigger,6,2,0,8,32.3086,1.6068,social,social,social,0,1
U03055,low_engagement,fixed,1,0,0,1,0.0,12.0238,social,social,social,0,0
U03056,new_cold_customer,trigger,5,1,0,6,55.7016,1.7767,social,social,social,0,1
U03057,low_engagement,fixed,2,1,0,3,21.4859,2.5823,social,social,social,0,1
U03058,low_engagement,hybrid,1,0,0,1,0.0,9.654,email,email,email,0,0
U03059,loyal_customer,hybrid,5,3,3,11,25.8634,3.9972,social,email,social,0,1
U03060,low_engagement,fixed,1,0,0,1,0.0,6.1295,ad,ad,ad,0,0
U03061,new_cold_customer,fixed,3,1,1,5,51.8913,5.4058,offer,offer,ad,0,1
U03062,new_cold_customer,fixed,5,2,0,7,20.8529,8.2231,social,email,ad,0,1
U03063,high_intent,trigger,4,2,0,6,22.7069,5.3038,social,social,social,0,1
U03064,high_intent,trigger,3,3,1,8,37.2299,1.2454,social,social,social,1,0
U03065,new_cold_customer,fixed,5,1,0,6,49.1412,3.056,social,ad,social,0,1
U03066,new_cold_customer,trigger,4,1,0,5,50.9927,2.4086,social,social,email,0,1
U03067,high_intent,trigger,4,4,2,12,15.8598,6.4681,social,ad,social,1,0
U03068,loyal_customer,trigger,3,2,0,5,42.9143,5.2092,social,social,email,0,1
U03069,loyal_customer,trigger,4,2,1,7,39.6838,1.1751,social,social,social,0,1
U03070,loyal_customer,hybrid,6,3,3,12,25.9489,2.9304,social,social,social,0,1
U03071,new_cold_customer,fixed,2,0,0,2,68.915,5.1753,social,social,social,0,0
U03072,high_intent,trigger,6,4,4,15,22.8147,1.2303,social,social,social,1,0
U03073,loyal_customer,fixed,5,4,1,10,30.8356,2.3458,email,email,email,0,1
U03074,price_sensitive,hybrid,1,0,0,1,0.0,1.57,email,email,email,0,0
U03075,loyal_customer,hybrid,5,3,1,10,24.5029,1.8681,social,social,email,1,0
U03076,new_cold_customer,trigger,5,2,0,7,30.9039,6.5374,social,social,email,0,1
U03077,loyal_customer,hybrid,2,1,0,3,15.9691,9.6921,social,social,email,0,1
U03078,new_cold_customer,trigger,5,3,0,8,33.4034,2.2789,social,social,social,0,1
U03079,loyal_customer,trigger,5,2,1,8,20.9391,2.5046,social,ad,social,0,1
U03080,price_sensitive,hybrid,2,1,0,3,3.0067,9.4597,ad,ad,social,0,1
U03081,new_cold_customer,hybrid,4,2,0,6,49.3043,2.463,social,social,social,0,1
U03082,low_engagement,trigger,4,2,2,8,38.6939,1.5936,social,social,social,0,1
U03083,low_engagement,trigger,1,0,0,1,0.0,4.5238,social,social,social,0,0
U03084,new_cold_customer,fixed,3,2,0,5,69.4037,2.1037,social,email,social,0,1
U03085,low_engagement,trigger,4,1,0,5,42.6564,1.0717,social,social,social,0,1
U03086,low_engagement,fixed,4,1,0,5,30.581,4.2058,social,email,social,0,1
U03087,low_engagement,hybrid,3,2,0,5,5.8324,4.3912,email,social,email,0,1
U03088,price_sensitive,trigger,3,0,0,3,64.3915,7.3866,email,email,email,0,0
U03089,high_intent,trigger,8,4,2,16,17.0682,2.5759,social,email,social,1,0
U03090,new_cold_customer,fixed,5,0,0,5,31.7437,4.2736,social,email,social,0,0
U03091,new_cold_customer,trigger,2,0,0,2,167.0893,7.4277,email,email,social,0,0
U03092,new_cold_customer,fixed,4,3,0,7,17.2128,4.9425,social,social,email,0,1
U03093,loyal_customer,fixed,5,1,0,6,59.8455,2.2245,social,social,email,0,1
U03094,new_cold_customer,fixed,5,3,1,9,17.9885,4.6444,social,social,social,0,1
U03095,loyal_customer,trigger,6,3,2,11,26.0087,2.3937,email,social,email,0,1
U03096,low_engagement,trigger,1,0,0,1,0.0,10.7167,email,email,email,0,0
U03097,new_cold_customer,hybrid,3,3,0,6,45.1201,5.4826,social,social,ad,0,1
U03098,loyal_customer,hybrid,2,0,0,2,1.1228,5.5397,email,email,social,0,0
U03099,high_intent,fixed,5,4,1,10,29.519,3.4462,email,email,social,0,1
U03100,new_cold_customer,trigger,3,2,0,5,57.8135,4.4689,social,social,social,0,1
U03101,new_cold_customer,fixed,5,1,1,7,48.8355,1.8781,social,social,social,0,1
U03102,new_cold_customer,fixed,2,1,0,3,70.0761,5.262,social,social,social,0,1
U03103,low_engagement,fixed,2,2,0,4,5.8982,1.9304,social,social,social,0,1
U03104,price_sensitive,fixed,2,0,0,2,126.5746,1.5917,social,social,email,0,0
U03105,new_cold_customer,hybrid,2,1,1,4,1.9552,7.8427,social,social,social,0,1
U03106,high_intent,hybrid,4,2,0,6,11.6676,7.0657,social,social,email,0,1
U03107,new_cold_customer,hybrid,4,2,0,6,37.8054,3.3099,social,social,social,0,1
U03108,new_cold_customer,trigger,3,1,0,4,36.8123,2.7935,social,social,social,0,1
U03109,high_intent,fixed,7,4,4,16,15.5165,3.1294,social,email,social,1,0
U03110,new_cold_customer,hybrid,4,3,1,8,32.4562,1.3096,social,email,social,0,1
U03111,new_cold_customer,fixed,4,1,0,5,41.0922,1.7602,social,social,social,0,1
U03112,new_cold_customer,trigger,4,3,0,7,35.2602,4.0028,social,social,social,0,1
U03113,low_engagement,hybrid,3,2,0,5,52.6492,1.5501,email,email,social,0,1
U03114,new_cold_customer,trigger,5,3,0,8,42.8295,1.5123,ad,ad,social,0,1
U03115,new_cold_customer,hybrid,5,1,0,6,55.6557,1.8582,social,social,email,0,1
U03116,loyal_customer,hybrid,4,2,0,6,51.6428,3.5357,social,social,email,0,1
U03117,loyal_customer,hybrid,5,4,2,11,25.2391,4.401,email,email,email,0,1
U03118,new_cold_customer,trigger,5,3,2,10,12.0984,7.3035,social,social,email,0,1
U03119,new_cold_customer,fixed,3,2,2,7,13.6681,3.7068,email,email,offer,0,1
U03120,high_intent,fixed,3,1,0,4,59.2751,1.9073,social,social,ad,0,1
U03121,high_intent,hybrid,3,2,1,7,39.6112,2.3773,social,social,social,1,0
U03122,low_engagement,fixed,1,0,0,1,0.0,5.5336,email,email,email,0,0
U03123,new_cold_customer,hybrid,4,1,1,6,33.4185,4.5322,social,social,social,0,1
U03124,low_engagement,fixed,3,1,1,5,58.7864,1.2266,email,social,email,0,1
U03125,new_cold_customer,trigger,2,0,0,2,104.5936,1.1062,social,social,email,0,0
U03126,high_intent,trigger,6,3,2,13,21.6605,2.8043,social,social,offer,1,0
U03127,low_engagement,trigger,2,1,0,3,48.8394,2.3433,social,social,social,0,1
U03128,low_engagement,hybrid,3,1,0,4,48.7514,2.0019,email,social,email,0,1
U03129,loyal_customer,hybrid,4,3,0,7,43.4728,1.2237,social,social,social,0,1
U03130,high_intent,fixed,6,3,1,11,25.2943,2.534,social,social,social,1,0
U03131,price_sensitive,trigger,3,1,0,4,46.8146,6.373,email,email,social,0,1
U03132,price_sensitive,hybrid,3,2,0,5,33.7736,3.5364,social,email,ad,0,1
U03133,loyal_customer,hybrid,6,2,0,8,25.149,1.1839,social,social,email,0,1
U03134,price_sensitive,trigger,2,0,0,2,132.7369,2.9788,social,social,email,0,0
U03135,new_cold_customer,fixed,3,2,1,6,26.6662,1.5706,social,social,social,0,1
U03136,loyal_customer,hybrid,3,0,0,3,72.7763,5.4846,social,social,social,0,0
U03137,new_cold_customer,hybrid,2,1,0,3,25.8994,5.0577,social,social,social,0,1
U03138,high_intent,fixed,3,3,2,9,15.6885,6.0248,email,social,email,1,0
U03139,new_cold_customer,trigger,4,2,0,6,40.3066,3.8624,social,social,social,0,1
U03140,high_intent,trigger,6,4,0,10,26.9796,4.7169,email,social,email,0,1
U03141,price_sensitive,trigger,3,0,0,3,112.171,4.4698,email,email,email,0,0
U03142,new_cold_customer,fixed,4,2,0,6,44.8944,4.0448,social,email,social,0,1
U03143,new_cold_customer,fixed,2,0,0,2,172.8958,7.6337,social,social,email,0,0
U03144,price_sensitive,fixed,2,0,0,2,173.8158,7.1389,email,email,social,0,0
U03145,high_intent,hybrid,5,4,0,9,36.0219,1.4355,social,offer,offer,0,1
U03146,high_intent,trigger,8,5,2,16,17.8768,1.0691,social,email,social,1,0
U03147,loyal_customer,fixed,6,3,0,9,24.7675,1.0653,social,social,social,0,1
U03148,low_engagement,hybrid,3,2,1,6,41.8624,4.7069,social,email,social,0,1
U03149,new_cold_customer,fixed,2,1,1,4,79.8107,3.7623,social,social,social,0,1
U03150,high_intent,hybrid,5,3,1,9,26.5786,5.7871,social,social,email,0,1
U03151,low_engagement,fixed,1,1,0,2,0.0,8.7409,ad,ad,ad,0,1
U03152,low_engagement,fixed,1,0,0,1,0.0,4.3732,social,social,social,0,0
U03153,loyal_customer,hybrid,6,3,1,10,35.8955,1.3553,social,social,social,0,1
U03154,new_cold_customer,fixed,4,1,0,5,35.0079,1.6174,social,social,social,0,1
U03155,new_cold_customer,hybrid,2,1,1,4,47.9362,2.8732,ad,social,ad,0,1
U03156,high_intent,trigger,7,6,4,20,13.6852,2.3597,social,social,social,1,0
U03157,new_cold_customer,hybrid,4,1,0,5,63.2987,2.9533,social,social,social,0,1
U03158,new_cold_customer,trigger,4,3,0,7,37.9832,3.5692,social,social,social,0,1
U03159,high_intent,fixed,3,2,0,5,59.9782,1.2784,ad,ad,social,0,1
U03160,loyal_customer,trigger,2,1,0,3,27.8238,12.673,email,email,social,0,1
U03161,high_intent,trigger,7,5,1,14,19.3716,4.357,social,social,social,1,0
U03162,new_cold_customer,fixed,4,4,2,11,21.4177,3.1116,social,social,email,1,0
U03163,new_cold_customer,fixed,4,0,0,4,19.4393,9.4469,social,social,social,0,0
U03164,low_engagement,hybrid,2,2,0,4,25.5936,6.8984,social,social,email,0,1
U03165,low_engagement,trigger,1,0,0,1,0.0,11.7784,social,social,social,0,0
U03166,new_cold_customer,trigger,4,3,1,8,46.0371,1.2368,ad,ad,email,0,1
U03167,new_cold_customer,fixed,3,1,0,4,12.9821,5.1134,ad,ad,email,0,1
U03168,new_cold_customer,hybrid,5,2,1,8,30.2386,5.8818,social,social,social,0,1
U03169,new_cold_customer,hybrid,3,1,0,4,45.1066,6.0325,social,social,social,0,1
U03170,loyal_customer,fixed,6,1,1,8,35.9748,1.6728,email,social,social,0,1
U03171,new_cold_customer,hybrid,4,1,0,5,21.843,7.85,social,social,ad,0,1
U03172,high_intent,fixed,5,2,0,7,16.8576,9.407,email,email,email,0,1
U03173,high_intent,fixed,8,3,3,14,10.1606,7.5077,email,email,email,0,1
U03174,loyal_customer,fixed,4,1,0,5,59.8648,2.8752,social,social,email,0,1
U03175,new_cold_customer,fixed,3,3,1,7,37.6479,1.2266,social,offer,social,0,1
U03176,new_cold_customer,fixed,5,1,0,6,52.7548,3.6999,social,social,social,0,1
U03177,high_intent,trigger,8,4,3,17,17.2213,2.9105,social,social,social,1,0
U03178,low_engagement,hybrid,3,0,0,3,55.8649,1.9447,social,email,social,0,0
U03179,new_cold_customer,hybrid,5,1,0,6,42.0139,2.1786,social,email,social,0,1
U03180,loyal_customer,hybrid,3,1,0,4,39.5271,3.0712,social,social,email,0,1
U03181,new_cold_customer,trigger,4,2,0,6,38.8936,5.3175,social,social,social,0,1
U03182,low_engagement,hybrid,4,1,0,5,44.1182,5.6742,social,social,social,0,1
U03183,low_engagement,trigger,1,1,1,3,0.0,4.9061,social,social,social,0,1
U03184,low_engagement,hybrid,4,1,0,5,63.8032,1.3427,email,social,email,0,1
U03185,new_cold_customer,hybrid,3,1,0,4,75.9761,2.681,social,social,social,0,1
U03186,price_sensitive,trigger,2,0,0,2,50.2883,6.9787,social,social,social,0,0
U03187,loyal_customer,hybrid,3,1,0,4,82.1999,2.5373,email,email,ad,0,1
U03188,new_cold_customer,hybrid,5,3,1,9,28.0512,1.7955,social,social,social,0,1
U03189,price_sensitive,hybrid,3,2,0,5,50.4539,3.8881,social,email,social,0,1
U03190,price_sensitive,hybrid,1,0,0,1,0.0,12.539,social,social,social,0,0
U03191,low_engagement,trigger,4,0,0,4,80.0997,1.3101,social,social,social,0,0
U03192,low_engagement,hybrid,3,0,0,3,97.117,4.1472,social,social,social,0,0
U03193,low_engagement,trigger,1,0,0,1,0.0,5.2398,email,email,email,0,0
U03194,new_cold_customer,fixed,4,2,1,7,46.5116,3.3631,social,social,social,0,1
U03195,new_cold_customer,trigger,5,2,1,8,16.1836,5.0806,email,email,social,0,1
U03196,low_engagement,hybrid,1,0,0,1,0.0,7.0381,social,social,social,0,0
U03197,low_engagement,hybrid,4,2,0,6,35.8069,4.5186,email,email,email,0,1
U03198,new_cold_customer,hybrid,2,1,1,4,1.8804,1.8187,social,social,social,0,1
U03199,low_engagement,trigger,1,0,0,1,0.0,13.9272,social,social,social,0,0
U03200,new_cold_customer,trigger,3,1,0,4,20.8242,9.4478,social,social,social,0,1
U03201,low_engagement,hybrid,3,0,0,3,39.613,5.6448,social,email,social,0,0
U03202,new_cold_customer,fixed,5,3,0,8,34.7258,4.2545,social,email,social,0,1
U03203,new_cold_customer,hybrid,2,1,0,3,25.4081,7.2241,email,social,email,0,1
U03204,new_cold_customer,trigger,4,2,1,7,54.2454,1.3327,social,social,social,0,1
U03205,low_engagement,trigger,2,1,0,3,34.6278,11.6477,social,social,social,0,1
U03206,new_cold_customer,trigger,4,3,1,9,11.9713,3.7795,social,social,social,1,0
U03207,loyal_customer,trigger,6,3,1,10,17.1848,4.2615,social,social,social,0,1
U03208,low_engagement,fixed,3,1,0,4,23.4484,4.2517,social,social,ad,0,1
U03209,loyal_customer,fixed,6,3,1,10,31.2257,2.5788,social,ad,social,0,1
U03210,loyal_customer,fixed,5,3,1,9,23.085,7.0929,social,social,social,0,1
U03211,loyal_customer,fixed,2,1,0,3,32.5367,5.576,social,email,social,0,1
U03212,loyal_customer,hybrid,2,0,0,2,290.1649,1.7906,social,social,email,0,0
U03213,new_cold_customer,hybrid,5,3,1,9,34.0385,3.3165,social,social,social,0,1
U03214,new_cold_customer,hybrid,4,2,0,6,24.156,9.691,email,email,social,0,1
U03215,low_engagement,hybrid,2,1,0,3,142.1573,2.0055,social,offer,social,0,1
U03216,low_engagement,fixed,2,1,0,3,16.3132,7.7971,social,social,social,0,1
U03217,low_engagement,hybrid,1,1,1,3,0.0,1.6879,ad,ad,ad,0,1
U03218,new_cold_customer,hybrid,2,1,0,3,65.8599,1.6226,social,social,ad,0,1
U03219,low_engagement,trigger,3,2,1,6,56.0678,1.7518,social,social,social,0,1
U03220,new_cold_customer,fixed,2,1,1,4,62.9636,6.6299,social,social,social,0,1
U03221,new_cold_customer,hybrid,3,1,0,4,55.0121,4.4404,ad,ad,social,0,1
U03222,low_engagement,hybrid,2,0,0,2,139.2289,5.9431,social,social,email,0,0
U03223,loyal_customer,fixed,5,4,2,11,19.9582,6.6477,social,email,social,0,1
U03224,price_sensitive,trigger,1,0,0,1,0.0,7.7417,ad,ad,ad,0,0
U03225,new_cold_customer,trigger,3,2,2,7,43.2806,3.9358,social,social,social,0,1
U03226,low_engagement,trigger,1,0,0,1,0.0,11.2498,social,social,social,0,0
U03227,high_intent,hybrid,4,2,2,9,31.6642,2.0011,social,social,social,1,0
U03228,new_cold_customer,hybrid,5,3,0,8,36.3737,3.2461,social,social,social,0,1
U03229,loyal_customer,fixed,4,1,0,5,37.2131,6.7928,social,social,email,0,1
U03230,high_intent,trigger,5,3,1,10,18.2763,4.9029,social,social,social,1,0
U03231,loyal_customer,hybrid,6,3,1,10,34.5323,1.0744,social,email,social,0,1
U03232,loyal_customer,fixed,5,0,0,5,81.6438,1.3656,social,offer,social,0,0
U03233,new_cold_customer,fixed,5,1,0,6,53.1308,1.645,social,social,email,0,1
U03234,new_cold_customer,hybrid,5,3,1,9,38.9375,1.1612,social,social,social,0,1
U03235,loyal_customer,hybrid,4,1,0,5,67.6132,1.9069,social,offer,social,0,1
U03236,low_engagement,fixed,3,1,1,5,24.0251,4.1187,social,ad,social,0,1
U03237,price_sensitive,hybrid,3,1,1,5,60.8984,1.5829,social,social,social,0,1
U03238,new_cold_customer,trigger,4,0,0,4,87.9138,1.835,ad,ad,social,0,0
U03239,price_sensitive,trigger,1,0,0,1,0.0,6.5079,social,social,social,0,0
U03240,low_engagement,hybrid,2,0,0,2,160.5653,6.7438,email,email,ad,0,0
U03241,new_cold_customer,trigger,5,0,0,5,70.5199,1.1493,social,ad,social,0,0
U03242,new_cold_customer,trigger,5,1,0,6,40.9769,4.4675,social,social,social,0,1
U03243,loyal_customer,hybrid,6,3,0,9,15.3883,5.1775,social,social,social,0,1
U03244,loyal_customer,trigger,6,2,1,10,27.8841,2.6227,social,social,email,1,0
U03245,loyal_customer,trigger,4,2,0,6,33.3466,1.7748,email,email,social,0,1
U03246,price_sensitive,fixed,1,1,0,2,0.0,9.1412,email,email,email,0,1
U03247,new_cold_customer,trigger,4,0,0,4,64.4504,3.9327,social,email,ad,0,0
U03248,low_engagement,hybrid,2,1,0,3,26.9922,1.5988,social,social,social,0,1
U03249,loyal_customer,fixed,3,3,0,6,22.6639,9.6456,email,social,email,0,1
U03250,new_cold_customer,trigger,3,2,0,5,44.0718,2.8118,social,social,social,0,1
U03251,price_sensitive,hybrid,3,1,0,4,74.6763,4.7102,email,email,email,0,1
U03252,low_engagement,hybrid,3,1,0,4,76.9174,4.0053,social,social,social,0,1
U03253,low_engagement,fixed,2,0,0,2,69.3708,2.8294,email,email,social,0,0
U03254,low_engagement,trigger,2,1,1,4,62.8572,2.3816,social,social,social,0,1
U03255,new_cold_customer,fixed,5,0,0,5,60.5724,1.9771,social,social,social,0,0
U03256,new_cold_customer,fixed,5,2,0,7,52.0508,1.5627,social,social,ad,0,1
U03257,high_intent,trigger,6,5,1,13,26.19,1.4181,email,offer,social,1,0
U03258,low_engagement,trigger,4,3,0,7,32.1291,2.0905,social,social,social,0,1
U03259,high_intent,fixed,6,2,1,10,34.677,1.1575,social,email,email,1,0
U03260,low_engagement,hybrid,1,0,0,1,0.0,8.3718,email,email,email,0,0
U03261,loyal_customer,trigger,6,0,0,6,30.4051,3.6911,social,social,social,0,0
U03262,low_engagement,trigger,4,0,0,4,91.4451,1.0431,social,social,social,0,0
U03263,new_cold_customer,hybrid,2,2,1,5,48.3356,3.8883,email,social,email,0,1
U03264,new_cold_customer,trigger,3,1,1,5,49.1243,3.7099,social,social,social,0,1
U03265,low_engagement,trigger,1,1,0,2,0.0,4.6988,ad,ad,ad,0,1
U03266,high_intent,trigger,3,2,1,6,23.9732,1.9867,social,ad,social,0,1
U03267,new_cold_customer,hybrid,5,2,0,7,12.301,11.4286,social,social,ad,0,1
U03268,low_engagement,trigger,3,1,0,4,37.0996,4.0637,social,social,social,0,1
U03269,low_engagement,fixed,2,0,0,2,81.2431,6.6967,ad,ad,social,0,0
U03270,new_cold_customer,hybrid,5,1,0,6,45.7936,3.6346,social,ad,ad,0,1
U03271,high_intent,fixed,3,3,1,7,32.336,3.5266,social,social,social,0,1
U03272,price_sensitive,trigger,2,1,1,4,68.5381,1.0717,offer,offer,social,0,1
U03273,low_engagement,hybrid,1,0,0,1,0.0,2.7794,offer,offer,offer,0,0
U03274,new_cold_customer,trigger,2,0,0,2,3.0894,8.5757,social,social,social,0,0
U03275,low_engagement,fixed,1,1,1,3,0.0,4.1444,social,social,social,0,1
U03276,loyal_customer,fixed,4,3,1,8,15.591,3.1097,social,social,social,0,1
U03277,price_sensitive,fixed,3,0,0,3,100.769,1.5156,social,social,email,0,0
U03278,high_intent,trigger,4,2,2,10,24.2806,4.2826,social,email,social,1,0
U03279,low_engagement,trigger,4,2,1,7,40.0615,4.5466,social,social,social,0,1
U03280,price_sensitive,hybrid,2,0,0,2,59.065,12.2566,social,social,email,0,0
U03281,loyal_customer,trigger,2,0,0,2,100.8866,2.7817,email,email,email,0,0
U03282,low_engagement,trigger,4,1,0,5,75.0809,1.8168,email,email,ad,0,1
U03283,loyal_customer,hybrid,6,3,0,9,26.3939,4.2639,email,email,social,0,1
U03284,high_intent,hybrid,6,4,4,16,16.6381,2.1067,social,social,email,1,0
U03285,high_intent,fixed,8,6,4,19,8.6446,6.9503,email,email,email,1,0
U03286,new_cold_customer,hybrid,5,1,1,7,48.5831,2.4141,social,ad,social,0,1
U03287,new_cold_customer,fixed,2,0,0,2,75.4648,8.7494,social,social,social,0,0
U03288,new_cold_customer,fixed,3,2,1,6,5.5527,11.2172,social,social,social,0,1
U03289,new_cold_customer,trigger,2,1,0,3,13.3331,5.697,social,social,social,0,1
U03290,new_cold_customer,trigger,2,1,0,3,10.2724,4.6073,social,social,social,0,1
U03291,price_sensitive,fixed,2,0,0,2,116.355,6.1994,social,social,social,0,0
U03292,loyal_customer,hybrid,2,1,1,4,42.9367,5.4451,email,email,social,0,1
U03293,new_cold_customer,fixed,2,2,2,6,30.0456,8.7259,social,social,social,0,1
U03294,new_cold_customer,trigger,3,2,1,6,10.411,9.2948,social,social,social,0,1
U03295,low_engagement,hybrid,2,1,1,4,76.133,3.6181,email,ad,email,0,1
U03296,low_engagement,trigger,4,1,1,6,58.622,2.2709,social,social,email,0,1
U03297,price_sensitive,hybrid,3,0,0,3,93.1533,2.634,ad,ad,offer,0,0
U03298,new_cold_customer,hybrid,4,3,2,9,9.9399,9.6168,social,social,social,0,1
U03299,low_engagement,fixed,2,0,0,2,114.0502,8.8589,email,email,offer,0,0
U03300,new_cold_customer,hybrid,2,0,0,2,35.656,11.1295,social,social,social,0,0
U03301,new_cold_customer,hybrid,5,2,1,8,41.0729,1.8469,social,social,social,0,1
U03302,loyal_customer,fixed,3,1,0,4,61.9933,4.2069,ad,ad,ad,0,1
U03303,new_cold_customer,trigger,3,1,1,5,64.2509,1.7597,social,offer,social,0,1
U03304,new_cold_customer,trigger,2,0,0,2,100.4961,10.7253,social,social,social,0,0
U03305,low_engagement,trigger,2,0,0,2,271.0226,1.3795,email,email,social,0,0
U03306,low_engagement,trigger,2,0,0,2,59.9748,3.8518,email,email,social,0,0
U03307,loyal_customer,hybrid,6,3,2,13,20.152,3.9812,social,social,email,1,0
U03308,loyal_customer,fixed,5,2,1,8,26.7173,6.1903,social,social,social,0,1
U03309,new_cold_customer,hybrid,4,1,0,5,41.6204,5.6275,social,social,social,0,1
U03310,new_cold_customer,fixed,2,0,0,2,112.4511,9.9407,social,social,social,0,0
U03311,low_engagement,trigger,4,2,0,6,56.5197,1.6272,social,social,ad,0,1
U03312,loyal_customer,fixed,2,0,0,2,257.1919,3.0808,social,social,social,0,0
U03313,loyal_customer,hybrid,6,4,2,12,25.8016,1.1553,email,social,email,0,1
U03314,low_engagement,fixed,4,1,0,5,63.3534,1.9037,social,social,email,0,1
U03315,high_intent,hybrid,4,4,1,9,29.1967,3.2261,social,social,social,0,1
U03316,low_engagement,hybrid,1,0,0,1,0.0,1.3151,offer,offer,offer,0,0
U03317,new_cold_customer,hybrid,4,2,0,6,42.5212,4.8251,social,social,ad,0,1
U03318,loyal_customer,fixed,6,3,2,12,24.3806,2.3364,social,email,social,1,0
U03319,low_engagement,hybrid,4,2,0,6,36.0862,1.5732,social,social,social,0,1
U03320,new_cold_customer,fixed,4,1,0,5,61.4963,3.9357,social,ad,social,0,1
U03321,loyal_customer,hybrid,3,2,1,6,44.369,4.8923,social,social,email,0,1
U03322,new_cold_customer,fixed,2,2,0,4,96.6442,1.1488,social,social,social,0,1
U03323,loyal_customer,fixed,6,2,1,10,33.9063,1.4553,social,email,social,1,0
U03324,low_engagement,fixed,3,0,0,3,28.1709,5.362,social,social,social,0,0
U03325,high_intent,fixed,7,4,0,11,28.6576,1.3422,social,social,social,0,1
U03326,price_sensitive,trigger,1,1,0,2,0.0,10.4781,email,email,email,0,1
U03327,high_intent,fixed,7,5,3,18,14.6317,4.1917,social,social,social,1,0
U03328,new_cold_customer,fixed,2,0,0,2,282.6901,1.0127,social,social,social,0,0
U03329,new_cold_customer,fixed,3,1,0,4,63.5972,1.2163,social,social,social,0,1
U03330,low_engagement,hybrid,4,1,0,5,30.6432,2.0639,email,email,email,0,1
U03331,high_intent,fixed,5,4,3,14,14.082,1.8141,social,social,social,1,0
U03332,new_cold_customer,trigger,2,1,0,3,21.0508,9.6742,social,social,social,0,1
U03333,low_engagement,hybrid,4,1,0,5,33.994,3.0493,social,social,social,0,1
U03334,new_cold_customer,trigger,3,2,0,5,63.5165,4.1057,social,social,social,0,1
U03335,new_cold_customer,trigger,2,1,1,4,44.4288,5.166,ad,ad,social,0,1
U03336,high_intent,fixed,7,4,4,18,18.3143,1.8953,social,email,social,1,0
U03337,low_engagement,fixed,2,0,0,2,106.7348,1.9825,social,social,social,0,0
U03338,loyal_customer,trigger,5,2,0,7,28.6322,3.837,social,social,social,0,1
U03339,low_engagement,trigger,2,0,0,2,5.8139,5.8328,social,social,social,0,0
U03340,low_engagement,trigger,1,0,0,1,0.0,6.9185,social,social,social,0,0
U03341,loyal_customer,fixed,4,2,0,6,21.7376,5.5368,email,email,email,0,1
U03342,loyal_customer,trigger,6,6,2,15,20.1956,1.4254,social,social,email,1,0
U03343,high_intent,trigger,6,6,1,13,19.9146,3.1343,social,social,social,0,1
U03344,high_intent,fixed,6,4,1,11,21.1976,1.5604,social,email,social,0,1
U03345,low_engagement,hybrid,2,2,1,5,29.3468,7.2186,social,social,email,0,1
U03346,low_engagement,hybrid,4,1,1,7,40.9523,1.8672,social,social,social,1,0
U03347,high_intent,hybrid,6,4,1,12,23.9113,3.5137,social,email,ad,1,0
U03348,new_cold_customer,hybrid,2,0,0,2,227.7174,4.4964,social,social,social,0,0
U03349,loyal_customer,trigger,2,0,0,2,67.2906,4.2766,social,social,email,0,0
U03350,high_intent,fixed,8,7,3,20,15.3936,1.9222,social,email,social,1,0
U03351,loyal_customer,fixed,4,3,0,7,22.7504,4.252,social,ad,email,0,1
U03352,loyal_customer,fixed,5,3,1,9,11.7052,1.592,email,social,ad,0,1
U03353,low_engagement,trigger,1,1,0,2,0.0,1.5016,social,social,social,0,1
U03354,new_cold_customer,trigger,5,2,2,9,37.624,1.5164,social,social,ad,0,1
U03355,loyal_customer,fixed,5,1,0,6,46.0029,3.0469,social,social,social,0,1
U03356,new_cold_customer,trigger,4,1,0,5,50.4918,4.7888,social,social,social,0,1
U03357,new_cold_customer,trigger,2,0,0,2,20.8992,3.99,social,social,social,0,0
U03358,new_cold_customer,hybrid,4,2,1,7,45.2645,2.4916,social,social,social,0,1
U03359,loyal_customer,trigger,6,4,1,11,32.9899,1.1432,social,email,social,0,1
U03360,loyal_customer,trigger,5,3,0,8,41.4148,2.5329,social,social,social,0,1
U03361,low_engagement,trigger,1,1,0,2,0.0,14.9259,social,social,social,0,1
U03362,loyal_customer,fixed,6,4,1,11,14.528,4.389,social,social,offer,0,1
U03363,new_cold_customer,trigger,5,2,1,8,36.7328,1.2739,social,social,social,0,1
U03364,new_cold_customer,fixed,2,1,0,3,26.3047,9.8292,social,social,social,0,1
U03365,new_cold_customer,trigger,2,1,1,4,98.7444,1.8022,ad,offer,ad,0,1
U03366,low_engagement,hybrid,3,0,0,3,134.7715,1.4048,social,social,ad,0,0
U03367,new_cold_customer,trigger,5,1,0,6,54.3663,1.347,social,social,ad,0,1
U03368,high_intent,fixed,4,3,2,10,14.7201,1.393,email,email,email,1,0
U03369,price_sensitive,trigger,2,0,0,2,18.4773,8.4102,ad,ad,social,0,0
U03370,new_cold_customer,trigger,2,1,0,3,6.1119,13.1326,social,social,social,0,1
U03371,high_intent,hybrid,6,4,3,14,18.247,3.7851,email,email,email,1,0
U03372,low_engagement,hybrid,4,1,0,5,74.143,2.3307,social,social,social,0,1
U03373,loyal_customer,trigger,6,4,2,12,26.8281,1.5148,email,email,email,0,1
U03374,low_engagement,hybrid,4,2,0,6,32.4441,1.3448,social,social,social,0,1
U03375,loyal_customer,fixed,6,3,1,10,34.1187,1.7092,social,email,social,0,1
U03376,low_engagement,hybrid,2,0,0,2,5.0548,6.3981,social,social,social,0,0
U03377,new_cold_customer,fixed,5,3,0,8,41.1351,2.3562,social,social,social,0,1
U03378,low_engagement,trigger,1,0,0,1,0.0,2.7402,email,email,email,0,0
U03379,new_cold_customer,fixed,3,1,0,4,29.4545,10.9067,ad,ad,social,0,1
U03380,low_engagement,fixed,3,3,1,7,30.1501,1.4092,email,email,social,0,1
U03381,loyal_customer,hybrid,3,1,0,4,62.7741,5.7272,offer,offer,email,0,1
U03382,low_engagement,fixed,1,0,0,1,0.0,7.9934,social,social,social,0,0
U03383,new_cold_customer,hybrid,5,2,1,8,18.9466,3.5882,social,ad,social,0,1
U03384,low_engagement,trigger,2,0,0,2,56.3716,5.7396,email,email,social,0,0
U03385,low_engagement,fixed,3,1,0,4,82.1288,1.5945,social,social,social,0,1
U03386,low_engagement,fixed,4,1,0,5,45.9371,1.4371,social,social,social,0,1
U03387,new_cold_customer,hybrid,5,4,1,10,20.7068,2.7912,social,social,ad,0,1
U03388,loyal_customer,fixed,2,2,0,4,38.9072,9.6211,social,social,social,0,1
U03389,loyal_customer,hybrid,4,3,1,8,33.1344,4.3249,social,social,email,0,1
U03390,low_engagement,fixed,4,1,0,5,83.0728,1.0908,email,social,email,0,1
U03391,price_sensitive,fixed,2,0,0,2,122.5128,2.3749,email,email,social,0,0
U03392,loyal_customer,trigger,2,1,1,5,59.955,2.0424,ad,ad,social,1,0
U03393,high_intent,fixed,4,2,1,7,17.3622,3.3114,social,social,social,0,1
U03394,loyal_customer,hybrid,4,3,1,8,36.4689,2.3553,social,social,ad,0,1
U03395,loyal_customer,hybrid,4,0,0,4,39.4872,2.775,social,social,social,0,0
U03396,high_intent,hybrid,8,3,2,13,27.2615,1.1855,email,email,email,0,1
U03397,new_cold_customer,trigger,2,0,0,2,103.2201,9.0833,social,social,ad,0,0
U03398,new_cold_customer,hybrid,2,0,0,2,246.6578,3.9276,email,email,social,0,0
U03399,low_engagement,fixed,2,0,0,2,87.1053,1.6627,social,social,email,0,0
U03400,loyal_customer,trigger,2,1,0,3,58.0345,9.3415,social,social,social,0,1
U03401,new_cold_customer,trigger,4,2,0,6,12.3025,1.7937,social,social,ad,0,1
U03402,new_cold_customer,fixed,4,2,1,7,40.3287,4.217,social,social,social,0,1
U03403,price_sensitive,trigger,1,1,0,2,0.0,7.0508,social,social,social,0,1
U03404,price_sensitive,hybrid,3,0,0,3,52.3332,4.0687,email,email,email,0,0
U03405,low_engagement,trigger,2,0,0,2,4.9206,14.5095,ad,ad,social,0,0
U03406,low_engagement,trigger,2,1,0,3,26.0078,8.8997,email,email,offer,0,1
U03407,loyal_customer,fixed,6,3,1,11,33.2256,1.1021,social,email,email,1,0
U03408,low_engagement,hybrid,1,1,1,3,0.0,2.7008,social,social,social,0,1
U03409,price_sensitive,trigger,1,0,0,1,0.0,9.2324,offer,offer,offer,0,0
U03410,price_sensitive,trigger,2,1,0,3,22.4202,7.8569,ad,social,ad,0,1
U03411,high_intent,trigger,4,2,0,6,50.7915,3.7453,social,social,social,0,1
U03412,loyal_customer,hybrid,5,4,3,13,20.754,4.2638,social,social,social,1,0
U03413,new_cold_customer,hybrid,5,3,0,8,25.57,3.1,social,social,social,0,1
U03414,loyal_customer,fixed,5,1,0,6,33.3001,5.0944,social,social,social,0,1
U03415,new_cold_customer,trigger,4,1,0,5,62.688,4.5481,social,social,social,0,1
U03416,low_engagement,fixed,1,0,0,1,0.0,8.8922,social,social,social,0,0
U03417,loyal_customer,hybrid,3,2,0,5,38.5176,7.2018,social,social,social,0,1
U03418,new_cold_customer,fixed,4,1,0,5,44.978,1.7516,social,social,social,0,1
U03419,new_cold_customer,trigger,4,2,1,7,43.603,1.2866,email,social,social,0,1
U03420,price_sensitive,fixed,3,1,0,4,38.7851,7.2274,social,social,email,0,1
U03421,loyal_customer,hybrid,5,4,1,11,25.7073,1.5387,social,social,social,1,0
U03422,low_engagement,fixed,4,2,0,6,17.7752,2.8926,social,social,social,0,1
U03423,loyal_customer,hybrid,6,4,1,12,25.2544,2.5473,email,social,social,1,0
U03424,price_sensitive,hybrid,2,1,0,3,9.5046,11.6858,social,social,social,0,1
U03425,new_cold_customer,fixed,5,2,1,8,34.3657,2.9898,social,social,social,0,1
U03426,loyal_customer,fixed,3,2,0,5,28.265,5.6478,social,social,email,0,1
U03427,loyal_customer,trigger,4,2,2,9,34.6141,3.1052,social,email,email,1,0
U03428,new_cold_customer,trigger,4,0,0,4,79.8275,3.3799,social,social,social,0,0
U03429,new_cold_customer,hybrid,2,1,0,3,18.6287,7.262,social,social,social,0,1
U03430,new_cold_customer,hybrid,5,3,0,8,41.1078,2.6473,social,social,social,0,1
U03431,low_engagement,hybrid,4,0,0,4,79.4375,4.9578,social,social,social,0,0
U03432,new_cold_customer,fixed,3,0,0,3,90.5586,3.6007,social,social,social,0,0
U03433,low_engagement,trigger,2,1,0,3,5.2549,2.7984,social,social,social,0,1
U03434,low_engagement,hybrid,4,1,0,5,73.8922,2.4665,social,email,social,0,1
U03435,new_cold_customer,trigger,5,2,1,8,45.6327,1.3451,social,social,social,0,1
U03436,price_sensitive,hybrid,1,0,0,1,0.0,11.7246,social,social,social,0,0
U03437,low_engagement,trigger,3,1,0,4,61.5448,1.6998,email,email,social,0,1
U03438,price_sensitive,fixed,3,0,0,3,32.1985,1.3605,social,email,social,0,0
U03439,new_cold_customer,fixed,4,2,1,7,33.9451,2.9162,social,social,social,0,1
U03440,low_engagement,fixed,1,1,0,2,0.0,9.6782,email,email,email,0,1
U03441,new_cold_customer,fixed,4,3,1,8,25.5608,3.5487,social,social,ad,0,1
U03442,new_cold_customer,trigger,5,1,0,6,35.8954,2.4932,social,social,ad,0,1
U03443,loyal_customer,trigger,3,2,1,6,56.4556,1.833,social,social,social,0,1
U03444,low_engagement,fixed,4,2,0,6,35.9453,2.2015,social,social,social,0,1
U03445,high_intent,hybrid,7,4,1,13,24.576,1.1495,email,social,email,1,0
U03446,new_cold_customer,trigger,4,1,0,5,30.3645,2.1054,social,social,social,0,1
U03447,loyal_customer,hybrid,5,2,0,7,38.6046,1.3017,email,email,social,0,1
U03448,low_engagement,trigger,3,2,0,5,73.8045,1.1977,social,social,social,0,1
U03449,low_engagement,trigger,3,2,1,6,36.066,1.6696,social,social,social,0,1
U03450,loyal_customer,hybrid,2,1,0,3,109.6039,1.0578,social,email,social,0,1
U03451,low_engagement,hybrid,3,0,0,3,128.7619,3.4506,social,social,social,0,0
U03452,high_intent,hybrid,7,4,2,13,26.0442,1.1273,social,social,social,0,1
U03453,low_engagement,trigger,4,2,0,6,57.8044,2.3245,social,social,social,0,1
U03454,low_engagement,hybrid,3,1,1,5,28.3977,7.2156,social,social,social,0,1
U03455,loyal_customer,fixed,2,1,0,3,84.8341,4.6357,social,social,email,0,1
U03456,loyal_customer,hybrid,3,2,1,6,12.4274,9.4741,social,social,social,0,1
U03457,high_intent,hybrid,4,3,1,8,38.5338,3.698,email,email,email,0,1
U03458,loyal_customer,hybrid,2,1,1,5,23.5653,1.2295,social,social,social,1,0
U03459,loyal_customer,hybrid,6,4,3,14,12.92,7.9632,email,email,social,1,0
U03460,low_engagement,hybrid,3,1,0,4,80.923,4.5834,social,social,email,0,1
U03461,high_intent,fixed,4,4,2,11,15.8508,6.8977,social,email,social,1,0
U03462,new_cold_customer,hybrid,5,2,0,7,46.7542,2.4066,social,social,ad,0,1
U03463,low_engagement,fixed,2,0,0,2,135.7959,5.2692,social,social,email,0,0
U03464,new_cold_customer,hybrid,3,2,0,5,59.4895,2.2322,social,social,social,0,1
U03465,low_engagement,fixed,3,2,1,6,53.1513,2.4624,social,social,social,0,1
U03466,loyal_customer,trigger,4,1,0,5,40.174,4.6916,offer,offer,email,0,1
U03467,low_engagement,fixed,4,2,1,7,7.5947,4.7684,social,social,ad,0,1
U03468,low_engagement,hybrid,2,0,0,2,55.8377,7.496,social,social,social,0,0
U03469,price_sensitive,hybrid,1,0,0,1,0.0,5.0572,social,social,social,0,0
U03470,high_intent,hybrid,8,6,4,20,15.5553,1.0205,social,social,social,1,0
U03471,high_intent,fixed,6,5,3,17,18.416,1.9854,social,ad,social,1,0
U03472,high_intent,trigger,3,1,0,4,73.7106,5.2232,social,social,social,0,1
U03473,new_cold_customer,trigger,5,1,0,6,36.0853,5.2685,social,social,social,0,1
U03474,loyal_customer,fixed,5,3,1,10,19.8053,6.7887,social,social,social,1,0
U03475,loyal_customer,fixed,6,4,0,10,25.3682,2.8627,social,social,offer,0,1
U03476,low_engagement,hybrid,2,1,0,3,39.4964,4.9654,social,social,email,0,1
U03477,low_engagement,fixed,4,2,0,6,51.6656,2.2929,social,email,social,0,1
U03478,new_cold_customer,trigger,5,2,0,7,49.1558,2.6411,social,social,social,0,1
U03479,new_cold_customer,hybrid,2,2,0,4,97.3285,1.6914,social,social,email,0,1
U03480,price_sensitive,trigger,3,1,0,4,56.414,4.1648,ad,ad,email,0,1
U03481,high_intent,trigger,5,4,3,12,22.3784,4.5624,social,social,social,0,1
U03482,low_engagement,trigger,1,0,0,1,0.0,8.2251,social,social,social,0,0
U03483,loyal_customer,fixed,6,2,1,9,28.7322,1.9064,email,email,ad,0,1
U03484,low_engagement,trigger,1,0,0,1,0.0,4.4535,ad,ad,ad,0,0
U03485,low_engagement,trigger,2,1,1,4,19.7662,11.1778,social,offer,social,0,1
U03486,price_sensitive,trigger,1,0,0,1,0.0,4.0729,social,social,social,0,0
U03487,new_cold_customer,trigger,4,1,0,5,67.0724,2.0934,social,social,ad,0,1
U03488,low_engagement,hybrid,1,0,0,1,0.0,5.2151,social,social,social,0,0
U03489,low_engagement,fixed,2,1,0,3,35.2693,5.3148,social,social,social,0,1
U03490,new_cold_customer,hybrid,2,1,0,3,53.2563,8.8627,social,social,social,0,1
U03491,high_intent,fixed,7,2,2,11,20.6684,2.7625,social,email,social,0,1
U03492,loyal_customer,hybrid,2,1,0,3,154.2527,1.4537,email,email,social,0,1
U03493,loyal_customer,hybrid,4,1,1,6,63.1005,1.0826,ad,email,email,0,1
U03494,loyal_customer,fixed,2,1,0,3,1.8491,6.3516,social,social,ad,0,1
U03495,new_cold_customer,fixed,3,2,0,5,75.8355,1.6215,social,social,offer,0,1
U03496,low_engagement,trigger,2,2,0,4,63.2867,3.8195,email,email,ad,0,1
U03497,low_engagement,hybrid,1,0,0,1,0.0,7.5487,ad,ad,ad,0,0
U03498,low_engagement,hybrid,1,0,0,1,0.0,6.3868,social,social,social,0,0
U03499,low_engagement,fixed,1,1,0,2,0.0,11.2159,email,email,email,0,1
U03500,loyal_customer,hybrid,3,3,0,6,17.1379,4.5677,social,social,social,0,1
U03501,loyal_customer,hybrid,6,4,1,11,28.178,2.3055,social,email,social,0,1
U03502,new_cold_customer,trigger,5,3,0,8,32.5913,2.05,social,social,social,0,1
U03503,price_sensitive,trigger,3,0,0,3,139.522,1.158,social,social,social,0,0
U03504,high_intent,trigger,5,4,1,11,14.1108,2.9581,social,email,social,1,0
U03505,low_engagement,hybrid,2,2,2,7,25.8853,7.9297,social,social,social,1,0
U03506,new_cold_customer,trigger,4,2,0,6,41.7628,1.9966,social,social,social,0,1
U03507,new_cold_customer,fixed,3,0,0,3,141.4667,2.4665,social,social,social,0,0
U03508,new_cold_customer,fixed,2,2,1,5,55.5142,5.3316,social,ad,social,0,1
U03509,price_sensitive,fixed,2,0,0,2,72.5139,8.9536,social,social,social,0,0
U03510,loyal_customer,trigger,5,1,1,7,40.4938,4.6844,email,email,social,0,1
U03511,new_cold_customer,hybrid,4,1,0,5,66.668,3.3483,social,social,ad,0,1
U03512,loyal_customer,fixed,6,2,0,8,38.5564,3.1176,email,email,email,0,1
U03513,new_cold_customer,hybrid,5,4,0,9,28.3802,3.393,ad,ad,ad,0,1
U03514,price_sensitive,trigger,2,1,0,3,53.9836,9.3792,social,social,social,0,1
U03515,low_engagement,hybrid,2,1,0,3,82.1922,6.3391,email,offer,email,0,1
U03516,high_intent,hybrid,8,6,3,18,14.0981,4.4084,social,email,email,1,0
U03517,low_engagement,hybrid,2,0,0,2,188.0402,2.7454,social,social,email,0,0
U03518,high_intent,trigger,4,2,1,7,30.8255,4.2131,email,social,email,0,1
U03519,loyal_customer,fixed,3,1,1,5,21.0168,9.4835,social,social,ad,0,1
U03520,low_engagement,trigger,3,1,0,4,87.9399,3.9562,social,social,social,0,1
U03521,loyal_customer,fixed,4,2,0,6,32.3748,4.4967,email,email,social,0,1
U03522,new_cold_customer,hybrid,5,2,0,7,33.0222,2.0254,social,social,social,0,1
U03523,loyal_customer,trigger,3,1,1,5,25.0363,7.1624,social,social,social,0,1
U03524,low_engagement,trigger,3,1,1,5,69.1122,1.8986,social,social,social,0,1
U03525,loyal_customer,trigger,4,1,0,5,36.2725,8.5523,social,social,social,0,1
U03526,high_intent,fixed,3,0,0,3,155.5274,1.2176,ad,ad,email,0,0
U03527,new_cold_customer,fixed,5,0,0,5,45.7937,3.482,social,social,social,0,0
U03528,loyal_customer,fixed,2,0,0,2,172.4676,1.8254,social,social,email,0,0
U03529,new_cold_customer,hybrid,4,2,2,8,38.0403,2.4162,social,social,social,0,1
U03530,new_cold_customer,hybrid,4,0,0,4,64.1219,5.4613,social,social,social,0,0
U03531,new_cold_customer,fixed,3,1,0,4,38.2973,6.0999,social,social,social,0,1
U03532,new_cold_customer,fixed,5,2,0,7,50.2558,1.0808,social,social,social,0,1
U03533,new_cold_customer,hybrid,5,2,0,7,22.8535,8.303,social,social,social,0,1
U03534,loyal_customer,fixed,6,2,0,8,31.9409,2.521,social,social,social,0,1
U03535,loyal_customer,hybrid,4,3,1,9,27.3954,3.9474,social,social,social,1,0
U03536,new_cold_customer,trigger,5,3,1,9,31.9005,2.37,social,social,ad,0,1
U03537,low_engagement,trigger,4,2,0,6,65.5331,1.0231,social,social,social,0,1
U03538,new_cold_customer,hybrid,5,2,0,7,16.3383,1.4587,social,social,email,0,1
U03539,new_cold_customer,trigger,5,2,0,7,17.2498,9.8314,social,social,social,0,1
U03540,new_cold_customer,trigger,4,1,0,5,44.2905,3.9824,social,email,social,0,1
U03541,low_engagement,hybrid,3,0,0,3,102.328,2.1775,social,email,social,0,0
U03542,loyal_customer,fixed,3,1,0,4,51.7321,6.5922,social,email,social,0,1
U03543,low_engagement,hybrid,1,1,0,2,0.0,6.1914,email,email,email,0,1
U03544,low_engagement,fixed,1,1,1,3,0.0,7.2323,social,social,social,0,1
U03545,high_intent,fixed,6,6,2,14,15.2657,3.7088,email,social,offer,0,1
U03546,low_engagement,trigger,4,2,0,6,27.7458,5.621,social,social,social,0,1
U03547,price_sensitive,hybrid,3,1,0,4,56.49,7.8425,email,offer,social,0,1
U03548,new_cold_customer,trigger,3,2,2,7,42.5952,1.8761,social,social,social,0,1
U03549,loyal_customer,hybrid,4,2,1,7,30.477,1.6242,social,offer,ad,0,1
U03550,high_intent,trigger,3,3,2,9,12.4941,8.874,social,social,email,1,0
U03551,new_cold_customer,trigger,4,2,0,6,26.5106,3.3546,social,social,social,0,1
U03552,low_engagement,fixed,3,1,0,4,43.9279,6.5513,social,social,offer,0,1
U03553,low_engagement,trigger,1,0,0,1,0.0,2.5233,social,social,social,0,0
U03554,price_sensitive,fixed,1,0,0,1,0.0,3.7164,social,social,social,0,0
U03555,new_cold_customer,fixed,2,0,0,2,294.5897,1.469,social,social,ad,0,0
U03556,low_engagement,hybrid,3,0,0,3,103.2004,4.5375,email,email,email,0,0
U03557,low_engagement,fixed,1,0,0,1,0.0,3.0851,social,social,social,0,0
U03558,loyal_customer,fixed,4,1,1,6,40.3575,2.2206,email,email,social,0,1
U03559,loyal_customer,trigger,2,0,0,2,209.1465,3.3992,social,social,email,0,0
U03560,high_intent,fixed,3,3,2,9,19.1635,5.8715,social,social,email,1,0
U03561,high_intent,trigger,4,4,2,11,21.2799,3.3582,social,social,social,1,0
U03562,low_engagement,hybrid,2,1,0,3,51.3195,6.9904,social,email,social,0,1
U03563,new_cold_customer,trigger,4,3,0,7,8.7854,5.007,ad,social,ad,0,1
U03564,loyal_customer,trigger,3,1,0,4,51.7172,6.4059,email,email,email,0,1
U03565,low_engagement,fixed,2,0,0,2,61.0773,4.8784,ad,ad,social,0,0
U03566,new_cold_customer,fixed,2,0,0,2,140.2671,4.4491,social,social,social,0,0
U03567,high_intent,fixed,3,2,0,5,47.992,2.3016,social,social,social,0,1
U03568,new_cold_customer,trigger,3,0,0,3,49.8176,1.965,social,social,social,0,0
U03569,low_engagement,trigger,4,1,0,5,72.9498,2.0259,social,social,social,0,1
U03570,new_cold_customer,trigger,5,2,0,7,25.7315,4.8754,social,social,email,0,1
U03571,new_cold_customer,trigger,3,2,0,5,74.2628,2.0136,social,email,social,0,1
U03572,new_cold_customer,fixed,3,2,1,6,45.7956,2.8629,social,email,social,0,1
U03573,new_cold_customer,trigger,4,2,0,6,56.8974,3.0084,social,social,social,0,1
U03574,price_sensitive,trigger,2,0,0,2,81.1051,6.0117,social,social,social,0,0
U03575,loyal_customer,fixed,2,2,1,5,24.1664,6.5329,ad,ad,social,0,1
U03576,high_intent,fixed,7,3,1,11,31.0316,1.2737,social,social,social,0,1
U03577,new_cold_customer,trigger,5,1,1,7,48.5296,2.6863,social,social,social,0,1
U03578,loyal_customer,hybrid,2,2,1,5,10.6184,7.1749,social,social,email,0,1
U03579,low_engagement,hybrid,4,0,0,4,89.0931,3.5673,social,email,social,0,0
U03580,new_cold_customer,trigger,5,0,0,5,80.8234,1.3809,social,email,social,0,0
U03581,price_sensitive,trigger,1,0,0,1,0.0,11.067,ad,ad,ad,0,0
U03582,price_sensitive,fixed,1,0,0,1,0.0,14.7761,social,social,social,0,0
U03583,loyal_customer,hybrid,2,1,1,4,57.932,3.0518,social,social,social,0,1
U03584,new_cold_customer,trigger,2,0,0,2,91.9743,3.4042,ad,ad,social,0,0
U03585,loyal_customer,hybrid,2,0,0,2,124.3679,3.4674,email,email,offer,0,0
U03586,new_cold_customer,hybrid,5,0,0,5,50.306,5.4788,social,email,email,0,0
U03587,loyal_customer,fixed,2,0,0,2,4.3931,11.9514,social,social,ad,0,0
U03588,high_intent,hybrid,8,4,3,17,17.4696,1.8585,social,social,social,1,0
U03589,loyal_customer,fixed,5,2,2,9,30.774,2.6434,social,social,social,0,1
U03590,low_engagement,hybrid,2,0,0,2,27.217,5.7414,social,social,social,0,0
U03591,new_cold_customer,hybrid,4,2,1,8,15.6632,5.2841,social,social,social,1,0
U03592,new_cold_customer,fixed,2,2,1,5,18.2163,11.3764,social,social,social,0,1
U03593,new_cold_customer,trigger,3,2,0,5,39.7076,5.9323,social,social,social,0,1
U03594,low_engagement,hybrid,3,2,0,5,67.7573,1.7046,social,social,social,0,1
U03595,new_cold_customer,fixed,3,1,1,5,18.3366,8.3794,social,social,social,0,1
U03596,new_cold_customer,hybrid,5,2,1,8,23.5502,2.8986,social,social,social,0,1
U03597,new_cold_customer,fixed,4,0,0,4,24.5718,4.8199,social,ad,social,0,0
U03598,new_cold_customer,trigger,3,1,1,5,64.702,2.4167,email,email,social,0,1
U03599,high_intent,fixed,4,3,1,8,39.852,1.9337,social,social,social,0,1
U03600,low_engagement,fixed,1,0,0,1,0.0,1.6117,social,social,social,0,0
U03601,high_intent,trigger,7,5,3,18,10.5982,7.4589,email,email,social,1,0
U03602,price_sensitive,fixed,1,0,0,1,0.0,12.6848,email,email,email,0,0
U03603,new_cold_customer,fixed,2,1,1,4,7.23,12.5556,social,social,social,0,1
U03604,new_cold_customer,trigger,3,2,1,6,34.4001,3.2313,social,ad,social,0,1
U03605,new_cold_customer,fixed,5,1,0,6,32.771,1.842,social,ad,social,0,1
U03606,high_intent,fixed,4,2,1,8,20.9455,5.1983,social,social,social,1,0
U03607,loyal_customer,trigger,5,5,1,11,21.3037,2.7674,social,email,social,0,1
U03608,new_cold_customer,hybrid,4,2,2,8,37.4685,3.126,social,social,email,0,1
U03609,new_cold_customer,fixed,4,2,1,7,33.2735,5.6433,social,social,social,0,1
U03610,new_cold_customer,trigger,4,2,1,7,36.9346,1.2495,social,social,social,0,1
U03611,new_cold_customer,fixed,4,1,1,6,64.2182,1.1385,social,social,social,0,1
U03612,low_engagement,hybrid,1,1,0,2,0.0,10.2465,email,email,email,0,1
U03613,high_intent,fixed,3,2,1,7,25.4346,6.619,social,social,social,1,0
U03614,new_cold_customer,fixed,2,0,0,2,58.9115,6.3957,email,email,social,0,0
U03615,low_engagement,fixed,3,1,0,4,34.9316,2.0525,social,email,social,0,1
U03616,new_cold_customer,trigger,2,1,0,3,58.1271,7.9465,social,ad,social,0,1
U03617,low_engagement,hybrid,2,1,0,3,71.5947,8.2924,social,social,social,0,1
U03618,price_sensitive,fixed,3,0,0,3,73.3328,4.5716,ad,ad,social,0,0
U03619,low_engagement,trigger,1,0,0,1,0.0,9.06,social,social,social,0,0
U03620,loyal_customer,hybrid,2,1,0,3,27.6636,10.4389,email,email,email,0,1
U03621,low_engagement,trigger,4,0,0,4,34.2179,5.717,social,social,social,0,0
U03622,loyal_customer,trigger,2,1,1,4,47.3666,1.8686,social,social,social,0,1
U03623,low_engagement,fixed,2,0,0,2,129.6886,7.7633,social,social,social,0,0
U03624,low_engagement,trigger,4,2,0,6,22.2695,4.7548,social,social,social,0,1
U03625,loyal_customer,fixed,4,3,1,9,14.8983,1.5509,social,ad,social,1,0
U03626,high_intent,hybrid,5,4,1,10,17.5113,2.0379,social,social,social,0,1
U03627,new_cold_customer,hybrid,5,2,0,7,39.3001,1.259,social,social,ad,0,1
U03628,low_engagement,hybrid,2,2,1,6,14.1339,3.9395,email,email,email,1,0
U03629,new_cold_customer,fixed,5,2,1,8,30.8774,5.5421,social,social,social,0,1
U03630,price_sensitive,fixed,2,1,1,4,55.6306,4.5421,offer,email,offer,0,1
U03631,low_engagement,trigger,2,1,0,3,44.2115,8.4718,email,social,email,0,1
U03632,new_cold_customer,trigger,5,1,0,6,40.7214,5.5199,social,social,social,0,1
U03633,price_sensitive,fixed,3,0,0,3,91.7827,3.8357,social,social,social,0,0
U03634,loyal_customer,trigger,2,1,0,3,0.1425,7.7685,social,email,social,0,1
U03635,high_intent,fixed,6,4,2,12,28.0037,1.7907,social,social,social,0,1
U03636,new_cold_customer,hybrid,3,0,0,3,54.4894,7.778,social,social,social,0,0
U03637,high_intent,fixed,3,2,2,7,44.5277,1.7543,social,email,social,0,1
U03638,low_engagement,hybrid,1,0,0,1,0.0,14.3635,email,email,email,0,0
U03639,new_cold_customer,hybrid,2,1,0,3,20.5109,2.6185,social,social,social,0,1
U03640,price_sensitive,hybrid,1,0,0,1,0.0,13.8153,email,email,email,0,0
U03641,low_engagement,hybrid,3,1,0,4,61.5231,3.5902,social,social,social,0,1
U03642,low_engagement,trigger,3,1,0,4,43.5021,6.3618,social,social,social,0,1
U03643,loyal_customer,hybrid,4,0,0,4,62.1328,6.1375,social,social,email,0,0
U03644,new_cold_customer,fixed,2,1,0,3,42.9284,9.1302,email,email,social,0,1
U03645,low_engagement,hybrid,1,0,0,1,0.0,12.8668,social,social,social,0,0
U03646,new_cold_customer,hybrid,3,1,0,4,20.6107,6.5081,social,social,social,0,1
U03647,loyal_customer,hybrid,2,2,2,7,18.6372,8.7012,social,social,social,1,0
U03648,new_cold_customer,hybrid,5,2,2,9,24.8152,5.1275,social,social,social,0,1
U03649,price_sensitive,hybrid,2,0,0,2,54.9851,10.6527,social,social,social,0,0
U03650,low_engagement,trigger,1,0,0,1,0.0,11.313,email,email,email,0,0
U03651,high_intent,hybrid,7,5,3,16,12.9724,5.7954,social,social,social,1,0
U03652,low_engagement,hybrid,1,0,0,1,0.0,1.9047,social,social,social,0,0
U03653,price_sensitive,trigger,1,0,0,1,0.0,6.1398,email,email,email,0,0
U03654,high_intent,trigger,7,4,3,15,19.5251,1.2348,social,social,social,1,0
U03655,new_cold_customer,hybrid,4,2,0,6,39.0824,3.0773,social,social,social,0,1
U03656,low_engagement,fixed,3,1,0,4,81.3787,3.287,ad,ad,social,0,1
U03657,new_cold_customer,hybrid,4,2,1,7,43.1853,1.2443,email,social,email,0,1
U03658,new_cold_customer,trigger,5,2,0,7,17.548,3.4718,social,social,social,0,1
U03659,low_engagement,fixed,3,1,0,4,101.4855,1.8178,email,social,email,0,1
U03660,low_engagement,trigger,3,0,0,3,66.5574,5.8526,offer,offer,ad,0,0
U03661,loyal_customer,hybrid,6,3,2,12,22.453,3.6981,email,email,social,1,0
U03662,loyal_customer,fixed,2,2,0,4,59.7349,5.3399,offer,offer,email,0,1
U03663,loyal_customer,fixed,2,1,1,4,31.571,3.3135,social,social,social,0,1
U03664,high_intent,hybrid,3,2,1,6,54.2865,2.0842,offer,offer,email,0,1
U03665,low_engagement,trigger,4,2,1,7,29.7076,6.109,email,email,social,0,1
U03666,loyal_customer,hybrid,5,3,0,8,22.3554,5.4823,social,social,ad,0,1
U03667,new_cold_customer,fixed,3,1,0,4,75.2562,4.0869,social,social,social,0,1
U03668,price_sensitive,fixed,2,1,0,3,100.4291,5.8509,social,social,social,0,1
U03669,price_sensitive,hybrid,1,0,0,1,0.0,14.0883,email,email,email,0,0
U03670,new_cold_customer,fixed,5,0,0,5,50.4403,3.7129,social,ad,email,0,0
U03671,high_intent,hybrid,6,5,2,14,14.8371,1.9096,offer,email,social,1,0
U03672,high_intent,hybrid,6,4,1,11,21.2994,1.3874,social,social,social,0,1
U03673,loyal_customer,trigger,2,0,0,2,310.7297,1.2321,social,social,social,0,0
U03674,high_intent,trigger,4,2,1,8,24.868,3.4988,social,social,social,1,0
U03675,low_engagement,trigger,3,2,0,5,34.8228,5.5657,social,social,social,0,1
U03676,price_sensitive,trigger,3,1,0,4,54.1498,7.411,email,email,email,0,1
U03677,new_cold_customer,fixed,5,1,0,6,29.5859,4.3357,social,social,ad,0,1
U03678,low_engagement,fixed,1,0,0,1,0.0,4.9383,social,social,social,0,0
U03679,low_engagement,trigger,2,0,0,2,57.6679,10.2461,ad,ad,social,0,0
U03680,loyal_customer,fixed,4,3,1,8,23.6612,7.644,social,social,email,0,1
U03681,price_sensitive,hybrid,2,1,1,4,98.1194,1.8609,social,social,email,0,1
U03682,low_engagement,hybrid,2,0,0,2,57.0741,8.368,social,social,social,0,0
U03683,loyal_customer,hybrid,3,2,1,6,34.7829,6.6507,social,social,social,0,1
U03684,low_engagement,hybrid,4,0,0,4,93.3654,1.6389,social,email,social,0,0
U03685,low_engagement,trigger,2,0,0,2,99.4527,2.2884,social,social,email,0,0
U03686,new_cold_customer,fixed,2,1,0,3,3.8753,10.5778,social,social,social,0,1
U03687,low_engagement,hybrid,3,0,0,3,87.2805,2.7479,social,email,social,0,0
U03688,low_engagement,hybrid,4,0,0,4,43.8468,4.8148,social,social,social,0,0
U03689,low_engagement,trigger,1,0,0,1,0.0,10.0824,offer,offer,offer,0,0
U03690,new_cold_customer,fixed,2,1,0,3,148.0665,1.8059,social,social,social,0,1
U03691,new_cold_customer,trigger,2,0,0,2,75.4011,3.3658,social,social,social,0,0
U03692,low_engagement,fixed,4,2,0,6,27.4558,6.2437,social,social,offer,0,1
U03693,loyal_customer,hybrid,4,2,2,8,44.8067,1.3939,social,social,social,0,1
U03694,high_intent,fixed,3,0,0,3,79.8778,6.9191,email,email,email,0,0
U03695,new_cold_customer,trigger,3,2,2,7,51.4599,2.1085,social,social,social,0,1
U03696,price_sensitive,fixed,2,0,0,2,257.4706,2.6076,offer,offer,social,0,0
U03697,loyal_customer,hybrid,4,2,1,7,41.2304,3.7097,email,social,ad,0,1
U03698,new_cold_customer,trigger,2,0,0,2,29.7444,5.2586,offer,offer,ad,0,0
U03699,high_intent,trigger,4,3,1,9,34.8066,1.8005,social,social,social,1,0
U03700,new_cold_customer,trigger,2,1,1,4,27.6704,4.2144,social,social,social,0,1
U03701,low_engagement,fixed,2,0,0,2,12.1905,7.8421,social,social,social,0,0
U03702,price_sensitive,fixed,1,1,0,2,0.0,4.2893,social,social,social,0,1
U03703,loyal_customer,trigger,3,2,1,6,29.7559,3.7324,social,social,social,0,1
U03704,price_sensitive,fixed,1,0,0,1,0.0,4.3693,ad,ad,ad,0,0
U03705,new_cold_customer,fixed,2,2,0,4,33.2838,8.9757,social,social,social,0,1
U03706,new_cold_customer,hybrid,3,2,0,5,5.3929,13.5722,social,social,social,0,1
U03707,low_engagement,fixed,1,1,0,2,0.0,1.9743,social,social,social,0,1
U03708,loyal_customer,trigger,6,2,1,9,30.6453,3.8629,email,email,email,0,1
U03709,low_engagement,fixed,2,0,0,2,158.8535,7.112,social,social,social,0,0
U03710,new_cold_customer,hybrid,4,2,2,8,30.1357,4.9331,social,social,social,0,1
U03711,low_engagement,trigger,2,0,0,2,22.1008,3.1,email,email,social,0,0
U03712,high_intent,hybrid,8,5,2,17,13.0118,5.994,social,social,social,1,0
U03713,price_sensitive,hybrid,1,1,0,2,0.0,13.9211,offer,offer,offer,0,1
U03714,loyal_customer,hybrid,5,2,0,7,24.1985,6.4611,social,social,email,0,1
U03715,high_intent,hybrid,3,1,0,4,71.5205,1.9818,email,email,email,0,1
U03716,high_intent,hybrid,7,5,2,16,13.8493,2.2566,social,social,email,1,0
U03717,new_cold_customer,fixed,4,1,0,5,34.9129,8.8592,social,social,social,0,1
U03718,new_cold_customer,hybrid,4,2,0,6,44.7003,4.4922,social,social,social,0,1
U03719,new_cold_customer,trigger,3,0,0,3,60.8592,4.9527,ad,ad,ad,0,0
U03720,high_intent,hybrid,3,3,3,11,13.409,8.4013,social,email,social,1,0
U03721,low_engagement,hybrid,1,0,0,1,0.0,5.5007,social,social,social,0,0
U03722,new_cold_customer,trigger,2,0,0,2,153.4193,4.0117,ad,ad,social,0,0
U03723,loyal_customer,fixed,2,0,0,2,179.338,7.1081,social,social,social,0,0
U03724,high_intent,trigger,8,5,2,16,14.6182,2.7512,social,ad,social,1,0
U03725,price_sensitive,fixed,1,1,0,2,0.0,14.0564,social,social,social,0,1
U03726,new_cold_customer,hybrid,2,0,0,2,132.253,7.3394,social,social,ad,0,0
U03727,low_engagement,fixed,4,1,0,5,69.8768,3.2825,social,email,social,0,1
U03728,low_engagement,hybrid,4,2,0,6,25.0302,8.0639,social,social,social,0,1
U03729,new_cold_customer,trigger,4,2,1,7,45.6622,3.1753,social,social,social,0,1
U03730,low_engagement,trigger,1,0,0,1,0.0,13.0358,social,social,social,0,0
U03731,loyal_customer,fixed,3,3,1,7,42.4841,3.407,social,ad,social,0,1
U03732,loyal_customer,trigger,4,1,0,5,30.0902,7.9423,social,social,email,0,1
U03733,loyal_customer,trigger,3,2,0,5,54.5639,4.7882,email,email,email,0,1
U03734,price_sensitive,trigger,3,0,0,3,64.5668,6.8343,social,email,social,0,0
U03735,loyal_customer,fixed,2,1,0,3,31.7005,5.4787,social,email,social,0,1
U03736,low_engagement,fixed,2,1,0,3,38.4322,3.8401,social,social,social,0,1
U03737,low_engagement,trigger,4,1,1,6,52.1749,3.4693,social,social,social,0,1
U03738,new_cold_customer,hybrid,2,0,0,2,116.4137,8.3587,social,social,social,0,0
U03739,new_cold_customer,hybrid,5,2,0,7,48.0346,1.3422,social,social,social,0,1
U03740,price_sensitive,trigger,1,1,0,2,0.0,3.6492,ad,ad,ad,0,1
U03741,loyal_customer,trigger,6,3,2,12,25.2463,3.3899,email,social,email,1,0
U03742,low_engagement,trigger,4,0,0,4,70.0705,3.9155,social,social,social,0,0
U03743,loyal_customer,fixed,4,2,2,8,32.9806,2.4193,social,social,social,0,1
U03744,low_engagement,hybrid,4,2,1,7,14.9789,8.4467,social,social,social,0,1
U03745,loyal_customer,hybrid,6,2,0,8,23.2316,7.2456,social,social,social,0,1
U03746,low_engagement,hybrid,1,0,0,1,0.0,7.9842,email,email,email,0,0
U03747,new_cold_customer,hybrid,2,0,0,2,292.7618,2.7413,offer,offer,social,0,0
U03748,low_engagement,fixed,1,0,0,1,0.0,3.2874,social,social,social,0,0
U03749,high_intent,hybrid,5,4,3,14,22.8988,1.5369,social,social,email,1,0
U03750,low_engagement,trigger,2,1,0,3,26.3705,12.6691,social,social,social,0,1
U03751,low_engagement,trigger,1,0,0,1,0.0,1.1895,email,email,email,0,0
U03752,new_cold_customer,hybrid,3,2,1,6,48.7013,2.5375,social,social,social,0,1
U03753,loyal_customer,trigger,4,1,1,6,36.2626,5.7141,email,social,email,0,1
U03754,new_cold_customer,hybrid,3,1,0,4,86.8724,3.9875,social,social,social,0,1
U03755,price_sensitive,hybrid,2,1,0,3,11.4587,8.2842,email,ad,email,0,1
U03756,new_cold_customer,hybrid,4,0,0,4,60.1874,3.2969,social,social,social,0,0
U03757,loyal_customer,fixed,3,2,1,6,25.0993,8.1066,social,social,social,0,1
U03758,loyal_customer,fixed,4,2,0,6,58.72,1.9656,email,email,social,0,1
U03759,new_cold_customer,fixed,3,0,0,3,44.5656,7.6376,social,social,social,0,0
U03760,low_engagement,trigger,4,1,0,5,13.811,10.3704,social,email,social,0,1
U03761,new_cold_customer,hybrid,2,1,1,4,52.2552,3.3291,social,social,social,0,1
U03762,new_cold_customer,trigger,5,1,0,6,44.0392,1.8139,social,social,social,0,1
U03763,new_cold_customer,hybrid,5,0,0,5,40.9802,2.0593,social,social,social,0,0
U03764,loyal_customer,trigger,5,2,1,9,37.5789,1.9473,email,social,email,1,0
U03765,new_cold_customer,fixed,2,0,0,2,97.4115,5.7074,social,social,social,0,0
U03766,loyal_customer,hybrid,2,1,1,4,3.6671,5.8319,social,offer,social,0,1
U03767,loyal_customer,trigger,4,0,0,4,98.0812,1.0306,social,social,social,0,0
U03768,new_cold_customer,hybrid,4,4,1,9,13.0288,7.765,social,email,social,0,1
U03769,new_cold_customer,fixed,3,1,0,4,42.4591,4.7425,social,social,social,0,1
U03770,loyal_customer,fixed,4,1,1,6,14.0276,1.6125,email,email,email,0,1
U03771,low_engagement,fixed,2,1,0,3,123.0842,3.9671,email,social,email,0,1
U03772,price_sensitive,fixed,2,0,0,2,155.3549,5.9986,offer,offer,social,0,0
U03773,loyal_customer,trigger,5,0,0,5,68.3254,1.1177,social,social,email,0,0
U03774,loyal_customer,hybrid,3,0,0,3,87.8283,3.3203,social,social,social,0,0
U03775,high_intent,trigger,4,2,1,7,30.32,4.2341,email,social,ad,0,1
U03776,loyal_customer,trigger,6,4,0,10,27.8868,3.3562,social,offer,social,0,1
U03777,new_cold_customer,fixed,5,2,0,7,50.541,2.1867,social,social,ad,0,1
U03778,low_engagement,hybrid,1,1,0,2,0.0,10.7821,social,social,social,0,1
U03779,low_engagement,trigger,1,0,0,1,0.0,7.379,social,social,social,0,0
U03780,high_intent,trigger,8,3,2,14,24.4457,1.0891,social,social,email,1,0
U03781,new_cold_customer,fixed,4,2,0,6,38.8261,3.7583,social,social,social,0,1
U03782,low_engagement,trigger,4,1,0,5,47.1795,3.2512,social,social,social,0,1
U03783,new_cold_customer,hybrid,4,1,0,5,33.7622,2.1107,social,social,social,0,1
U03784,low_engagement,trigger,2,0,0,2,40.4595,3.3269,social,social,social,0,0
U03785,loyal_customer,fixed,5,2,0,7,26.6028,8.0028,social,social,social,0,1
U03786,new_cold_customer,hybrid,2,2,0,4,48.9563,5.0625,email,email,social,0,1
U03787,low_engagement,trigger,4,0,0,4,75.3384,4.5738,social,social,social,0,0
U03788,new_cold_customer,trigger,5,2,0,7,25.1422,4.0196,social,social,email,0,1
U03789,low_engagement,hybrid,2,1,0,3,43.0718,10.6196,social,social,social,0,1
U03790,price_sensitive,hybrid,3,0,0,3,108.728,5.42,email,social,email,0,0
U03791,low_engagement,trigger,3,0,0,3,41.891,8.8513,social,social,social,0,0
U03792,loyal_customer,fixed,3,1,0,4,46.8253,2.5239,email,ad,email,0,1
U03793,loyal_customer,fixed,5,2,1,8,39.7018,1.9813,social,social,social,0,1
U03794,new_cold_customer,trigger,4,2,1,7,20.4204,1.6263,social,social,social,0,1
U03795,price_sensitive,hybrid,2,0,0,2,109.8363,9.1194,ad,ad,offer,0,0
U03796,loyal_customer,fixed,4,4,0,8,40.9802,2.1621,social,social,social,0,1
U03797,new_cold_customer,fixed,2,1,0,3,15.2048,8.8245,social,social,social,0,1
U03798,low_engagement,trigger,4,0,0,4,68.5794,1.8621,social,social,social,0,0
U03799,low_engagement,hybrid,2,0,0,2,72.4967,2.1552,social,social,social,0,0
U03800,price_sensitive,trigger,1,0,0,1,0.0,6.7882,ad,ad,ad,0,0
U03801,high_intent,trigger,3,2,1,6,44.2033,1.2717,social,social,social,0,1
U03802,price_sensitive,hybrid,1,0,0,1,0.0,2.0373,ad,ad,ad,0,0
U03803,new_cold_customer,fixed,5,1,1,7,50.8296,2.0912,social,social,social,0,1
U03804,new_cold_customer,hybrid,4,1,1,6,18.7955,5.3406,social,social,email,0,1
U03805,new_cold_customer,trigger,3,2,1,6,37.9052,1.2478,social,social,social,0,1
U03806,low_engagement,fixed,3,0,0,3,63.566,8.0184,social,ad,social,0,0
U03807,new_cold_customer,fixed,5,1,0,6,58.2456,1.7693,social,social,social,0,1
U03808,loyal_customer,trigger,4,2,2,8,38.0003,2.7869,email,ad,email,0,1
U03809,new_cold_customer,fixed,5,1,1,7,37.0424,2.6298,social,social,social,0,1
U03810,new_cold_customer,trigger,5,2,0,7,45.6039,2.0588,social,social,ad,0,1
U03811,low_engagement,fixed,3,0,0,3,120.2607,1.8389,email,email,social,0,0
U03812,high_intent,fixed,7,4,3,14,20.6499,3.0818,social,email,email,0,1
U03813,low_engagement,trigger,4,1,0,5,45.4513,5.2556,social,email,social,0,1
U03814,loyal_customer,fixed,3,1,0,4,7.3209,1.8507,social,social,social,0,1
U03815,price_sensitive,trigger,2,0,0,2,98.8352,8.9104,social,social,social,0,0
U03816,low_engagement,fixed,1,0,0,1,0.0,2.1573,social,social,social,0,0
U03817,low_engagement,hybrid,3,0,0,3,47.2947,1.8701,social,social,ad,0,0
U03818,low_engagement,fixed,4,1,0,5,52.7329,1.3129,social,social,ad,0,1
U03819,new_cold_customer,hybrid,5,2,0,7,37.1079,2.8352,social,ad,social,0,1
U03820,loyal_customer,hybrid,4,3,0,7,21.9679,3.0637,social,email,social,0,1
U03821,high_intent,fixed,4,2,2,8,31.977,1.2773,social,email,social,0,1
U03822,high_intent,fixed,8,4,2,15,14.2055,2.5983,email,social,email,1,0
U03823,low_engagement,trigger,2,0,0,2,6.427,2.3098,social,social,social,0,0
U03824,new_cold_customer,fixed,5,1,0,6,55.5398,1.6764,social,social,ad,0,1
U03825,loyal_customer,hybrid,5,3,0,8,25.2505,5.2832,social,social,social,0,1
U03826,low_engagement,hybrid,2,1,0,3,107.3154,5.6051,social,social,social,0,1
U03827,loyal_customer,hybrid,5,4,1,11,26.1101,3.808,social,email,offer,1,0
U03828,price_sensitive,hybrid,1,0,0,1,0.0,5.6581,email,email,email,0,0
U03829,loyal_customer,hybrid,5,4,0,9,20.082,3.694,social,email,social,0,1
U03830,price_sensitive,fixed,1,1,0,2,0.0,2.2247,email,email,email,0,1
U03831,new_cold_customer,fixed,5,2,1,9,30.8555,2.9142,social,social,ad,1,0
U03832,low_engagement,fixed,2,1,0,3,50.0452,8.2683,social,social,social,0,1
U03833,low_engagement,fixed,4,2,0,6,42.352,1.4284,social,ad,email,0,1
U03834,price_sensitive,hybrid,3,0,0,3,109.167,1.5815,email,email,social,0,0
U03835,new_cold_customer,trigger,2,1,0,3,3.093,11.6002,email,email,email,0,1
U03836,high_intent,hybrid,8,6,4,21,7.9814,3.2277,social,social,email,1,0
U03837,loyal_customer,trigger,4,2,2,9,32.561,1.1575,social,email,social,1,0
U03838,new_cold_customer,trigger,4,3,0,7,21.377,1.2116,social,social,social,0,1
U03839,loyal_customer,fixed,6,4,3,14,15.3411,6.3929,email,social,email,1,0
U03840,new_cold_customer,hybrid,5,1,0,6,54.2901,1.995,social,social,social,0,1
U03841,low_engagement,hybrid,3,3,1,7,29.8175,5.2784,social,social,social,0,1
U03842,loyal_customer,hybrid,5,1,0,6,52.7153,1.0878,social,social,email,0,1
U03843,low_engagement,hybrid,4,2,0,6,19.3796,4.6368,social,social,ad,0,1
U03844,high_intent,fixed,4,3,1,8,19.8646,7.5419,social,social,social,0,1
U03845,low_engagement,hybrid,2,0,0,2,51.0657,9.5192,social,social,email,0,0
U03846,high_intent,fixed,3,2,1,7,21.3577,5.3805,social,social,social,1,0
U03847,new_cold_customer,trigger,4,2,1,7,34.8881,1.3188,social,social,social,0,1
U03848,loyal_customer,trigger,6,3,1,10,28.8145,1.3082,social,social,social,0,1
U03849,low_engagement,fixed,2,0,0,2,39.4535,6.5488,social,social,social,0,0
U03850,low_engagement,hybrid,3,1,0,4,56.2109,5.9141,social,social,email,0,1
U03851,price_sensitive,trigger,3,1,1,5,56.9353,3.7094,social,social,social,0,1
U03852,low_engagement,hybrid,2,0,0,2,140.9306,9.0799,social,social,social,0,0
U03853,new_cold_customer,fixed,5,2,1,9,20.6225,4.9464,social,social,social,1,0
U03854,low_engagement,hybrid,2,0,0,2,186.8357,2.3011,social,social,social,0,0
U03855,loyal_customer,trigger,4,1,0,5,69.4185,1.1246,email,email,social,0,1
U03856,price_sensitive,hybrid,1,0,0,1,0.0,9.972,email,email,email,0,0
U03857,loyal_customer,trigger,2,2,2,7,5.4715,4.2618,social,email,social,1,0
U03858,new_cold_customer,hybrid,5,3,1,9,34.2413,2.8309,social,social,social,0,1
U03859,new_cold_customer,hybrid,4,2,1,7,40.8531,2.2588,social,social,social,0,1
U03860,loyal_customer,hybrid,3,3,1,7,22.6188,6.6117,social,social,social,0,1
U03861,low_engagement,hybrid,2,2,0,4,16.2809,12.27,social,social,social,0,1
U03862,low_engagement,fixed,3,1,0,4,76.5785,4.5501,social,ad,social,0,1
U03863,high_intent,trigger,3,3,3,9,26.618,3.919,email,email,email,0,1
U03864,low_engagement,fixed,2,1,1,5,4.8274,13.2263,social,social,social,1,0
U03865,high_intent,hybrid,6,5,3,15,22.3903,1.3518,social,email,social,1,0
U03866,loyal_customer,hybrid,5,2,1,8,29.4761,5.3197,social,social,social,0,1
U03867,new_cold_customer,hybrid,2,1,0,3,4.1021,4.5493,social,social,social,0,1
U03868,price_sensitive,trigger,2,0,0,2,306.1165,1.4176,email,email,email,0,0
U03869,low_engagement,fixed,2,1,0,3,58.1948,8.2852,email,social,email,0,1
U03870,new_cold_customer,fixed,4,3,1,8,19.2386,9.3448,social,social,social,0,1
U03871,new_cold_customer,trigger,3,1,0,4,87.4165,1.7156,social,social,ad,0,1
U03872,new_cold_customer,hybrid,5,0,0,5,60.5795,2.0071,social,social,ad,0,0
U03873,price_sensitive,hybrid,1,0,0,1,0.0,10.7217,offer,offer,offer,0,0
U03874,loyal_customer,fixed,2,2,1,6,35.9626,2.5406,ad,ad,email,1,0
U03875,low_engagement,fixed,1,0,0,1,0.0,11.9165,social,social,social,0,0
U03876,loyal_customer,trigger,2,1,1,4,16.8594,12.3734,offer,offer,social,0,1
U03877,high_intent,hybrid,5,2,0,7,33.6312,3.4815,social,social,social,0,1
U03878,new_cold_customer,hybrid,2,1,0,3,53.089,6.7782,email,email,social,0,1
U03879,price_sensitive,fixed,3,1,1,5,13.8037,9.5511,social,email,social,0,1
U03880,price_sensitive,hybrid,3,0,0,3,45.7943,10.0202,email,email,social,0,0
U03881,low_engagement,fixed,4,2,0,6,12.1289,9.5131,social,social,social,0,1
U03882,new_cold_customer,hybrid,5,2,0,7,37.9064,4.8675,social,social,social,0,1
U03883,loyal_customer,fixed,6,4,1,11,30.044,1.1168,email,social,email,0,1
U03884,price_sensitive,hybrid,3,1,0,4,59.8685,6.1775,social,offer,email,0,1
U03885,high_intent,fixed,5,4,2,12,21.7196,4.4724,social,email,social,1,0
U03886,low_engagement,fixed,4,1,0,5,70.7012,1.1021,social,ad,email,0,1
U03887,new_cold_customer,hybrid,2,2,0,4,1.4694,12.2039,social,social,social,0,1
U03888,loyal_customer,trigger,3,2,1,6,27.7034,4.7048,social,social,ad,0,1
U03889,new_cold_customer,fixed,5,4,2,12,21.2532,4.8757,social,social,social,1,0
U03890,low_engagement,fixed,2,0,0,2,55.1076,4.3589,social,social,ad,0,0
U03891,loyal_customer,hybrid,5,2,0,7,30.8371,6.7469,social,social,email,0,1
U03892,high_intent,fixed,8,4,1,13,22.4014,3.3048,social,email,social,0,1
U03893,low_engagement,trigger,4,2,1,7,21.2592,2.499,social,social,ad,0,1
U03894,new_cold_customer,trigger,5,3,0,8,39.2873,2.1776,social,social,social,0,1
U03895,loyal_customer,fixed,6,3,2,13,20.4846,3.3262,social,ad,email,1,0
U03896,loyal_customer,hybrid,2,1,1,4,53.3432,7.3398,social,social,email,0,1
U03897,low_engagement,trigger,4,1,1,6,56.1974,1.3792,social,social,social,0,1
U03898,new_cold_customer,fixed,3,0,0,3,112.8359,1.5089,social,social,social,0,0
U03899,new_cold_customer,trigger,2,1,0,3,27.6801,1.7698,social,social,ad,0,1
U03900,low_engagement,fixed,1,0,0,1,0.0,13.7377,social,social,social,0,0
U03901,low_engagement,hybrid,2,2,0,4,10.9637,9.3018,offer,offer,social,0,1
U03902,new_cold_customer,fixed,2,1,0,3,159.8997,1.3385,social,social,social,0,1
U03903,loyal_customer,trigger,3,1,1,6,39.1379,2.2309,email,email,social,1,0
U03904,loyal_customer,hybrid,2,2,1,5,25.9581,9.7459,social,social,social,0,1
U03905,loyal_customer,fixed,3,2,0,5,35.5276,8.8998,social,social,email,0,1
U03906,low_engagement,hybrid,1,0,0,1,0.0,1.8461,social,social,social,0,0
U03907,high_intent,hybrid,5,3,2,12,23.2759,3.4489,social,email,social,1,0
U03908,price_sensitive,trigger,3,0,0,3,103.5757,6.1182,social,ad,social,0,0
U03909,low_engagement,hybrid,2,0,0,2,80.0781,4.7632,ad,ad,social,0,0
U03910,low_engagement,trigger,1,0,0,1,0.0,1.3038,social,social,social,0,0
U03911,high_intent,fixed,8,7,3,20,17.3847,1.1099,social,email,email,1,0
U03912,loyal_customer,hybrid,5,1,0,6,50.6753,2.3871,social,social,social,0,1
U03913,loyal_customer,trigger,6,4,1,12,22.1199,2.8079,social,social,offer,1,0
U03914,loyal_customer,fixed,4,3,0,7,25.0634,3.4804,social,social,offer,0,1
U03915,price_sensitive,trigger,3,0,0,3,113.0223,1.3472,email,email,email,0,0
U03916,new_cold_customer,trigger,3,0,0,3,40.8445,6.0307,social,social,email,0,0
U03917,loyal_customer,hybrid,2,1,0,3,98.8924,5.0748,social,social,social,0,1
U03918,high_intent,hybrid,7,5,2,14,17.9227,1.5279,email,social,email,0,1
U03919,new_cold_customer,hybrid,4,2,1,7,47.8587,2.9153,social,social,social,0,1
U03920,new_cold_customer,fixed,2,1,0,3,55.141,10.0098,social,social,social,0,1
U03921,low_engagement,trigger,1,1,0,2,0.0,11.3992,email,email,email,0,1
U03922,loyal_customer,trigger,6,4,1,11,27.4669,1.4526,social,email,social,0,1
U03923,low_engagement,fixed,4,4,1,9,30.2342,3.4429,social,social,email,0,1
U03924,low_engagement,trigger,3,0,0,3,94.1125,3.4157,social,social,social,0,0
U03925,new_cold_customer,hybrid,2,1,0,3,58.2057,2.7329,social,social,social,0,1
U03926,low_engagement,trigger,2,1,0,3,92.2333,4.0196,social,social,social,0,1
U03927,new_cold_customer,fixed,5,2,1,8,34.3982,1.6191,social,email,ad,0,1
U03928,new_cold_customer,fixed,2,2,0,4,54.6095,6.247,email,email,social,0,1
U03929,loyal_customer,trigger,2,1,0,3,4.4514,1.4941,email,email,social,0,1
U03930,price_sensitive,hybrid,2,1,0,3,14.6372,2.2055,ad,social,ad,0,1
U03931,price_sensitive,fixed,2,0,0,2,112.3003,8.5192,email,email,social,0,0
U03932,high_intent,hybrid,5,5,2,14,10.6371,4.1653,social,social,email,1,0
U03933,low_engagement,trigger,4,1,0,5,13.8489,12.1243,social,social,social,0,1
U03934,high_intent,trigger,3,2,2,8,23.4257,1.0212,email,email,social,1,0
U03935,new_cold_customer,trigger,3,0,0,3,95.2534,1.493,social,social,social,0,0
U03936,price_sensitive,fixed,2,2,0,4,2.1113,13.9521,email,email,email,0,1
U03937,low_engagement,fixed,1,1,0,2,0.0,12.3608,social,social,social,0,1
U03938,new_cold_customer,hybrid,5,2,0,7,29.5624,1.629,social,social,social,0,1
U03939,new_cold_customer,fixed,4,1,0,5,59.6593,3.4149,social,social,social,0,1
U03940,high_intent,trigger,4,2,1,7,17.756,6.4112,social,social,email,0,1
U03941,loyal_customer,hybrid,4,3,0,7,31.1732,6.5867,social,social,social,0,1
U03942,low_engagement,fixed,4,1,0,5,55.9424,1.2256,social,social,social,0,1
U03943,low_engagement,trigger,1,0,0,1,0.0,1.1313,social,social,social,0,0
U03944,loyal_customer,trigger,4,3,2,10,18.8278,4.6092,social,email,social,1,0
U03945,price_sensitive,hybrid,1,0,0,1,0.0,6.8286,offer,offer,offer,0,0
U03946,new_cold_customer,hybrid,3,2,0,5,32.9154,5.2107,social,social,social,0,1
U03947,new_cold_customer,trigger,5,1,0,6,49.097,4.0032,social,social,social,0,1
U03948,price_sensitive,trigger,1,0,0,1,0.0,10.0246,social,social,social,0,0
U03949,new_cold_customer,fixed,4,0,0,4,63.3474,2.1663,social,ad,social,0,0
U03950,new_cold_customer,trigger,2,1,0,3,14.2957,4.3433,social,social,social,0,1
U03951,high_intent,hybrid,4,2,1,8,10.963,2.8565,email,email,email,1,0
U03952,loyal_customer,trigger,2,1,1,4,25.7196,7.0914,social,social,social,0,1
U03953,low_engagement,hybrid,4,1,1,7,36.4018,5.3114,social,email,social,1,0
U03954,low_engagement,hybrid,3,1,0,4,57.6723,6.778,social,social,social,0,1
U03955,new_cold_customer,hybrid,2,0,0,2,181.987,7.2568,social,social,social,0,0
U03956,loyal_customer,hybrid,2,1,0,3,45.3928,8.7825,email,email,ad,0,1
U03957,loyal_customer,hybrid,4,2,0,6,58.2049,2.5218,email,email,email,0,1
U03958,loyal_customer,hybrid,4,4,1,9,23.5146,3.455,email,ad,email,0,1
U03959,loyal_customer,trigger,6,4,1,12,24.6133,2.6553,social,ad,social,1,0
U03960,new_cold_customer,trigger,3,3,0,6,31.2075,3.8873,email,email,ad,0,1
U03961,new_cold_customer,fixed,2,1,0,3,44.0918,2.1007,email,social,email,0,1
U03962,low_engagement,hybrid,3,1,0,4,67.2874,2.2045,email,email,social,0,1
U03963,low_engagement,hybrid,3,2,0,5,45.9699,5.7347,social,social,social,0,1
U03964,low_engagement,fixed,1,0,0,1,0.0,8.1618,email,email,email,0,0
U03965,low_engagement,trigger,1,0,0,1,0.0,9.1563,email,email,email,0,0
U03966,low_engagement,fixed,3,2,0,5,19.4916,8.174,social,social,ad,0,1
U03967,loyal_customer,fixed,5,2,0,7,27.1023,7.1591,social,social,email,0,1
U03968,new_cold_customer,trigger,2,1,0,3,52.6914,9.5998,social,social,social,0,1
U03969,low_engagement,hybrid,3,1,0,4,96.3328,1.3319,ad,social,ad,0,1
U03970,loyal_customer,hybrid,5,2,0,7,38.9124,5.212,social,social,social,0,1
U03971,new_cold_customer,fixed,2,0,0,2,84.0536,10.6588,social,social,social,0,0
U03972,loyal_customer,hybrid,6,4,1,11,17.3645,5.6001,social,email,social,0,1
U03973,new_cold_customer,fixed,3,1,0,4,4.0387,13.6339,social,social,social,0,1
U03974,new_cold_customer,fixed,4,2,1,7,22.2561,1.3786,ad,email,social,0,1
U03975,high_intent,fixed,8,7,2,19,17.4203,1.8748,email,email,social,1,0
U03976,loyal_customer,hybrid,3,1,0,4,34.1594,9.8124,social,social,social,0,1
U03977,low_engagement,hybrid,1,1,0,2,0.0,1.293,email,email,email,0,1
U03978,low_engagement,fixed,1,1,0,2,0.0,14.0363,offer,offer,offer,0,1
U03979,low_engagement,fixed,1,1,1,3,0.0,14.6279,ad,ad,ad,0,1
U03980,loyal_customer,fixed,5,4,2,12,22.898,3.6928,social,social,offer,1,0
U03981,new_cold_customer,trigger,3,3,1,8,30.4166,4.6055,social,social,social,1,0
U03982,low_engagement,fixed,2,0,0,2,123.8164,9.8015,social,social,email,0,0
U03983,new_cold_customer,trigger,5,1,1,7,34.1783,5.5031,social,social,social,0,1
U03984,new_cold_customer,trigger,2,1,1,4,30.9162,11.0076,social,social,social,0,1
U03985,new_cold_customer,hybrid,3,0,0,3,111.7603,4.3905,social,ad,social,0,0
U03986,low_engagement,fixed,3,2,1,6,38.0172,2.8912,email,email,social,0,1
U03987,loyal_customer,fixed,2,1,0,3,2.2354,1.1055,email,social,email,0,1
U03988,loyal_customer,fixed,5,2,1,8,43.716,1.8889,social,ad,social,0,1
U03989,low_engagement,hybrid,2,0,0,2,149.0902,4.8888,social,social,social,0,0
U03990,loyal_customer,hybrid,6,3,1,11,28.856,2.0,social,social,social,1,0
U03991,price_sensitive,hybrid,2,1,0,3,132.0517,3.5458,ad,ad,email,0,1
U03992,loyal_customer,fixed,6,3,2,11,28.2376,3.1995,social,social,social,0,1
U03993,low_engagement,trigger,1,1,0,2,0.0,10.1886,social,social,social,0,1
U03994,low_engagement,trigger,3,2,1,6,43.973,1.9018,social,social,ad,0,1
U03995,low_engagement,fixed,3,0,0,3,63.0053,2.966,social,social,social,0,0
U03996,low_engagement,trigger,2,0,0,2,212.856,3.9855,email,email,social,0,0
U03997,high_intent,fixed,4,1,1,7,36.8242,2.2877,social,email,social,1,0
U03998,high_intent,fixed,6,5,4,17,16.692,3.6004,social,offer,social,1,0
U03999,new_cold_customer,fixed,3,2,1,6,31.094,8.2053,social,social,ad,0,1
U04000,low_engagement,hybrid,4,2,1,8,36.1073,3.512,social,email,social,1,0
U04001,price_sensitive,fixed,2,0,0,2,205.4012,2.1704,social,social,social,0,0
U04002,loyal_customer,hybrid,5,2,0,7,48.6755,1.6999,social,social,social,0,1
U04003,new_cold_customer,trigger,3,1,0,4,67.0646,3.3748,social,social,social,0,1
U04004,new_cold_customer,trigger,4,2,0,6,55.4634,2.0894,social,ad,social,0,1
U04005,loyal_customer,trigger,4,0,0,4,92.5452,1.8692,social,offer,email,0,0
U04006,loyal_customer,hybrid,3,2,0,5,29.0933,5.3744,email,email,social,0,1
U04007,price_sensitive,hybrid,2,1,0,3,6.1192,4.4586,social,social,email,0,1
U04008,new_cold_customer,trigger,5,3,1,9,27.4172,4.8242,social,social,social,0,1
U04009,loyal_customer,hybrid,5,4,0,9,20.5422,1.704,social,social,social,0,1
U04010,price_sensitive,trigger,3,1,0,4,96.0844,2.8452,social,ad,social,0,1
U04011,loyal_customer,trigger,3,0,0,3,139.0802,1.0964,email,social,email,0,0
U04012,new_cold_customer,hybrid,4,4,1,10,26.0566,1.609,social,social,social,1,0
U04013,loyal_customer,trigger,3,3,2,9,20.437,3.1036,social,offer,social,1,0
U04014,new_cold_customer,trigger,4,2,0,6,42.6607,1.7713,social,email,social,0,1
U04015,low_engagement,trigger,2,1,1,4,89.0075,1.3825,social,email,social,0,1
U04016,low_engagement,fixed,3,1,0,4,58.6899,6.3451,social,social,social,0,1
U04017,new_cold_customer,hybrid,3,3,1,7,23.915,5.2858,social,social,social,0,1
U04018,loyal_customer,trigger,6,2,2,10,29.7219,1.1078,email,email,social,0,1
U04019,high_intent,fixed,4,4,2,11,21.9152,5.4725,social,social,social,1,0
U04020,new_cold_customer,fixed,5,4,2,12,23.4094,4.2322,social,ad,social,1,0
U04021,new_cold_customer,trigger,2,1,0,3,73.6873,2.3481,social,social,social,0,1
U04022,new_cold_customer,hybrid,5,3,1,9,26.8011,4.6233,social,social,social,0,1
U04023,loyal_customer,fixed,2,1,1,4,63.8115,6.3675,email,email,email,0,1
U04024,new_cold_customer,hybrid,2,0,0,2,113.4791,4.8164,email,email,social,0,0
U04025,loyal_customer,fixed,6,5,1,12,29.6706,1.1384,social,ad,social,0,1
U04026,new_cold_customer,fixed,5,2,1,8,24.3829,1.7837,social,email,social,0,1
U04027,new_cold_customer,fixed,3,1,0,4,62.1652,3.0621,social,email,social,0,1
U04028,low_engagement,hybrid,1,0,0,1,0.0,8.6416,social,social,social,0,0
U04029,low_engagement,fixed,1,0,0,1,0.0,1.9889,email,email,email,0,0
U04030,high_intent,trigger,4,4,2,10,18.9221,7.4438,social,email,social,0,1
U04031,price_sensitive,fixed,2,1,0,3,8.7586,11.1832,offer,social,offer,0,1
U04032,loyal_customer,hybrid,3,1,0,4,64.2291,6.1073,social,ad,social,0,1
U04033,low_engagement,hybrid,3,1,0,4,58.8773,6.3257,social,ad,social,0,1
U04034,high_intent,fixed,3,3,2,8,28.9365,4.458,email,email,email,0,1
U04035,price_sensitive,fixed,1,1,0,2,0.0,13.3621,social,social,social,0,1
U04036,low_engagement,trigger,2,1,1,4,45.1988,9.1673,social,social,social,0,1
U04037,low_engagement,fixed,1,1,1,3,0.0,9.4227,social,social,social,0,1
U04038,low_engagement,fixed,4,1,1,6,43.1889,4.8406,social,social,social,0,1
U04039,new_cold_customer,trigger,4,3,0,7,37.9027,4.0227,social,social,social,0,1
U04040,new_cold_customer,trigger,4,0,0,4,55.6214,6.8415,social,email,social,0,0
U04041,new_cold_customer,fixed,5,2,0,7,45.4002,2.792,social,email,social,0,1
U04042,high_intent,hybrid,5,3,0,8,41.6052,1.0425,social,social,social,0,1
U04043,low_engagement,fixed,4,1,0,5,33.2762,3.4025,social,social,social,0,1
U04044,low_engagement,hybrid,3,0,0,3,26.3727,8.1249,social,social,social,0,0
U04045,loyal_customer,hybrid,5,3,1,9,27.8807,3.6986,social,social,social,0,1
U04046,loyal_customer,hybrid,3,1,0,4,30.2153,3.1955,social,social,social,0,1
U04047,new_cold_customer,trigger,3,3,2,9,6.3087,9.758,social,social,social,1,0
U04048,new_cold_customer,hybrid,2,0,0,2,41.5851,2.3131,social,social,social,0,0
U04049,new_cold_customer,fixed,5,4,0,9,36.7286,2.3715,social,social,social,0,1
U04050,low_engagement,trigger,4,0,0,4,56.4258,4.3696,email,email,email,0,0
U04051,new_cold_customer,fixed,2,0,0,2,146.0846,7.885,social,social,social,0,0
U04052,loyal_customer,hybrid,6,1,0,7,32.0488,6.2103,social,social,social,0,1
U04053,low_engagement,trigger,1,1,0,2,0.0,8.9771,social,social,social,0,1
U04054,low_engagement,hybrid,3,2,0,5,23.1519,7.0617,email,email,ad,0,1
U04055,high_intent,fixed,3,0,0,3,21.1129,5.6373,social,social,email,0,0
U04056,loyal_customer,fixed,2,2,1,5,33.2345,2.7287,email,email,social,0,1
U04057,high_intent,fixed,5,3,1,9,25.574,4.719,email,email,email,0,1
U04058,low_engagement,hybrid,4,2,0,6,22.1934,7.9714,social,social,social,0,1
U04059,low_engagement,hybrid,4,1,0,5,22.4072,6.6566,social,social,email,0,1
U04060,new_cold_customer,trigger,3,1,0,4,27.9367,4.6547,social,social,social,0,1
U04061,new_cold_customer,fixed,3,0,0,3,46.3868,5.5535,social,social,social,0,0
U04062,high_intent,hybrid,6,3,1,10,26.8548,3.9213,email,email,social,0,1
U04063,low_engagement,fixed,4,0,0,4,30.0025,5.5448,social,social,social,0,0
U04064,loyal_customer,trigger,6,4,1,11,23.3427,2.2216,social,social,email,0,1
U04065,new_cold_customer,hybrid,5,2,0,7,32.9166,1.3184,social,social,social,0,1
U04066,loyal_customer,trigger,4,2,0,6,38.1486,4.3077,social,social,email,0,1
U04067,new_cold_customer,hybrid,5,2,0,7,33.9169,4.3778,social,social,social,0,1
U04068,loyal_customer,fixed,2,1,1,5,65.6639,1.7071,social,social,social,1,0
U04069,low_engagement,trigger,3,1,1,5,65.2934,1.1869,social,social,social,0,1
U04070,new_cold_customer,trigger,4,2,1,7,37.7045,3.6713,social,social,social,0,1
U04071,new_cold_customer,hybrid,4,0,0,4,26.5657,3.3853,social,social,social,0,0
U04072,low_engagement,hybrid,1,0,0,1,0.0,11.429,ad,ad,ad,0,0
U04073,new_cold_customer,trigger,4,1,0,5,40.6561,4.9198,social,social,ad,0,1
U04074,new_cold_customer,hybrid,2,1,0,3,17.0782,6.5791,social,social,social,0,1
U04075,low_engagement,fixed,2,1,0,3,18.5285,6.2958,social,email,social,0,1
U04076,low_engagement,hybrid,1,0,0,1,0.0,12.0486,ad,ad,ad,0,0
U04077,low_engagement,trigger,2,0,0,2,73.8656,9.7322,social,social,ad,0,0
U04078,new_cold_customer,hybrid,3,1,1,5,49.9915,2.8794,social,social,social,0,1
U04079,low_engagement,fixed,3,1,0,4,32.5668,6.6269,social,social,social,0,1
U04080,low_engagement,hybrid,4,0,0,4,102.0479,1.8626,social,social,social,0,0
U04081,new_cold_customer,fixed,2,1,0,3,35.0883,9.0896,social,social,social,0,1
U04082,low_engagement,hybrid,1,0,0,1,0.0,10.0705,email,email,email,0,0
U04083,new_cold_customer,trigger,3,0,0,3,70.2913,8.5319,social,email,social,0,0
U04084,new_cold_customer,trigger,5,5,1,12,16.8885,5.8649,social,social,social,1,0
U04085,new_cold_customer,hybrid,4,1,0,5,60.2212,1.8534,ad,ad,ad,0,1
U04086,loyal_customer,trigger,2,1,1,4,21.0402,1.8429,social,social,social,0,1
U04087,price_sensitive,hybrid,2,0,0,2,207.1548,6.1935,social,social,email,0,0
U04088,low_engagement,trigger,2,1,0,3,10.5782,10.3166,social,offer,social,0,1
U04089,loyal_customer,trigger,4,4,1,10,21.5002,6.6302,social,social,email,1,0
U04090,low_engagement,trigger,3,1,0,4,16.4894,9.9093,ad,email,social,0,1
U04091,new_cold_customer,hybrid,5,3,1,9,38.455,1.4844,social,social,social,0,1
U04092,new_cold_customer,trigger,3,0,0,3,48.3763,6.8213,social,social,social,0,0
U04093,low_engagement,trigger,3,1,0,4,26.4062,3.1328,social,social,social,0,1
U04094,low_engagement,hybrid,1,0,0,1,0.0,7.0616,social,social,social,0,0
U04095,new_cold_customer,trigger,4,1,1,7,54.2217,1.1154,social,social,social,1,0
U04096,new_cold_customer,fixed,3,1,0,4,103.8643,1.4414,social,social,social,0,1
U04097,loyal_customer,hybrid,5,0,0,5,61.7937,2.9847,social,social,social,0,0
U04098,new_cold_customer,hybrid,3,1,0,4,25.3294,2.7412,social,social,ad,0,1
U04099,new_cold_customer,hybrid,2,0,0,2,52.7322,9.2937,social,social,social,0,0
U04100,low_engagement,trigger,1,0,0,1,0.0,6.3824,email,email,email,0,0
U04101,new_cold_customer,fixed,4,2,1,7,46.563,2.5826,social,social,social,0,1
U04102,low_engagement,fixed,3,2,0,5,65.9934,3.2732,social,email,social,0,1
U04103,low_engagement,hybrid,4,2,2,8,13.8924,1.8899,social,social,social,0,1
U04104,high_intent,trigger,8,6,3,18,17.5259,2.1969,social,email,social,1,0
U04105,new_cold_customer,fixed,5,1,0,6,42.2186,1.2678,social,social,social,0,1
U04106,loyal_customer,hybrid,3,0,0,3,127.8609,2.9271,social,email,social,0,0
U04107,high_intent,fixed,8,5,2,15,17.2455,3.5089,social,social,social,0,1
U04108,new_cold_customer,fixed,3,1,0,4,43.6829,2.9175,social,social,social,0,1
U04109,new_cold_customer,fixed,4,1,1,6,37.141,1.8623,social,social,social,0,1
U04110,price_sensitive,hybrid,2,0,0,2,169.5499,5.102,social,social,social,0,0
U04111,low_engagement,fixed,3,1,0,4,46.7965,8.0816,social,email,social,0,1
U04112,new_cold_customer,trigger,4,0,0,4,84.3192,2.8578,social,social,social,0,0
U04113,new_cold_customer,trigger,5,3,0,8,39.4721,3.0816,social,offer,social,0,1
U04114,low_engagement,trigger,4,1,1,7,35.8189,5.3132,social,social,ad,1,0
U04115,loyal_customer,hybrid,3,1,1,5,67.6069,2.6592,social,social,social,0,1
U04116,new_cold_customer,trigger,4,1,0,5,64.9472,1.1914,social,social,social,0,1
U04117,new_cold_customer,fixed,2,0,0,2,146.3648,6.5786,social,social,social,0,0
U04118,low_engagement,hybrid,3,0,0,3,68.4725,2.141,social,ad,social,0,0
U04119,new_cold_customer,hybrid,3,0,0,3,99.7238,2.5277,social,social,email,0,0
U04120,price_sensitive,trigger,2,0,0,2,69.5936,4.3092,social,social,email,0,0
U04121,loyal_customer,hybrid,4,0,0,4,61.3692,3.2691,social,social,social,0,0
U04122,low_engagement,fixed,2,0,0,2,118.8852,8.1756,social,social,offer,0,0
U04123,new_cold_customer,hybrid,4,1,0,5,40.2531,4.5885,social,social,social,0,1
U04124,low_engagement,fixed,2,0,0,2,55.2341,12.6234,email,email,social,0,0
U04125,new_cold_customer,trigger,5,3,1,9,18.9943,5.0654,social,email,email,0,1
U04126,new_cold_customer,trigger,3,1,1,6,45.0096,1.8395,social,social,social,1,0
U04127,new_cold_customer,fixed,5,2,1,9,39.972,1.0093,social,social,social,1,0
U04128,new_cold_customer,hybrid,2,0,0,2,52.8675,1.1256,social,social,social,0,0
U04129,low_engagement,trigger,2,2,1,6,31.8083,7.9813,social,email,social,1,0
U04130,new_cold_customer,fixed,4,3,0,7,42.8355,3.1224,social,social,email,0,1
U04131,low_engagement,trigger,2,0,0,2,9.1281,13.1376,social,social,social,0,0
U04132,new_cold_customer,hybrid,3,0,0,3,106.2902,4.8108,social,social,social,0,0
U04133,high_intent,fixed,7,4,2,13,22.5716,2.8013,social,email,social,0,1
U04134,loyal_customer,trigger,2,1,0,3,100.4127,5.8259,email,email,email,0,1
U04135,low_engagement,trigger,3,0,0,3,68.7846,5.9569,social,social,email,0,0
U04136,loyal_customer,hybrid,4,2,1,7,29.7297,7.0293,social,social,email,0,1
U04137,low_engagement,hybrid,2,2,0,4,59.4146,5.9202,social,social,ad,0,1
U04138,new_cold_customer,hybrid,5,1,0,6,53.6439,3.1972,social,social,social,0,1
U04139,price_sensitive,trigger,2,1,0,3,39.1089,1.2877,ad,ad,social,0,1
U04140,loyal_customer,fixed,2,2,1,5,2.3005,13.5148,email,email,email,0,1
U04141,new_cold_customer,hybrid,2,0,0,2,7.1996,11.0455,social,social,ad,0,0
U04142,low_engagement,hybrid,1,0,0,1,0.0,14.5811,email,email,email,0,0
U04143,loyal_customer,trigger,5,4,2,11,17.367,3.3037,social,social,social,0,1
U04144,loyal_customer,fixed,4,2,1,7,43.4778,1.0233,social,social,social,0,1
U04145,new_cold_customer,hybrid,2,1,0,3,139.9593,1.4188,social,social,social,0,1
U04146,low_engagement,fixed,4,1,0,5,39.8582,6.5662,social,social,email,0,1
U04147,loyal_customer,fixed,6,2,0,8,38.7757,1.1661,email,email,social,0,1
U04148,low_engagement,hybrid,1,0,0,1,0.0,4.9382,ad,ad,ad,0,0
U04149,low_engagement,hybrid,3,3,0,6,6.763,4.4554,social,social,ad,0,1
U04150,loyal_customer,fixed,4,2,1,7,39.376,1.2828,social,social,social,0,1
U04151,high_intent,trigger,6,5,2,13,18.3972,4.0461,social,social,social,0,1
U04152,price_sensitive,hybrid,2,1,0,3,52.0283,8.5719,social,email,social,0,1
U04153,low_engagement,trigger,2,0,0,2,93.5273,1.2598,email,email,social,0,0
U04154,low_engagement,trigger,3,0,0,3,117.0276,1.5657,email,email,email,0,0
U04155,high_intent,fixed,6,5,1,12,9.5928,4.4304,social,social,social,0,1
U04156,high_intent,hybrid,8,7,3,18,13.5155,4.7773,social,offer,social,0,1
U04157,low_engagement,trigger,3,1,0,4,88.6633,1.9005,social,social,social,0,1
U04158,high_intent,trigger,3,2,1,6,12.7531,8.7031,email,email,email,0,1
U04159,low_engagement,hybrid,4,1,0,5,25.6978,6.2598,email,offer,social,0,1
U04160,low_engagement,trigger,4,1,0,5,12.569,5.4896,social,social,social,0,1
U04161,loyal_customer,trigger,5,0,0,5,66.3817,1.7118,social,social,social,0,0
U04162,high_intent,hybrid,8,4,1,13,24.3573,1.4627,email,social,email,0,1
U04163,loyal_customer,trigger,4,2,1,8,42.0494,2.0945,ad,social,social,1,0
U04164,low_engagement,trigger,3,1,1,5,5.2443,10.3654,social,social,social,0,1
U04165,new_cold_customer,hybrid,5,3,1,9,31.3914,1.9548,social,social,social,0,1
U04166,low_engagement,hybrid,4,2,0,6,34.4056,6.5437,social,email,social,0,1
U04167,new_cold_customer,fixed,2,1,0,3,52.9086,4.5331,email,social,email,0,1
U04168,high_intent,trigger,7,6,3,16,20.3906,1.2039,email,email,email,0,1
U04169,new_cold_customer,hybrid,4,2,1,7,39.4817,5.0381,social,social,social,0,1
U04170,loyal_customer,hybrid,3,2,0,5,67.4328,1.5102,social,social,social,0,1
U04171,low_engagement,hybrid,1,0,0,1,0.0,6.4517,social,social,social,0,0
U04172,loyal_customer,trigger,2,1,1,4,65.2553,3.3498,social,social,social,0,1
U04173,loyal_customer,trigger,3,0,0,3,131.9621,1.8801,social,social,social,0,0
U04174,new_cold_customer,trigger,2,1,1,4,3.6742,9.0415,social,social,social,0,1
U04175,loyal_customer,trigger,3,2,1,7,29.7037,7.2887,email,email,social,1,0
U04176,loyal_customer,fixed,4,2,0,6,22.9957,8.962,social,email,social,0,1
U04177,low_engagement,hybrid,3,1,0,4,74.1524,2.4942,email,email,email,0,1
U04178,new_cold_customer,trigger,4,2,0,6,35.1699,2.2683,social,social,social,0,1
U04179,high_intent,fixed,5,3,2,11,26.5941,1.9737,social,social,email,1,0
U04180,new_cold_customer,fixed,5,0,0,5,52.7144,1.2591,social,social,social,0,0
U04181,new_cold_customer,trigger,2,1,0,3,133.2928,2.7258,social,social,social,0,1
U04182,price_sensitive,trigger,2,0,0,2,152.0252,2.0191,email,email,email,0,0
U04183,loyal_customer,fixed,5,2,0,7,45.7747,2.7208,social,social,social,0,1
U04184,high_intent,fixed,3,3,1,7,46.3405,2.1183,social,social,social,0,1
U04185,high_intent,fixed,4,3,1,8,22.3219,4.7678,social,email,social,0,1
U04186,price_sensitive,hybrid,3,0,0,3,91.559,4.1882,social,social,email,0,0
U04187,new_cold_customer,hybrid,2,0,0,2,71.9534,1.2742,ad,ad,social,0,0
U04188,loyal_customer,trigger,5,4,1,10,22.1591,6.2758,social,social,ad,0,1
U04189,high_intent,hybrid,4,2,2,10,17.0435,1.0614,social,social,social,1,0
U04190,loyal_customer,trigger,6,5,1,12,23.9346,3.6958,social,social,social,0,1
U04191,low_engagement,trigger,1,0,0,1,0.0,8.6322,email,email,email,0,0
U04192,loyal_customer,hybrid,3,1,0,4,23.6576,9.8417,social,social,ad,0,1
U04193,high_intent,hybrid,4,1,0,5,78.0552,1.4542,social,social,ad,0,1
U04194,new_cold_customer,hybrid,5,1,0,6,48.4581,2.3834,social,social,social,0,1
U04195,high_intent,hybrid,6,3,1,10,15.7398,4.0033,social,social,email,0,1
U04196,loyal_customer,fixed,4,2,0,6,48.7017,3.4897,social,social,social,0,1
U04197,price_sensitive,fixed,1,1,0,2,0.0,10.396,social,social,social,0,1
U04198,low_engagement,fixed,1,0,0,1,0.0,10.6979,email,email,email,0,0
U04199,low_engagement,trigger,2,0,0,2,134.5891,7.0691,ad,ad,social,0,0
U04200,high_intent,trigger,5,3,1,9,31.9575,3.2405,email,email,social,0,1
U04201,new_cold_customer,fixed,2,2,0,4,93.7721,2.3557,social,social,social,0,1
U04202,new_cold_customer,hybrid,3,1,0,4,6.747,12.4502,social,social,social,0,1
U04203,low_engagement,fixed,3,2,2,7,13.3589,8.6413,social,social,social,0,1
U04204,low_engagement,fixed,2,0,0,2,178.4249,4.3157,ad,ad,social,0,0
U04205,low_engagement,hybrid,2,2,0,4,4.5774,5.0281,email,email,ad,0,1
U04206,high_intent,fixed,6,5,4,16,14.918,4.0994,social,social,email,1,0
U04207,high_intent,trigger,3,3,2,8,1.0988,9.3983,social,social,social,0,1
U04208,new_cold_customer,fixed,4,2,0,6,27.6093,6.7058,social,social,social,0,1
U04209,price_sensitive,hybrid,3,1,0,4,90.7164,1.1576,email,email,email,0,1
U04210,new_cold_customer,fixed,2,1,1,4,8.504,9.1259,social,ad,social,0,1
U04211,high_intent,fixed,7,4,1,12,27.1853,2.2543,social,social,email,0,1
U04212,new_cold_customer,hybrid,3,1,1,5,45.6166,6.3374,social,social,social,0,1
U04213,loyal_customer,fixed,4,3,1,8,39.243,1.1282,social,social,social,0,1
U04214,low_engagement,trigger,3,1,0,4,74.7009,3.1783,social,social,social,0,1
U04215,new_cold_customer,fixed,4,3,0,7,23.6908,8.4867,social,social,social,0,1
U04216,high_intent,trigger,5,3,2,10,18.7425,1.9906,social,email,social,0,1
U04217,low_engagement,fixed,4,2,1,7,24.1194,7.427,social,social,social,0,1
U04218,new_cold_customer,trigger,4,1,0,5,30.7313,3.2202,social,social,social,0,1
U04219,new_cold_customer,trigger,3,1,0,4,46.29,6.4736,social,social,social,0,1
U04220,new_cold_customer,hybrid,2,1,0,3,7.3535,7.719,social,social,social,0,1
U04221,low_engagement,hybrid,2,1,0,3,3.1665,14.4793,social,social,email,0,1
U04222,new_cold_customer,hybrid,3,3,2,8,6.5487,8.7137,social,social,ad,0,1
U04223,low_engagement,trigger,3,2,0,5,14.4365,7.2055,social,social,social,0,1
U04224,new_cold_customer,trigger,3,2,1,6,48.7268,3.7682,social,social,social,0,1
U04225,new_cold_customer,trigger,4,1,0,5,43.1177,6.3192,social,social,social,0,1
U04226,new_cold_customer,fixed,3,0,0,3,99.2044,5.0622,ad,ad,ad,0,0
U04227,new_cold_customer,hybrid,5,3,0,8,15.8654,5.863,social,social,social,0,1
U04228,new_cold_customer,hybrid,5,3,1,9,41.6642,1.027,social,ad,social,0,1
U04229,new_cold_customer,hybrid,2,1,0,3,14.9814,3.3359,social,social,social,0,1
U04230,low_engagement,trigger,3,0,0,3,33.2575,6.2857,social,social,social,0,0
U04231,new_cold_customer,trigger,4,0,0,4,91.7418,1.7539,social,social,social,0,0
U04232,loyal_customer,trigger,5,2,0,7,49.5407,1.627,social,social,email,0,1
U04233,price_sensitive,trigger,3,0,0,3,129.8987,2.2205,email,email,social,0,0
U04234,loyal_customer,trigger,6,3,3,12,12.6552,3.6059,social,social,ad,0,1
U04235,price_sensitive,trigger,2,0,0,2,12.8581,2.078,email,email,email,0,0
U04236,new_cold_customer,fixed,5,2,0,7,34.6066,2.1993,social,social,social,0,1
U04237,new_cold_customer,fixed,5,1,1,7,37.7141,1.1657,social,social,social,0,1
U04238,high_intent,trigger,8,3,0,11,31.5597,1.6952,social,email,social,0,1
U04239,new_cold_customer,fixed,4,1,1,6,49.4953,3.3048,social,social,social,0,1
U04240,low_engagement,trigger,3,1,0,4,48.1733,5.2023,social,social,social,0,1
U04241,loyal_customer,fixed,5,0,0,5,19.4191,9.0473,social,social,social,0,0
U04242,low_engagement,trigger,2,0,0,2,107.7853,9.5827,social,social,ad,0,0
U04243,new_cold_customer,hybrid,5,2,1,8,21.6526,7.9553,social,social,social,0,1
U04244,loyal_customer,trigger,3,2,1,6,24.0059,3.5531,email,email,social,0,1
U04245,new_cold_customer,hybrid,3,2,0,5,71.2587,3.0722,social,social,social,0,1
U04246,high_intent,hybrid,4,1,1,7,38.2761,2.2805,social,ad,social,1,0
U04247,loyal_customer,trigger,5,2,0,7,27.3928,3.6029,email,social,ad,0,1
U04248,low_engagement,trigger,4,2,0,6,57.2314,2.8911,social,ad,email,0,1
U04249,new_cold_customer,trigger,3,1,0,4,25.7175,9.5513,social,email,social,0,1
U04250,new_cold_customer,hybrid,3,0,0,3,83.4481,2.3094,social,social,social,0,0
U04251,loyal_customer,trigger,5,2,1,9,31.5758,3.9486,email,email,social,1,0
U04252,new_cold_customer,fixed,2,1,1,4,26.3927,10.799,ad,social,ad,0,1
U04253,new_cold_customer,fixed,2,1,0,3,46.3815,2.155,social,social,social,0,1
U04254,price_sensitive,hybrid,2,0,0,2,144.3894,1.6339,social,social,email,0,0
U04255,loyal_customer,fixed,3,1,0,4,45.204,7.495,email,ad,email,0,1
U04256,new_cold_customer,fixed,4,3,1,8,29.6275,2.956,social,social,social,0,1
U04257,new_cold_customer,trigger,3,3,0,6,23.4347,6.7285,social,social,social,0,1
U04258,loyal_customer,fixed,3,1,0,4,24.4135,1.239,social,social,social,0,1
U04259,new_cold_customer,fixed,3,0,0,3,137.5182,1.6019,social,social,social,0,0
U04260,new_cold_customer,hybrid,5,0,0,5,37.2541,1.5159,social,social,social,0,0
U04261,low_engagement,fixed,4,1,1,6,33.3524,5.9343,social,social,social,0,1
U04262,loyal_customer,fixed,2,2,0,4,77.6055,5.1248,social,social,social,0,1
U04263,loyal_customer,hybrid,5,2,0,7,42.6378,3.6976,social,social,offer,0,1
U04264,loyal_customer,hybrid,6,3,1,10,16.0942,8.8672,social,email,social,0,1
U04265,new_cold_customer,trigger,4,0,0,4,84.2256,3.0289,social,social,ad,0,0
U04266,new_cold_customer,trigger,3,0,0,3,95.9367,2.1091,social,social,social,0,0
U04267,new_cold_customer,hybrid,5,3,0,8,20.639,7.5371,social,social,social,0,1
U04268,high_intent,fixed,5,5,2,12,26.2483,1.5774,social,social,social,0,1
U04269,new_cold_customer,hybrid,4,1,0,5,31.2297,7.5782,social,email,ad,0,1
U04270,new_cold_customer,hybrid,3,2,0,5,41.8369,6.8043,social,social,social,0,1
U04271,loyal_customer,fixed,3,2,2,7,40.1305,2.7198,social,social,email,0,1
U04272,loyal_customer,trigger,6,2,0,8,32.4615,4.8013,social,social,email,0,1
U04273,low_engagement,fixed,1,0,0,1,0.0,4.8904,social,social,social,0,0
U04274,low_engagement,fixed,4,2,1,7,32.3525,4.4531,social,social,social,0,1
U04275,loyal_customer,trigger,3,2,1,6,15.6658,3.5905,social,email,social,0,1
U04276,new_cold_customer,fixed,4,0,0,4,102.0848,1.9605,social,social,social,0,0
U04277,price_sensitive,fixed,2,1,1,4,33.6058,1.8982,social,social,social,0,1
U04278,price_sensitive,trigger,2,0,0,2,99.9955,7.5294,email,email,email,0,0
U04279,new_cold_customer,hybrid,4,0,0,4,74.7651,4.1055,social,social,social,0,0
U04280,new_cold_customer,trigger,2,1,0,3,68.1941,7.1719,social,social,email,0,1
U04281,new_cold_customer,trigger,4,2,1,7,49.2804,2.3456,social,social,offer,0,1
U04282,loyal_customer,hybrid,3,1,0,4,39.4316,5.809,social,social,email,0,1
U04283,low_engagement,fixed,1,0,0,1,0.0,14.6138,social,social,social,0,0
U04284,low_engagement,fixed,1,1,0,2,0.0,10.0161,ad,ad,ad,0,1
U04285,new_cold_customer,hybrid,2,0,0,2,186.5268,2.3879,social,social,social,0,0
U04286,low_engagement,fixed,1,0,0,1,0.0,6.034,social,social,social,0,0
U04287,new_cold_customer,fixed,4,1,0,5,52.7032,5.7282,social,email,social,0,1
U04288,low_engagement,hybrid,2,0,0,2,267.025,2.42,social,social,social,0,0
U04289,loyal_customer,hybrid,5,2,1,8,37.8757,2.4691,social,social,social,0,1
U04290,new_cold_customer,trigger,2,1,0,3,57.7404,4.1048,social,social,social,0,1
U04291,new_cold_customer,hybrid,5,1,0,6,59.8356,1.5993,social,social,social,0,1
U04292,low_engagement,trigger,4,0,0,4,50.1296,4.1086,social,social,social,0,0
U04293,low_engagement,hybrid,3,0,0,3,80.9445,2.3698,social,email,social,0,0
U04294,low_engagement,hybrid,1,1,0,2,0.0,4.8127,ad,ad,ad,0,1
U04295,new_cold_customer,hybrid,4,0,0,4,70.2914,4.2726,social,social,social,0,0
U04296,loyal_customer,hybrid,5,2,0,7,27.3486,7.9753,social,social,email,0,1
U04297,price_sensitive,fixed,1,0,0,1,0.0,7.1514,email,email,email,0,0
U04298,high_intent,trigger,3,3,3,9,18.8319,8.6645,social,social,offer,0,1
U04299,loyal_customer,fixed,5,0,0,5,46.7081,2.6412,email,ad,social,0,0
U04300,new_cold_customer,hybrid,4,2,0,6,50.6025,2.6286,social,social,email,0,1
U04301,new_cold_customer,fixed,4,1,0,5,51.2056,2.6097,social,social,social,0,1
U04302,price_sensitive,hybrid,2,0,0,2,213.9371,2.0988,social,social,offer,0,0
U04303,new_cold_customer,trigger,4,3,1,8,43.0562,2.0145,social,social,social,0,1
U04304,new_cold_customer,hybrid,3,0,0,3,133.9076,3.3646,social,email,social,0,0
U04305,low_engagement,fixed,3,0,0,3,122.9923,4.0378,email,email,social,0,0
U04306,new_cold_customer,fixed,3,1,0,4,22.1758,7.5683,social,social,social,0,1
U04307,loyal_customer,fixed,2,2,0,4,13.0849,8.0563,social,social,social,0,1
U04308,new_cold_customer,hybrid,3,2,0,5,26.6992,4.6595,social,email,social,0,1
U04309,loyal_customer,fixed,2,2,0,4,93.1326,1.399,social,social,social,0,1
U04310,high_intent,hybrid,8,6,6,24,9.9518,1.7187,social,social,social,1,0
U04311,loyal_customer,hybrid,5,3,1,9,34.7218,1.5156,email,email,social,0,1
U04312,loyal_customer,fixed,6,4,3,14,18.4478,3.2798,social,social,email,1,0
U04313,low_engagement,fixed,2,1,0,3,12.0943,11.1312,social,social,social,0,1
U04314,new_cold_customer,fixed,5,2,1,8,29.8927,3.5872,social,social,social,0,1
U04315,loyal_customer,hybrid,4,2,0,6,37.3008,2.6812,social,social,social,0,1
U04316,price_sensitive,fixed,1,0,0,1,0.0,8.6151,social,social,social,0,0
U04317,new_cold_customer,hybrid,4,3,1,8,23.2232,6.946,social,social,social,0,1
U04318,new_cold_customer,fixed,2,2,1,5,50.1184,6.4853,social,ad,social,0,1
U04319,low_engagement,trigger,4,2,0,6,54.11,2.8507,social,social,social,0,1
U04320,high_intent,trigger,5,3,2,10,18.5932,5.9597,email,email,email,0,1
U04321,new_cold_customer,fixed,5,1,0,6,49.1425,1.6361,social,social,social,0,1
U04322,new_cold_customer,trigger,2,1,0,3,16.7706,2.3297,social,social,social,0,1
U04323,high_intent,hybrid,6,3,2,12,28.8173,1.1988,social,social,social,1,0
U04324,new_cold_customer,fixed,5,4,2,11,16.6237,2.8498,social,social,social,0,1
U04325,low_engagement,fixed,3,0,0,3,36.3707,2.2123,email,email,email,0,0
U04326,low_engagement,trigger,3,1,0,4,74.4029,4.4558,social,social,social,0,1
U04327,loyal_customer,hybrid,5,3,2,11,26.3691,2.7623,social,social,social,1,0
U04328,low_engagement,trigger,2,0,0,2,80.6792,6.8568,social,social,social,0,0
U04329,price_sensitive,trigger,3,1,0,4,46.0132,1.835,ad,ad,ad,0,1
U04330,low_engagement,trigger,1,1,0,2,0.0,5.7735,social,social,social,0,1
U04331,high_intent,fixed,7,4,2,13,19.4689,1.2725,social,email,email,0,1
U04332,new_cold_customer,trigger,3,1,0,4,14.6635,1.9576,social,social,email,0,1
U04333,loyal_customer,hybrid,4,2,1,7,19.0198,9.2015,social,social,social,0,1
U04334,new_cold_customer,trigger,4,1,1,6,50.7623,2.2121,social,social,social,0,1
U04335,low_engagement,hybrid,1,1,0,2,0.0,12.0325,social,social,social,0,1
U04336,low_engagement,trigger,2,0,0,2,2.3589,6.7973,social,social,email,0,0
U04337,new_cold_customer,hybrid,2,0,0,2,157.87,2.9783,social,social,ad,0,0
U04338,low_engagement,trigger,3,0,0,3,43.4678,7.9679,social,social,offer,0,0
U04339,price_sensitive,trigger,2,1,0,3,27.9594,7.317,social,social,email,0,1
U04340,high_intent,fixed,3,3,2,9,11.5951,3.6673,email,email,email,1,0
U04341,new_cold_customer,trigger,5,1,0,6,59.6105,2.3764,social,social,social,0,1
U04342,low_engagement,trigger,1,0,0,1,0.0,2.5048,social,social,social,0,0
U04343,new_cold_customer,hybrid,3,1,1,5,46.5888,3.2499,email,email,social,0,1
U04344,new_cold_customer,trigger,4,3,2,9,31.9562,3.8669,ad,social,ad,0,1
U04345,new_cold_customer,fixed,4,1,0,5,68.5616,1.6327,social,social,social,0,1
U04346,low_engagement,hybrid,4,2,1,7,37.6092,1.044,social,social,social,0,1
U04347,high_intent,trigger,6,5,2,15,12.4124,4.1865,social,social,email,1,0
U04348,low_engagement,hybrid,1,0,0,1,0.0,10.4873,social,social,social,0,0
U04349,high_intent,trigger,3,2,1,6,44.9901,3.6364,social,social,email,0,1
U04350,high_intent,trigger,5,5,3,13,13.7366,4.2371,social,social,social,0,1
U04351,new_cold_customer,trigger,3,2,1,6,36.505,2.2559,social,ad,social,0,1
U04352,new_cold_customer,hybrid,4,0,0,4,63.3264,4.1516,social,social,social,0,0
U04353,high_intent,trigger,4,3,1,8,17.3559,7.2502,social,social,social,0,1
U04354,loyal_customer,trigger,5,3,0,8,24.1815,3.0198,social,social,email,0,1
U04355,new_cold_customer,hybrid,5,2,1,8,38.989,2.5764,social,social,ad,0,1
U04356,new_cold_customer,hybrid,5,2,1,8,35.3907,2.9321,social,social,social,0,1
U04357,new_cold_customer,trigger,3,1,0,4,33.1862,6.3022,social,social,social,0,1
U04358,new_cold_customer,trigger,2,1,0,3,55.054,10.0054,social,social,social,0,1
U04359,new_cold_customer,hybrid,2,0,0,2,42.9822,3.1212,social,social,social,0,0
U04360,loyal_customer,fixed,3,1,1,5,28.6274,2.3418,email,social,email,0,1
U04361,new_cold_customer,hybrid,2,1,1,4,13.0561,2.8022,email,email,social,0,1
U04362,loyal_customer,trigger,3,2,1,7,41.6831,1.793,social,social,social,1,0
U04363,loyal_customer,fixed,2,0,0,2,84.6052,3.2257,social,social,social,0,0
U04364,new_cold_customer,fixed,4,0,0,4,83.2887,1.278,social,ad,social,0,0
U04365,price_sensitive,fixed,1,1,1,3,0.0,12.6829,social,social,social,0,1
U04366,loyal_customer,trigger,2,0,0,2,63.3621,8.0526,offer,offer,social,0,0
U04367,high_intent,fixed,4,1,0,5,57.3926,4.8609,social,social,social,0,1
U04368,price_sensitive,hybrid,1,0,0,1,0.0,6.1141,ad,ad,ad,0,0
U04369,new_cold_customer,fixed,5,2,0,7,45.8934,2.3088,social,social,social,0,1
U04370,low_engagement,hybrid,2,0,0,2,146.7486,1.726,email,email,email,0,0
U04371,loyal_customer,trigger,4,2,0,6,32.1822,2.1953,social,ad,social,0,1
U04372,new_cold_customer,hybrid,2,1,0,3,17.2479,3.19,ad,ad,social,0,1
U04373,new_cold_customer,hybrid,4,1,0,5,16.9914,9.4134,social,social,social,0,1
U04374,new_cold_customer,fixed,3,0,0,3,56.4148,4.7697,social,social,social,0,0
U04375,price_sensitive,trigger,1,0,0,1,0.0,6.3433,social,social,social,0,0
U04376,loyal_customer,hybrid,5,1,0,6,52.576,1.5247,social,social,social,0,1
U04377,new_cold_customer,hybrid,3,1,0,4,47.003,1.3622,social,social,social,0,1
U04378,new_cold_customer,trigger,4,3,1,9,38.3763,1.5873,social,social,social,1,0
U04379,low_engagement,hybrid,3,3,1,7,12.8832,8.1011,social,social,social,0,1
U04380,loyal_customer,trigger,2,0,0,2,66.2985,4.8133,social,social,email,0,0
U04381,new_cold_customer,fixed,2,1,1,4,76.5663,3.4593,ad,social,ad,0,1
U04382,new_cold_customer,fixed,3,0,0,3,81.2268,7.0826,social,social,social,0,0
U04383,new_cold_customer,trigger,2,0,0,2,207.859,3.8291,social,social,social,0,0
U04384,loyal_customer,hybrid,2,0,0,2,183.5561,6.077,social,social,email,0,0
U04385,low_engagement,fixed,2,0,0,2,68.6455,12.1208,email,email,email,0,0
U04386,low_engagement,trigger,4,2,1,7,35.4495,1.251,email,social,email,0,1
U04387,price_sensitive,hybrid,2,0,0,2,71.0102,6.2636,social,social,social,0,0
U04388,new_cold_customer,hybrid,4,2,1,7,37.8585,2.9855,social,ad,social,0,1
U04389,new_cold_customer,fixed,5,1,0,6,21.7839,5.9988,social,social,social,0,1
U04390,loyal_customer,fixed,3,3,0,6,35.3044,5.4621,social,social,social,0,1
U04391,loyal_customer,hybrid,4,3,0,7,14.6684,2.9089,email,social,email,0,1
U04392,price_sensitive,fixed,2,0,0,2,36.9004,7.762,ad,ad,social,0,0
U04393,low_engagement,fixed,4,0,0,4,71.9694,1.545,social,social,social,0,0
U04394,new_cold_customer,fixed,4,2,1,7,43.6274,1.9302,social,social,ad,0,1
U04395,loyal_customer,hybrid,4,0,0,4,91.1327,3.2815,social,social,social,0,0
U04396,low_engagement,trigger,2,1,0,3,1.231,3.7701,social,social,social,0,1
U04397,low_engagement,trigger,3,0,0,3,78.0518,7.466,social,social,social,0,0
U04398,new_cold_customer,trigger,2,2,1,5,66.0403,3.5308,social,social,social,0,1
U04399,price_sensitive,fixed,1,0,0,1,0.0,8.4859,offer,offer,offer,0,0
U04400,high_intent,fixed,4,3,3,11,16.644,3.2314,social,offer,social,1,0
U04401,high_intent,fixed,3,3,2,9,15.4123,2.989,social,social,offer,1,0
U04402,low_engagement,trigger,3,2,0,5,61.3116,2.5239,social,social,email,0,1
U04403,price_sensitive,fixed,2,0,0,2,4.278,2.239,social,social,email,0,0
U04404,new_cold_customer,hybrid,4,1,0,5,67.0556,2.9807,social,social,social,0,1
U04405,price_sensitive,hybrid,1,0,0,1,0.0,4.5904,ad,ad,ad,0,0
U04406,new_cold_customer,fixed,4,1,1,6,24.7355,8.8894,social,social,social,0,1
U04407,low_engagement,trigger,4,1,0,5,41.4817,5.1233,social,email,social,0,1
U04408,new_cold_customer,fixed,4,2,1,7,35.9702,4.9238,social,social,social,0,1
U04409,loyal_customer,trigger,3,3,0,6,24.7042,5.9989,social,email,social,0,1
U04410,new_cold_customer,trigger,3,2,2,7,44.7777,2.1792,social,social,social,0,1
U04411,low_engagement,hybrid,2,1,0,3,22.6672,7.7437,social,social,social,0,1
U04412,new_cold_customer,fixed,3,1,0,4,94.5991,1.8628,social,social,social,0,1
U04413,new_cold_customer,hybrid,4,2,1,7,37.113,1.9212,social,social,social,0,1
U04414,new_cold_customer,fixed,5,3,1,9,28.2494,1.5211,social,social,social,0,1
U04415,loyal_customer,hybrid,6,1,1,8,33.6447,2.6256,ad,email,offer,0,1
U04416,high_intent,hybrid,8,6,2,17,15.8703,2.7388,social,social,social,1,0
U04417,low_engagement,trigger,1,1,1,3,0.0,7.0775,social,social,social,0,1
U04418,high_intent,hybrid,6,4,2,13,27.3929,1.0727,social,social,social,1,0
U04419,low_engagement,trigger,3,2,0,5,49.2874,5.8501,social,social,social,0,1
U04420,loyal_customer,trigger,3,3,0,6,10.322,12.6025,email,social,email,0,1
U04421,low_engagement,hybrid,1,0,0,1,0.0,12.883,social,social,social,0,0
U04422,low_engagement,trigger,4,1,0,5,72.8411,2.1082,social,social,social,0,1
U04423,loyal_customer,hybrid,4,1,0,5,80.9561,1.3928,ad,ad,social,0,1
U04424,new_cold_customer,trigger,5,2,1,8,39.7012,1.9731,social,social,social,0,1
U04425,loyal_customer,fixed,6,3,0,9,37.1352,1.6039,social,social,social,0,1
U04426,low_engagement,hybrid,2,0,0,2,33.7547,4.4678,social,social,email,0,0
U04427,loyal_customer,trigger,3,2,1,7,47.1627,2.5115,ad,ad,ad,1,0
U04428,new_cold_customer,trigger,2,1,0,3,124.6582,2.9867,email,email,social,0,1
U04429,low_engagement,trigger,2,0,0,2,204.837,3.0709,social,social,social,0,0
U04430,high_intent,trigger,3,1,0,4,22.0822,6.5597,social,social,email,0,1
U04431,low_engagement,hybrid,4,3,1,8,23.6278,7.6168,social,social,social,0,1
U04432,low_engagement,hybrid,3,1,0,4,82.37,2.7928,social,social,social,0,1
U04433,loyal_customer,fixed,6,5,1,12,20.4998,5.1799,social,email,social,0,1
U04434,high_intent,trigger,5,2,2,11,26.2122,2.8241,social,email,social,1,0
U04435,loyal_customer,trigger,5,0,0,5,72.4258,1.9791,social,social,social,0,0
U04436,high_intent,fixed,8,5,2,16,15.4593,3.8951,social,email,social,1,0
U04437,new_cold_customer,trigger,4,2,2,8,34.6899,2.1984,social,social,social,0,1
U04438,new_cold_customer,hybrid,4,2,1,7,30.2435,1.5096,social,social,social,0,1
U04439,new_cold_customer,trigger,3,0,0,3,52.7263,10.4503,social,ad,social,0,0
U04440,low_engagement,hybrid,2,1,1,4,42.8785,5.5481,social,social,social,0,1
U04441,price_sensitive,hybrid,3,1,0,4,84.2115,1.2252,social,social,ad,0,1
U04442,new_cold_customer,trigger,4,2,1,7,20.5272,9.5328,social,social,social,0,1
U04443,new_cold_customer,fixed,4,0,0,4,57.0015,5.2326,social,social,social,0,0
U04444,new_cold_customer,fixed,2,0,0,2,133.0219,3.3008,ad,ad,social,0,0
U04445,loyal_customer,fixed,6,2,1,10,19.4472,3.7064,email,social,email,1,0
U04446,new_cold_customer,hybrid,4,1,0,5,67.5764,1.8488,social,social,social,0,1
U04447,loyal_customer,hybrid,2,2,1,6,2.6181,1.9289,email,social,email,1,0
U04448,new_cold_customer,hybrid,3,1,0,4,11.779,10.9385,ad,social,ad,0,1
U04449,loyal_customer,fixed,4,2,1,8,11.6596,6.9001,social,social,email,1,0
U04450,price_sensitive,fixed,3,1,0,4,29.081,8.0322,social,email,ad,0,1
U04451,new_cold_customer,trigger,4,3,0,7,30.5425,6.3495,social,social,social,0,1
U04452,high_intent,hybrid,3,2,2,7,49.1151,1.6763,social,social,social,0,1
U04453,new_cold_customer,fixed,4,1,0,5,59.8568,2.8194,social,social,social,0,1
U04454,high_intent,trigger,6,4,2,13,8.9706,5.2275,social,social,social,1,0
U04455,high_intent,trigger,8,5,2,16,21.0809,1.6516,social,email,social,1,0
U04456,low_engagement,trigger,4,4,0,8,26.7836,4.2164,social,email,social,0,1
U04457,new_cold_customer,trigger,5,3,1,9,23.5246,6.9765,social,social,social,0,1
U04458,loyal_customer,hybrid,2,1,0,3,35.3985,5.3653,offer,offer,social,0,1
U04459,low_engagement,trigger,2,1,1,4,20.4219,6.4292,social,social,social,0,1
U04460,loyal_customer,trigger,3,0,0,3,76.2949,5.6895,social,social,social,0,0
U04461,new_cold_customer,hybrid,5,3,0,8,40.2638,1.6873,social,social,social,0,1
U04462,price_sensitive,hybrid,2,0,0,2,153.972,5.0217,social,social,email,0,0
U04463,low_engagement,fixed,2,0,0,2,79.0021,5.8403,social,social,email,0,0
U04464,new_cold_customer,hybrid,4,1,0,5,71.5025,2.1123,social,social,social,0,1
U04465,low_engagement,hybrid,4,2,1,8,12.3272,8.0891,email,email,email,1,0
U04466,new_cold_customer,hybrid,5,1,0,6,60.6869,1.2827,social,social,social,0,1
U04467,low_engagement,fixed,3,1,1,5,49.0539,5.5273,social,social,social,0,1
U04468,loyal_customer,fixed,5,1,0,6,42.4487,2.4802,social,email,social,0,1
U04469,price_sensitive,fixed,2,0,0,2,23.7374,13.3274,ad,ad,social,0,0
U04470,loyal_customer,fixed,4,2,0,6,31.9297,8.1668,social,social,email,0,1
U04471,loyal_customer,fixed,3,1,0,4,81.9618,4.0126,social,social,social,0,1
U04472,price_sensitive,fixed,2,0,0,2,88.9699,1.1968,email,email,social,0,0
U04473,loyal_customer,fixed,5,0,0,5,77.2987,1.341,social,social,email,0,0
U04474,price_sensitive,hybrid,3,1,0,4,19.2235,6.2513,offer,offer,social,0,1
U04475,new_cold_customer,hybrid,3,2,1,6,34.3613,3.402,social,social,email,0,1
U04476,low_engagement,fixed,1,1,0,2,0.0,10.3529,social,social,social,0,1
U04477,low_engagement,hybrid,1,0,0,1,0.0,3.8605,email,email,email,0,0
U04478,high_intent,trigger,8,4,4,18,15.0075,2.9963,social,social,ad,1,0
U04479,loyal_customer,fixed,4,3,1,8,25.6863,2.0071,social,social,social,0,1
U04480,price_sensitive,fixed,1,0,0,1,0.0,12.2798,social,social,social,0,0
U04481,new_cold_customer,trigger,2,0,0,2,20.371,3.6163,social,social,ad,0,0
U04482,new_cold_customer,trigger,3,2,0,5,40.5367,7.9645,social,social,ad,0,1
U04483,loyal_customer,fixed,6,3,1,10,26.3466,2.2897,social,social,email,0,1
U04484,new_cold_customer,hybrid,2,0,0,2,106.4651,2.5138,social,social,email,0,0
U04485,low_engagement,fixed,4,2,0,6,41.9467,3.4339,social,social,ad,0,1
U04486,loyal_customer,hybrid,3,1,1,6,16.9934,4.7749,social,email,social,1,0
U04487,high_intent,hybrid,7,5,1,13,17.0091,2.8001,social,email,social,0,1
U04488,new_cold_customer,hybrid,2,1,0,3,67.4798,8.1752,social,social,social,0,1
U04489,new_cold_customer,trigger,3,2,0,5,38.6289,5.8707,social,social,offer,0,1
U04490,loyal_customer,fixed,2,1,0,3,53.9545,10.3343,social,social,social,0,1
U04491,new_cold_customer,trigger,3,1,1,5,65.399,1.6721,social,social,social,0,1
U04492,high_intent,fixed,3,2,0,5,43.2618,1.2921,social,email,social,0,1
U04493,high_intent,hybrid,8,5,3,18,16.4125,3.111,social,social,offer,1,0
U04494,high_intent,hybrid,8,5,2,15,19.7704,3.3593,social,social,social,0,1
U04495,low_engagement,fixed,1,1,1,3,0.0,9.1694,social,social,social,0,1
U04496,low_engagement,fixed,3,0,0,3,58.1204,1.4684,social,social,email,0,0
U04497,new_cold_customer,fixed,5,1,0,6,57.1226,1.0311,social,social,ad,0,1
U04498,high_intent,hybrid,4,4,1,10,27.3297,2.2361,social,email,email,1,0
U04499,loyal_customer,trigger,3,1,0,4,79.9005,4.8788,social,social,social,0,1
U04500,low_engagement,trigger,3,2,1,6,49.5919,3.7815,social,social,offer,0,1
U04501,new_cold_customer,trigger,5,3,1,9,22.0759,7.5884,social,social,social,0,1
U04502,price_sensitive,trigger,1,0,0,1,0.0,2.1093,social,social,social,0,0
U04503,low_engagement,trigger,4,1,0,5,38.1692,5.0131,social,social,social,0,1
U04504,high_intent,fixed,8,5,3,18,18.1818,1.4383,social,social,social,1,0
U04505,price_sensitive,fixed,2,0,0,2,126.652,5.4654,social,social,social,0,0
U04506,new_cold_customer,fixed,2,1,0,3,49.2012,4.1167,email,social,email,0,1
U04507,loyal_customer,hybrid,5,1,0,6,49.732,2.1144,social,email,social,0,1
U04508,low_engagement,hybrid,2,0,0,2,152.3453,3.6724,social,social,ad,0,0
U04509,high_intent,fixed,8,4,3,18,15.954,1.1769,social,offer,email,1,0
U04510,low_engagement,fixed,3,1,1,5,26.7637,9.1212,social,ad,ad,0,1
U04511,new_cold_customer,fixed,3,2,0,5,34.7846,6.9895,social,social,ad,0,1
U04512,high_intent,fixed,5,5,2,14,24.9461,1.2513,social,social,social,1,0
U04513,new_cold_customer,hybrid,2,1,0,3,61.465,4.9087,social,social,social,0,1
U04514,low_engagement,hybrid,2,0,0,2,55.0794,5.0549,social,social,social,0,0
U04515,loyal_customer,fixed,5,1,1,7,19.9987,6.1766,social,social,social,0,1
U04516,low_engagement,trigger,2,0,0,2,188.3048,4.2824,social,social,ad,0,0
U04517,low_engagement,trigger,4,2,0,6,51.2445,1.2384,social,social,email,0,1
U04518,new_cold_customer,hybrid,5,1,1,7,21.4648,7.9421,social,social,social,0,1
U04519,new_cold_customer,hybrid,2,1,0,3,105.2607,4.1921,social,social,social,0,1
U04520,new_cold_customer,trigger,4,1,1,6,19.6444,1.8775,social,social,social,0,1
U04521,new_cold_customer,fixed,4,1,1,6,22.3278,9.1265,social,ad,social,0,1
U04522,high_intent,trigger,6,3,2,12,26.8462,1.7694,social,social,offer,1,0
U04523,low_engagement,hybrid,2,0,0,2,156.7409,4.8757,social,social,social,0,0
U04524,new_cold_customer,fixed,4,1,0,5,3.9533,10.5067,social,social,ad,0,1
U04525,low_engagement,hybrid,4,3,0,7,44.3282,1.3739,social,email,social,0,1
U04526,loyal_customer,trigger,6,3,1,10,28.4554,3.4347,social,social,social,0,1
U04527,new_cold_customer,hybrid,2,2,0,4,28.0857,6.4944,ad,ad,social,0,1
U04528,new_cold_customer,fixed,5,2,1,8,29.054,5.3862,social,social,social,0,1
U04529,loyal_customer,hybrid,3,1,0,4,61.6203,4.9256,social,email,social,0,1
U04530,price_sensitive,fixed,1,0,0,1,0.0,8.7863,email,email,email,0,0
U04531,new_cold_customer,hybrid,2,0,0,2,14.5777,11.961,social,social,ad,0,0
U04532,new_cold_customer,trigger,3,0,0,3,40.7817,8.1291,social,email,social,0,0
U04533,new_cold_customer,fixed,4,2,0,6,16.2505,5.1132,social,social,social,0,1
U04534,new_cold_customer,trigger,5,3,0,8,43.3893,1.7844,social,social,social,0,1
U04535,loyal_customer,hybrid,5,3,2,10,27.4377,4.2065,email,email,social,0,1
U04536,new_cold_customer,hybrid,5,3,1,9,31.6419,4.1269,social,social,email,0,1
U04537,loyal_customer,fixed,2,1,0,3,60.4738,7.8945,social,social,social,0,1
U04538,loyal_customer,trigger,3,0,0,3,126.305,3.6648,email,email,social,0,0
U04539,new_cold_customer,hybrid,3,1,0,4,72.0047,1.2686,social,social,social,0,1
U04540,new_cold_customer,trigger,4,2,0,6,43.6558,3.4442,social,ad,social,0,1
U04541,high_intent,fixed,3,3,0,6,37.2027,1.7193,social,social,social,0,1
U04542,low_engagement,trigger,3,1,0,4,33.7015,1.5206,social,social,email,0,1
U04543,new_cold_customer,fixed,2,1,1,4,36.8772,2.3353,social,social,social,0,1
U04544,loyal_customer,fixed,5,2,1,8,36.0855,2.8909,social,email,ad,0,1
U04545,new_cold_customer,hybrid,4,2,0,6,25.5728,3.8844,social,social,social,0,1
U04546,low_engagement,trigger,4,2,0,6,57.9475,2.3681,social,social,ad,0,1
U04547,high_intent,fixed,7,6,4,20,11.0931,6.1181,social,social,social,1,0
U04548,low_engagement,trigger,1,1,0,2,0.0,6.4824,social,social,social,0,1
U04549,high_intent,hybrid,3,3,2,9,1.7044,11.3638,social,social,email,1,0
U04550,new_cold_customer,fixed,5,3,1,9,31.6706,1.82,social,social,social,0,1
U04551,loyal_customer,hybrid,5,2,0,7,32.0305,3.0225,social,email,social,0,1
U04552,high_intent,fixed,7,4,2,14,20.9156,3.3166,social,social,social,1,0
U04553,new_cold_customer,fixed,5,2,1,9,19.3455,1.328,social,social,social,1,0
U04554,new_cold_customer,hybrid,4,1,0,5,58.7615,3.0694,social,offer,social,0,1
U04555,low_engagement,fixed,1,0,0,1,0.0,5.9274,social,social,social,0,0
U04556,loyal_customer,hybrid,4,0,0,4,97.0566,2.6687,social,email,social,0,0
U04557,new_cold_customer,trigger,3,1,0,4,9.3312,1.3946,social,social,social,0,1
U04558,high_intent,hybrid,6,5,2,14,23.357,1.3828,social,social,email,1,0
U04559,low_engagement,trigger,2,1,0,3,71.5101,7.4652,email,social,email,0,1
U04560,loyal_customer,hybrid,5,2,0,7,47.3827,2.365,social,social,social,0,1
U04561,high_intent,hybrid,5,4,2,13,20.9562,3.4554,social,social,social,1,0
U04562,loyal_customer,fixed,6,4,1,11,14.8915,1.1327,social,email,social,0,1
U04563,low_engagement,fixed,1,1,0,2,0.0,4.978,ad,ad,ad,0,1
U04564,new_cold_customer,hybrid,3,0,0,3,132.2582,3.3101,social,social,social,0,0
U04565,high_intent,trigger,6,3,1,11,23.2323,2.2118,social,social,social,1,0
U04566,new_cold_customer,fixed,3,1,1,5,52.8182,2.4729,social,social,social,0,1
U04567,high_intent,hybrid,4,4,4,13,14.7094,2.9237,email,email,offer,1,0
U04568,new_cold_customer,fixed,4,1,0,5,45.2295,1.5507,social,social,social,0,1
U04569,new_cold_customer,hybrid,3,0,0,3,52.2504,6.7191,social,social,social,0,0
U04570,new_cold_customer,trigger,2,0,0,2,51.562,2.5547,social,social,social,0,0
U04571,new_cold_customer,trigger,2,1,0,3,49.4864,3.6673,social,social,social,0,1
U04572,new_cold_customer,hybrid,3,2,0,5,1.7423,1.224,social,ad,social,0,1
U04573,new_cold_customer,fixed,2,1,1,4,45.8682,6.4285,social,social,social,0,1
U04574,price_sensitive,trigger,1,0,0,1,0.0,3.6791,ad,ad,ad,0,0
U04575,new_cold_customer,hybrid,4,0,0,4,101.2054,1.2831,social,social,social,0,0
U04576,price_sensitive,hybrid,1,0,0,1,0.0,8.9702,email,email,email,0,0
U04577,loyal_customer,hybrid,3,2,1,6,24.9266,1.8318,social,social,email,0,1
U04578,new_cold_customer,hybrid,4,2,1,7,31.6977,6.8666,social,social,social,0,1
U04579,new_cold_customer,fixed,3,1,1,5,45.9719,2.0863,social,social,ad,0,1
U04580,high_intent,trigger,5,3,2,11,26.6873,1.7872,social,social,email,1,0
U04581,price_sensitive,fixed,1,0,0,1,0.0,7.4465,email,email,email,0,0
U04582,price_sensitive,hybrid,3,0,0,3,31.4731,7.3459,email,offer,email,0,0
U04583,high_intent,hybrid,6,6,1,14,22.5105,1.9643,social,social,offer,1,0
U04584,low_engagement,hybrid,4,2,0,6,28.3284,1.6342,email,email,email,0,1
U04585,low_engagement,fixed,3,2,1,6,44.8798,4.7271,social,social,social,0,1
U04586,price_sensitive,fixed,2,0,0,2,225.0726,1.8312,social,social,social,0,0
U04587,new_cold_customer,hybrid,3,1,0,4,81.7408,4.2479,social,social,social,0,1
U04588,new_cold_customer,hybrid,3,1,1,5,38.7669,2.6103,social,social,social,0,1
U04589,loyal_customer,fixed,6,1,0,7,33.2834,2.5802,social,social,email,0,1
U04590,high_intent,trigger,6,3,2,12,17.629,1.9717,social,social,social,1,0
U04591,low_engagement,fixed,3,0,0,3,101.6582,1.2737,social,social,social,0,0
U04592,high_intent,hybrid,8,5,3,16,20.7286,1.3404,social,social,social,0,1
U04593,new_cold_customer,fixed,3,3,1,7,30.9941,1.5825,social,social,social,0,1
U04594,high_intent,hybrid,4,3,1,9,33.6826,3.155,social,social,social,1,0
U04595,low_engagement,fixed,4,2,1,7,37.5699,4.415,social,social,social,0,1
U04596,new_cold_customer,hybrid,5,1,1,7,33.6738,5.0661,social,ad,social,0,1
U04597,new_cold_customer,trigger,3,0,0,3,77.9917,6.9857,social,social,social,0,0
U04598,high_intent,hybrid,5,4,2,13,19.4258,2.1961,social,social,social,1,0
U04599,loyal_customer,fixed,2,0,0,2,28.0842,10.321,social,social,email,0,0
U04600,new_cold_customer,trigger,2,1,0,3,125.4083,3.3487,social,social,social,0,1
U04601,low_engagement,fixed,3,2,0,5,25.699,9.4357,social,social,social,0,1
U04602,high_intent,trigger,3,2,1,6,16.355,6.9389,social,email,social,0,1
U04603,low_engagement,fixed,1,0,0,1,0.0,5.5617,social,social,social,0,0
U04604,high_intent,fixed,7,4,4,16,13.0482,2.9842,social,email,social,1,0
U04605,new_cold_customer,hybrid,3,1,0,4,69.5262,2.6627,ad,ad,social,0,1
U04606,low_engagement,trigger,4,1,0,5,55.1496,2.2049,social,email,social,0,1
U04607,new_cold_customer,fixed,2,2,0,4,76.879,5.3449,social,social,social,0,1
U04608,low_engagement,hybrid,1,1,0,2,0.0,11.1262,social,social,social,0,1
U04609,price_sensitive,fixed,2,1,0,3,21.9305,10.9037,social,social,social,0,1
U04610,low_engagement,trigger,1,0,0,1,0.0,4.3177,ad,ad,ad,0,0
U04611,low_engagement,trigger,3,0,0,3,45.343,11.1574,social,social,email,0,0
U04612,loyal_customer,fixed,2,0,0,2,1.1756,2.7088,social,social,social,0,0
U04613,low_engagement,fixed,3,0,0,3,124.4386,3.1235,email,social,email,0,0
U04614,low_engagement,fixed,3,1,1,5,33.6316,6.3551,social,social,social,0,1
U04615,low_engagement,hybrid,4,0,0,4,59.1683,7.0497,social,email,social,0,0
U04616,new_cold_customer,hybrid,3,2,1,6,27.0835,7.4642,social,social,social,0,1
U04617,new_cold_customer,hybrid,3,0,0,3,21.4154,3.194,ad,social,ad,0,0
U04618,loyal_customer,fixed,2,1,1,4,16.1932,2.809,email,social,email,0,1
U04619,price_sensitive,hybrid,1,0,0,1,0.0,14.4768,social,social,social,0,0
U04620,new_cold_customer,trigger,2,1,0,3,36.6611,2.1296,social,social,email,0,1
U04621,low_engagement,fixed,2,1,0,3,23.7122,3.3884,social,social,social,0,1
U04622,loyal_customer,trigger,3,1,1,5,3.3071,12.2945,social,social,email,0,1
U04623,new_cold_customer,hybrid,2,1,0,3,39.729,2.0212,ad,social,ad,0,1
U04624,new_cold_customer,fixed,3,1,1,5,5.6859,2.939,ad,ad,social,0,1
U04625,new_cold_customer,trigger,2,0,0,2,142.5517,2.4803,social,social,social,0,0
U04626,low_engagement,trigger,2,0,0,2,151.8946,3.7138,email,email,social,0,0
U04627,new_cold_customer,fixed,3,2,0,5,42.5869,6.2155,email,email,social,0,1
U04628,price_sensitive,trigger,1,0,0,1,0.0,3.7788,social,social,social,0,0
U04629,low_engagement,trigger,1,0,0,1,0.0,12.0942,ad,ad,ad,0,0
U04630,new_cold_customer,hybrid,2,1,0,3,35.1837,3.4655,social,social,social,0,1
U04631,new_cold_customer,trigger,5,2,0,7,27.8914,7.5746,social,social,social,0,1
U04632,loyal_customer,trigger,2,1,0,3,159.6412,1.0469,email,email,social,0,1
U04633,low_engagement,fixed,4,1,0,5,38.5651,6.1886,social,social,social,0,1
U04634,low_engagement,hybrid,2,1,0,3,27.6927,11.3525,social,social,social,0,1
U04635,low_engagement,trigger,2,0,0,2,28.5163,2.4143,email,email,email,0,0
U04636,new_cold_customer,trigger,5,2,2,9,24.4643,4.0626,social,social,social,0,1
U04637,price_sensitive,fixed,2,0,0,2,127.728,4.902,social,social,social,0,0
U04638,price_sensitive,fixed,2,0,0,2,174.5235,1.5125,email,email,email,0,0
U04639,low_engagement,fixed,3,0,0,3,74.8188,8.7123,social,social,social,0,0
U04640,new_cold_customer,fixed,4,0,0,4,46.9248,8.1533,social,email,ad,0,0
U04641,new_cold_customer,fixed,5,3,1,9,36.3582,2.6139,social,social,social,0,1
U04642,new_cold_customer,hybrid,3,1,0,4,60.4209,2.4734,social,social,social,0,1
U04643,new_cold_customer,trigger,5,1,1,7,46.8321,2.3689,social,ad,social,0,1
U04644,new_cold_customer,fixed,4,2,1,7,18.8855,5.3276,social,social,social,0,1
U04645,high_intent,hybrid,8,4,1,14,21.3276,1.8922,social,email,social,1,0
U04646,new_cold_customer,hybrid,4,1,0,5,66.0634,2.182,social,email,social,0,1
U04647,loyal_customer,trigger,6,4,1,12,30.5104,1.0136,social,social,social,1,0
U04648,loyal_customer,hybrid,3,0,0,3,130.5903,1.0428,social,social,social,0,0
U04649,new_cold_customer,fixed,3,0,0,3,64.7783,9.4084,social,social,social,0,0
U04650,loyal_customer,hybrid,4,2,1,7,28.467,3.8804,social,social,email,0,1
U04651,price_sensitive,trigger,2,0,0,2,139.2641,1.7974,email,email,email,0,0
U04652,low_engagement,hybrid,2,0,0,2,107.0668,1.0462,social,social,email,0,0
U04653,loyal_customer,fixed,4,2,0,6,37.3676,5.4602,email,email,social,0,1
U04654,new_cold_customer,hybrid,4,3,0,7,29.5258,4.3389,social,social,social,0,1
U04655,new_cold_customer,trigger,3,2,0,5,44.6918,1.2593,social,social,social,0,1
U04656,low_engagement,fixed,2,0,0,2,3.376,5.2454,social,social,social,0,0
U04657,new_cold_customer,hybrid,5,1,0,6,33.4714,4.3771,social,social,social,0,1
U04658,new_cold_customer,fixed,4,2,2,8,25.4932,3.0832,social,social,email,0,1
U04659,high_intent,fixed,8,6,1,15,19.0976,1.6948,social,social,email,0,1
U04660,low_engagement,trigger,3,0,0,3,56.0297,5.1971,social,social,social,0,0
U04661,new_cold_customer,fixed,3,0,0,3,99.4612,6.483,social,social,social,0,0
U04662,loyal_customer,hybrid,3,2,0,5,15.1305,7.5034,email,email,ad,0,1
U04663,new_cold_customer,hybrid,3,0,0,3,73.5069,4.5978,social,social,social,0,0
U04664,new_cold_customer,trigger,4,1,0,5,15.9525,9.1227,social,social,ad,0,1
U04665,new_cold_customer,hybrid,4,3,1,8,42.4966,2.2647,social,social,social,0,1
U04666,price_sensitive,fixed,2,0,0,2,193.8815,3.7354,social,social,social,0,0
U04667,loyal_customer,fixed,5,2,2,9,25.7079,3.0016,social,social,social,0,1
U04668,price_sensitive,hybrid,2,1,0,3,43.0481,2.8569,social,social,social,0,1
U04669,low_engagement,hybrid,4,0,0,4,81.0159,2.6933,social,social,social,0,0
U04670,high_intent,fixed,8,6,4,21,15.1581,1.1248,email,social,social,1,0
U04671,high_intent,trigger,8,6,2,17,13.5503,3.0549,social,social,social,1,0
U04672,low_engagement,trigger,3,2,1,7,11.564,11.3442,social,social,ad,1,0
U04673,low_engagement,trigger,2,0,0,2,1.2249,2.3295,email,email,social,0,0
U04674,low_engagement,trigger,4,1,0,5,48.4057,3.4773,social,social,email,0,1
U04675,new_cold_customer,trigger,5,3,1,9,23.2918,4.4427,social,social,social,0,1
U04676,low_engagement,fixed,2,0,0,2,197.5429,3.2514,social,social,social,0,0
U04677,high_intent,trigger,8,6,1,15,21.2779,1.7873,email,social,email,0,1
U04678,new_cold_customer,hybrid,5,1,0,6,44.1894,2.0404,social,social,social,0,1
U04679,low_engagement,trigger,3,1,0,4,35.2933,3.7008,social,social,social,0,1
U04680,new_cold_customer,trigger,5,0,0,5,76.9974,1.5989,social,social,social,0,0
U04681,low_engagement,hybrid,4,0,0,4,66.375,5.664,social,ad,social,0,0
U04682,high_intent,hybrid,7,5,4,17,14.0285,5.4988,social,email,social,1,0
U04683,high_intent,fixed,8,6,5,21,13.6818,1.5674,social,email,social,1,0
U04684,price_sensitive,hybrid,2,1,0,3,160.4426,1.3575,social,social,email,0,1
U04685,new_cold_customer,fixed,3,2,0,5,27.0568,1.2092,social,social,social,0,1
U04686,new_cold_customer,trigger,3,0,0,3,85.4384,4.0575,social,social,social,0,0
U04687,low_engagement,hybrid,1,0,0,1,0.0,11.1965,ad,ad,ad,0,0
U04688,new_cold_customer,hybrid,5,1,0,6,41.0661,2.97,social,social,social,0,1
U04689,new_cold_customer,hybrid,5,3,1,10,19.7499,4.4395,social,social,social,1,0
U04690,new_cold_customer,hybrid,2,1,1,4,34.8025,1.7746,social,social,social,0,1
U04691,loyal_customer,trigger,6,3,0,9,34.767,2.3222,social,ad,social,0,1
U04692,high_intent,hybrid,3,1,1,5,80.1541,1.0305,email,email,social,0,1
U04693,new_cold_customer,fixed,4,1,0,5,33.2468,8.4497,ad,social,ad,0,1
U04694,new_cold_customer,trigger,2,0,0,2,94.6765,7.9402,social,social,social,0,0
U04695,price_sensitive,trigger,1,0,0,1,0.0,2.2786,social,social,social,0,0
U04696,new_cold_customer,hybrid,2,1,1,4,30.4748,8.54,social,social,social,0,1
U04697,new_cold_customer,fixed,3,0,0,3,73.8873,8.0026,social,social,social,0,0
U04698,loyal_customer,fixed,4,1,0,5,70.4626,2.2396,email,offer,email,0,1
U04699,low_engagement,trigger,2,0,0,2,6.4546,1.2765,social,social,social,0,0
U04700,loyal_customer,trigger,6,2,0,8,43.3051,2.0944,social,social,ad,0,1
U04701,loyal_customer,fixed,5,2,1,8,24.9273,3.3894,email,social,email,0,1
U04702,loyal_customer,hybrid,6,5,2,13,24.5734,1.8992,email,ad,email,0,1
U04703,low_engagement,hybrid,1,1,0,2,0.0,13.7333,email,email,email,0,1
U04704,high_intent,hybrid,3,1,0,4,68.5086,3.6394,social,social,social,0,1
U04705,low_engagement,trigger,1,0,0,1,0.0,1.8262,social,social,social,0,0
U04706,loyal_customer,trigger,4,2,1,8,23.4177,4.9974,social,social,social,1,0
U04707,loyal_customer,trigger,6,2,1,9,30.7741,1.4824,social,social,email,0,1
U04708,new_cold_customer,hybrid,2,1,0,3,76.7252,3.468,social,social,social,0,1
U04709,low_engagement,fixed,3,0,0,3,65.9243,3.7682,social,social,social,0,0
U04710,new_cold_customer,trigger,2,2,0,4,71.5331,2.1159,social,social,social,0,1
U04711,low_engagement,fixed,3,2,0,5,31.9063,1.3015,social,social,social,0,1
U04712,loyal_customer,fixed,4,3,1,8,39.6805,1.8591,social,social,social,0,1
U04713,low_engagement,trigger,3,0,0,3,101.1656,2.3562,social,email,social,0,0
U04714,high_intent,trigger,8,6,4,20,9.5723,3.5039,email,email,social,1,0
U04715,new_cold_customer,fixed,3,1,0,4,39.7811,4.5821,social,social,social,0,1
U04716,low_engagement,trigger,3,0,0,3,67.4299,7.2574,social,social,social,0,0
U04717,loyal_customer,hybrid,2,2,0,4,40.1225,8.3254,social,social,email,0,1
U04718,new_cold_customer,trigger,2,1,0,3,70.1263,4.0443,social,social,social,0,1
U04719,price_sensitive,fixed,1,0,0,1,0.0,9.8643,email,email,email,0,0
U04720,new_cold_customer,fixed,5,4,1,10,27.4496,3.7067,social,social,email,0,1
U04721,high_intent,trigger,5,3,3,13,19.4759,2.7914,email,social,social,1,0
U04722,low_engagement,trigger,2,1,1,4,65.8863,4.6255,email,email,social,0,1
U04723,low_engagement,fixed,3,0,0,3,41.8996,6.0638,social,social,social,0,0
U04724,low_engagement,trigger,4,0,0,4,40.5136,6.7944,social,email,social,0,0
U04725,loyal_customer,hybrid,5,2,0,7,36.4391,3.3265,social,social,social,0,1
U04726,high_intent,fixed,3,2,1,7,34.7253,1.8308,social,email,social,1,0
U04727,high_intent,trigger,7,4,3,16,14.96,4.4047,email,social,email,1,0
U04728,low_engagement,fixed,4,2,0,6,48.3143,2.1324,email,email,ad,0,1
U04729,low_engagement,trigger,3,2,0,5,20.2329,8.4183,social,social,ad,0,1
U04730,new_cold_customer,fixed,5,2,2,9,21.0932,2.8448,social,social,social,0,1
U04731,low_engagement,hybrid,1,1,0,2,0.0,1.1662,social,social,social,0,1
U04732,price_sensitive,trigger,1,0,0,1,0.0,11.4999,social,social,social,0,0
U04733,low_engagement,hybrid,1,1,0,2,0.0,8.8786,offer,offer,offer,0,1
U04734,loyal_customer,hybrid,3,1,0,4,75.4407,5.5025,email,offer,email,0,1
U04735,low_engagement,trigger,4,2,0,6,53.8252,3.6128,social,social,email,0,1
U04736,high_intent,hybrid,6,3,2,12,26.4589,1.6181,email,email,social,1,0
U04737,loyal_customer,trigger,5,3,1,9,10.7443,9.8714,ad,ad,social,0,1
U04738,loyal_customer,hybrid,3,1,0,4,43.3907,6.05,social,social,social,0,1
U04739,loyal_customer,hybrid,3,1,1,5,41.1445,1.7088,email,social,email,0,1
U04740,new_cold_customer,hybrid,5,1,0,6,45.0484,4.8142,social,social,social,0,1
U04741,loyal_customer,hybrid,6,3,0,9,12.801,9.5106,email,email,social,0,1
U04742,new_cold_customer,hybrid,4,1,0,5,34.1395,7.7453,social,social,social,0,1
U04743,low_engagement,hybrid,4,2,0,6,61.0442,1.2226,social,social,ad,0,1
U04744,low_engagement,trigger,3,1,1,5,51.8432,2.2116,social,ad,social,0,1
U04745,low_engagement,hybrid,1,1,1,3,0.0,14.7109,social,social,social,0,1
U04746,loyal_customer,trigger,5,2,1,8,29.5888,5.854,social,social,email,0,1
U04747,price_sensitive,fixed,2,0,0,2,99.9979,8.1761,social,social,offer,0,0
U04748,high_intent,hybrid,5,3,1,10,19.8474,2.3732,social,social,email,1,0
U04749,low_engagement,hybrid,3,0,0,3,66.5926,8.8235,social,social,social,0,0
U04750,new_cold_customer,hybrid,5,1,0,6,55.8791,1.8907,social,social,social,0,1
U04751,low_engagement,trigger,1,0,0,1,0.0,13.8628,social,social,social,0,0
U04752,new_cold_customer,hybrid,2,2,0,4,47.6942,3.9437,social,social,social,0,1
U04753,low_engagement,hybrid,3,0,0,3,147.4544,1.7865,social,social,email,0,0
U04754,new_cold_customer,fixed,3,2,0,5,32.7287,5.6203,email,social,ad,0,1
U04755,new_cold_customer,trigger,4,1,1,6,32.7694,4.8357,social,social,social,0,1
U04756,loyal_customer,trigger,3,2,1,7,40.5111,3.9169,email,email,email,1,0
U04757,new_cold_customer,hybrid,2,2,0,4,2.7431,6.7623,social,social,social,0,1
U04758,new_cold_customer,fixed,3,0,0,3,133.9571,3.704,social,social,social,0,0
U04759,low_engagement,trigger,3,2,0,5,18.7024,6.3322,social,social,social,0,1
U04760,loyal_customer,trigger,3,1,0,4,47.2354,8.1002,social,email,social,0,1
U04761,loyal_customer,trigger,5,3,1,9,26.4644,2.0017,email,social,email,0,1
U04762,loyal_customer,fixed,5,2,1,8,46.0915,1.2509,social,social,social,0,1
U04763,high_intent,fixed,8,4,2,16,20.9403,1.2157,email,email,social,1,0
U04764,low_engagement,fixed,1,0,0,1,0.0,2.9231,social,social,social,0,0
U04765,loyal_customer,fixed,6,2,0,8,27.0612,1.7082,social,social,ad,0,1
U04766,low_engagement,hybrid,3,0,0,3,43.8671,11.215,email,email,offer,0,0
U04767,low_engagement,trigger,4,1,1,6,16.8056,8.3497,social,social,social,0,1
U04768,high_intent,hybrid,8,5,3,16,21.5818,1.4067,social,social,email,0,1
U04769,new_cold_customer,trigger,3,1,0,4,56.7308,4.0738,social,social,social,0,1
U04770,loyal_customer,hybrid,2,2,0,4,88.6644,3.0763,email,email,social,0,1
U04771,low_engagement,hybrid,3,1,0,4,69.3601,3.4866,social,social,social,0,1
U04772,new_cold_customer,trigger,3,2,1,6,21.6375,1.0024,social,social,social,0,1
U04773,loyal_customer,trigger,4,3,2,10,8.8307,11.0425,email,email,social,1,0
U04774,high_intent,fixed,3,3,2,9,15.5354,1.8969,social,email,social,1,0
U04775,low_engagement,fixed,3,0,0,3,48.732,6.7265,social,social,social,0,0
U04776,new_cold_customer,trigger,3,1,0,4,73.3515,2.5221,social,social,social,0,1
U04777,low_engagement,fixed,3,0,0,3,81.6729,3.7405,social,social,social,0,0
U04778,loyal_customer,trigger,2,1,1,5,41.8753,3.8471,email,social,email,1,0
U04779,low_engagement,fixed,2,1,0,3,70.8096,6.2088,social,social,social,0,1
U04780,high_intent,fixed,7,4,2,14,19.8552,1.4801,email,email,ad,1,0
U04781,high_intent,fixed,4,2,2,8,40.2733,2.1908,social,social,social,0,1
U04782,loyal_customer,hybrid,2,2,2,6,12.0676,4.9679,social,social,social,0,1
U04783,high_intent,hybrid,5,4,2,12,22.2196,1.0186,social,social,email,1,0
U04784,low_engagement,trigger,2,0,0,2,303.9162,1.7018,email,email,social,0,0
U04785,high_intent,trigger,7,6,2,16,20.6662,1.1641,social,email,social,1,0
U04786,low_engagement,hybrid,3,1,0,4,44.4546,8.6015,social,social,social,0,1
U04787,high_intent,fixed,3,2,2,8,5.4377,6.1882,social,social,social,1,0
U04788,loyal_customer,hybrid,4,1,1,6,37.9587,1.9865,email,email,email,0,1
U04789,low_engagement,trigger,1,0,0,1,0.0,1.3769,email,email,email,0,0
U04790,high_intent,fixed,7,4,1,12,27.0048,2.6166,social,social,email,0,1
U04791,new_cold_customer,fixed,4,2,0,6,40.2155,3.7582,social,social,social,0,1
U04792,low_engagement,trigger,4,2,0,6,48.9352,4.1722,social,email,social,0,1
U04793,loyal_customer,hybrid,3,3,0,6,5.0521,3.2904,social,social,ad,0,1
U04794,new_cold_customer,hybrid,3,1,1,5,43.3115,1.2433,social,social,social,0,1
U04795,price_sensitive,fixed,2,1,0,3,60.989,1.0344,social,social,social,0,1
U04796,low_engagement,hybrid,4,2,1,7,24.896,2.1692,social,social,offer,0,1
U04797,new_cold_customer,hybrid,3,2,1,6,38.6335,3.0593,social,social,social,0,1
U04798,loyal_customer,trigger,4,2,0,6,52.216,2.8433,social,email,social,0,1
U04799,new_cold_customer,hybrid,5,3,0,8,44.2704,1.22,social,email,social,0,1
U04800,low_engagement,trigger,3,2,0,5,51.556,1.7882,social,social,social,0,1
U04801,high_intent,fixed,6,3,1,11,23.2721,5.2815,social,social,email,1,0
U04802,high_intent,trigger,7,7,3,19,18.2693,1.2655,social,social,email,1,0
U04803,new_cold_customer,fixed,3,1,0,4,47.9437,4.9689,social,social,offer,0,1
U04804,high_intent,trigger,3,3,1,7,21.4658,2.5082,email,email,email,0,1
U04805,new_cold_customer,trigger,3,1,0,4,42.4464,2.0008,social,social,social,0,1
U04806,high_intent,fixed,5,5,2,13,13.1116,7.4958,email,social,ad,1,0
U04807,new_cold_customer,hybrid,4,1,0,5,64.3507,3.5846,social,social,email,0,1
U04808,low_engagement,fixed,3,0,0,3,16.5871,7.9481,social,social,email,0,0
U04809,low_engagement,fixed,2,1,1,4,12.7573,7.0214,social,social,social,0,1
U04810,new_cold_customer,fixed,2,0,0,2,115.6752,1.6394,social,social,social,0,0
U04811,low_engagement,hybrid,2,0,0,2,143.0992,1.2286,social,social,social,0,0
U04812,price_sensitive,hybrid,2,0,0,2,18.0176,3.5309,social,social,social,0,0
U04813,new_cold_customer,fixed,4,3,0,7,47.3154,2.5265,social,ad,social,0,1
U04814,new_cold_customer,fixed,3,2,2,7,12.559,8.2781,social,social,ad,0,1
U04815,new_cold_customer,trigger,2,1,0,3,0.9799,14.8984,social,social,social,0,1
U04816,price_sensitive,trigger,1,0,0,1,0.0,5.127,social,social,social,0,0
U04817,high_intent,fixed,4,4,1,9,35.157,1.2173,social,social,social,0,1
U04818,new_cold_customer,hybrid,3,3,1,8,28.1687,4.4086,social,social,social,1,0
U04819,high_intent,trigger,8,7,4,22,13.5238,2.6014,social,social,social,1,0
U04820,new_cold_customer,trigger,3,0,0,3,117.2059,4.8435,social,social,social,0,0
U04821,new_cold_customer,trigger,3,0,0,3,150.2394,2.2868,social,social,offer,0,0
U04822,low_engagement,trigger,1,0,0,1,0.0,9.4989,email,email,email,0,0
U04823,new_cold_customer,fixed,2,1,0,3,87.3296,1.4267,social,social,social,0,1
U04824,high_intent,fixed,6,5,3,15,17.9047,2.28,social,social,social,1,0
U04825,low_engagement,trigger,3,0,0,3,83.3556,1.666,social,social,social,0,0
U04826,loyal_customer,trigger,6,3,0,9,25.7143,1.6114,ad,social,ad,0,1
U04827,high_intent,trigger,7,7,4,20,12.5129,2.6276,social,social,email,1,0
U04828,loyal_customer,hybrid,2,1,1,4,70.1248,4.2386,email,email,social,0,1
U04829,new_cold_customer,trigger,4,2,0,6,47.6356,1.4681,social,social,social,0,1
U04830,price_sensitive,fixed,2,1,0,3,130.3237,1.5247,ad,offer,ad,0,1
U04831,price_sensitive,hybrid,3,0,0,3,115.1011,3.2307,social,social,social,0,0
U04832,low_engagement,hybrid,2,0,0,2,70.6214,6.0806,social,social,social,0,0
U04833,loyal_customer,fixed,2,2,0,4,32.2935,3.7733,email,email,social,0,1
U04834,low_engagement,hybrid,3,0,0,3,74.4808,4.5191,social,social,social,0,0
U04835,loyal_customer,fixed,2,1,0,3,21.8519,8.8141,social,social,email,0,1
U04836,loyal_customer,fixed,3,0,0,3,119.9303,2.8577,social,email,social,0,0
U04837,new_cold_customer,trigger,5,2,1,8,35.9215,1.855,social,social,social,0,1
U04838,low_engagement,hybrid,4,1,0,5,37.7536,7.0905,social,social,social,0,1
U04839,low_engagement,fixed,2,2,1,5,60.6452,4.5878,social,social,social,0,1
U04840,new_cold_customer,trigger,4,2,1,7,38.096,4.4488,social,social,social,0,1
U04841,low_engagement,trigger,4,1,1,6,58.882,1.1498,social,social,social,0,1
U04842,loyal_customer,fixed,3,2,0,5,67.3554,1.6826,social,ad,social,0,1
U04843,high_intent,hybrid,4,1,1,6,56.3491,1.3767,social,social,social,0,1
U04844,low_engagement,fixed,2,0,0,2,114.078,8.7901,social,social,social,0,0
U04845,new_cold_customer,fixed,3,1,1,5,15.2538,10.5249,social,social,social,0,1
U04846,low_engagement,hybrid,1,1,0,2,0.0,6.954,social,social,social,0,1
U04847,loyal_customer,hybrid,5,1,0,6,52.5109,4.0052,social,social,social,0,1
U04848,loyal_customer,hybrid,5,4,3,13,16.1162,6.1866,social,social,social,1,0
U04849,price_sensitive,trigger,1,1,0,2,0.0,13.0048,social,social,social,0,1
U04850,loyal_customer,hybrid,2,0,0,2,44.1345,2.233,social,social,ad,0,0
U04851,low_engagement,fixed,3,1,0,4,31.1354,6.173,email,social,email,0,1
U04852,price_sensitive,trigger,2,2,0,4,40.3264,5.8298,email,email,social,0,1
U04853,low_engagement,fixed,4,0,0,4,70.6759,5.6006,social,email,ad,0,0
U04854,low_engagement,hybrid,3,1,0,4,50.6821,4.0898,email,social,email,0,1
U04855,new_cold_customer,trigger,3,2,0,5,11.1634,12.8454,social,social,social,0,1
U04856,price_sensitive,fixed,2,1,0,3,87.1651,2.6385,social,social,social,0,1
U04857,low_engagement,hybrid,1,0,0,1,0.0,14.4995,ad,ad,ad,0,0
U04858,loyal_customer,trigger,4,1,0,5,31.9383,9.2144,social,social,social,0,1
U04859,low_engagement,hybrid,3,0,0,3,38.2554,2.3584,social,social,social,0,0
U04860,low_engagement,fixed,2,2,0,4,3.9804,11.6176,email,email,email,0,1
U04861,low_engagement,hybrid,3,2,0,5,56.2225,5.5585,social,social,social,0,1
U04862,low_engagement,fixed,2,1,1,4,30.0176,3.4743,social,social,social,0,1
U04863,new_cold_customer,trigger,3,1,1,6,44.5415,2.0642,social,social,ad,1,0
U04864,new_cold_customer,hybrid,3,2,1,6,15.5952,8.0671,email,email,social,0,1
U04865,high_intent,fixed,7,4,4,18,14.9973,4.1535,social,email,email,1,0
U04866,low_engagement,hybrid,1,1,0,2,0.0,1.7158,social,social,social,0,1
U04867,low_engagement,fixed,1,0,0,1,0.0,9.8943,email,email,email,0,0
U04868,new_cold_customer,fixed,3,1,0,4,46.5125,5.6781,social,social,social,0,1
U04869,new_cold_customer,trigger,2,0,0,2,74.7638,10.166,email,email,email,0,0
U04870,low_engagement,fixed,3,1,0,4,46.4397,7.2426,offer,offer,social,0,1
U04871,low_engagement,hybrid,3,1,0,4,15.8045,2.026,social,social,social,0,1
U04872,low_engagement,trigger,3,2,0,5,28.1545,7.9156,email,email,email,0,1
U04873,low_engagement,trigger,1,0,0,1,0.0,1.4192,email,email,email,0,0
U04874,low_engagement,fixed,4,2,1,7,32.0451,5.5475,email,email,email,0,1
U04875,new_cold_customer,trigger,2,1,0,3,40.1539,6.3383,social,social,social,0,1
U04876,new_cold_customer,fixed,2,0,0,2,72.3741,7.1113,social,social,ad,0,0
U04877,loyal_customer,trigger,3,2,0,5,42.634,6.3778,social,social,social,0,1
U04878,low_engagement,trigger,4,1,0,5,56.3829,1.1139,social,social,social,0,1
U04879,new_cold_customer,trigger,3,1,0,4,82.1564,4.5698,social,social,social,0,1
U04880,new_cold_customer,trigger,2,0,0,2,90.4712,5.8084,social,social,social,0,0
U04881,loyal_customer,fixed,6,0,0,6,50.1393,3.2929,social,social,social,0,0
U04882,loyal_customer,hybrid,3,2,1,6,8.285,4.3375,ad,ad,ad,0,1
U04883,high_intent,hybrid,7,5,2,15,21.7196,2.1046,social,ad,social,1,0
U04884,low_engagement,fixed,1,1,0,2,0.0,5.5866,social,social,social,0,1
U04885,loyal_customer,fixed,2,0,0,2,181.6542,2.0616,ad,ad,email,0,0
U04886,low_engagement,fixed,1,0,0,1,0.0,2.4059,social,social,social,0,0
U04887,low_engagement,fixed,1,0,0,1,0.0,6.9167,email,email,email,0,0
U04888,price_sensitive,fixed,2,2,0,4,17.048,6.5519,ad,ad,social,0,1
U04889,new_cold_customer,hybrid,3,1,0,4,44.9285,4.7577,social,social,social,0,1
U04890,new_cold_customer,trigger,3,2,1,6,6.8347,6.5329,social,social,ad,0,1
U04891,new_cold_customer,fixed,2,1,0,3,62.7849,9.3723,social,social,social,0,1
U04892,new_cold_customer,hybrid,4,4,0,8,26.9388,4.9818,social,social,social,0,1
U04893,price_sensitive,fixed,3,0,0,3,37.1654,2.1195,social,ad,social,0,0
U04894,new_cold_customer,hybrid,4,2,1,7,39.118,3.8151,social,social,social,0,1
U04895,loyal_customer,fixed,4,1,0,5,51.5667,3.3654,email,email,social,0,1
U04896,loyal_customer,fixed,6,2,1,9,36.6738,1.898,email,ad,social,0,1
U04897,price_sensitive,fixed,2,0,0,2,41.5312,10.605,social,social,email,0,0
U04898,new_cold_customer,trigger,4,2,0,6,51.7759,2.2115,social,social,social,0,1
U04899,high_intent,hybrid,6,4,3,16,11.054,3.2575,social,social,email,1,0
U04900,high_intent,fixed,4,3,1,8,45.7725,1.3806,social,email,social,0,1
U04901,new_cold_customer,trigger,5,0,0,5,39.2304,7.5136,social,social,social,0,0
U04902,loyal_customer,trigger,5,1,0,6,47.6389,2.3401,social,social,email,0,1
U04903,high_intent,hybrid,8,8,3,21,13.7263,3.2612,social,social,social,1,0
U04904,loyal_customer,hybrid,3,3,1,7,27.6382,4.1333,ad,email,social,0,1
U04905,new_cold_customer,hybrid,4,4,2,10,34.0604,2.1573,social,social,social,0,1
U04906,loyal_customer,fixed,6,2,0,8,35.6553,2.1907,social,social,social,0,1
U04907,low_engagement,trigger,1,1,1,4,0.0,13.8966,social,social,social,1,0
U04908,new_cold_customer,hybrid,5,1,0,6,39.5752,3.2529,social,social,social,0,1
U04909,loyal_customer,hybrid,6,5,2,14,17.6104,4.0366,ad,email,ad,1,0
U04910,loyal_customer,hybrid,5,4,2,12,16.5358,1.4862,social,social,social,1,0
U04911,new_cold_customer,fixed,5,3,1,9,24.192,1.9975,social,social,social,0,1
U04912,new_cold_customer,trigger,3,1,0,4,51.4156,4.5609,ad,ad,social,0,1
U04913,new_cold_customer,trigger,5,2,1,8,38.5243,2.5721,social,social,ad,0,1
U04914,high_intent,trigger,8,6,3,19,15.8339,2.9189,social,email,social,1,0
U04915,new_cold_customer,hybrid,2,2,0,4,14.9976,6.9961,social,social,social,0,1
U04916,low_engagement,hybrid,3,0,0,3,129.5791,1.7641,ad,ad,social,0,0
U04917,low_engagement,hybrid,3,2,1,6,10.6403,7.9561,social,social,social,0,1
U04918,new_cold_customer,trigger,2,0,0,2,11.3834,1.7654,ad,ad,social,0,0
U04919,low_engagement,hybrid,3,1,0,4,37.1731,5.4055,ad,ad,social,0,1
U04920,low_engagement,trigger,3,1,0,4,83.6598,1.2296,social,social,social,0,1
U04921,new_cold_customer,hybrid,5,3,0,8,32.8378,4.5795,social,social,ad,0,1
U04922,loyal_customer,fixed,2,1,0,3,120.5328,3.1967,social,social,social,0,1
U04923,high_intent,trigger,8,2,0,10,17.2494,4.3585,social,social,email,0,1
U04924,loyal_customer,trigger,5,3,1,9,33.0754,1.095,social,social,social,0,1
U04925,loyal_customer,trigger,4,2,0,6,59.4599,1.7029,social,social,email,0,1
U04926,loyal_customer,hybrid,3,1,0,4,81.8029,2.7998,social,offer,social,0,1
U04927,new_cold_customer,hybrid,5,3,2,10,26.892,2.5956,social,email,social,0,1
U04928,loyal_customer,fixed,6,3,2,12,20.5602,4.136,social,email,social,1,0
U04929,loyal_customer,fixed,5,0,0,5,64.5138,1.3999,social,offer,ad,0,0
U04930,loyal_customer,fixed,3,2,0,5,48.3276,2.1207,social,ad,social,0,1
U04931,new_cold_customer,fixed,4,2,0,6,51.7488,1.7143,social,social,ad,0,1
U04932,loyal_customer,fixed,3,2,2,7,44.2479,2.4731,social,social,email,0,1
U04933,low_engagement,trigger,4,1,0,5,64.8359,2.2348,social,email,email,0,1
U04934,new_cold_customer,fixed,5,2,0,7,52.0163,1.9159,social,social,social,0,1
U04935,low_engagement,trigger,4,1,0,5,71.1586,2.1977,social,email,social,0,1
U04936,high_intent,fixed,7,6,4,18,13.7233,2.416,email,social,email,1,0
U04937,new_cold_customer,trigger,4,1,1,7,25.0991,4.3096,social,social,social,1,0
U04938,low_engagement,trigger,3,0,0,3,112.1796,1.8407,social,social,social,0,0
U04939,loyal_customer,fixed,3,2,0,5,6.7184,13.7854,social,social,social,0,1
U04940,high_intent,hybrid,4,4,4,15,15.4323,3.4923,email,email,email,1,0
U04941,loyal_customer,fixed,2,1,1,4,42.8826,4.9711,social,social,social,0,1
U04942,low_engagement,hybrid,2,0,0,2,304.9191,1.7891,ad,ad,social,0,0
U04943,price_sensitive,trigger,3,0,0,3,141.499,2.115,social,email,social,0,0
U04944,loyal_customer,trigger,3,2,0,5,4.0894,3.8556,social,email,social,0,1
U04945,high_intent,hybrid,8,6,5,22,14.0038,1.9268,social,social,email,1,0
U04946,low_engagement,trigger,3,1,0,4,86.2019,1.4718,social,email,social,0,1
U04947,low_engagement,trigger,3,1,0,4,40.712,2.5363,social,social,social,0,1
U04948,low_engagement,fixed,4,0,0,4,47.3047,2.2245,social,social,social,0,0
U04949,low_engagement,fixed,2,1,0,3,4.5565,12.668,social,email,social,0,1
U04950,new_cold_customer,hybrid,3,1,0,4,78.094,2.5355,social,social,ad,0,1
U04951,loyal_customer,trigger,6,3,0,9,21.8574,2.6021,email,ad,email,0,1
U04952,new_cold_customer,hybrid,4,1,0,5,53.8382,3.6616,social,ad,social,0,1
U04953,new_cold_customer,hybrid,3,2,2,7,18.9185,6.0112,social,social,social,0,1
U04954,high_intent,trigger,4,1,0,5,32.3192,8.8602,social,offer,email,0,1
U04955,low_engagement,hybrid,2,0,0,2,6.3332,4.8233,email,email,social,0,0
U04956,loyal_customer,trigger,5,2,2,10,33.7621,1.3808,social,social,social,1,0
U04957,price_sensitive,trigger,2,0,0,2,22.0617,12.2542,email,email,email,0,0
U04958,loyal_customer,hybrid,4,3,2,10,17.7037,3.1123,email,social,social,1,0
U04959,loyal_customer,trigger,6,3,1,10,32.4722,1.0235,social,email,email,0,1
U04960,low_engagement,fixed,3,0,0,3,136.3137,3.579,social,social,social,0,0
U04961,price_sensitive,hybrid,2,0,0,2,12.4113,1.8299,social,social,email,0,0
U04962,high_intent,trigger,6,6,3,18,15.2323,2.3057,social,social,social,1,0
U04963,low_engagement,hybrid,3,2,0,5,60.3527,2.7978,social,email,social,0,1
U04964,loyal_customer,trigger,2,2,0,4,57.1548,7.528,ad,ad,ad,0,1
U04965,low_engagement,fixed,3,1,0,4,19.0329,8.6784,social,social,social,0,1
U04966,new_cold_customer,fixed,5,3,1,9,33.6442,3.7837,social,social,social,0,1
U04967,new_cold_customer,hybrid,2,0,0,2,148.8421,7.9063,social,social,social,0,0
U04968,new_cold_customer,fixed,3,2,1,6,29.8954,4.4983,email,email,email,0,1
U04969,loyal_customer,trigger,2,1,0,3,79.3626,4.4259,social,social,social,0,1
U04970,new_cold_customer,fixed,2,1,0,3,29.4159,12.1938,social,ad,social,0,1
U04971,high_intent,trigger,6,4,2,13,23.4239,1.0737,social,social,social,1,0
U04972,low_engagement,hybrid,4,1,1,6,36.7203,4.1223,social,social,social,0,1
U04973,high_intent,hybrid,8,5,3,18,16.1925,3.3496,social,social,email,1,0
U04974,high_intent,trigger,5,1,0,6,60.5477,2.1753,email,email,social,0,1
U04975,high_intent,hybrid,7,4,1,13,15.9262,2.0602,social,social,social,1,0
U04976,loyal_customer,trigger,2,2,1,6,23.6718,2.0533,social,social,social,1,0
U04977,low_engagement,hybrid,4,2,1,7,17.6733,9.4431,social,email,social,0,1
U04978,loyal_customer,hybrid,2,0,0,2,244.1651,3.0074,social,social,email,0,0
U04979,high_intent,fixed,3,3,3,10,16.5201,5.4338,social,social,social,1,0
U04980,new_cold_customer,trigger,5,3,1,9,33.558,3.8012,social,social,social,0,1
U04981,low_engagement,trigger,3,2,1,7,11.2126,11.1048,social,social,social,1,0
U04982,new_cold_customer,hybrid,5,2,0,7,32.2886,2.2727,social,social,social,0,1
U04983,new_cold_customer,trigger,3,2,0,5,27.9222,5.4484,ad,ad,social,0,1
U04984,loyal_customer,hybrid,5,4,1,10,16.5367,7.744,social,social,social,0,1
U04985,new_cold_customer,fixed,3,1,0,4,30.6671,3.0662,social,social,social,0,1
U04986,low_engagement,trigger,3,2,0,5,67.9235,1.7385,social,social,social,0,1
U04987,new_cold_customer,hybrid,2,0,0,2,147.8641,5.6972,social,social,social,0,0
U04988,loyal_customer,fixed,5,1,1,7,36.9063,4.1746,social,social,ad,0,1
U04989,low_engagement,fixed,2,0,0,2,100.7646,10.1249,ad,ad,social,0,0
U04990,low_engagement,trigger,3,0,0,3,113.744,3.8173,social,social,social,0,0
U04991,loyal_customer,hybrid,3,3,1,7,11.3385,4.1878,email,social,ad,0,1
U04992,high_intent,fixed,4,3,2,9,32.5002,3.5888,social,social,social,0,1
U04993,new_cold_customer,trigger,3,1,0,4,91.7738,2.3879,social,social,email,0,1
U04994,new_cold_customer,trigger,5,2,1,8,31.2321,1.842,social,social,social,0,1
U04995,new_cold_customer,fixed,5,1,1,8,30.2856,1.529,email,social,social,1,0
U04996,new_cold_customer,hybrid,4,1,0,5,62.0673,2.758,social,social,social,0,1
U04997,low_engagement,fixed,1,1,1,3,0.0,10.7539,email,email,email,0,1
U04998,price_sensitive,trigger,3,0,0,3,6.7002,8.2338,email,email,social,0,0
U04999,new_cold_customer,fixed,5,3,0,8,36.8118,2.6187,social,email,social,0,1
U05000,low_engagement,hybrid,3,1,0,4,71.9806,3.9574,social,social,social,0,1
U05001,new_cold_customer,trigger,3,2,1,6,21.8922,3.7289,social,social,social,0,1
U05002,new_cold_customer,fixed,4,2,1,7,33.0483,6.1357,social,ad,social,0,1
U05003,new_cold_customer,hybrid,5,4,2,11,16.2311,3.8339,social,social,social,0,1
U05004,new_cold_customer,trigger,4,0,0,4,102.3404,1.1353,social,email,social,0,0
U05005,low_engagement,hybrid,4,1,1,6,59.6294,1.8632,social,social,social,0,1
U05006,loyal_customer,fixed,2,0,0,2,136.7108,4.717,social,social,social,0,0
U05007,loyal_customer,fixed,4,2,1,7,43.1685,3.9523,social,email,social,0,1
U05008,new_cold_customer,hybrid,2,1,1,4,97.5364,1.8384,social,social,email,0,1
U05009,high_intent,hybrid,5,3,2,12,8.0249,3.6884,email,email,social,1,0
U05010,new_cold_customer,fixed,2,1,0,3,68.3692,4.9299,social,social,social,0,1
U05011,low_engagement,trigger,4,2,1,7,22.8365,7.5799,social,social,ad,0,1
U05012,new_cold_customer,trigger,3,2,0,5,22.5357,5.9481,social,email,social,0,1
U05013,low_engagement,hybrid,2,0,0,2,22.5149,11.6316,social,social,social,0,0
U05014,low_engagement,trigger,3,2,1,7,41.3002,1.2521,social,social,social,1,0
U05015,price_sensitive,hybrid,3,0,0,3,61.2699,4.4739,ad,ad,email,0,0
U05016,new_cold_customer,trigger,3,1,0,4,89.3822,3.3885,social,social,social,0,1
U05017,low_engagement,fixed,3,1,0,4,31.434,5.4459,social,email,social,0,1
U05018,price_sensitive,trigger,2,0,0,2,41.6415,6.9553,social,social,social,0,0
U05019,low_engagement,fixed,2,0,0,2,21.2686,12.426,social,social,email,0,0
U05020,price_sensitive,trigger,2,0,0,2,55.3572,4.8185,email,email,email,0,0
U05021,new_cold_customer,hybrid,3,2,0,5,22.1544,8.3562,social,social,social,0,1
U05022,high_intent,fixed,4,3,0,7,29.8177,5.6631,social,social,email,0,1
U05023,new_cold_customer,hybrid,5,3,0,8,11.915,3.8994,email,email,social,0,1
U05024,loyal_customer,fixed,4,1,0,5,47.8436,3.4461,social,social,email,0,1
U05025,new_cold_customer,fixed,2,0,0,2,60.5452,4.2756,social,social,social,0,0
U05026,new_cold_customer,trigger,3,2,0,5,31.0223,3.4346,social,ad,social,0,1
U05027,loyal_customer,fixed,6,3,0,9,25.208,2.1545,social,social,social,0,1
U05028,price_sensitive,fixed,3,1,0,4,70.8457,2.3023,social,ad,offer,0,1
U05029,high_intent,hybrid,6,5,2,14,18.4669,3.4808,email,email,ad,1,0
U05030,high_intent,fixed,4,3,1,9,15.5289,5.8903,social,social,email,1,0
U05031,price_sensitive,trigger,1,0,0,1,0.0,13.627,email,email,email,0,0
U05032,price_sensitive,fixed,3,0,0,3,115.2538,4.1118,social,social,ad,0,0
U05033,low_engagement,hybrid,4,2,0,6,47.2411,4.2617,social,social,email,0,1
U05034,loyal_customer,trigger,6,1,1,8,30.0135,3.881,email,email,email,0,1
U05035,low_engagement,trigger,1,1,0,2,0.0,1.2593,email,email,email,0,1
U05036,new_cold_customer,hybrid,5,2,0,7,52.9137,1.2505,social,social,social,0,1
U05037,low_engagement,fixed,1,0,0,1,0.0,11.3642,social,social,social,0,0
U05038,loyal_customer,trigger,2,0,0,2,13.6768,10.4917,offer,offer,email,0,0
U05039,new_cold_customer,hybrid,2,2,0,4,41.6888,5.6048,social,social,social,0,1
U05040,new_cold_customer,hybrid,5,2,0,7,38.3583,4.5557,social,social,social,0,1
U05041,price_sensitive,fixed,2,0,0,2,116.1481,2.0547,email,email,email,0,0
U05042,low_engagement,trigger,1,1,0,2,0.0,3.0535,social,social,social,0,1
U05043,low_engagement,hybrid,4,3,1,8,34.0452,4.5025,social,social,social,0,1
U05044,low_engagement,trigger,2,0,0,2,296.1664,1.1148,ad,ad,social,0,0
U05045,loyal_customer,fixed,4,1,0,5,54.4594,1.4928,email,social,social,0,1
U05046,low_engagement,hybrid,1,0,0,1,0.0,9.0671,email,email,email,0,0
U05047,high_intent,fixed,3,1,0,4,21.9229,8.7874,social,offer,social,0,1
U05048,low_engagement,fixed,2,0,0,2,187.1154,6.7289,social,social,social,0,0
U05049,loyal_customer,hybrid,2,1,1,4,31.4809,7.188,social,social,social,0,1
U05050,low_engagement,fixed,1,1,0,2,0.0,6.5195,social,social,social,0,1
U05051,low_engagement,hybrid,4,1,0,5,41.7917,4.5246,social,social,social,0,1
U05052,low_engagement,fixed,1,0,0,1,0.0,9.6792,email,email,email,0,0
U05053,new_cold_customer,hybrid,4,1,0,5,52.8297,1.9979,social,social,social,0,1
U05054,price_sensitive,fixed,3,1,0,4,71.6415,1.3993,email,email,social,0,1
U05055,new_cold_customer,fixed,4,2,0,6,60.259,2.401,email,social,email,0,1
U05056,loyal_customer,fixed,4,3,0,7,32.2604,5.4404,social,ad,social,0,1
U05057,loyal_customer,hybrid,4,3,1,8,15.2892,1.5627,social,social,social,0,1
U05058,new_cold_customer,hybrid,2,1,1,4,57.5405,4.9552,social,email,social,0,1
U05059,loyal_customer,trigger,3,0,0,3,137.4976,1.3983,social,email,social,0,0
U05060,loyal_customer,fixed,2,0,0,2,9.3306,9.0481,email,email,social,0,0
U05061,low_engagement,trigger,2,1,1,5,28.5309,1.7306,social,social,social,1,0
U05062,low_engagement,fixed,4,1,0,5,59.7726,2.975,social,email,social,0,1
U05063,high_intent,trigger,7,6,1,15,19.2162,1.7824,social,social,social,1,0
U05064,price_sensitive,hybrid,3,0,0,3,88.8264,5.7987,email,email,ad,0,0
U05065,new_cold_customer,hybrid,2,2,0,4,15.9128,7.6231,social,social,social,0,1
U05066,new_cold_customer,hybrid,5,2,1,8,19.3221,5.6981,social,social,social,0,1
U05067,loyal_customer,trigger,3,2,0,5,37.1087,8.8138,social,social,email,0,1
U05068,new_cold_customer,fixed,2,1,0,3,15.2882,7.8865,social,social,social,0,1
U05069,loyal_customer,trigger,5,2,0,7,40.3705,1.3596,social,social,email,0,1
U05070,low_engagement,fixed,2,0,0,2,3.6167,10.6042,email,email,social,0,0
U05071,new_cold_customer,trigger,4,1,0,5,55.3855,2.2219,social,social,social,0,1
U05072,low_engagement,trigger,3,1,1,6,15.4339,10.6207,social,social,social,1,0
U05073,price_sensitive,fixed,3,0,0,3,68.3029,7.3927,social,email,social,0,0
U05074,new_cold_customer,hybrid,3,2,0,5,32.7263,7.9066,social,social,social,0,1
U05075,new_cold_customer,trigger,3,1,1,6,61.3814,1.3882,social,social,social,1,0
U05076,loyal_customer,trigger,6,1,1,9,33.3796,1.5373,social,social,social,1,0
U05077,loyal_customer,fixed,3,3,0,6,45.4079,5.5261,email,email,email,0,1
U05078,low_engagement,trigger,4,1,1,6,24.4883,8.6511,email,social,social,0,1
U05079,low_engagement,hybrid,4,2,0,6,40.5548,6.0721,social,offer,social,0,1
U05080,loyal_customer,trigger,6,4,1,11,16.9187,5.9444,email,email,social,0,1
U05081,price_sensitive,hybrid,3,1,0,4,90.876,1.4263,email,email,email,0,1
U05082,low_engagement,trigger,1,0,0,1,0.0,4.7812,email,email,email,0,0
U05083,low_engagement,fixed,4,2,0,6,12.0558,4.0213,email,email,social,0,1
U05084,low_engagement,fixed,1,1,0,2,0.0,10.5637,social,social,social,0,1
U05085,new_cold_customer,trigger,5,1,0,6,45.3598,4.8446,social,social,social,0,1
U05086,loyal_customer,fixed,3,0,0,3,149.1776,1.5874,social,social,social,0,0
U05087,price_sensitive,fixed,3,0,0,3,61.2182,1.0025,social,social,social,0,0
U05088,new_cold_customer,fixed,4,2,0,6,56.3205,3.0095,social,social,ad,0,1
U05089,high_intent,fixed,5,4,3,15,15.8284,4.6404,social,social,social,1,0
U05090,new_cold_customer,trigger,4,0,0,4,97.5498,2.0021,social,social,social,0,0
U05091,new_cold_customer,hybrid,3,1,0,4,66.4798,6.5828,social,social,email,0,1
U05092,new_cold_customer,fixed,3,1,1,5,50.4295,2.1909,social,social,social,0,1
U05093,low_engagement,fixed,3,0,0,3,68.4727,5.8886,social,social,social,0,0
U05094,loyal_customer,hybrid,4,1,0,5,38.2495,3.2711,social,social,social,0,1
U05095,new_cold_customer,hybrid,5,2,1,8,33.971,4.5119,social,email,social,0,1
U05096,loyal_customer,trigger,2,0,0,2,79.8638,4.3373,ad,ad,social,0,0
U05097,new_cold_customer,trigger,3,3,1,7,13.5619,10.8541,email,email,social,0,1
U05098,loyal_customer,fixed,4,0,0,4,64.2197,6.6301,social,social,email,0,0
U05099,low_engagement,trigger,3,1,0,4,4.2328,9.6911,social,social,ad,0,1
U05100,loyal_customer,hybrid,4,0,0,4,58.6762,1.852,email,ad,email,0,0
U05101,high_intent,trigger,8,4,1,13,22.8365,2.7695,social,social,social,0,1
U05102,high_intent,fixed,7,5,2,15,17.7195,1.9184,email,social,email,1,0
U05103,loyal_customer,hybrid,5,4,3,12,22.449,3.4886,email,social,email,0,1
U05104,low_engagement,trigger,4,2,0,6,39.0084,6.8421,social,social,social,0,1
U05105,high_intent,fixed,5,2,1,9,31.5535,3.8985,social,ad,email,1,0
U05106,low_engagement,hybrid,4,2,1,7,15.1196,8.6337,social,social,email,0,1
U05107,loyal_customer,trigger,2,0,0,2,210.4561,1.604,social,social,social,0,0
U05108,new_cold_customer,hybrid,4,3,1,8,35.6119,3.6617,social,social,email,0,1
U05109,new_cold_customer,fixed,3,2,2,7,25.6071,3.2281,social,social,social,0,1
U05110,low_engagement,hybrid,2,0,0,2,152.3734,7.227,email,email,social,0,0
U05111,loyal_customer,trigger,5,3,1,9,38.7409,1.4051,social,email,social,0,1
U05112,low_engagement,fixed,1,1,0,2,0.0,4.4884,ad,ad,ad,0,1
U05113,new_cold_customer,fixed,4,2,0,6,15.1634,4.4144,social,ad,social,0,1
U05114,new_cold_customer,hybrid,3,2,0,5,65.0385,1.7636,social,social,social,0,1
U05115,new_cold_customer,fixed,4,1,0,5,74.297,1.8359,social,social,social,0,1
U05116,new_cold_customer,hybrid,2,1,1,4,0.1212,8.0671,social,social,social,0,1
U05117,new_cold_customer,trigger,3,1,0,4,49.5937,8.6709,social,social,social,0,1
U05118,price_sensitive,hybrid,1,0,0,1,0.0,2.748,social,social,social,0,0
U05119,new_cold_customer,fixed,4,1,0,5,48.2151,5.4056,social,social,social,0,1
U05120,high_intent,hybrid,3,3,0,6,25.956,4.2846,social,social,social,0,1
U05121,price_sensitive,hybrid,1,1,0,2,0.0,8.4164,social,social,social,0,1
U05122,price_sensitive,fixed,3,0,0,3,88.2992,6.6871,email,email,ad,0,0
U05123,new_cold_customer,hybrid,5,2,0,7,41.7449,1.6595,social,social,social,0,1
U05124,new_cold_customer,fixed,5,2,2,9,34.0303,1.6684,social,social,social,0,1
U05125,new_cold_customer,fixed,4,3,0,7,34.3616,5.6589,social,social,ad,0,1
U05126,loyal_customer,fixed,4,2,1,7,37.0523,2.0223,social,social,email,0,1
U05127,low_engagement,fixed,3,0,0,3,105.9242,3.8412,social,social,email,0,0
U05128,loyal_customer,trigger,6,4,2,12,28.651,1.6309,email,social,email,0,1
U05129,price_sensitive,trigger,3,0,0,3,51.1438,4.8681,social,social,social,0,0
U05130,loyal_customer,fixed,6,3,0,9,34.3364,2.6591,social,social,social,0,1
U05131,loyal_customer,hybrid,3,1,0,4,19.5998,9.382,social,social,social,0,1
U05132,low_engagement,hybrid,2,1,0,3,81.4084,2.385,ad,email,ad,0,1
U05133,low_engagement,trigger,2,0,0,2,97.4397,8.4261,ad,ad,social,0,0
U05134,new_cold_customer,hybrid,3,1,0,4,40.1475,4.9207,social,social,ad,0,1
U05135,high_intent,trigger,3,3,1,7,2.3834,11.6083,email,email,email,0,1
U05136,new_cold_customer,fixed,5,3,1,9,27.1755,4.8493,social,social,social,0,1
U05137,new_cold_customer,fixed,3,1,0,4,83.2071,1.5717,social,social,social,0,1
U05138,new_cold_customer,hybrid,4,1,0,5,52.9996,5.343,social,email,social,0,1
U05139,low_engagement,hybrid,3,0,0,3,78.8816,7.2423,social,social,email,0,0
U05140,new_cold_customer,trigger,5,4,1,11,32.6412,1.0489,email,email,social,1,0
U05141,loyal_customer,hybrid,4,1,0,5,79.6905,1.6452,social,social,social,0,1
U05142,low_engagement,trigger,1,0,0,1,0.0,3.9377,social,social,social,0,0
U05143,low_engagement,hybrid,2,1,0,3,1.0045,8.02,social,email,social,0,1
U05144,high_intent,hybrid,6,5,3,15,20.6354,2.2958,social,social,social,1,0
U05145,new_cold_customer,fixed,3,2,0,5,51.4233,5.2033,social,social,social,0,1
U05146,low_engagement,fixed,1,0,0,1,0.0,3.1073,email,email,email,0,0
U05147,price_sensitive,trigger,3,1,0,4,53.3406,2.5384,email,email,social,0,1
U05148,new_cold_customer,trigger,3,1,1,5,45.1821,5.4231,social,social,social,0,1
U05149,new_cold_customer,hybrid,2,0,0,2,97.1996,10.12,social,social,social,0,0
U05150,loyal_customer,fixed,4,2,0,6,34.4989,7.6171,social,email,social,0,1
U05151,new_cold_customer,fixed,2,1,0,3,69.7917,7.2359,social,social,social,0,1
U05152,low_engagement,fixed,4,0,0,4,80.6562,2.4164,email,email,email,0,0
U05153,high_intent,hybrid,5,3,1,9,16.7902,5.15,email,email,email,0,1
U05154,new_cold_customer,hybrid,2,1,0,3,25.4377,12.8645,social,social,social,0,1
U05155,low_engagement,fixed,1,0,0,1,0.0,2.5482,ad,ad,ad,0,0
U05156,new_cold_customer,fixed,4,3,2,10,14.6236,3.5504,email,email,social,1,0
U05157,high_intent,hybrid,4,3,2,11,31.5475,1.4108,email,email,email,1,0
U05158,loyal_customer,hybrid,3,3,3,9,19.8726,4.9994,email,email,ad,0,1
U05159,loyal_customer,hybrid,5,4,2,11,13.3022,6.8788,social,social,social,0,1
U05160,low_engagement,fixed,4,1,1,6,61.6375,1.4185,ad,ad,social,0,1
U05161,price_sensitive,fixed,2,0,0,2,0.9991,11.8543,social,social,offer,0,0
U05162,price_sensitive,hybrid,2,2,1,5,46.9832,6.8139,email,social,email,0,1
U05163,price_sensitive,fixed,2,0,0,2,61.6113,8.6211,social,social,social,0,0
U05164,loyal_customer,hybrid,6,0,0,6,27.4471,3.6031,social,offer,social,0,0
U05165,high_intent,fixed,5,5,1,11,24.1214,2.7076,email,email,email,0,1
U05166,loyal_customer,hybrid,6,2,1,9,37.6171,1.0735,social,ad,offer,0,1
U05167,low_engagement,hybrid,1,0,0,1,0.0,5.0722,social,social,social,0,0
U05168,low_engagement,hybrid,2,1,0,3,12.8901,4.48,social,social,social,0,1
U05169,loyal_customer,fixed,6,3,1,10,31.0956,2.9124,social,social,social,0,1
U05170,loyal_customer,hybrid,4,3,0,7,50.1607,1.0914,social,social,social,0,1
U05171,new_cold_customer,fixed,2,2,0,4,3.2301,9.8715,social,social,social,0,1
U05172,high_intent,fixed,8,3,1,13,16.9305,5.3058,social,email,social,1,0
U05173,loyal_customer,fixed,4,1,0,5,60.8355,1.8892,social,social,social,0,1
U05174,new_cold_customer,trigger,4,2,0,6,38.1793,1.6111,social,email,social,0,1
U05175,new_cold_customer,hybrid,4,0,0,4,86.5214,1.3028,social,social,social,0,0
U05176,new_cold_customer,hybrid,2,1,0,3,11.1567,8.3862,social,social,ad,0,1
U05177,new_cold_customer,fixed,5,3,1,9,33.9666,3.3928,social,social,social,0,1
U05178,new_cold_customer,trigger,5,2,0,7,21.5577,1.7792,social,social,social,0,1
U05179,loyal_customer,trigger,2,1,1,4,43.658,4.8601,social,social,email,0,1
U05180,new_cold_customer,fixed,3,1,0,4,54.1881,7.9948,social,social,social,0,1
U05181,low_engagement,hybrid,3,2,0,5,39.4531,6.0336,email,social,email,0,1
U05182,new_cold_customer,hybrid,3,2,1,6,40.4221,5.0441,ad,social,ad,0,1
U05183,loyal_customer,trigger,2,1,1,5,9.9215,6.817,social,social,social,1,0
U05184,new_cold_customer,hybrid,5,4,1,10,13.0993,7.8211,social,social,social,0,1
U05185,low_engagement,trigger,3,0,0,3,100.1476,4.2035,social,email,social,0,0
U05186,loyal_customer,trigger,5,3,0,8,34.2558,3.4477,social,social,email,0,1
U05187,loyal_customer,fixed,4,1,0,5,57.3716,1.0657,email,offer,social,0,1
U05188,loyal_customer,trigger,6,3,2,11,29.4852,1.6227,email,email,email,0,1
U05189,price_sensitive,trigger,3,0,0,3,95.6468,5.4883,social,social,social,0,0
U05190,high_intent,fixed,6,2,2,11,31.3364,1.0953,email,email,email,1,0
U05191,low_engagement,fixed,3,1,1,5,49.2765,2.6635,social,social,offer,0,1
U05192,new_cold_customer,trigger,4,1,0,5,44.5042,6.0255,social,social,social,0,1
U05193,low_engagement,hybrid,1,1,0,2,0.0,8.0646,social,social,social,0,1
U05194,new_cold_customer,trigger,5,2,0,7,34.6669,5.6044,social,social,social,0,1
U05195,new_cold_customer,fixed,3,1,1,5,33.0613,4.3791,social,email,social,0,1
U05196,high_intent,trigger,5,3,1,10,18.0179,4.722,email,email,email,1,0
U05197,new_cold_customer,hybrid,2,1,0,3,101.3124,2.5192,social,social,social,0,1
U05198,price_sensitive,fixed,2,1,0,3,44.5324,8.4853,email,email,social,0,1
U05199,high_intent,fixed,3,0,0,3,133.943,1.9502,social,social,social,0,0
U05200,new_cold_customer,hybrid,3,2,0,5,22.4097,10.056,social,social,social,0,1
U05201,new_cold_customer,fixed,4,3,0,7,26.4202,7.9141,social,social,social,0,1
U05202,loyal_customer,hybrid,4,2,2,9,20.011,7.0714,social,email,social,1,0
U05203,new_cold_customer,hybrid,2,1,1,4,19.2532,10.9657,social,social,social,0,1
U05204,loyal_customer,fixed,2,1,0,3,0.0773,6.71,email,social,email,0,1
U05205,price_sensitive,fixed,3,1,0,4,48.3951,4.8421,email,email,social,0,1
U05206,high_intent,trigger,6,2,2,10,21.6926,2.9737,social,social,social,0,1
U05207,new_cold_customer,fixed,4,1,0,5,70.4553,3.2366,email,social,email,0,1
U05208,high_intent,trigger,5,5,3,15,18.2157,2.1316,social,offer,social,1,0
U05209,high_intent,fixed,7,6,2,16,11.8042,3.637,social,social,social,1,0
U05210,price_sensitive,hybrid,3,1,0,4,31.7323,9.4437,email,email,social,0,1
U05211,new_cold_customer,hybrid,5,2,0,7,31.452,7.0128,ad,ad,ad,0,1
U05212,loyal_customer,trigger,3,1,0,4,77.141,2.3631,ad,ad,social,0,1
U05213,loyal_customer,fixed,4,2,0,6,16.7013,5.7751,social,social,email,0,1
U05214,high_intent,fixed,8,5,3,17,19.0933,1.4614,social,social,email,1,0
U05215,new_cold_customer,fixed,2,2,2,6,12.1766,8.1795,social,social,social,0,1
U05216,low_engagement,fixed,1,0,0,1,0.0,3.0563,email,email,email,0,0
U05217,new_cold_customer,hybrid,2,1,0,3,23.5596,5.4342,email,email,social,0,1
U05218,high_intent,hybrid,8,4,2,15,15.6405,5.836,social,social,email,1,0
U05219,low_engagement,fixed,1,1,0,2,0.0,8.1429,social,social,social,0,1
U05220,new_cold_customer,hybrid,3,1,0,4,50.3712,4.6438,social,social,social,0,1
U05221,loyal_customer,trigger,5,2,1,8,38.7189,1.7849,email,social,email,0,1
U05222,new_cold_customer,trigger,4,1,0,5,41.8448,7.2699,social,social,social,0,1
U05223,new_cold_customer,hybrid,3,1,0,4,85.9038,2.6174,social,social,email,0,1
U05224,loyal_customer,trigger,6,3,0,9,27.5761,5.1849,social,social,social,0,1
U05225,new_cold_customer,hybrid,3,3,0,6,46.1384,2.7845,ad,ad,email,0,1
U05226,high_intent,trigger,3,2,0,5,6.2645,9.4564,email,email,social,0,1
U05227,loyal_customer,hybrid,3,1,0,4,43.6023,2.6565,social,social,social,0,1
U05228,low_engagement,trigger,2,2,0,4,2.7862,13.259,social,social,email,0,1
U05229,low_engagement,fixed,1,0,0,1,0.0,8.5133,social,social,social,0,0
U05230,loyal_customer,trigger,6,2,0,8,45.2272,1.3442,social,social,social,0,1
U05231,loyal_customer,trigger,3,1,0,4,80.1157,3.7632,social,social,social,0,1
U05232,low_engagement,trigger,2,1,0,3,32.5322,11.7533,social,social,social,0,1
U05233,new_cold_customer,hybrid,5,2,0,7,38.9042,4.0275,social,email,ad,0,1
U05234,high_intent,hybrid,5,5,2,13,15.543,2.3952,social,social,social,1,0
U05235,new_cold_customer,fixed,4,2,0,6,51.9336,2.9473,social,email,social,0,1
U05236,low_engagement,hybrid,3,2,0,5,72.9335,2.5419,social,social,social,0,1
U05237,new_cold_customer,hybrid,5,1,0,6,23.1277,5.7929,social,social,ad,0,1
U05238,loyal_customer,trigger,6,2,0,8,43.5192,1.4926,social,social,social,0,1
U05239,new_cold_customer,fixed,5,3,0,8,24.9981,4.918,social,social,social,0,1
U05240,low_engagement,trigger,3,0,0,3,147.4833,1.6431,social,social,email,0,0
U05241,loyal_customer,trigger,3,3,2,8,38.4697,2.8109,email,email,social,0,1
U05242,low_engagement,trigger,1,1,1,3,0.0,14.7504,offer,offer,offer,0,1
U05243,new_cold_customer,hybrid,4,2,1,7,49.8105,1.5015,social,social,social,0,1
U05244,new_cold_customer,fixed,4,3,0,7,46.0513,1.6052,social,social,social,0,1
U05245,new_cold_customer,hybrid,3,1,0,4,36.3524,6.6586,social,email,social,0,1
U05246,loyal_customer,hybrid,3,2,0,5,26.0015,5.1489,social,email,social,0,1
U05247,new_cold_customer,hybrid,2,1,0,3,4.7571,7.7702,offer,social,offer,0,1
U05248,low_engagement,trigger,4,2,1,7,36.5535,5.0612,social,social,social,0,1
U05249,loyal_customer,fixed,3,2,0,5,33.8052,3.5675,social,email,social,0,1
U05250,loyal_customer,fixed,2,1,0,3,25.9991,7.4084,social,social,social,0,1
U05251,low_engagement,trigger,1,0,0,1,0.0,4.4594,social,social,social,0,0
U05252,new_cold_customer,trigger,2,1,0,3,90.7058,3.3779,email,social,email,0,1
U05253,new_cold_customer,fixed,3,1,1,5,23.2415,6.785,social,social,social,0,1
U05254,high_intent,fixed,8,7,3,18,17.9384,1.3849,email,email,email,0,1
U05255,price_sensitive,hybrid,3,2,0,5,49.4791,1.8724,email,email,email,0,1
U05256,low_engagement,trigger,1,0,0,1,0.0,3.208,social,social,social,0,0
U05257,price_sensitive,hybrid,1,0,0,1,0.0,2.004,social,social,social,0,0
U05258,new_cold_customer,fixed,3,2,0,5,24.931,10.2535,social,social,social,0,1
U05259,new_cold_customer,fixed,3,1,0,4,96.2524,1.5272,social,social,social,0,1
U05260,price_sensitive,fixed,2,0,0,2,99.9971,5.2942,email,email,email,0,0
U05261,low_engagement,trigger,3,2,0,5,40.7159,7.9358,social,email,social,0,1
U05262,low_engagement,fixed,1,1,0,2,0.0,10.7072,social,social,social,0,1
U05263,low_engagement,fixed,3,1,1,5,39.0853,4.1849,social,social,social,0,1
U05264,loyal_customer,fixed,3,2,0,5,34.8367,7.463,social,social,social,0,1
U05265,new_cold_customer,trigger,2,1,0,3,45.8575,5.1468,social,social,social,0,1
U05266,low_engagement,hybrid,3,1,0,4,4.2653,14.0442,social,social,social,0,1
U05267,new_cold_customer,trigger,3,3,0,6,27.3137,9.2188,social,social,social,0,1
U05268,low_engagement,fixed,1,0,0,1,0.0,12.4337,social,social,social,0,0
U05269,new_cold_customer,trigger,3,1,1,5,19.7232,8.8928,social,social,social,0,1
U05270,new_cold_customer,hybrid,4,3,1,8,33.9418,1.7154,social,social,social,0,1
U05271,new_cold_customer,trigger,5,1,0,6,53.211,2.6597,social,social,social,0,1
U05272,high_intent,trigger,6,4,3,15,19.392,2.2275,social,social,email,1,0
U05273,low_engagement,fixed,3,1,1,5,41.9904,2.7813,ad,social,ad,0,1
U05274,new_cold_customer,fixed,5,2,0,7,41.7315,3.4537,social,social,social,0,1
U05275,low_engagement,fixed,3,0,0,3,9.5195,1.5801,email,email,social,0,0
U05276,new_cold_customer,fixed,4,2,1,7,22.3387,9.0814,social,social,email,0,1
U05277,new_cold_customer,trigger,5,2,1,8,18.1262,6.9979,social,social,social,0,1
U05278,high_intent,fixed,5,3,3,12,27.14,2.4623,social,social,social,1,0
U05279,low_engagement,trigger,3,1,0,4,33.4059,8.6871,social,social,email,0,1
U05280,new_cold_customer,trigger,5,3,2,10,33.5656,1.1057,social,social,social,0,1
U05281,new_cold_customer,hybrid,2,1,1,4,0.657,1.1516,email,email,email,0,1
U05282,new_cold_customer,fixed,4,3,0,7,24.2601,5.5058,social,social,social,0,1
U05283,loyal_customer,hybrid,2,0,0,2,31.4023,10.4987,social,social,email,0,0
U05284,price_sensitive,trigger,3,0,0,3,102.8164,1.944,social,social,social,0,0
U05285,high_intent,hybrid,8,7,3,20,11.7725,1.0192,social,email,social,1,0
U05286,low_engagement,fixed,4,0,0,4,85.3858,2.5067,social,social,social,0,0
U05287,new_cold_customer,fixed,3,0,0,3,112.0777,4.174,social,social,social,0,0
U05288,high_intent,hybrid,3,3,0,6,24.1888,7.0873,social,social,email,0,1
U05289,high_intent,trigger,5,1,0,6,48.5705,2.8311,social,email,social,0,1
U05290,price_sensitive,fixed,1,0,0,1,0.0,2.0945,email,email,email,0,0
U05291,loyal_customer,fixed,2,1,0,3,36.6138,10.1945,ad,ad,social,0,1
U05292,high_intent,hybrid,6,4,2,13,12.699,6.7665,social,social,social,1,0
U05293,loyal_customer,fixed,2,0,0,2,133.5422,4.8514,social,social,social,0,0
U05294,loyal_customer,hybrid,3,1,0,4,25.265,4.598,social,social,email,0,1
U05295,low_engagement,fixed,4,2,1,7,37.7671,2.8441,social,social,social,0,1
U05296,low_engagement,hybrid,4,1,1,6,31.0938,5.0976,social,social,social,0,1
U05297,price_sensitive,trigger,1,0,0,1,0.0,1.6957,email,email,email,0,0
U05298,low_engagement,hybrid,4,1,0,5,67.6915,2.7954,social,social,social,0,1
U05299,low_engagement,hybrid,4,0,0,4,44.6525,4.7804,social,ad,social,0,0
U05300,new_cold_customer,trigger,2,1,0,3,125.1849,3.2001,email,social,email,0,1
U05301,new_cold_customer,trigger,5,3,1,9,9.6872,9.7574,social,ad,social,0,1
U05302,price_sensitive,trigger,3,1,0,4,76.1701,4.579,social,social,ad,0,1
U05303,new_cold_customer,hybrid,3,3,0,6,18.2468,1.9826,social,social,social,0,1
U05304,price_sensitive,fixed,3,0,0,3,53.0644,4.4228,ad,ad,social,0,0
U05305,new_cold_customer,trigger,4,3,1,9,17.2107,5.6279,social,social,social,1,0
U05306,loyal_customer,fixed,4,4,2,10,28.0029,3.0575,social,social,social,0,1
U05307,new_cold_customer,trigger,3,1,1,5,70.6602,1.9491,ad,social,email,0,1
U05308,low_engagement,trigger,3,2,0,5,68.9753,3.4002,social,email,social,0,1
U05309,low_engagement,trigger,3,2,0,5,40.8974,6.2378,email,email,social,0,1
U05310,new_cold_customer,hybrid,4,3,2,9,29.4246,3.9115,social,social,social,0,1
U05311,new_cold_customer,trigger,2,1,0,3,17.9062,7.2163,social,social,social,0,1
U05312,high_intent,hybrid,7,4,1,12,25.9824,1.94,social,social,social,0,1
U05313,high_intent,fixed,4,4,1,10,25.764,3.7887,social,social,social,1,0
U05314,low_engagement,hybrid,3,1,0,4,75.8945,1.5211,social,social,social,0,1
U05315,loyal_customer,hybrid,4,1,0,5,49.2555,2.6169,social,social,email,0,1
U05316,new_cold_customer,fixed,4,3,1,9,24.1616,5.1565,social,social,social,1,0
U05317,low_engagement,hybrid,2,1,0,3,6.4246,8.1783,ad,social,ad,0,1
U05318,low_engagement,hybrid,2,0,0,2,49.5875,12.5936,social,social,social,0,0
U05319,loyal_customer,fixed,6,2,0,8,43.9195,1.5809,email,email,social,0,1
U05320,new_cold_customer,hybrid,3,2,0,5,72.19,2.9663,social,social,social,0,1
U05321,price_sensitive,hybrid,1,0,0,1,0.0,5.6969,social,social,social,0,0
U05322,low_engagement,hybrid,1,0,0,1,0.0,9.7448,social,social,social,0,0
U05323,loyal_customer,trigger,3,2,2,7,16.4603,9.2317,email,email,social,0,1
U05324,low_engagement,fixed,4,0,0,4,96.0154,1.5449,social,email,social,0,0
U05325,new_cold_customer,hybrid,4,2,0,6,45.5883,1.1207,social,social,social,0,1
U05326,price_sensitive,fixed,3,1,0,4,16.9275,6.8242,social,social,email,0,1
U05327,low_engagement,trigger,2,2,0,4,30.6041,6.1253,social,social,social,0,1
U05328,high_intent,trigger,4,1,0,5,32.752,8.4042,email,social,email,0,1
U05329,loyal_customer,fixed,6,3,1,10,20.9846,4.2195,social,social,social,0,1
U05330,high_intent,fixed,6,5,1,12,23.6072,1.394,social,social,social,0,1
U05331,high_intent,trigger,4,2,2,9,34.7853,2.5603,social,social,social,1,0
U05332,loyal_customer,hybrid,3,1,0,4,22.1107,2.7362,email,social,offer,0,1
U05333,new_cold_customer,hybrid,2,0,0,2,297.4811,1.0524,social,social,email,0,0
U05334,new_cold_customer,fixed,4,3,0,7,30.4685,5.3374,social,social,ad,0,1
U05335,high_intent,fixed,6,5,1,13,25.5364,2.0789,email,email,social,1,0
U05336,loyal_customer,hybrid,3,2,0,5,38.6422,3.6871,social,ad,social,0,1
U05337,new_cold_customer,trigger,4,2,0,6,47.7668,1.5706,social,social,social,0,1
U05338,new_cold_customer,trigger,5,3,1,9,39.5575,1.2726,social,social,social,0,1
U05339,low_engagement,fixed,4,0,0,4,93.1899,1.2989,social,social,offer,0,0
U05340,high_intent,trigger,4,3,1,9,23.6026,3.7569,email,email,email,1,0
U05341,loyal_customer,trigger,6,3,2,13,19.0176,2.5677,social,email,email,1,0
U05342,low_engagement,trigger,1,1,1,3,0.0,1.327,social,social,social,0,1
U05343,low_engagement,hybrid,2,2,0,4,98.6113,2.1354,social,social,social,0,1
U05344,high_intent,trigger,6,4,3,13,17.1737,2.0298,social,email,ad,0,1
U05345,loyal_customer,fixed,4,3,0,7,27.2224,6.0663,social,email,email,0,1
U05346,new_cold_customer,fixed,4,0,0,4,50.3888,4.2017,social,email,social,0,0
U05347,new_cold_customer,trigger,2,1,0,3,12.387,3.365,social,social,social,0,1
U05348,low_engagement,hybrid,2,1,0,3,45.7291,5.501,ad,ad,email,0,1
U05349,price_sensitive,fixed,1,0,0,1,0.0,10.1454,email,email,email,0,0
U05350,new_cold_customer,hybrid,2,1,0,3,33.4394,3.1339,social,social,social,0,1
U05351,low_engagement,fixed,1,0,0,1,0.0,14.3625,social,social,social,0,0
U05352,low_engagement,fixed,1,0,0,1,0.0,8.1074,social,social,social,0,0
U05353,high_intent,fixed,4,4,3,11,19.7114,5.3289,email,email,email,0,1
U05354,loyal_customer,fixed,2,2,0,4,29.3188,1.1456,social,social,social,0,1
U05355,low_engagement,hybrid,2,1,0,3,91.2773,2.2045,social,social,social,0,1
U05356,high_intent,fixed,3,3,1,7,45.004,1.669,social,social,social,0,1
U05357,loyal_customer,hybrid,2,1,0,3,48.77,6.9444,social,social,social,0,1
U05358,low_engagement,hybrid,3,3,0,6,5.4482,10.3114,social,social,social,0,1
U05359,new_cold_customer,fixed,3,2,2,7,40.59,2.4668,social,social,social,0,1
U05360,high_intent,hybrid,6,6,4,20,12.753,4.6909,social,email,social,1,0
U05361,loyal_customer,trigger,5,3,2,10,26.3415,3.1551,social,social,social,0,1
U05362,new_cold_customer,hybrid,5,3,1,9,39.9653,1.4843,social,social,social,0,1
U05363,price_sensitive,trigger,1,0,0,1,0.0,4.0459,email,email,email,0,0
U05364,high_intent,trigger,3,2,1,7,13.6967,6.163,email,email,email,1,0
U05365,low_engagement,hybrid,3,2,0,5,24.4911,8.0546,social,social,email,0,1
U05366,low_engagement,fixed,4,0,0,4,60.6034,7.3513,social,social,social,0,0
U05367,new_cold_customer,fixed,5,1,0,6,54.1334,3.65,social,social,social,0,1
U05368,new_cold_customer,hybrid,5,3,2,10,19.3943,2.3404,social,social,social,0,1
U05369,high_intent,hybrid,5,3,1,10,19.5755,3.5606,email,email,social,1,0
U05370,low_engagement,trigger,4,1,0,5,72.2977,1.4379,social,social,social,0,1
U05371,loyal_customer,fixed,2,1,0,3,35.2158,8.6967,ad,email,ad,0,1
U05372,new_cold_customer,trigger,4,3,2,9,37.0089,1.6783,social,ad,social,0,1
U05373,low_engagement,trigger,4,2,2,8,22.6648,4.9428,email,ad,email,0,1
U05374,low_engagement,hybrid,2,0,0,2,190.1872,3.7978,social,social,email,0,0
U05375,low_engagement,hybrid,4,2,0,6,51.2395,3.381,social,email,social,0,1
U05376,high_intent,trigger,5,4,1,11,25.3296,3.7863,social,social,social,1,0
U05377,new_cold_customer,hybrid,4,3,0,7,45.7155,3.5515,social,social,social,0,1
U05378,new_cold_customer,hybrid,2,1,0,3,56.1652,7.6169,social,social,social,0,1
U05379,low_engagement,hybrid,4,2,1,7,45.6954,3.2143,social,social,social,0,1
U05380,new_cold_customer,trigger,2,1,1,4,86.8035,3.2628,social,social,social,0,1
U05381,price_sensitive,hybrid,1,0,0,1,0.0,6.9444,social,social,social,0,0
U05382,new_cold_customer,hybrid,2,1,0,3,19.0898,7.0407,social,social,social,0,1
U05383,low_engagement,trigger,2,0,0,2,118.0736,3.3433,social,social,social,0,0
U05384,low_engagement,trigger,2,1,0,3,35.1424,8.7558,social,social,social,0,1
U05385,price_sensitive,fixed,1,0,0,1,0.0,2.3834,email,email,email,0,0
U05386,loyal_customer,fixed,5,3,1,9,29.8163,2.9452,social,ad,social,0,1
U05387,new_cold_customer,hybrid,5,1,0,6,54.3633,2.1239,social,social,social,0,1
U05388,loyal_customer,fixed,5,2,1,8,26.7152,2.0361,social,social,social,0,1
U05389,price_sensitive,fixed,2,0,0,2,29.0171,6.1439,email,email,email,0,0
U05390,new_cold_customer,hybrid,4,1,0,5,59.9927,3.6161,social,social,social,0,1
U05391,new_cold_customer,fixed,5,2,0,7,37.5835,4.3363,social,social,social,0,1
U05392,new_cold_customer,trigger,2,1,1,4,4.7541,1.8137,social,social,social,0,1
U05393,loyal_customer,fixed,2,1,1,4,33.1025,4.7896,social,ad,social,0,1
U05394,low_engagement,trigger,3,2,0,5,29.4623,4.5768,social,social,social,0,1
U05395,high_intent,trigger,4,4,0,8,26.7433,5.5401,email,email,social,0,1
U05396,low_engagement,hybrid,3,1,0,4,46.1492,6.3097,social,social,social,0,1
U05397,price_sensitive,hybrid,3,0,0,3,110.3632,2.0504,email,email,email,0,0
U05398,low_engagement,hybrid,3,0,0,3,92.5753,5.1367,social,social,social,0,0
U05399,loyal_customer,fixed,5,4,1,10,26.2423,4.3656,email,social,email,0,1
U05400,loyal_customer,fixed,4,0,0,4,32.9726,7.7982,email,email,social,0,0
U05401,low_engagement,trigger,4,1,0,5,38.3578,3.9278,social,social,social,0,1
U05402,loyal_customer,fixed,2,1,1,4,52.3558,3.3183,social,social,social,0,1
U05403,new_cold_customer,hybrid,3,1,1,5,62.0496,3.3075,social,ad,social,0,1
U05404,new_cold_customer,trigger,3,1,1,5,28.3485,1.1503,social,social,ad,0,1
U05405,low_engagement,fixed,1,0,0,1,0.0,12.2435,ad,ad,ad,0,0
U05406,high_intent,fixed,7,3,0,10,26.8064,4.6069,email,email,social,0,1
U05407,low_engagement,fixed,1,0,0,1,0.0,4.0931,social,social,social,0,0
U05408,loyal_customer,hybrid,4,3,0,7,42.8579,2.7007,social,social,email,0,1
U05409,new_cold_customer,hybrid,3,1,0,4,28.3522,7.3208,social,social,social,0,1
U05410,loyal_customer,trigger,3,1,0,4,98.1142,2.334,social,social,social,0,1
U05411,high_intent,hybrid,4,4,3,12,21.5357,2.4193,email,offer,social,1,0
U05412,new_cold_customer,hybrid,4,3,1,8,35.8681,4.4228,social,social,social,0,1
U05413,low_engagement,trigger,3,1,0,4,38.8489,8.6886,social,social,email,0,1
U05414,loyal_customer,hybrid,5,3,1,9,18.4353,8.7282,social,social,social,0,1
U05415,new_cold_customer,trigger,3,0,0,3,80.1902,1.5208,social,social,social,0,0
U05416,new_cold_customer,hybrid,3,1,0,4,77.8097,3.8694,social,social,social,0,1
U05417,new_cold_customer,fixed,5,3,0,8,27.6297,4.0907,social,social,social,0,1
U05418,loyal_customer,hybrid,3,1,0,4,19.3512,6.4087,social,email,social,0,1
U05419,new_cold_customer,hybrid,3,0,0,3,90.2895,6.6208,social,social,social,0,0
U05420,new_cold_customer,trigger,5,2,1,8,42.8757,2.4927,social,social,social,0,1
U05421,new_cold_customer,fixed,5,2,2,10,33.1296,1.7546,social,social,social,1,0
U05422,loyal_customer,hybrid,5,3,1,9,17.9235,7.9638,social,social,social,0,1
U05423,low_engagement,trigger,2,2,0,4,51.596,1.794,email,email,social,0,1
U05424,loyal_customer,trigger,4,2,1,8,33.6366,4.7026,social,social,offer,1,0
U05425,low_engagement,trigger,2,1,0,3,5.8297,11.5347,social,social,social,0,1
U05426,low_engagement,hybrid,1,0,0,1,0.0,10.5321,email,email,email,0,0
U05427,new_cold_customer,trigger,5,1,0,6,38.5856,1.7053,social,email,social,0,1
U05428,high_intent,hybrid,3,2,1,7,9.5445,9.1175,social,email,social,1,0
U05429,loyal_customer,fixed,2,0,0,2,230.5867,1.1544,social,social,social,0,0
U05430,new_cold_customer,hybrid,5,0,0,5,45.3449,5.9054,social,social,social,0,0
U05431,loyal_customer,hybrid,5,4,1,10,21.0764,1.7906,email,email,offer,0,1
U05432,new_cold_customer,fixed,4,1,1,6,49.4162,1.8162,social,social,social,0,1
U05433,low_engagement,trigger,2,1,0,3,137.155,2.9762,email,email,offer,0,1
U05434,low_engagement,hybrid,1,0,0,1,0.0,3.1665,social,social,social,0,0
U05435,loyal_customer,fixed,4,3,1,8,37.374,1.0166,social,social,email,0,1
U05436,loyal_customer,trigger,6,3,2,12,20.7579,1.621,social,ad,email,1,0
U05437,high_intent,hybrid,5,3,1,9,26.3164,6.2026,social,social,email,0,1
U05438,low_engagement,trigger,2,1,0,3,16.7117,3.6889,social,social,social,0,1
U05439,high_intent,trigger,7,4,3,16,19.0287,1.2142,social,social,social,1,0
U05440,price_sensitive,hybrid,1,0,0,1,0.0,4.9526,email,email,email,0,0
U05441,new_cold_customer,fixed,2,1,0,3,56.7056,8.8236,ad,ad,social,0,1
U05442,new_cold_customer,hybrid,3,1,0,4,38.7234,5.861,social,social,ad,0,1
U05443,high_intent,trigger,6,3,3,14,24.6282,1.441,social,social,social,1,0
U05444,new_cold_customer,trigger,5,2,1,8,15.2786,7.8121,social,ad,social,0,1
U05445,new_cold_customer,fixed,5,0,0,5,61.476,1.621,social,social,social,0,0
U05446,low_engagement,fixed,2,1,0,3,78.779,1.6361,social,email,social,0,1
U05447,price_sensitive,trigger,3,1,0,4,39.1534,1.7557,social,social,social,0,1
U05448,high_intent,hybrid,8,6,3,18,11.1972,5.6756,social,social,social,1,0
U05449,low_engagement,hybrid,4,0,0,4,46.2107,9.1836,email,email,ad,0,0
U05450,new_cold_customer,fixed,2,1,0,3,80.0175,3.2534,social,social,social,0,1
U05451,high_intent,fixed,7,4,1,12,26.0849,1.452,email,email,social,0,1
U05452,new_cold_customer,trigger,3,0,0,3,123.6041,3.1487,social,social,social,0,0
U05453,loyal_customer,hybrid,6,2,2,11,22.0005,3.1961,email,social,email,1,0
U05454,high_intent,fixed,3,3,1,8,18.4111,2.193,social,social,email,1,0
U05455,loyal_customer,fixed,6,1,0,7,32.1643,3.4098,email,email,social,0,1
U05456,low_engagement,hybrid,1,0,0,1,0.0,9.8977,social,social,social,0,0
U05457,new_cold_customer,trigger,5,3,1,9,25.5438,3.3747,social,offer,social,0,1
U05458,low_engagement,fixed,2,1,0,3,131.3701,3.15,social,social,social,0,1
U05459,low_engagement,trigger,1,1,0,2,0.0,7.2179,social,social,social,0,1
U05460,price_sensitive,trigger,3,0,0,3,71.4853,5.9547,social,social,social,0,0
U05461,high_intent,hybrid,8,6,2,17,19.3455,1.9256,social,social,social,1,0
U05462,low_engagement,trigger,4,0,0,4,35.3521,7.4316,social,social,social,0,0
U05463,loyal_customer,trigger,2,1,0,3,11.3215,4.0281,social,social,social,0,1
U05464,low_engagement,fixed,1,1,0,2,0.0,11.2847,social,social,social,0,1
U05465,high_intent,trigger,5,4,3,13,27.2194,1.1887,social,social,social,1,0
U05466,new_cold_customer,fixed,5,2,0,7,12.4387,7.7601,social,social,social,0,1
U05467,new_cold_customer,fixed,3,1,1,5,28.8824,3.851,ad,ad,social,0,1
U05468,loyal_customer,fixed,2,1,0,3,62.0725,2.727,social,social,social,0,1
U05469,price_sensitive,hybrid,2,0,0,2,212.1479,5.1408,email,email,email,0,0
U05470,loyal_customer,hybrid,5,3,0,8,39.6413,1.4052,social,email,social,0,1
U05471,low_engagement,trigger,4,2,1,7,31.3029,2.5374,offer,offer,social,0,1
U05472,loyal_customer,hybrid,5,1,0,6,27.6386,6.9765,social,social,social,0,1
U05473,new_cold_customer,trigger,2,1,0,3,108.5918,1.4355,social,social,social,0,1
U05474,new_cold_customer,trigger,3,1,1,5,22.5939,7.0472,social,social,social,0,1
U05475,new_cold_customer,hybrid,2,2,2,7,21.3561,7.4374,social,social,ad,1,0
U05476,new_cold_customer,trigger,5,3,0,8,28.8087,1.1504,social,social,social,0,1
U05477,low_engagement,trigger,3,2,0,5,61.4266,2.4387,social,social,social,0,1
U05478,low_engagement,hybrid,1,0,0,1,0.0,10.5216,ad,ad,ad,0,0
U05479,high_intent,trigger,6,2,1,9,35.7026,1.5676,email,social,email,0,1
U05480,high_intent,hybrid,4,2,1,8,31.8852,5.123,email,ad,email,1,0
U05481,low_engagement,fixed,2,0,0,2,123.6558,1.1586,social,social,email,0,0
U05482,new_cold_customer,fixed,2,0,0,2,4.8046,13.5819,social,social,social,0,0
U05483,low_engagement,trigger,2,0,0,2,116.168,4.5749,social,social,email,0,0
U05484,new_cold_customer,hybrid,5,1,0,6,54.7416,3.3307,social,social,social,0,1
U05485,new_cold_customer,fixed,3,0,0,3,86.1869,2.5733,social,social,social,0,0
U05486,new_cold_customer,trigger,5,0,0,5,62.5122,1.8664,social,social,social,0,0
U05487,new_cold_customer,fixed,3,2,0,5,52.318,5.7089,social,social,social,0,1
U05488,new_cold_customer,fixed,5,4,2,11,19.0577,1.4183,social,social,social,0,1
U05489,loyal_customer,trigger,5,2,0,7,48.153,2.9047,social,email,social,0,1
U05490,new_cold_customer,hybrid,4,1,0,5,41.3329,7.0081,social,social,social,0,1
U05491,new_cold_customer,hybrid,4,2,1,7,49.8692,1.9959,social,email,social,0,1
U05492,low_engagement,trigger,1,1,0,2,0.0,11.0833,email,email,email,0,1
U05493,new_cold_customer,fixed,5,3,1,9,23.7953,6.179,ad,ad,social,0,1
U05494,low_engagement,fixed,4,0,0,4,101.1972,1.4112,social,social,social,0,0
U05495,low_engagement,fixed,3,0,0,3,64.3384,5.0034,social,social,social,0,0
U05496,low_engagement,hybrid,4,2,1,8,25.4395,4.4454,ad,social,email,1,0
U05497,high_intent,fixed,6,4,3,14,22.9916,2.2441,social,social,social,1,0
U05498,new_cold_customer,hybrid,3,2,1,7,25.0479,1.5047,social,social,social,1,0
U05499,low_engagement,hybrid,2,0,0,2,258.3785,1.3309,email,email,social,0,0
U05500,price_sensitive,hybrid,2,1,0,3,108.2721,3.2662,email,email,email,0,1
U05501,new_cold_customer,hybrid,3,1,0,4,72.8753,4.093,ad,social,ad,0,1
U05502,new_cold_customer,hybrid,3,2,1,6,63.2801,1.7327,social,ad,social,0,1
U05503,new_cold_customer,trigger,4,2,1,7,36.4412,2.964,social,social,social,0,1
U05504,new_cold_customer,trigger,2,1,1,4,11.239,10.6937,email,email,ad,0,1
U05505,low_engagement,fixed,3,3,0,6,42.8705,5.4844,social,social,social,0,1
U05506,low_engagement,fixed,3,0,0,3,105.5411,1.1166,ad,email,ad,0,0
U05507,low_engagement,fixed,1,0,0,1,0.0,11.5945,social,social,social,0,0
U05508,loyal_customer,trigger,5,2,1,8,39.5269,2.3045,social,email,social,0,1
U05509,low_engagement,trigger,3,0,0,3,149.4131,2.096,social,social,social,0,0
U05510,new_cold_customer,fixed,4,2,1,7,43.78,2.1851,social,social,social,0,1
U05511,low_engagement,hybrid,3,2,2,7,23.8284,6.1311,ad,social,ad,0,1
U05512,new_cold_customer,trigger,3,2,0,5,22.2905,6.994,social,social,social,0,1
U05513,low_engagement,trigger,2,0,0,2,129.9927,2.0731,social,social,ad,0,0
U05514,low_engagement,trigger,4,0,0,4,49.853,6.5778,ad,ad,social,0,0
U05515,price_sensitive,hybrid,3,0,0,3,111.7724,1.7489,email,email,email,0,0
U05516,loyal_customer,fixed,3,0,0,3,119.0868,3.5927,offer,social,offer,0,0
U05517,new_cold_customer,trigger,5,2,1,8,29.7348,1.1985,social,social,social,0,1
U05518,new_cold_customer,hybrid,3,0,0,3,99.8481,3.8849,social,social,social,0,0
U05519,loyal_customer,hybrid,6,5,0,11,15.7335,2.4381,social,social,social,0,1
U05520,loyal_customer,trigger,4,3,0,7,25.845,7.8239,social,social,social,0,1
U05521,high_intent,hybrid,4,2,2,9,9.745,10.7378,social,email,social,1,0
U05522,loyal_customer,hybrid,2,1,0,3,11.5963,3.3798,social,social,social,0,1
U05523,new_cold_customer,hybrid,3,1,0,4,56.4847,2.2103,social,social,email,0,1
U05524,high_intent,trigger,8,5,2,17,12.5727,4.301,social,social,social,1,0
U05525,price_sensitive,fixed,2,0,0,2,220.1669,5.2686,ad,ad,social,0,0
U05526,new_cold_customer,hybrid,4,2,0,6,54.2914,3.2006,social,social,social,0,1
U05527,price_sensitive,fixed,3,1,1,6,48.4963,3.7013,social,email,social,1,0
U05528,low_engagement,trigger,2,1,0,3,90.282,4.0034,email,email,social,0,1
U05529,low_engagement,trigger,1,0,0,1,0.0,14.2232,social,social,social,0,0
U05530,price_sensitive,hybrid,1,0,0,1,0.0,2.7714,social,social,social,0,0
U05531,new_cold_customer,hybrid,4,2,0,6,50.6167,3.6132,social,social,social,0,1
U05532,new_cold_customer,hybrid,4,3,0,7,50.949,1.6645,social,social,social,0,1
U05533,new_cold_customer,fixed,5,2,2,9,12.2221,3.9492,social,social,social,0,1
U05534,high_intent,hybrid,6,4,0,10,34.6099,1.5617,social,social,social,0,1
U05535,high_intent,fixed,5,2,1,9,20.7308,3.4178,social,social,ad,1,0
U05536,new_cold_customer,trigger,5,3,2,11,31.1207,1.9164,social,social,email,1,0
U05537,new_cold_customer,fixed,4,2,1,7,47.6699,2.5878,social,social,social,0,1
U05538,low_engagement,hybrid,2,0,0,2,49.9614,9.0437,social,social,email,0,0
U05539,new_cold_customer,trigger,2,1,0,3,10.8572,9.8114,social,social,ad,0,1
U05540,new_cold_customer,trigger,2,0,0,2,258.0938,1.2056,social,social,social,0,0
U05541,new_cold_customer,fixed,3,1,1,5,49.2012,2.2753,social,social,social,0,1
U05542,loyal_customer,trigger,6,3,0,9,35.0019,3.3102,social,social,social,0,1
U05543,new_cold_customer,trigger,4,3,2,9,11.1243,6.0743,social,social,social,0,1
U05544,high_intent,hybrid,4,3,1,8,32.8784,2.3039,social,social,email,0,1
U05545,low_engagement,trigger,3,0,0,3,111.8736,4.4115,social,social,social,0,0
U05546,new_cold_customer,fixed,3,1,0,4,86.2145,3.8996,email,email,social,0,1
U05547,new_cold_customer,hybrid,3,0,0,3,88.8606,5.0026,social,social,social,0,0
U05548,loyal_customer,fixed,6,4,2,12,16.824,5.5326,social,social,offer,0,1
U05549,low_engagement,hybrid,1,1,0,2,0.0,5.2543,ad,ad,ad,0,1
U05550,low_engagement,hybrid,4,1,0,5,77.5081,1.6926,social,social,email,0,1
U05551,loyal_customer,trigger,5,3,0,8,32.7458,3.7774,social,ad,social,0,1
U05552,low_engagement,fixed,2,0,0,2,169.3819,7.1849,ad,ad,social,0,0
U05553,loyal_customer,fixed,4,2,0,6,52.6473,3.2567,email,email,email,0,1
U05554,price_sensitive,trigger,3,1,0,4,27.4397,10.4168,social,email,social,0,1
U05555,new_cold_customer,fixed,3,0,0,3,128.2288,3.1406,email,email,email,0,0
U05556,new_cold_customer,hybrid,4,1,0,5,37.9268,8.6568,social,social,ad,0,1
U05557,loyal_customer,fixed,3,2,1,6,36.0384,4.7189,social,social,social,0,1
U05558,high_intent,hybrid,3,3,1,7,41.744,3.3809,social,email,social,0,1
U05559,low_engagement,hybrid,1,0,0,1,0.0,5.595,social,social,social,0,0
U05560,price_sensitive,fixed,3,0,0,3,125.9183,3.6051,social,email,social,0,0
U05561,price_sensitive,hybrid,2,0,0,2,212.157,3.6979,social,social,social,0,0
U05562,low_engagement,fixed,2,2,0,4,10.3337,11.3416,social,social,social,0,1
U05563,new_cold_customer,fixed,4,2,0,6,55.8247,2.6991,social,social,social,0,1
U05564,high_intent,hybrid,4,3,1,9,22.0916,2.6752,email,email,social,1,0
U05565,new_cold_customer,trigger,4,1,0,5,75.3127,1.2624,social,ad,social,0,1
U05566,low_engagement,trigger,3,1,0,4,22.6512,6.0606,social,social,ad,0,1
U05567,low_engagement,fixed,2,0,0,2,44.2594,8.049,social,social,social,0,0
U05568,loyal_customer,fixed,6,3,1,11,25.2528,2.19,social,email,social,1,0
U05569,loyal_customer,hybrid,4,4,1,10,22.2179,1.8496,social,social,email,1,0
U05570,new_cold_customer,trigger,3,1,0,4,67.7284,6.3256,social,email,social,0,1
U05571,new_cold_customer,trigger,5,3,1,9,29.6385,2.8039,social,social,social,0,1
U05572,new_cold_customer,fixed,3,2,1,6,4.0431,5.0084,social,social,email,0,1
U05573,loyal_customer,hybrid,4,3,2,10,15.6887,5.1159,social,social,offer,1,0
U05574,high_intent,hybrid,4,3,3,12,13.8997,3.0756,email,social,email,1,0
U05575,new_cold_customer,fixed,2,2,0,4,41.8485,7.2874,social,social,email,0,1
U05576,price_sensitive,trigger,3,0,0,3,93.4427,4.3327,social,ad,social,0,0
U05577,low_engagement,hybrid,4,2,1,7,37.7047,1.1646,social,social,social,0,1
U05578,low_engagement,trigger,1,0,0,1,0.0,11.9229,email,email,email,0,0
U05579,price_sensitive,hybrid,3,1,0,4,7.665,10.3137,email,email,email,0,1
U05580,new_cold_customer,trigger,5,2,1,8,35.1263,2.0336,social,social,social,0,1
U05581,new_cold_customer,fixed,4,1,0,5,34.558,8.1867,social,social,social,0,1
U05582,loyal_customer,trigger,4,2,1,7,36.595,2.516,social,social,ad,0,1
U05583,loyal_customer,fixed,2,0,0,2,35.8964,4.63,ad,ad,social,0,0
U05584,loyal_customer,trigger,3,1,0,4,26.3368,9.2491,email,social,email,0,1
U05585,new_cold_customer,fixed,3,1,0,4,38.0409,4.5856,social,social,social,0,1
U05586,low_engagement,hybrid,1,0,0,1,0.0,4.9478,social,social,social,0,0
U05587,new_cold_customer,fixed,4,3,1,8,36.5821,3.6966,social,email,social,0,1
U05588,low_engagement,trigger,1,0,0,1,0.0,13.7038,social,social,social,0,0
U05589,loyal_customer,trigger,3,1,0,4,43.8583,2.839,email,social,email,0,1
U05590,new_cold_customer,fixed,2,0,0,2,184.4693,3.1545,social,social,social,0,0
U05591,new_cold_customer,fixed,5,2,1,8,42.4666,1.9664,social,social,social,0,1
U05592,high_intent,fixed,6,5,1,13,20.0291,4.0238,email,social,email,1,0
U05593,new_cold_customer,fixed,5,3,2,10,12.0986,1.6133,social,social,ad,0,1
U05594,low_engagement,fixed,1,1,0,2,0.0,14.6828,ad,ad,ad,0,1
U05595,loyal_customer,fixed,2,2,1,5,30.4933,7.4565,ad,social,ad,0,1
U05596,price_sensitive,trigger,1,1,0,2,0.0,4.9493,email,email,email,0,1
U05597,high_intent,trigger,6,3,2,11,27.0817,3.6271,social,email,social,0,1
U05598,price_sensitive,hybrid,2,1,0,3,86.0016,2.3332,social,social,email,0,1
U05599,new_cold_customer,trigger,5,1,1,7,40.4549,1.4269,social,email,social,0,1
U05600,loyal_customer,trigger,4,1,0,5,53.3099,3.6153,social,social,social,0,1
U05601,low_engagement,fixed,2,0,0,2,208.7421,2.7594,email,email,social,0,0
U05602,new_cold_customer,fixed,5,2,1,8,36.759,2.402,social,social,social,0,1
U05603,low_engagement,hybrid,2,1,0,3,19.8177,5.5337,social,social,social,0,1
U05604,low_engagement,fixed,2,1,0,3,65.5565,4.117,social,social,social,0,1
U05605,price_sensitive,trigger,2,1,1,4,43.4264,2.7075,email,ad,email,0,1
U05606,new_cold_customer,fixed,4,3,0,7,38.2272,4.3583,social,social,offer,0,1
U05607,new_cold_customer,fixed,3,2,0,5,70.5346,1.768,social,ad,social,0,1
U05608,low_engagement,fixed,4,1,1,6,13.6863,1.22,social,email,social,0,1
U05609,loyal_customer,hybrid,3,0,0,3,86.1157,3.864,email,email,email,0,0
U05610,new_cold_customer,trigger,4,2,0,6,33.2148,3.645,social,social,email,0,1
U05611,high_intent,hybrid,6,5,1,12,25.0538,1.6414,social,social,offer,0,1
U05612,loyal_customer,hybrid,5,5,1,11,22.8286,2.2613,social,social,social,0,1
U05613,new_cold_customer,hybrid,4,1,0,5,18.2735,2.6037,social,social,social,0,1
U05614,price_sensitive,trigger,2,1,0,3,39.1244,11.4354,email,social,email,0,1
U05615,low_engagement,trigger,3,1,0,4,36.7575,1.118,social,social,social,0,1
U05616,low_engagement,hybrid,1,1,0,2,0.0,11.5304,social,social,social,0,1
U05617,high_intent,trigger,3,3,1,7,24.0306,7.5937,email,email,email,0,1
U05618,high_intent,hybrid,3,2,1,6,18.1785,7.2204,email,social,email,0,1
U05619,low_engagement,trigger,1,0,0,1,0.0,7.1762,social,social,social,0,0
U05620,loyal_customer,trigger,4,1,1,6,11.5187,6.7758,social,social,social,0,1
U05621,low_engagement,trigger,1,1,0,2,0.0,2.6865,social,social,social,0,1
U05622,new_cold_customer,hybrid,4,1,0,5,65.938,1.7593,ad,ad,email,0,1
U05623,price_sensitive,trigger,1,0,0,1,0.0,3.6816,social,social,social,0,0
U05624,new_cold_customer,hybrid,5,3,1,9,27.1951,1.419,social,social,social,0,1
U05625,loyal_customer,trigger,2,1,0,3,58.9142,9.8206,email,email,email,0,1
U05626,low_engagement,trigger,1,0,0,1,0.0,7.4872,email,email,email,0,0
U05627,new_cold_customer,trigger,2,0,0,2,20.4914,11.452,social,social,social,0,0
U05628,new_cold_customer,trigger,4,3,1,8,24.6884,6.4826,email,ad,email,0,1
U05629,low_engagement,trigger,1,0,0,1,0.0,3.6785,email,email,email,0,0
U05630,high_intent,trigger,8,3,3,14,19.6323,2.2733,social,social,social,0,1
U05631,high_intent,trigger,7,2,2,11,24.4347,1.8165,social,offer,social,0,1
U05632,new_cold_customer,fixed,5,2,0,7,36.942,3.8873,social,social,social,0,1
U05633,new_cold_customer,trigger,3,2,0,5,10.7674,3.7379,social,social,social,0,1
U05634,loyal_customer,fixed,2,2,0,4,74.1701,4.6809,social,social,social,0,1
U05635,new_cold_customer,hybrid,3,0,0,3,98.8062,4.7704,social,email,social,0,0
U05636,new_cold_customer,trigger,5,1,1,7,54.7909,1.2452,social,social,ad,0,1
U05637,new_cold_customer,hybrid,4,3,0,7,50.8875,1.0532,social,social,social,0,1
U05638,new_cold_customer,fixed,4,2,0,6,24.4945,6.528,social,social,social,0,1
U05639,loyal_customer,fixed,5,3,1,9,19.4454,2.9488,social,social,social,0,1
U05640,new_cold_customer,trigger,3,1,0,4,107.2367,1.5493,social,social,social,0,1
U05641,low_engagement,trigger,3,0,0,3,40.8767,6.6451,social,social,ad,0,0
U05642,new_cold_customer,fixed,4,0,0,4,83.4762,2.9068,social,social,social,0,0
U05643,low_engagement,trigger,3,2,0,5,51.3817,5.9903,email,email,ad,0,1
U05644,new_cold_customer,trigger,5,2,2,9,30.1428,1.3049,social,social,ad,0,1
U05645,low_engagement,hybrid,4,1,0,5,36.1463,7.553,social,social,offer,0,1
U05646,new_cold_customer,trigger,3,2,0,5,43.6274,2.9547,social,social,social,0,1
U05647,new_cold_customer,fixed,2,1,0,3,0.4926,4.9972,social,email,social,0,1
U05648,loyal_customer,hybrid,3,3,1,7,54.5233,1.2746,social,email,social,0,1
U05649,low_engagement,hybrid,1,0,0,1,0.0,2.3769,email,email,email,0,0
U05650,low_engagement,fixed,4,1,1,6,43.4258,3.0331,email,social,social,0,1
U05651,new_cold_customer,trigger,2,1,0,3,79.2912,7.1507,social,social,social,0,1
U05652,new_cold_customer,trigger,3,1,1,5,14.9371,9.2048,social,social,social,0,1
U05653,high_intent,fixed,8,6,2,16,12.404,3.8376,social,social,social,0,1
U05654,high_intent,trigger,5,2,1,9,27.5742,5.2247,social,social,social,1,0
U05655,high_intent,hybrid,4,2,1,7,54.1574,1.3505,email,email,social,0,1
U05656,new_cold_customer,hybrid,5,4,3,13,18.285,4.2827,social,social,social,1,0
U05657,loyal_customer,hybrid,3,1,0,4,44.114,4.5918,email,social,email,0,1
U05658,high_intent,trigger,5,2,1,9,20.7914,5.5184,social,social,social,1,0
U05659,low_engagement,fixed,1,0,0,1,0.0,10.5888,social,social,social,0,0
U05660,new_cold_customer,hybrid,5,4,1,10,22.5919,1.5324,social,social,social,0,1
U05661,low_engagement,trigger,2,0,0,2,151.0613,1.1349,social,social,social,0,0
U05662,loyal_customer,trigger,3,0,0,3,57.5437,7.6963,social,email,social,0,0
U05663,new_cold_customer,fixed,5,0,0,5,64.7224,3.9294,social,social,social,0,0
U05664,low_engagement,trigger,3,2,1,6,8.5389,9.5251,social,social,social,0,1
U05665,new_cold_customer,hybrid,2,2,0,4,33.7204,1.5929,social,social,social,0,1
U05666,loyal_customer,trigger,4,1,1,6,49.2246,1.0829,email,email,email,0,1
U05667,new_cold_customer,fixed,4,2,0,6,65.5951,1.2864,social,ad,social,0,1
U05668,high_intent,hybrid,7,6,3,17,15.0912,1.9563,social,social,email,1,0
U05669,new_cold_customer,fixed,2,0,0,2,55.7538,8.0828,social,social,social,0,0
U05670,new_cold_customer,trigger,5,0,0,5,70.3938,1.1668,social,social,ad,0,0
U05671,loyal_customer,hybrid,4,1,0,5,40.8261,4.0423,email,social,email,0,1
U05672,high_intent,fixed,6,3,3,14,22.2913,1.4039,social,social,social,1,0
U05673,high_intent,trigger,6,5,4,15,12.4321,1.2201,social,social,social,0,1
U05674,high_intent,hybrid,8,5,2,16,21.133,1.7612,social,social,social,1,0
U05675,loyal_customer,trigger,4,4,1,9,35.4147,2.778,social,email,email,0,1
U05676,new_cold_customer,hybrid,2,1,0,3,76.1222,5.2028,social,social,social,0,1
U05677,new_cold_customer,trigger,4,3,1,8,25.3823,5.9236,social,social,social,0,1
U05678,low_engagement,hybrid,4,1,0,5,60.1996,3.4123,social,social,social,0,1
U05679,new_cold_customer,fixed,4,1,1,6,57.1301,1.6551,social,social,ad,0,1
U05680,new_cold_customer,fixed,2,1,0,3,31.113,7.0515,social,social,social,0,1
U05681,high_intent,trigger,6,5,3,15,16.0476,5.1535,social,social,social,1,0
U05682,new_cold_customer,hybrid,4,1,0,5,75.2532,1.8269,social,social,offer,0,1
U05683,new_cold_customer,hybrid,4,4,1,9,37.2031,1.5579,social,social,social,0,1
U05684,high_intent,trigger,6,5,4,16,14.3125,2.5327,email,ad,social,1,0
U05685,loyal_customer,fixed,2,1,0,3,4.3127,11.0441,social,social,social,0,1
U05686,low_engagement,fixed,2,0,0,2,136.9438,1.5585,email,email,social,0,0
U05687,new_cold_customer,trigger,4,1,0,5,79.4447,1.5412,social,social,social,0,1
U05688,low_engagement,trigger,2,0,0,2,80.6429,8.6079,email,email,social,0,0
U05689,low_engagement,fixed,2,1,0,3,107.0885,1.6579,social,social,social,0,1
U05690,high_intent,trigger,6,3,0,9,31.8884,2.4148,email,email,email,0,1
U05691,low_engagement,trigger,4,1,0,5,69.9064,2.851,email,email,email,0,1
U05692,low_engagement,trigger,3,2,0,5,18.4318,4.7147,social,social,social,0,1
U05693,new_cold_customer,fixed,3,1,0,4,36.6221,10.0305,email,email,social,0,1
U05694,low_engagement,fixed,4,1,0,5,56.4893,1.1513,email,email,social,0,1
U05695,loyal_customer,hybrid,3,1,0,4,71.5636,5.1997,email,email,social,0,1
U05696,low_engagement,trigger,2,1,1,4,22.0394,6.3246,social,social,social,0,1
U05697,low_engagement,trigger,2,0,0,2,169.6481,1.8824,social,social,social,0,0
U05698,low_engagement,fixed,4,2,0,6,35.8906,2.2318,email,email,social,0,1
U05699,low_engagement,fixed,2,0,0,2,49.7207,4.8293,social,social,social,0,0
U05700,new_cold_customer,fixed,5,3,1,9,33.8235,2.4664,social,social,social,0,1
U05701,new_cold_customer,hybrid,5,2,0,7,32.4699,4.2715,social,social,social,0,1
U05702,price_sensitive,hybrid,1,0,0,1,0.0,5.3452,email,email,email,0,0
U05703,price_sensitive,fixed,1,1,0,2,0.0,9.4419,social,social,social,0,1
U05704,price_sensitive,hybrid,2,1,0,3,57.2568,2.2311,email,email,email,0,1
U05705,new_cold_customer,hybrid,5,0,0,5,40.3627,4.3387,social,social,social,0,0
U05706,loyal_customer,trigger,6,4,2,13,18.8367,1.6596,social,social,social,1,0
U05707,low_engagement,trigger,3,1,0,4,14.268,4.9397,social,social,email,0,1
U05708,new_cold_customer,hybrid,5,1,1,7,45.0665,3.443,social,ad,social,0,1
U05709,new_cold_customer,fixed,4,1,0,5,51.2585,3.9058,social,ad,social,0,1
U05710,new_cold_customer,trigger,5,3,0,8,31.3709,1.0125,social,social,ad,0,1
U05711,new_cold_customer,trigger,2,1,0,3,58.8866,2.7356,social,social,social,0,1
U05712,loyal_customer,trigger,5,1,0,6,61.1776,1.2701,social,social,social,0,1
U05713,loyal_customer,hybrid,5,2,0,7,53.8525,1.5203,email,email,ad,0,1
U05714,high_intent,fixed,4,3,3,11,23.2859,4.5584,social,email,social,1,0
U05715,low_engagement,hybrid,1,1,0,2,0.0,3.2161,social,social,social,0,1
U05716,loyal_customer,trigger,6,2,0,8,35.8108,4.2658,social,social,social,0,1
U05717,low_engagement,fixed,4,1,1,6,20.7866,3.8868,email,email,social,0,1
U05718,loyal_customer,fixed,5,2,1,8,38.3098,2.7293,social,social,social,0,1
U05719,new_cold_customer,fixed,4,1,1,6,52.1927,1.7129,social,social,social,0,1
U05720,low_engagement,trigger,2,2,2,6,51.0357,3.2967,email,email,social,0,1
U05721,price_sensitive,fixed,3,0,0,3,45.1449,4.1433,ad,ad,social,0,0
U05722,new_cold_customer,trigger,3,2,1,6,27.6327,7.121,social,social,social,0,1
U05723,price_sensitive,fixed,2,0,0,2,67.7111,11.1227,social,social,social,0,0
U05724,new_cold_customer,trigger,2,1,0,3,86.6994,4.7802,social,social,social,0,1
U05725,new_cold_customer,hybrid,5,3,1,9,17.0728,2.2695,ad,ad,social,0,1
U05726,low_engagement,trigger,4,1,1,6,48.7105,3.6414,social,social,social,0,1
U05727,new_cold_customer,fixed,4,2,2,8,7.1362,8.4883,social,social,email,0,1
U05728,new_cold_customer,hybrid,3,2,1,6,59.9527,1.1127,social,social,social,0,1
U05729,new_cold_customer,trigger,5,1,0,6,63.7826,1.2459,social,social,social,0,1
U05730,low_engagement,fixed,4,0,0,4,57.4906,1.4996,social,email,social,0,0
U05731,new_cold_customer,fixed,5,1,1,8,20.9687,2.8819,social,social,social,1,0
U05732,new_cold_customer,fixed,3,1,0,4,20.4218,1.7584,social,social,social,0,1
U05733,new_cold_customer,hybrid,4,1,0,5,75.7125,2.004,social,email,social,0,1
U05734,high_intent,trigger,7,5,0,12,29.7107,1.318,social,social,social,0,1
U05735,low_engagement,trigger,1,1,0,2,0.0,12.8112,email,email,email,0,1
U05736,low_engagement,hybrid,1,0,0,1,0.0,6.3951,social,social,social,0,0
U05737,loyal_customer,trigger,2,2,1,5,24.2367,8.3641,social,social,social,0,1
U05738,new_cold_customer,hybrid,5,3,0,8,26.4554,6.6929,social,social,social,0,1
U05739,loyal_customer,trigger,6,5,4,15,13.5972,4.8661,email,social,social,0,1
U05740,high_intent,fixed,6,2,0,8,34.3202,2.9841,social,social,social,0,1
U05741,new_cold_customer,hybrid,4,1,1,6,32.7452,8.0474,social,social,social,0,1
U05742,new_cold_customer,fixed,5,2,0,7,47.1639,2.8816,social,social,social,0,1
U05743,new_cold_customer,fixed,4,2,1,7,30.7927,2.9618,social,social,social,0,1
U05744,low_engagement,fixed,3,2,1,6,39.5039,1.2773,social,social,social,0,1
U05745,loyal_customer,fixed,2,1,0,3,133.7449,2.6402,ad,ad,social,0,1
U05746,loyal_customer,hybrid,4,1,0,5,66.7497,2.0694,social,social,email,0,1
U05747,new_cold_customer,trigger,3,2,0,5,44.5459,7.2508,social,social,social,0,1
U05748,new_cold_customer,hybrid,2,2,1,5,81.8396,1.0855,social,social,social,0,1
U05749,low_engagement,trigger,1,0,0,1,0.0,10.2328,social,social,social,0,0
U05750,high_intent,fixed,4,2,2,8,17.833,6.7967,social,social,social,0,1
U05751,new_cold_customer,fixed,2,1,1,4,33.9561,2.4489,social,social,social,0,1
U05752,new_cold_customer,trigger,4,3,0,7,37.9372,2.3315,social,email,email,0,1
U05753,low_engagement,fixed,1,1,1,3,0.0,14.7387,social,social,social,0,1
U05754,new_cold_customer,hybrid,3,2,0,5,56.9399,1.0463,social,social,social,0,1
U05755,new_cold_customer,hybrid,4,2,2,9,34.482,3.0282,social,social,email,1,0
U05756,new_cold_customer,fixed,3,1,0,4,49.0103,1.2781,social,social,ad,0,1
U05757,loyal_customer,fixed,2,0,0,2,48.1323,4.8674,email,email,social,0,0
U05758,price_sensitive,hybrid,3,0,0,3,83.607,4.9187,email,email,email,0,0
U05759,new_cold_customer,fixed,4,4,2,10,28.6441,3.2128,social,social,social,0,1
U05760,loyal_customer,fixed,5,3,1,9,29.8629,3.911,social,email,email,0,1
U05761,high_intent,fixed,7,5,3,18,9.4011,6.2641,social,social,social,1,0
U05762,price_sensitive,fixed,2,0,0,2,49.7908,5.1341,social,social,email,0,0
U05763,new_cold_customer,hybrid,2,0,0,2,13.5436,12.9501,social,social,social,0,0
U05764,price_sensitive,fixed,1,0,0,1,0.0,7.2153,email,email,email,0,0
U05765,loyal_customer,trigger,6,3,2,12,27.8945,1.2501,social,offer,social,1,0
U05766,loyal_customer,trigger,2,0,0,2,68.2813,6.0319,ad,ad,social,0,0
U05767,low_engagement,trigger,1,0,0,1,0.0,1.4549,email,email,email,0,0
U05768,high_intent,hybrid,6,3,3,15,17.0836,4.2659,social,email,social,1,0
U05769,high_intent,fixed,5,2,0,7,33.8836,4.5313,social,email,ad,0,1
U05770,low_engagement,hybrid,3,0,0,3,23.8037,8.5646,offer,offer,email,0,0
U05771,price_sensitive,fixed,2,0,0,2,48.2385,10.5518,social,social,social,0,0
U05772,loyal_customer,trigger,5,2,1,8,42.3871,2.2886,social,email,social,0,1
U05773,low_engagement,fixed,3,1,0,4,47.3181,1.4803,email,email,social,0,1
U05774,price_sensitive,fixed,3,0,0,3,74.7009,6.5773,email,email,ad,0,0
U05775,loyal_customer,trigger,6,2,1,9,28.0238,2.7898,social,social,social,0,1
U05776,new_cold_customer,trigger,3,1,0,4,14.8988,7.554,social,social,social,0,1
U05777,low_engagement,hybrid,4,1,0,5,30.517,9.0826,social,ad,social,0,1
U05778,new_cold_customer,fixed,5,2,2,9,27.899,4.0978,social,social,ad,0,1
U05779,low_engagement,fixed,3,1,0,4,76.6881,5.1817,social,social,social,0,1
U05780,high_intent,trigger,6,3,2,12,23.0908,1.0806,social,social,social,1,0
U05781,low_engagement,hybrid,4,0,0,4,64.9246,4.3757,social,social,social,0,0
U05782,new_cold_customer,trigger,3,1,0,4,57.4373,5.0605,social,social,social,0,1
U05783,new_cold_customer,fixed,4,2,0,6,23.3915,5.4474,social,social,social,0,1
U05784,high_intent,fixed,6,5,1,12,23.9478,3.62,social,social,social,0,1
U05785,new_cold_customer,fixed,2,1,0,3,49.6033,5.209,social,email,social,0,1
U05786,new_cold_customer,fixed,3,1,1,5,35.0343,1.2278,social,social,email,0,1
U05787,new_cold_customer,hybrid,4,2,0,6,35.5499,6.8656,social,social,social,0,1
U05788,high_intent,fixed,6,5,3,15,17.8187,1.2653,social,social,email,1,0
U05789,loyal_customer,fixed,6,2,0,8,30.5419,3.4003,social,social,email,0,1
U05790,new_cold_customer,trigger,4,0,0,4,86.805,1.3778,social,social,social,0,0
U05791,new_cold_customer,trigger,4,0,0,4,51.7278,8.2326,social,social,social,0,0
U05792,high_intent,hybrid,4,3,2,11,23.5214,1.9664,social,social,social,1,0
U05793,low_engagement,trigger,4,1,0,5,53.0671,2.523,social,offer,social,0,1
U05794,loyal_customer,hybrid,5,2,0,7,45.2464,2.2266,ad,ad,email,0,1
U05795,loyal_customer,hybrid,5,3,1,10,32.3017,1.3477,social,email,social,1,0
U05796,new_cold_customer,hybrid,5,2,0,7,32.1853,5.9128,social,social,social,0,1
U05797,new_cold_customer,trigger,5,1,0,6,47.2,4.4517,social,social,social,0,1
U05798,loyal_customer,hybrid,4,4,2,12,12.968,1.2754,email,social,email,1,0
U05799,low_engagement,trigger,2,1,0,3,46.8996,6.2715,social,email,social,0,1
U05800,low_engagement,fixed,3,0,0,3,7.7727,10.6883,social,social,social,0,0
U05801,new_cold_customer,trigger,3,1,1,5,35.2417,9.0935,social,social,social,0,1
U05802,new_cold_customer,hybrid,4,2,0,6,38.3746,1.762,social,social,social,0,1
U05803,new_cold_customer,hybrid,2,1,1,4,1.5199,11.8764,social,social,social,0,1
U05804,new_cold_customer,fixed,4,2,0,6,29.5926,5.8015,social,social,social,0,1
U05805,high_intent,fixed,5,4,3,13,20.2779,3.1244,social,social,email,1,0
U05806,new_cold_customer,trigger,5,3,2,10,18.418,3.1695,social,social,social,0,1
U05807,loyal_customer,fixed,2,1,1,4,29.002,7.121,social,social,social,0,1
U05808,loyal_customer,hybrid,3,2,0,5,34.0272,6.085,social,ad,social,0,1
U05809,high_intent,hybrid,4,2,1,8,7.4302,12.1502,social,social,social,1,0
U05810,price_sensitive,hybrid,1,0,0,1,0.0,3.1233,social,social,social,0,0
U05811,loyal_customer,fixed,2,0,0,2,130.7005,4.0778,social,social,social,0,0
U05812,loyal_customer,hybrid,6,3,1,10,33.7613,1.4142,ad,social,ad,0,1
U05813,low_engagement,trigger,2,1,1,4,97.8333,1.7893,social,social,email,0,1
U05814,low_engagement,trigger,4,1,0,5,38.9288,2.5368,social,social,social,0,1
U05815,low_engagement,fixed,1,1,0,2,0.0,5.5591,social,social,social,0,1
U05816,loyal_customer,fixed,3,1,0,4,75.4071,5.5028,social,social,social,0,1
U05817,low_engagement,hybrid,2,1,0,3,21.7204,4.1894,social,social,social,0,1
U05818,new_cold_customer,fixed,4,0,0,4,69.082,3.5033,social,social,social,0,0
U05819,high_intent,hybrid,8,8,4,23,12.3746,1.0065,social,email,social,1,0
U05820,new_cold_customer,trigger,4,1,0,5,43.083,4.1278,social,social,social,0,1
U05821,price_sensitive,fixed,2,0,0,2,30.9645,4.5023,social,social,social,0,0
U05822,high_intent,fixed,3,2,0,5,19.4488,4.6829,social,social,social,0,1
U05823,new_cold_customer,trigger,3,1,0,4,20.6134,2.021,social,social,social,0,1
U05824,low_engagement,trigger,2,0,0,2,135.3734,2.8954,social,social,social,0,0
U05825,high_intent,trigger,3,2,1,6,32.8612,7.4323,social,social,social,0,1
U05826,low_engagement,trigger,2,0,0,2,44.08,12.1698,ad,ad,social,0,0
U05827,price_sensitive,trigger,1,1,0,2,0.0,3.9588,social,social,social,0,1
U05828,low_engagement,trigger,4,2,0,6,44.996,2.5245,email,ad,email,0,1
U05829,loyal_customer,hybrid,4,2,0,6,46.9128,4.4307,social,email,social,0,1
U05830,new_cold_customer,trigger,3,2,1,6,21.6029,8.5383,social,social,email,0,1
U05831,low_engagement,trigger,3,1,1,5,43.9427,1.3688,social,email,social,0,1
U05832,low_engagement,hybrid,2,0,0,2,17.3318,9.3794,social,social,social,0,0
U05833,low_engagement,trigger,2,1,0,3,15.9693,5.8325,social,social,social,0,1
U05834,new_cold_customer,fixed,3,1,0,4,61.6033,2.371,social,social,ad,0,1
U05835,price_sensitive,fixed,1,1,0,2,0.0,8.3949,offer,offer,offer,0,1
U05836,loyal_customer,hybrid,4,3,3,12,29.7917,1.0021,social,social,social,1,0
U05837,low_engagement,trigger,2,1,0,3,130.0231,3.1071,social,ad,social,0,1
U05838,loyal_customer,hybrid,6,2,2,11,29.1056,1.5077,email,email,social,1,0
U05839,price_sensitive,trigger,1,0,0,1,0.0,10.3915,social,social,social,0,0
U05840,high_intent,hybrid,7,6,4,19,11.7626,4.7248,social,social,social,1,0
U05841,low_engagement,trigger,2,0,0,2,188.5575,6.9563,email,email,social,0,0
U05842,low_engagement,fixed,3,0,0,3,159.5998,1.6592,social,social,social,0,0
U05843,low_engagement,hybrid,1,1,0,2,0.0,11.2683,social,social,social,0,1
U05844,price_sensitive,hybrid,3,0,0,3,82.061,4.6494,social,social,email,0,0
U05845,new_cold_customer,trigger,4,2,2,8,43.2663,2.231,social,social,social,0,1
U05846,high_intent,trigger,7,1,1,10,31.1195,1.4,social,email,social,1,0
U05847,loyal_customer,hybrid,2,1,0,3,65.9098,3.2733,social,ad,social,0,1
U05848,price_sensitive,hybrid,3,0,0,3,81.2502,5.4686,social,social,social,0,0
U05849,loyal_customer,hybrid,4,0,0,4,70.4446,3.9768,social,social,social,0,0
U05850,low_engagement,hybrid,2,1,1,4,33.3477,2.7861,social,social,social,0,1
U05851,low_engagement,trigger,4,1,0,5,37.7097,8.5236,social,social,ad,0,1
U05852,low_engagement,hybrid,3,0,0,3,73.0629,3.3982,social,social,social,0,0
U05853,high_intent,fixed,8,4,1,14,16.6187,1.7571,social,social,email,1,0
U05854,low_engagement,fixed,3,1,0,4,86.327,3.9883,social,social,social,0,1
U05855,loyal_customer,trigger,6,3,0,9,38.7641,1.9826,social,social,social,0,1
U05856,new_cold_customer,fixed,4,1,1,6,31.241,2.2793,social,social,social,0,1
U05857,high_intent,hybrid,5,2,1,9,22.5433,6.7983,social,email,social,1,0
U05858,new_cold_customer,hybrid,4,1,0,5,69.5077,2.1095,social,social,social,0,1
U05859,price_sensitive,fixed,3,1,0,4,54.2731,5.2675,email,email,social,0,1
U05860,high_intent,trigger,3,3,1,7,8.8731,10.5894,social,social,social,0,1
U05861,high_intent,fixed,5,2,1,8,36.842,3.1475,social,social,email,0,1
U05862,low_engagement,trigger,3,1,0,4,23.6627,1.2361,social,social,social,0,1
U05863,low_engagement,hybrid,1,1,0,2,0.0,1.6852,social,social,social,0,1
U05864,high_intent,trigger,4,1,0,5,26.8838,7.1967,social,social,social,0,1
U05865,loyal_customer,fixed,3,2,0,5,27.5328,7.708,social,social,email,0,1
U05866,loyal_customer,hybrid,3,1,0,4,101.9228,1.0009,social,email,social,0,1
U05867,price_sensitive,trigger,1,0,0,1,0.0,1.9147,email,email,email,0,0
U05868,new_cold_customer,hybrid,4,3,1,8,39.7102,2.6992,social,social,social,0,1
U05869,new_cold_customer,hybrid,5,3,1,9,31.1272,2.6643,social,social,social,0,1
U05870,high_intent,hybrid,5,4,1,10,29.5725,3.6433,social,social,social,0,1
U05871,low_engagement,hybrid,1,1,1,4,0.0,8.5386,social,social,social,1,0
U05872,loyal_customer,fixed,5,3,0,8,39.4219,1.2882,social,social,social,0,1
U05873,new_cold_customer,hybrid,5,1,1,7,32.6649,1.9118,social,offer,ad,0,1
U05874,loyal_customer,fixed,3,2,2,7,19.6227,5.7513,social,email,social,0,1
U05875,high_intent,trigger,6,4,2,14,12.4758,7.9254,social,social,email,1,0
U05876,price_sensitive,trigger,3,1,0,4,50.279,1.4105,social,social,social,0,1
U05877,low_engagement,fixed,4,2,1,7,12.4042,5.1596,social,ad,social,0,1
U05878,low_engagement,trigger,3,0,0,3,93.9128,5.6375,social,social,social,0,0
U05879,new_cold_customer,fixed,3,1,0,4,44.1609,5.2128,social,ad,social,0,1
U05880,low_engagement,hybrid,4,0,0,4,91.1512,1.4035,social,social,social,0,0
U05881,new_cold_customer,fixed,4,1,0,5,30.9721,9.8137,social,social,social,0,1
U05882,new_cold_customer,hybrid,4,3,1,8,28.5981,4.7399,social,social,social,0,1
U05883,loyal_customer,hybrid,5,4,3,12,20.7865,4.5922,social,social,social,0,1
U05884,loyal_customer,trigger,6,4,2,12,22.0079,1.7979,social,social,social,0,1
U05885,price_sensitive,hybrid,1,0,0,1,0.0,4.3426,email,email,email,0,0
U05886,loyal_customer,hybrid,5,1,1,7,41.5677,1.4283,email,social,email,0,1
U05887,loyal_customer,trigger,4,2,0,6,51.4078,4.2059,social,ad,social,0,1
U05888,new_cold_customer,hybrid,5,1,0,6,61.4869,2.0577,social,social,social,0,1
U05889,high_intent,hybrid,5,3,0,8,38.283,3.2832,social,email,social,0,1
U05890,loyal_customer,fixed,4,2,0,6,45.9371,5.0065,email,email,social,0,1
U05891,low_engagement,hybrid,1,0,0,1,0.0,7.306,social,social,social,0,0
U05892,new_cold_customer,trigger,2,0,0,2,21.7714,1.5797,ad,ad,email,0,0
U05893,loyal_customer,trigger,2,1,0,3,5.684,3.512,social,email,social,0,1
U05894,high_intent,hybrid,6,4,2,14,10.5787,3.5608,social,social,social,1,0
U05895,new_cold_customer,fixed,2,1,0,3,110.2988,4.6972,social,ad,social,0,1
U05896,loyal_customer,hybrid,2,1,1,4,24.6071,7.1848,email,email,email,0,1
U05897,low_engagement,hybrid,2,2,0,4,32.2339,6.1183,ad,ad,social,0,1
U05898,loyal_customer,trigger,5,1,1,8,15.2064,1.5204,social,social,social,1,0
U05899,low_engagement,trigger,1,0,0,1,0.0,2.282,social,social,social,0,0
U05900,loyal_customer,trigger,2,1,0,3,6.2286,2.7802,social,social,social,0,1
U05901,high_intent,fixed,5,4,1,10,17.8142,3.6607,social,social,social,0,1
U05902,low_engagement,fixed,4,0,0,4,88.7437,2.9302,email,email,ad,0,0
U05903,new_cold_customer,fixed,4,2,0,6,55.5296,1.9896,social,social,offer,0,1
U05904,loyal_customer,fixed,3,0,0,3,129.2269,1.4905,social,social,social,0,0
U05905,low_engagement,hybrid,3,1,0,4,85.967,3.9552,social,email,social,0,1
U05906,high_intent,trigger,6,3,1,11,24.4995,1.0053,social,email,social,1,0
U05907,new_cold_customer,hybrid,5,1,0,6,57.1267,2.8626,social,social,ad,0,1
U05908,new_cold_customer,trigger,2,1,0,3,59.9292,8.4568,social,social,social,0,1
U05909,low_engagement,trigger,1,1,0,2,0.0,8.9001,social,social,social,0,1
U05910,high_intent,trigger,5,3,2,10,29.5617,1.8252,email,email,email,0,1
U05911,new_cold_customer,fixed,3,0,0,3,46.2749,1.1783,social,social,social,0,0
U05912,price_sensitive,fixed,1,1,0,2,0.0,4.1839,social,social,social,0,1
U05913,low_engagement,hybrid,3,0,0,3,125.2021,1.0786,social,ad,social,0,0
U05914,new_cold_customer,trigger,3,2,1,6,50.4128,3.0687,social,social,social,0,1
U05915,low_engagement,hybrid,1,0,0,1,0.0,13.1185,social,social,social,0,0
U05916,new_cold_customer,fixed,4,2,1,7,30.6376,4.4144,social,social,social,0,1
U05917,loyal_customer,hybrid,2,0,0,2,0.5753,12.2051,social,social,social,0,0
U05918,high_intent,trigger,7,3,2,13,18.4826,5.5804,social,email,social,1,0
U05919,low_engagement,fixed,3,0,0,3,53.2874,8.1344,email,email,social,0,0
U05920,new_cold_customer,trigger,3,3,0,6,23.4621,9.6427,email,email,social,0,1
U05921,high_intent,hybrid,8,5,4,19,12.8004,3.3479,social,social,social,1,0
U05922,loyal_customer,trigger,3,0,0,3,75.1375,7.6093,social,social,social,0,0
U05923,new_cold_customer,fixed,3,2,0,5,17.8709,3.9249,email,social,email,0,1
U05924,low_engagement,hybrid,4,1,0,5,55.5643,2.7045,social,social,social,0,1
U05925,new_cold_customer,fixed,2,1,0,3,119.6991,4.8097,ad,ad,ad,0,1
U05926,low_engagement,hybrid,2,0,0,2,12.7414,1.7452,social,social,social,0,0
U05927,loyal_customer,hybrid,6,6,0,12,21.8677,3.8628,social,social,email,0,1
U05928,low_engagement,hybrid,2,1,0,3,85.6219,1.1133,ad,social,ad,0,1
U05929,low_engagement,fixed,4,1,0,5,69.8714,1.3454,ad,ad,social,0,1
U05930,new_cold_customer,fixed,4,1,1,6,48.8529,4.6936,social,email,social,0,1
U05931,loyal_customer,fixed,5,0,0,5,52.7717,3.0318,social,email,social,0,0
U05932,low_engagement,trigger,2,1,1,4,3.4871,4.3445,social,social,social,0,1
U05933,new_cold_customer,fixed,5,4,1,10,16.4423,4.5557,social,social,social,0,1
U05934,new_cold_customer,trigger,3,2,0,5,44.3302,3.7192,social,email,social,0,1
U05935,low_engagement,hybrid,1,1,0,2,0.0,9.9962,ad,ad,ad,0,1
U05936,new_cold_customer,fixed,4,0,0,4,103.5122,1.0204,social,social,social,0,0
U05937,low_engagement,fixed,3,0,0,3,52.7404,3.937,social,social,social,0,0
U05938,price_sensitive,hybrid,2,0,0,2,142.0814,7.0541,email,email,social,0,0
U05939,low_engagement,hybrid,3,1,0,4,87.5101,2.8134,email,email,email,0,1
U05940,low_engagement,fixed,1,1,0,2,0.0,13.6591,ad,ad,ad,0,1
U05941,new_cold_customer,hybrid,5,2,0,7,42.1919,1.9355,social,ad,social,0,1
U05942,new_cold_customer,fixed,4,3,1,8,41.8571,2.0364,social,social,social,0,1
U05943,low_engagement,trigger,1,0,0,1,0.0,9.8039,ad,ad,ad,0,0
U05944,new_cold_customer,hybrid,5,1,0,6,58.6588,2.2258,social,social,social,0,1
U05945,new_cold_customer,trigger,3,1,0,4,96.3124,2.9343,social,social,social,0,1
U05946,loyal_customer,fixed,6,3,1,10,10.5281,2.5863,social,email,social,0,1
U05947,low_engagement,fixed,1,1,0,2,0.0,14.7985,social,social,social,0,1
U05948,loyal_customer,fixed,3,2,0,5,21.6077,3.6114,social,social,social,0,1
U05949,loyal_customer,trigger,6,2,0,8,37.8912,1.6789,social,social,social,0,1
U05950,high_intent,trigger,8,6,3,20,15.9088,2.0137,social,social,social,1,0
U05951,high_intent,fixed,4,3,2,10,20.2664,4.0042,social,social,social,1,0
U05952,new_cold_customer,hybrid,3,2,0,5,48.1864,5.1908,social,social,social,0,1
U05953,new_cold_customer,fixed,4,2,0,6,30.0197,1.0126,social,social,social,0,1
U05954,loyal_customer,fixed,5,2,1,8,36.0457,3.7835,social,social,social,0,1
U05955,loyal_customer,hybrid,5,2,1,8,28.6925,1.2118,social,social,social,0,1
U05956,low_engagement,fixed,2,0,0,2,31.853,1.8352,social,social,social,0,0
U05957,price_sensitive,fixed,1,0,0,1,0.0,14.9085,social,social,social,0,0
U05958,low_engagement,trigger,3,0,0,3,66.6951,2.8156,social,social,ad,0,0
U05959,price_sensitive,hybrid,2,1,0,3,18.8408,6.6984,social,email,social,0,1
U05960,low_engagement,hybrid,2,0,0,2,90.2966,6.9563,email,email,social,0,0
U05961,low_engagement,fixed,2,0,0,2,242.9485,1.1292,offer,offer,social,0,0
U05962,new_cold_customer,trigger,2,0,0,2,163.9506,2.2465,social,social,email,0,0
U05963,loyal_customer,hybrid,4,3,3,12,23.1506,3.6529,social,social,social,1,0
U05964,high_intent,hybrid,8,5,4,20,11.2879,2.9626,social,social,social,1,0
U05965,low_engagement,hybrid,2,0,0,2,178.4754,4.3884,social,social,social,0,0
U05966,low_engagement,trigger,2,1,0,3,97.4264,2.7103,social,social,social,0,1
U05967,loyal_customer,hybrid,5,3,1,10,33.8826,1.8042,email,social,email,1,0
U05968,loyal_customer,fixed,5,3,1,9,23.254,5.8436,email,social,email,0,1
U05969,loyal_customer,hybrid,5,1,1,8,23.5973,1.0976,social,social,social,1,0
U05970,loyal_customer,trigger,4,3,0,7,29.1454,7.3926,social,social,social,0,1
U05971,loyal_customer,trigger,4,1,0,5,70.9449,1.1123,social,social,ad,0,1
U05972,high_intent,trigger,5,5,3,15,11.6412,4.3752,social,social,social,1,0
U05973,new_cold_customer,fixed,3,2,1,6,4.188,6.2645,social,social,email,0,1
U05974,high_intent,trigger,8,2,1,11,22.8031,4.6165,social,offer,social,0,1
U05975,new_cold_customer,hybrid,4,0,0,4,89.4066,3.0588,social,social,social,0,0
U05976,new_cold_customer,trigger,3,3,0,6,16.2048,8.9001,ad,ad,social,0,1
U05977,low_engagement,fixed,4,1,0,5,71.1171,3.1448,social,social,social,0,1
U05978,new_cold_customer,trigger,5,2,1,8,30.4742,1.9377,social,social,social,0,1
U05979,high_intent,trigger,8,4,3,16,18.4596,1.8135,social,social,social,1,0
U05980,new_cold_customer,trigger,4,0,0,4,28.709,1.4518,social,social,social,0,0
U05981,high_intent,fixed,6,3,2,12,18.7015,3.8587,email,offer,email,1,0
U05982,loyal_customer,fixed,6,3,3,12,27.7549,1.7006,social,social,email,0,1
U05983,low_engagement,fixed,2,0,0,2,200.7104,2.7974,social,social,social,0,0
U05984,new_cold_customer,hybrid,5,1,0,6,59.9792,2.1008,social,social,ad,0,1
U05985,loyal_customer,trigger,4,2,1,7,5.39,2.3685,social,social,social,0,1
U05986,new_cold_customer,fixed,2,1,0,3,12.5659,2.7385,ad,ad,social,0,1
U05987,high_intent,hybrid,5,2,1,8,41.7883,2.4956,email,email,social,0,1
U05988,low_engagement,fixed,4,2,0,6,32.6609,7.8399,email,offer,social,0,1
U05989,new_cold_customer,fixed,2,1,0,3,42.3993,3.3037,social,social,social,0,1
U05990,new_cold_customer,fixed,2,0,0,2,34.0468,3.4231,social,social,social,0,0
U05991,low_engagement,hybrid,4,1,0,5,40.8319,3.2421,social,social,email,0,1
U05992,new_cold_customer,fixed,4,0,0,4,22.2739,7.7128,social,social,social,0,0
U05993,new_cold_customer,trigger,5,2,0,7,30.0219,5.436,social,ad,social,0,1
U05994,high_intent,hybrid,5,4,1,10,12.3254,9.8787,social,social,email,0,1
U05995,loyal_customer,fixed,4,4,1,9,21.0768,5.1825,email,social,email,0,1
U05996,high_intent,trigger,4,3,1,8,36.4064,3.0504,social,social,social,0,1
U05997,new_cold_customer,fixed,3,2,0,5,25.8965,2.806,social,social,social,0,1
U05998,new_cold_customer,trigger,3,1,0,4,91.8348,1.4361,social,social,social,0,1
U05999,price_sensitive,trigger,3,2,0,5,64.335,2.2059,ad,social,email,0,1
U06000,low_engagement,trigger,1,0,0,1,0.0,12.1675,social,social,social,0,0
U06001,loyal_customer,hybrid,5,4,0,9,30.9821,1.1681,social,email,social,0,1
U06002,high_intent,hybrid,4,4,4,14,8.0871,1.944,email,email,social,1,0
U06003,new_cold_customer,trigger,4,2,1,7,46.5585,1.5425,social,social,social,0,1
U06004,new_cold_customer,fixed,4,0,0,4,11.5236,11.3569,social,social,social,0,0
U06005,price_sensitive,hybrid,1,0,0,1,0.0,9.5869,social,social,social,0,0
U06006,high_intent,fixed,8,5,0,13,26.2687,1.5351,social,social,social,0,1
U06007,new_cold_customer,trigger,5,2,1,8,34.3733,1.4742,social,social,ad,0,1
U06008,low_engagement,fixed,1,1,0,2,0.0,4.3678,social,social,social,0,1
U06009,low_engagement,hybrid,2,0,0,2,172.301,2.0949,social,social,social,0,0
U06010,low_engagement,trigger,3,0,0,3,100.2379,2.4397,social,social,social,0,0
U06011,new_cold_customer,fixed,3,1,0,4,18.7711,5.7743,social,social,social,0,1
U06012,price_sensitive,fixed,3,0,0,3,58.377,4.485,ad,ad,email,0,0
U06013,new_cold_customer,trigger,4,1,0,5,35.3084,1.6727,social,social,social,0,1
U06014,price_sensitive,trigger,2,1,0,3,29.116,2.0648,social,ad,social,0,1
U06015,low_engagement,fixed,1,0,0,1,0.0,5.5965,social,social,social,0,0
U06016,new_cold_customer,hybrid,2,0,0,2,192.5553,1.7037,ad,ad,social,0,0
U06017,new_cold_customer,fixed,3,2,0,5,47.4625,1.4769,social,social,social,0,1
U06018,new_cold_customer,fixed,5,2,0,7,23.7072,7.5848,social,social,ad,0,1
U06019,price_sensitive,trigger,1,0,0,1,0.0,9.1853,ad,ad,ad,0,0
U06020,low_engagement,fixed,2,2,0,4,21.3403,1.1539,social,social,social,0,1
U06021,price_sensitive,hybrid,2,0,0,2,108.8648,5.2563,email,email,social,0,0
U06022,low_engagement,fixed,3,1,0,4,47.8993,1.4309,social,email,social,0,1
U06023,low_engagement,hybrid,4,2,0,6,28.9767,1.123,social,social,social,0,1
U06024,new_cold_customer,fixed,5,3,0,8,32.6048,1.6569,social,social,social,0,1
U06025,new_cold_customer,fixed,3,1,0,4,24.0103,5.3312,social,social,social,0,1
U06026,low_engagement,trigger,1,0,0,1,0.0,9.9174,social,social,social,0,0
U06027,low_engagement,trigger,1,1,0,2,0.0,11.3856,social,social,social,0,1
U06028,new_cold_customer,fixed,5,0,0,5,65.1687,2.4818,social,ad,social,0,0
U06029,low_engagement,fixed,1,1,0,2,0.0,6.5642,social,social,social,0,1
U06030,low_engagement,fixed,4,1,0,5,69.6856,1.2473,ad,ad,social,0,1
U06031,high_intent,trigger,6,6,2,14,19.1542,3.9143,social,email,social,0,1
U06032,low_engagement,fixed,4,1,0,5,62.8383,2.179,social,social,social,0,1
U06033,loyal_customer,trigger,4,2,2,9,22.6647,7.3605,social,email,social,1,0
U06034,price_sensitive,hybrid,1,0,0,1,0.0,1.5061,ad,ad,ad,0,0
U06035,new_cold_customer,hybrid,5,5,3,13,22.9633,3.0613,social,email,social,0,1
U06036,new_cold_customer,fixed,4,3,1,8,18.839,5.5503,social,social,social,0,1
U06037,new_cold_customer,fixed,4,3,1,8,22.5768,7.3383,social,social,social,0,1
U06038,low_engagement,fixed,2,0,0,2,193.771,5.1547,social,social,social,0,0
U06039,new_cold_customer,fixed,2,1,1,5,17.4877,10.1203,social,social,social,1,0
U06040,new_cold_customer,fixed,5,1,0,6,47.1571,4.1335,social,social,social,0,1
U06041,price_sensitive,trigger,2,1,0,3,50.0205,7.7393,social,email,social,0,1
U06042,low_engagement,trigger,4,1,0,5,66.5833,3.8614,social,email,social,0,1
U06043,new_cold_customer,hybrid,3,1,1,5,39.04,2.7783,social,social,social,0,1
U06044,low_engagement,trigger,2,2,1,5,70.3363,1.751,social,social,social,0,1
U06045,new_cold_customer,hybrid,4,3,1,8,15.7093,8.091,social,social,social,0,1
U06046,new_cold_customer,trigger,2,1,0,3,41.5251,11.32,social,social,ad,0,1
U06047,loyal_customer,fixed,5,1,1,7,30.4985,2.2743,social,social,social,0,1
U06048,new_cold_customer,hybrid,5,1,0,6,53.8957,2.2146,social,social,social,0,1
U06049,new_cold_customer,fixed,3,0,0,3,63.4863,2.2682,social,social,social,0,0
U06050,new_cold_customer,trigger,5,2,0,7,34.9325,5.8865,social,social,social,0,1
U06051,new_cold_customer,trigger,2,1,0,3,75.1502,4.4372,social,social,social,0,1
U06052,new_cold_customer,trigger,4,4,2,10,23.7778,1.2264,social,social,social,0,1
U06053,loyal_customer,trigger,4,1,1,6,35.5122,6.1752,social,social,email,0,1
U06054,high_intent,fixed,4,4,3,12,22.581,1.5071,social,social,social,1,0
U06055,new_cold_customer,hybrid,4,0,0,4,57.2473,2.6006,social,social,social,0,0
U06056,new_cold_customer,fixed,4,1,0,5,23.597,10.1503,social,social,social,0,1
U06057,loyal_customer,hybrid,5,3,1,9,25.9193,2.7581,social,social,social,0,1
U06058,new_cold_customer,fixed,4,1,0,5,35.1453,4.5087,social,email,social,0,1
U06059,loyal_customer,hybrid,3,1,0,4,63.2935,3.9703,email,email,email,0,1
U06060,low_engagement,hybrid,3,0,0,3,78.6058,1.6991,ad,ad,email,0,0
U06061,high_intent,hybrid,8,6,5,23,12.052,2.5685,social,offer,social,1,0
U06062,new_cold_customer,fixed,2,1,0,3,25.1681,12.1428,email,ad,email,0,1
U06063,low_engagement,trigger,2,1,0,3,20.6988,3.4928,social,social,social,0,1
U06064,high_intent,hybrid,8,7,4,20,14.5588,2.2382,email,offer,email,1,0
U06065,low_engagement,trigger,4,1,0,5,62.1307,2.6671,social,social,ad,0,1
U06066,new_cold_customer,trigger,4,3,1,8,30.0972,4.5888,social,ad,social,0,1
U06067,new_cold_customer,fixed,3,2,1,6,34.4972,3.5081,social,email,social,0,1
U06068,new_cold_customer,fixed,3,3,0,6,22.1089,6.0004,social,social,social,0,1
U06069,loyal_customer,trigger,5,3,1,9,37.6343,1.0545,social,social,social,0,1
U06070,low_engagement,trigger,1,0,0,1,0.0,13.3462,social,social,social,0,0
U06071,high_intent,fixed,6,5,1,13,22.0386,3.719,social,social,social,1,0
U06072,low_engagement,fixed,3,1,0,4,81.5793,2.318,social,social,email,0,1
U06073,loyal_customer,fixed,6,2,2,11,21.3809,1.0527,social,social,social,1,0
U06074,new_cold_customer,hybrid,4,0,0,4,42.094,2.3707,social,social,social,0,0
U06075,new_cold_customer,fixed,5,2,1,8,30.8413,1.9467,email,social,ad,0,1
U06076,loyal_customer,fixed,6,3,0,9,31.1765,1.6986,social,email,email,0,1
U06077,low_engagement,trigger,3,1,1,6,19.9953,4.721,social,email,social,1,0
U06078,loyal_customer,fixed,5,3,1,9,27.5406,4.4109,social,email,social,0,1
U06079,new_cold_customer,trigger,2,0,0,2,224.6565,4.9213,social,social,social,0,0
U06080,low_engagement,hybrid,4,1,1,7,45.9246,3.0613,social,social,email,1,0
U06081,new_cold_customer,trigger,3,1,0,4,40.4872,6.3885,social,social,social,0,1
U06082,high_intent,trigger,4,3,2,11,6.0567,11.6489,email,social,email,1,0
U06083,new_cold_customer,hybrid,5,1,0,6,29.7083,2.9061,social,social,social,0,1
U06084,new_cold_customer,trigger,3,3,1,7,20.5825,6.2065,social,email,social,0,1
U06085,new_cold_customer,trigger,5,2,1,8,4.6357,1.9897,social,social,ad,0,1
U06086,high_intent,fixed,7,3,3,14,19.356,2.8509,social,email,social,1,0
U06087,new_cold_customer,trigger,4,2,1,7,46.1338,2.8997,social,social,social,0,1
U06088,low_engagement,fixed,2,1,0,3,99.0914,2.7602,social,ad,social,0,1
U06089,new_cold_customer,trigger,5,1,1,7,42.4373,3.1797,social,social,email,0,1
U06090,high_intent,hybrid,5,2,1,9,28.8921,2.4129,social,social,social,1,0
U06091,loyal_customer,trigger,5,2,0,7,36.6168,3.257,social,email,social,0,1
U06092,loyal_customer,fixed,4,2,1,7,34.2769,3.2258,social,social,social,0,1
U06093,new_cold_customer,fixed,2,1,0,3,43.6165,11.1746,ad,ad,ad,0,1
U06094,loyal_customer,hybrid,4,1,1,6,47.1297,2.5304,social,social,social,0,1
U06095,loyal_customer,hybrid,2,1,0,3,64.2987,1.813,social,social,offer,0,1
U06096,high_intent,fixed,3,3,1,7,29.4484,3.7173,email,email,email,0,1
U06097,loyal_customer,trigger,3,1,1,5,60.8261,2.2361,social,ad,social,0,1
U06098,high_intent,fixed,3,2,2,9,13.1265,2.6424,email,social,email,1,0
U06099,high_intent,fixed,4,4,1,9,33.4241,2.1037,social,social,email,0,1
U06100,low_engagement,hybrid,1,1,0,2,0.0,4.6865,social,social,social,0,1
U06101,new_cold_customer,hybrid,3,2,1,6,32.5866,3.1036,offer,offer,social,0,1
U06102,low_engagement,fixed,2,1,0,3,98.9434,4.8268,ad,email,ad,0,1
U06103,low_engagement,hybrid,4,2,1,7,47.0269,2.3467,email,email,email,0,1
U06104,new_cold_customer,trigger,5,3,2,10,31.6856,2.2632,social,email,social,0,1
U06105,low_engagement,fixed,2,0,0,2,202.0657,4.0653,email,email,email,0,0
U06106,low_engagement,trigger,1,1,0,2,0.0,1.6965,social,social,social,0,1
U06107,new_cold_customer,hybrid,2,1,0,3,16.0671,4.5912,social,social,social,0,1
U06108,loyal_customer,trigger,4,2,1,7,34.6339,2.2201,email,email,social,0,1
U06109,low_engagement,hybrid,4,0,0,4,95.3262,1.2818,social,social,social,0,0
U06110,new_cold_customer,fixed,3,1,1,5,60.3899,1.1051,social,social,social,0,1
U06111,new_cold_customer,hybrid,4,1,0,5,75.8095,1.795,ad,social,social,0,1
U06112,new_cold_customer,fixed,5,1,0,6,52.3718,3.1126,social,social,social,0,1
U06113,new_cold_customer,trigger,3,2,0,5,40.6777,1.0889,social,social,social,0,1
U06114,new_cold_customer,trigger,3,2,0,5,32.3092,9.4958,social,social,social,0,1
U06115,loyal_customer,hybrid,5,4,1,10,27.0905,1.3806,social,social,social,0,1
U06116,loyal_customer,trigger,3,2,1,7,54.471,1.0849,social,social,social,1,0
U06117,loyal_customer,trigger,5,2,0,7,51.3953,1.6418,social,social,email,0,1
U06118,low_engagement,fixed,3,2,0,5,14.0136,4.3148,social,social,ad,0,1
U06119,loyal_customer,fixed,3,2,0,5,11.7341,7.6038,social,social,social,0,1
U06120,new_cold_customer,trigger,3,1,1,5,57.8711,1.0283,social,social,social,0,1
U06121,low_engagement,trigger,1,1,0,2,0.0,8.1651,social,social,social,0,1
U06122,high_intent,trigger,3,2,1,7,33.6692,1.8182,social,social,email,1,0
U06123,high_intent,trigger,7,7,5,20,16.9758,1.4115,social,social,social,1,0
U06124,low_engagement,trigger,1,0,0,1,0.0,11.2251,ad,ad,ad,0,0
U06125,new_cold_customer,fixed,3,0,0,3,65.7141,3.1191,email,email,ad,0,0
U06126,loyal_customer,fixed,2,2,0,4,14.1129,5.5153,social,social,social,0,1
U06127,low_engagement,trigger,1,1,0,2,0.0,3.1438,social,social,social,0,1
U06128,loyal_customer,trigger,6,3,1,10,34.7086,1.8048,social,social,social,0,1
U06129,loyal_customer,trigger,5,1,0,6,48.4708,3.0559,social,email,social,0,1
U06130,price_sensitive,hybrid,2,0,0,2,175.2152,2.0009,social,social,ad,0,0
U06131,low_engagement,hybrid,3,1,0,4,51.312,7.1528,ad,ad,email,0,1
U06132,high_intent,trigger,8,7,3,21,14.7114,1.5567,social,social,social,1,0
U06133,low_engagement,trigger,4,3,0,7,29.0892,1.5238,social,social,email,0,1
U06134,low_engagement,hybrid,3,1,1,6,34.5661,6.3004,social,social,social,1,0
U06135,new_cold_customer,hybrid,4,1,0,5,34.2486,4.3119,social,social,social,0,1
U06136,loyal_customer,trigger,3,2,0,5,64.9705,4.1238,social,social,social,0,1
U06137,high_intent,hybrid,3,2,1,6,48.7051,1.5475,social,social,social,0,1
U06138,new_cold_customer,hybrid,2,1,1,4,102.5752,1.2304,offer,offer,social,0,1
U06139,loyal_customer,fixed,5,2,1,8,31.9828,3.9173,social,social,email,0,1
U06140,new_cold_customer,trigger,4,3,0,7,50.4569,1.4311,social,social,ad,0,1
U06141,loyal_customer,fixed,5,3,2,11,29.7128,1.4776,social,ad,social,1,0
U06142,low_engagement,trigger,2,1,1,4,6.7855,13.0893,social,social,social,0,1
U06143,new_cold_customer,fixed,5,4,1,10,32.3452,1.0673,social,ad,social,0,1
U06144,loyal_customer,hybrid,2,2,1,6,45.6101,2.5858,email,email,social,1,0
U06145,low_engagement,fixed,1,0,0,1,0.0,11.8242,social,social,social,0,0
U06146,low_engagement,fixed,1,0,0,1,0.0,4.2167,email,email,email,0,0
U06147,loyal_customer,hybrid,3,1,0,4,93.1053,1.0373,social,social,social,0,1
U06148,new_cold_customer,fixed,5,3,1,9,27.7843,3.3837,social,social,social,0,1
U06149,high_intent,fixed,8,7,3,19,13.9742,3.1362,social,email,social,1,0
U06150,new_cold_customer,hybrid,5,2,1,9,38.1572,2.1866,social,email,social,1,0
U06151,low_engagement,trigger,1,0,0,1,0.0,10.144,social,social,social,0,0
U06152,loyal_customer,fixed,6,1,0,7,39.4146,1.0427,email,email,social,0,1
U06153,loyal_customer,hybrid,5,3,1,9,33.2266,2.7132,social,social,ad,0,1
U06154,low_engagement,hybrid,1,0,0,1,0.0,12.3657,email,email,email,0,0
U06155,price_sensitive,hybrid,1,0,0,1,0.0,12.043,social,social,social,0,0
U06156,new_cold_customer,trigger,5,1,0,6,35.1517,3.9177,social,social,ad,0,1
U06157,loyal_customer,trigger,4,1,0,5,25.9913,9.4755,social,social,social,0,1
U06158,low_engagement,trigger,4,2,0,6,26.9552,3.3194,social,social,social,0,1
U06159,new_cold_customer,trigger,4,2,0,6,40.693,3.4238,social,ad,ad,0,1
U06160,low_engagement,hybrid,2,1,1,4,73.1045,3.2443,social,social,social,0,1
U06161,new_cold_customer,trigger,4,1,0,5,45.2711,3.5307,social,social,social,0,1
U06162,new_cold_customer,trigger,3,1,0,4,34.9334,4.5279,social,social,social,0,1
U06163,high_intent,trigger,6,5,4,16,16.3771,4.369,email,email,email,1,0
U06164,loyal_customer,hybrid,3,1,0,4,39.848,5.4639,social,ad,social,0,1
U06165,new_cold_customer,trigger,3,2,1,6,41.2628,2.5685,social,offer,social,0,1
U06166,low_engagement,trigger,3,0,0,3,93.615,2.1264,social,email,social,0,0
U06167,price_sensitive,hybrid,1,1,0,2,0.0,1.736,offer,offer,offer,0,1
U06168,loyal_customer,fixed,2,1,0,3,0.6497,2.5184,email,email,social,0,1
U06169,low_engagement,hybrid,1,0,0,1,0.0,12.8172,social,social,social,0,0
U06170,new_cold_customer,hybrid,4,3,0,7,38.8384,1.469,social,social,social,0,1
U06171,low_engagement,hybrid,1,1,1,3,0.0,3.7807,social,social,social,0,1
U06172,low_engagement,hybrid,3,0,0,3,78.2897,7.4088,social,social,email,0,0
U06173,new_cold_customer,hybrid,5,1,0,6,36.4117,3.0008,social,social,social,0,1
U06174,low_engagement,trigger,4,1,0,5,68.4009,3.5924,social,social,email,0,1
U06175,loyal_customer,hybrid,5,3,1,9,20.8372,7.8883,social,social,ad,0,1
U06176,low_engagement,fixed,1,0,0,1,0.0,12.908,email,email,email,0,0
U06177,new_cold_customer,hybrid,5,2,1,8,45.8216,1.5161,social,social,ad,0,1
U06178,price_sensitive,fixed,1,0,0,1,0.0,3.5268,email,email,email,0,0
U06179,loyal_customer,fixed,2,1,0,3,60.6058,7.5318,email,email,email,0,1
U06180,new_cold_customer,hybrid,2,1,1,4,8.0596,8.8662,social,social,social,0,1
U06181,new_cold_customer,fixed,5,0,0,5,60.8939,1.2263,social,social,social,0,0
U06182,low_engagement,fixed,1,1,1,3,0.0,13.9609,social,social,social,0,1
U06183,loyal_customer,trigger,6,2,1,10,30.5685,1.4416,social,social,social,1,0
U06184,low_engagement,trigger,3,0,0,3,75.3207,5.0118,social,social,social,0,0
U06185,low_engagement,hybrid,2,0,0,2,63.7273,6.166,social,social,social,0,0
U06186,new_cold_customer,trigger,3,1,0,4,71.3891,3.6638,social,social,social,0,1
U06187,low_engagement,hybrid,3,2,1,6,50.9365,1.9213,social,social,social,0,1
U06188,new_cold_customer,trigger,4,1,1,6,52.1127,1.4722,social,email,social,0,1
U06189,new_cold_customer,trigger,4,2,0,6,30.3178,1.4053,social,social,social,0,1
U06190,new_cold_customer,trigger,5,1,0,6,40.3961,2.8867,social,social,social,0,1
U06191,loyal_customer,trigger,6,3,0,9,35.4927,1.2772,social,social,social,0,1
U06192,new_cold_customer,hybrid,4,0,0,4,99.2881,1.541,social,social,social,0,0
U06193,new_cold_customer,trigger,5,3,1,9,8.1665,6.7125,social,social,social,0,1
U06194,loyal_customer,fixed,2,1,1,5,26.1542,6.9219,social,email,social,1,0
U06195,low_engagement,fixed,1,0,0,1,0.0,6.6664,social,social,social,0,0
U06196,low_engagement,trigger,4,1,0,5,73.8665,2.5863,email,social,email,0,1
U06197,loyal_customer,fixed,2,1,0,3,85.608,6.381,email,email,social,0,1
U06198,low_engagement,fixed,1,0,0,1,0.0,1.993,social,social,social,0,0
U06199,high_intent,hybrid,5,5,3,15,15.2705,5.4944,email,email,email,1,0
U06200,new_cold_customer,fixed,4,2,1,7,37.9774,4.7238,social,social,social,0,1
U06201,low_engagement,hybrid,3,2,0,5,55.3891,2.0123,social,social,social,0,1
U06202,loyal_customer,fixed,2,2,2,7,11.123,7.7156,email,email,email,1,0
U06203,new_cold_customer,hybrid,3,1,1,5,61.2791,1.0683,email,social,email,0,1
U06204,low_engagement,hybrid,2,0,0,2,175.8522,3.8152,social,social,social,0,0
U06205,high_intent,trigger,5,5,3,15,14.6019,1.6623,social,email,email,1,0
U06206,low_engagement,fixed,2,2,1,5,59.9691,2.9556,social,social,social,0,1
U06207,low_engagement,fixed,4,1,0,5,66.3545,2.9783,social,social,social,0,1
U06208,loyal_customer,hybrid,5,2,1,8,12.8586,8.527,social,social,email,0,1
U06209,loyal_customer,fixed,6,1,1,9,32.7416,3.8716,social,social,social,1,0
U06210,price_sensitive,trigger,2,1,0,3,48.1573,2.6753,email,email,email,0,1
U06211,loyal_customer,fixed,2,0,0,2,172.3167,3.9104,social,social,email,0,0
U06212,new_cold_customer,hybrid,3,1,0,4,31.2707,1.1831,social,social,social,0,1
U06213,loyal_customer,fixed,3,1,0,4,77.7375,4.9386,social,social,social,0,1
U06214,low_engagement,fixed,2,2,1,5,5.3226,8.5226,social,email,social,0,1
U06215,low_engagement,trigger,1,1,0,2,0.0,8.2939,social,social,social,0,1
U06216,high_intent,hybrid,3,2,1,6,50.4149,2.0983,social,social,email,0,1
U06217,loyal_customer,fixed,3,2,0,5,6.7375,12.2842,social,email,ad,0,1
U06218,new_cold_customer,trigger,5,2,0,7,52.1995,1.1884,social,email,social,0,1
U06219,new_cold_customer,hybrid,3,0,0,3,129.2149,2.9686,social,social,social,0,0
U06220,new_cold_customer,trigger,3,2,1,6,28.2216,2.3138,social,social,email,0,1
U06221,low_engagement,hybrid,3,1,0,4,82.5939,4.0432,offer,email,offer,0,1
U06222,new_cold_customer,hybrid,4,1,1,6,53.7687,1.682,social,email,email,0,1
U06223,new_cold_customer,fixed,5,1,0,6,14.9809,6.6835,social,social,social,0,1
U06224,high_intent,fixed,5,3,3,11,22.6725,2.4117,social,email,email,0,1
U06225,high_intent,fixed,6,2,2,10,31.1454,3.1468,social,social,social,0,1
U06226,loyal_customer,fixed,5,0,0,5,60.5445,4.3675,email,social,email,0,0
U06227,loyal_customer,hybrid,4,1,0,5,42.6432,7.4674,social,social,social,0,1
U06228,high_intent,hybrid,4,3,1,8,37.4044,2.9519,email,email,social,0,1
U06229,high_intent,trigger,4,2,0,6,57.9815,2.5884,email,social,email,0,1
U06230,new_cold_customer,fixed,5,1,0,6,54.0225,2.1105,social,social,social,0,1
U06231,high_intent,hybrid,6,3,2,12,28.7834,1.1668,email,email,social,1,0
U06232,new_cold_customer,fixed,5,1,1,8,28.6796,6.2381,social,social,social,1,0
U06233,new_cold_customer,trigger,5,0,0,5,54.0303,1.1381,social,social,social,0,0
U06234,loyal_customer,fixed,6,2,1,9,32.7989,1.0041,social,email,social,0,1
U06235,high_intent,trigger,7,5,3,16,13.2852,2.2661,social,social,social,1,0
U06236,new_cold_customer,hybrid,2,1,1,4,51.7868,6.5883,email,email,social,0,1
U06237,low_engagement,hybrid,3,2,0,5,51.2763,1.1833,social,email,social,0,1
U06238,low_engagement,fixed,3,1,0,4,44.5671,3.7177,social,social,social,0,1
U06239,low_engagement,trigger,1,1,1,3,0.0,4.0784,social,social,social,0,1
U06240,low_engagement,hybrid,2,0,0,2,233.88,1.0942,social,social,social,0,0
U06241,high_intent,fixed,7,5,2,14,11.0244,2.5625,social,social,social,0,1
U06242,low_engagement,trigger,2,0,0,2,123.6094,6.1332,social,social,ad,0,0
U06243,loyal_customer,fixed,5,4,2,11,31.1505,1.2962,email,email,email,0,1
U06244,low_engagement,trigger,2,0,0,2,123.4857,6.5445,social,social,social,0,0
U06245,low_engagement,hybrid,3,1,1,5,43.6966,5.8523,social,email,social,0,1
U06246,new_cold_customer,trigger,3,1,0,4,56.2803,5.1649,social,social,social,0,1
U06247,loyal_customer,trigger,3,2,1,6,35.3588,6.8832,social,email,social,0,1
U06248,low_engagement,hybrid,3,0,0,3,144.6316,1.9342,social,social,social,0,0
U06249,high_intent,hybrid,3,3,1,8,28.3327,6.2498,email,social,email,1,0
U06250,loyal_customer,hybrid,4,2,1,7,13.2647,5.1225,social,social,social,0,1
U06251,new_cold_customer,hybrid,4,1,0,5,75.5426,1.3945,social,email,social,0,1
U06252,new_cold_customer,hybrid,4,2,1,8,32.4703,3.741,social,social,social,1,0
U06253,loyal_customer,trigger,4,1,1,6,24.5639,9.7939,social,social,ad,0,1
U06254,new_cold_customer,trigger,5,2,0,7,31.442,2.0622,social,social,ad,0,1
U06255,high_intent,fixed,7,5,3,17,14.5396,3.6771,social,social,email,1,0
U06256,loyal_customer,hybrid,4,1,1,7,35.7567,3.5971,email,social,ad,1,0
U06257,new_cold_customer,trigger,5,4,1,10,23.4006,5.1445,social,social,social,0,1
U06258,new_cold_customer,hybrid,3,2,0,5,43.083,6.5882,social,offer,social,0,1
U06259,low_engagement,trigger,4,0,0,4,85.0249,1.7351,social,social,social,0,0
U06260,new_cold_customer,trigger,2,2,0,4,10.3313,1.7478,email,email,social,0,1
U06261,loyal_customer,hybrid,6,3,1,11,28.3033,1.757,social,email,social,1,0
U06262,new_cold_customer,hybrid,4,1,0,5,32.9596,8.6043,social,social,social,0,1
U06263,high_intent,trigger,3,2,0,5,61.8482,3.8599,social,social,social,0,1
U06264,new_cold_customer,trigger,2,2,0,4,31.336,2.5502,social,social,ad,0,1
U06265,loyal_customer,fixed,3,1,1,5,45.6029,1.4784,social,social,social,0,1
U06266,loyal_customer,hybrid,4,2,0,6,26.0916,1.372,social,social,social,0,1
U06267,high_intent,trigger,5,2,1,9,25.6838,3.4672,social,social,email,1,0
U06268,new_cold_customer,hybrid,5,2,0,7,28.9084,7.4088,social,social,social,0,1
U06269,low_engagement,fixed,3,1,0,4,56.9789,5.4307,social,social,social,0,1
U06270,loyal_customer,hybrid,6,3,3,14,20.2835,3.1851,social,social,social,1,0
U06271,new_cold_customer,fixed,2,1,0,3,21.3027,3.0166,ad,ad,social,0,1
U06272,loyal_customer,hybrid,4,2,0,6,47.7552,1.4753,social,offer,email,0,1
U06273,loyal_customer,hybrid,3,2,2,7,11.2165,2.7023,email,offer,email,0,1
U06274,price_sensitive,hybrid,3,1,0,4,59.5047,3.2627,email,email,email,0,1
U06275,loyal_customer,fixed,3,3,1,7,23.8897,1.9869,social,social,social,0,1
U06276,new_cold_customer,trigger,2,2,0,4,66.6186,5.2043,social,social,social,0,1
U06277,new_cold_customer,trigger,3,2,0,5,39.572,1.7072,social,social,ad,0,1
U06278,price_sensitive,fixed,1,0,0,1,0.0,12.7455,social,social,social,0,0
U06279,new_cold_customer,trigger,2,2,1,5,61.2483,3.1755,social,social,social,0,1
U06280,high_intent,fixed,8,7,3,20,14.1391,2.4861,email,social,email,1,0
U06281,high_intent,hybrid,3,0,0,3,78.3257,7.8626,social,social,social,0,0
U06282,high_intent,hybrid,3,3,1,7,36.9253,1.1041,email,email,email,0,1
U06283,new_cold_customer,fixed,3,0,0,3,75.4067,4.8119,email,email,social,0,0
U06284,price_sensitive,trigger,1,0,0,1,0.0,1.3472,offer,offer,offer,0,0
U06285,low_engagement,hybrid,4,1,1,6,36.2144,7.0966,social,social,social,0,1
U06286,new_cold_customer,trigger,3,2,0,5,25.2216,6.1471,social,email,social,0,1
U06287,loyal_customer,trigger,6,1,0,7,41.3478,1.3478,social,social,social,0,1
U06288,high_intent,fixed,4,4,4,13,23.0629,1.0775,social,social,social,1,0
U06289,new_cold_customer,fixed,2,2,2,6,40.5048,1.521,social,social,social,0,1
U06290,new_cold_customer,hybrid,5,2,1,8,41.8641,2.3033,social,social,email,0,1
U06291,new_cold_customer,trigger,4,1,0,5,29.3113,6.4286,social,social,social,0,1
U06292,low_engagement,trigger,3,1,1,5,47.3994,2.3691,social,social,social,0,1
U06293,new_cold_customer,hybrid,5,3,1,9,33.8603,1.6714,social,social,social,0,1
U06294,low_engagement,fixed,1,0,0,1,0.0,13.9816,email,email,email,0,0
U06295,new_cold_customer,trigger,4,1,0,5,36.7372,1.8917,social,social,social,0,1
U06296,new_cold_customer,hybrid,3,0,0,3,94.4786,6.8041,social,social,social,0,0
U06297,low_engagement,hybrid,2,1,0,3,87.966,2.3894,social,social,email,0,1
U06298,low_engagement,fixed,3,0,0,3,156.3938,1.5427,social,social,social,0,0
U06299,loyal_customer,fixed,2,0,0,2,148.032,4.7196,email,email,social,0,0
U06300,new_cold_customer,trigger,2,2,0,4,50.9725,7.0153,social,social,social,0,1
U06301,loyal_customer,fixed,2,2,1,5,13.7925,9.6291,social,social,social,0,1
U06302,loyal_customer,fixed,4,1,1,6,57.8293,1.9061,social,email,social,0,1
U06303,low_engagement,trigger,3,3,1,7,22.8104,5.5876,social,social,social,0,1
U06304,loyal_customer,fixed,6,2,0,8,40.4788,2.5303,social,email,social,0,1
U06305,loyal_customer,fixed,6,2,1,10,29.0546,2.6185,social,social,email,1,0
U06306,low_engagement,hybrid,2,1,0,3,139.9182,1.7946,email,email,social,0,1
U06307,low_engagement,fixed,1,0,0,1,0.0,13.3231,social,social,social,0,0
U06308,low_engagement,fixed,3,1,0,4,71.4377,5.8573,social,social,social,0,1
U06309,new_cold_customer,fixed,2,1,0,3,112.2452,2.1558,social,social,social,0,1
U06310,new_cold_customer,fixed,2,0,0,2,93.5813,6.4225,social,social,social,0,0
U06311,low_engagement,trigger,3,1,0,4,82.0897,3.8583,social,social,social,0,1
U06312,loyal_customer,fixed,6,3,2,11,30.7563,1.6949,social,social,social,0,1
U06313,price_sensitive,fixed,3,1,0,4,56.5117,3.9447,email,social,email,0,1
U06314,new_cold_customer,hybrid,4,1,0,5,59.3983,1.5956,social,ad,social,0,1
U06315,new_cold_customer,fixed,4,1,0,5,52.4869,1.8081,social,social,email,0,1
U06316,new_cold_customer,fixed,4,2,0,6,15.8608,10.5768,social,social,email,0,1
U06317,new_cold_customer,trigger,3,0,0,3,118.0919,4.9148,social,email,social,0,0
U06318,loyal_customer,fixed,3,1,1,5,6.8193,8.9153,social,social,email,0,1
U06319,new_cold_customer,trigger,3,0,0,3,54.78,9.2627,social,social,social,0,0
U06320,price_sensitive,trigger,3,1,0,4,28.1807,1.9622,social,social,email,0,1
U06321,high_intent,trigger,6,3,0,9,38.785,1.5095,email,email,social,0,1
U06322,new_cold_customer,trigger,3,2,1,6,11.4018,11.1516,social,social,ad,0,1
U06323,low_engagement,trigger,4,2,1,7,16.043,8.8699,social,social,social,0,1
U06324,new_cold_customer,fixed,2,1,0,3,124.4363,2.3757,social,social,social,0,1
U06325,new_cold_customer,fixed,2,2,0,4,104.8456,1.4061,social,social,social,0,1
U06326,loyal_customer,trigger,6,2,1,10,27.2241,3.9929,social,offer,social,1,0
U06327,new_cold_customer,hybrid,5,3,2,10,19.1445,2.9148,social,social,social,0,1
U06328,low_engagement,trigger,3,1,0,4,68.6065,1.3707,social,social,social,0,1
U06329,new_cold_customer,trigger,2,0,0,2,147.6967,1.2093,ad,ad,social,0,0
U06330,new_cold_customer,hybrid,4,2,1,7,38.774,2.0582,social,social,social,0,1
U06331,low_engagement,trigger,2,1,0,3,84.3019,4.6165,ad,ad,ad,0,1
U06332,new_cold_customer,hybrid,4,2,1,8,21.8275,1.3381,social,social,social,1,0
U06333,loyal_customer,fixed,4,3,2,10,16.8561,2.9704,social,social,social,1,0
U06334,new_cold_customer,fixed,2,0,0,2,166.4849,7.9624,email,email,social,0,0
U06335,loyal_customer,fixed,3,2,1,6,9.0216,5.2337,social,email,social,0,1
U06336,new_cold_customer,trigger,4,2,0,6,35.4371,6.6673,email,email,social,0,1
U06337,new_cold_customer,trigger,5,3,0,8,41.4194,1.5236,social,social,social,0,1
U06338,high_intent,trigger,3,1,1,6,14.1749,4.6194,email,social,social,1,0
U06339,new_cold_customer,trigger,4,0,0,4,29.2603,3.6698,social,social,social,0,0
U06340,new_cold_customer,fixed,2,1,0,3,17.8802,2.0006,social,social,social,0,1
U06341,loyal_customer,fixed,3,0,0,3,74.6101,8.6825,ad,social,ad,0,0
U06342,loyal_customer,fixed,5,2,1,8,33.1449,1.2387,social,email,social,0,1
U06343,high_intent,hybrid,4,2,2,10,19.3443,2.2758,social,social,social,1,0
U06344,low_engagement,trigger,2,1,1,4,52.8275,7.1866,social,social,social,0,1
U06345,loyal_customer,hybrid,6,3,2,12,27.4254,1.9297,social,social,social,1,0
U06346,low_engagement,hybrid,2,2,1,5,18.4294,8.7768,social,social,ad,0,1
U06347,loyal_customer,fixed,2,0,0,2,57.5655,11.2539,social,social,email,0,0
U06348,low_engagement,fixed,3,0,0,3,162.4217,1.3001,social,social,ad,0,0
U06349,low_engagement,trigger,3,0,0,3,139.125,2.4697,social,social,social,0,0
U06350,new_cold_customer,hybrid,3,3,0,6,25.4868,4.0772,social,social,social,0,1
U06351,new_cold_customer,hybrid,5,2,1,8,23.5321,1.7455,social,social,email,0,1
U06352,price_sensitive,fixed,1,0,0,1,0.0,7.1932,social,social,social,0,0
U06353,loyal_customer,trigger,3,1,1,5,21.7901,5.5897,email,email,social,0,1
U06354,new_cold_customer,hybrid,3,0,0,3,53.191,9.8338,social,social,email,0,0
U06355,new_cold_customer,hybrid,4,1,1,6,32.1965,3.1439,social,social,social,0,1
U06356,new_cold_customer,hybrid,3,2,0,5,38.9209,8.4998,social,social,social,0,1
U06357,high_intent,fixed,4,3,2,10,8.7572,6.8978,social,social,social,1,0
U06358,low_engagement,trigger,4,0,0,4,29.3391,1.5948,social,social,social,0,0
U06359,low_engagement,trigger,2,0,0,2,252.1329,4.2432,social,social,email,0,0
U06360,high_intent,fixed,4,2,1,8,28.6081,3.2215,social,social,social,1,0
U06361,new_cold_customer,hybrid,2,1,1,4,26.1779,9.5757,ad,ad,ad,0,1
U06362,low_engagement,fixed,1,0,0,1,0.0,1.709,email,email,email,0,0
U06363,new_cold_customer,trigger,3,1,0,4,53.5155,3.1091,social,social,social,0,1
U06364,new_cold_customer,fixed,4,3,1,8,40.3162,1.6452,social,social,email,0,1
U06365,loyal_customer,hybrid,6,2,0,8,22.4424,6.1403,social,social,ad,0,1
U06366,price_sensitive,hybrid,1,0,0,1,0.0,1.1705,social,social,social,0,0
U06367,loyal_customer,trigger,2,0,0,2,117.8528,5.9216,email,email,social,0,0
U06368,low_engagement,trigger,4,2,0,6,38.319,4.9295,email,email,email,0,1
U06369,new_cold_customer,trigger,2,1,0,3,110.1148,3.9492,social,social,social,0,1
U06370,high_intent,hybrid,7,5,3,18,13.0308,1.1937,social,social,social,1,0
U06371,new_cold_customer,hybrid,5,3,2,10,22.2997,1.4181,social,social,social,0,1
U06372,price_sensitive,trigger,1,1,0,2,0.0,7.2701,social,social,social,0,1
U06373,high_intent,trigger,3,2,1,7,26.2118,6.0107,social,email,social,1,0
U06374,loyal_customer,hybrid,2,1,0,3,52.8853,2.7684,email,email,email,0,1
U06375,loyal_customer,fixed,3,2,2,8,32.3413,4.372,social,social,social,1,0
U06376,loyal_customer,fixed,6,3,2,12,25.1794,3.4387,social,email,offer,1,0
U06377,low_engagement,hybrid,3,2,0,5,42.2551,3.9291,ad,ad,social,0,1
U06378,price_sensitive,hybrid,3,1,0,4,74.0949,3.8662,offer,offer,social,0,1
U06379,new_cold_customer,fixed,5,2,0,7,46.9382,1.4519,social,social,ad,0,1
U06380,high_intent,trigger,4,2,2,9,18.6741,3.8136,email,email,offer,1,0
U06381,low_engagement,fixed,4,2,0,6,49.7835,2.4251,social,social,social,0,1
U06382,low_engagement,hybrid,3,0,0,3,140.861,2.3309,social,email,social,0,0
U06383,new_cold_customer,fixed,4,3,0,7,43.5297,2.2348,social,social,social,0,1
U06384,loyal_customer,hybrid,3,2,1,6,15.3355,2.5929,social,social,email,0,1
U06385,new_cold_customer,fixed,3,2,0,5,67.28,1.0694,social,social,social,0,1
U06386,price_sensitive,fixed,2,1,0,3,2.5697,8.5215,email,social,email,0,1
U06387,new_cold_customer,hybrid,2,1,1,4,1.2063,9.3625,social,social,email,0,1
U06388,low_engagement,hybrid,2,1,0,3,2.5974,8.8746,social,email,social,0,1
U06389,price_sensitive,fixed,1,0,0,1,0.0,2.5128,social,social,social,0,0
U06390,new_cold_customer,hybrid,4,1,0,5,64.3152,3.0228,social,social,social,0,1
U06391,new_cold_customer,hybrid,4,1,0,5,68.8099,2.9393,social,social,email,0,1
U06392,price_sensitive,fixed,3,0,0,3,41.3845,5.1055,social,social,social,0,0
U06393,low_engagement,fixed,4,2,0,6,49.9717,2.5129,social,email,social,0,1
U06394,price_sensitive,trigger,2,0,0,2,56.8837,7.0619,social,social,ad,0,0
U06395,loyal_customer,hybrid,2,0,0,2,194.5908,3.4368,email,email,email,0,0
U06396,new_cold_customer,hybrid,5,0,0,5,27.9844,7.2168,social,social,ad,0,0
U06397,high_intent,fixed,6,3,0,9,32.8162,3.1615,social,social,email,0,1
U06398,loyal_customer,hybrid,3,2,0,5,39.7613,1.9533,email,email,social,0,1
U06399,price_sensitive,trigger,3,0,0,3,102.0183,3.951,email,email,social,0,0
U06400,new_cold_customer,trigger,5,2,1,8,33.4205,4.3958,social,social,email,0,1
U06401,loyal_customer,hybrid,6,4,2,13,22.711,1.0074,social,social,ad,1,0
U06402,new_cold_customer,trigger,4,1,0,5,33.6004,1.9458,social,social,social,0,1
U06403,new_cold_customer,trigger,4,1,0,5,48.6414,6.6665,social,offer,social,0,1
U06404,new_cold_customer,trigger,3,1,1,5,69.5215,2.8969,email,email,social,0,1
U06405,price_sensitive,fixed,1,0,0,1,0.0,10.999,social,social,social,0,0
U06406,low_engagement,trigger,2,0,0,2,21.6816,4.9646,social,social,email,0,0
U06407,low_engagement,hybrid,1,0,0,1,0.0,9.0962,social,social,social,0,0
U06408,new_cold_customer,hybrid,4,1,0,5,60.355,1.2168,social,social,offer,0,1
U06409,new_cold_customer,trigger,2,2,0,4,4.1317,13.1159,social,social,social,0,1
U06410,low_engagement,fixed,1,0,0,1,0.0,7.9029,social,social,social,0,0
U06411,new_cold_customer,fixed,5,1,0,6,62.8452,1.0929,social,social,social,0,1
U06412,new_cold_customer,fixed,5,3,1,9,20.1514,5.2577,social,ad,social,0,1
U06413,loyal_customer,hybrid,4,0,0,4,76.0489,3.8409,social,social,email,0,0
U06414,loyal_customer,trigger,6,3,1,10,20.3532,6.6528,email,email,social,0,1
U06415,new_cold_customer,fixed,2,2,0,4,56.3319,1.2238,social,social,social,0,1
U06416,loyal_customer,trigger,6,6,2,14,15.2783,1.1865,social,social,social,0,1
U06417,loyal_customer,hybrid,3,0,0,3,137.4003,1.8361,social,email,social,0,0
U06418,price_sensitive,fixed,3,0,0,3,151.3161,1.4035,offer,offer,ad,0,0
U06419,new_cold_customer,trigger,4,1,0,5,29.3741,2.579,social,social,social,0,1
U06420,new_cold_customer,trigger,3,1,0,4,54.024,8.0351,social,social,social,0,1
U06421,low_engagement,trigger,1,0,0,1,0.0,11.9214,social,social,social,0,0
U06422,new_cold_customer,fixed,3,0,0,3,154.4798,1.3486,social,social,social,0,0
U06423,new_cold_customer,fixed,2,1,1,4,12.4585,12.2399,social,email,social,0,1
U06424,new_cold_customer,trigger,3,0,0,3,24.3723,10.0958,social,social,ad,0,0
U06425,loyal_customer,hybrid,6,3,0,9,13.9888,5.0267,social,social,social,0,1
U06426,loyal_customer,trigger,3,2,0,5,49.6473,1.4395,social,email,social,0,1
U06427,new_cold_customer,hybrid,3,2,0,5,40.6601,1.2834,social,social,email,0,1
U06428,low_engagement,fixed,2,0,0,2,223.7733,5.401,social,social,social,0,0
U06429,loyal_customer,fixed,4,1,0,5,47.3593,4.9222,social,email,social,0,1
U06430,loyal_customer,hybrid,6,4,1,12,22.4809,1.2173,email,ad,email,1,0
U06431,new_cold_customer,fixed,4,2,0,6,57.9261,2.0798,email,ad,social,0,1
U06432,high_intent,hybrid,6,4,2,14,19.5163,2.7176,social,social,social,1,0
U06433,high_intent,fixed,5,3,2,10,27.5458,4.0296,social,email,social,0,1
U06434,high_intent,fixed,4,3,2,9,33.0188,3.5331,social,social,social,0,1
U06435,price_sensitive,trigger,2,0,0,2,195.4564,2.0247,email,email,social,0,0
U06436,price_sensitive,hybrid,2,1,0,3,3.7753,13.1899,social,social,social,0,1
U06437,loyal_customer,hybrid,5,3,1,9,35.3274,1.6846,social,social,social,0,1
U06438,loyal_customer,hybrid,5,2,0,7,34.4672,4.3614,ad,ad,ad,0,1
U06439,high_intent,trigger,5,1,1,7,44.5871,3.2682,email,social,social,0,1
U06440,low_engagement,trigger,2,1,0,3,29.1673,3.4548,ad,ad,social,0,1
U06441,new_cold_customer,trigger,4,0,0,4,63.3055,5.1388,social,social,offer,0,0
U06442,new_cold_customer,fixed,3,2,1,6,33.8567,5.7075,social,social,social,0,1
U06443,new_cold_customer,fixed,4,2,0,6,46.1358,1.592,social,social,social,0,1
U06444,loyal_customer,fixed,2,0,0,2,101.8634,8.4641,email,email,ad,0,0
U06445,new_cold_customer,trigger,5,0,0,5,56.7731,1.9899,social,email,social,0,0
U06446,loyal_customer,trigger,6,5,2,14,11.0507,5.4265,social,email,email,1,0
U06447,price_sensitive,fixed,1,0,0,1,0.0,1.3796,social,social,social,0,0
U06448,low_engagement,trigger,2,0,0,2,3.6199,9.695,social,social,social,0,0
U06449,new_cold_customer,fixed,2,1,0,3,137.3504,3.3835,social,social,social,0,1
U06450,low_engagement,trigger,2,0,0,2,94.432,3.2072,social,social,email,0,0
U06451,new_cold_customer,trigger,4,3,0,7,40.5597,2.8446,ad,social,ad,0,1
U06452,loyal_customer,trigger,5,2,0,7,35.5636,1.1843,social,social,ad,0,1
U06453,low_engagement,fixed,4,1,1,6,52.8332,2.0946,social,social,social,0,1
U06454,loyal_customer,hybrid,5,4,2,13,20.7664,4.5809,social,social,social,1,0
U06455,new_cold_customer,fixed,3,1,0,4,44.8857,1.7005,social,social,social,0,1
U06456,low_engagement,fixed,1,0,0,1,0.0,6.0098,social,social,social,0,0
U06457,new_cold_customer,hybrid,2,2,0,4,36.1135,7.2761,social,social,social,0,1
U06458,new_cold_customer,fixed,2,2,1,5,16.192,3.6261,ad,ad,social,0,1
U06459,low_engagement,hybrid,1,1,1,3,0.0,11.2433,email,email,email,0,1
U06460,high_intent,fixed,7,6,3,17,19.6834,1.1645,social,email,email,1,0
U06461,price_sensitive,fixed,1,1,0,2,0.0,5.0048,offer,offer,offer,0,1
U06462,new_cold_customer,trigger,4,0,0,4,64.3956,3.8613,social,social,social,0,0
U06463,low_engagement,fixed,3,2,0,5,62.792,3.3025,social,social,social,0,1
U06464,high_intent,fixed,5,5,3,14,18.225,2.2197,social,social,social,1,0
U06465,new_cold_customer,trigger,4,0,0,4,58.5878,6.1416,social,ad,social,0,0
U06466,low_engagement,fixed,4,2,1,7,19.4949,4.3272,social,social,ad,0,1
U06467,loyal_customer,hybrid,4,2,0,6,24.9271,9.4721,social,social,email,0,1
U06468,new_cold_customer,hybrid,3,1,0,4,36.6171,4.5331,social,social,social,0,1
U06469,low_engagement,fixed,2,0,0,2,218.629,1.6795,email,email,social,0,0
U06470,price_sensitive,hybrid,1,0,0,1,0.0,14.0532,social,social,social,0,0
U06471,low_engagement,hybrid,4,2,0,6,14.7847,4.3325,social,social,social,0,1
U06472,price_sensitive,hybrid,3,2,0,5,7.5025,11.106,social,social,social,0,1
U06473,new_cold_customer,fixed,2,1,0,3,112.9259,2.3906,ad,ad,social,0,1
U06474,low_engagement,trigger,2,1,0,3,21.0086,3.342,ad,ad,social,0,1
U06475,new_cold_customer,fixed,4,3,1,8,19.4461,2.5168,social,social,email,0,1
U06476,new_cold_customer,hybrid,3,1,0,4,35.877,7.6627,social,social,social,0,1
U06477,price_sensitive,trigger,1,0,0,1,0.0,3.5832,email,email,email,0,0
U06478,new_cold_customer,hybrid,2,1,0,3,112.4894,3.7189,social,social,social,0,1
U06479,new_cold_customer,trigger,5,2,0,7,54.5068,1.1842,social,ad,social,0,1
U06480,price_sensitive,hybrid,3,0,0,3,75.7937,5.0984,social,social,ad,0,0
U06481,new_cold_customer,hybrid,5,0,0,5,64.9075,2.0875,social,social,email,0,0
U06482,new_cold_customer,hybrid,3,0,0,3,119.9922,4.2181,social,social,social,0,0
U06483,new_cold_customer,fixed,4,2,2,8,30.1462,2.7417,social,email,social,0,1
U06484,new_cold_customer,hybrid,5,1,1,7,46.3449,1.4605,social,social,social,0,1
U06485,new_cold_customer,fixed,5,2,2,9,33.4771,2.6407,social,social,social,0,1
U06486,low_engagement,trigger,2,1,0,3,157.4477,1.7759,social,social,social,0,1
U06487,loyal_customer,trigger,5,2,1,8,31.8321,2.9173,email,social,email,0,1
U06488,new_cold_customer,trigger,4,4,2,10,4.8591,8.5602,social,social,social,0,1
U06489,loyal_customer,hybrid,4,3,1,8,37.433,1.0277,social,social,social,0,1
U06490,new_cold_customer,fixed,5,3,1,9,35.6754,2.4952,social,social,social,0,1
U06491,price_sensitive,hybrid,2,1,0,3,76.5813,6.2066,social,ad,social,0,1
U06492,high_intent,hybrid,7,3,1,11,21.9867,5.4341,email,social,email,0,1
U06493,low_engagement,hybrid,1,0,0,1,0.0,4.9433,social,social,social,0,0
U06494,new_cold_customer,fixed,2,1,1,4,30.0599,10.322,social,social,social,0,1
U06495,price_sensitive,fixed,2,0,0,2,248.1056,3.5372,social,social,ad,0,0
U06496,loyal_customer,hybrid,4,2,0,6,60.8918,2.2781,social,social,social,0,1
U06497,low_engagement,fixed,2,0,0,2,133.6331,1.5796,social,social,ad,0,0
U06498,price_sensitive,trigger,1,0,0,1,0.0,7.1837,social,social,social,0,0
U06499,new_cold_customer,fixed,4,2,1,7,31.8018,3.9955,social,social,social,0,1
U06500,new_cold_customer,fixed,2,1,0,3,4.1633,9.9971,social,social,social,0,1
U06501,new_cold_customer,fixed,4,1,0,5,45.6186,4.6314,social,social,social,0,1
U06502,new_cold_customer,fixed,2,1,0,3,120.4536,3.2715,social,ad,social,0,1
U06503,high_intent,trigger,4,2,1,7,39.8733,3.2126,email,email,email,0,1
U06504,low_engagement,fixed,3,1,1,5,62.5688,2.0817,social,social,social,0,1
U06505,loyal_customer,fixed,6,2,0,8,42.7809,2.0188,social,offer,social,0,1
U06506,low_engagement,hybrid,3,1,1,5,60.2415,3.9768,social,social,social,0,1
U06507,new_cold_customer,trigger,4,1,0,5,54.914,5.6481,social,social,ad,0,1
U06508,loyal_customer,hybrid,2,1,1,4,45.3545,8.7756,offer,email,offer,0,1
U06509,high_intent,hybrid,4,3,1,9,33.9415,2.3345,email,email,email,1,0
U06510,low_engagement,trigger,2,1,0,3,32.2957,8.9602,social,social,social,0,1
U06511,high_intent,hybrid,6,4,1,11,27.7857,1.2951,email,email,social,0,1
U06512,new_cold_customer,trigger,2,2,1,5,35.4215,6.4154,social,social,social,0,1
U06513,low_engagement,hybrid,1,1,1,3,0.0,14.2084,offer,offer,offer,0,1
U06514,new_cold_customer,fixed,5,3,0,8,27.6386,5.0467,social,social,social,0,1
U06515,new_cold_customer,trigger,4,0,0,4,78.1018,2.8492,social,social,social,0,0
U06516,loyal_customer,fixed,3,2,0,5,78.4428,1.4706,email,email,email,0,1
U06517,new_cold_customer,trigger,3,1,0,4,63.5994,2.7259,social,social,social,0,1
U06518,new_cold_customer,trigger,5,3,1,9,36.8782,1.0543,social,social,social,0,1
U06519,loyal_customer,fixed,6,3,0,9,33.3617,3.1833,social,social,offer,0,1
U06520,loyal_customer,trigger,3,2,0,5,48.2457,4.1623,social,social,social,0,1
U06521,low_engagement,trigger,3,1,1,5,37.6555,4.7312,email,ad,email,0,1
U06522,new_cold_customer,trigger,3,1,0,4,87.6119,3.2019,social,social,email,0,1
U06523,new_cold_customer,fixed,4,1,0,5,20.2924,7.31,social,social,social,0,1
U06524,loyal_customer,fixed,6,4,0,10,31.036,2.5498,social,social,social,0,1
U06525,high_intent,fixed,8,7,4,20,17.3103,1.0961,email,social,social,1,0
U06526,new_cold_customer,hybrid,5,2,1,9,25.623,3.5632,social,social,social,1,0
U06527,new_cold_customer,fixed,4,0,0,4,51.485,5.0954,social,social,social,0,0
U06528,new_cold_customer,fixed,4,1,0,5,68.9495,1.3523,ad,social,ad,0,1
U06529,new_cold_customer,fixed,4,0,0,4,21.5868,10.6928,social,social,social,0,0
U06530,new_cold_customer,hybrid,2,0,0,2,177.3142,5.6089,social,social,social,0,0
U06531,new_cold_customer,hybrid,2,1,1,4,91.8842,2.3944,ad,social,ad,0,1
U06532,loyal_customer,hybrid,6,2,2,10,29.9615,1.4097,social,social,email,0,1
U06533,price_sensitive,hybrid,3,0,0,3,94.4143,6.8058,social,social,social,0,0
U06534,loyal_customer,trigger,2,1,0,3,46.622,7.5433,email,social,email,0,1
U06535,low_engagement,fixed,4,0,0,4,98.0481,2.5116,social,social,social,0,0
U06536,low_engagement,hybrid,4,0,0,4,49.1136,3.6423,social,social,social,0,0
U06537,new_cold_customer,trigger,5,4,2,11,28.9254,1.2489,social,ad,email,0,1
U06538,price_sensitive,hybrid,3,2,1,6,22.9386,2.2866,email,email,social,0,1
U06539,low_engagement,trigger,1,1,0,2,0.0,8.1725,social,social,social,0,1
U06540,loyal_customer,trigger,3,1,0,4,86.0316,1.8419,email,email,social,0,1
U06541,high_intent,hybrid,8,4,3,17,16.1884,2.9011,social,social,social,1,0
U06542,new_cold_customer,fixed,2,1,0,3,111.8878,3.024,social,social,email,0,1
U06543,new_cold_customer,hybrid,5,3,0,8,39.9606,2.5772,social,social,social,0,1
U06544,loyal_customer,fixed,5,1,0,6,50.919,1.5259,social,social,social,0,1
U06545,new_cold_customer,hybrid,2,0,0,2,14.6785,6.8773,social,social,social,0,0
U06546,high_intent,hybrid,3,3,1,8,19.7958,6.2692,social,social,social,1,0
U06547,high_intent,fixed,8,6,2,17,15.4903,3.4832,social,social,social,1,0
U06548,low_engagement,trigger,1,1,0,2,0.0,7.0926,email,email,email,0,1
U06549,new_cold_customer,trigger,4,2,2,8,24.9442,7.419,social,social,social,0,1
U06550,low_engagement,hybrid,2,0,0,2,214.5879,1.3245,email,email,social,0,0
U06551,new_cold_customer,hybrid,3,3,2,8,22.4054,7.3259,offer,offer,email,0,1
U06552,loyal_customer,fixed,2,1,1,4,88.7589,3.858,ad,ad,ad,0,1
U06553,high_intent,fixed,7,5,3,17,13.0739,3.8174,social,social,email,1,0
U06554,price_sensitive,trigger,3,0,0,3,122.937,3.4596,social,social,social,0,0
U06555,high_intent,fixed,7,4,2,13,20.1055,4.9182,social,social,social,0,1
U06556,new_cold_customer,hybrid,3,1,0,4,89.5294,1.0163,social,social,social,0,1
U06557,new_cold_customer,trigger,2,1,0,3,42.8525,2.7717,social,social,social,0,1
U06558,new_cold_customer,fixed,4,2,0,6,41.3948,5.9844,social,social,social,0,1
U06559,price_sensitive,hybrid,3,0,0,3,44.2326,7.3147,social,email,social,0,0
U06560,new_cold_customer,hybrid,5,2,0,7,38.2595,2.844,social,social,social,0,1
U06561,low_engagement,trigger,2,1,1,4,27.8494,7.3665,social,social,social,0,1
U06562,new_cold_customer,trigger,3,2,1,6,35.6722,1.9042,social,social,email,0,1
U06563,low_engagement,trigger,2,0,0,2,125.1542,3.3477,social,social,social,0,0
U06564,low_engagement,trigger,1,0,0,1,0.0,2.1085,social,social,social,0,0
U06565,loyal_customer,trigger,2,0,0,2,132.211,6.0636,social,social,email,0,0
U06566,new_cold_customer,hybrid,3,2,0,5,32.734,3.0124,social,social,social,0,1
U06567,high_intent,hybrid,4,2,2,9,31.2663,4.1257,social,social,social,1,0
U06568,low_engagement,hybrid,4,1,0,5,69.4227,2.8996,social,social,social,0,1
U06569,low_engagement,hybrid,2,0,0,2,120.7409,7.8135,social,social,social,0,0
U06570,low_engagement,trigger,3,2,1,6,51.3598,2.8498,social,social,ad,0,1
U06571,new_cold_customer,trigger,3,2,0,5,62.9792,2.7139,social,social,social,0,1
U06572,high_intent,trigger,3,2,1,7,20.9713,3.1692,social,social,social,1,0
U06573,low_engagement,trigger,2,1,1,4,19.8146,1.0979,social,social,email,0,1
U06574,low_engagement,trigger,4,1,0,5,43.1718,3.759,social,social,social,0,1
U06575,loyal_customer,fixed,2,1,0,3,2.0076,4.5152,social,social,social,0,1
U06576,new_cold_customer,trigger,5,2,0,7,43.5299,3.2823,social,social,social,0,1
U06577,low_engagement,fixed,3,0,0,3,124.4394,1.3609,ad,social,ad,0,0
U06578,new_cold_customer,hybrid,4,2,1,8,31.6721,5.1708,social,social,email,1,0
U06579,new_cold_customer,fixed,4,3,2,9,29.1761,1.0703,social,social,ad,0,1
U06580,high_intent,trigger,8,5,3,19,16.0223,1.9655,social,email,social,1,0
U06581,new_cold_customer,fixed,4,2,1,8,32.9797,1.2203,social,email,social,1,0
U06582,new_cold_customer,trigger,2,0,0,2,0.0927,7.391,social,social,social,0,0
U06583,new_cold_customer,fixed,5,3,0,8,34.3194,2.702,social,social,social,0,1
U06584,loyal_customer,fixed,2,0,0,2,81.7517,10.5366,email,email,social,0,0
U06585,new_cold_customer,hybrid,4,0,0,4,89.1004,1.3711,social,ad,social,0,0
U06586,new_cold_customer,fixed,3,0,0,3,56.011,7.8456,social,social,social,0,0
U06587,new_cold_customer,trigger,3,1,1,5,23.6644,4.8136,social,social,social,0,1
U06588,price_sensitive,hybrid,1,0,0,1,0.0,2.6292,email,email,email,0,0
U06589,low_engagement,fixed,1,0,0,1,0.0,3.6469,social,social,social,0,0
U06590,new_cold_customer,trigger,4,3,2,9,14.8249,4.6138,social,social,social,0,1
U06591,high_intent,fixed,6,4,2,12,23.5325,1.5031,email,email,ad,0,1
U06592,loyal_customer,trigger,6,3,1,11,23.1537,2.6066,social,email,social,1,0
U06593,new_cold_customer,hybrid,5,1,0,6,45.8554,2.8583,social,social,social,0,1
U06594,new_cold_customer,fixed,2,1,0,3,106.8131,3.7511,social,social,social,0,1
U06595,loyal_customer,trigger,4,2,1,7,35.6859,4.9733,social,email,social,0,1
U06596,new_cold_customer,trigger,2,0,0,2,263.3944,3.9432,social,social,email,0,0
U06597,price_sensitive,fixed,1,0,0,1,0.0,2.8911,ad,ad,ad,0,0
U06598,new_cold_customer,trigger,5,1,0,6,46.6625,4.157,social,social,ad,0,1
U06599,price_sensitive,hybrid,2,0,0,2,31.2821,4.2204,ad,ad,email,0,0
U06600,loyal_customer,fixed,2,1,1,4,13.9108,5.5564,email,social,email,0,1
U06601,low_engagement,trigger,1,0,0,1,0.0,14.349,social,social,social,0,0
U06602,price_sensitive,trigger,1,0,0,1,0.0,8.424,social,social,social,0,0
U06603,low_engagement,trigger,4,2,1,7,36.0996,2.8555,social,social,social,0,1
U06604,new_cold_customer,trigger,3,1,0,4,37.7992,9.6225,social,social,social,0,1
U06605,high_intent,trigger,6,6,5,20,11.9168,5.0648,social,social,social,1,0
U06606,high_intent,fixed,6,3,0,9,27.1531,1.9614,email,email,email,0,1
U06607,new_cold_customer,trigger,3,1,1,5,39.6525,5.2947,social,social,email,0,1
U06608,loyal_customer,hybrid,2,1,0,3,84.37,3.7863,social,social,social,0,1
U06609,low_engagement,hybrid,4,2,1,7,33.9007,5.7702,social,email,social,0,1
U06610,loyal_customer,hybrid,4,3,0,7,27.902,3.0682,social,social,social,0,1
U06611,new_cold_customer,hybrid,3,0,0,3,51.5245,7.1776,social,social,social,0,0
U06612,new_cold_customer,fixed,3,1,0,4,23.3852,6.5611,ad,ad,social,0,1
U06613,high_intent,trigger,6,4,0,10,29.2457,2.2767,social,social,social,0,1
U06614,loyal_customer,trigger,3,1,0,4,47.3367,5.4485,social,email,social,0,1
U06615,low_engagement,fixed,1,0,0,1,0.0,12.9313,ad,ad,ad,0,0
U06616,price_sensitive,hybrid,2,1,0,3,8.1129,5.9287,social,social,ad,0,1
U06617,high_intent,trigger,8,4,1,14,18.8614,3.4719,social,email,social,1,0
U06618,new_cold_customer,hybrid,2,1,0,3,39.2209,4.2512,social,email,social,0,1
U06619,price_sensitive,trigger,1,1,0,2,0.0,3.8889,ad,ad,ad,0,1
U06620,new_cold_customer,hybrid,2,1,0,3,48.3131,1.9161,social,social,email,0,1
U06621,loyal_customer,trigger,2,1,0,3,92.1105,5.2988,social,social,social,0,1
U06622,price_sensitive,trigger,1,0,0,1,0.0,7.9303,email,email,email,0,0
U06623,low_engagement,trigger,2,1,1,4,54.6038,4.1545,social,social,social,0,1
U06624,new_cold_customer,fixed,3,2,0,5,78.3596,1.3697,ad,ad,email,0,1
U06625,low_engagement,fixed,2,0,0,2,42.1034,6.4557,social,social,social,0,0
U06626,low_engagement,trigger,3,0,0,3,98.9778,4.4596,social,social,social,0,0
U06627,low_engagement,fixed,1,0,0,1,0.0,1.7855,social,social,social,0,0
U06628,price_sensitive,trigger,3,0,0,3,69.0862,1.5627,email,social,email,0,0
U06629,price_sensitive,hybrid,2,1,0,3,92.8087,4.7122,social,social,social,0,1
U06630,new_cold_customer,fixed,3,0,0,3,128.6414,3.5567,social,social,ad,0,0
U06631,new_cold_customer,fixed,3,0,0,3,80.9226,8.0743,social,social,ad,0,0
U06632,loyal_customer,hybrid,5,4,0,9,23.3243,3.3392,ad,ad,social,0,1
U06633,price_sensitive,fixed,1,0,0,1,0.0,10.0202,email,email,email,0,0
U06634,low_engagement,trigger,2,0,0,2,162.9868,6.5638,email,email,email,0,0
U06635,low_engagement,trigger,3,0,0,3,114.6494,3.3612,offer,offer,social,0,0
U06636,price_sensitive,hybrid,1,0,0,1,0.0,2.6561,ad,ad,ad,0,0
U06637,high_intent,trigger,8,5,2,16,15.9823,2.8986,social,social,social,1,0
U06638,low_engagement,hybrid,3,1,1,5,67.4321,2.1953,social,social,email,0,1
U06639,loyal_customer,hybrid,3,2,1,7,29.7851,3.6376,social,social,social,1,0
U06640,high_intent,trigger,8,4,2,15,14.7836,2.2506,social,email,social,1,0
U06641,new_cold_customer,hybrid,2,1,0,3,45.0378,7.9626,social,social,social,0,1
U06642,new_cold_customer,hybrid,4,2,0,6,51.7291,1.3721,social,social,social,0,1
U06643,new_cold_customer,trigger,2,1,1,4,26.0804,8.7905,social,social,social,0,1
U06644,high_intent,fixed,3,2,1,6,40.5961,3.5388,email,social,email,0,1
U06645,high_intent,hybrid,5,1,1,8,29.8082,5.898,social,offer,email,1,0
U06646,price_sensitive,hybrid,2,0,0,2,48.8546,3.0213,social,social,social,0,0
U06647,new_cold_customer,fixed,3,2,2,7,42.8673,2.5339,social,social,social,0,1
U06648,new_cold_customer,hybrid,4,3,0,7,23.6083,3.1299,social,social,social,0,1
U06649,new_cold_customer,fixed,4,3,2,9,15.8683,8.7691,social,social,social,0,1
U06650,low_engagement,trigger,2,0,0,2,40.5046,10.3521,social,social,social,0,0
U06651,low_engagement,trigger,2,0,0,2,173.9433,4.7871,social,social,ad,0,0
U06652,new_cold_customer,hybrid,4,1,0,5,40.5885,4.5815,social,social,social,0,1
U06653,low_engagement,fixed,3,0,0,3,32.2069,2.6389,email,email,social,0,0
U06654,loyal_customer,hybrid,6,3,2,11,29.7295,2.0853,social,social,social,0,1
U06655,loyal_customer,trigger,2,2,0,4,8.1708,1.0336,social,social,social,0,1
U06656,loyal_customer,fixed,5,2,1,8,32.5453,1.2513,social,social,social,0,1
U06657,new_cold_customer,hybrid,4,2,1,7,34.035,4.2306,ad,ad,social,0,1
U06658,loyal_customer,trigger,4,3,1,8,40.6888,1.6194,social,social,social,0,1
U06659,price_sensitive,hybrid,2,0,0,2,61.8855,3.267,social,social,social,0,0
U06660,loyal_customer,trigger,2,2,1,5,17.6768,6.4026,social,email,social,0,1
U06661,new_cold_customer,fixed,5,1,0,6,49.0082,2.3238,social,social,social,0,1
U06662,new_cold_customer,trigger,5,4,2,11,27.2592,1.2021,social,social,ad,0,1
U06663,high_intent,hybrid,5,3,2,11,8.912,5.9243,social,social,social,1,0
U06664,new_cold_customer,trigger,3,2,0,5,10.6228,9.2463,social,social,social,0,1
U06665,low_engagement,fixed,3,1,0,4,19.7634,4.5131,email,email,ad,0,1
U06666,loyal_customer,hybrid,6,4,0,10,31.3585,2.0138,email,ad,email,0,1
U06667,high_intent,fixed,7,5,3,17,9.2222,3.4428,social,social,social,1,0
U06668,high_intent,fixed,3,2,1,7,36.4223,3.6177,social,social,social,1,0
U06669,price_sensitive,trigger,1,0,0,1,0.0,6.9285,email,email,email,0,0
U06670,new_cold_customer,hybrid,3,2,1,6,43.032,3.6743,social,social,social,0,1
U06671,loyal_customer,fixed,2,0,0,2,116.12,4.1659,email,email,social,0,0
U06672,loyal_customer,hybrid,4,3,2,9,27.1248,5.6764,social,social,social,0,1
U06673,low_engagement,fixed,3,1,0,4,40.0069,2.8378,social,ad,social,0,1
U06674,low_engagement,trigger,4,2,1,7,32.2301,6.2589,ad,social,email,0,1
U06675,low_engagement,trigger,1,0,0,1,0.0,12.0835,social,social,social,0,0
U06676,new_cold_customer,trigger,2,1,0,3,103.1105,5.3376,social,offer,social,0,1
U06677,new_cold_customer,trigger,2,0,0,2,44.0569,9.8837,social,social,social,0,0
U06678,loyal_customer,trigger,4,3,1,8,39.6195,1.8817,email,email,social,0,1
U06679,high_intent,hybrid,8,6,4,20,13.9933,2.9194,social,social,social,1,0
U06680,high_intent,hybrid,7,4,3,15,12.831,3.3289,social,email,social,1,0
U06681,loyal_customer,hybrid,5,1,0,6,38.7042,1.9682,social,ad,social,0,1
U06682,new_cold_customer,fixed,4,1,0,5,52.9678,1.2203,social,social,social,0,1
U06683,new_cold_customer,trigger,4,2,1,7,27.6144,4.0722,social,social,ad,0,1
U06684,low_engagement,hybrid,2,1,0,3,76.0101,1.6712,social,social,social,0,1
U06685,new_cold_customer,fixed,5,1,0,6,33.794,5.7003,social,social,social,0,1
U06686,new_cold_customer,trigger,3,0,0,3,69.6095,7.7192,social,social,social,0,0
U06687,loyal_customer,hybrid,3,3,2,9,26.4306,5.5051,email,email,social,1,0
U06688,low_engagement,fixed,3,0,0,3,111.5397,3.944,email,email,social,0,0
U06689,low_engagement,trigger,4,1,0,5,53.6749,2.9363,social,social,social,0,1
U06690,new_cold_customer,trigger,5,3,2,10,25.6651,4.6371,social,social,social,0,1
U06691,loyal_customer,trigger,2,1,1,4,28.1312,10.3024,social,email,social,0,1
U06692,low_engagement,trigger,2,0,0,2,146.7403,5.9906,email,email,social,0,0
U06693,low_engagement,trigger,4,2,1,7,30.9117,5.2031,social,ad,social,0,1
U06694,high_intent,trigger,8,7,3,20,15.8953,1.8905,social,social,social,1,0
U06695,new_cold_customer,trigger,5,2,0,7,25.6312,1.7258,social,email,ad,0,1
U06696,loyal_customer,trigger,2,1,1,4,44.9436,2.8441,email,email,email,0,1
U06697,loyal_customer,fixed,3,1,1,6,55.1868,1.2198,email,email,social,1,0
U06698,loyal_customer,trigger,5,3,2,10,13.6171,9.1021,social,social,social,0,1
U06699,loyal_customer,trigger,3,0,0,3,94.4379,3.0388,social,email,social,0,0
U06700,low_engagement,trigger,3,0,0,3,46.36,10.1424,email,email,email,0,0
U06701,high_intent,hybrid,8,4,3,16,16.7309,2.9781,social,social,social,1,0
U06702,high_intent,hybrid,3,3,2,9,6.5551,7.8011,social,social,social,1,0
U06703,new_cold_customer,hybrid,5,1,0,6,34.5415,4.0384,social,social,ad,0,1
U06704,new_cold_customer,hybrid,2,2,2,6,51.5695,2.6213,social,social,social,0,1
U06705,loyal_customer,fixed,2,0,0,2,166.8899,3.7743,email,email,social,0,0
U06706,new_cold_customer,trigger,3,1,0,4,22.5503,2.7604,social,social,social,0,1
U06707,low_engagement,trigger,2,1,1,5,29.6867,1.7935,social,social,ad,1,0
U06708,new_cold_customer,fixed,4,1,0,5,22.4005,8.6544,social,social,social,0,1
U06709,new_cold_customer,trigger,4,1,0,5,44.9351,4.6028,social,social,ad,0,1
U06710,price_sensitive,fixed,1,0,0,1,0.0,1.3353,email,email,email,0,0
U06711,new_cold_customer,trigger,4,2,1,7,29.2023,7.307,social,social,social,0,1
U06712,high_intent,hybrid,4,3,0,7,50.9947,1.0672,social,email,social,0,1
U06713,new_cold_customer,hybrid,4,2,0,6,44.433,3.7685,social,social,social,0,1
U06714,high_intent,fixed,4,0,0,4,75.7501,3.1684,social,social,social,0,0
U06715,loyal_customer,fixed,2,1,1,4,34.56,2.6319,social,social,offer,0,1
U06716,low_engagement,hybrid,1,0,0,1,0.0,8.7031,social,social,social,0,0
U06717,new_cold_customer,hybrid,2,0,0,2,258.2239,3.5377,social,social,social,0,0
U06718,low_engagement,trigger,2,0,0,2,85.2412,1.2937,social,social,social,0,0
U06719,new_cold_customer,trigger,3,1,0,4,42.8213,3.9721,social,social,social,0,1
U06720,new_cold_customer,fixed,5,2,0,7,49.7443,1.1353,social,social,social,0,1
U06721,high_intent,fixed,4,3,3,10,36.0165,1.373,social,social,social,0,1
U06722,low_engagement,fixed,3,0,0,3,51.0344,5.5783,social,social,social,0,0
U06723,new_cold_customer,fixed,2,1,1,4,5.2835,10.4112,social,social,social,0,1
U06724,new_cold_customer,fixed,2,1,1,4,4.662,2.2925,social,social,email,0,1
U06725,low_engagement,fixed,3,0,0,3,109.1844,1.8985,social,social,email,0,0
U06726,loyal_customer,fixed,2,2,0,4,65.9434,4.7772,social,social,email,0,1
U06727,high_intent,fixed,3,2,0,5,31.9462,5.9918,email,email,email,0,1
U06728,new_cold_customer,hybrid,3,0,0,3,102.0575,3.8419,social,social,social,0,0
U06729,low_engagement,hybrid,2,1,1,4,3.6548,11.3909,social,social,social,0,1
U06730,loyal_customer,fixed,2,1,0,3,6.6836,12.2162,offer,offer,email,0,1
U06731,new_cold_customer,trigger,4,0,0,4,49.5863,7.6592,social,social,social,0,0
U06732,low_engagement,hybrid,1,1,0,2,0.0,10.8084,social,social,social,0,1
U06733,low_engagement,hybrid,4,0,0,4,95.7276,2.0986,social,ad,social,0,0
U06734,loyal_customer,hybrid,5,5,2,12,6.433,8.5603,ad,social,ad,0,1
U06735,high_intent,hybrid,4,3,1,9,22.3486,6.2321,social,email,social,1,0
U06736,new_cold_customer,hybrid,5,1,0,6,53.7538,1.664,ad,ad,social,0,1
U06737,low_engagement,trigger,3,1,0,4,37.7108,7.1749,social,social,social,0,1
U06738,loyal_customer,hybrid,4,2,0,6,46.9246,2.3603,email,social,email,0,1
U06739,new_cold_customer,hybrid,3,3,1,8,36.3874,3.6966,email,social,email,1,0
U06740,low_engagement,hybrid,2,1,0,3,123.14,1.49,social,social,social,0,1
U06741,new_cold_customer,fixed,2,1,0,3,70.4821,8.552,social,social,social,0,1
U06742,new_cold_customer,hybrid,2,1,1,4,59.1498,7.365,social,email,social,0,1
U06743,loyal_customer,hybrid,4,3,1,8,35.7956,3.8465,social,offer,social,0,1
U06744,new_cold_customer,hybrid,3,1,0,4,49.0343,3.6707,social,social,social,0,1
U06745,high_intent,hybrid,8,6,2,16,22.23,1.0721,social,social,social,0,1
U06746,price_sensitive,hybrid,3,1,0,4,53.3452,1.5474,social,social,social,0,1
U06747,loyal_customer,hybrid,6,3,1,10,25.7713,2.2132,social,social,social,0,1
U06748,new_cold_customer,fixed,3,2,1,6,50.2678,3.1302,ad,social,ad,0,1
U06749,low_engagement,fixed,2,1,0,3,106.6378,5.6688,email,email,email,0,1
U06750,new_cold_customer,trigger,2,1,0,3,111.5845,3.6697,social,ad,social,0,1
U06751,loyal_customer,fixed,2,1,1,4,63.5995,6.0342,social,email,social,0,1
U06752,new_cold_customer,fixed,4,1,0,5,64.1343,4.2841,social,ad,social,0,1
U06753,new_cold_customer,hybrid,3,2,0,5,22.7236,7.6603,social,social,social,0,1
U06754,new_cold_customer,trigger,3,2,1,6,15.5061,6.7446,social,social,social,0,1
U06755,new_cold_customer,hybrid,5,3,1,9,28.7506,5.1676,social,email,social,0,1
U06756,loyal_customer,fixed,2,1,1,4,101.1714,1.2425,offer,offer,email,0,1
U06757,new_cold_customer,fixed,4,3,0,7,27.3958,7.2262,social,social,ad,0,1
U06758,loyal_customer,hybrid,6,4,2,12,18.7673,5.5892,social,social,social,0,1
U06759,low_engagement,hybrid,4,0,0,4,68.4116,3.2756,social,social,social,0,0
U06760,low_engagement,hybrid,4,0,0,4,81.5384,3.2366,social,social,social,0,0
U06761,new_cold_customer,trigger,3,2,2,7,35.7186,4.5331,social,social,social,0,1
U06762,low_engagement,hybrid,2,0,0,2,43.1607,12.6814,ad,ad,email,0,0
U06763,loyal_customer,fixed,3,2,0,5,46.955,6.9053,social,ad,social,0,1
U06764,loyal_customer,hybrid,6,0,0,6,35.9426,6.1908,email,email,social,0,0
U06765,loyal_customer,trigger,3,0,0,3,99.7241,3.7684,ad,ad,social,0,0
U06766,new_cold_customer,hybrid,3,1,0,4,58.8066,2.0217,social,email,social,0,1
U06767,low_engagement,fixed,2,0,0,2,63.5373,6.8128,offer,offer,ad,0,0
U06768,new_cold_customer,trigger,2,1,1,4,7.1295,6.7673,social,ad,social,0,1
U06769,low_engagement,fixed,3,0,0,3,151.7579,2.3456,social,social,social,0,0
U06770,low_engagement,hybrid,2,2,1,5,9.0841,5.3066,social,email,social,0,1
U06771,low_engagement,fixed,1,0,0,1,0.0,6.2724,social,social,social,0,0
U06772,new_cold_customer,trigger,3,0,0,3,119.9679,3.2838,social,social,email,0,0
U06773,low_engagement,trigger,2,0,0,2,121.2794,6.9337,social,social,ad,0,0
U06774,low_engagement,trigger,3,1,0,4,15.9174,2.2208,social,social,social,0,1
U06775,loyal_customer,trigger,4,2,1,8,38.3537,1.5538,social,email,social,1,0
U06776,high_intent,hybrid,7,5,1,13,22.514,2.7277,email,email,social,0,1
U06777,loyal_customer,trigger,3,1,1,5,56.7467,3.2407,social,email,social,0,1
U06778,new_cold_customer,hybrid,3,2,0,5,57.8271,4.1789,social,social,email,0,1
U06779,new_cold_customer,trigger,5,3,1,9,31.9276,3.7848,social,social,social,0,1
U06780,loyal_customer,hybrid,2,1,1,4,16.3973,10.7229,email,social,email,0,1
U06781,price_sensitive,trigger,3,0,0,3,117.8817,3.6809,social,social,social,0,0
U06782,low_engagement,trigger,2,0,0,2,67.9253,9.1764,social,social,social,0,0
U06783,low_engagement,trigger,1,0,0,1,0.0,11.8467,social,social,social,0,0
U06784,loyal_customer,trigger,3,1,1,5,22.4132,5.244,social,email,social,0,1
U06785,low_engagement,trigger,1,0,0,1,0.0,6.4562,social,social,social,0,0
U06786,new_cold_customer,trigger,5,2,1,8,20.1809,6.6141,social,social,social,0,1
U06787,new_cold_customer,trigger,4,2,0,6,33.6414,5.7043,social,social,social,0,1
U06788,loyal_customer,trigger,6,1,1,8,42.0711,2.672,social,social,social,0,1
U06789,loyal_customer,hybrid,6,4,3,14,19.5954,1.9997,social,social,social,1,0
U06790,low_engagement,hybrid,3,1,0,4,78.0598,4.8502,social,offer,social,0,1
U06791,new_cold_customer,hybrid,2,0,0,2,31.454,6.2851,ad,ad,social,0,0
U06792,new_cold_customer,trigger,5,2,0,7,13.8321,1.8435,social,social,social,0,1
U06793,low_engagement,hybrid,4,1,0,5,46.6763,5.7853,social,social,ad,0,1
U06794,new_cold_customer,hybrid,2,0,0,2,123.332,2.6397,social,social,ad,0,0
U06795,new_cold_customer,trigger,4,1,0,5,32.768,7.1823,social,offer,ad,0,1
U06796,new_cold_customer,trigger,2,1,1,4,36.5372,8.7741,social,social,ad,0,1
U06797,low_engagement,hybrid,1,0,0,1,0.0,5.1154,social,social,social,0,0
U06798,new_cold_customer,fixed,2,0,0,2,162.0537,3.3948,social,social,social,0,0
U06799,loyal_customer,hybrid,6,2,2,10,26.2031,5.0646,social,social,social,0,1
U06800,new_cold_customer,trigger,4,3,0,7,46.6997,1.8283,social,social,email,0,1
U06801,new_cold_customer,fixed,3,0,0,3,57.0288,2.5466,social,social,social,0,0
U06802,new_cold_customer,fixed,5,3,2,11,30.0833,1.8912,social,social,social,1,0
U06803,low_engagement,trigger,2,1,0,3,46.4959,2.405,social,social,social,0,1
U06804,new_cold_customer,fixed,2,0,0,2,38.7086,9.1689,social,social,social,0,0
U06805,price_sensitive,fixed,2,1,0,3,146.3753,2.0024,email,email,email,0,1
U06806,new_cold_customer,hybrid,2,1,0,3,78.3491,5.3544,ad,ad,social,0,1
U06807,loyal_customer,hybrid,3,1,1,6,29.6543,5.3512,social,email,social,1,0
U06808,new_cold_customer,trigger,2,1,0,3,18.7933,7.4808,social,social,social,0,1
U06809,new_cold_customer,trigger,3,2,0,5,44.3503,3.8043,social,social,social,0,1
U06810,new_cold_customer,hybrid,3,3,1,7,32.3567,2.5409,ad,social,email,0,1
U06811,new_cold_customer,trigger,4,0,0,4,81.3914,1.4993,social,social,social,0,0
U06812,new_cold_customer,trigger,5,4,2,13,24.9962,1.3415,social,social,email,1,0
U06813,low_engagement,hybrid,4,3,1,8,34.9157,3.6892,social,social,social,0,1
U06814,new_cold_customer,hybrid,5,1,0,6,39.3522,4.0464,social,social,social,0,1
U06815,low_engagement,trigger,4,2,0,6,14.6236,10.7012,social,social,social,0,1
U06816,high_intent,hybrid,8,6,2,17,13.3814,2.9826,social,email,social,1,0
U06817,low_engagement,trigger,4,1,0,5,23.8312,5.793,social,ad,social,0,1
U06818,new_cold_customer,hybrid,4,0,0,4,70.5128,2.6834,social,social,social,0,0
U06819,high_intent,trigger,6,5,3,16,14.178,1.8452,social,social,social,1,0
U06820,new_cold_customer,hybrid,2,1,0,3,49.0319,7.1416,ad,ad,email,0,1
U06821,loyal_customer,trigger,3,1,0,4,99.1371,2.0759,social,email,social,0,1
U06822,high_intent,fixed,6,5,2,13,25.6297,1.0126,social,email,social,0,1
U06823,new_cold_customer,trigger,4,2,1,7,43.575,1.3843,social,social,social,0,1
U06824,new_cold_customer,trigger,5,2,0,7,47.2906,1.853,social,email,social,0,1
U06825,high_intent,trigger,4,3,0,7,39.1718,5.1088,social,social,social,0,1
U06826,high_intent,hybrid,7,5,3,16,15.0585,4.7383,email,social,social,1,0
U06827,low_engagement,fixed,3,2,0,5,45.305,7.0881,social,social,social,0,1
U06828,low_engagement,fixed,4,2,0,6,52.5307,1.1078,social,email,social,0,1
U06829,loyal_customer,trigger,6,4,1,11,23.2744,1.3198,email,social,social,0,1
U06830,new_cold_customer,fixed,3,1,0,4,24.3844,8.0817,social,social,social,0,1
U06831,high_intent,trigger,7,5,4,19,16.6514,1.9187,email,email,social,1,0
U06832,loyal_customer,hybrid,2,1,0,3,57.3364,6.2155,social,social,social,0,1
U06833,low_engagement,hybrid,3,0,0,3,113.1691,3.9318,social,social,email,0,0
U06834,price_sensitive,trigger,2,0,0,2,52.9827,2.7265,social,social,email,0,0
U06835,new_cold_customer,trigger,4,2,1,7,22.5338,2.7347,social,social,social,0,1
U06836,loyal_customer,fixed,5,2,1,8,33.9252,3.304,social,social,social,0,1
U06837,low_engagement,fixed,3,1,0,4,49.1451,8.3584,social,social,email,0,1
U06838,new_cold_customer,trigger,5,4,1,11,29.0384,1.0436,social,social,social,1,0
U06839,loyal_customer,trigger,5,3,1,9,33.1395,1.5149,social,ad,social,0,1
U06840,new_cold_customer,fixed,5,1,1,7,46.6191,2.2087,social,social,social,0,1
U06841,loyal_customer,hybrid,4,2,0,6,23.4682,5.9821,social,ad,social,0,1
U06842,new_cold_customer,fixed,3,1,1,5,19.1668,2.3608,social,social,email,0,1
U06843,new_cold_customer,hybrid,5,2,0,7,48.1497,2.8463,social,social,ad,0,1
U06844,price_sensitive,trigger,3,1,0,4,41.6464,5.2929,social,email,social,0,1
U06845,high_intent,fixed,5,3,1,9,38.195,1.2721,social,email,social,0,1
U06846,price_sensitive,trigger,1,0,0,1,0.0,12.0161,ad,ad,ad,0,0
U06847,new_cold_customer,fixed,4,3,2,9,19.9053,3.691,social,social,social,0,1
U06848,new_cold_customer,hybrid,5,2,1,8,36.0871,3.5477,social,social,email,0,1
U06849,price_sensitive,fixed,2,0,0,2,162.0051,7.0024,email,email,email,0,0
U06850,price_sensitive,fixed,3,1,1,5,7.7139,4.0003,email,social,ad,0,1
U06851,new_cold_customer,trigger,4,0,0,4,44.0156,1.8726,social,social,social,0,0
U06852,new_cold_customer,trigger,3,2,1,6,10.5738,2.802,social,social,social,0,1
U06853,low_engagement,fixed,2,0,0,2,139.5038,3.2616,social,social,social,0,0
U06854,high_intent,hybrid,5,3,2,12,21.6493,4.8584,email,email,social,1,0
U06855,new_cold_customer,hybrid,4,3,1,8,28.1586,6.1467,ad,ad,social,0,1
U06856,new_cold_customer,hybrid,2,0,0,2,64.4067,5.3908,social,social,email,0,0
U06857,loyal_customer,fixed,3,1,0,4,105.3896,1.644,social,social,ad,0,1
U06858,low_engagement,fixed,3,1,0,4,38.2621,1.8897,social,social,social,0,1
U06859,new_cold_customer,fixed,3,2,0,5,68.6108,2.2264,social,social,social,0,1
U06860,new_cold_customer,trigger,2,1,0,3,122.0692,2.2015,social,ad,social,0,1
U06861,new_cold_customer,trigger,2,2,0,4,80.1008,1.2788,ad,ad,ad,0,1
U06862,new_cold_customer,hybrid,4,1,0,5,49.4957,2.6486,social,social,social,0,1
U06863,low_engagement,hybrid,3,2,1,7,46.9999,2.5238,ad,social,ad,1,0
U06864,new_cold_customer,hybrid,2,0,0,2,122.7061,2.2842,social,social,social,0,0
U06865,high_intent,fixed,7,6,3,17,16.8429,2.2358,social,social,social,1,0
U06866,new_cold_customer,trigger,2,1,0,3,71.6437,3.2538,social,social,social,0,1
U06867,loyal_customer,fixed,3,1,1,5,49.2219,2.5943,social,social,social,0,1
U06868,new_cold_customer,fixed,3,2,0,5,40.413,6.5868,social,social,social,0,1
U06869,high_intent,fixed,3,3,2,8,5.541,3.1365,email,social,email,0,1
U06870,new_cold_customer,trigger,4,2,0,6,28.6761,1.8404,ad,ad,ad,0,1
U06871,high_intent,trigger,3,3,1,7,9.0785,9.8528,social,social,social,0,1
U06872,high_intent,fixed,3,3,2,8,20.0059,5.388,social,social,email,0,1
U06873,low_engagement,hybrid,3,1,0,4,55.9609,7.8968,social,offer,email,0,1
U06874,new_cold_customer,hybrid,3,1,0,4,47.2376,6.4711,social,social,ad,0,1
U06875,high_intent,trigger,6,3,2,13,18.5418,2.383,email,social,email,1,0
U06876,new_cold_customer,hybrid,4,2,0,6,56.7045,1.1421,social,social,social,0,1
U06877,low_engagement,fixed,4,0,0,4,62.2155,5.0115,social,social,social,0,0
U06878,loyal_customer,trigger,3,2,2,8,16.4534,2.024,email,email,email,1,0
U06879,new_cold_customer,fixed,3,2,0,5,5.3714,4.8753,social,social,social,0,1
U06880,high_intent,fixed,7,7,4,20,15.6669,2.4296,social,email,social,1,0
U06881,new_cold_customer,trigger,3,2,2,7,5.7364,13.1367,social,social,social,0,1
U06882,loyal_customer,trigger,2,1,0,3,37.1454,11.0213,email,email,email,0,1
U06883,low_engagement,trigger,3,2,0,5,28.3233,9.3546,social,social,social,0,1
U06884,low_engagement,fixed,2,1,0,3,22.1334,10.512,social,social,social,0,1
U06885,high_intent,fixed,3,1,1,5,51.4356,4.6023,email,social,social,0,1
U06886,low_engagement,fixed,2,0,0,2,103.5805,5.6661,social,social,email,0,0
U06887,loyal_customer,trigger,3,1,1,5,39.5716,8.3696,social,offer,ad,0,1
U06888,loyal_customer,trigger,5,2,1,8,38.2139,3.6799,email,email,email,0,1
U06889,new_cold_customer,fixed,4,2,1,7,51.1068,1.8234,social,social,social,0,1
U06890,new_cold_customer,trigger,5,4,0,9,11.4991,2.2157,social,social,social,0,1
U06891,loyal_customer,hybrid,2,0,0,2,157.2523,5.0204,social,social,social,0,0
U06892,loyal_customer,fixed,5,3,0,8,28.8384,4.5774,email,email,ad,0,1
U06893,high_intent,hybrid,6,2,1,9,39.2824,1.2405,social,social,email,0,1
U06894,high_intent,fixed,8,5,3,16,20.5731,1.9026,social,social,email,0,1
U06895,low_engagement,hybrid,2,0,0,2,117.3301,8.7738,ad,ad,social,0,0
U06896,price_sensitive,fixed,3,1,0,4,50.9849,2.4411,email,social,email,0,1
U06897,low_engagement,hybrid,1,0,0,1,0.0,7.4566,social,social,social,0,0
U06898,low_engagement,trigger,4,1,0,5,45.1918,2.8407,email,social,social,0,1
U06899,loyal_customer,fixed,5,2,1,8,28.0054,3.8851,social,social,social,0,1
U06900,new_cold_customer,fixed,2,1,0,3,54.5631,5.4936,email,social,email,0,1
U06901,loyal_customer,trigger,3,1,0,4,72.9168,2.1329,social,social,social,0,1
U06902,low_engagement,trigger,1,0,0,1,0.0,7.9252,social,social,social,0,0
U06903,new_cold_customer,trigger,3,0,0,3,137.5668,2.4512,ad,social,ad,0,0
U06904,new_cold_customer,fixed,2,1,0,3,34.8809,3.2941,social,social,social,0,1
U06905,high_intent,hybrid,7,3,1,12,11.939,3.0277,social,email,social,1,0
U06906,low_engagement,trigger,4,2,0,6,48.7747,2.7604,social,ad,social,0,1
U06907,high_intent,fixed,7,4,2,14,16.8714,3.1436,social,social,email,1,0
U06908,price_sensitive,trigger,1,1,0,2,0.0,13.8301,social,social,social,0,1
U06909,low_engagement,hybrid,2,0,0,2,36.8554,3.3346,social,social,email,0,0
U06910,loyal_customer,trigger,2,0,0,2,5.1057,10.7937,email,email,social,0,0
U06911,high_intent,fixed,7,7,1,15,21.3326,1.1465,social,email,ad,0,1
U06912,low_engagement,hybrid,2,0,0,2,183.1081,3.4023,social,social,social,0,0
U06913,low_engagement,hybrid,2,1,0,3,124.0358,1.6619,social,social,social,0,1
U06914,high_intent,trigger,8,4,1,14,19.6609,2.7211,email,email,social,1,0
U06915,loyal_customer,fixed,2,1,0,3,15.1465,5.8972,email,email,social,0,1
U06916,high_intent,fixed,4,4,2,11,11.1661,5.3086,social,social,social,1,0
U06917,loyal_customer,trigger,5,3,1,9,31.7582,1.4054,social,social,social,0,1
U06918,high_intent,trigger,6,4,2,14,21.4505,2.1081,social,social,email,1,0
U06919,high_intent,trigger,4,3,1,9,30.9663,3.9258,email,email,social,1,0
U06920,new_cold_customer,fixed,5,1,1,7,48.895,1.8073,social,ad,social,0,1
U06921,new_cold_customer,fixed,5,2,1,8,43.423,1.0654,social,social,social,0,1
U06922,low_engagement,fixed,3,0,0,3,92.2728,6.6795,social,social,social,0,0
U06923,new_cold_customer,hybrid,3,2,0,5,34.7651,4.7564,social,social,social,0,1
U06924,low_engagement,hybrid,4,1,0,5,78.4927,1.7719,social,ad,social,0,1
U06925,low_engagement,hybrid,1,0,0,1,0.0,10.4542,ad,ad,ad,0,0
U06926,low_engagement,trigger,2,0,0,2,71.3246,4.2416,social,social,social,0,0
U06927,low_engagement,trigger,1,0,0,1,0.0,9.1198,email,email,email,0,0
U06928,new_cold_customer,hybrid,5,3,0,8,15.7091,5.2646,social,social,social,0,1
U06929,new_cold_customer,hybrid,5,1,0,6,63.1345,1.7232,ad,ad,ad,0,1
U06930,low_engagement,hybrid,1,0,0,1,0.0,11.6788,email,email,email,0,0
U06931,high_intent,fixed,5,1,1,8,29.6663,3.6852,email,social,social,1,0
U06932,new_cold_customer,fixed,4,1,1,6,56.8574,1.3125,ad,social,email,0,1
U06933,new_cold_customer,fixed,3,1,0,4,57.2513,2.9436,social,social,email,0,1
U06934,new_cold_customer,hybrid,2,0,0,2,62.7165,4.3294,social,social,social,0,0
U06935,new_cold_customer,hybrid,2,1,0,3,38.9724,4.9317,social,social,social,0,1
U06936,new_cold_customer,hybrid,4,0,0,4,87.7079,1.3246,social,social,social,0,0
U06937,low_engagement,fixed,1,0,0,1,0.0,9.6429,social,social,social,0,0
U06938,high_intent,trigger,5,4,2,12,27.5904,1.1769,social,social,social,1,0
U06939,new_cold_customer,hybrid,4,4,1,9,10.1404,7.7384,social,social,social,0,1
U06940,low_engagement,fixed,2,1,0,3,127.9644,2.721,ad,ad,social,0,1
U06941,new_cold_customer,hybrid,2,0,0,2,129.2502,4.6294,social,social,social,0,0
U06942,new_cold_customer,fixed,3,0,0,3,89.8348,6.3345,social,social,social,0,0
U06943,low_engagement,hybrid,3,0,0,3,60.0128,3.8507,social,social,social,0,0
U06944,new_cold_customer,trigger,3,1,0,4,32.5083,7.0969,social,social,ad,0,1
U06945,low_engagement,trigger,4,0,0,4,80.2888,1.2441,social,ad,email,0,0
U06946,low_engagement,fixed,1,0,0,1,0.0,4.4494,ad,ad,ad,0,0
U06947,low_engagement,hybrid,1,0,0,1,0.0,9.4612,social,social,social,0,0
U06948,price_sensitive,trigger,1,0,0,1,0.0,3.7174,ad,ad,ad,0,0
U06949,loyal_customer,trigger,6,3,1,10,31.6555,1.804,social,social,social,0,1
U06950,high_intent,fixed,6,5,3,14,18.8686,1.7578,social,email,social,0,1
U06951,high_intent,fixed,5,3,2,12,25.9299,1.1798,social,ad,social,1,0
U06952,new_cold_customer,hybrid,5,3,0,8,34.3518,3.9764,social,social,social,0,1
U06953,loyal_customer,fixed,5,3,2,10,16.3026,4.3585,social,social,offer,0,1
U06954,new_cold_customer,hybrid,3,2,1,6,41.5007,5.3041,social,social,social,0,1
U06955,price_sensitive,trigger,3,0,0,3,45.0995,4.7873,ad,ad,social,0,0
U06956,new_cold_customer,fixed,3,1,0,4,77.557,4.8842,social,social,social,0,1
U06957,high_intent,fixed,7,5,4,18,18.5809,1.6723,social,social,email,1,0
U06958,loyal_customer,fixed,4,1,0,5,34.7877,2.3752,social,email,social,0,1
U06959,high_intent,hybrid,5,5,2,14,21.2782,1.6854,social,social,email,1,0
U06960,loyal_customer,trigger,4,2,0,6,41.2569,5.6782,social,social,social,0,1
U06961,low_engagement,fixed,3,2,2,7,32.568,1.1516,social,social,social,0,1
U06962,low_engagement,fixed,4,0,0,4,46.1607,4.4244,email,email,email,0,0
U06963,low_engagement,trigger,2,1,1,4,74.0549,5.1632,email,email,social,0,1
U06964,new_cold_customer,fixed,2,1,0,3,43.6709,6.1568,social,email,social,0,1
U06965,new_cold_customer,hybrid,5,1,0,6,38.3455,4.4402,social,social,email,0,1
U06966,low_engagement,trigger,1,0,0,1,0.0,13.8279,social,social,social,0,0
U06967,high_intent,hybrid,3,3,2,8,5.9666,9.9032,social,ad,social,0,1
U06968,loyal_customer,hybrid,4,2,2,9,30.8721,1.7607,social,social,email,1,0
U06969,low_engagement,fixed,1,0,0,1,0.0,1.9544,email,email,email,0,0
U06970,loyal_customer,hybrid,6,1,0,7,48.187,1.2926,email,email,email,0,1
U06971,low_engagement,trigger,3,2,0,5,71.9851,1.0992,social,social,social,0,1
U06972,high_intent,fixed,6,3,2,12,22.3654,3.9639,social,social,social,1,0
U06973,low_engagement,hybrid,4,1,1,6,60.837,1.2244,social,social,social,0,1
U06974,new_cold_customer,trigger,2,1,1,5,64.5633,3.2731,social,social,social,1,0
U06975,low_engagement,trigger,3,1,0,4,74.9668,4.846,social,social,social,0,1
U06976,new_cold_customer,hybrid,5,2,0,7,25.2362,5.395,social,social,social,0,1
U06977,loyal_customer,trigger,3,2,1,6,33.3546,5.1226,social,social,email,0,1
U06978,low_engagement,hybrid,1,0,0,1,0.0,3.6598,ad,ad,ad,0,0
U06979,low_engagement,hybrid,3,1,0,4,58.3058,1.8083,ad,ad,social,0,1
U06980,loyal_customer,fixed,5,2,1,8,43.7099,1.3464,social,email,social,0,1
U06981,new_cold_customer,fixed,2,0,0,2,109.3699,4.4398,ad,ad,social,0,0
U06982,low_engagement,fixed,1,0,0,1,0.0,5.2778,social,social,social,0,0
U06983,price_sensitive,hybrid,3,3,0,6,31.6391,5.429,social,social,social,0,1
U06984,loyal_customer,trigger,6,3,0,9,35.1402,2.2541,social,social,social,0,1
U06985,new_cold_customer,fixed,3,1,0,4,85.3256,2.7225,social,social,social,0,1
U06986,new_cold_customer,trigger,4,1,0,5,62.5764,1.2595,social,social,social,0,1
U06987,new_cold_customer,hybrid,3,2,0,5,61.4948,4.1889,social,social,social,0,1
U06988,new_cold_customer,fixed,5,4,2,11,14.6623,2.0732,social,social,social,0,1
U06989,price_sensitive,fixed,2,2,0,4,63.9446,2.2111,email,email,ad,0,1
U06990,new_cold_customer,trigger,2,1,0,3,67.2429,9.1524,social,email,social,0,1
U06991,price_sensitive,trigger,2,0,0,2,36.7711,1.4687,email,email,email,0,0
U06992,low_engagement,hybrid,4,3,3,10,26.4226,3.0559,social,social,social,0,1
U06993,new_cold_customer,fixed,5,1,0,6,35.519,1.7778,social,social,social,0,1
U06994,low_engagement,hybrid,4,2,0,6,20.6217,10.5034,social,social,social,0,1
U06995,price_sensitive,trigger,2,0,0,2,114.7125,7.36,social,social,social,0,0
U06996,low_engagement,hybrid,3,2,1,6,27.6753,6.2765,social,social,social,0,1
U06997,low_engagement,hybrid,3,0,0,3,23.9058,10.2956,social,social,email,0,0
U06998,new_cold_customer,hybrid,4,3,0,7,21.6452,9.2468,social,social,offer,0,1
U06999,high_intent,fixed,4,3,0,7,32.3292,4.4622,social,social,social,0,1
U07000,new_cold_customer,fixed,2,2,1,5,2.9896,12.7186,social,email,social,0,1
U07001,new_cold_customer,hybrid,3,0,0,3,132.3802,2.6163,social,social,social,0,0
U07002,loyal_customer,trigger,6,5,2,13,26.2849,1.0772,social,social,email,0,1
U07003,loyal_customer,trigger,3,2,0,5,64.07,3.4487,email,email,social,0,1
U07004,new_cold_customer,trigger,3,1,0,4,80.5802,3.1053,social,social,email,0,1
U07005,new_cold_customer,fixed,4,1,0,5,34.7373,2.9459,social,social,social,0,1
U07006,low_engagement,trigger,4,2,1,7,51.266,1.8923,social,offer,social,0,1
U07007,loyal_customer,trigger,6,3,1,11,26.7629,3.1688,social,social,social,1,0
U07008,low_engagement,fixed,3,1,0,4,109.8577,1.1035,social,email,social,0,1
U07009,high_intent,fixed,5,5,3,15,19.8963,1.9399,social,social,email,1,0
U07010,loyal_customer,trigger,2,1,1,4,66.2877,1.7764,social,social,ad,0,1
U07011,high_intent,trigger,4,2,1,8,27.6181,4.1462,email,social,social,1,0
U07012,new_cold_customer,fixed,3,0,0,3,103.0851,1.0751,social,social,social,0,0
U07013,low_engagement,hybrid,2,0,0,2,117.8501,5.1565,social,social,social,0,0
U07014,low_engagement,hybrid,3,1,0,4,76.663,3.6804,social,social,email,0,1
U07015,price_sensitive,fixed,3,0,0,3,71.4087,7.6419,social,social,social,0,0
U07016,loyal_customer,trigger,2,1,1,4,24.7702,8.0676,social,social,email,0,1
U07017,high_intent,hybrid,3,2,0,5,36.5418,3.7114,social,email,social,0,1
U07018,new_cold_customer,hybrid,3,0,0,3,60.0785,5.8148,ad,social,ad,0,0
U07019,new_cold_customer,fixed,4,0,0,4,66.6321,1.3984,social,ad,social,0,0
U07020,new_cold_customer,hybrid,5,3,1,9,22.1771,1.2278,social,social,social,0,1
U07021,new_cold_customer,trigger,3,1,0,4,64.0047,3.9895,social,social,social,0,1
U07022,price_sensitive,trigger,1,0,0,1,0.0,1.076,ad,ad,ad,0,0
U07023,new_cold_customer,trigger,5,1,0,6,64.0257,1.2279,email,social,social,0,1
U07024,new_cold_customer,hybrid,2,2,0,4,65.1575,6.6729,social,social,social,0,1
U07025,new_cold_customer,hybrid,5,2,1,8,29.3742,2.3907,social,social,social,0,1
U07026,price_sensitive,trigger,1,0,0,1,0.0,14.0702,social,social,social,0,0
U07027,new_cold_customer,trigger,4,2,0,6,54.5238,1.7387,social,social,social,0,1
U07028,low_engagement,fixed,1,1,0,2,0.0,11.0404,social,social,social,0,1
U07029,new_cold_customer,trigger,3,1,1,5,70.351,2.9341,social,social,social,0,1
U07030,new_cold_customer,fixed,4,1,0,5,52.1938,2.1255,social,social,social,0,1
U07031,loyal_customer,hybrid,4,3,1,9,36.2383,1.2384,social,social,email,1,0
U07032,loyal_customer,fixed,5,3,1,9,21.9367,2.5514,social,social,social,0,1
U07033,low_engagement,trigger,2,0,0,2,78.372,4.11,social,social,social,0,0
U07034,new_cold_customer,fixed,2,0,0,2,71.19,3.1101,social,social,social,0,0
U07035,new_cold_customer,fixed,2,0,0,2,183.1521,5.8779,social,social,email,0,0
U07036,high_intent,hybrid,8,8,3,21,12.486,3.6618,email,email,social,1,0
U07037,low_engagement,hybrid,4,2,1,7,20.1198,2.1299,social,email,ad,0,1
U07038,new_cold_customer,trigger,3,1,0,4,51.5133,5.5401,social,social,social,0,1
U07039,new_cold_customer,hybrid,2,0,0,2,31.0057,3.9308,social,social,social,0,0
U07040,high_intent,trigger,8,5,1,15,20.4061,1.1529,social,social,social,1,0
U07041,new_cold_customer,fixed,3,1,0,4,41.103,3.2777,social,social,social,0,1
U07042,high_intent,fixed,6,3,3,13,23.7245,2.6334,social,email,email,1,0
U07043,high_intent,trigger,6,4,2,14,22.892,1.9369,email,email,social,1,0
U07044,loyal_customer,hybrid,2,1,0,3,83.4252,7.9767,email,email,social,0,1
U07045,loyal_customer,hybrid,5,4,1,10,36.6452,1.0459,social,social,email,0,1
U07046,high_intent,hybrid,4,2,1,8,38.5961,2.4205,social,social,social,1,0
U07047,new_cold_customer,trigger,3,1,0,4,61.3473,3.3862,email,email,email,0,1
U07048,low_engagement,hybrid,1,0,0,1,0.0,13.9337,email,email,email,0,0
U07049,low_engagement,trigger,1,1,0,2,0.0,3.4977,social,social,social,0,1
U07050,new_cold_customer,trigger,4,3,0,7,30.4402,6.2731,social,social,social,0,1
U07051,low_engagement,hybrid,3,0,0,3,110.4881,1.1105,social,social,social,0,0
U07052,high_intent,hybrid,6,5,2,14,17.9451,3.5345,social,social,email,1,0
U07053,new_cold_customer,trigger,3,0,0,3,156.9077,1.1119,social,ad,social,0,0
U07054,new_cold_customer,fixed,2,0,0,2,130.4793,6.783,social,social,social,0,0
U07055,new_cold_customer,fixed,3,1,0,4,85.2051,4.075,social,social,social,0,1
U07056,low_engagement,fixed,4,2,0,6,39.5034,5.7118,social,social,ad,0,1
U07057,new_cold_customer,trigger,5,1,1,8,36.3346,3.4876,social,social,social,1,0
U07058,low_engagement,trigger,4,1,0,5,63.6149,1.7487,social,social,social,0,1
U07059,new_cold_customer,fixed,2,1,1,4,1.8932,6.5938,social,social,social,0,1
U07060,low_engagement,hybrid,3,1,0,4,55.9267,6.667,social,social,social,0,1
U07061,new_cold_customer,fixed,5,2,1,8,30.123,5.9269,social,social,social,0,1
U07062,new_cold_customer,hybrid,2,1,0,3,5.8419,7.4054,social,social,social,0,1
U07063,low_engagement,trigger,1,0,0,1,0.0,8.8088,email,email,email,0,0
U07064,loyal_customer,hybrid,4,2,0,6,47.7432,4.3578,social,social,social,0,1
U07065,new_cold_customer,trigger,2,2,0,4,30.9405,4.1277,social,social,ad,0,1
U07066,loyal_customer,hybrid,4,1,0,5,51.5686,2.2771,email,email,social,0,1
U07067,loyal_customer,fixed,2,1,1,5,5.2338,7.0512,social,social,social,1,0
U07068,new_cold_customer,fixed,5,2,1,8,36.6278,3.4983,ad,ad,social,0,1
U07069,loyal_customer,fixed,5,2,0,7,40.0124,1.1934,email,email,email,0,1
U07070,new_cold_customer,trigger,5,1,0,6,45.3582,3.0005,social,social,social,0,1
U07071,new_cold_customer,hybrid,5,2,2,9,41.4995,1.1591,email,email,ad,0,1
U07072,price_sensitive,trigger,1,0,0,1,0.0,9.2967,ad,ad,ad,0,0
U07073,low_engagement,trigger,3,0,0,3,34.1494,5.8557,email,email,offer,0,0
U07074,new_cold_customer,hybrid,5,3,1,9,24.1807,1.0135,social,email,social,0,1
U07075,new_cold_customer,trigger,4,2,1,7,44.6306,1.3195,social,social,social,0,1
U07076,high_intent,trigger,7,3,2,14,15.9212,2.2302,social,ad,social,1,0
U07077,new_cold_customer,fixed,4,2,0,6,37.2325,6.1327,social,social,social,0,1
U07078,new_cold_customer,fixed,3,0,0,3,42.6813,2.0358,social,ad,social,0,0
U07079,high_intent,trigger,5,4,1,11,29.386,1.2501,social,social,email,1,0
U07080,low_engagement,fixed,3,0,0,3,80.1228,4.8361,social,social,ad,0,0
U07081,new_cold_customer,fixed,4,1,0,5,45.6307,2.9611,social,email,ad,0,1
U07082,low_engagement,trigger,1,1,0,2,0.0,4.3492,social,social,social,0,1
U07083,price_sensitive,trigger,2,1,1,4,5.3386,4.5128,email,email,social,0,1
U07084,low_engagement,trigger,3,1,0,4,88.2412,3.1711,ad,ad,social,0,1
U07085,high_intent,fixed,5,4,2,12,26.7136,1.7591,social,social,social,1,0
U07086,loyal_customer,trigger,6,2,1,9,16.5294,6.5434,social,email,social,0,1
U07087,price_sensitive,fixed,3,1,0,4,65.5844,6.4324,email,email,email,0,1
U07088,new_cold_customer,fixed,2,0,0,2,89.8534,4.6467,social,social,social,0,0
U07089,new_cold_customer,fixed,4,1,0,5,81.0769,1.2394,social,social,social,0,1
U07090,low_engagement,fixed,1,0,0,1,0.0,8.0324,social,social,social,0,0
U07091,new_cold_customer,trigger,2,0,0,2,15.144,9.4363,ad,ad,social,0,0
U07092,loyal_customer,trigger,3,0,0,3,67.7788,6.7533,social,social,social,0,0
U07093,high_intent,hybrid,7,4,3,17,14.6824,1.4474,social,social,email,1,0
U07094,low_engagement,trigger,4,1,0,5,44.0454,6.124,social,social,social,0,1
U07095,new_cold_customer,trigger,3,1,0,4,54.6371,5.3218,email,email,social,0,1
U07096,new_cold_customer,trigger,4,3,1,8,17.4612,9.2238,social,social,social,0,1
U07097,high_intent,fixed,4,3,2,11,16.7393,3.0627,email,social,email,1,0
U07098,new_cold_customer,trigger,2,1,0,3,4.7499,3.1783,social,social,social,0,1
U07099,new_cold_customer,hybrid,5,3,1,9,17.011,2.0917,social,social,social,0,1
U07100,new_cold_customer,hybrid,2,0,0,2,123.8304,3.6448,social,social,social,0,0
U07101,new_cold_customer,fixed,2,0,0,2,45.7923,9.7227,social,social,social,0,0
U07102,low_engagement,hybrid,1,1,0,2,0.0,13.7498,social,social,social,0,1
U07103,low_engagement,trigger,3,2,0,5,35.3951,5.1131,social,social,social,0,1
U07104,low_engagement,trigger,1,1,0,2,0.0,13.8687,ad,ad,ad,0,1
U07105,price_sensitive,fixed,3,2,0,5,43.7333,3.118,email,email,email,0,1
U07106,high_intent,fixed,8,6,2,17,17.8491,1.0822,social,social,social,1,0
U07107,new_cold_customer,hybrid,3,0,0,3,63.4182,8.1853,social,social,social,0,0
U07108,loyal_customer,hybrid,5,1,0,6,55.5641,1.0479,email,email,email,0,1
U07109,loyal_customer,fixed,4,2,1,8,35.6117,1.6586,social,social,social,1,0
U07110,price_sensitive,trigger,2,0,0,2,128.4062,7.4787,email,email,social,0,0
U07111,loyal_customer,fixed,4,3,2,9,28.7688,2.3998,social,social,social,0,1
U07112,loyal_customer,hybrid,2,0,0,2,10.044,4.1682,social,social,social,0,0
U07113,loyal_customer,fixed,3,1,0,4,70.2022,4.7273,email,email,social,0,1
U07114,loyal_customer,hybrid,5,3,2,11,17.4054,1.9595,social,ad,email,1,0
U07115,high_intent,trigger,5,3,1,10,25.1219,3.0188,social,social,social,1,0
U07116,loyal_customer,trigger,4,2,1,7,48.2213,1.7443,social,social,social,0,1
U07117,high_intent,trigger,7,5,1,14,23.1194,1.818,email,social,email,1,0
U07118,new_cold_customer,trigger,5,4,2,11,17.0948,4.2957,social,offer,social,0,1
U07119,new_cold_customer,hybrid,3,2,0,5,57.8966,4.3499,social,social,email,0,1
U07120,new_cold_customer,hybrid,5,3,1,9,26.7411,3.9006,social,social,ad,0,1
U07121,low_engagement,fixed,2,2,1,5,37.4219,8.5599,social,social,social,0,1
U07122,low_engagement,hybrid,3,1,0,4,71.5623,4.0538,social,social,offer,0,1
U07123,low_engagement,hybrid,1,0,0,1,0.0,7.9622,social,social,social,0,0
U07124,low_engagement,fixed,4,1,1,6,47.324,4.5506,social,social,email,0,1
U07125,low_engagement,fixed,1,1,1,3,0.0,5.2189,social,social,social,0,1
U07126,new_cold_customer,hybrid,3,2,0,5,53.6423,4.215,social,social,social,0,1
U07127,low_engagement,hybrid,2,1,0,3,93.9409,1.683,email,social,email,0,1
U07128,price_sensitive,hybrid,3,0,0,3,17.1556,12.5987,social,social,social,0,0
U07129,price_sensitive,hybrid,3,0,0,3,59.8157,9.4115,social,social,email,0,0
U07130,low_engagement,trigger,1,0,0,1,0.0,8.7585,email,email,email,0,0
U07131,new_cold_customer,trigger,4,0,0,4,68.6947,1.2073,social,social,social,0,0
U07132,loyal_customer,trigger,5,4,2,11,24.1687,3.5293,social,email,social,0,1
U07133,new_cold_customer,hybrid,3,0,0,3,133.281,2.2653,social,social,social,0,0
U07134,low_engagement,trigger,3,0,0,3,47.41,6.9006,social,social,social,0,0
U07135,loyal_customer,trigger,3,3,2,8,18.3337,5.1054,email,social,email,0,1
U07136,low_engagement,fixed,4,1,1,7,44.3683,2.9612,social,social,social,1,0
U07137,high_intent,hybrid,7,4,2,14,22.5944,2.2765,email,social,social,1,0
U07138,low_engagement,fixed,2,1,0,3,50.0243,3.1353,social,email,social,0,1
U07139,low_engagement,fixed,2,0,0,2,26.0206,4.0542,social,social,social,0,0
U07140,new_cold_customer,hybrid,3,3,1,7,32.487,4.8228,social,social,social,0,1
U07141,new_cold_customer,hybrid,3,1,0,4,16.3235,9.8263,social,social,social,0,1
U07142,new_cold_customer,hybrid,3,1,1,6,7.8929,10.39,social,social,social,1,0
U07143,high_intent,fixed,5,5,3,13,21.0451,1.0047,social,social,social,0,1
U07144,high_intent,hybrid,3,1,0,4,47.567,8.097,social,social,social,0,1
U07145,loyal_customer,fixed,2,1,1,4,9.8599,13.5253,social,social,social,0,1
U07146,new_cold_customer,hybrid,2,1,0,3,2.1937,11.6104,social,social,social,0,1
U07147,low_engagement,trigger,2,1,0,3,6.9977,4.0155,social,social,social,0,1
U07148,loyal_customer,trigger,2,2,1,6,50.2756,3.306,social,email,social,1,0
U07149,new_cold_customer,trigger,3,2,1,6,7.2125,5.2789,social,social,social,0,1
U07150,low_engagement,fixed,3,1,0,4,57.6205,6.6128,social,social,social,0,1
U07151,loyal_customer,fixed,5,2,0,7,28.9671,5.1883,social,social,social,0,1
U07152,new_cold_customer,hybrid,3,0,0,3,59.7834,1.1284,social,social,social,0,0
U07153,new_cold_customer,fixed,5,3,2,10,21.9252,4.2394,social,social,social,0,1
U07154,new_cold_customer,hybrid,4,0,0,4,76.2069,2.6132,social,social,social,0,0
U07155,high_intent,trigger,4,2,0,6,17.9284,10.2905,email,email,email,0,1
U07156,low_engagement,trigger,1,1,0,2,0.0,9.9702,social,social,social,0,1
U07157,new_cold_customer,hybrid,3,2,0,5,23.0256,3.3602,social,social,social,0,1
U07158,loyal_customer,trigger,3,1,1,6,47.0684,3.5707,offer,email,email,1,0
U07159,new_cold_customer,fixed,3,1,0,4,28.6188,8.9267,social,ad,social,0,1
U07160,new_cold_customer,trigger,3,2,0,5,45.6955,5.9969,social,email,social,0,1
U07161,low_engagement,fixed,4,0,0,4,41.4877,6.2335,ad,email,ad,0,0
U07162,new_cold_customer,fixed,4,2,1,7,32.8973,5.4073,social,social,ad,0,1
U07163,new_cold_customer,hybrid,2,1,0,3,110.3263,3.1855,social,social,social,0,1
U07164,new_cold_customer,trigger,5,1,0,6,59.5995,2.3211,social,social,social,0,1
U07165,low_engagement,fixed,2,2,2,6,35.5896,1.3301,social,social,social,0,1
U07166,new_cold_customer,hybrid,5,2,1,8,18.459,5.5086,social,social,social,0,1
U07167,loyal_customer,fixed,5,2,2,9,40.2757,1.4309,social,social,social,0,1
U07168,price_sensitive,hybrid,2,0,0,2,289.5734,2.562,email,email,social,0,0
U07169,loyal_customer,fixed,2,2,0,4,33.1114,5.5629,email,email,email,0,1
U07170,low_engagement,trigger,1,0,0,1,0.0,6.3298,social,social,social,0,0
U07171,new_cold_customer,fixed,5,3,0,8,30.3282,2.6108,social,ad,social,0,1
U07172,low_engagement,hybrid,3,1,0,4,77.6103,2.8232,social,social,social,0,1
U07173,high_intent,hybrid,4,3,2,10,20.552,2.8565,ad,offer,social,1,0
U07174,new_cold_customer,hybrid,4,1,1,6,60.437,1.8336,social,social,social,0,1
U07175,loyal_customer,trigger,3,2,0,5,55.1892,4.7835,social,social,social,0,1
U07176,price_sensitive,fixed,1,1,0,2,0.0,14.8093,social,social,social,0,1
U07177,loyal_customer,hybrid,2,1,1,4,19.7614,3.0238,social,social,email,0,1
U07178,new_cold_customer,trigger,4,1,0,5,47.8115,2.342,social,ad,social,0,1
U07179,price_sensitive,fixed,3,0,0,3,130.3517,2.4705,social,social,ad,0,0
U07180,low_engagement,fixed,3,2,0,5,27.1309,4.9995,social,social,offer,0,1
U07181,high_intent,hybrid,7,5,1,13,19.8249,3.8569,email,offer,offer,0,1
U07182,low_engagement,trigger,1,1,0,2,0.0,4.6581,social,social,social,0,1
U07183,loyal_customer,trigger,6,2,1,9,33.1948,2.4107,social,email,social,0,1
U07184,new_cold_customer,fixed,3,1,0,4,66.0056,5.4641,email,email,social,0,1
U07185,price_sensitive,fixed,3,0,0,3,131.1626,1.0681,email,email,email,0,0
U07186,high_intent,fixed,7,6,2,16,18.9929,2.5235,social,social,social,1,0
U07187,loyal_customer,fixed,5,4,2,11,26.7605,3.6043,social,social,social,0,1
U07188,loyal_customer,hybrid,2,2,0,4,14.8078,5.1731,social,social,social,0,1
U07189,loyal_customer,hybrid,3,1,1,5,46.1766,3.9121,social,social,social,0,1
U07190,low_engagement,trigger,3,1,0,4,78.4232,1.7358,ad,ad,ad,0,1
U07191,high_intent,trigger,8,3,0,11,21.7356,5.1336,social,social,social,0,1
U07192,new_cold_customer,fixed,5,1,0,6,19.9806,2.4249,social,social,social,0,1
U07193,price_sensitive,trigger,2,1,0,3,36.5698,8.668,social,social,social,0,1
U07194,high_intent,trigger,6,5,3,16,16.0419,4.4741,email,social,email,1,0
U07195,loyal_customer,hybrid,3,0,0,3,109.5478,5.1849,social,social,email,0,0
U07196,high_intent,fixed,8,7,6,22,5.0884,2.6573,social,social,email,1,0
U07197,new_cold_customer,trigger,5,0,0,5,41.1038,2.6777,social,social,social,0,0
U07198,low_engagement,trigger,2,1,0,3,82.6498,4.3847,social,social,email,0,1
U07199,low_engagement,trigger,4,0,0,4,58.2093,4.8472,email,email,social,0,0
U07200,loyal_customer,trigger,6,3,1,10,11.9201,3.8633,social,email,social,0,1
U07201,low_engagement,trigger,1,0,0,1,0.0,3.4281,ad,ad,ad,0,0
U07202,low_engagement,trigger,1,0,0,1,0.0,7.4496,social,social,social,0,0
U07203,new_cold_customer,trigger,4,2,0,6,46.711,3.8398,social,social,social,0,1
U07204,high_intent,trigger,8,4,2,14,21.2059,1.3697,social,social,social,0,1
U07205,new_cold_customer,hybrid,5,1,0,6,57.7947,1.7052,social,social,social,0,1
U07206,new_cold_customer,fixed,5,2,0,7,31.1534,6.6904,social,social,email,0,1
U07207,low_engagement,trigger,3,0,0,3,33.9168,7.3608,social,social,ad,0,0
U07208,low_engagement,fixed,3,1,0,4,21.9051,8.6013,social,social,social,0,1
U07209,low_engagement,trigger,1,0,0,1,0.0,12.0523,social,social,social,0,0
U07210,new_cold_customer,fixed,5,1,0,6,33.2205,5.6481,social,social,social,0,1
U07211,low_engagement,trigger,3,2,1,6,35.9188,3.4479,social,social,social,0,1
U07212,loyal_customer,fixed,6,5,2,13,21.0299,2.1369,social,social,email,0,1
U07213,new_cold_customer,trigger,2,0,0,2,274.9927,1.2138,social,social,social,0,0
U07214,new_cold_customer,hybrid,4,1,0,5,40.2306,1.4227,social,social,social,0,1
U07215,new_cold_customer,hybrid,4,2,2,8,38.0868,2.105,social,ad,social,0,1
U07216,new_cold_customer,hybrid,4,1,0,5,74.6722,1.1516,email,social,email,0,1
U07217,new_cold_customer,trigger,2,0,0,2,192.767,3.6599,social,social,social,0,0
U07218,new_cold_customer,trigger,2,1,0,3,75.5853,2.18,social,social,social,0,1
U07219,loyal_customer,hybrid,6,2,0,8,33.1066,4.2213,social,email,social,0,1
U07220,new_cold_customer,fixed,5,3,0,8,34.8605,4.5158,social,social,social,0,1
U07221,high_intent,fixed,4,2,1,7,34.939,4.4524,social,email,social,0,1
U07222,loyal_customer,hybrid,2,1,1,5,33.0751,4.5712,social,social,social,1,0
U07223,high_intent,hybrid,4,3,3,11,8.7038,2.5812,social,email,social,1,0
U07224,loyal_customer,fixed,2,1,0,3,1.3365,5.4936,email,social,email,0,1
U07225,new_cold_customer,fixed,5,3,1,9,19.284,4.2221,social,social,social,0,1
U07226,low_engagement,trigger,2,0,0,2,144.9114,4.3772,social,social,social,0,0
U07227,loyal_customer,hybrid,5,4,2,13,9.2703,3.8318,social,social,social,1,0
U07228,loyal_customer,trigger,3,1,0,4,8.2501,11.0407,social,email,social,0,1
U07229,low_engagement,trigger,3,0,0,3,89.6442,1.2401,social,social,social,0,0
U07230,new_cold_customer,hybrid,5,1,0,6,61.9051,1.0326,social,social,social,0,1
U07231,new_cold_customer,trigger,5,4,0,9,21.919,6.9767,email,email,social,0,1
U07232,low_engagement,hybrid,1,1,1,3,0.0,11.7558,ad,ad,ad,0,1
U07233,low_engagement,hybrid,1,1,0,2,0.0,12.1648,ad,ad,ad,0,1
U07234,loyal_customer,hybrid,6,1,1,8,31.8653,2.3053,social,social,social,0,1
U07235,price_sensitive,fixed,3,1,0,4,74.3817,5.3884,social,social,social,0,1
U07236,new_cold_customer,trigger,4,2,0,6,43.5428,4.8376,social,social,offer,0,1
U07237,new_cold_customer,hybrid,4,2,1,7,22.9894,6.1578,social,social,ad,0,1
U07238,low_engagement,hybrid,2,2,0,4,10.4724,12.509,social,social,social,0,1
U07239,low_engagement,fixed,4,1,0,5,73.4101,2.3124,social,social,social,0,1
U07240,new_cold_customer,fixed,2,0,0,2,143.8062,2.3299,social,social,social,0,0
U07241,price_sensitive,fixed,1,0,0,1,0.0,14.0356,social,social,social,0,0
U07242,new_cold_customer,trigger,5,4,0,9,8.0996,1.7117,social,social,social,0,1
U07243,low_engagement,trigger,3,1,1,5,48.3208,5.7017,social,social,social,0,1
U07244,high_intent,hybrid,8,4,3,16,9.829,1.7288,email,email,social,1,0
U07245,low_engagement,trigger,2,1,1,4,55.8179,4.1524,email,email,email,0,1
U07246,high_intent,trigger,5,4,1,11,12.5679,3.585,social,email,social,1,0
U07247,new_cold_customer,fixed,2,1,0,3,121.1473,1.48,social,social,social,0,1
U07248,new_cold_customer,trigger,5,3,0,8,18.5375,3.5207,social,social,social,0,1
U07249,new_cold_customer,trigger,4,0,0,4,92.3599,1.7201,ad,ad,social,0,0
U07250,low_engagement,hybrid,1,0,0,1,0.0,7.1659,social,social,social,0,0
U07251,loyal_customer,fixed,5,2,0,7,24.5206,7.0713,social,social,social,0,1
U07252,new_cold_customer,trigger,4,3,1,8,40.3595,2.504,social,social,ad,0,1
U07253,new_cold_customer,hybrid,5,2,1,8,35.3792,3.716,social,social,social,0,1
U07254,low_engagement,hybrid,2,2,0,4,7.7868,2.9407,email,email,social,0,1
U07255,low_engagement,hybrid,1,0,0,1,0.0,2.1995,social,social,social,0,0
U07256,loyal_customer,fixed,4,1,0,5,79.1867,1.2468,social,email,social,0,1
U07257,low_engagement,hybrid,4,1,1,6,36.0283,1.9606,social,social,ad,0,1
U07258,new_cold_customer,trigger,4,0,0,4,91.592,3.4417,social,social,social,0,0
U07259,price_sensitive,trigger,2,1,0,3,33.0102,2.4449,email,email,email,0,1
U07260,new_cold_customer,trigger,5,3,2,11,30.2493,1.8435,social,social,social,1,0
U07261,new_cold_customer,hybrid,2,1,1,4,5.9944,12.6127,social,social,social,0,1
U07262,new_cold_customer,fixed,4,2,1,7,11.8479,5.4956,social,social,social,0,1
U07263,high_intent,hybrid,6,6,1,14,22.0002,2.3178,social,social,social,1,0
U07264,low_engagement,trigger,2,0,0,2,87.2411,4.9328,social,social,social,0,0
U07265,high_intent,fixed,6,3,2,11,28.7745,2.0691,social,social,social,0,1
U07266,loyal_customer,trigger,4,2,1,7,26.9319,3.7881,social,social,social,0,1
U07267,new_cold_customer,hybrid,2,0,0,2,216.1848,1.8997,social,social,ad,0,0
U07268,price_sensitive,hybrid,3,1,0,4,81.5302,4.7971,social,social,social,0,1
U07269,new_cold_customer,trigger,3,1,0,4,99.5759,2.053,social,social,social,0,1
U07270,new_cold_customer,trigger,2,1,1,4,44.1643,6.9939,email,social,email,0,1
U07271,price_sensitive,fixed,3,2,1,6,47.6069,1.9779,social,social,email,0,1
U07272,new_cold_customer,trigger,4,1,1,6,51.1719,1.6113,social,email,social,0,1
U07273,loyal_customer,fixed,4,1,0,5,38.7436,3.1777,ad,ad,social,0,1
U07274,low_engagement,hybrid,2,0,0,2,161.7063,4.4676,email,email,social,0,0
U07275,new_cold_customer,trigger,2,1,0,3,36.8249,9.7257,social,social,social,0,1
U07276,new_cold_customer,hybrid,3,2,1,6,59.5527,1.6606,social,social,social,0,1
U07277,new_cold_customer,fixed,3,2,1,6,32.3669,6.5755,social,social,social,0,1
U07278,new_cold_customer,hybrid,4,2,1,7,11.7235,2.3905,social,social,social,0,1
U07279,loyal_customer,trigger,6,2,0,8,38.3382,3.0299,social,social,ad,0,1
U07280,new_cold_customer,hybrid,3,1,0,4,81.9676,1.351,social,social,social,0,1
U07281,loyal_customer,trigger,5,2,0,7,28.0477,7.2961,social,email,social,0,1
U07282,high_intent,hybrid,3,2,2,7,51.0712,1.0598,social,social,social,0,1
U07283,new_cold_customer,trigger,4,1,0,5,51.4175,4.9179,social,social,email,0,1
U07284,new_cold_customer,fixed,3,0,0,3,89.4113,6.5632,social,social,social,0,0
U07285,loyal_customer,fixed,2,0,0,2,76.2354,10.764,offer,offer,social,0,0
U07286,loyal_customer,fixed,3,0,0,3,60.6688,2.4701,email,email,email,0,0
U07287,new_cold_customer,trigger,2,1,0,3,26.2031,5.2253,social,social,social,0,1
U07288,loyal_customer,trigger,5,3,0,8,25.4935,6.9024,social,email,social,0,1
U07289,high_intent,trigger,3,2,0,5,29.9529,6.8723,social,email,ad,0,1
U07290,new_cold_customer,hybrid,5,2,0,7,51.1578,1.4078,social,social,email,0,1
U07291,loyal_customer,trigger,4,3,0,7,20.5309,3.3774,social,social,offer,0,1
U07292,new_cold_customer,fixed,3,1,0,4,17.6479,6.949,ad,ad,social,0,1
U07293,low_engagement,trigger,1,0,0,1,0.0,14.0596,ad,ad,ad,0,0
U07294,new_cold_customer,hybrid,2,0,0,2,102.0304,2.3546,social,social,social,0,0
U07295,low_engagement,fixed,1,1,0,2,0.0,7.3975,ad,ad,ad,0,1
U07296,low_engagement,fixed,2,1,0,3,14.5927,1.7943,email,social,email,0,1
U07297,loyal_customer,fixed,6,2,1,10,23.5391,4.4885,social,social,social,1,0
U07298,new_cold_customer,hybrid,2,1,0,3,47.5678,10.6109,social,social,social,0,1
U07299,low_engagement,fixed,1,0,0,1,0.0,6.8428,social,social,social,0,0
U07300,low_engagement,hybrid,3,1,0,4,37.388,5.0882,ad,email,social,0,1
U07301,low_engagement,trigger,3,1,1,5,35.8645,5.8892,social,social,social,0,1
U07302,low_engagement,hybrid,2,1,0,3,24.5461,6.5793,social,social,social,0,1
U07303,loyal_customer,fixed,3,0,0,3,99.2652,1.4215,social,social,social,0,0
U07304,low_engagement,fixed,4,2,0,6,34.5748,1.4662,social,email,ad,0,1
U07305,low_engagement,hybrid,1,1,0,2,0.0,3.9926,social,social,social,0,1
U07306,loyal_customer,fixed,4,2,0,6,46.2914,1.0415,email,email,email,0,1
U07307,price_sensitive,hybrid,1,1,0,2,0.0,11.1403,social,social,social,0,1
U07308,new_cold_customer,hybrid,2,1,0,3,25.1179,6.6199,email,social,email,0,1
U07309,new_cold_customer,trigger,5,1,1,7,20.6952,6.1184,social,social,email,0,1
U07310,high_intent,trigger,5,4,3,13,24.1284,1.089,social,email,social,1,0
U07311,new_cold_customer,fixed,5,1,0,6,40.0386,2.266,social,social,social,0,1
U07312,loyal_customer,trigger,3,2,1,6,29.1054,5.3828,email,email,social,0,1
U07313,low_engagement,hybrid,2,0,0,2,166.5736,2.0993,social,social,social,0,0
U07314,loyal_customer,hybrid,2,1,0,3,47.3541,10.915,email,email,email,0,1
U07315,price_sensitive,fixed,3,0,0,3,121.5816,1.0194,email,social,email,0,0
U07316,low_engagement,fixed,1,0,0,1,0.0,13.1941,email,email,email,0,0
U07317,loyal_customer,fixed,4,0,0,4,91.5602,1.2387,email,social,email,0,0
U07318,low_engagement,trigger,4,2,1,7,15.8777,7.5288,social,ad,social,0,1
U07319,loyal_customer,fixed,6,2,1,10,23.1687,2.522,social,social,social,1,0
U07320,loyal_customer,hybrid,2,1,1,5,16.0091,7.4323,email,offer,email,1,0
U07321,new_cold_customer,fixed,2,0,0,2,54.8306,3.7336,social,social,ad,0,0
U07322,loyal_customer,fixed,4,2,1,8,32.0499,1.6377,social,social,social,1,0
U07323,high_intent,fixed,7,4,2,14,20.5473,2.9267,social,social,social,1,0
U07324,low_engagement,hybrid,1,1,0,2,0.0,12.6763,social,social,social,0,1
U07325,new_cold_customer,hybrid,5,1,0,6,43.5431,3.3858,social,social,social,0,1
U07326,low_engagement,hybrid,4,1,0,5,41.0188,3.0956,social,social,social,0,1
U07327,loyal_customer,fixed,4,1,0,5,59.1746,1.3275,social,social,social,0,1
U07328,high_intent,trigger,5,4,2,12,14.0065,2.1424,social,offer,social,1,0
U07329,high_intent,hybrid,8,4,1,13,18.5687,2.5425,offer,email,email,0,1
U07330,new_cold_customer,fixed,3,3,2,8,22.5206,1.7427,social,social,social,0,1
U07331,low_engagement,hybrid,3,1,0,4,13.2742,11.3116,ad,ad,social,0,1
U07332,new_cold_customer,hybrid,2,1,0,3,50.9258,2.6636,social,social,social,0,1
U07333,loyal_customer,trigger,3,1,0,4,61.6279,4.6525,social,social,social,0,1
U07334,low_engagement,trigger,2,0,0,2,61.1405,6.2013,social,social,social,0,0
U07335,high_intent,trigger,4,2,1,8,41.7242,1.2585,social,social,social,1,0
U07336,low_engagement,hybrid,2,1,0,3,15.6709,11.0035,offer,email,offer,0,1
U07337,new_cold_customer,fixed,3,1,0,4,21.3622,11.7994,social,social,social,0,1
U07338,loyal_customer,trigger,3,2,1,6,22.8418,6.9085,social,social,social,0,1
U07339,new_cold_customer,hybrid,4,2,0,6,26.3097,3.3338,social,email,social,0,1
U07340,new_cold_customer,trigger,5,5,2,13,12.4825,3.9933,social,social,social,1,0
U07341,loyal_customer,fixed,4,2,0,6,35.4489,7.0165,social,email,social,0,1
U07342,low_engagement,fixed,4,3,2,10,30.1143,1.9509,social,ad,social,1,0
U07343,loyal_customer,hybrid,3,2,0,5,42.2183,5.5616,social,social,social,0,1
U07344,new_cold_customer,trigger,2,1,0,3,29.2561,1.2846,social,social,ad,0,1
U07345,loyal_customer,hybrid,5,2,0,7,43.7943,1.1468,email,email,social,0,1
U07346,high_intent,hybrid,3,2,1,6,28.2461,5.234,social,social,email,0,1
U07347,new_cold_customer,fixed,4,3,1,8,21.2087,6.3855,social,social,ad,0,1
U07348,low_engagement,hybrid,1,0,0,1,0.0,13.7251,social,social,social,0,0
U07349,loyal_customer,hybrid,4,2,0,6,32.1335,3.1068,ad,ad,social,0,1
U07350,low_engagement,trigger,2,2,1,5,8.1532,8.2962,social,social,ad,0,1
U07351,low_engagement,fixed,1,0,0,1,0.0,14.1146,social,social,social,0,0
U07352,new_cold_customer,trigger,2,1,1,4,91.1912,2.0541,social,social,social,0,1
U07353,loyal_customer,trigger,6,2,0,8,30.1922,4.3568,social,social,social,0,1
U07354,loyal_customer,trigger,4,2,0,6,24.7559,4.1682,social,ad,social,0,1
U07355,low_engagement,trigger,3,0,0,3,53.8062,5.1576,social,social,social,0,0
U07356,low_engagement,hybrid,2,0,0,2,142.2006,2.3882,social,social,social,0,0
U07357,loyal_customer,trigger,6,1,1,8,37.3701,1.0167,social,social,ad,0,1
U07358,new_cold_customer,trigger,3,1,0,4,12.6838,11.7604,social,social,social,0,1
U07359,loyal_customer,hybrid,6,4,1,11,23.4818,2.4292,social,email,social,0,1
U07360,loyal_customer,fixed,3,1,0,4,56.3533,5.9665,social,email,social,0,1
U07361,loyal_customer,hybrid,4,3,2,10,27.5413,1.4306,ad,ad,social,1,0
U07362,loyal_customer,fixed,4,1,1,6,58.9014,2.5257,social,ad,social,0,1
U07363,loyal_customer,trigger,3,3,2,8,19.9271,7.7928,social,social,email,0,1
U07364,high_intent,fixed,7,3,0,10,29.7165,1.735,social,social,social,0,1
U07365,new_cold_customer,trigger,2,0,0,2,61.1841,10.5551,social,social,social,0,0
U07366,high_intent,fixed,7,5,3,16,15.544,3.0053,email,email,offer,1,0
U07367,low_engagement,trigger,3,1,0,4,77.5929,3.1645,social,social,ad,0,1
U07368,price_sensitive,fixed,3,0,0,3,22.0863,2.974,email,social,email,0,0
U07369,low_engagement,fixed,4,2,0,6,57.9703,2.3162,social,email,social,0,1
U07370,high_intent,hybrid,3,3,1,7,16.2959,9.7248,social,social,social,0,1
U07371,low_engagement,hybrid,2,1,1,4,23.4905,3.7521,social,social,social,0,1
U07372,new_cold_customer,fixed,2,1,0,3,29.8794,5.8309,social,social,social,0,1
U07373,loyal_customer,fixed,2,0,0,2,40.0192,6.0066,social,social,ad,0,0
U07374,new_cold_customer,trigger,5,2,1,8,46.1309,1.1727,social,social,social,0,1
U07375,loyal_customer,fixed,6,3,1,10,31.5296,2.9746,social,ad,social,0,1
U07376,new_cold_customer,trigger,2,0,0,2,162.3461,5.3827,social,social,email,0,0
U07377,loyal_customer,fixed,6,3,0,9,41.114,1.0547,social,social,email,0,1
U07378,loyal_customer,hybrid,2,1,0,3,24.1412,6.1052,social,social,social,0,1
U07379,new_cold_customer,hybrid,2,2,2,7,20.5267,6.735,social,social,social,1,0
U07380,low_engagement,trigger,3,3,1,7,47.2657,3.0587,social,social,social,0,1
U07381,price_sensitive,fixed,2,0,0,2,73.9994,4.3296,email,email,ad,0,0
U07382,new_cold_customer,fixed,5,2,0,7,42.1238,4.1372,social,social,social,0,1
U07383,new_cold_customer,fixed,5,4,1,10,30.0289,2.597,social,social,ad,0,1
U07384,low_engagement,hybrid,1,1,0,2,0.0,11.9916,social,social,social,0,1
U07385,new_cold_customer,hybrid,4,2,1,7,29.5738,2.7611,social,social,social,0,1
U07386,low_engagement,trigger,1,1,0,2,0.0,5.6878,social,social,social,0,1
U07387,new_cold_customer,fixed,4,2,0,6,49.8917,2.8382,social,social,social,0,1
U07388,loyal_customer,hybrid,3,2,1,7,29.0977,1.8381,email,social,email,1,0
U07389,low_engagement,fixed,3,1,0,4,39.0589,6.0026,email,social,email,0,1
U07390,new_cold_customer,hybrid,2,1,0,3,126.9112,3.5429,social,social,social,0,1
U07391,high_intent,trigger,5,4,3,14,24.5781,1.0888,social,social,email,1,0
U07392,loyal_customer,trigger,5,2,1,8,38.0861,3.2779,social,email,email,0,1
U07393,loyal_customer,fixed,6,2,1,9,31.5152,1.4911,social,ad,social,0,1
U07394,new_cold_customer,fixed,4,2,0,6,27.806,8.5095,social,social,social,0,1
U07395,low_engagement,trigger,2,0,0,2,43.3307,6.1984,ad,ad,social,0,0
U07396,low_engagement,hybrid,3,2,0,5,29.2475,4.8991,social,social,social,0,1
U07397,low_engagement,hybrid,2,0,0,2,234.6779,3.5167,social,social,social,0,0
U07398,price_sensitive,trigger,2,1,0,3,102.7557,6.1089,social,social,social,0,1
U07399,low_engagement,fixed,4,0,0,4,70.5509,2.7805,social,social,social,0,0
U07400,loyal_customer,hybrid,4,2,0,6,46.8211,2.9101,social,email,ad,0,1
U07401,new_cold_customer,fixed,2,1,0,3,62.1076,7.267,social,social,social,0,1
U07402,price_sensitive,trigger,1,0,0,1,0.0,1.4749,social,social,social,0,0
U07403,high_intent,trigger,8,5,2,15,17.4942,2.0744,social,social,email,0,1
U07404,low_engagement,fixed,1,0,0,1,0.0,11.9605,social,social,social,0,0
U07405,new_cold_customer,hybrid,3,1,0,4,63.6254,6.7198,social,ad,social,0,1
U07406,price_sensitive,trigger,2,0,0,2,203.3562,4.8027,social,social,offer,0,0
U07407,new_cold_customer,fixed,2,0,0,2,67.0121,11.5941,social,social,social,0,0
U07408,price_sensitive,trigger,2,0,0,2,126.0143,9.3835,social,social,email,0,0
U07409,low_engagement,fixed,3,0,0,3,68.6821,2.6769,social,social,social,0,0
U07410,new_cold_customer,fixed,5,1,0,6,38.3627,5.8386,social,social,social,0,1
U07411,new_cold_customer,trigger,3,2,0,5,19.8396,3.4304,social,social,social,0,1
U07412,high_intent,trigger,8,5,4,20,13.2489,2.8786,social,social,social,1,0
U07413,low_engagement,fixed,3,1,1,5,42.007,4.3363,email,email,email,0,1
U07414,high_intent,trigger,7,2,2,12,25.505,2.9339,email,email,social,1,0
U07415,new_cold_customer,trigger,2,1,0,3,7.8387,2.9388,social,social,social,0,1
U07416,loyal_customer,trigger,4,2,2,9,30.3725,3.2732,social,social,social,1,0
U07417,low_engagement,fixed,4,1,0,5,21.6394,8.7073,email,email,offer,0,1
U07418,loyal_customer,hybrid,2,2,1,5,1.4435,5.591,email,email,email,0,1
U07419,high_intent,trigger,5,1,1,8,26.0848,3.6775,social,social,social,1,0
U07420,loyal_customer,fixed,4,2,0,6,56.6495,1.3011,social,social,ad,0,1
U07421,low_engagement,hybrid,1,0,0,1,0.0,2.8707,social,social,social,0,0
U07422,price_sensitive,trigger,2,0,0,2,150.2254,2.2637,email,email,social,0,0
U07423,new_cold_customer,trigger,5,1,0,6,53.3632,2.2559,social,social,ad,0,1
U07424,new_cold_customer,trigger,3,2,1,6,24.051,2.5763,ad,email,ad,0,1
U07425,high_intent,hybrid,6,3,1,11,27.8079,1.8152,ad,offer,ad,1,0
U07426,new_cold_customer,trigger,4,1,0,5,51.0121,3.3081,social,social,social,0,1
U07427,new_cold_customer,hybrid,4,3,1,8,25.3548,4.1925,social,social,email,0,1
U07428,price_sensitive,trigger,1,0,0,1,0.0,5.3329,social,social,social,0,0
U07429,new_cold_customer,fixed,2,0,0,2,37.7486,6.044,email,email,social,0,0
U07430,loyal_customer,hybrid,2,2,0,4,44.3323,6.8358,social,social,ad,0,1
U07431,new_cold_customer,hybrid,2,1,0,3,13.1903,8.8277,social,social,social,0,1
U07432,low_engagement,fixed,2,1,0,3,16.4844,13.0477,email,social,email,0,1
U07433,price_sensitive,hybrid,1,1,0,2,0.0,8.7169,email,email,email,0,1
U07434,new_cold_customer,fixed,5,1,1,7,40.132,4.223,social,ad,social,0,1
U07435,new_cold_customer,fixed,5,3,1,9,30.5278,4.2101,social,social,social,0,1
U07436,high_intent,fixed,7,5,0,12,24.0025,2.9307,social,email,social,0,1
U07437,low_engagement,fixed,3,1,0,4,35.4585,9.209,ad,email,ad,0,1
U07438,new_cold_customer,hybrid,2,0,0,2,45.2504,8.3984,ad,ad,social,0,0
U07439,new_cold_customer,hybrid,4,4,0,8,40.4804,2.0557,social,social,email,0,1
U07440,new_cold_customer,hybrid,4,0,0,4,58.9236,3.3063,social,social,ad,0,0
U07441,new_cold_customer,fixed,5,4,1,10,30.5269,1.2576,social,social,social,0,1
U07442,low_engagement,hybrid,1,0,0,1,0.0,1.1473,social,social,social,0,0
U07443,low_engagement,fixed,3,2,0,5,67.5638,3.2214,social,social,social,0,1
U07444,high_intent,hybrid,7,2,1,10,23.3261,5.3425,email,social,social,0,1
U07445,price_sensitive,fixed,3,1,0,4,20.4048,7.4897,social,social,social,0,1
U07446,loyal_customer,fixed,5,3,0,8,29.476,5.3026,email,email,social,0,1
U07447,loyal_customer,fixed,6,2,2,11,25.5548,4.2634,email,social,email,1,0
U07448,new_cold_customer,trigger,5,3,1,9,25.6344,1.9733,social,social,social,0,1
U07449,price_sensitive,hybrid,2,0,0,2,84.2168,7.3565,social,social,social,0,0
U07450,high_intent,trigger,3,3,1,7,23.2112,3.3444,social,social,email,0,1
U07451,low_engagement,trigger,4,2,0,6,38.8522,1.8619,social,social,email,0,1
U07452,new_cold_customer,fixed,5,4,1,10,31.6177,1.5244,social,social,email,0,1
U07453,high_intent,hybrid,5,2,0,7,46.9635,1.1046,social,social,email,0,1
U07454,new_cold_customer,trigger,4,4,1,9,20.2369,7.4127,social,social,social,0,1
U07455,loyal_customer,fixed,5,2,1,8,31.8685,5.6878,social,social,social,0,1
U07456,new_cold_customer,hybrid,2,0,0,2,99.4603,1.5786,social,social,social,0,0
U07457,low_engagement,hybrid,2,0,0,2,215.5382,2.1439,social,social,social,0,0
U07458,low_engagement,trigger,1,0,0,1,0.0,4.8984,social,social,social,0,0
U07459,new_cold_customer,fixed,3,0,0,3,84.8945,6.5299,social,social,social,0,0
U07460,low_engagement,hybrid,2,1,0,3,134.0342,1.9191,social,social,social,0,1
U07461,new_cold_customer,fixed,4,3,1,8,36.4391,2.9628,social,social,social,0,1
U07462,low_engagement,hybrid,3,2,1,6,15.1443,3.8539,social,ad,social,0,1
U07463,new_cold_customer,trigger,5,2,1,8,25.6452,2.3477,social,social,ad,0,1
U07464,low_engagement,hybrid,2,1,1,4,56.0367,1.3049,email,email,social,0,1
U07465,low_engagement,hybrid,1,1,0,2,0.0,13.3639,social,social,social,0,1
U07466,low_engagement,hybrid,1,0,0,1,0.0,1.5196,email,email,email,0,0
U07467,new_cold_customer,fixed,3,1,0,4,71.7358,1.789,social,social,social,0,1
U07468,high_intent,trigger,7,5,2,15,12.3605,7.4403,email,email,email,1,0
U07469,low_engagement,fixed,3,0,0,3,17.8075,6.7208,social,social,social,0,0
U07470,new_cold_customer,fixed,4,2,2,8,45.3564,1.6674,social,social,social,0,1
U07471,loyal_customer,hybrid,3,1,0,4,74.7387,1.9541,social,social,social,0,1
U07472,new_cold_customer,hybrid,4,3,2,9,20.9082,5.3011,email,email,ad,0,1
U07473,low_engagement,fixed,4,3,1,8,42.5993,1.6371,social,social,social,0,1
U07474,new_cold_customer,trigger,2,1,0,3,31.0425,7.3735,social,social,social,0,1
U07475,new_cold_customer,trigger,3,1,1,5,61.7051,1.3056,social,social,social,0,1
U07476,loyal_customer,trigger,4,2,0,6,49.7978,3.0377,social,offer,social,0,1
U07477,loyal_customer,fixed,4,1,0,5,65.1162,1.1114,social,social,email,0,1
U07478,loyal_customer,hybrid,4,2,2,8,40.8215,2.4289,social,social,email,0,1
U07479,new_cold_customer,trigger,2,0,0,2,81.9719,1.6548,email,email,ad,0,0
U07480,new_cold_customer,trigger,2,0,0,2,87.1634,8.4961,email,email,ad,0,0
U07481,new_cold_customer,trigger,3,0,0,3,31.4522,10.6604,social,social,social,0,0
U07482,new_cold_customer,fixed,3,3,2,9,29.7186,2.3034,social,social,ad,1,0
U07483,high_intent,hybrid,6,3,1,11,29.8266,2.5506,social,email,offer,1,0
U07484,low_engagement,trigger,3,1,0,4,80.8997,2.7543,ad,email,ad,0,1
U07485,low_engagement,fixed,4,1,0,5,50.5614,1.757,social,social,social,0,1
U07486,loyal_customer,hybrid,6,4,1,11,27.6899,1.119,social,social,social,0,1
U07487,high_intent,fixed,6,4,3,14,18.1032,2.7479,email,social,email,1,0
U07488,low_engagement,fixed,2,0,0,2,40.1532,10.2228,social,social,social,0,0
U07489,low_engagement,hybrid,2,0,0,2,70.8737,5.1625,social,social,email,0,0
U07490,low_engagement,hybrid,2,2,0,4,53.8725,4.7608,social,social,social,0,1
U07491,new_cold_customer,fixed,2,2,1,5,44.6009,4.5439,social,ad,social,0,1
U07492,new_cold_customer,fixed,2,0,0,2,162.3418,5.7972,social,social,social,0,0
U07493,new_cold_customer,trigger,2,0,0,2,101.4654,7.8455,social,social,social,0,0
U07494,new_cold_customer,hybrid,3,1,1,5,57.5414,1.1785,social,social,email,0,1
U07495,low_engagement,fixed,4,1,1,6,64.8505,1.1694,social,social,social,0,1
U07496,low_engagement,trigger,4,2,0,6,3.9249,13.556,social,ad,social,0,1
U07497,loyal_customer,trigger,4,2,1,7,16.7411,2.8005,social,social,social,0,1
U07498,low_engagement,trigger,3,1,0,4,32.4488,4.3702,ad,ad,social,0,1
U07499,loyal_customer,fixed,5,0,0,5,60.8867,1.2398,social,social,social,0,0
U07500,price_sensitive,fixed,3,0,0,3,143.159,2.8124,social,social,email,0,0
U07501,high_intent,hybrid,8,7,6,24,12.2479,3.1893,social,social,social,1,0
U07502,low_engagement,fixed,2,2,0,4,39.9113,5.8433,social,social,social,0,1
U07503,price_sensitive,hybrid,1,1,0,2,0.0,11.2641,ad,ad,ad,0,1
U07504,new_cold_customer,fixed,2,0,0,2,115.0361,6.2922,social,social,social,0,0
U07505,new_cold_customer,trigger,2,0,0,2,155.6663,5.7596,social,social,ad,0,0
U07506,new_cold_customer,fixed,4,2,1,7,14.6641,5.401,social,social,social,0,1
U07507,new_cold_customer,hybrid,5,3,0,8,42.5082,2.5936,social,social,social,0,1
U07508,loyal_customer,trigger,6,3,0,9,29.7794,2.5788,social,social,social,0,1
U07509,new_cold_customer,fixed,3,1,1,6,26.2915,5.7602,social,social,social,1,0
U07510,price_sensitive,fixed,1,1,0,2,0.0,14.4274,email,email,email,0,1
U07511,low_engagement,trigger,1,1,0,2,0.0,11.8121,email,email,email,0,1
U07512,high_intent,trigger,5,4,3,14,22.0231,1.4341,social,social,social,1,0
U07513,loyal_customer,trigger,6,3,1,10,29.8728,1.5536,email,email,email,0,1
U07514,new_cold_customer,fixed,5,2,0,7,48.8692,1.2177,social,social,email,0,1
U07515,new_cold_customer,trigger,5,1,1,7,46.2363,2.9465,social,social,social,0,1
U07516,loyal_customer,trigger,6,5,2,14,24.932,1.2822,social,email,social,1,0
U07517,new_cold_customer,fixed,5,2,2,10,15.9673,2.2807,social,social,social,1,0
U07518,new_cold_customer,hybrid,3,1,0,4,46.4997,4.3872,email,email,social,0,1
U07519,loyal_customer,hybrid,2,2,0,4,64.4599,2.9691,social,social,social,0,1
U07520,new_cold_customer,hybrid,5,1,0,6,49.7384,3.4857,social,social,social,0,1
U07521,loyal_customer,hybrid,3,2,1,6,40.7924,4.3933,social,social,social,0,1
U07522,loyal_customer,hybrid,6,4,2,12,26.6653,1.8499,social,social,social,0,1
U07523,high_intent,trigger,8,4,3,16,12.757,3.7197,social,social,ad,1,0
U07524,new_cold_customer,fixed,5,0,0,5,66.6586,2.966,social,social,social,0,0
U07525,price_sensitive,trigger,2,0,0,2,174.3786,2.7631,social,social,email,0,0
U07526,low_engagement,trigger,4,0,0,4,37.7392,8.1834,social,social,social,0,0
U07527,high_intent,fixed,8,6,2,16,18.4587,1.8727,social,social,social,0,1
U07528,new_cold_customer,fixed,3,1,0,4,39.5901,5.7969,social,social,social,0,1
U07529,new_cold_customer,hybrid,2,0,0,2,106.1628,5.9501,social,social,email,0,0
U07530,new_cold_customer,trigger,5,3,2,11,29.9025,2.2928,social,ad,social,1,0
U07531,new_cold_customer,hybrid,2,1,0,3,77.8713,2.6901,social,social,social,0,1
U07532,high_intent,trigger,5,4,2,11,19.5733,2.9696,social,social,social,0,1
U07533,high_intent,trigger,6,5,1,13,16.5693,1.964,social,email,social,1,0
U07534,low_engagement,trigger,2,0,0,2,36.6211,5.6595,social,social,social,0,0
U07535,low_engagement,hybrid,4,2,0,6,40.8223,3.6353,email,email,social,0,1
U07536,low_engagement,hybrid,4,0,0,4,57.75,6.7702,social,social,social,0,0
U07537,loyal_customer,hybrid,2,2,0,4,66.9046,4.6788,social,social,social,0,1
U07538,loyal_customer,fixed,2,1,1,4,30.2814,8.7899,social,social,email,0,1
U07539,new_cold_customer,hybrid,5,5,1,11,18.525,5.6977,social,social,email,0,1
U07540,loyal_customer,trigger,2,2,1,5,60.2129,1.9313,email,social,email,0,1
U07541,new_cold_customer,fixed,3,1,1,5,42.7073,7.6315,social,social,social,0,1
U07542,loyal_customer,fixed,3,1,0,4,44.3609,3.5911,social,social,social,0,1
U07543,new_cold_customer,trigger,2,0,0,2,126.6424,8.2494,social,social,social,0,0
U07544,loyal_customer,hybrid,5,2,2,9,26.0607,2.7849,social,social,social,0,1
U07545,loyal_customer,trigger,5,2,0,7,22.2876,9.1246,social,email,email,0,1
U07546,price_sensitive,fixed,3,0,0,3,66.2125,9.4498,ad,ad,ad,0,0
U07547,high_intent,fixed,6,3,2,11,22.2812,4.856,social,email,ad,0,1
U07548,loyal_customer,fixed,2,1,0,3,62.2755,1.8716,email,social,email,0,1
U07549,low_engagement,hybrid,4,1,0,5,64.9275,3.8488,social,email,email,0,1
U07550,price_sensitive,hybrid,1,0,0,1,0.0,5.5111,social,social,social,0,0
U07551,high_intent,hybrid,6,2,2,12,14.4171,3.6964,social,email,email,1,0
U07552,low_engagement,trigger,3,0,0,3,143.5751,1.3372,social,social,ad,0,0
U07553,price_sensitive,trigger,3,1,0,4,48.9542,2.2828,ad,ad,social,0,1
U07554,loyal_customer,trigger,3,1,0,4,96.7707,2.0554,ad,ad,social,0,1
U07555,low_engagement,fixed,3,0,0,3,62.1234,6.4033,social,social,social,0,0
U07556,new_cold_customer,fixed,2,0,0,2,18.993,5.9004,social,social,social,0,0
U07557,low_engagement,trigger,2,0,0,2,36.3536,7.117,social,social,social,0,0
U07558,new_cold_customer,fixed,5,4,2,11,17.346,1.9896,social,social,social,0,1
U07559,new_cold_customer,hybrid,2,2,0,4,12.2987,2.6662,social,social,email,0,1
U07560,high_intent,hybrid,8,6,4,20,15.8559,2.1835,email,social,email,1,0
U07561,low_engagement,trigger,3,1,0,4,95.921,2.3275,social,social,social,0,1
U07562,new_cold_customer,trigger,2,2,0,4,41.5666,6.8571,social,social,social,0,1
U07563,price_sensitive,hybrid,2,0,0,2,108.1131,8.7983,social,social,social,0,0
U07564,low_engagement,trigger,1,0,0,1,0.0,14.6122,email,email,email,0,0
U07565,new_cold_customer,trigger,4,3,1,8,23.4615,2.1289,social,social,social,0,1
U07566,new_cold_customer,trigger,2,1,1,4,20.1745,3.4904,social,social,social,0,1
U07567,low_engagement,hybrid,4,1,0,5,82.4389,1.2319,social,social,social,0,1
U07568,new_cold_customer,hybrid,4,2,0,6,50.7261,2.7033,social,social,ad,0,1
U07569,high_intent,trigger,6,4,3,15,21.6944,1.6495,email,social,email,1,0
U07570,loyal_customer,fixed,2,0,0,2,204.1904,4.6729,social,social,social,0,0
U07571,price_sensitive,trigger,1,0,0,1,0.0,13.8641,social,social,social,0,0
U07572,price_sensitive,trigger,1,0,0,1,0.0,14.1145,social,social,social,0,0
U07573,low_engagement,hybrid,2,1,0,3,29.1945,4.2027,social,social,social,0,1
U07574,new_cold_customer,fixed,5,2,0,7,50.0419,2.2141,social,ad,social,0,1
U07575,new_cold_customer,hybrid,4,1,1,6,39.2485,1.1722,social,social,ad,0,1
U07576,low_engagement,hybrid,1,0,0,1,0.0,6.5774,ad,ad,ad,0,0
U07577,price_sensitive,fixed,2,1,0,3,81.0031,3.4122,email,ad,email,0,1
U07578,loyal_customer,trigger,5,4,0,9,13.0501,10.5355,email,email,email,0,1
U07579,new_cold_customer,trigger,2,0,0,2,219.0076,4.102,offer,offer,ad,0,0
U07580,low_engagement,fixed,3,0,0,3,149.1328,1.8097,social,social,social,0,0
U07581,new_cold_customer,fixed,4,1,1,6,53.1037,3.0014,social,social,social,0,1
U07582,new_cold_customer,fixed,2,1,0,3,9.2253,7.0142,social,social,social,0,1
U07583,new_cold_customer,trigger,5,3,2,11,30.3885,2.3132,social,ad,ad,1,0
U07584,new_cold_customer,trigger,4,4,3,11,20.0222,3.7813,social,email,social,0,1
U07585,loyal_customer,trigger,3,1,1,5,78.4635,1.5962,social,email,social,0,1
U07586,high_intent,fixed,4,2,1,8,24.239,1.759,social,social,social,1,0
U07587,new_cold_customer,hybrid,3,1,1,5,60.0108,4.9609,social,social,social,0,1
U07588,new_cold_customer,hybrid,3,2,0,5,33.7595,7.5812,social,email,social,0,1
U07589,new_cold_customer,fixed,3,1,0,4,28.9531,3.0614,social,social,social,0,1
U07590,high_intent,hybrid,6,4,2,12,19.1449,4.239,email,social,email,0,1
U07591,high_intent,trigger,6,4,1,11,23.1167,2.1083,social,social,email,0,1
U07592,price_sensitive,fixed,3,0,0,3,102.5238,4.7005,email,email,email,0,0
U07593,loyal_customer,fixed,5,1,0,6,52.5013,3.3268,social,email,social,0,1
U07594,price_sensitive,trigger,3,0,0,3,142.4668,3.0131,social,social,offer,0,0
U07595,price_sensitive,hybrid,1,0,0,1,0.0,4.2598,offer,offer,offer,0,0
U07596,new_cold_customer,hybrid,2,2,2,6,14.545,2.5511,social,social,social,0,1
U07597,loyal_customer,trigger,4,3,1,8,14.1714,8.6495,social,social,offer,0,1
U07598,new_cold_customer,trigger,4,1,0,5,62.2763,4.5708,social,social,email,0,1
U07599,new_cold_customer,fixed,5,1,0,6,47.7708,3.6377,social,social,social,0,1
U07600,loyal_customer,hybrid,4,1,0,5,51.5849,1.554,social,social,ad,0,1
U07601,new_cold_customer,hybrid,2,0,0,2,162.1886,6.6009,ad,ad,social,0,0
U07602,loyal_customer,trigger,5,3,2,10,17.7948,2.1805,email,email,email,0,1
U07603,loyal_customer,fixed,6,3,2,11,27.0078,2.3045,social,social,social,0,1
U07604,loyal_customer,fixed,4,2,0,6,25.1997,8.3442,social,social,social,0,1
U07605,low_engagement,trigger,3,1,0,4,107.5031,1.0421,social,social,social,0,1
U07606,new_cold_customer,fixed,2,1,0,3,12.6419,7.2781,ad,ad,social,0,1
U07607,low_engagement,fixed,3,0,0,3,84.8337,7.6322,social,social,social,0,0
U07608,loyal_customer,fixed,3,0,0,3,166.3023,1.0012,social,ad,social,0,0
U07609,new_cold_customer,hybrid,4,0,0,4,66.2065,5.5609,social,social,social,0,0
U07610,new_cold_customer,trigger,5,3,0,8,31.2461,5.7496,social,social,social,0,1
U07611,price_sensitive,trigger,1,0,0,1,0.0,12.3177,social,social,social,0,0
U07612,loyal_customer,trigger,3,3,1,7,47.7193,2.0174,ad,ad,social,0,1
U07613,loyal_customer,hybrid,3,2,0,5,39.8243,8.2573,social,social,social,0,1
U07614,low_engagement,fixed,4,3,0,7,24.8489,5.0579,social,social,social,0,1
U07615,low_engagement,trigger,3,1,0,4,12.204,8.664,social,email,ad,0,1
U07616,new_cold_customer,hybrid,3,2,1,6,44.5606,5.4191,social,social,ad,0,1
U07617,new_cold_customer,hybrid,4,0,0,4,37.7358,4.0153,social,social,email,0,0
U07618,price_sensitive,trigger,1,0,0,1,0.0,4.5188,email,email,email,0,0
U07619,new_cold_customer,trigger,4,2,1,7,27.8323,2.4096,social,social,ad,0,1
U07620,new_cold_customer,fixed,5,3,0,8,25.4632,4.0222,social,social,social,0,1
U07621,high_intent,trigger,5,4,2,12,24.674,2.0355,email,email,email,1,0
U07622,low_engagement,trigger,1,0,0,1,0.0,2.0341,social,social,social,0,0
U07623,price_sensitive,fixed,3,1,0,4,94.8545,1.0721,social,offer,social,0,1
U07624,new_cold_customer,trigger,2,1,1,4,9.5664,3.2311,social,social,social,0,1
U07625,low_engagement,trigger,3,1,0,4,8.1069,4.9187,social,social,social,0,1
U07626,low_engagement,trigger,4,0,0,4,49.0636,3.8148,email,email,email,0,0
U07627,new_cold_customer,trigger,2,0,0,2,179.2156,4.9024,social,social,email,0,0
U07628,loyal_customer,trigger,4,1,1,6,40.4251,5.2375,email,social,email,0,1
U07629,loyal_customer,hybrid,6,3,1,10,8.0798,8.0891,social,social,social,0,1
U07630,loyal_customer,fixed,6,3,1,10,24.8832,2.9104,social,social,social,0,1
U07631,price_sensitive,fixed,3,1,0,4,56.3822,7.708,social,social,social,0,1
U07632,loyal_customer,hybrid,6,2,1,9,37.6475,1.6653,social,email,social,0,1
U07633,new_cold_customer,hybrid,2,2,1,5,46.8369,2.3066,social,social,social,0,1
U07634,price_sensitive,fixed,1,0,0,1,0.0,3.8547,email,email,email,0,0
U07635,new_cold_customer,hybrid,4,4,1,9,38.1933,1.8911,email,social,social,0,1
U07636,new_cold_customer,hybrid,5,3,0,8,34.4572,1.7161,social,social,social,0,1
U07637,new_cold_customer,hybrid,2,1,1,4,50.8716,7.7109,social,social,social,0,1
U07638,low_engagement,trigger,3,1,0,4,35.5695,4.5399,social,social,social,0,1
U07639,low_engagement,trigger,4,1,1,7,30.557,3.9161,social,email,social,1,0
U07640,new_cold_customer,fixed,5,3,1,9,31.9862,1.9038,ad,ad,social,0,1
U07641,loyal_customer,trigger,5,3,0,8,22.0826,5.0889,social,email,email,0,1
U07642,new_cold_customer,fixed,5,2,1,8,38.6886,3.27,social,social,social,0,1
U07643,new_cold_customer,hybrid,5,4,1,10,35.2833,1.7517,social,social,email,0,1
U07644,low_engagement,fixed,2,0,0,2,46.9889,6.1405,email,email,social,0,0
U07645,new_cold_customer,fixed,2,1,0,3,30.2036,12.4593,social,social,social,0,1
U07646,loyal_customer,hybrid,2,1,0,3,22.8054,9.6574,social,email,social,0,1
U07647,new_cold_customer,fixed,4,3,1,8,37.6993,1.6548,social,social,social,0,1
U07648,low_engagement,trigger,3,0,0,3,61.438,9.0199,social,social,social,0,0
U07649,new_cold_customer,trigger,3,0,0,3,122.368,3.1239,social,email,social,0,0
U07650,low_engagement,trigger,2,0,0,2,25.8645,7.0677,social,social,social,0,0
U07651,low_engagement,hybrid,3,0,0,3,96.6475,4.721,email,social,email,0,0
U07652,loyal_customer,fixed,3,0,0,3,89.3782,7.1177,email,email,social,0,0
U07653,new_cold_customer,fixed,3,2,1,6,33.3722,3.8432,social,social,social,0,1
U07654,high_intent,trigger,6,6,4,17,15.6305,2.0196,social,social,email,1,0
U07655,low_engagement,trigger,2,2,0,4,16.5757,7.351,social,social,ad,0,1
U07656,low_engagement,trigger,2,0,0,2,213.5879,1.9767,social,social,social,0,0
U07657,new_cold_customer,fixed,2,1,0,3,45.6487,9.201,social,social,social,0,1
U07658,new_cold_customer,hybrid,5,1,0,6,40.5772,5.1437,social,ad,social,0,1
U07659,new_cold_customer,trigger,4,2,1,7,39.7811,2.6775,social,social,social,0,1
U07660,loyal_customer,hybrid,5,3,0,8,34.3148,1.324,social,social,email,0,1
U07661,high_intent,fixed,8,4,2,15,23.2038,1.3111,social,social,social,1,0
U07662,low_engagement,fixed,3,1,0,4,45.0328,6.2624,ad,social,ad,0,1
U07663,loyal_customer,fixed,4,2,2,10,24.44,1.6698,email,social,ad,1,0
U07664,loyal_customer,fixed,3,0,0,3,109.2617,5.1893,social,social,social,0,0
U07665,low_engagement,trigger,4,2,0,6,37.2508,4.3961,social,social,offer,0,1
U07666,low_engagement,trigger,3,2,0,5,75.5223,1.7823,social,social,social,0,1
U07667,price_sensitive,trigger,2,0,0,2,23.3023,10.8261,email,email,email,0,0
U07668,loyal_customer,fixed,4,4,0,8,39.0759,2.4318,social,social,social,0,1
U07669,low_engagement,hybrid,2,1,0,3,69.4234,5.2501,social,social,email,0,1
U07670,high_intent,fixed,7,7,4,21,9.9437,6.3878,social,social,social,1,0
U07671,new_cold_customer,hybrid,5,4,2,11,6.8124,6.9346,social,social,social,0,1
U07672,new_cold_customer,trigger,4,1,0,5,64.295,2.1795,social,ad,social,0,1
U07673,new_cold_customer,fixed,3,2,0,5,57.4275,3.3098,social,social,social,0,1
U07674,low_engagement,hybrid,3,0,0,3,101.9795,3.5705,social,ad,social,0,0
U07675,loyal_customer,trigger,4,3,0,7,52.4968,1.7152,social,social,email,0,1
U07676,new_cold_customer,trigger,4,2,0,6,33.8112,7.8564,social,social,social,0,1
U07677,loyal_customer,fixed,6,2,1,9,39.2029,1.4486,email,email,email,0,1
U07678,low_engagement,hybrid,1,0,0,1,0.0,9.3575,social,social,social,0,0
U07679,new_cold_customer,trigger,5,1,0,6,40.2227,5.9543,social,ad,social,0,1
U07680,high_intent,fixed,4,2,1,7,52.5137,1.7553,social,social,social,0,1
U07681,high_intent,hybrid,6,5,1,12,22.3487,4.3108,social,social,email,0,1
U07682,high_intent,trigger,7,4,2,14,20.0745,3.7862,social,email,social,1,0
U07683,new_cold_customer,fixed,4,0,0,4,65.9869,3.3329,social,ad,social,0,0
U07684,loyal_customer,trigger,3,1,0,4,51.8473,7.4548,social,offer,social,0,1
U07685,price_sensitive,fixed,3,1,0,4,70.4007,4.18,ad,ad,email,0,1
U07686,high_intent,fixed,3,0,0,3,34.0704,2.3157,social,social,email,0,0
U07687,loyal_customer,hybrid,5,1,0,6,35.0673,3.7681,ad,email,ad,0,1
U07688,new_cold_customer,trigger,2,1,0,3,143.6454,1.8284,social,social,social,0,1
U07689,loyal_customer,fixed,4,1,1,6,57.2886,2.2576,offer,email,email,0,1
U07690,high_intent,hybrid,7,5,3,17,16.5923,2.1165,social,social,social,1,0
U07691,price_sensitive,fixed,1,0,0,1,0.0,10.353,social,social,social,0,0
U07692,new_cold_customer,hybrid,5,2,1,8,32.5452,1.1488,social,ad,social,0,1
U07693,high_intent,hybrid,3,3,3,10,14.1134,1.8995,social,social,social,1,0
U07694,low_engagement,trigger,2,2,0,4,62.8023,6.9415,social,social,email,0,1
U07695,new_cold_customer,trigger,3,0,0,3,75.799,4.0494,social,social,email,0,0
U07696,new_cold_customer,hybrid,5,1,0,6,39.2377,6.7889,social,social,ad,0,1
U07697,loyal_customer,trigger,5,2,1,8,25.9367,1.7449,email,social,email,0,1
U07698,low_engagement,hybrid,3,0,0,3,60.1247,5.1022,social,social,social,0,0
U07699,low_engagement,fixed,1,1,0,2,0.0,2.1533,social,social,social,0,1
U07700,low_engagement,hybrid,3,0,0,3,83.9243,5.2691,social,social,social,0,0
U07701,low_engagement,hybrid,1,1,1,4,0.0,8.175,email,email,email,1,0
U07702,loyal_customer,trigger,5,4,0,9,35.616,2.6858,email,email,ad,0,1
U07703,price_sensitive,hybrid,2,1,0,3,131.3622,1.7822,social,social,social,0,1
U07704,new_cold_customer,trigger,3,2,1,6,35.7826,1.9474,social,social,social,0,1
U07705,new_cold_customer,hybrid,3,1,1,5,60.658,2.2407,social,social,offer,0,1
U07706,low_engagement,trigger,1,1,0,2,0.0,5.0765,social,social,social,0,1
U07707,loyal_customer,trigger,2,1,1,4,21.4434,9.2813,social,social,social,0,1
U07708,low_engagement,trigger,1,0,0,1,0.0,3.6038,email,email,email,0,0
U07709,high_intent,fixed,6,6,2,16,17.921,3.1007,social,social,social,1,0
U07710,price_sensitive,fixed,1,0,0,1,0.0,5.0708,ad,ad,ad,0,0
U07711,price_sensitive,hybrid,1,0,0,1,0.0,2.8434,social,social,social,0,0
U07712,new_cold_customer,fixed,5,1,1,7,40.8819,3.708,social,ad,social,0,1
U07713,new_cold_customer,hybrid,5,2,1,8,19.9358,9.0714,social,social,social,0,1
U07714,low_engagement,trigger,2,0,0,2,307.7051,1.3081,social,social,ad,0,0
U07715,low_engagement,fixed,2,1,0,3,75.7979,1.9519,social,social,social,0,1
U07716,new_cold_customer,trigger,5,4,1,10,33.1276,1.8479,social,social,social,0,1
U07717,loyal_customer,fixed,6,0,0,6,44.7669,1.1433,social,social,ad,0,0
U07718,price_sensitive,fixed,2,0,0,2,16.3814,9.504,offer,offer,social,0,0
U07719,low_engagement,fixed,4,0,0,4,73.483,5.7029,social,social,social,0,0
U07720,high_intent,hybrid,6,4,2,14,23.8703,1.1353,social,social,offer,1,0
U07721,low_engagement,fixed,2,0,0,2,58.0684,6.6201,social,social,social,0,0
U07722,low_engagement,hybrid,3,1,0,4,86.9662,1.5361,social,social,social,0,1
U07723,new_cold_customer,hybrid,3,0,0,3,100.8664,1.3041,social,social,ad,0,0
U07724,price_sensitive,fixed,2,1,0,3,47.8108,9.9122,social,social,social,0,1
U07725,new_cold_customer,fixed,2,1,0,3,25.781,6.8927,ad,ad,social,0,1
U07726,low_engagement,trigger,2,1,0,3,141.6722,1.9337,email,email,social,0,1
U07727,low_engagement,trigger,1,0,0,1,0.0,8.1938,social,social,social,0,0
U07728,new_cold_customer,fixed,2,1,0,3,75.1802,4.531,social,social,social,0,1
U07729,loyal_customer,hybrid,2,0,0,2,48.7503,2.0501,email,email,social,0,0
U07730,new_cold_customer,trigger,2,1,1,4,74.3354,3.2126,social,social,social,0,1
U07731,loyal_customer,hybrid,6,2,0,8,27.1625,1.3482,social,social,social,0,1
U07732,new_cold_customer,hybrid,4,2,0,6,35.1585,5.9744,social,social,social,0,1
U07733,new_cold_customer,fixed,4,3,0,7,41.1896,2.501,social,social,social,0,1
U07734,new_cold_customer,hybrid,3,1,1,5,32.7082,4.7853,social,social,social,0,1
U07735,new_cold_customer,hybrid,5,2,0,7,46.8618,1.7955,social,ad,ad,0,1
U07736,high_intent,trigger,8,4,3,17,18.7026,1.211,email,social,email,1,0
U07737,low_engagement,trigger,3,0,0,3,93.4321,4.7563,offer,offer,email,0,0
U07738,low_engagement,fixed,4,1,1,6,57.7482,2.5536,ad,ad,email,0,1
U07739,high_intent,hybrid,6,4,4,15,16.5893,3.0734,social,social,social,1,0
U07740,high_intent,fixed,3,2,0,5,37.6661,5.438,social,social,email,0,1
U07741,new_cold_customer,hybrid,2,2,0,4,5.457,10.2359,social,social,ad,0,1
U07742,loyal_customer,hybrid,2,2,0,4,19.8088,5.8421,social,social,social,0,1
U07743,loyal_customer,fixed,2,1,0,3,14.8182,2.7856,social,social,email,0,1
U07744,new_cold_customer,hybrid,3,3,2,8,33.8311,3.516,social,social,social,0,1
U07745,loyal_customer,fixed,6,4,0,10,28.4734,1.7954,social,social,social,0,1
U07746,new_cold_customer,hybrid,2,1,0,3,13.5992,5.2071,social,social,ad,0,1
U07747,new_cold_customer,hybrid,3,1,0,4,41.3549,5.541,social,social,ad,0,1
U07748,new_cold_customer,trigger,2,0,0,2,53.5379,9.1648,social,social,social,0,0
U07749,low_engagement,hybrid,4,2,1,7,39.144,1.6045,social,ad,social,0,1
U07750,loyal_customer,trigger,4,3,1,8,29.0653,5.8126,social,social,social,0,1
U07751,new_cold_customer,hybrid,5,3,1,9,16.5106,3.4043,social,social,ad,0,1
U07752,loyal_customer,hybrid,4,2,0,6,26.0739,2.9794,social,social,email,0,1
U07753,price_sensitive,hybrid,1,0,0,1,0.0,2.3266,social,social,social,0,0
U07754,new_cold_customer,fixed,5,1,0,6,43.2119,5.0413,social,social,ad,0,1
U07755,low_engagement,trigger,4,1,1,6,50.1911,4.3423,social,offer,social,0,1
U07756,low_engagement,hybrid,3,1,0,4,78.5311,4.7471,email,email,social,0,1
U07757,loyal_customer,trigger,3,0,0,3,69.8597,3.6259,social,social,social,0,0
U07758,new_cold_customer,trigger,3,1,0,4,28.0972,5.97,social,social,social,0,1
U07759,new_cold_customer,fixed,3,0,0,3,36.5141,2.8766,social,ad,social,0,0
U07760,low_engagement,fixed,1,0,0,1,0.0,4.8025,social,social,social,0,0
U07761,new_cold_customer,trigger,4,3,0,7,46.2433,1.2606,social,social,social,0,1
U07762,loyal_customer,fixed,6,2,1,9,31.3162,1.4894,social,offer,social,0,1
U07763,new_cold_customer,fixed,3,1,1,5,27.466,6.6993,social,social,ad,0,1
U07764,new_cold_customer,trigger,2,1,0,3,99.7535,4.806,ad,ad,social,0,1
U07765,new_cold_customer,hybrid,4,2,2,8,38.3791,1.7762,social,social,social,0,1
U07766,new_cold_customer,trigger,5,1,1,8,47.0091,1.2457,social,ad,social,1,0
U07767,new_cold_customer,hybrid,5,1,0,6,42.1661,2.3415,social,social,social,0,1
U07768,new_cold_customer,fixed,4,1,0,5,48.4622,6.2302,social,social,social,0,1
U07769,low_engagement,fixed,1,0,0,1,0.0,14.0313,social,social,social,0,0
U07770,loyal_customer,fixed,4,2,1,7,49.3401,2.0362,social,social,email,0,1
U07771,loyal_customer,trigger,6,3,3,13,22.9686,3.0152,social,social,social,1,0
U07772,loyal_customer,trigger,2,0,0,2,30.3638,10.4448,email,email,social,0,0
U07773,high_intent,fixed,6,6,6,20,10.7045,4.9937,social,social,social,1,0
U07774,new_cold_customer,hybrid,2,0,0,2,281.7824,2.4373,social,social,social,0,0
U07775,low_engagement,fixed,2,1,0,3,46.687,7.489,email,email,email,0,1
U07776,low_engagement,hybrid,4,0,0,4,94.5469,1.544,social,email,social,0,0
U07777,price_sensitive,fixed,3,0,0,3,53.145,5.1791,email,email,email,0,0
U07778,new_cold_customer,hybrid,3,3,0,6,19.5393,7.8052,ad,ad,social,0,1
U07779,new_cold_customer,hybrid,3,2,0,5,60.2166,1.7542,social,social,social,0,1
U07780,loyal_customer,hybrid,2,1,0,3,77.8589,3.5807,email,email,social,0,1
U07781,low_engagement,trigger,4,1,0,5,72.9142,2.1758,social,email,social,0,1
U07782,price_sensitive,hybrid,3,2,0,5,47.0143,2.1596,email,ad,email,0,1
U07783,low_engagement,fixed,2,1,0,3,60.5491,3.5168,social,offer,social,0,1
U07784,low_engagement,fixed,2,1,0,3,85.0044,1.6875,ad,email,ad,0,1
U07785,low_engagement,fixed,3,1,1,5,44.3554,3.0454,social,social,social,0,1
U07786,low_engagement,trigger,1,1,0,2,0.0,1.717,ad,ad,ad,0,1
U07787,low_engagement,trigger,2,1,0,3,45.4396,5.3569,social,social,social,0,1
U07788,high_intent,hybrid,3,1,1,5,30.8221,6.5755,social,social,social,0,1
U07789,new_cold_customer,fixed,4,1,0,5,62.5967,1.079,social,social,social,0,1
U07790,loyal_customer,hybrid,3,3,2,8,16.8728,1.647,email,email,email,0,1
U07791,loyal_customer,hybrid,3,2,0,5,33.1329,4.7726,social,ad,email,0,1
U07792,new_cold_customer,fixed,2,0,0,2,130.8615,6.9075,social,social,social,0,0
U07793,high_intent,hybrid,5,4,3,13,19.6509,2.1451,social,social,email,1,0
U07794,low_engagement,fixed,2,1,0,3,20.9617,1.8782,ad,ad,social,0,1
U07795,loyal_customer,fixed,6,2,1,9,35.5844,1.7252,social,social,social,0,1
U07796,price_sensitive,fixed,2,1,0,3,141.5452,2.2841,email,social,email,0,1
U07797,new_cold_customer,trigger,2,1,1,4,43.2634,5.6054,social,social,social,0,1
U07798,new_cold_customer,hybrid,2,0,0,2,132.829,1.0615,social,social,social,0,0
U07799,low_engagement,hybrid,2,0,0,2,109.3032,4.6461,email,email,social,0,0
U07800,new_cold_customer,hybrid,5,1,0,6,42.1488,5.3802,social,social,social,0,1
U07801,low_engagement,fixed,1,0,0,1,0.0,8.7988,social,social,social,0,0
U07802,new_cold_customer,trigger,5,2,0,7,42.0155,3.6074,social,social,social,0,1
U07803,new_cold_customer,fixed,3,2,0,5,17.2005,11.3881,social,social,email,0,1
U07804,low_engagement,trigger,3,0,0,3,97.9489,4.1411,social,social,social,0,0
U07805,new_cold_customer,hybrid,2,1,1,4,10.1931,5.4068,social,ad,social,0,1
U07806,loyal_customer,trigger,5,1,0,6,42.9614,3.1615,social,ad,social,0,1
U07807,low_engagement,fixed,3,0,0,3,127.5726,3.495,ad,social,ad,0,0
U07808,price_sensitive,hybrid,3,1,0,4,39.7106,5.2838,social,social,social,0,1
U07809,high_intent,hybrid,3,2,2,8,21.0613,4.8782,offer,offer,email,1,0
U07810,low_engagement,fixed,3,1,0,4,107.0604,1.1574,social,email,social,0,1
U07811,low_engagement,trigger,4,1,1,6,24.3028,8.1561,social,social,social,0,1
U07812,high_intent,hybrid,5,2,0,7,40.0369,2.0356,social,email,social,0,1
U07813,high_intent,hybrid,3,3,1,8,34.9675,3.6986,social,social,social,1,0
U07814,new_cold_customer,fixed,5,2,0,7,45.275,2.0716,social,social,social,0,1
U07815,new_cold_customer,hybrid,3,1,0,4,73.3782,3.4612,social,social,social,0,1
U07816,price_sensitive,hybrid,1,1,0,2,0.0,5.12,social,social,social,0,1
U07817,new_cold_customer,trigger,4,1,0,5,57.9205,2.5967,social,social,ad,0,1
U07818,low_engagement,fixed,1,0,0,1,0.0,5.3163,social,social,social,0,0
U07819,new_cold_customer,trigger,2,2,1,5,40.6144,2.6952,social,social,email,0,1
U07820,new_cold_customer,fixed,3,2,1,7,9.1625,6.0397,ad,social,ad,1,0
U07821,loyal_customer,trigger,5,2,0,7,25.2492,1.7945,email,email,social,0,1
U07822,new_cold_customer,hybrid,2,1,1,4,23.5246,2.8525,social,social,social,0,1
U07823,low_engagement,hybrid,2,0,0,2,11.1608,9.3896,ad,ad,social,0,0
U07824,price_sensitive,hybrid,1,1,0,2,0.0,7.5402,ad,ad,ad,0,1
U07825,new_cold_customer,fixed,3,1,0,4,75.4607,2.2633,social,social,social,0,1
U07826,new_cold_customer,fixed,4,2,2,8,31.7955,3.4021,social,social,social,0,1
U07827,loyal_customer,fixed,2,1,0,3,38.1316,4.6765,social,social,email,0,1
U07828,low_engagement,hybrid,2,0,0,2,62.5956,7.2866,social,social,social,0,0
U07829,loyal_customer,trigger,4,3,1,9,14.59,5.9419,social,social,social,1,0
U07830,low_engagement,hybrid,3,1,0,4,31.801,2.2966,social,social,social,0,1
U07831,loyal_customer,trigger,4,1,1,6,60.7374,1.5815,social,social,offer,0,1
U07832,new_cold_customer,hybrid,5,3,0,8,29.0303,4.9542,social,ad,social,0,1
U07833,loyal_customer,fixed,2,0,0,2,18.3177,4.3152,email,email,email,0,0
U07834,low_engagement,trigger,4,0,0,4,33.5228,9.3952,social,email,social,0,0
U07835,low_engagement,hybrid,4,0,0,4,76.2422,5.145,social,social,social,0,0
U07836,low_engagement,fixed,3,0,0,3,89.7465,2.2339,social,social,email,0,0
U07837,high_intent,trigger,4,4,2,11,31.243,1.2805,social,social,social,1,0
U07838,new_cold_customer,trigger,4,3,0,7,20.5073,5.7601,social,social,social,0,1
U07839,low_engagement,fixed,3,0,0,3,83.2525,7.9454,social,ad,social,0,0
U07840,low_engagement,fixed,3,1,0,4,32.4686,6.3235,social,social,social,0,1
U07841,new_cold_customer,fixed,4,1,0,5,48.7371,4.4167,social,social,social,0,1
U07842,new_cold_customer,trigger,3,1,0,4,63.828,2.0447,social,social,social,0,1
U07843,high_intent,trigger,8,5,3,17,15.8401,3.1722,social,social,social,1,0
U07844,low_engagement,trigger,4,3,0,7,12.7191,10.087,social,social,social,0,1
U07845,new_cold_customer,hybrid,5,1,0,6,40.3334,1.8373,social,social,social,0,1
U07846,new_cold_customer,hybrid,5,1,1,8,38.7594,3.4955,social,social,email,1,0
U07847,high_intent,fixed,6,3,2,12,17.2436,5.3815,social,social,email,1,0
U07848,loyal_customer,hybrid,2,0,0,2,144.9871,7.5922,social,social,email,0,0
U07849,new_cold_customer,fixed,3,1,0,4,48.5466,8.2948,social,social,email,0,1
U07850,new_cold_customer,trigger,2,1,0,3,59.7407,1.3397,ad,ad,email,0,1
U07851,new_cold_customer,hybrid,4,3,0,7,38.9775,4.9856,social,social,social,0,1
U07852,new_cold_customer,fixed,3,1,0,4,44.9632,4.2392,social,social,social,0,1
U07853,new_cold_customer,trigger,2,0,0,2,22.9485,4.1888,social,social,social,0,0
U07854,low_engagement,trigger,3,2,0,5,54.8534,4.2106,social,email,social,0,1
U07855,loyal_customer,fixed,6,3,1,10,16.0069,7.7217,email,social,offer,0,1
U07856,loyal_customer,fixed,4,4,0,8,23.3091,8.1988,social,social,email,0,1
U07857,low_engagement,fixed,4,1,0,5,23.4339,4.6791,social,social,social,0,1
U07858,low_engagement,trigger,3,1,0,4,50.152,8.2823,social,social,social,0,1
U07859,high_intent,fixed,7,5,3,15,16.6397,5.0973,social,email,email,0,1
U07860,low_engagement,hybrid,1,0,0,1,0.0,11.981,social,social,social,0,0
U07861,new_cold_customer,fixed,4,1,1,7,53.222,1.1947,social,social,social,1,0
U07862,new_cold_customer,hybrid,5,3,1,9,41.2844,1.0366,social,social,social,0,1
U07863,high_intent,hybrid,7,5,4,18,12.9846,3.4015,social,email,social,1,0
U07864,price_sensitive,fixed,1,0,0,1,0.0,2.6569,email,email,email,0,0
U07865,new_cold_customer,hybrid,3,1,0,4,36.8247,7.4845,social,ad,social,0,1
U07866,new_cold_customer,trigger,2,0,0,2,182.1572,7.0097,social,social,social,0,0
U07867,high_intent,fixed,8,3,3,14,11.2371,6.2592,social,social,social,0,1
U07868,new_cold_customer,hybrid,2,0,0,2,272.9837,2.8584,email,email,social,0,0
U07869,new_cold_customer,hybrid,4,2,0,6,49.3634,3.7816,social,social,social,0,1
U07870,low_engagement,trigger,3,0,0,3,110.2236,4.3737,social,social,social,0,0
U07871,price_sensitive,hybrid,2,2,0,4,58.3044,5.1087,email,email,social,0,1
U07872,new_cold_customer,fixed,4,1,0,5,37.6276,6.5855,ad,ad,ad,0,1
U07873,loyal_customer,trigger,6,4,2,12,16.5112,5.9033,social,social,ad,0,1
U07874,high_intent,hybrid,8,8,6,26,11.0918,2.7083,social,social,email,1,0
U07875,new_cold_customer,trigger,3,1,1,5,55.4476,5.4068,social,social,social,0,1
U07876,loyal_customer,hybrid,4,2,1,7,23.4305,5.3196,social,ad,social,0,1
U07877,loyal_customer,hybrid,2,0,0,2,36.2855,10.6317,email,email,social,0,0
U07878,new_cold_customer,hybrid,3,1,0,4,79.8745,2.485,ad,ad,social,0,1
U07879,new_cold_customer,trigger,5,5,0,10,26.0338,1.7885,social,social,social,0,1
U07880,low_engagement,trigger,1,0,0,1,0.0,6.4824,social,social,social,0,0
U07881,price_sensitive,hybrid,3,0,0,3,100.2167,5.5843,social,social,social,0,0
U07882,new_cold_customer,hybrid,3,2,1,6,36.7549,6.9515,social,email,social,0,1
U07883,loyal_customer,fixed,6,3,3,13,24.4154,2.4693,social,offer,social,1,0
U07884,price_sensitive,fixed,3,1,0,4,58.8727,5.2195,email,email,email,0,1
U07885,high_intent,fixed,6,4,4,17,17.0617,3.6233,social,social,social,1,0
U07886,new_cold_customer,trigger,5,3,1,9,39.2343,1.8441,social,social,social,0,1
U07887,high_intent,trigger,7,2,0,9,34.9115,2.3591,social,social,social,0,1
U07888,new_cold_customer,hybrid,3,2,1,6,46.2888,3.0889,social,social,social,0,1
U07889,new_cold_customer,trigger,4,2,0,6,37.6145,1.2408,social,social,social,0,1
U07890,high_intent,hybrid,3,3,1,8,13.1116,6.6407,email,email,email,1,0
U07891,new_cold_customer,hybrid,3,1,0,4,56.345,4.0094,social,social,social,0,1
U07892,low_engagement,fixed,3,1,0,4,74.8859,1.1554,social,social,social,0,1
U07893,new_cold_customer,trigger,2,1,1,4,62.2802,2.7109,social,ad,social,0,1
U07894,new_cold_customer,fixed,3,1,0,4,47.5589,1.226,social,social,social,0,1
U07895,loyal_customer,fixed,2,1,1,4,42.6899,7.3103,email,email,social,0,1
U07896,new_cold_customer,fixed,2,1,1,4,21.0079,10.3316,social,social,social,0,1
U07897,low_engagement,fixed,1,1,0,2,0.0,6.4728,social,social,social,0,1
U07898,low_engagement,hybrid,2,2,0,4,0.9073,7.2624,social,social,social,0,1
U07899,new_cold_customer,fixed,4,3,0,7,37.5305,1.0284,social,social,social,0,1
U07900,low_engagement,hybrid,1,0,0,1,0.0,7.0736,social,social,social,0,0
U07901,low_engagement,trigger,1,0,0,1,0.0,5.4611,social,social,social,0,0
U07902,loyal_customer,trigger,5,3,1,9,35.1785,2.8635,email,social,ad,0,1
U07903,new_cold_customer,hybrid,3,1,1,5,22.29,6.7562,social,social,social,0,1
U07904,new_cold_customer,hybrid,4,2,0,6,25.0577,8.9803,social,social,social,0,1
U07905,low_engagement,trigger,2,0,0,2,20.1762,1.3317,social,social,email,0,0
U07906,new_cold_customer,fixed,5,2,1,8,33.0986,5.3243,social,social,social,0,1
U07907,loyal_customer,fixed,4,3,1,8,41.1405,2.8852,social,social,email,0,1
U07908,low_engagement,fixed,3,1,0,4,53.2346,2.9329,social,social,social,0,1
U07909,new_cold_customer,hybrid,2,2,0,4,28.1316,2.0032,ad,ad,social,0,1
U07910,new_cold_customer,fixed,4,3,2,9,31.8173,2.0115,social,social,social,0,1
U07911,new_cold_customer,hybrid,4,2,0,6,34.651,3.4991,social,social,social,0,1
U07912,new_cold_customer,fixed,3,0,0,3,126.5324,2.0258,social,email,social,0,0
U07913,high_intent,fixed,8,7,4,20,14.7668,3.2768,social,social,email,1,0
U07914,high_intent,trigger,8,5,2,16,17.9549,1.9244,social,social,email,1,0
U07915,new_cold_customer,fixed,5,2,1,9,22.5429,5.0225,ad,ad,social,1,0
U07916,low_engagement,fixed,4,1,1,6,56.0595,2.3023,social,social,offer,0,1
U07917,high_intent,fixed,3,0,0,3,153.8266,1.0976,social,social,social,0,0
U07918,high_intent,fixed,6,5,3,14,18.2822,3.1974,social,social,email,0,1
U07919,new_cold_customer,trigger,4,2,1,8,30.8889,2.7674,social,social,ad,1,0
U07920,new_cold_customer,fixed,3,1,0,4,91.9025,1.4817,social,social,email,0,1
U07921,loyal_customer,fixed,4,0,0,4,83.7002,1.2446,social,social,email,0,0
U07922,loyal_customer,hybrid,2,1,0,3,84.218,5.6507,social,social,social,0,1
U07923,high_intent,hybrid,3,2,0,5,73.0873,2.123,email,social,email,0,1
U07924,price_sensitive,trigger,1,1,0,2,0.0,9.598,email,email,email,0,1
U07925,price_sensitive,hybrid,1,0,0,1,0.0,5.3589,email,email,email,0,0
U07926,new_cold_customer,trigger,4,1,0,5,67.6593,3.2269,social,social,social,0,1
U07927,high_intent,fixed,8,8,1,17,14.3696,4.3957,social,social,email,0,1
U07928,new_cold_customer,fixed,5,2,2,9,30.3531,1.2845,social,social,social,0,1
U07929,low_engagement,trigger,4,1,0,5,50.4735,2.845,social,social,social,0,1
U07930,new_cold_customer,hybrid,5,1,0,6,48.9904,4.7588,social,social,social,0,1
U07931,low_engagement,trigger,1,1,0,2,0.0,14.2425,email,email,email,0,1
U07932,loyal_customer,fixed,5,3,1,10,34.949,1.8379,ad,social,email,1,0
U07933,new_cold_customer,fixed,3,0,0,3,81.4603,2.3452,social,social,social,0,0
U07934,new_cold_customer,fixed,2,1,0,3,12.8592,6.1869,email,email,social,0,1
U07935,low_engagement,hybrid,4,1,0,5,52.6169,3.1511,social,social,social,0,1
U07936,low_engagement,hybrid,1,0,0,1,0.0,2.5449,social,social,social,0,0
U07937,high_intent,trigger,5,4,2,12,19.5589,1.2802,social,social,email,1,0
U07938,low_engagement,trigger,3,1,0,4,91.5186,3.0128,social,social,social,0,1
U07939,high_intent,fixed,7,6,4,18,15.7746,3.8067,social,social,social,1,0
U07940,new_cold_customer,trigger,2,0,0,2,101.067,4.8131,social,social,email,0,0
U07941,new_cold_customer,trigger,5,1,0,6,39.7043,2.6304,social,social,social,0,1
U07942,new_cold_customer,fixed,3,2,0,5,50.107,5.8848,social,social,social,0,1
U07943,loyal_customer,fixed,6,1,0,7,49.4728,2.3995,email,email,social,0,1
U07944,low_engagement,fixed,4,0,0,4,100.5765,1.2803,social,social,email,0,0
U07945,low_engagement,hybrid,3,1,1,5,9.9802,1.8702,social,social,social,0,1
U07946,new_cold_customer,trigger,2,1,1,4,21.4516,4.4434,email,social,email,0,1
U07947,new_cold_customer,hybrid,3,2,0,5,31.1699,8.2991,social,social,ad,0,1
U07948,loyal_customer,hybrid,5,1,0,6,53.2321,3.7648,email,email,social,0,1
U07949,loyal_customer,trigger,2,0,0,2,97.7337,2.0977,social,social,offer,0,0
U07950,new_cold_customer,fixed,5,2,0,7,43.2733,2.0516,social,social,social,0,1
U07951,new_cold_customer,fixed,2,1,1,4,7.3853,2.6808,ad,social,ad,0,1
U07952,new_cold_customer,trigger,3,0,0,3,23.3098,12.2903,social,social,social,0,0
U07953,loyal_customer,trigger,2,0,0,2,126.7266,1.7571,social,social,social,0,0
U07954,new_cold_customer,hybrid,4,1,0,5,27.4419,6.8238,social,social,email,0,1
U07955,low_engagement,trigger,2,0,0,2,42.8888,2.8275,social,social,email,0,0
U07956,low_engagement,hybrid,1,1,0,2,0.0,12.8641,social,social,social,0,1
U07957,low_engagement,fixed,1,0,0,1,0.0,3.1613,social,social,social,0,0
U07958,new_cold_customer,trigger,2,1,0,3,41.7403,5.783,social,email,social,0,1
U07959,new_cold_customer,hybrid,5,2,0,7,27.0942,2.1208,social,ad,ad,0,1
U07960,loyal_customer,fixed,6,2,0,8,15.3273,3.2489,social,email,social,0,1
U07961,new_cold_customer,trigger,5,1,0,6,36.7013,3.6682,social,social,ad,0,1
U07962,loyal_customer,trigger,5,1,0,6,20.6325,4.7834,social,email,social,0,1
U07963,new_cold_customer,hybrid,2,0,0,2,123.4245,1.7048,social,social,social,0,0
U07964,new_cold_customer,trigger,3,2,0,5,46.3753,6.2966,social,email,social,0,1
U07965,new_cold_customer,hybrid,2,1,1,4,80.2915,2.4831,ad,ad,social,0,1
U07966,loyal_customer,hybrid,3,0,0,3,56.804,5.4947,social,email,social,0,0
U07967,low_engagement,trigger,3,1,0,4,94.2291,2.3078,social,social,offer,0,1
U07968,new_cold_customer,trigger,5,3,1,9,30.5758,2.3724,social,social,social,0,1
U07969,new_cold_customer,fixed,2,0,0,2,52.9677,9.1209,social,social,social,0,0
U07970,loyal_customer,fixed,2,2,0,4,25.5229,10.3306,social,social,social,0,1
U07971,new_cold_customer,trigger,2,1,1,4,16.4826,7.7265,social,email,social,0,1
U07972,low_engagement,fixed,1,1,0,2,0.0,9.0295,social,social,social,0,1
U07973,low_engagement,hybrid,2,1,0,3,65.2059,6.1177,social,email,social,0,1
U07974,new_cold_customer,trigger,2,2,0,4,20.0914,8.3582,ad,ad,social,0,1
U07975,low_engagement,fixed,2,0,0,2,79.1849,3.1895,ad,ad,social,0,0
U07976,loyal_customer,fixed,5,2,0,7,34.4371,4.7317,social,email,ad,0,1
U07977,high_intent,fixed,6,5,3,14,15.9324,6.0904,social,social,email,0,1
U07978,loyal_customer,fixed,4,2,1,7,14.5584,2.7733,social,social,social,0,1
U07979,loyal_customer,fixed,2,0,0,2,83.4447,3.8568,email,email,social,0,0
U07980,low_engagement,trigger,3,0,0,3,123.4439,2.2019,social,social,social,0,0
U07981,low_engagement,trigger,3,0,0,3,100.0641,5.0631,social,social,email,0,0
U07982,loyal_customer,fixed,5,0,0,5,80.3382,1.17,social,ad,social,0,0
U07983,loyal_customer,fixed,2,1,0,3,151.0178,1.2641,email,social,email,0,1
U07984,new_cold_customer,trigger,3,0,0,3,59.4114,6.0601,social,social,social,0,0
U07985,loyal_customer,fixed,2,1,0,3,5.0619,4.673,social,social,social,0,1
U07986,low_engagement,hybrid,4,2,0,6,54.2332,1.5783,social,social,social,0,1
U07987,new_cold_customer,trigger,4,2,1,7,16.4082,7.5317,social,social,ad,0,1
U07988,loyal_customer,fixed,5,1,0,6,21.22,3.8585,email,social,email,0,1
U07989,low_engagement,hybrid,4,0,0,4,100.7539,1.2902,social,social,social,0,0
U07990,low_engagement,fixed,4,0,0,4,37.0733,7.1589,social,social,social,0,0
U07991,high_intent,hybrid,7,7,2,16,18.635,3.1929,social,social,email,0,1
U07992,low_engagement,hybrid,4,1,0,5,58.211,3.4251,social,ad,social,0,1
U07993,new_cold_customer,fixed,4,1,0,5,37.4414,5.3542,email,email,ad,0,1
U07994,new_cold_customer,hybrid,2,1,1,5,53.0708,6.148,email,email,social,1,0
U07995,new_cold_customer,hybrid,5,2,0,7,41.0233,3.3516,social,social,social,0,1
U07996,new_cold_customer,fixed,4,3,0,7,32.3592,4.2809,social,email,email,0,1
U07997,price_sensitive,trigger,2,0,0,2,33.9371,9.2565,social,social,social,0,0
U07998,loyal_customer,fixed,6,5,3,15,17.8668,3.2335,social,email,email,1,0
U07999,low_engagement,hybrid,3,3,2,8,19.762,6.0843,email,social,email,0,1
U08000,low_engagement,trigger,2,1,0,3,18.5023,12.4081,ad,email,ad,0,1
U08001,loyal_customer,fixed,3,1,0,4,90.1357,1.9643,email,email,social,0,1
U08002,price_sensitive,fixed,3,1,0,4,63.4323,6.338,ad,ad,social,0,1
U08003,low_engagement,hybrid,3,0,0,3,48.1548,2.0648,social,social,social,0,0
U08004,low_engagement,trigger,4,2,0,6,43.9644,4.4635,social,social,social,0,1
U08005,new_cold_customer,hybrid,2,0,0,2,22.1061,1.9729,social,social,social,0,0
U08006,low_engagement,fixed,2,1,0,3,26.8185,5.7867,email,social,email,0,1
U08007,low_engagement,trigger,2,0,0,2,0.534,4.7324,social,social,social,0,0
U08008,new_cold_customer,hybrid,3,2,1,6,30.7331,1.5011,social,social,social,0,1
U08009,new_cold_customer,fixed,2,0,0,2,96.6945,9.5193,social,social,social,0,0
U08010,price_sensitive,hybrid,1,0,0,1,0.0,11.5769,email,email,email,0,0
U08011,low_engagement,fixed,1,1,0,2,0.0,11.1365,social,social,social,0,1
U08012,price_sensitive,fixed,3,1,0,4,66.1168,3.5991,offer,offer,email,0,1
U08013,new_cold_customer,trigger,4,1,0,5,30.3139,2.9137,social,ad,social,0,1
U08014,new_cold_customer,fixed,5,4,0,9,22.693,6.4257,social,social,social,0,1
U08015,low_engagement,trigger,2,0,0,2,223.0698,3.1945,social,social,social,0,0
U08016,low_engagement,hybrid,1,1,0,2,0.0,9.6814,social,social,social,0,1
U08017,low_engagement,trigger,2,2,1,5,15.1503,4.4912,social,social,social,0,1
U08018,new_cold_customer,hybrid,5,1,0,6,58.7701,1.3566,social,social,email,0,1
U08019,low_engagement,trigger,1,1,0,2,0.0,3.8389,social,social,social,0,1
U08020,loyal_customer,fixed,4,2,2,8,29.4424,6.1577,social,social,email,0,1
U08021,low_engagement,fixed,1,0,0,1,0.0,7.19,social,social,social,0,0
U08022,loyal_customer,fixed,4,0,0,4,82.0241,2.0916,email,offer,email,0,0
U08023,new_cold_customer,hybrid,5,3,1,9,39.6686,1.6083,social,social,social,0,1
U08024,new_cold_customer,fixed,5,2,0,7,32.8702,1.0495,social,social,social,0,1
U08025,new_cold_customer,trigger,2,0,0,2,272.1986,3.3899,social,social,social,0,0
U08026,loyal_customer,trigger,6,1,1,8,29.3304,2.4095,social,social,email,0,1
U08027,high_intent,trigger,4,3,1,8,38.0267,2.0713,social,social,social,0,1
U08028,low_engagement,hybrid,1,1,0,2,0.0,5.5916,ad,ad,ad,0,1
U08029,new_cold_customer,fixed,3,2,0,5,27.0926,7.908,social,email,social,0,1
U08030,low_engagement,hybrid,2,0,0,2,189.6427,2.9831,email,email,social,0,0
U08031,loyal_customer,fixed,3,1,1,5,31.4251,3.5799,social,social,social,0,1
U08032,new_cold_customer,trigger,5,0,0,5,42.0573,5.4,social,social,social,0,0
U08033,new_cold_customer,trigger,2,1,0,3,27.067,1.3239,ad,ad,ad,0,1
U08034,new_cold_customer,trigger,4,2,1,7,32.1783,4.9632,social,social,social,0,1
U08035,new_cold_customer,hybrid,4,0,0,4,37.8641,4.7577,social,social,social,0,0
U08036,price_sensitive,trigger,1,0,0,1,0.0,11.0885,email,email,email,0,0
U08037,new_cold_customer,hybrid,3,1,1,6,27.5419,6.7561,email,social,email,1,0
U08038,high_intent,fixed,7,6,4,20,15.0396,1.1668,email,email,social,1,0
U08039,low_engagement,fixed,4,1,0,5,45.0822,1.3859,social,social,ad,0,1
U08040,new_cold_customer,trigger,3,2,0,5,68.4708,2.8709,social,social,social,0,1
U08041,low_engagement,hybrid,3,1,0,4,76.9144,2.9643,social,ad,social,0,1
U08042,new_cold_customer,hybrid,2,1,0,3,98.6646,1.98,social,social,social,0,1
U08043,new_cold_customer,trigger,3,0,0,3,100.6254,1.2688,social,social,social,0,0
U08044,high_intent,hybrid,4,4,2,12,23.8846,1.4444,social,social,social,1,0
U08045,price_sensitive,hybrid,3,0,0,3,22.6553,1.3754,social,offer,social,0,0
U08046,low_engagement,trigger,3,0,0,3,49.94,1.2535,social,social,social,0,0
U08047,low_engagement,fixed,1,1,0,2,0.0,11.3764,social,social,social,0,1
U08048,new_cold_customer,trigger,4,1,0,5,56.8555,3.6398,social,social,social,0,1
U08049,loyal_customer,hybrid,5,4,1,10,28.4268,2.1983,social,social,social,0,1
U08050,loyal_customer,trigger,5,2,2,11,21.9759,4.3451,social,social,email,1,0
U08051,low_engagement,fixed,1,1,0,2,0.0,3.5977,social,social,social,0,1
U08052,high_intent,hybrid,7,5,2,14,20.6975,1.0334,social,social,email,0,1
U08053,low_engagement,hybrid,2,2,0,4,57.1917,6.0762,social,social,email,0,1
U08054,new_cold_customer,trigger,5,2,0,7,44.5819,2.3688,social,social,email,0,1
U08055,loyal_customer,trigger,3,2,1,7,10.9355,2.917,social,social,social,1,0
U08056,new_cold_customer,trigger,4,0,0,4,51.7815,2.6829,social,social,social,0,0
U08057,new_cold_customer,trigger,3,0,0,3,78.4855,2.9433,social,social,social,0,0
U08058,price_sensitive,hybrid,2,0,0,2,39.4245,5.3649,email,email,email,0,0
U08059,low_engagement,fixed,3,1,0,4,59.4509,2.7648,social,social,social,0,1
U08060,loyal_customer,hybrid,3,3,0,6,48.2738,2.9191,social,social,social,0,1
U08061,low_engagement,hybrid,4,0,0,4,46.5072,5.6561,social,social,email,0,0
U08062,new_cold_customer,hybrid,5,4,1,10,34.723,1.322,social,social,social,0,1
U08063,loyal_customer,trigger,5,1,1,8,43.5025,1.8511,offer,offer,social,1,0
U08064,new_cold_customer,fixed,3,1,0,4,16.8331,5.0707,social,social,social,0,1
U08065,new_cold_customer,hybrid,3,2,1,6,23.8321,2.5584,social,social,social,0,1
U08066,low_engagement,hybrid,4,1,1,7,31.9566,5.23,social,social,email,1,0
U08067,low_engagement,fixed,4,2,0,6,16.7356,1.1415,social,social,social,0,1
U08068,low_engagement,hybrid,2,2,1,5,37.559,7.9699,email,email,social,0,1
U08069,price_sensitive,trigger,2,0,0,2,195.717,5.2794,ad,ad,ad,0,0
U08070,new_cold_customer,fixed,2,0,0,2,63.8502,2.9833,email,email,email,0,0
U08071,loyal_customer,fixed,3,2,1,6,45.4212,5.2567,email,social,email,0,1
U08072,low_engagement,fixed,2,1,0,3,55.7478,10.0032,social,social,social,0,1
U08073,low_engagement,fixed,4,2,0,6,58.8709,1.511,social,social,social,0,1
U08074,loyal_customer,trigger,6,4,2,13,20.6902,1.6324,social,social,social,1,0
U08075,new_cold_customer,trigger,2,1,1,4,36.411,7.5596,social,social,social,0,1
U08076,new_cold_customer,hybrid,5,3,0,8,22.8779,6.1707,social,social,social,0,1
U08077,low_engagement,trigger,1,0,0,1,0.0,4.0782,social,social,social,0,0
U08078,new_cold_customer,fixed,2,2,2,6,4.611,13.902,social,social,offer,0,1
U08079,new_cold_customer,hybrid,5,2,1,8,5.0373,8.2658,social,ad,social,0,1
U08080,loyal_customer,trigger,6,2,1,9,30.9726,3.0518,social,email,social,0,1
U08081,price_sensitive,fixed,3,2,0,5,66.3534,1.9469,social,social,social,0,1
U08082,low_engagement,trigger,3,0,0,3,82.4096,7.0785,social,social,social,0,0
U08083,new_cold_customer,fixed,4,1,0,5,72.8967,1.5327,social,social,social,0,1
U08084,low_engagement,hybrid,1,1,0,2,0.0,11.2866,social,social,social,0,1
U08085,loyal_customer,fixed,3,2,0,5,42.0792,3.3719,social,ad,social,0,1
U08086,new_cold_customer,trigger,2,1,0,3,131.6331,1.4697,social,social,social,0,1
U08087,low_engagement,trigger,1,0,0,1,0.0,14.4497,social,social,social,0,0
U08088,loyal_customer,trigger,3,1,0,4,95.893,1.8587,social,social,offer,0,1
U08089,low_engagement,trigger,2,0,0,2,69.2985,7.3364,social,social,social,0,0
U08090,low_engagement,fixed,3,0,0,3,130.0532,1.3308,email,email,email,0,0
U08091,new_cold_customer,trigger,2,1,1,4,25.982,11.2625,social,social,social,0,1
U08092,low_engagement,fixed,1,1,0,2,0.0,1.5274,social,social,social,0,1
U08093,low_engagement,fixed,1,0,0,1,0.0,12.0981,social,social,social,0,0
U08094,low_engagement,fixed,2,1,0,3,22.3994,9.8181,ad,social,ad,0,1
U08095,new_cold_customer,hybrid,4,3,2,9,35.3403,2.4141,social,ad,social,0,1
U08096,new_cold_customer,hybrid,4,2,1,7,32.8204,3.9553,social,social,social,0,1
U08097,new_cold_customer,hybrid,5,2,0,7,40.8901,1.113,social,social,social,0,1
U08098,new_cold_customer,trigger,4,1,0,5,39.4422,3.6812,social,social,social,0,1
U08099,new_cold_customer,trigger,3,1,0,4,80.3679,2.0756,social,social,email,0,1
U08100,price_sensitive,trigger,2,1,0,3,56.7813,9.8916,email,email,email,0,1
U08101,price_sensitive,hybrid,1,0,0,1,0.0,9.0298,ad,ad,ad,0,0
U08102,new_cold_customer,fixed,5,4,0,9,33.4226,3.8279,social,social,social,0,1
U08103,high_intent,fixed,6,5,2,14,18.3652,1.4597,social,email,social,1,0
U08104,loyal_customer,trigger,3,0,0,3,9.1287,12.5124,social,social,email,0,0
U08105,new_cold_customer,hybrid,3,1,1,5,40.519,4.4968,social,social,social,0,1
U08106,new_cold_customer,trigger,5,2,0,7,47.0057,2.5499,social,email,social,0,1
U08107,loyal_customer,fixed,4,1,0,5,26.4159,5.5951,email,email,ad,0,1
U08108,loyal_customer,trigger,2,1,0,3,60.343,4.8318,email,social,email,0,1
U08109,new_cold_customer,trigger,4,1,0,5,46.3786,2.264,social,social,social,0,1
U08110,high_intent,trigger,5,4,1,10,29.0884,2.7128,email,social,email,0,1
U08111,low_engagement,trigger,4,0,0,4,40.7942,6.826,social,email,social,0,0
U08112,new_cold_customer,trigger,5,0,0,5,67.657,1.8244,social,social,email,0,0
U08113,low_engagement,fixed,3,0,0,3,49.4107,4.9443,social,social,social,0,0
U08114,low_engagement,hybrid,4,1,0,5,16.9949,6.1367,social,social,social,0,1
U08115,loyal_customer,trigger,4,2,1,8,30.996,2.8805,social,social,social,1,0
U08116,price_sensitive,trigger,1,0,0,1,0.0,9.6501,social,social,social,0,0
U08117,new_cold_customer,fixed,4,2,1,7,41.6867,4.2047,email,email,ad,0,1
U08118,new_cold_customer,fixed,2,2,0,4,27.4254,6.588,social,social,social,0,1
U08119,new_cold_customer,trigger,3,2,1,6,5.6699,9.1494,social,social,social,0,1
U08120,loyal_customer,fixed,4,3,1,8,38.3549,3.4525,social,ad,ad,0,1
U08121,low_engagement,trigger,3,0,0,3,119.6347,4.1388,ad,ad,social,0,0
U08122,new_cold_customer,hybrid,3,1,0,4,84.2871,2.577,ad,ad,social,0,1
U08123,new_cold_customer,fixed,3,1,0,4,35.1416,7.0703,social,social,social,0,1
U08124,low_engagement,fixed,3,2,1,6,45.2143,4.1234,email,email,email,0,1
U08125,low_engagement,hybrid,3,1,1,5,40.8818,2.6229,ad,social,email,0,1
U08126,new_cold_customer,hybrid,3,0,0,3,122.4685,1.1946,social,social,ad,0,0
U08127,new_cold_customer,fixed,3,0,0,3,52.4049,6.2569,social,social,social,0,0
U08128,loyal_customer,fixed,2,0,0,2,10.0483,14.509,social,social,social,0,0
U08129,new_cold_customer,fixed,5,0,0,5,57.7284,1.9039,social,social,social,0,0
U08130,loyal_customer,hybrid,2,1,0,3,62.3051,8.076,offer,social,offer,0,1
U08131,low_engagement,trigger,1,1,0,2,0.0,7.8707,ad,ad,ad,0,1
U08132,loyal_customer,fixed,3,2,1,6,23.7655,3.4901,social,social,social,0,1
U08133,new_cold_customer,hybrid,2,0,0,2,150.4605,1.7991,social,social,social,0,0
U08134,new_cold_customer,hybrid,3,1,1,5,36.154,1.6834,social,ad,social,0,1
U08135,low_engagement,hybrid,2,1,0,3,95.4537,1.0197,social,social,social,0,1
U08136,new_cold_customer,trigger,3,2,1,7,37.9525,4.8464,ad,email,ad,1,0
U08137,new_cold_customer,hybrid,5,1,0,6,52.9704,2.7099,social,social,social,0,1
U08138,loyal_customer,hybrid,3,1,1,5,41.484,6.2965,social,social,social,0,1
U08139,new_cold_customer,hybrid,4,3,1,8,20.8,5.9863,social,email,ad,0,1
U08140,loyal_customer,hybrid,3,0,0,3,141.5703,2.8843,social,social,social,0,0
U08141,new_cold_customer,hybrid,3,1,0,4,30.2307,1.2146,social,social,social,0,1
U08142,low_engagement,hybrid,4,2,0,6,35.7162,4.9751,ad,ad,ad,0,1
U08143,new_cold_customer,fixed,4,1,1,6,37.6649,2.3294,social,social,social,0,1
U08144,high_intent,trigger,6,4,1,11,27.8121,2.032,social,email,email,0,1
U08145,loyal_customer,fixed,3,2,0,5,22.0512,10.368,social,social,social,0,1
U08146,low_engagement,trigger,4,0,0,4,79.9257,4.2155,email,email,email,0,0
U08147,low_engagement,fixed,2,0,0,2,168.0174,6.1076,social,social,email,0,0
U08148,loyal_customer,trigger,6,2,1,9,31.5055,2.8048,social,social,email,0,1
U08149,new_cold_customer,hybrid,3,1,0,4,55.1445,5.9485,social,social,email,0,1
U08150,price_sensitive,hybrid,2,1,0,3,71.4667,4.0913,social,social,email,0,1
U08151,loyal_customer,trigger,6,2,1,9,25.6573,4.1538,social,social,social,0,1
U08152,new_cold_customer,fixed,3,1,0,4,44.9723,3.7074,social,social,email,0,1
U08153,loyal_customer,hybrid,3,0,0,3,86.9382,4.0855,social,social,social,0,0
U08154,high_intent,trigger,8,3,1,13,23.2214,1.007,social,social,email,1,0
U08155,new_cold_customer,hybrid,2,1,0,3,104.3896,5.3733,social,social,social,0,1
U08156,new_cold_customer,trigger,2,1,0,3,30.1608,7.8748,social,social,social,0,1
U08157,new_cold_customer,fixed,4,1,0,5,68.0148,2.2285,social,social,social,0,1
U08158,low_engagement,hybrid,4,1,0,5,49.8842,3.8245,social,social,social,0,1
U08159,loyal_customer,trigger,3,2,1,6,20.654,6.2687,social,social,ad,0,1
U08160,low_engagement,hybrid,3,1,0,4,61.9309,6.8531,social,social,social,0,1
U08161,new_cold_customer,trigger,4,3,0,7,34.1362,1.4939,social,social,social,0,1
U08162,loyal_customer,trigger,6,4,3,14,15.5684,5.9924,social,social,social,1,0
U08163,loyal_customer,trigger,4,3,0,7,44.0994,3.3618,social,social,social,0,1
U08164,new_cold_customer,hybrid,2,1,0,3,11.2131,14.0294,email,email,social,0,1
U08165,price_sensitive,fixed,2,0,0,2,54.3902,4.1559,social,social,social,0,0
U08166,new_cold_customer,hybrid,4,2,1,7,49.5183,2.3967,social,social,social,0,1
U08167,new_cold_customer,hybrid,2,1,1,4,17.7356,8.4324,social,social,social,0,1
U08168,new_cold_customer,hybrid,2,2,0,4,33.1932,6.298,social,social,social,0,1
U08169,low_engagement,fixed,3,1,0,4,68.0863,3.2641,ad,ad,social,0,1
U08170,low_engagement,fixed,2,2,1,5,2.5396,9.655,social,social,email,0,1
U08171,low_engagement,fixed,2,0,0,2,144.4367,3.1812,social,social,social,0,0
U08172,price_sensitive,hybrid,2,2,0,4,36.8742,8.3592,offer,offer,offer,0,1
U08173,loyal_customer,trigger,5,2,1,9,18.7772,6.7301,social,offer,email,1,0
U08174,low_engagement,hybrid,2,0,0,2,161.6545,4.7134,social,social,social,0,0
U08175,new_cold_customer,hybrid,3,1,1,5,32.4794,3.9049,social,social,email,0,1
U08176,low_engagement,hybrid,3,1,0,4,6.9129,4.5783,social,email,social,0,1
U08177,high_intent,hybrid,6,4,2,14,23.5524,1.2736,social,social,social,1,0
U08178,loyal_customer,hybrid,3,1,1,5,42.0776,1.3654,email,email,email,0,1
U08179,loyal_customer,trigger,3,3,1,7,40.3746,1.2692,email,email,social,0,1
U08180,loyal_customer,hybrid,5,3,1,9,29.5856,4.2457,social,social,email,0,1
U08181,low_engagement,trigger,1,0,0,1,0.0,9.0908,social,social,social,0,0
U08182,new_cold_customer,hybrid,2,0,0,2,100.3401,4.4199,social,social,social,0,0
U08183,price_sensitive,trigger,1,0,0,1,0.0,5.9681,social,social,social,0,0
U08184,loyal_customer,hybrid,4,3,2,9,34.5458,2.3246,social,social,social,0,1
U08185,price_sensitive,fixed,3,1,0,4,20.4904,10.0696,social,social,social,0,1
U08186,new_cold_customer,hybrid,4,1,1,6,25.1857,2.9289,social,offer,social,0,1
U08187,low_engagement,trigger,2,0,0,2,0.9363,12.4693,social,social,social,0,0
U08188,price_sensitive,fixed,1,0,0,1,0.0,14.2049,ad,ad,ad,0,0
U08189,price_sensitive,fixed,1,1,0,2,0.0,7.2604,offer,offer,offer,0,1
U08190,new_cold_customer,hybrid,4,2,2,8,26.6411,5.0248,social,social,social,0,1
U08191,new_cold_customer,trigger,3,0,0,3,36.0364,6.7748,email,email,social,0,0
U08192,new_cold_customer,trigger,4,1,0,5,68.5091,2.4916,social,social,social,0,1
U08193,new_cold_customer,hybrid,5,1,0,6,51.1212,4.3373,social,social,social,0,1
U08194,high_intent,fixed,3,3,3,11,23.865,4.5162,email,email,email,1,0
U08195,low_engagement,hybrid,2,2,0,4,20.3391,4.3743,social,social,social,0,1
U08196,new_cold_customer,trigger,4,2,0,6,38.9027,5.3956,social,social,social,0,1
U08197,loyal_customer,fixed,6,2,0,8,37.1347,1.3045,social,ad,social,0,1
U08198,price_sensitive,trigger,2,0,0,2,58.26,8.1527,offer,offer,email,0,0
U08199,new_cold_customer,hybrid,2,0,0,2,277.9646,1.0907,social,social,social,0,0
U08200,new_cold_customer,hybrid,3,1,0,4,14.9339,11.4294,social,social,social,0,1
U08201,loyal_customer,trigger,3,2,1,6,15.7348,3.8928,social,social,social,0,1
U08202,price_sensitive,trigger,3,0,0,3,144.9426,2.6224,social,social,social,0,0
U08203,loyal_customer,hybrid,5,1,0,6,50.651,3.1242,social,social,social,0,1
U08204,loyal_customer,hybrid,5,2,0,7,47.7415,1.2791,social,email,social,0,1
U08205,loyal_customer,hybrid,4,3,1,9,39.2085,1.319,social,social,social,1,0
U08206,price_sensitive,fixed,3,1,0,4,73.6844,1.5808,social,social,ad,0,1
U08207,new_cold_customer,fixed,5,2,2,9,36.7893,1.3231,social,social,social,0,1
U08208,low_engagement,fixed,1,1,0,2,0.0,14.5445,social,social,social,0,1
U08209,new_cold_customer,hybrid,2,0,0,2,183.5866,5.7747,ad,ad,social,0,0
U08210,loyal_customer,fixed,6,2,1,9,37.9581,1.5046,email,email,social,0,1
U08211,low_engagement,trigger,3,1,0,4,30.6323,5.8422,social,social,social,0,1
U08212,new_cold_customer,fixed,3,1,0,4,16.5014,7.5131,email,offer,social,0,1
U08213,high_intent,trigger,7,4,3,15,20.2246,1.0502,email,email,social,1,0
U08214,high_intent,hybrid,4,2,1,7,37.7102,1.9904,social,social,social,0,1
U08215,high_intent,trigger,8,7,0,15,18.5657,1.6877,social,social,social,0,1
U08216,new_cold_customer,trigger,5,2,1,8,41.1829,2.2128,social,social,social,0,1
U08217,low_engagement,fixed,4,0,0,4,67.574,3.9177,social,social,ad,0,0
U08218,loyal_customer,hybrid,6,4,2,12,17.0691,5.0283,social,social,social,0,1
U08219,price_sensitive,hybrid,3,1,0,4,73.5439,1.9178,ad,email,ad,0,1
U08220,loyal_customer,trigger,6,2,0,8,33.9617,3.1801,social,social,email,0,1
U08221,low_engagement,trigger,1,1,0,2,0.0,4.2226,social,social,social,0,1
U08222,low_engagement,hybrid,3,2,0,5,33.5911,3.2892,social,social,social,0,1
U08223,high_intent,hybrid,5,3,1,10,33.2307,1.4972,email,email,social,1,0
U08224,new_cold_customer,trigger,5,1,0,6,37.427,6.6283,social,social,social,0,1
U08225,new_cold_customer,fixed,3,2,0,5,12.1509,7.7571,social,social,social,0,1
U08226,loyal_customer,fixed,6,4,2,13,21.0818,1.2895,social,email,social,1,0
U08227,new_cold_customer,hybrid,3,1,0,4,9.8575,1.5378,social,social,social,0,1
U08228,loyal_customer,trigger,2,0,0,2,271.8963,1.118,email,email,social,0,0
U08229,loyal_customer,hybrid,6,5,2,14,9.6599,8.0867,social,social,social,1,0
U08230,low_engagement,hybrid,4,1,0,5,56.319,5.5807,social,social,social,0,1
U08231,low_engagement,hybrid,2,0,0,2,31.3006,9.1269,social,social,email,0,0
U08232,low_engagement,fixed,3,1,0,4,86.7601,1.3877,social,social,email,0,1
U08233,low_engagement,fixed,1,0,0,1,0.0,6.3803,social,social,social,0,0
U08234,loyal_customer,fixed,5,2,2,9,24.9585,3.7173,email,ad,social,0,1
U08235,new_cold_customer,trigger,5,3,2,10,32.5584,2.0318,social,email,social,0,1
U08236,new_cold_customer,hybrid,5,3,0,8,31.318,4.8001,social,social,social,0,1
U08237,price_sensitive,fixed,1,0,0,1,0.0,9.7561,email,email,email,0,0
U08238,high_intent,fixed,7,7,2,16,19.4485,2.1367,social,email,social,0,1
U08239,new_cold_customer,fixed,4,2,0,6,34.2162,4.7934,social,social,social,0,1
U08240,low_engagement,trigger,3,0,0,3,139.7288,2.9938,social,social,social,0,0
U08241,new_cold_customer,fixed,2,1,0,3,83.8914,1.8587,social,social,social,0,1
U08242,high_intent,hybrid,6,4,2,13,19.6661,1.2005,social,social,social,1,0
U08243,new_cold_customer,fixed,4,2,2,8,35.3806,3.8259,social,social,social,0,1
U08244,price_sensitive,trigger,2,1,0,3,36.2784,8.6428,social,social,social,0,1
U08245,price_sensitive,fixed,2,0,0,2,218.6279,3.3092,social,social,social,0,0
U08246,high_intent,fixed,3,3,1,7,44.8057,2.5487,email,email,email,0,1
U08247,low_engagement,trigger,3,0,0,3,68.0046,1.1735,social,social,email,0,0
U08248,new_cold_customer,hybrid,4,2,0,6,58.7623,2.5907,social,social,social,0,1
U08249,loyal_customer,hybrid,5,1,0,6,27.0276,2.1569,email,offer,email,0,1
U08250,loyal_customer,fixed,2,1,0,3,12.5891,8.6716,social,email,social,0,1
U08251,loyal_customer,trigger,6,4,0,10,28.853,4.0342,email,email,email,0,1
U08252,new_cold_customer,hybrid,5,1,0,6,52.7006,1.9397,social,social,social,0,1
U08253,loyal_customer,fixed,6,4,1,11,27.5404,3.4127,social,social,email,0,1
U08254,low_engagement,trigger,3,2,1,6,53.1196,1.5778,social,offer,social,0,1
U08255,price_sensitive,fixed,3,2,0,5,28.6461,4.4769,social,offer,email,0,1
U08256,low_engagement,hybrid,4,2,0,6,49.5888,3.0033,social,ad,social,0,1
U08257,price_sensitive,fixed,2,0,0,2,90.5518,4.7754,social,social,email,0,0
U08258,low_engagement,trigger,1,1,0,2,0.0,8.2011,social,social,social,0,1
U08259,high_intent,hybrid,3,3,2,8,13.0581,6.2308,email,social,email,0,1
U08260,high_intent,hybrid,8,5,3,18,18.6748,1.307,social,social,social,1,0
U08261,high_intent,fixed,5,4,2,12,18.1421,5.0762,email,email,social,1,0
U08262,high_intent,fixed,7,5,2,14,24.5247,1.4888,social,social,social,0,1
U08263,new_cold_customer,fixed,3,2,0,5,45.9642,3.5272,social,social,social,0,1
U08264,low_engagement,fixed,3,1,0,4,31.8573,8.0042,email,offer,email,0,1
U08265,high_intent,fixed,8,6,5,23,11.1612,2.5049,social,social,social,1,0
U08266,low_engagement,fixed,2,1,0,3,94.8995,5.5789,social,social,social,0,1
U08267,price_sensitive,fixed,1,0,0,1,0.0,9.0023,offer,offer,offer,0,0
U08268,loyal_customer,fixed,2,1,0,3,37.4007,8.8897,social,email,social,0,1
U08269,loyal_customer,fixed,2,1,1,4,39.9876,8.9254,social,social,social,0,1
U08270,new_cold_customer,trigger,3,2,1,6,41.2094,2.97,social,social,ad,0,1
U08271,price_sensitive,trigger,1,0,0,1,0.0,10.8592,email,email,email,0,0
U08272,loyal_customer,fixed,3,2,0,5,14.5926,11.9961,social,social,social,0,1
U08273,low_engagement,fixed,2,1,1,4,69.6126,1.005,social,social,social,0,1
U08274,high_intent,fixed,4,3,2,9,32.7953,1.8141,offer,offer,email,0,1
U08275,loyal_customer,fixed,2,2,1,6,23.0668,3.0647,social,social,email,1,0
U08276,low_engagement,hybrid,2,2,1,5,57.5287,3.9786,email,email,social,0,1
U08277,high_intent,hybrid,5,5,2,13,14.4828,6.9446,email,social,social,1,0
U08278,high_intent,fixed,3,2,0,5,14.1573,3.1854,social,social,email,0,1
U08279,price_sensitive,fixed,2,1,1,4,43.0322,3.3677,social,social,email,0,1
U08280,new_cold_customer,fixed,4,3,1,8,38.4153,3.4074,social,social,social,0,1
U08281,new_cold_customer,hybrid,2,1,0,3,51.7965,8.459,social,social,social,0,1
U08282,low_engagement,fixed,4,0,0,4,81.9304,4.7497,social,email,ad,0,0
U08283,high_intent,hybrid,5,4,3,14,20.1651,2.6775,social,email,social,1,0
U08284,loyal_customer,trigger,2,1,1,5,12.1898,4.5998,email,email,social,1,0
U08285,new_cold_customer,trigger,4,2,1,7,18.6192,10.1281,social,social,email,0,1
U08286,low_engagement,hybrid,4,1,0,5,60.8629,2.8602,social,email,social,0,1
U08287,high_intent,hybrid,7,5,2,15,21.9315,1.0424,email,social,social,1,0
U08288,new_cold_customer,trigger,4,3,2,10,31.1304,1.5093,social,social,social,1,0
U08289,new_cold_customer,fixed,5,1,1,7,48.6453,1.0443,social,social,social,0,1
U08290,low_engagement,trigger,1,0,0,1,0.0,8.9283,social,social,social,0,0
U08291,new_cold_customer,fixed,3,2,0,5,22.8456,2.5635,social,social,social,0,1
U08292,loyal_customer,hybrid,5,2,2,9,27.379,2.1286,social,social,email,0,1
U08293,new_cold_customer,hybrid,2,0,0,2,203.7957,1.4856,social,social,social,0,0
U08294,new_cold_customer,trigger,5,3,1,10,19.5543,6.6943,social,social,social,1,0
U08295,new_cold_customer,fixed,5,4,1,10,27.4522,1.3771,social,social,social,0,1
U08296,new_cold_customer,hybrid,3,1,0,4,42.8295,1.0024,social,social,social,0,1
U08297,new_cold_customer,hybrid,4,1,0,5,55.2939,4.0646,social,social,social,0,1
U08298,low_engagement,fixed,2,1,0,3,10.5522,12.8013,social,social,ad,0,1
U08299,new_cold_customer,fixed,4,3,1,8,27.3955,4.7199,social,social,social,0,1
U08300,high_intent,trigger,6,5,3,16,17.8774,1.7793,social,social,social,1,0
U08301,high_intent,fixed,3,3,1,7,44.9456,2.1457,social,social,email,0,1
U08302,high_intent,trigger,5,1,0,6,30.0906,8.2039,social,social,social,0,1
U08303,loyal_customer,fixed,3,1,1,5,51.2635,3.8248,social,social,social,0,1
U08304,high_intent,trigger,5,3,3,12,22.7489,3.2463,social,social,email,1,0
U08305,low_engagement,hybrid,1,0,0,1,0.0,7.4855,social,social,social,0,0
U08306,new_cold_customer,trigger,5,1,0,6,51.9406,2.3907,social,social,social,0,1
U08307,low_engagement,trigger,3,1,0,4,57.3985,3.976,social,social,social,0,1
U08308,low_engagement,trigger,2,0,0,2,146.7374,5.2096,social,social,email,0,0
U08309,low_engagement,trigger,3,1,0,4,31.1663,10.1441,social,social,social,0,1
U08310,low_engagement,trigger,2,1,0,3,56.6294,9.7929,social,social,social,0,1
U08311,new_cold_customer,fixed,2,2,2,6,40.7832,3.0539,social,social,social,0,1
U08312,price_sensitive,trigger,3,0,0,3,75.961,8.541,email,email,email,0,0
U08313,new_cold_customer,fixed,2,0,0,2,272.1743,1.392,social,social,ad,0,0
U08314,new_cold_customer,fixed,5,1,0,6,53.6445,2.1668,social,social,social,0,1
U08315,new_cold_customer,fixed,5,1,0,6,53.1622,2.1705,social,social,ad,0,1
U08316,low_engagement,fixed,2,1,0,3,41.137,8.6451,social,social,social,0,1
U08317,new_cold_customer,hybrid,5,3,1,9,35.6128,2.3027,social,social,social,0,1
U08318,low_engagement,hybrid,4,2,0,6,34.1856,2.4404,social,social,social,0,1
U08319,low_engagement,trigger,3,1,0,4,32.9628,1.6921,social,social,social,0,1
U08320,loyal_customer,fixed,4,1,0,5,41.2523,5.7975,social,social,email,0,1
U08321,new_cold_customer,hybrid,2,0,0,2,77.2442,11.5725,social,social,social,0,0
U08322,loyal_customer,hybrid,6,3,0,9,28.9711,3.1312,social,social,social,0,1
U08323,new_cold_customer,hybrid,4,1,0,5,58.3336,2.9614,social,social,ad,0,1
U08324,new_cold_customer,fixed,4,1,1,6,26.01,7.692,social,ad,social,0,1
U08325,low_engagement,hybrid,4,1,0,5,54.3094,5.7761,social,social,email,0,1
U08326,new_cold_customer,hybrid,5,3,1,9,30.2946,2.8445,social,social,ad,0,1
U08327,new_cold_customer,hybrid,2,0,0,2,128.8001,1.3945,social,social,social,0,0
U08328,new_cold_customer,fixed,2,2,1,5,41.7141,7.0219,social,social,social,0,1
U08329,high_intent,fixed,7,4,3,15,13.6977,3.3779,social,email,email,1,0
U08330,high_intent,trigger,3,1,1,5,32.5012,3.3626,email,social,email,0,1
U08331,low_engagement,hybrid,1,0,0,1,0.0,5.0882,social,social,social,0,0
U08332,high_intent,fixed,6,4,1,11,20.5917,4.5366,social,social,email,0,1
U08333,low_engagement,hybrid,1,0,0,1,0.0,5.4645,social,social,social,0,0
U08334,low_engagement,hybrid,3,1,0,4,12.8151,5.8331,ad,social,ad,0,1
U08335,high_intent,fixed,6,6,2,15,14.181,4.48,social,social,social,1,0
U08336,high_intent,fixed,8,5,4,19,15.4478,2.0813,social,social,social,1,0
U08337,loyal_customer,trigger,3,2,2,9,3.9375,10.032,social,social,email,1,0
U08338,new_cold_customer,trigger,5,3,0,8,41.7122,1.6316,social,social,social,0,1
U08339,new_cold_customer,fixed,3,1,0,4,41.3993,3.0262,social,social,social,0,1
U08340,loyal_customer,hybrid,4,2,1,7,33.0527,2.4026,social,social,social,0,1
U08341,low_engagement,trigger,1,0,0,1,0.0,8.9799,social,social,social,0,0
U08342,high_intent,hybrid,3,2,1,7,16.8875,1.0883,social,email,social,1,0
U08343,new_cold_customer,fixed,3,2,1,6,44.2253,3.969,social,social,social,0,1
U08344,low_engagement,hybrid,4,1,0,5,59.3721,4.056,social,social,social,0,1
U08345,low_engagement,hybrid,2,0,0,2,166.4708,6.7329,social,social,social,0,0
U08346,low_engagement,hybrid,3,0,0,3,120.6448,2.6895,social,social,ad,0,0
U08347,new_cold_customer,hybrid,5,1,0,6,53.4435,3.2268,social,social,social,0,1
U08348,new_cold_customer,trigger,3,0,0,3,137.3101,2.6871,social,social,social,0,0
U08349,price_sensitive,hybrid,1,0,0,1,0.0,14.0634,email,email,email,0,0
U08350,new_cold_customer,trigger,3,0,0,3,32.9618,8.2907,social,social,social,0,0
U08351,high_intent,trigger,3,2,1,7,7.2133,8.5249,social,social,social,1,0
U08352,new_cold_customer,hybrid,4,1,0,5,31.6294,4.9157,social,email,social,0,1
U08353,loyal_customer,trigger,4,1,0,5,68.9376,2.6311,social,social,email,0,1
U08354,new_cold_customer,hybrid,2,0,0,2,45.4213,3.1561,social,social,offer,0,0
U08355,loyal_customer,hybrid,5,4,1,10,33.0389,1.7653,social,social,social,0,1
U08356,low_engagement,fixed,2,0,0,2,42.4755,4.9612,email,email,social,0,0
U08357,low_engagement,fixed,4,1,0,5,55.5898,5.5597,social,social,social,0,1
U08358,low_engagement,hybrid,3,2,0,5,16.0208,1.9418,social,email,social,0,1
U08359,loyal_customer,trigger,2,2,0,4,100.8014,1.2786,email,email,email,0,1
U08360,price_sensitive,trigger,1,0,0,1,0.0,8.6651,ad,ad,ad,0,0
U08361,low_engagement,fixed,3,1,0,4,23.059,9.7887,social,social,social,0,1
U08362,price_sensitive,fixed,3,1,0,4,9.0775,11.457,social,social,social,0,1
U08363,high_intent,trigger,4,2,1,8,30.4868,5.5609,social,social,email,1,0
U08364,price_sensitive,trigger,1,0,0,1,0.0,12.674,social,social,social,0,0
U08365,loyal_customer,trigger,2,1,1,5,26.8648,6.4011,social,social,email,1,0
U08366,new_cold_customer,hybrid,5,2,1,8,29.7199,3.5276,social,social,social,0,1
U08367,low_engagement,trigger,1,0,0,1,0.0,14.8802,social,social,social,0,0
U08368,low_engagement,trigger,2,0,0,2,4.4804,9.7957,email,email,social,0,0
U08369,new_cold_customer,trigger,4,1,1,6,49.0566,2.5433,social,social,social,0,1
U08370,new_cold_customer,hybrid,5,1,0,6,49.8116,2.0531,social,social,social,0,1
U08371,loyal_customer,hybrid,2,0,0,2,17.9431,2.553,social,social,social,0,0
U08372,new_cold_customer,trigger,5,2,1,8,36.2263,2.5475,social,social,social,0,1
U08373,loyal_customer,trigger,2,0,0,2,215.5416,2.5685,social,social,social,0,0
U08374,price_sensitive,trigger,2,0,0,2,33.4445,5.9207,email,email,social,0,0
U08375,new_cold_customer,hybrid,4,1,1,6,61.7355,1.0852,social,social,social,0,1
U08376,low_engagement,fixed,3,0,0,3,96.0911,6.7959,social,social,social,0,0
U08377,low_engagement,fixed,2,1,0,3,55.9466,10.167,email,social,email,0,1
U08378,price_sensitive,fixed,2,0,0,2,148.6314,1.6642,social,social,email,0,0
U08379,high_intent,trigger,8,3,1,13,23.4924,2.9949,social,email,social,1,0
U08380,low_engagement,fixed,1,0,0,1,0.0,9.8492,social,social,social,0,0
U08381,low_engagement,hybrid,2,1,0,3,45.2937,7.3684,social,social,social,0,1
U08382,low_engagement,fixed,1,0,0,1,0.0,7.375,social,social,social,0,0
U08383,new_cold_customer,hybrid,3,0,0,3,78.4013,1.1853,email,social,email,0,0
U08384,new_cold_customer,fixed,3,0,0,3,102.2893,2.0228,social,social,social,0,0
U08385,high_intent,hybrid,7,4,2,13,21.3297,2.2674,social,email,email,0,1
U08386,new_cold_customer,trigger,3,1,0,4,49.5596,7.2194,social,social,social,0,1
U08387,low_engagement,trigger,4,0,0,4,74.517,3.6521,social,social,social,0,0
U08388,loyal_customer,hybrid,6,3,1,10,27.5058,3.2637,social,email,email,0,1
U08389,new_cold_customer,fixed,3,1,0,4,84.3872,2.6297,social,social,email,0,1
U08390,new_cold_customer,fixed,2,0,0,2,102.0315,8.4823,social,social,social,0,0
U08391,low_engagement,fixed,1,0,0,1,0.0,11.1943,social,social,social,0,0
U08392,low_engagement,hybrid,3,1,0,4,49.9855,4.9504,social,social,social,0,1
U08393,low_engagement,hybrid,1,0,0,1,0.0,6.5085,email,email,email,0,0
U08394,new_cold_customer,trigger,3,1,0,4,17.0846,3.8434,social,social,ad,0,1
U08395,price_sensitive,trigger,1,1,0,2,0.0,7.5266,ad,ad,ad,0,1
U08396,new_cold_customer,hybrid,3,1,0,4,90.3453,1.5988,social,social,email,0,1
U08397,price_sensitive,hybrid,3,0,0,3,39.1371,3.8268,social,social,email,0,0
U08398,loyal_customer,hybrid,6,2,0,8,32.4813,1.8049,email,social,offer,0,1
U08399,loyal_customer,trigger,4,0,0,4,36.1908,6.3945,email,email,email,0,0
U08400,loyal_customer,trigger,2,1,1,5,4.483,12.7321,social,social,social,1,0
U08401,high_intent,hybrid,7,7,4,19,15.3106,3.5143,social,social,social,1,0
U08402,new_cold_customer,fixed,4,3,0,7,35.6814,2.9382,social,social,social,0,1
U08403,loyal_customer,hybrid,6,3,0,9,33.7332,2.7301,social,email,social,0,1
U08404,high_intent,trigger,5,5,3,16,17.6024,1.7959,social,social,social,1,0
U08405,high_intent,trigger,3,2,0,5,49.0072,2.2619,social,social,social,0,1
U08406,loyal_customer,hybrid,5,2,0,7,36.3589,3.6201,social,social,social,0,1
U08407,low_engagement,trigger,3,2,1,6,44.5697,4.2854,social,social,email,0,1
U08408,loyal_customer,fixed,2,2,0,4,5.4365,9.2238,social,social,social,0,1
U08409,low_engagement,hybrid,3,0,0,3,123.0371,2.4554,email,email,social,0,0
U08410,new_cold_customer,trigger,5,1,0,6,30.5312,5.4064,social,social,social,0,1
U08411,low_engagement,fixed,3,0,0,3,115.2045,4.6752,social,social,social,0,0
U08412,new_cold_customer,trigger,3,2,0,5,58.7767,2.3962,social,ad,social,0,1
U08413,low_engagement,trigger,4,1,1,6,35.5332,2.6313,social,social,social,0,1
U08414,low_engagement,hybrid,1,0,0,1,0.0,13.7472,social,social,social,0,0
U08415,new_cold_customer,trigger,4,3,1,8,22.8136,1.7476,social,social,social,0,1
U08416,low_engagement,trigger,1,1,0,2,0.0,2.8444,social,social,social,0,1
U08417,new_cold_customer,fixed,2,0,0,2,262.1801,1.5153,ad,ad,social,0,0
U08418,high_intent,trigger,6,6,2,16,15.4353,4.0276,email,offer,email,1,0
U08419,price_sensitive,trigger,2,0,0,2,139.1204,7.1502,social,social,social,0,0
U08420,loyal_customer,fixed,2,1,0,3,31.9625,1.0949,ad,email,ad,0,1
U08421,new_cold_customer,fixed,5,2,0,7,30.1439,1.1066,social,social,ad,0,1
U08422,new_cold_customer,fixed,4,2,0,6,66.326,1.0395,social,social,social,0,1
U08423,new_cold_customer,trigger,2,1,1,4,36.5947,2.8948,social,social,social,0,1
U08424,new_cold_customer,trigger,5,2,1,8,24.53,5.9304,social,social,social,0,1
U08425,low_engagement,fixed,1,0,0,1,0.0,3.948,social,social,social,0,0
U08426,loyal_customer,fixed,2,2,0,4,27.0979,7.3725,social,social,email,0,1
U08427,low_engagement,fixed,4,2,0,6,30.3412,4.1749,social,social,social,0,1
U08428,low_engagement,trigger,2,1,0,3,149.7718,1.6715,email,ad,email,0,1
U08429,high_intent,fixed,7,3,3,13,23.3176,1.317,social,social,social,0,1
U08430,low_engagement,hybrid,4,2,1,7,33.6662,6.2989,social,social,ad,0,1
U08431,price_sensitive,fixed,2,1,0,3,115.8018,4.4006,email,email,email,0,1
U08432,high_intent,trigger,7,6,1,14,21.2535,1.5899,social,social,email,0,1
U08433,new_cold_customer,hybrid,2,1,0,3,36.4171,7.3961,social,social,social,0,1
U08434,loyal_customer,trigger,5,4,2,11,11.2392,5.8672,social,social,social,0,1
U08435,loyal_customer,fixed,6,3,0,9,32.1714,4.2511,social,social,social,0,1
U08436,price_sensitive,trigger,1,0,0,1,0.0,6.1697,social,social,social,0,0
U08437,new_cold_customer,trigger,5,3,0,8,24.6913,5.8443,social,social,social,0,1
U08438,loyal_customer,hybrid,6,2,0,8,42.4582,2.5523,social,email,email,0,1
U08439,low_engagement,fixed,2,0,0,2,77.6361,1.4114,email,email,social,0,0
U08440,low_engagement,trigger,1,0,0,1,0.0,1.4729,social,social,social,0,0
U08441,price_sensitive,hybrid,2,0,0,2,236.5896,3.0323,social,social,social,0,0
U08442,new_cold_customer,trigger,2,1,0,3,12.5168,11.1247,ad,social,ad,0,1
U08443,new_cold_customer,fixed,4,0,0,4,30.3276,9.6914,social,social,social,0,0
U08444,loyal_customer,fixed,5,3,0,8,24.5046,3.6165,social,social,social,0,1
U08445,loyal_customer,trigger,2,2,1,6,2.155,12.0338,ad,email,ad,1,0
U08446,new_cold_customer,hybrid,3,1,0,4,66.487,4.502,social,social,social,0,1
U08447,high_intent,fixed,4,3,1,8,34.814,4.6588,social,email,social,0,1
U08448,low_engagement,hybrid,3,1,1,5,39.0278,5.5771,email,social,email,0,1
U08449,new_cold_customer,fixed,5,3,0,8,23.0926,6.4914,social,social,social,0,1
U08450,low_engagement,fixed,3,0,0,3,47.6035,7.3779,social,email,social,0,0
U08451,low_engagement,fixed,3,1,1,5,17.7574,1.634,social,social,social,0,1
U08452,new_cold_customer,trigger,3,0,0,3,103.6197,1.5022,social,social,social,0,0
U08453,new_cold_customer,hybrid,2,1,0,3,106.2523,2.4119,social,social,social,0,1
U08454,loyal_customer,trigger,3,2,1,6,14.1711,8.0341,social,social,email,0,1
U08455,loyal_customer,fixed,4,1,0,5,29.3003,2.1218,social,social,social,0,1
U08456,new_cold_customer,trigger,3,1,0,4,12.5478,8.9504,social,ad,social,0,1
U08457,new_cold_customer,fixed,4,1,1,6,29.3176,7.9911,ad,social,social,0,1
U08458,new_cold_customer,hybrid,2,1,0,3,101.6725,3.4509,social,social,social,0,1
U08459,low_engagement,trigger,2,0,0,2,165.7613,5.7985,social,social,email,0,0
U08460,loyal_customer,trigger,3,2,1,6,27.2461,5.9921,social,email,social,0,1
U08461,price_sensitive,hybrid,1,0,0,1,0.0,4.7828,social,social,social,0,0
U08462,new_cold_customer,trigger,5,2,1,8,38.6352,3.2607,social,social,social,0,1
U08463,low_engagement,trigger,2,1,0,3,26.4785,6.7167,social,social,social,0,1
U08464,new_cold_customer,fixed,4,2,0,6,10.7693,1.4328,social,social,social,0,1
U08465,low_engagement,fixed,4,0,0,4,59.7695,4.4378,social,email,social,0,0
U08466,loyal_customer,hybrid,3,1,0,4,33.8414,8.2415,email,email,social,0,1
U08467,price_sensitive,fixed,1,0,0,1,0.0,5.8092,email,email,email,0,0
U08468,new_cold_customer,hybrid,2,2,1,6,22.9779,5.6135,email,email,offer,1,0
U08469,loyal_customer,fixed,6,1,0,7,36.7836,5.0978,email,email,social,0,1
U08470,low_engagement,hybrid,2,1,0,3,53.291,7.7231,social,social,social,0,1
U08471,loyal_customer,hybrid,3,1,1,5,3.3002,3.4451,ad,ad,offer,0,1
U08472,high_intent,trigger,8,8,3,21,11.9092,3.9968,email,social,email,1,0
U08473,loyal_customer,hybrid,4,3,1,9,30.7112,4.2083,email,email,social,1,0
U08474,loyal_customer,hybrid,4,2,0,6,43.4876,5.508,social,ad,social,0,1
U08475,new_cold_customer,trigger,3,2,2,7,29.0324,4.7934,social,ad,social,0,1
U08476,loyal_customer,fixed,2,1,0,3,1.8838,5.2324,social,email,social,0,1
U08477,new_cold_customer,trigger,2,2,0,4,38.408,2.6775,social,social,email,0,1
U08478,new_cold_customer,fixed,3,1,0,4,18.5087,1.6418,social,social,social,0,1
U08479,low_engagement,trigger,4,1,0,5,44.199,7.0829,social,social,social,0,1
U08480,new_cold_customer,trigger,4,2,0,6,37.2892,4.5313,social,social,social,0,1
U08481,low_engagement,trigger,2,0,0,2,73.1487,4.4414,social,social,social,0,0
U08482,new_cold_customer,hybrid,5,2,2,9,29.4008,2.237,social,social,social,0,1
U08483,new_cold_customer,fixed,5,2,1,8,16.1512,2.6913,social,social,social,0,1
U08484,loyal_customer,trigger,6,3,0,9,40.4355,1.392,social,email,social,0,1
U08485,new_cold_customer,trigger,5,0,0,5,82.1573,1.0859,social,social,email,0,0
U08486,high_intent,fixed,7,6,5,21,14.7383,2.647,email,email,email,1,0
U08487,high_intent,trigger,5,2,1,8,43.1303,1.1868,ad,ad,email,0,1
U08488,low_engagement,trigger,3,1,0,4,58.7549,7.0722,social,social,social,0,1
U08489,new_cold_customer,hybrid,4,1,0,5,60.9833,3.7777,social,social,social,0,1
U08490,loyal_customer,trigger,4,2,0,6,34.0125,7.1713,email,email,social,0,1
U08491,loyal_customer,hybrid,2,0,0,2,46.5441,5.9129,social,social,social,0,0
U08492,high_intent,trigger,3,2,1,6,52.3144,2.767,social,social,social,0,1
U08493,high_intent,fixed,3,3,1,7,46.7375,2.3983,social,email,social,0,1
U08494,high_intent,fixed,6,6,2,14,19.1106,1.978,ad,offer,social,0,1
U08495,loyal_customer,trigger,3,2,1,6,8.7464,9.5109,email,email,social,0,1
U08496,high_intent,trigger,5,5,4,15,10.1762,3.4946,email,email,social,1,0
U08497,new_cold_customer,trigger,4,2,0,6,55.7695,1.6396,ad,ad,ad,0,1
U08498,price_sensitive,trigger,3,1,0,4,53.1716,6.0695,ad,email,ad,0,1
U08499,new_cold_customer,fixed,5,1,0,6,52.7656,2.6644,social,social,ad,0,1
U08500,loyal_customer,fixed,5,2,0,7,47.0017,2.1645,social,social,social,0,1
U08501,low_engagement,hybrid,4,4,1,9,24.1325,3.5179,social,email,social,0,1
U08502,new_cold_customer,hybrid,2,0,0,2,48.4262,3.4368,social,social,social,0,0
U08503,new_cold_customer,trigger,2,0,0,2,14.1817,11.0275,social,social,social,0,0
U08504,high_intent,fixed,4,3,1,8,36.4222,3.4437,social,social,social,0,1
U08505,new_cold_customer,hybrid,4,0,0,4,83.555,2.3317,social,social,social,0,0
U08506,loyal_customer,hybrid,6,4,1,12,23.2797,2.5083,social,social,social,1,0
U08507,new_cold_customer,fixed,3,0,0,3,119.5871,2.8549,social,social,social,0,0
U08508,low_engagement,hybrid,2,2,1,5,2.9295,2.1375,ad,ad,social,0,1
U08509,loyal_customer,fixed,3,1,0,4,61.6395,3.8601,social,social,social,0,1
U08510,high_intent,hybrid,8,7,4,22,10.7341,1.7961,social,social,social,1,0
U08511,low_engagement,trigger,4,1,1,6,41.3342,2.657,social,social,social,0,1
U08512,new_cold_customer,trigger,2,0,0,2,80.8052,6.2643,social,social,social,0,0
U08513,new_cold_customer,hybrid,5,3,0,8,20.262,1.2549,social,social,social,0,1
U08514,high_intent,fixed,4,1,0,5,10.0683,3.9952,email,social,email,0,1
U08515,new_cold_customer,hybrid,5,2,1,9,32.6144,1.9443,social,social,social,1,0
U08516,loyal_customer,hybrid,4,2,0,6,33.3528,3.9409,social,social,social,0,1
U08517,new_cold_customer,hybrid,3,1,0,4,107.837,1.3889,social,social,social,0,1
U08518,loyal_customer,trigger,6,4,1,11,23.387,3.7424,social,social,social,0,1
U08519,low_engagement,trigger,1,0,0,1,0.0,12.3283,social,social,social,0,0
U08520,loyal_customer,fixed,2,0,0,2,194.6418,2.9607,social,social,social,0,0
U08521,new_cold_customer,trigger,2,1,0,3,19.7395,7.4108,social,social,social,0,1
U08522,high_intent,hybrid,4,3,2,10,22.5327,5.3819,social,social,email,1,0
U08523,new_cold_customer,fixed,3,0,0,3,68.0925,7.2957,social,offer,social,0,0
U08524,new_cold_customer,fixed,3,1,1,5,57.8814,5.0632,social,social,social,0,1
U08525,new_cold_customer,fixed,5,3,1,9,37.0525,2.0531,social,social,social,0,1
U08526,new_cold_customer,trigger,5,1,1,7,37.1994,2.1876,social,social,social,0,1
U08527,loyal_customer,fixed,3,1,0,4,57.7857,4.7847,email,email,email,0,1
U08528,loyal_customer,trigger,2,1,0,3,80.1475,8.281,social,social,social,0,1
U08529,low_engagement,fixed,2,0,0,2,4.0781,4.7706,ad,ad,social,0,0
U08530,price_sensitive,trigger,2,0,0,2,69.6517,11.5069,social,social,email,0,0
U08531,new_cold_customer,trigger,2,1,0,3,18.8893,4.2914,social,social,social,0,1
U08532,low_engagement,fixed,1,0,0,1,0.0,11.773,social,social,social,0,0
U08533,high_intent,fixed,6,2,0,8,21.9926,3.1631,social,social,email,0,1
U08534,loyal_customer,fixed,5,2,0,7,36.1065,5.637,social,social,social,0,1
U08535,low_engagement,trigger,2,1,0,3,41.2349,5.2478,social,social,social,0,1
U08536,high_intent,hybrid,4,3,2,10,29.0007,2.3398,social,social,offer,1,0
U08537,new_cold_customer,hybrid,5,3,1,9,36.7705,2.6039,social,social,social,0,1
U08538,new_cold_customer,fixed,5,3,1,9,32.0657,3.5447,social,social,email,0,1
U08539,low_engagement,trigger,2,0,0,2,119.6232,3.1773,social,social,email,0,0
U08540,new_cold_customer,hybrid,5,0,0,5,38.9803,5.1778,social,social,social,0,0
U08541,new_cold_customer,fixed,2,1,0,3,60.4236,9.4094,social,social,ad,0,1
U08542,low_engagement,fixed,1,0,0,1,0.0,9.7074,social,social,social,0,0
U08543,new_cold_customer,hybrid,2,0,0,2,17.3125,5.0642,social,social,social,0,0
U08544,loyal_customer,trigger,2,1,0,3,73.5493,2.9378,social,social,ad,0,1
U08545,low_engagement,trigger,1,0,0,1,0.0,12.1219,social,social,social,0,0
U08546,price_sensitive,trigger,2,1,0,3,55.1607,8.348,email,email,social,0,1
U08547,loyal_customer,fixed,6,1,0,7,41.9872,3.1592,social,email,email,0,1
U08548,low_engagement,trigger,4,1,0,5,42.8537,3.0436,email,email,email,0,1
U08549,loyal_customer,fixed,4,2,0,6,36.5807,7.1546,social,social,email,0,1
U08550,new_cold_customer,hybrid,2,0,0,2,231.9911,2.432,social,social,ad,0,0
U08551,price_sensitive,fixed,3,1,0,4,57.7317,4.1122,social,social,social,0,1
U08552,loyal_customer,hybrid,4,3,1,8,31.4096,4.4851,social,email,social,0,1
U08553,low_engagement,fixed,4,1,0,5,50.477,5.6147,social,email,social,0,1
U08554,loyal_customer,trigger,6,4,0,10,24.2616,4.5616,social,email,social,0,1
U08555,high_intent,fixed,4,3,1,9,29.1129,3.1254,email,email,email,1,0
U08556,low_engagement,hybrid,4,1,1,6,40.0851,4.7267,social,social,social,0,1
U08557,new_cold_customer,trigger,4,1,0,5,30.5695,1.3476,social,social,social,0,1
U08558,low_engagement,fixed,3,2,1,6,62.7062,1.4693,social,social,social,0,1
U08559,low_engagement,fixed,3,1,0,4,44.9207,3.9741,social,social,social,0,1
U08560,price_sensitive,hybrid,1,1,0,2,0.0,11.0561,social,social,social,0,1
U08561,new_cold_customer,hybrid,3,1,1,5,46.736,5.9917,ad,social,email,0,1
U08562,price_sensitive,fixed,1,0,0,1,0.0,14.9353,social,social,social,0,0
U08563,low_engagement,hybrid,1,0,0,1,0.0,9.6196,social,social,social,0,0
U08564,new_cold_customer,hybrid,4,3,0,7,46.6585,3.0546,social,ad,social,0,1
U08565,loyal_customer,fixed,3,2,0,5,62.1874,2.9904,email,email,social,0,1
U08566,loyal_customer,fixed,6,3,2,12,24.8716,3.1609,social,social,email,1,0
U08567,high_intent,fixed,8,8,5,24,13.6689,1.5601,email,email,social,1,0
U08568,new_cold_customer,hybrid,3,2,1,6,27.3029,6.3057,social,social,social,0,1
U08569,new_cold_customer,trigger,3,1,0,4,41.2853,7.5976,social,social,social,0,1
U08570,new_cold_customer,fixed,4,3,0,7,25.4552,6.7601,social,social,social,0,1
U08571,low_engagement,fixed,1,0,0,1,0.0,3.4264,social,social,social,0,0
U08572,low_engagement,hybrid,3,1,0,4,43.3978,1.0994,social,social,email,0,1
U08573,new_cold_customer,trigger,3,1,0,4,42.4315,1.2548,ad,ad,email,0,1
U08574,price_sensitive,trigger,3,2,0,5,67.2888,2.5348,email,ad,email,0,1
U08575,new_cold_customer,fixed,4,3,1,8,30.8907,5.0431,social,social,social,0,1
U08576,high_intent,fixed,6,5,2,14,19.8726,3.0247,social,social,social,1,0
U08577,low_engagement,trigger,3,1,1,5,57.6476,2.6219,email,social,social,0,1
U08578,low_engagement,fixed,3,1,0,4,46.78,4.4837,email,email,email,0,1
U08579,new_cold_customer,trigger,5,0,0,5,66.2744,3.7104,social,social,email,0,0
U08580,low_engagement,fixed,3,2,1,6,26.6888,4.9639,social,social,social,0,1
U08581,loyal_customer,hybrid,2,1,0,3,9.5262,11.7146,email,email,social,0,1
U08582,low_engagement,trigger,4,3,0,7,33.4126,5.5689,social,offer,social,0,1
U08583,loyal_customer,trigger,2,1,0,3,19.0707,7.4942,social,social,social,0,1
U08584,new_cold_customer,trigger,4,2,1,7,34.8277,2.5454,social,social,ad,0,1
U08585,loyal_customer,fixed,6,4,1,11,25.7699,2.2765,social,social,email,0,1
U08586,loyal_customer,hybrid,6,4,0,10,20.8132,3.4749,social,social,social,0,1
U08587,low_engagement,fixed,1,1,0,2,0.0,9.2212,ad,ad,ad,0,1
U08588,new_cold_customer,trigger,2,0,0,2,209.1986,1.9227,social,social,ad,0,0
U08589,low_engagement,trigger,1,0,0,1,0.0,6.056,social,social,social,0,0
U08590,new_cold_customer,fixed,2,2,0,4,0.6722,13.8039,social,social,social,0,1
U08591,loyal_customer,hybrid,2,1,0,3,51.2149,2.943,email,email,social,0,1
U08592,price_sensitive,fixed,2,0,0,2,27.4746,11.4122,social,social,ad,0,0
U08593,new_cold_customer,trigger,3,1,0,4,91.0341,2.8153,email,ad,social,0,1
U08594,new_cold_customer,trigger,3,2,2,7,36.3735,2.4893,social,ad,social,0,1
U08595,new_cold_customer,trigger,4,1,0,5,50.8201,1.978,social,social,social,0,1
U08596,new_cold_customer,fixed,5,3,0,8,35.9194,4.363,social,social,offer,0,1
U08597,loyal_customer,hybrid,2,1,0,3,50.0496,3.8352,social,social,social,0,1
U08598,low_engagement,fixed,1,1,0,2,0.0,1.0858,social,social,social,0,1
U08599,new_cold_customer,fixed,4,1,0,5,34.5893,6.1733,social,social,social,0,1
U08600,low_engagement,trigger,4,0,0,4,82.8265,3.1587,social,social,social,0,0
U08601,low_engagement,hybrid,2,0,0,2,164.4884,5.4146,social,social,email,0,0
U08602,low_engagement,trigger,4,0,0,4,17.8104,9.211,social,social,social,0,0
U08603,loyal_customer,trigger,2,0,0,2,35.9509,5.0288,social,social,email,0,0
U08604,new_cold_customer,fixed,5,3,0,8,38.6415,1.7506,social,social,email,0,1
U08605,low_engagement,trigger,2,0,0,2,101.0933,2.2138,social,social,social,0,0
U08606,new_cold_customer,trigger,2,1,0,3,46.0241,3.2944,social,social,social,0,1
U08607,loyal_customer,hybrid,2,1,0,3,82.0288,2.2375,social,social,email,0,1
U08608,price_sensitive,hybrid,3,1,0,4,29.5954,8.2324,email,social,offer,0,1
U08609,new_cold_customer,trigger,3,0,0,3,115.4002,4.7796,social,social,social,0,0
U08610,price_sensitive,fixed,2,0,0,2,169.2238,1.8695,email,email,ad,0,0
U08611,price_sensitive,hybrid,3,0,0,3,136.611,3.4466,social,social,social,0,0
U08612,new_cold_customer,hybrid,2,1,1,4,46.5964,6.0863,ad,social,ad,0,1
U08613,high_intent,hybrid,3,1,1,6,21.5262,9.002,social,social,email,1,0
U08614,low_engagement,fixed,1,1,0,2,0.0,3.7524,email,email,email,0,1
U08615,new_cold_customer,hybrid,3,2,0,5,31.9956,9.0798,social,social,social,0,1
U08616,low_engagement,fixed,2,0,0,2,122.8264,5.6716,social,social,social,0,0
U08617,new_cold_customer,hybrid,5,2,1,8,22.2989,2.2453,ad,social,social,0,1
U08618,new_cold_customer,hybrid,3,0,0,3,101.7713,2.4396,social,social,ad,0,0
U08619,high_intent,hybrid,7,5,3,17,12.2287,4.0421,social,social,email,1,0
U08620,loyal_customer,hybrid,4,4,2,10,16.5725,8.155,email,social,social,0,1
U08621,new_cold_customer,fixed,2,1,1,4,87.5925,2.2524,social,social,social,0,1
U08622,new_cold_customer,fixed,3,1,0,4,87.8338,3.6715,email,email,social,0,1
U08623,high_intent,hybrid,8,8,4,20,13.8533,1.6894,social,social,social,0,1
U08624,low_engagement,hybrid,4,3,0,7,46.5322,1.6273,social,social,social,0,1
U08625,high_intent,fixed,5,3,2,11,22.2155,2.5858,social,social,social,1,0
U08626,new_cold_customer,hybrid,5,2,0,7,28.05,3.2337,social,ad,social,0,1
U08627,new_cold_customer,fixed,4,2,1,8,24.6953,5.9633,social,social,social,1,0
U08628,new_cold_customer,hybrid,4,1,1,6,51.3733,1.6138,social,ad,social,0,1
U08629,high_intent,hybrid,7,2,0,9,40.7108,1.0182,social,social,social,0,1
U08630,new_cold_customer,fixed,2,0,0,2,275.3395,3.3613,social,social,ad,0,0
U08631,loyal_customer,hybrid,2,1,0,3,37.2343,5.0818,social,email,social,0,1
U08632,new_cold_customer,fixed,2,2,2,7,15.1782,8.0729,social,social,social,1,0
U08633,new_cold_customer,hybrid,3,2,1,6,31.6884,8.0099,social,social,ad,0,1
U08634,low_engagement,trigger,3,0,0,3,95.3142,2.8655,social,social,social,0,0
U08635,price_sensitive,hybrid,2,0,0,2,2.0108,5.3704,email,email,social,0,0
U08636,low_engagement,trigger,1,0,0,1,0.0,11.0973,social,social,social,0,0
U08637,high_intent,hybrid,4,2,1,7,16.4525,5.2103,social,social,social,0,1
U08638,new_cold_customer,fixed,3,1,0,4,96.362,1.943,social,social,social,0,1
U08639,low_engagement,trigger,4,2,1,7,14.5152,2.0024,social,email,email,0,1
U08640,low_engagement,trigger,2,0,0,2,22.9061,11.1137,email,email,social,0,0
U08641,low_engagement,fixed,3,0,0,3,131.0885,2.8736,email,social,email,0,0
U08642,low_engagement,fixed,1,1,0,2,0.0,9.7189,social,social,social,0,1
U08643,loyal_customer,hybrid,5,2,0,7,37.4074,1.2607,social,social,social,0,1
U08644,loyal_customer,fixed,2,1,0,3,90.2755,5.3594,social,social,email,0,1
U08645,high_intent,hybrid,4,2,0,6,38.4435,1.9887,social,social,social,0,1
U08646,high_intent,fixed,5,3,0,8,35.5944,1.5533,social,social,social,0,1
U08647,low_engagement,fixed,1,0,0,1,0.0,2.3864,ad,ad,ad,0,0
U08648,loyal_customer,fixed,3,2,0,5,72.9246,2.4538,social,social,social,0,1
U08649,low_engagement,trigger,1,1,0,2,0.0,1.4041,social,social,social,0,1
U08650,price_sensitive,trigger,1,0,0,1,0.0,9.5498,email,email,email,0,0
U08651,new_cold_customer,hybrid,3,0,0,3,51.6572,10.0888,social,social,social,0,0
U08652,new_cold_customer,trigger,4,0,0,4,60.078,5.9019,social,social,social,0,0
U08653,new_cold_customer,fixed,4,1,1,6,63.9673,1.0903,social,social,social,0,1
U08654,low_engagement,fixed,4,3,1,8,36.4263,1.7353,social,offer,social,0,1
U08655,low_engagement,hybrid,3,0,0,3,44.0199,4.4714,email,email,ad,0,0
U08656,new_cold_customer,trigger,3,1,1,5,57.3894,4.2277,social,ad,social,0,1
U08657,new_cold_customer,hybrid,3,0,0,3,103.6947,4.8405,social,social,social,0,0
U08658,new_cold_customer,hybrid,3,2,1,6,37.8151,6.688,social,ad,social,0,1
U08659,low_engagement,fixed,1,0,0,1,0.0,13.0522,social,social,social,0,0
U08660,loyal_customer,trigger,6,1,0,7,45.2019,2.0042,social,social,social,0,1
U08661,low_engagement,hybrid,2,0,0,2,87.0956,4.9646,social,social,offer,0,0
U08662,new_cold_customer,fixed,5,4,1,10,24.0392,4.4213,social,social,social,0,1
U08663,low_engagement,fixed,3,1,1,5,39.8837,2.2136,social,social,social,0,1
U08664,new_cold_customer,hybrid,5,1,0,6,53.9951,2.5977,social,email,social,0,1
U08665,loyal_customer,trigger,3,0,0,3,69.1201,2.6572,email,email,social,0,0
U08666,low_engagement,fixed,2,0,0,2,156.0139,7.338,social,social,email,0,0
U08667,loyal_customer,hybrid,2,0,0,2,8.3952,6.7195,social,social,social,0,0
U08668,new_cold_customer,hybrid,4,1,1,6,41.5251,4.8228,social,social,social,0,1
U08669,loyal_customer,fixed,2,2,1,5,2.1136,11.7433,email,email,social,0,1
U08670,low_engagement,trigger,4,2,1,7,33.2804,3.272,social,ad,social,0,1
U08671,new_cold_customer,trigger,5,2,2,9,28.9401,1.5752,email,email,email,0,1
U08672,loyal_customer,trigger,4,1,1,6,22.9177,1.8734,email,email,social,0,1
U08673,loyal_customer,hybrid,4,2,0,6,27.7738,7.9175,social,social,social,0,1
U08674,new_cold_customer,trigger,3,1,0,4,67.4861,1.0272,social,social,social,0,1
U08675,high_intent,trigger,6,6,6,21,11.1656,3.4843,social,social,social,1,0
U08676,loyal_customer,hybrid,3,2,0,5,38.2561,4.62,social,ad,social,0,1
U08677,new_cold_customer,trigger,3,2,0,5,25.7786,3.8616,social,social,social,0,1
U08678,new_cold_customer,trigger,2,1,1,4,24.7567,8.354,social,social,social,0,1
U08679,low_engagement,hybrid,1,1,0,2,0.0,6.9856,email,email,email,0,1
U08680,new_cold_customer,hybrid,5,1,0,6,27.6962,4.1717,social,social,ad,0,1
U08681,low_engagement,hybrid,3,2,0,5,16.386,3.3586,social,social,email,0,1
U08682,new_cold_customer,hybrid,5,4,1,10,31.9869,2.0468,social,social,social,0,1
U08683,loyal_customer,hybrid,3,2,0,5,53.3912,3.2415,social,offer,social,0,1
U08684,high_intent,trigger,6,3,2,12,20.7491,1.159,social,email,social,1,0
U08685,low_engagement,hybrid,1,0,0,1,0.0,8.8857,social,social,social,0,0
U08686,new_cold_customer,trigger,3,1,1,5,25.5054,7.5413,social,ad,social,0,1
U08687,low_engagement,hybrid,3,0,0,3,108.3484,5.6355,social,social,social,0,0
U08688,loyal_customer,hybrid,5,1,0,6,60.189,2.4131,social,social,email,0,1
U08689,new_cold_customer,fixed,3,2,0,5,57.1798,4.1675,social,social,social,0,1
U08690,loyal_customer,hybrid,2,2,0,4,13.1358,6.9274,social,social,social,0,1
U08691,new_cold_customer,fixed,4,2,2,8,36.464,1.2655,social,social,social,0,1
U08692,new_cold_customer,fixed,2,1,0,3,27.8603,2.2898,social,social,social,0,1
U08693,new_cold_customer,trigger,4,3,0,7,37.1066,2.7577,social,ad,social,0,1
U08694,low_engagement,hybrid,1,1,0,2,0.0,10.5037,social,social,social,0,1
U08695,new_cold_customer,fixed,5,3,1,9,25.7782,1.8176,ad,ad,social,0,1
U08696,high_intent,fixed,7,6,4,19,12.6394,3.9339,social,social,social,1,0
U08697,loyal_customer,hybrid,6,1,0,7,24.749,3.0868,social,social,offer,0,1
U08698,low_engagement,fixed,1,1,1,3,0.0,10.5535,social,social,social,0,1
U08699,new_cold_customer,fixed,4,1,0,5,77.032,1.054,social,social,social,0,1
U08700,new_cold_customer,fixed,4,1,1,6,32.4116,5.287,social,social,ad,0,1
U08701,low_engagement,hybrid,1,0,0,1,0.0,4.7378,social,social,social,0,0
U08702,loyal_customer,trigger,3,1,0,4,51.862,6.4684,social,email,social,0,1
U08703,high_intent,fixed,4,2,1,7,27.6076,7.427,offer,offer,social,0,1
U08704,loyal_customer,hybrid,3,2,1,6,27.134,6.3425,email,social,ad,0,1
U08705,loyal_customer,trigger,2,1,1,4,65.6685,3.0967,offer,offer,offer,0,1
U08706,low_engagement,trigger,3,2,0,5,32.8867,4.4643,social,social,social,0,1
U08707,low_engagement,hybrid,4,1,0,5,63.1631,1.7377,social,social,social,0,1
U08708,low_engagement,fixed,1,0,0,1,0.0,4.863,email,email,email,0,0
U08709,loyal_customer,trigger,2,1,1,4,17.0741,5.1141,email,email,ad,0,1
U08710,new_cold_customer,hybrid,2,1,0,3,33.3243,3.3166,email,social,email,0,1
U08711,high_intent,hybrid,8,4,2,14,22.022,2.7725,email,social,ad,0,1
U08712,loyal_customer,fixed,5,2,0,7,40.6618,1.1256,email,social,email,0,1
U08713,new_cold_customer,trigger,2,1,0,3,5.0803,7.1343,social,social,social,0,1
U08714,loyal_customer,trigger,4,2,1,7,48.329,1.9651,social,email,social,0,1
U08715,low_engagement,trigger,3,1,0,4,51.2071,7.5712,social,ad,social,0,1
U08716,loyal_customer,hybrid,5,1,0,6,48.1328,3.4864,social,social,social,0,1
U08717,new_cold_customer,trigger,4,1,0,5,67.7596,2.7648,social,social,social,0,1
U08718,loyal_customer,trigger,6,3,1,10,34.3335,1.5779,email,email,social,0,1
U08719,high_intent,hybrid,4,4,1,9,18.6253,3.1375,social,social,email,0,1
U08720,new_cold_customer,fixed,3,0,0,3,98.0031,5.2168,social,social,social,0,0
U08721,low_engagement,fixed,3,2,1,7,51.0434,1.2577,email,email,social,1,0
U08722,new_cold_customer,hybrid,3,0,0,3,54.3868,3.9512,social,email,social,0,0
U08723,new_cold_customer,fixed,2,0,0,2,133.0012,8.7734,social,social,social,0,0
U08724,loyal_customer,hybrid,2,2,1,5,19.823,1.9878,ad,social,ad,0,1
U08725,new_cold_customer,fixed,2,1,1,4,38.7648,2.2939,social,social,social,0,1
U08726,new_cold_customer,trigger,3,0,0,3,118.8966,1.4126,social,social,social,0,0
U08727,low_engagement,hybrid,2,1,0,3,82.1991,7.4882,email,email,social,0,1
U08728,low_engagement,fixed,3,2,1,6,35.6414,1.0909,social,social,social,0,1
U08729,new_cold_customer,hybrid,2,0,0,2,101.2276,1.841,social,social,social,0,0
U08730,loyal_customer,hybrid,3,2,1,7,36.1992,3.5734,social,social,social,1,0
U08731,new_cold_customer,hybrid,4,1,0,5,50.8274,2.7617,social,social,social,0,1
U08732,new_cold_customer,hybrid,5,2,1,8,44.4766,1.9737,social,social,social,0,1
U08733,new_cold_customer,fixed,2,0,0,2,48.8338,9.0432,social,social,social,0,0
U08734,low_engagement,trigger,3,1,0,4,42.7114,5.5282,email,social,email,0,1
U08735,low_engagement,hybrid,2,1,1,4,0.3372,1.8765,email,email,email,0,1
U08736,loyal_customer,fixed,3,1,1,6,47.2104,2.0202,social,social,social,1,0
U08737,high_intent,fixed,5,4,0,9,36.2053,2.0542,social,email,social,0,1
U08738,loyal_customer,fixed,6,2,0,8,33.7595,3.1298,social,social,social,0,1
U08739,high_intent,hybrid,8,7,2,19,15.255,2.8508,email,email,email,1,0
U08740,loyal_customer,hybrid,6,3,2,13,18.4536,1.7468,social,social,social,1,0
U08741,new_cold_customer,fixed,3,1,0,4,54.0729,5.0883,social,social,social,0,1
U08742,loyal_customer,fixed,5,3,1,10,26.4418,2.5878,email,social,email,1,0
U08743,low_engagement,trigger,3,1,0,4,88.7134,3.857,ad,ad,offer,0,1
U08744,low_engagement,trigger,1,0,0,1,0.0,10.9961,email,email,email,0,0
U08745,loyal_customer,fixed,3,2,0,5,16.3763,7.8895,social,social,social,0,1
U08746,loyal_customer,fixed,3,2,0,5,67.0366,3.2472,social,social,social,0,1
U08747,high_intent,trigger,7,4,2,15,15.9616,2.3519,social,social,social,1,0
U08748,low_engagement,trigger,3,0,0,3,73.8058,8.0878,social,social,social,0,0
U08749,low_engagement,trigger,1,0,0,1,0.0,11.218,social,social,social,0,0
U08750,high_intent,fixed,5,4,1,10,24.0007,4.2532,email,email,email,0,1
U08751,low_engagement,trigger,1,0,0,1,0.0,7.5632,email,email,email,0,0
U08752,new_cold_customer,hybrid,5,1,0,6,51.4393,1.4381,social,social,social,0,1
U08753,new_cold_customer,fixed,2,1,0,3,124.1499,1.5699,social,social,social,0,1
U08754,high_intent,fixed,6,3,1,10,20.9367,6.4836,social,social,social,0,1
U08755,low_engagement,trigger,4,1,0,5,25.5582,5.6175,ad,ad,email,0,1
U08756,new_cold_customer,fixed,2,0,0,2,115.2527,1.3806,ad,ad,social,0,0
U08757,new_cold_customer,fixed,5,1,1,7,43.5699,2.8178,social,social,social,0,1
U08758,low_engagement,trigger,2,1,0,3,2.1818,3.9735,email,email,social,0,1
U08759,low_engagement,trigger,1,1,0,2,0.0,10.9411,social,social,social,0,1
U08760,low_engagement,hybrid,2,1,0,3,9.4685,3.799,social,social,social,0,1
U08761,new_cold_customer,hybrid,5,3,1,9,27.1308,1.841,social,offer,email,0,1
U08762,new_cold_customer,hybrid,5,4,1,10,25.2641,2.1161,social,social,email,0,1
U08763,price_sensitive,trigger,2,0,0,2,261.3072,1.4623,social,social,ad,0,0
U08764,new_cold_customer,hybrid,2,0,0,2,228.2397,2.2172,ad,ad,ad,0,0
U08765,price_sensitive,trigger,3,0,0,3,153.8878,1.2103,email,offer,email,0,0
U08766,new_cold_customer,fixed,4,0,0,4,42.5742,1.7856,social,social,social,0,0
U08767,low_engagement,fixed,1,1,0,2,0.0,4.6709,social,social,social,0,1
U08768,new_cold_customer,fixed,3,0,0,3,135.5728,1.9802,social,email,social,0,0
U08769,loyal_customer,fixed,2,1,0,3,127.0344,1.1023,social,social,social,0,1
U08770,new_cold_customer,hybrid,5,1,0,6,57.7215,1.4889,social,social,ad,0,1
U08771,low_engagement,trigger,2,2,0,4,30.5801,2.5059,social,social,email,0,1
U08772,new_cold_customer,trigger,4,3,0,7,21.8326,3.1924,social,ad,social,0,1
U08773,low_engagement,trigger,1,0,0,1,0.0,1.2393,email,email,email,0,0
U08774,low_engagement,fixed,3,1,0,4,76.9507,4.9537,ad,social,ad,0,1
U08775,low_engagement,hybrid,3,0,0,3,130.0877,3.8814,social,social,social,0,0
U08776,high_intent,fixed,6,3,1,10,29.5132,2.1234,email,email,email,0,1
U08777,new_cold_customer,hybrid,4,0,0,4,71.6814,1.0073,social,social,social,0,0
U08778,low_engagement,trigger,2,0,0,2,10.0513,1.948,social,social,social,0,0
U08779,low_engagement,trigger,4,1,1,6,48.4216,4.3328,social,social,social,0,1
U08780,price_sensitive,trigger,3,1,0,4,8.9332,11.1536,social,social,social,0,1
U08781,loyal_customer,trigger,6,2,1,9,37.0326,2.223,ad,email,social,0,1
U08782,low_engagement,trigger,4,1,0,5,51.7564,5.1531,social,social,social,0,1
U08783,price_sensitive,fixed,1,0,0,1,0.0,14.6078,email,email,email,0,0
U08784,new_cold_customer,fixed,3,2,0,5,45.0768,3.0033,social,email,social,0,1
U08785,loyal_customer,fixed,6,1,0,7,44.0654,3.336,social,email,email,0,1
U08786,low_engagement,trigger,3,2,2,7,5.3246,1.4817,social,social,social,0,1
U08787,new_cold_customer,trigger,4,3,0,7,41.4784,4.6198,social,social,social,0,1
U08788,new_cold_customer,fixed,4,1,0,5,43.0934,1.2121,social,social,social,0,1
U08789,loyal_customer,fixed,5,2,0,7,30.8561,1.8964,social,email,social,0,1
U08790,loyal_customer,hybrid,2,1,0,3,29.5663,1.5875,social,social,ad,0,1
U08791,low_engagement,hybrid,3,1,0,4,64.244,2.0751,social,email,social,0,1
U08792,low_engagement,trigger,4,1,0,5,35.1815,3.0352,email,social,email,0,1
U08793,new_cold_customer,trigger,2,2,1,5,63.391,3.7553,social,social,social,0,1
U08794,high_intent,hybrid,4,2,2,9,15.4374,1.8166,email,email,email,1,0
U08795,low_engagement,hybrid,3,1,0,4,64.4361,2.1113,social,social,social,0,1
U08796,low_engagement,fixed,1,0,0,1,0.0,12.1088,social,social,social,0,0
U08797,new_cold_customer,fixed,2,1,0,3,103.2309,5.6568,social,social,social,0,1
U08798,low_engagement,fixed,3,1,1,5,46.9336,3.1415,social,social,social,0,1
U08799,loyal_customer,fixed,4,1,1,6,47.1847,1.1906,email,email,email,0,1
U08800,new_cold_customer,hybrid,5,3,2,10,20.0309,1.9861,social,social,social,0,1
U08801,loyal_customer,hybrid,3,2,0,5,45.0292,7.3788,social,social,offer,0,1
U08802,new_cold_customer,fixed,5,1,0,6,38.9096,5.6694,social,social,social,0,1
U08803,new_cold_customer,fixed,2,0,0,2,110.8129,3.6281,social,social,social,0,0
U08804,low_engagement,fixed,2,1,1,5,17.278,3.2911,ad,social,ad,1,0
U08805,loyal_customer,hybrid,4,2,1,8,38.4959,2.3271,email,email,social,1,0
U08806,new_cold_customer,hybrid,4,1,0,5,50.4718,6.3944,social,ad,social,0,1
U08807,new_cold_customer,fixed,3,2,0,5,46.8695,4.6192,social,social,social,0,1
U08808,price_sensitive,fixed,3,0,0,3,35.7113,9.4795,social,email,social,0,0
U08809,low_engagement,trigger,3,0,0,3,136.9064,2.6904,social,social,social,0,0
U08810,low_engagement,fixed,4,0,0,4,75.9424,1.6452,social,social,social,0,0
U08811,new_cold_customer,hybrid,5,1,0,6,49.3282,3.2296,social,social,social,0,1
U08812,new_cold_customer,fixed,2,1,0,3,4.5278,9.7557,social,social,social,0,1
U08813,low_engagement,fixed,2,0,0,2,18.361,7.1246,social,social,social,0,0
U08814,low_engagement,trigger,1,1,1,3,0.0,9.5834,social,social,social,0,1
U08815,low_engagement,fixed,4,1,0,5,32.1232,3.5454,social,social,social,0,1
U08816,price_sensitive,hybrid,1,0,0,1,0.0,13.6814,social,social,social,0,0
U08817,low_engagement,hybrid,3,1,0,4,38.9809,10.0388,social,social,social,0,1
U08818,new_cold_customer,fixed,3,2,1,6,50.4639,3.7405,social,ad,social,0,1
U08819,loyal_customer,hybrid,4,2,0,6,39.0741,4.094,social,social,offer,0,1
U08820,high_intent,hybrid,5,4,1,11,23.9686,2.2797,social,social,social,1,0
U08821,high_intent,hybrid,6,4,0,10,16.1689,6.0904,email,email,social,0,1
U08822,loyal_customer,hybrid,4,2,1,7,44.3488,1.3107,email,social,social,0,1
U08823,loyal_customer,hybrid,2,1,1,4,42.286,1.8485,offer,offer,social,0,1
U08824,new_cold_customer,trigger,4,0,0,4,88.9964,3.3874,social,social,social,0,0
U08825,loyal_customer,hybrid,6,3,1,11,24.0412,2.5688,social,social,social,1,0
U08826,low_engagement,hybrid,4,1,0,5,21.5189,6.1647,social,ad,social,0,1
U08827,loyal_customer,hybrid,2,0,0,2,110.9377,5.9658,social,social,ad,0,0
U08828,loyal_customer,hybrid,6,1,0,7,49.9507,2.0179,email,email,social,0,1
U08829,low_engagement,fixed,3,1,0,4,57.5589,4.8388,social,social,social,0,1
U08830,low_engagement,fixed,4,2,1,7,26.9887,4.1377,social,social,social,0,1
U08831,new_cold_customer,hybrid,4,2,1,7,31.5775,6.8558,social,ad,social,0,1
U08832,new_cold_customer,trigger,4,2,1,7,40.3736,4.5693,email,social,email,0,1
U08833,new_cold_customer,fixed,4,2,0,6,19.2796,6.7879,email,email,social,0,1
U08834,low_engagement,fixed,2,1,1,4,22.4131,11.3122,social,social,social,0,1
U08835,loyal_customer,fixed,5,2,0,7,30.3692,4.5973,social,social,email,0,1
U08836,loyal_customer,hybrid,3,2,0,5,70.6644,1.3068,social,social,social,0,1
U08837,loyal_customer,trigger,3,1,0,4,80.5471,3.6769,social,social,email,0,1
U08838,high_intent,hybrid,6,4,2,12,18.9054,2.8154,social,social,email,0,1
U08839,loyal_customer,trigger,6,2,0,8,40.6544,2.4656,ad,social,ad,0,1
U08840,high_intent,trigger,4,4,3,13,16.198,1.4112,social,email,social,1,0
U08841,high_intent,fixed,6,4,1,11,19.4279,6.0006,social,social,social,0,1
U08842,new_cold_customer,fixed,4,2,0,6,31.8698,2.0586,social,social,email,0,1
U08843,loyal_customer,hybrid,4,3,2,9,31.7252,3.6793,social,social,social,0,1
U08844,new_cold_customer,trigger,2,1,0,3,59.8179,8.4897,ad,ad,social,0,1
U08845,loyal_customer,hybrid,5,0,0,5,74.6311,2.5507,social,social,email,0,0
U08846,low_engagement,hybrid,2,0,0,2,71.4812,8.4511,social,social,social,0,0
U08847,low_engagement,trigger,4,1,0,5,64.7098,2.974,social,social,email,0,1
U08848,new_cold_customer,fixed,5,3,0,8,29.6923,5.6131,social,social,social,0,1
U08849,loyal_customer,fixed,2,1,0,3,30.4029,8.3533,social,social,email,0,1
U08850,low_engagement,fixed,4,0,0,4,50.132,8.6196,social,email,ad,0,0
U08851,low_engagement,fixed,3,2,0,5,64.2746,3.0895,social,email,social,0,1
U08852,high_intent,hybrid,6,3,1,11,28.7699,1.909,social,offer,social,1,0
U08853,low_engagement,trigger,2,1,0,3,10.0541,13.5163,ad,social,ad,0,1
U08854,loyal_customer,fixed,2,2,1,5,19.9633,5.9852,email,email,social,0,1
U08855,low_engagement,trigger,1,0,0,1,0.0,1.6775,offer,offer,offer,0,0
U08856,new_cold_customer,trigger,5,3,1,10,16.3574,1.3493,social,social,social,1,0
U08857,price_sensitive,hybrid,1,0,0,1,0.0,11.9874,email,email,email,0,0
U08858,loyal_customer,fixed,5,4,2,11,25.9125,4.1545,social,offer,offer,0,1
U08859,high_intent,trigger,7,4,1,12,23.386,2.9285,social,email,social,0,1
U08860,new_cold_customer,hybrid,5,2,0,7,55.6093,1.0026,social,social,social,0,1
U08861,low_engagement,fixed,2,1,0,3,14.5793,12.9158,email,email,social,0,1
U08862,loyal_customer,trigger,5,3,2,10,9.0049,3.3193,social,social,social,0,1
U08863,loyal_customer,hybrid,2,0,0,2,163.2452,7.9454,social,social,ad,0,0
U08864,high_intent,fixed,6,6,2,14,7.3029,10.5145,social,social,social,0,1
U08865,loyal_customer,fixed,4,2,0,6,49.6042,4.3308,email,social,email,0,1
U08866,new_cold_customer,fixed,4,1,0,5,50.7167,2.8799,social,social,social,0,1
U08867,low_engagement,hybrid,2,1,0,3,62.422,8.1974,email,email,social,0,1
U08868,new_cold_customer,fixed,5,1,1,7,18.4316,6.9493,social,social,social,0,1
U08869,high_intent,fixed,4,2,0,6,62.3182,1.809,social,social,email,0,1
U08870,high_intent,trigger,6,5,4,16,10.2072,7.9879,social,social,email,1,0
U08871,loyal_customer,fixed,2,2,1,5,26.2518,1.9108,social,social,social,0,1
U08872,loyal_customer,trigger,5,2,1,8,37.3369,3.8433,social,social,social,0,1
U08873,new_cold_customer,hybrid,5,2,1,8,23.9204,2.84,social,social,social,0,1
U08874,low_engagement,trigger,1,0,0,1,0.0,10.9479,email,email,email,0,0
U08875,low_engagement,trigger,3,1,0,4,59.3768,6.2741,social,social,social,0,1
U08876,price_sensitive,trigger,1,0,0,1,0.0,14.4841,email,email,email,0,0
U08877,loyal_customer,hybrid,6,4,0,10,28.2067,4.2039,social,social,email,0,1
U08878,price_sensitive,hybrid,2,0,0,2,61.8543,7.39,social,social,ad,0,0
U08879,high_intent,trigger,5,2,0,7,41.251,3.6277,social,social,email,0,1
U08880,price_sensitive,trigger,1,0,0,1,0.0,1.4072,offer,offer,offer,0,0
U08881,low_engagement,trigger,3,1,0,4,58.6569,7.52,email,email,ad,0,1
U08882,low_engagement,hybrid,3,1,0,4,89.1694,2.1122,social,social,ad,0,1
U08883,low_engagement,fixed,2,1,0,3,105.051,5.3326,social,social,social,0,1
U08884,loyal_customer,hybrid,2,0,0,2,133.369,8.2456,social,social,social,0,0
U08885,price_sensitive,hybrid,3,0,0,3,90.5013,3.0704,social,social,social,0,0
U08886,high_intent,trigger,3,3,2,10,12.1519,7.2975,social,social,email,1,0
U08887,high_intent,fixed,6,5,1,12,22.718,2.3539,social,social,social,0,1
U08888,high_intent,fixed,4,2,1,8,25.2025,3.2302,social,offer,email,1,0
U08889,low_engagement,hybrid,4,0,0,4,89.3408,2.8547,social,social,email,0,0
U08890,low_engagement,hybrid,3,1,0,4,30.6287,1.0333,ad,ad,social,0,1
U08891,price_sensitive,hybrid,3,0,0,3,14.0037,3.139,email,email,social,0,0
U08892,low_engagement,hybrid,1,0,0,1,0.0,14.7739,social,social,social,0,0
U08893,new_cold_customer,trigger,3,0,0,3,85.8722,7.5995,social,social,social,0,0
U08894,new_cold_customer,trigger,4,0,0,4,93.5271,1.0768,social,social,social,0,0
U08895,low_engagement,fixed,2,0,0,2,12.4136,9.3827,ad,ad,social,0,0
U08896,loyal_customer,trigger,3,2,0,5,74.7068,1.2986,email,email,email,0,1
U08897,high_intent,hybrid,5,3,2,11,18.8318,4.7658,social,social,email,1,0
U08898,new_cold_customer,trigger,2,1,1,4,30.6788,7.5976,social,social,social,0,1
U08899,low_engagement,fixed,4,1,0,5,48.713,4.8261,social,ad,social,0,1
U08900,low_engagement,fixed,3,1,0,4,108.8372,1.0107,social,social,social,0,1
U08901,low_engagement,trigger,2,0,0,2,104.9783,10.0465,social,social,social,0,0
U08902,new_cold_customer,fixed,4,2,0,6,31.9035,6.4096,social,social,social,0,1
U08903,low_engagement,trigger,2,1,1,5,31.5533,8.0655,email,email,social,1,0
U08904,loyal_customer,hybrid,6,3,0,9,34.6124,2.2989,social,social,social,0,1
U08905,low_engagement,hybrid,2,1,0,3,99.2652,5.4275,email,email,email,0,1
U08906,new_cold_customer,trigger,5,3,0,8,40.8834,2.8032,social,social,social,0,1
U08907,loyal_customer,trigger,6,4,0,10,23.7245,4.847,social,email,social,0,1
U08908,new_cold_customer,fixed,4,2,1,7,8.5022,5.0697,email,ad,email,0,1
U08909,low_engagement,hybrid,2,0,0,2,118.2537,1.1885,social,social,ad,0,0
U08910,high_intent,fixed,4,4,3,13,20.5522,2.2334,social,social,email,1,0
U08911,low_engagement,trigger,3,0,0,3,90.5434,7.0802,social,social,social,0,0
U08912,new_cold_customer,trigger,3,1,0,4,56.687,3.2545,social,social,social,0,1
U08913,new_cold_customer,hybrid,2,2,1,5,15.4972,7.9906,ad,social,ad,0,1
U08914,low_engagement,hybrid,1,0,0,1,0.0,4.1255,email,email,email,0,0
U08915,new_cold_customer,trigger,3,1,0,4,43.2654,1.9902,ad,ad,social,0,1
U08916,low_engagement,trigger,1,0,0,1,0.0,10.8495,social,social,social,0,0
U08917,loyal_customer,hybrid,2,1,0,3,53.5103,2.4977,social,social,social,0,1
U08918,high_intent,fixed,3,2,0,5,74.5785,1.5231,social,social,social,0,1
U08919,new_cold_customer,trigger,5,2,0,7,39.0901,3.6526,social,social,social,0,1
U08920,new_cold_customer,trigger,3,1,0,4,36.1153,10.4225,social,social,social,0,1
U08921,loyal_customer,trigger,5,3,1,9,36.22,1.1962,social,email,social,0,1
U08922,new_cold_customer,fixed,2,1,0,3,24.3,1.8338,ad,ad,social,0,1
U08923,low_engagement,fixed,3,0,0,3,117.0889,3.2992,social,social,social,0,0
U08924,new_cold_customer,trigger,5,2,1,8,25.3642,6.1819,social,social,social,0,1
U08925,low_engagement,hybrid,2,0,0,2,12.1979,10.025,offer,offer,social,0,0
U08926,new_cold_customer,trigger,2,1,0,3,38.0887,8.7246,ad,social,ad,0,1
U08927,low_engagement,hybrid,4,0,0,4,60.6538,4.4125,social,social,email,0,0
U08928,price_sensitive,trigger,3,1,0,4,29.9631,6.4682,social,social,ad,0,1
U08929,low_engagement,trigger,4,2,0,6,42.6154,1.4722,social,social,social,0,1
U08930,low_engagement,fixed,3,2,0,5,43.7958,3.9601,social,email,social,0,1
U08931,high_intent,hybrid,7,6,3,19,14.135,3.9993,social,ad,social,1,0
U08932,new_cold_customer,trigger,5,1,0,6,23.2886,1.0842,social,ad,email,0,1
U08933,new_cold_customer,trigger,3,2,1,6,19.8858,9.867,social,email,social,0,1
U08934,high_intent,hybrid,8,4,2,16,17.4426,2.2886,social,social,social,1,0
U08935,low_engagement,fixed,1,0,0,1,0.0,14.2871,email,email,email,0,0
U08936,new_cold_customer,fixed,4,2,0,6,28.8414,7.7853,social,social,social,0,1
U08937,low_engagement,trigger,1,0,0,1,0.0,5.3333,email,email,email,0,0
U08938,low_engagement,trigger,1,1,0,2,0.0,13.3613,social,social,social,0,1
U08939,loyal_customer,fixed,3,1,0,4,85.1008,2.9767,email,email,email,0,1
U08940,low_engagement,trigger,3,1,1,5,65.3834,2.9049,social,social,social,0,1
U08941,new_cold_customer,trigger,3,1,0,4,16.5749,4.9514,social,social,social,0,1
U08942,new_cold_customer,hybrid,4,2,0,6,30.6602,5.0035,social,ad,social,0,1
U08943,new_cold_customer,trigger,5,3,1,9,30.9528,3.5421,social,social,social,0,1
U08944,high_intent,fixed,8,5,5,22,11.5276,3.7898,social,social,offer,1,0
U08945,low_engagement,hybrid,3,3,2,8,17.163,3.3363,social,ad,social,0,1
U08946,low_engagement,hybrid,3,1,0,4,65.0709,3.4055,social,social,email,0,1
U08947,price_sensitive,trigger,1,0,0,1,0.0,4.0934,social,social,social,0,0
U08948,loyal_customer,hybrid,3,1,0,4,36.8005,3.377,social,social,social,0,1
U08949,new_cold_customer,fixed,3,0,0,3,140.2985,1.0423,social,email,social,0,0
U08950,new_cold_customer,trigger,5,4,2,11,19.9855,2.3932,social,social,social,0,1
U08951,new_cold_customer,fixed,2,0,0,2,159.545,2.3592,social,social,social,0,0
U08952,new_cold_customer,hybrid,3,0,0,3,48.918,8.6911,social,social,social,0,0
U08953,loyal_customer,hybrid,6,1,0,7,50.9983,1.7089,social,social,social,0,1
U08954,new_cold_customer,hybrid,5,0,0,5,28.7889,4.1749,social,social,social,0,0
U08955,loyal_customer,trigger,5,3,3,11,27.5087,1.5346,social,social,email,0,1
U08956,new_cold_customer,trigger,4,0,0,4,101.9605,2.1155,email,social,email,0,0
U08957,loyal_customer,trigger,5,2,0,7,53.1891,1.2487,social,email,social,0,1
U08958,new_cold_customer,hybrid,4,1,0,5,56.1844,5.5968,social,social,social,0,1
U08959,loyal_customer,fixed,5,3,0,8,36.1676,1.9577,social,email,email,0,1
U08960,high_intent,hybrid,8,4,3,15,21.5364,1.7512,social,ad,social,0,1
U08961,loyal_customer,fixed,4,1,0,5,48.7638,4.87,email,social,email,0,1
U08962,new_cold_customer,trigger,5,0,0,5,52.3632,5.4089,social,ad,social,0,0
U08963,new_cold_customer,fixed,2,0,0,2,73.0626,11.0811,email,email,email,0,0
U08964,new_cold_customer,fixed,3,1,0,4,46.3142,5.2973,ad,social,ad,0,1
U08965,loyal_customer,fixed,2,0,0,2,84.2654,7.2984,social,social,social,0,0
U08966,new_cold_customer,hybrid,3,2,0,5,64.5855,3.2394,social,ad,social,0,1
U08967,price_sensitive,hybrid,1,0,0,1,0.0,11.5094,social,social,social,0,0
U08968,loyal_customer,trigger,2,0,0,2,283.6171,1.0793,social,social,social,0,0
U08969,loyal_customer,hybrid,5,4,0,9,21.5654,2.0713,social,email,social,0,1
U08970,low_engagement,fixed,3,0,0,3,49.4747,6.9883,email,email,email,0,0
U08971,low_engagement,trigger,4,1,0,5,37.1659,7.2891,social,social,social,0,1
U08972,low_engagement,trigger,2,0,0,2,246.3456,1.1507,social,social,email,0,0
U08973,new_cold_customer,trigger,4,2,0,6,33.7094,1.1697,email,email,email,0,1
U08974,new_cold_customer,hybrid,2,2,2,6,11.2793,12.1638,social,social,social,0,1
U08975,new_cold_customer,hybrid,4,2,1,7,16.2794,8.4412,social,ad,social,0,1
U08976,loyal_customer,fixed,3,1,0,4,34.3134,5.4038,email,social,email,0,1
U08977,new_cold_customer,trigger,5,2,1,8,35.0157,2.87,social,social,social,0,1
U08978,high_intent,trigger,5,3,2,11,15.845,3.1077,email,email,email,1,0
U08979,loyal_customer,hybrid,5,4,1,10,27.2961,4.5675,social,ad,social,0,1
U08980,loyal_customer,trigger,5,1,0,6,37.2202,5.9047,social,social,ad,0,1
U08981,low_engagement,fixed,4,1,1,7,38.7999,4.1362,ad,social,ad,1,0
U08982,loyal_customer,fixed,5,2,0,7,19.6027,2.8542,social,social,social,0,1
U08983,new_cold_customer,hybrid,3,1,1,5,41.7881,2.598,social,social,email,0,1
U08984,new_cold_customer,trigger,3,0,0,3,99.9094,2.4206,social,social,social,0,0
U08985,loyal_customer,hybrid,5,4,2,11,27.1692,1.7092,email,email,social,0,1
U08986,new_cold_customer,hybrid,3,0,0,3,57.9811,3.8398,social,ad,social,0,0
U08987,low_engagement,hybrid,1,1,0,2,0.0,12.1337,social,social,social,0,1
U08988,loyal_customer,fixed,5,2,0,7,46.6426,1.6718,social,social,social,0,1
U08989,price_sensitive,fixed,1,0,0,1,0.0,5.8655,social,social,social,0,0
U08990,new_cold_customer,fixed,5,0,0,5,54.9367,5.0421,social,social,social,0,0
U08991,low_engagement,hybrid,4,2,0,6,17.4545,1.6573,social,social,social,0,1
U08992,new_cold_customer,trigger,4,2,0,6,36.4963,5.6983,social,ad,social,0,1
U08993,new_cold_customer,fixed,4,2,0,6,62.7161,1.8126,social,social,social,0,1
U08994,new_cold_customer,trigger,5,1,0,6,45.6404,4.0499,social,social,social,0,1
U08995,low_engagement,trigger,2,0,0,2,158.9795,5.3453,social,social,social,0,0
U08996,new_cold_customer,hybrid,4,4,1,9,29.8437,4.2903,social,social,social,0,1
U08997,low_engagement,fixed,2,0,0,2,65.8166,1.7054,social,social,social,0,0
U08998,loyal_customer,hybrid,5,4,0,9,40.8566,1.1613,social,social,email,0,1
U08999,loyal_customer,trigger,3,0,0,3,11.3554,9.1051,social,social,social,0,0
U09000,price_sensitive,fixed,3,0,0,3,74.0048,4.4048,email,email,email,0,0
U09001,low_engagement,trigger,2,0,0,2,263.6713,1.7435,email,email,social,0,0
U09002,low_engagement,fixed,1,0,0,1,0.0,2.0851,social,social,social,0,0
U09003,low_engagement,fixed,4,1,0,5,58.4839,3.7195,social,social,social,0,1
U09004,new_cold_customer,hybrid,5,2,1,8,44.0566,1.2444,social,social,social,0,1
U09005,new_cold_customer,fixed,5,3,1,9,34.0426,3.5078,social,social,social,0,1
U09006,low_engagement,hybrid,4,2,1,7,31.8451,2.0955,email,email,email,0,1
U09007,new_cold_customer,hybrid,4,3,0,7,24.9256,5.2562,social,ad,social,0,1
U09008,loyal_customer,hybrid,6,4,2,12,19.8552,3.9718,social,social,email,0,1
U09009,loyal_customer,hybrid,6,2,1,9,37.8238,1.145,social,social,social,0,1
U09010,new_cold_customer,hybrid,2,0,0,2,177.9942,4.3005,social,social,social,0,0
U09011,new_cold_customer,hybrid,5,2,0,7,44.6205,1.1438,social,social,ad,0,1
U09012,loyal_customer,fixed,2,1,0,3,98.1275,3.5723,email,email,social,0,1
U09013,new_cold_customer,fixed,4,1,0,5,68.9704,2.2036,social,social,social,0,1
U09014,low_engagement,trigger,3,2,1,7,15.2671,10.8371,email,email,email,1,0
U09015,low_engagement,fixed,3,0,0,3,76.3572,6.1388,social,social,social,0,0
U09016,price_sensitive,fixed,3,1,0,4,17.2175,3.0181,ad,social,ad,0,1
U09017,price_sensitive,fixed,2,1,1,4,28.154,9.4207,social,social,offer,0,1
U09018,high_intent,fixed,4,3,0,7,35.1803,2.3519,email,email,email,0,1
U09019,new_cold_customer,trigger,5,1,0,6,55.1866,1.947,social,email,social,0,1
U09020,new_cold_customer,hybrid,2,0,0,2,19.7245,3.8924,ad,ad,social,0,0
U09021,high_intent,fixed,6,5,3,15,19.8166,2.5368,social,social,social,1,0
U09022,high_intent,fixed,5,2,0,7,43.7539,3.6139,email,email,social,0,1
U09023,price_sensitive,hybrid,2,0,0,2,197.4133,5.9941,social,social,social,0,0
U09024,price_sensitive,trigger,3,0,0,3,134.2633,3.7711,social,social,email,0,0
U09025,loyal_customer,fixed,6,3,1,10,26.6336,4.1405,email,email,social,0,1
U09026,loyal_customer,trigger,3,1,1,5,65.4543,3.6751,social,social,social,0,1
U09027,price_sensitive,trigger,1,0,0,1,0.0,14.5494,email,email,email,0,0
U09028,low_engagement,hybrid,4,2,1,7,21.0986,3.863,social,social,social,0,1
U09029,low_engagement,trigger,2,1,0,3,35.1793,8.3922,social,social,social,0,1
U09030,low_engagement,trigger,1,0,0,1,0.0,14.9764,social,social,social,0,0
U09031,high_intent,hybrid,8,6,5,23,11.8757,3.9856,social,email,social,1,0
U09032,new_cold_customer,trigger,3,1,0,4,83.6133,2.5656,social,social,email,0,1
U09033,loyal_customer,hybrid,6,3,0,9,20.7784,4.8734,social,social,social,0,1
U09034,new_cold_customer,fixed,5,2,0,7,51.7389,1.067,social,social,social,0,1
U09035,high_intent,trigger,7,6,4,20,15.4468,1.4851,social,email,social,1,0
U09036,low_engagement,hybrid,2,1,0,3,73.0978,2.4782,social,social,social,0,1
U09037,low_engagement,fixed,2,1,0,3,139.4411,2.5539,social,social,social,0,1
U09038,low_engagement,fixed,4,2,0,6,25.4651,6.6196,social,social,social,0,1
U09039,loyal_customer,trigger,3,2,0,5,52.788,3.0791,social,email,social,0,1
U09040,loyal_customer,trigger,2,2,0,4,4.3792,9.8386,social,social,email,0,1
U09041,loyal_customer,fixed,2,1,1,5,4.1113,7.4535,email,email,email,1,0
U09042,new_cold_customer,hybrid,5,3,1,9,28.0776,1.0803,social,email,social,0,1
U09043,new_cold_customer,hybrid,2,0,0,2,10.3708,13.4075,ad,ad,offer,0,0
U09044,new_cold_customer,fixed,2,1,0,3,72.0292,6.6288,social,social,social,0,1
U09045,loyal_customer,hybrid,4,2,1,8,20.7824,5.2126,ad,social,ad,1,0
U09046,new_cold_customer,trigger,3,3,1,7,16.1817,3.1467,social,social,social,0,1
U09047,low_engagement,hybrid,3,0,0,3,19.8675,8.3536,social,social,ad,0,0
U09048,loyal_customer,hybrid,6,3,1,10,33.3628,1.3965,social,social,email,0,1
U09049,low_engagement,fixed,3,2,0,5,32.8869,1.6959,social,social,social,0,1
U09050,high_intent,fixed,4,3,2,9,18.5504,2.3464,email,social,email,0,1
U09051,high_intent,hybrid,7,5,3,18,14.8858,4.0276,email,email,social,1,0
U09052,high_intent,trigger,3,2,0,5,51.1155,1.4235,social,social,social,0,1
U09053,price_sensitive,fixed,2,1,0,3,118.0085,2.635,social,social,email,0,1
U09054,loyal_customer,trigger,2,1,1,4,12.1928,4.7534,social,email,social,0,1
U09055,price_sensitive,hybrid,3,0,0,3,59.4894,9.3695,email,email,social,0,0
U09056,loyal_customer,trigger,5,2,1,8,47.2917,1.1165,social,social,social,0,1
U09057,loyal_customer,trigger,2,0,0,2,55.6317,11.9023,social,social,social,0,0
U09058,loyal_customer,fixed,5,4,3,12,25.831,2.0173,social,email,social,0,1
U09059,low_engagement,hybrid,4,1,0,5,69.3147,2.9315,email,social,email,0,1
U09060,new_cold_customer,hybrid,2,1,0,3,31.0255,6.5948,social,social,social,0,1
U09061,new_cold_customer,hybrid,3,2,2,7,39.7357,2.9143,social,social,social,0,1
U09062,low_engagement,hybrid,3,2,0,5,17.4733,2.134,social,social,email,0,1
U09063,price_sensitive,trigger,3,0,0,3,34.2161,4.7072,email,email,email,0,0
U09064,new_cold_customer,trigger,3,1,0,4,41.1698,3.3847,social,social,social,0,1
U09065,new_cold_customer,hybrid,2,1,0,3,108.2907,3.8145,social,social,social,0,1
U09066,loyal_customer,hybrid,3,1,0,4,84.8377,1.3985,social,social,social,0,1
U09067,new_cold_customer,trigger,4,1,0,5,34.724,6.1139,social,social,email,0,1
U09068,loyal_customer,hybrid,3,2,0,5,50.5074,4.4765,email,email,email,0,1
U09069,low_engagement,fixed,4,1,0,5,74.2312,1.4527,social,social,social,0,1
U09070,new_cold_customer,hybrid,4,0,0,4,67.461,3.1197,social,social,email,0,0
U09071,high_intent,hybrid,5,3,1,9,35.6597,2.5923,email,email,email,0,1
U09072,low_engagement,hybrid,2,1,1,4,23.0974,4.0926,social,social,email,0,1
U09073,low_engagement,fixed,2,1,1,4,32.8659,9.2776,social,social,social,0,1
U09074,new_cold_customer,trigger,2,1,0,3,98.5156,3.4928,social,social,social,0,1
U09075,high_intent,fixed,6,1,0,7,49.7768,1.5029,email,social,email,0,1
U09076,low_engagement,trigger,4,1,0,5,50.9941,5.3467,social,social,social,0,1
U09077,low_engagement,trigger,4,1,0,5,18.9172,2.2242,social,social,social,0,1
U09078,low_engagement,hybrid,3,2,0,5,25.1505,5.9506,social,social,social,0,1
U09079,high_intent,trigger,3,2,1,6,63.0357,1.1091,social,social,social,0,1
U09080,new_cold_customer,hybrid,3,1,0,4,61.0114,2.2074,social,social,social,0,1
U09081,loyal_customer,hybrid,6,2,1,9,22.3581,3.8655,email,email,social,0,1
U09082,low_engagement,trigger,3,2,1,6,45.0734,2.8553,email,email,social,0,1
U09083,loyal_customer,hybrid,2,0,0,2,205.444,2.47,offer,offer,email,0,0
U09084,new_cold_customer,hybrid,2,0,0,2,38.0546,1.5575,social,social,social,0,0
U09085,loyal_customer,fixed,4,3,0,7,38.3089,2.369,social,social,social,0,1
U09086,loyal_customer,trigger,3,1,0,4,23.2717,4.9887,email,email,email,0,1
U09087,loyal_customer,hybrid,3,2,0,5,35.3548,1.1731,social,social,social,0,1
U09088,new_cold_customer,hybrid,4,0,0,4,51.3112,2.7839,social,ad,social,0,0
U09089,new_cold_customer,hybrid,4,0,0,4,42.9103,9.1527,social,social,social,0,0
U09090,loyal_customer,fixed,3,1,0,4,50.2978,2.7735,email,email,social,0,1
U09091,new_cold_customer,trigger,4,0,0,4,77.5503,1.8158,social,social,email,0,0
U09092,low_engagement,hybrid,4,2,1,7,39.028,3.4498,social,social,ad,0,1
U09093,new_cold_customer,trigger,4,0,0,4,74.9973,2.8653,social,ad,social,0,0
U09094,high_intent,trigger,8,8,4,21,13.9401,2.0962,social,social,social,1,0
U09095,new_cold_customer,trigger,3,1,0,4,67.8585,5.5429,social,social,social,0,1
U09096,low_engagement,trigger,2,1,1,4,85.0857,4.2179,email,email,social,0,1
U09097,new_cold_customer,fixed,2,1,1,4,20.1022,6.8397,social,social,social,0,1
U09098,new_cold_customer,fixed,2,1,0,3,76.1796,5.9547,social,social,social,0,1
U09099,loyal_customer,fixed,4,1,0,5,34.9672,4.457,social,email,social,0,1
U09100,low_engagement,fixed,1,1,0,2,0.0,12.4257,social,social,social,0,1
U09101,price_sensitive,hybrid,2,1,0,3,6.9193,12.9007,social,social,social,0,1
U09102,new_cold_customer,trigger,5,3,1,9,30.7437,4.5135,social,social,social,0,1
U09103,high_intent,fixed,3,3,1,8,8.868,10.9004,social,email,social,1,0
U09104,low_engagement,trigger,4,0,0,4,48.3806,2.4306,email,email,social,0,0
U09105,price_sensitive,trigger,1,0,0,1,0.0,7.0989,social,social,social,0,0
U09106,low_engagement,hybrid,2,1,0,3,41.4092,11.3851,social,social,social,0,1
U09107,new_cold_customer,trigger,5,3,0,8,38.5089,3.1741,social,email,social,0,1
U09108,high_intent,fixed,6,3,1,10,35.4018,1.6596,email,email,ad,0,1
U09109,loyal_customer,fixed,5,3,0,8,15.2794,1.6412,ad,email,offer,0,1
U09110,new_cold_customer,fixed,5,1,0,6,35.4602,2.645,social,social,social,0,1
U09111,new_cold_customer,trigger,4,2,0,6,40.0552,6.2762,social,social,email,0,1
U09112,new_cold_customer,hybrid,5,1,0,6,55.7674,3.0986,social,social,social,0,1
U09113,low_engagement,fixed,4,0,0,4,70.4587,1.8837,email,ad,email,0,0
U09114,low_engagement,fixed,4,2,1,7,30.0893,4.9503,social,social,social,0,1
U09115,loyal_customer,hybrid,6,5,1,13,20.1581,3.8925,social,email,social,1,0
U09116,high_intent,fixed,5,1,0,6,47.3003,4.8933,social,social,email,0,1
U09117,low_engagement,hybrid,2,0,0,2,1.4498,3.7763,social,social,social,0,0
U09118,low_engagement,fixed,4,2,0,6,33.7016,1.5594,social,social,social,0,1
U09119,new_cold_customer,fixed,5,3,0,8,23.3298,6.4681,social,social,social,0,1
U09120,new_cold_customer,hybrid,4,1,1,6,34.5688,1.8595,social,social,social,0,1
U09121,new_cold_customer,trigger,5,1,0,6,42.0297,5.1179,social,social,social,0,1
U09122,new_cold_customer,hybrid,5,4,1,10,21.4732,6.3641,social,social,social,0,1
U09123,loyal_customer,trigger,4,2,1,7,33.7285,1.9683,email,email,email,0,1
U09124,high_intent,hybrid,8,3,0,11,32.0314,1.5142,social,social,offer,0,1
U09125,loyal_customer,fixed,5,2,1,9,32.0219,3.6844,social,social,social,1,0
U09126,low_engagement,trigger,4,1,1,6,47.6793,4.855,social,social,social,0,1
U09127,high_intent,trigger,7,6,1,14,20.2646,2.6444,email,email,email,0,1
U09128,price_sensitive,fixed,2,1,0,3,17.3543,5.0152,email,email,social,0,1
U09129,high_intent,trigger,7,4,3,16,21.8469,1.0004,email,email,email,1,0
U09130,loyal_customer,trigger,3,3,1,8,22.3273,7.1655,email,email,social,1,0
U09131,new_cold_customer,hybrid,3,1,1,6,38.7004,2.1624,social,social,ad,1,0
U09132,price_sensitive,hybrid,1,0,0,1,0.0,8.2737,offer,offer,offer,0,0
U09133,loyal_customer,fixed,3,2,0,5,24.7296,3.4805,social,social,social,0,1
U09134,low_engagement,trigger,2,0,0,2,230.2355,2.932,social,social,social,0,0
U09135,high_intent,fixed,4,4,0,8,22.6559,3.3885,ad,ad,social,0,1
U09136,new_cold_customer,fixed,2,2,0,4,89.5785,1.9683,social,social,email,0,1
U09137,new_cold_customer,trigger,5,0,0,5,59.4774,1.8374,social,social,social,0,0
U09138,high_intent,trigger,6,3,0,9,33.7076,3.2074,social,social,offer,0,1
U09139,price_sensitive,hybrid,1,0,0,1,0.0,5.1884,email,email,email,0,0
U09140,loyal_customer,hybrid,2,1,1,4,20.3373,7.1329,social,social,social,0,1
U09141,low_engagement,fixed,4,0,0,4,65.4908,4.5532,social,social,social,0,0
U09142,high_intent,fixed,6,6,3,17,17.736,1.8469,social,email,social,1,0
U09143,loyal_customer,fixed,2,0,0,2,50.5691,5.2136,ad,ad,email,0,0
U09144,loyal_customer,hybrid,2,2,1,5,47.4401,5.0223,social,social,social,0,1
U09145,high_intent,hybrid,6,6,6,23,9.7986,1.0061,social,offer,social,1,0
U09146,low_engagement,trigger,1,0,0,1,0.0,7.13,social,social,social,0,0
U09147,low_engagement,trigger,1,0,0,1,0.0,13.3566,social,social,social,0,0
U09148,price_sensitive,fixed,1,0,0,1,0.0,10.7771,social,social,social,0,0
U09149,new_cold_customer,fixed,2,0,0,2,146.6046,6.0375,social,social,social,0,0
U09150,loyal_customer,hybrid,4,2,1,7,45.9375,2.3626,social,offer,social,0,1
U09151,new_cold_customer,hybrid,4,3,1,9,14.5175,3.8033,social,email,social,1,0
U09152,low_engagement,fixed,2,1,1,4,99.3891,1.2536,social,social,social,0,1
U09153,loyal_customer,trigger,5,3,2,10,36.0583,1.439,social,offer,social,0,1
U09154,low_engagement,hybrid,4,0,0,4,59.1162,6.4976,social,social,social,0,0
U09155,high_intent,hybrid,6,5,1,12,24.674,2.9827,social,email,social,0,1
U09156,high_intent,hybrid,7,5,2,15,20.9179,1.8997,social,email,social,1,0
U09157,new_cold_customer,fixed,5,3,2,10,30.3941,3.3348,social,email,ad,0,1
U09158,low_engagement,fixed,4,2,0,6,41.2808,6.18,ad,social,ad,0,1
U09159,new_cold_customer,hybrid,4,1,0,5,52.3876,5.7895,social,ad,social,0,1
U09160,new_cold_customer,hybrid,5,1,1,7,50.9607,1.5604,social,social,social,0,1
U09161,high_intent,fixed,3,1,0,4,67.1053,2.5706,email,social,email,0,1
U09162,new_cold_customer,trigger,5,4,2,11,17.9248,3.7206,social,social,social,0,1
U09163,loyal_customer,hybrid,3,3,2,8,36.063,3.8248,ad,ad,email,0,1
U09164,new_cold_customer,hybrid,5,4,1,10,24.3309,5.2429,social,ad,social,0,1
U09165,low_engagement,hybrid,2,1,0,3,23.0796,1.9542,social,social,social,0,1
U09166,loyal_customer,fixed,2,2,0,4,40.8473,5.5108,social,social,email,0,1
U09167,new_cold_customer,fixed,5,0,0,5,74.1905,2.4508,social,social,social,0,0
U09168,high_intent,trigger,6,5,2,14,13.4546,3.2701,social,social,social,1,0
U09169,price_sensitive,fixed,3,1,1,5,65.1039,3.9161,social,social,social,0,1
U09170,loyal_customer,hybrid,4,2,0,6,29.8556,8.3935,social,social,social,0,1
U09171,low_engagement,trigger,1,0,0,1,0.0,4.3601,social,social,social,0,0
U09172,low_engagement,fixed,3,1,0,4,77.4296,2.8867,social,social,social,0,1
U09173,low_engagement,hybrid,4,2,0,6,37.0256,5.784,social,social,social,0,1
U09174,price_sensitive,trigger,3,1,0,4,86.7829,1.2937,social,social,social,0,1
U09175,low_engagement,hybrid,3,1,1,5,52.488,2.6396,social,social,social,0,1
U09176,loyal_customer,hybrid,6,3,0,9,27.9071,5.6404,social,social,social,0,1
U09177,low_engagement,fixed,4,1,0,5,52.4478,3.415,social,ad,email,0,1
U09178,high_intent,hybrid,3,2,2,9,37.2364,2.4222,social,email,social,1,0
U09179,loyal_customer,fixed,5,1,0,6,58.0579,2.8549,social,social,email,0,1
U09180,high_intent,trigger,3,3,0,6,8.4098,2.9438,social,ad,social,0,1
U09181,new_cold_customer,hybrid,3,2,1,6,57.64,2.8023,social,social,email,0,1
U09182,high_intent,trigger,3,2,1,6,29.9619,3.9458,social,social,email,0,1
U09183,low_engagement,fixed,3,1,0,4,53.5709,2.4121,social,social,social,0,1
U09184,low_engagement,fixed,3,1,0,4,35.0939,7.9064,social,social,social,0,1
U09185,low_engagement,trigger,4,1,1,6,18.553,7.6592,social,social,email,0,1
U09186,new_cold_customer,trigger,4,2,1,7,28.9694,3.9764,social,social,social,0,1
U09187,new_cold_customer,trigger,5,1,0,6,55.2727,1.6289,social,social,social,0,1
U09188,loyal_customer,trigger,2,2,0,4,14.14,13.0071,email,email,social,0,1
U09189,new_cold_customer,fixed,3,0,0,3,36.5855,7.4318,email,email,ad,0,0
U09190,low_engagement,hybrid,1,0,0,1,0.0,8.1263,social,social,social,0,0
U09191,high_intent,hybrid,8,5,3,18,10.482,4.1697,social,email,social,1,0
U09192,new_cold_customer,hybrid,3,3,0,6,40.3521,1.9529,social,social,social,0,1
U09193,new_cold_customer,hybrid,2,0,0,2,45.8306,12.0587,social,social,social,0,0
U09194,new_cold_customer,fixed,4,1,0,5,60.9906,4.4428,social,social,social,0,1
U09195,new_cold_customer,fixed,4,2,1,7,37.4972,4.2072,social,social,social,0,1
U09196,new_cold_customer,trigger,4,1,0,5,68.6087,1.8952,social,social,social,0,1
U09197,new_cold_customer,trigger,2,0,0,2,33.3087,10.8626,social,social,social,0,0
U09198,low_engagement,hybrid,2,1,0,3,13.9219,13.2914,social,social,social,0,1
U09199,new_cold_customer,trigger,5,1,0,6,46.7475,3.9872,social,ad,social,0,1
U09200,high_intent,fixed,6,5,5,17,16.4785,3.6511,social,social,social,1,0
U09201,new_cold_customer,trigger,3,2,0,5,36.5548,1.251,social,social,social,0,1
U09202,new_cold_customer,hybrid,3,1,0,4,39.4061,5.3108,social,social,social,0,1
U09203,loyal_customer,trigger,5,3,1,9,29.3501,3.7482,social,social,social,0,1
U09204,high_intent,trigger,4,2,2,9,27.2737,5.4887,social,social,social,1,0
U09205,price_sensitive,fixed,1,0,0,1,0.0,1.6379,social,social,social,0,0
U09206,high_intent,fixed,5,2,1,8,39.839,1.1432,social,social,social,0,1
U09207,high_intent,hybrid,8,4,1,14,19.6169,1.2145,social,social,social,1,0
U09208,new_cold_customer,hybrid,3,1,0,4,40.4001,4.8997,social,social,social,0,1
U09209,new_cold_customer,fixed,5,1,0,6,35.894,1.8157,social,social,social,0,1
U09210,new_cold_customer,fixed,2,0,0,2,194.7387,5.4288,social,social,social,0,0
U09211,new_cold_customer,hybrid,4,3,1,8,31.9995,1.9061,social,social,social,0,1
U09212,low_engagement,trigger,1,0,0,1,0.0,3.7445,offer,offer,offer,0,0
U09213,high_intent,trigger,5,3,2,11,28.5341,2.4207,social,social,social,1,0
U09214,loyal_customer,fixed,4,4,3,12,27.2829,2.3521,email,email,social,1,0
U09215,new_cold_customer,trigger,3,1,1,5,4.953,13.5743,social,ad,social,0,1
U09216,high_intent,hybrid,5,4,1,10,32.2137,1.3712,social,email,social,0,1
U09217,low_engagement,hybrid,4,1,0,5,57.6377,3.1912,social,social,social,0,1
U09218,new_cold_customer,hybrid,4,1,0,5,67.4534,2.0089,social,social,social,0,1
U09219,new_cold_customer,trigger,2,1,0,3,85.6116,6.6565,social,ad,social,0,1
U09220,low_engagement,trigger,2,0,0,2,154.9194,1.2028,social,social,social,0,0
U09221,high_intent,trigger,7,7,4,19,17.8749,1.0427,social,social,email,1,0
U09222,low_engagement,hybrid,4,0,0,4,44.8495,4.9362,social,social,social,0,0
U09223,low_engagement,trigger,2,2,1,5,0.5522,2.8829,email,social,email,0,1
U09224,loyal_customer,fixed,5,4,0,9,19.1846,7.3361,ad,email,email,0,1
U09225,loyal_customer,hybrid,5,2,1,8,24.5823,4.6272,social,social,social,0,1
U09226,low_engagement,fixed,1,1,0,2,0.0,10.139,social,social,social,0,1
U09227,new_cold_customer,hybrid,4,0,0,4,59.0425,1.7496,social,offer,social,0,0
U09228,new_cold_customer,hybrid,3,1,0,4,56.8804,3.4641,social,social,social,0,1
U09229,new_cold_customer,hybrid,3,2,0,5,26.2808,9.0244,social,social,social,0,1
U09230,new_cold_customer,hybrid,4,3,0,7,51.7885,1.0063,social,social,social,0,1
U09231,new_cold_customer,trigger,2,0,0,2,78.1884,11.5731,ad,ad,social,0,0
U09232,new_cold_customer,fixed,3,1,0,4,67.9977,2.667,social,social,social,0,1
U09233,price_sensitive,trigger,3,1,1,5,49.4228,3.4397,social,email,email,0,1
U09234,loyal_customer,fixed,2,1,1,4,9.9999,10.5408,social,email,social,0,1
U09235,low_engagement,hybrid,1,1,1,3,0.0,4.1085,social,social,social,0,1
U09236,high_intent,hybrid,6,4,2,13,19.9336,3.752,social,social,email,1,0
U09237,low_engagement,trigger,3,0,0,3,155.1797,1.6841,email,email,email,0,0
U09238,loyal_customer,trigger,4,0,0,4,96.8592,2.279,social,ad,social,0,0
U09239,high_intent,trigger,8,7,1,16,13.7497,5.4135,social,social,email,0,1
U09240,price_sensitive,fixed,3,0,0,3,132.627,1.4947,email,email,social,0,0
U09241,high_intent,hybrid,8,6,5,22,10.0083,1.0294,social,social,social,1,0
U09242,loyal_customer,fixed,4,1,1,6,58.0875,1.9475,social,social,social,0,1
U09243,loyal_customer,hybrid,2,0,0,2,250.6895,1.6278,social,social,social,0,0
U09244,new_cold_customer,trigger,4,1,0,5,57.1751,4.7404,ad,social,offer,0,1
U09245,new_cold_customer,trigger,2,0,0,2,54.9893,7.0094,ad,ad,social,0,0
U09246,new_cold_customer,fixed,5,1,0,6,42.3656,6.1387,social,social,social,0,1
U09247,loyal_customer,hybrid,5,3,2,10,26.1862,1.2862,email,social,email,0,1
U09248,new_cold_customer,trigger,4,3,1,8,32.8228,2.9726,social,social,email,0,1
U09249,low_engagement,trigger,2,1,0,3,29.2822,2.5721,social,social,social,0,1
U09250,new_cold_customer,trigger,4,0,0,4,76.137,1.3765,social,social,email,0,0
U09251,price_sensitive,hybrid,2,0,0,2,288.8969,1.3132,social,social,ad,0,0
U09252,low_engagement,fixed,2,1,0,3,108.4584,5.3016,social,social,email,0,1
U09253,loyal_customer,hybrid,5,2,2,10,30.9743,3.154,email,social,social,1,0
U09254,low_engagement,hybrid,4,3,1,8,16.1473,9.4379,social,social,social,0,1
U09255,low_engagement,hybrid,1,1,0,2,0.0,2.4203,social,social,social,0,1
U09256,low_engagement,fixed,1,1,0,2,0.0,3.9943,social,social,social,0,1
U09257,new_cold_customer,fixed,2,1,0,3,56.9369,4.6587,social,social,social,0,1
U09258,new_cold_customer,trigger,3,1,0,4,51.7212,7.8968,social,social,social,0,1
U09259,low_engagement,trigger,4,2,0,6,33.0551,1.6203,social,social,social,0,1
U09260,new_cold_customer,fixed,5,2,0,7,33.8333,1.8316,social,social,ad,0,1
U09261,new_cold_customer,hybrid,2,0,0,2,79.814,5.9086,ad,ad,offer,0,0
U09262,high_intent,fixed,7,4,2,14,18.8495,4.5715,social,email,email,1,0
U09263,loyal_customer,fixed,6,3,0,9,26.7686,2.7211,social,social,social,0,1
U09264,loyal_customer,trigger,3,1,1,5,45.257,7.1662,email,social,email,0,1
U09265,low_engagement,fixed,4,1,0,5,60.8166,3.5257,email,email,social,0,1
U09266,loyal_customer,hybrid,4,3,1,9,17.0045,8.011,social,email,email,1,0
U09267,new_cold_customer,fixed,4,1,1,6,21.6934,1.2374,ad,social,social,0,1
U09268,new_cold_customer,trigger,3,1,0,4,68.9776,5.3301,social,social,social,0,1
U09269,low_engagement,fixed,3,0,0,3,113.8731,5.1983,social,social,social,0,0
U09270,low_engagement,trigger,3,0,0,3,62.6095,8.7985,social,social,social,0,0
U09271,new_cold_customer,trigger,2,1,0,3,54.8114,8.6828,social,social,social,0,1
U09272,price_sensitive,trigger,3,1,0,4,70.5605,3.8663,social,email,social,0,1
U09273,loyal_customer,fixed,6,3,3,12,17.8496,3.343,social,social,email,0,1
U09274,high_intent,trigger,8,8,3,22,13.3416,3.1285,social,social,ad,1,0
U09275,low_engagement,trigger,3,2,0,5,44.7121,4.4464,social,social,social,0,1
U09276,loyal_customer,hybrid,6,2,0,8,38.7449,2.8148,social,social,email,0,1
U09277,loyal_customer,trigger,4,2,2,8,26.0282,5.403,email,social,email,0,1
U09278,new_cold_customer,hybrid,4,0,0,4,76.128,3.49,social,social,social,0,0
U09279,loyal_customer,hybrid,6,3,0,9,27.8168,2.1767,social,social,email,0,1
U09280,new_cold_customer,hybrid,3,2,0,5,15.7124,2.3364,social,social,social,0,1
U09281,loyal_customer,trigger,3,1,1,6,46.9747,4.2895,social,social,social,1,0
U09282,price_sensitive,hybrid,3,1,0,4,55.4631,5.2159,social,social,social,0,1
U09283,low_engagement,fixed,3,0,0,3,157.5225,1.5503,social,social,social,0,0
U09284,loyal_customer,hybrid,5,1,0,6,56.6502,1.5015,social,social,email,0,1
U09285,low_engagement,trigger,4,1,0,5,38.0076,2.8546,social,social,social,0,1
U09286,high_intent,hybrid,8,5,2,15,20.936,1.7659,social,social,social,0,1
U09287,new_cold_customer,trigger,3,1,0,4,82.4395,4.0977,social,social,social,0,1
U09288,high_intent,trigger,4,3,1,9,31.2181,1.2945,social,social,social,1,0
U09289,new_cold_customer,fixed,5,2,0,7,44.8964,2.9199,social,email,social,0,1
U09290,high_intent,fixed,5,2,0,7,33.2443,4.3633,social,email,social,0,1
U09291,price_sensitive,fixed,3,0,0,3,146.1813,2.1226,offer,offer,social,0,0
U09292,loyal_customer,trigger,4,0,0,4,37.0894,2.3011,social,social,ad,0,0
U09293,low_engagement,fixed,4,1,1,6,22.2051,6.5228,ad,social,ad,0,1
U09294,loyal_customer,hybrid,4,1,1,6,46.7913,1.0184,social,offer,ad,0,1
U09295,new_cold_customer,hybrid,3,2,1,6,19.7949,3.3881,social,social,social,0,1
U09296,new_cold_customer,trigger,5,2,2,9,18.8836,6.9622,social,social,social,0,1
U09297,new_cold_customer,fixed,2,0,0,2,3.237,2.0377,social,social,email,0,0
U09298,loyal_customer,hybrid,3,2,0,5,78.4514,1.7109,email,email,ad,0,1
U09299,low_engagement,fixed,3,2,1,6,13.73,4.7272,email,ad,email,0,1
U09300,low_engagement,trigger,4,1,0,5,55.4524,5.7154,social,social,social,0,1
U09301,new_cold_customer,trigger,2,1,0,3,115.1565,3.0599,social,social,social,0,1
U09302,loyal_customer,hybrid,3,2,0,5,57.5395,4.031,social,email,social,0,1
U09303,low_engagement,fixed,1,1,0,2,0.0,7.148,ad,ad,ad,0,1
U09304,loyal_customer,fixed,4,2,0,6,52.9967,2.8323,social,social,email,0,1
U09305,low_engagement,hybrid,2,1,0,3,74.5594,1.8149,social,email,social,0,1
U09306,high_intent,fixed,5,3,0,8,31.6675,2.0977,social,email,social,0,1
U09307,low_engagement,trigger,4,0,0,4,67.3766,5.6127,social,social,social,0,0
U09308,low_engagement,trigger,4,1,0,5,63.0911,1.4259,social,ad,social,0,1
U09309,high_intent,trigger,8,7,4,21,14.0115,2.8516,social,email,email,1,0
U09310,price_sensitive,trigger,3,1,0,4,64.0653,1.9137,social,email,social,0,1
U09311,new_cold_customer,hybrid,5,3,1,9,25.2625,2.0001,social,social,social,0,1
U09312,new_cold_customer,fixed,2,1,0,3,39.7003,3.3155,social,social,social,0,1
U09313,loyal_customer,fixed,3,2,0,5,62.9911,3.5561,email,email,ad,0,1
U09314,new_cold_customer,hybrid,3,3,0,6,56.39,1.6123,social,ad,social,0,1
U09315,new_cold_customer,hybrid,3,0,0,3,50.3537,4.3028,social,ad,social,0,0
U09316,new_cold_customer,fixed,5,2,2,9,29.4835,2.1529,social,social,social,0,1
U09317,loyal_customer,trigger,4,2,0,6,65.016,1.3609,social,social,social,0,1
U09318,new_cold_customer,fixed,2,1,0,3,128.5063,4.06,email,ad,email,0,1
U09319,loyal_customer,hybrid,6,3,2,11,27.1234,1.1442,social,ad,social,0,1
U09320,new_cold_customer,hybrid,2,0,0,2,58.6215,2.9486,social,social,social,0,0
U09321,low_engagement,fixed,4,0,0,4,108.8042,1.0269,social,offer,social,0,0
U09322,price_sensitive,fixed,1,0,0,1,0.0,12.8328,ad,ad,ad,0,0
U09323,new_cold_customer,hybrid,2,1,1,4,9.5612,7.599,social,social,social,0,1
U09324,new_cold_customer,hybrid,3,0,0,3,36.8684,3.0474,social,social,social,0,0
U09325,low_engagement,hybrid,3,1,0,4,46.2672,8.1851,social,social,offer,0,1
U09326,new_cold_customer,hybrid,4,2,1,7,48.3044,1.9608,social,social,social,0,1
U09327,new_cold_customer,fixed,5,2,1,9,30.8455,2.3269,social,social,social,1,0
U09328,loyal_customer,hybrid,2,1,0,3,45.3552,6.3439,social,social,offer,0,1
U09329,price_sensitive,fixed,3,1,0,4,53.5899,1.213,email,email,social,0,1
U09330,new_cold_customer,fixed,5,2,1,8,8.3561,6.3872,social,social,social,0,1
U09331,new_cold_customer,hybrid,3,2,0,5,63.674,3.3545,social,social,social,0,1
U09332,low_engagement,fixed,2,0,0,2,58.0109,2.4086,email,email,social,0,0
U09333,low_engagement,fixed,3,2,0,5,40.7169,6.5831,ad,ad,social,0,1
U09334,loyal_customer,hybrid,5,2,0,7,50.7128,1.3003,social,social,social,0,1
U09335,low_engagement,fixed,4,1,0,5,49.8113,4.4598,social,social,social,0,1
U09336,low_engagement,fixed,3,1,0,4,70.4357,3.8377,social,social,social,0,1
U09337,new_cold_customer,fixed,3,1,0,4,94.5465,1.868,social,social,social,0,1
U09338,low_engagement,fixed,1,0,0,1,0.0,7.9262,email,email,email,0,0
U09339,loyal_customer,trigger,2,1,0,3,62.773,7.9412,social,social,social,0,1
U09340,low_engagement,fixed,2,0,0,2,134.0121,7.7897,social,social,social,0,0
U09341,loyal_customer,fixed,4,4,1,9,18.8936,5.5838,email,social,email,0,1
U09342,high_intent,hybrid,7,5,4,17,15.3899,2.5666,social,email,email,1,0
U09343,price_sensitive,hybrid,3,0,0,3,139.4254,1.9071,email,email,social,0,0
U09344,loyal_customer,hybrid,6,3,1,11,20.0068,3.0579,email,email,social,1,0
U09345,price_sensitive,fixed,2,0,0,2,84.8682,6.2943,social,social,social,0,0
U09346,high_intent,fixed,4,3,1,8,30.8499,3.122,social,social,email,0,1
U09347,high_intent,hybrid,8,7,3,19,13.4895,1.1605,social,social,social,1,0
U09348,new_cold_customer,trigger,2,2,1,5,32.2711,8.736,social,social,social,0,1
U09349,loyal_customer,fixed,5,3,2,10,20.6349,4.9601,social,email,social,0,1
U09350,new_cold_customer,fixed,5,2,1,8,17.9767,2.7608,social,social,social,0,1
U09351,price_sensitive,trigger,3,1,0,4,31.9461,7.0436,social,social,social,0,1
U09352,new_cold_customer,trigger,4,1,0,5,37.5319,7.1082,social,email,social,0,1
U09353,high_intent,trigger,4,4,1,10,11.9587,2.8985,social,social,social,1,0
U09354,loyal_customer,hybrid,4,2,0,6,49.2239,4.0134,social,email,offer,0,1
U09355,high_intent,fixed,3,1,0,4,22.2247,4.5601,social,social,social,0,1
U09356,new_cold_customer,trigger,3,1,0,4,51.1802,4.1081,social,social,social,0,1
U09357,loyal_customer,hybrid,2,1,0,3,3.4184,5.9381,social,social,social,0,1
U09358,low_engagement,hybrid,4,2,1,7,32.7305,4.341,ad,ad,ad,0,1
U09359,new_cold_customer,fixed,2,0,0,2,115.296,4.6137,social,social,offer,0,0
U09360,new_cold_customer,trigger,5,2,0,7,48.0414,2.9172,social,social,social,0,1
U09361,low_engagement,hybrid,1,1,0,2,0.0,1.108,social,social,social,0,1
U09362,low_engagement,trigger,3,1,0,4,38.8287,7.06,social,social,social,0,1
U09363,new_cold_customer,fixed,5,4,0,9,33.4866,1.6377,social,email,social,0,1
U09364,new_cold_customer,trigger,3,2,0,5,63.0239,3.2673,social,social,social,0,1
U09365,loyal_customer,hybrid,5,3,2,11,24.3159,3.6155,social,email,social,1,0
U09366,new_cold_customer,fixed,4,2,2,8,34.2405,1.4316,social,social,social,0,1
U09367,low_engagement,trigger,2,0,0,2,93.766,9.2936,social,social,social,0,0
U09368,low_engagement,fixed,1,1,0,2,0.0,2.8255,social,social,social,0,1
U09369,new_cold_customer,fixed,3,1,0,4,78.3211,2.3993,social,social,social,0,1
U09370,low_engagement,fixed,4,2,0,6,51.3459,4.2249,social,email,offer,0,1
U09371,low_engagement,trigger,3,1,0,4,24.3428,1.1871,social,social,ad,0,1
U09372,loyal_customer,fixed,4,1,0,5,15.7446,6.8504,social,social,social,0,1
U09373,loyal_customer,fixed,2,0,0,2,240.143,4.2343,social,social,email,0,0
U09374,new_cold_customer,hybrid,2,1,0,3,20.034,11.4809,social,social,social,0,1
U09375,new_cold_customer,hybrid,2,1,0,3,27.0468,10.7714,social,social,social,0,1
U09376,low_engagement,fixed,2,0,0,2,112.6588,8.3022,social,social,social,0,0
U09377,loyal_customer,fixed,2,2,1,5,35.6977,4.038,social,ad,social,0,1
U09378,new_cold_customer,fixed,4,1,0,5,37.4255,7.455,social,social,social,0,1
U09379,low_engagement,fixed,3,2,1,6,51.5135,3.0525,social,social,social,0,1
U09380,low_engagement,hybrid,2,2,0,4,48.4602,3.7446,social,social,social,0,1
U09381,high_intent,hybrid,6,4,0,10,34.5395,1.0753,social,social,social,0,1
U09382,new_cold_customer,fixed,5,2,0,7,33.3385,2.8757,ad,ad,social,0,1
U09383,new_cold_customer,trigger,3,0,0,3,59.9898,2.3256,social,social,social,0,0
U09384,new_cold_customer,hybrid,4,3,1,9,14.8925,8.2305,social,social,social,1,0
U09385,new_cold_customer,fixed,2,0,0,2,123.645,7.0756,social,social,social,0,0
U09386,low_engagement,fixed,4,3,1,8,31.722,2.5399,ad,ad,ad,0,1
U09387,new_cold_customer,fixed,2,0,0,2,53.992,5.6295,social,social,social,0,0
U09388,low_engagement,hybrid,3,0,0,3,93.3678,3.7549,ad,ad,email,0,0
U09389,low_engagement,trigger,2,0,0,2,106.8798,7.9518,social,social,email,0,0
U09390,low_engagement,hybrid,1,1,0,2,0.0,2.6485,ad,ad,ad,0,1
U09391,low_engagement,fixed,1,1,0,2,0.0,14.0875,ad,ad,ad,0,1
U09392,low_engagement,trigger,3,2,0,5,42.932,1.2749,social,social,social,0,1
U09393,loyal_customer,hybrid,4,1,1,6,32.6188,6.0698,social,social,email,0,1
U09394,loyal_customer,trigger,2,1,0,3,16.8194,5.1545,social,offer,social,0,1
U09395,new_cold_customer,trigger,2,1,0,3,27.1735,6.7092,social,social,social,0,1
U09396,loyal_customer,hybrid,6,3,1,10,12.7305,2.7872,email,email,social,0,1
U09397,loyal_customer,trigger,5,4,0,9,33.61,1.5096,social,social,social,0,1
U09398,loyal_customer,fixed,4,1,0,5,36.3479,6.1036,email,social,email,0,1
U09399,low_engagement,hybrid,3,1,1,5,52.61,3.0707,social,social,social,0,1
U09400,high_intent,fixed,8,5,2,16,15.0732,2.4234,social,social,email,1,0
U09401,loyal_customer,trigger,5,2,0,7,47.4715,1.3001,social,email,email,0,1
U09402,new_cold_customer,trigger,5,3,1,10,5.3251,10.4833,social,social,ad,1,0
U09403,price_sensitive,trigger,3,0,0,3,22.9884,5.1709,social,social,social,0,0
U09404,loyal_customer,fixed,6,4,1,11,28.3374,1.1506,social,social,social,0,1
U09405,low_engagement,hybrid,1,0,0,1,0.0,11.692,social,social,social,0,0
U09406,low_engagement,trigger,2,1,0,3,71.5743,5.6687,social,social,social,0,1
U09407,loyal_customer,trigger,4,3,1,9,35.2751,2.25,social,social,social,1,0
U09408,new_cold_customer,trigger,5,1,0,6,20.2174,5.7628,social,social,social,0,1
U09409,new_cold_customer,fixed,5,3,1,9,21.6043,6.4764,social,social,social,0,1
U09410,new_cold_customer,trigger,4,1,1,6,17.123,5.9506,social,social,social,0,1
U09411,new_cold_customer,trigger,3,1,1,5,19.8835,4.3044,ad,social,social,0,1
U09412,new_cold_customer,fixed,3,2,1,6,62.5751,1.2529,social,social,social,0,1
U09413,high_intent,trigger,6,4,2,13,23.6996,1.6305,social,ad,social,1,0
U09414,new_cold_customer,trigger,5,3,1,9,35.9387,2.9936,social,social,social,0,1
U09415,loyal_customer,fixed,5,4,2,12,19.7349,2.886,social,social,social,1,0
U09416,new_cold_customer,fixed,4,1,0,5,49.0422,2.674,social,social,social,0,1
U09417,new_cold_customer,trigger,5,4,0,9,26.0235,1.9264,social,social,social,0,1
U09418,new_cold_customer,fixed,2,1,1,4,44.72,6.4227,ad,ad,social,0,1
U09419,loyal_customer,fixed,4,0,0,4,47.8865,6.6064,email,email,email,0,0
U09420,low_engagement,fixed,2,0,0,2,175.0601,4.6629,ad,ad,social,0,0
U09421,loyal_customer,trigger,6,4,1,12,19.2838,2.4805,email,social,social,1,0
U09422,new_cold_customer,hybrid,5,3,1,9,23.6656,2.5417,social,social,social,0,1
U09423,low_engagement,fixed,3,2,0,5,39.4633,6.9013,social,social,social,0,1
U09424,low_engagement,trigger,3,0,0,3,40.9456,5.2838,email,email,social,0,0
U09425,new_cold_customer,trigger,5,0,0,5,73.4646,2.0547,social,ad,social,0,0
U09426,loyal_customer,trigger,2,0,0,2,11.8947,9.1365,ad,ad,social,0,0
U09427,new_cold_customer,fixed,2,1,0,3,70.4371,8.4931,social,social,social,0,1
U09428,low_engagement,trigger,1,0,0,1,0.0,7.1051,social,social,social,0,0
U09429,loyal_customer,trigger,5,3,1,10,15.8928,3.7895,social,social,social,1,0
U09430,new_cold_customer,fixed,5,0,0,5,65.4226,2.6294,social,social,social,0,0
U09431,low_engagement,fixed,2,0,0,2,98.8148,7.9552,ad,ad,email,0,0
U09432,loyal_customer,hybrid,6,3,1,10,28.618,1.1732,email,email,social,0,1
U09433,new_cold_customer,fixed,4,3,0,7,45.966,1.6539,social,social,social,0,1
U09434,new_cold_customer,hybrid,5,3,0,8,32.5398,2.2674,ad,social,ad,0,1
U09435,loyal_customer,trigger,5,2,2,9,37.2125,1.2683,ad,offer,email,0,1
U09436,new_cold_customer,trigger,3,1,0,4,44.3376,1.2369,ad,social,ad,0,1
U09437,new_cold_customer,hybrid,4,2,0,6,46.4457,1.9478,social,social,social,0,1
U09438,new_cold_customer,fixed,4,2,0,6,36.0378,5.5446,social,social,social,0,1
U09439,new_cold_customer,hybrid,5,1,1,7,29.7022,6.0624,social,social,social,0,1
U09440,new_cold_customer,trigger,5,3,0,8,42.4051,1.7165,social,social,social,0,1
U09441,new_cold_customer,trigger,3,1,0,4,87.0799,2.9644,social,social,social,0,1
U09442,price_sensitive,trigger,2,1,0,3,17.9808,4.1865,social,social,social,0,1
U09443,new_cold_customer,fixed,3,1,0,4,60.8067,4.6083,social,social,social,0,1
U09444,new_cold_customer,fixed,3,2,1,6,36.7538,4.6975,ad,ad,social,0,1
U09445,price_sensitive,fixed,3,2,0,5,34.4538,6.644,email,email,email,0,1
U09446,low_engagement,hybrid,4,1,1,6,12.0781,4.3926,social,email,social,0,1
U09447,new_cold_customer,hybrid,3,1,0,4,47.543,4.1862,social,social,social,0,1
U09448,price_sensitive,fixed,1,1,0,2,0.0,3.217,offer,offer,offer,0,1
U09449,loyal_customer,trigger,2,1,1,4,13.5093,7.9057,email,email,offer,0,1
U09450,low_engagement,trigger,4,1,0,5,48.1433,1.7759,email,social,email,0,1
U09451,high_intent,trigger,8,8,5,25,12.3929,2.0285,social,social,email,1,0
U09452,new_cold_customer,fixed,5,1,1,7,48.1584,1.853,social,ad,social,0,1
U09453,new_cold_customer,hybrid,2,2,0,4,40.8202,5.0586,social,social,social,0,1
U09454,loyal_customer,fixed,4,2,0,6,22.0061,6.0517,social,social,social,0,1
U09455,low_engagement,hybrid,4,0,0,4,99.5038,2.2756,social,social,social,0,0
U09456,price_sensitive,trigger,2,1,0,3,25.6636,8.5594,social,social,ad,0,1
U09457,price_sensitive,trigger,2,0,0,2,54.3381,11.8506,email,email,email,0,0
U09458,low_engagement,trigger,4,1,0,5,23.384,2.7641,social,ad,email,0,1
U09459,new_cold_customer,hybrid,2,2,1,5,6.3327,12.6612,email,email,social,0,1
U09460,low_engagement,hybrid,3,1,1,5,27.4389,8.2964,social,email,social,0,1
U09461,loyal_customer,trigger,3,2,1,6,28.1964,6.4786,social,social,social,0,1
U09462,low_engagement,hybrid,4,2,0,6,34.5699,1.8157,ad,ad,social,0,1
U09463,new_cold_customer,fixed,3,1,0,4,50.6241,6.8912,social,social,ad,0,1
U09464,low_engagement,hybrid,1,0,0,1,0.0,4.9022,social,social,social,0,0
U09465,low_engagement,fixed,1,0,0,1,0.0,8.9961,social,social,social,0,0
U09466,low_engagement,trigger,3,1,1,5,64.8557,1.9041,social,social,social,0,1
U09467,new_cold_customer,hybrid,4,4,1,9,30.5294,4.6544,social,social,social,0,1
U09468,loyal_customer,trigger,6,1,0,7,47.6984,1.2928,social,social,ad,0,1
U09469,new_cold_customer,hybrid,4,2,2,8,45.47,1.2668,email,email,social,0,1
U09470,low_engagement,trigger,2,0,0,2,165.2735,6.774,social,social,social,0,0
U09471,low_engagement,fixed,1,0,0,1,0.0,3.8534,email,email,email,0,0
U09472,low_engagement,hybrid,3,2,1,6,42.64,5.6843,email,email,social,0,1
U09473,low_engagement,hybrid,3,0,0,3,112.6444,1.8193,social,ad,social,0,0
U09474,loyal_customer,fixed,6,2,1,9,29.6142,3.41,social,email,social,0,1
U09475,high_intent,fixed,7,6,3,18,15.0158,4.0611,social,social,social,1,0
U09476,loyal_customer,fixed,3,1,0,4,44.15,3.0922,social,social,social,0,1
U09477,loyal_customer,hybrid,2,0,0,2,7.0366,2.9213,social,social,ad,0,0
U09478,new_cold_customer,trigger,4,1,0,5,68.1944,2.1271,social,social,social,0,1
U09479,loyal_customer,hybrid,3,0,0,3,60.133,2.8054,social,social,social,0,0
U09480,new_cold_customer,hybrid,5,2,0,7,22.159,3.7594,social,social,social,0,1
U09481,price_sensitive,trigger,1,0,0,1,0.0,9.6622,social,social,social,0,0
U09482,low_engagement,fixed,1,0,0,1,0.0,14.887,social,social,social,0,0
U09483,high_intent,hybrid,5,3,1,9,33.3471,1.9778,email,social,email,0,1
U09484,new_cold_customer,hybrid,5,1,0,6,60.1337,1.1411,offer,offer,social,0,1
U09485,new_cold_customer,fixed,2,1,1,4,27.8465,1.8792,social,social,social,0,1
U09486,loyal_customer,trigger,5,1,0,6,59.7,2.3773,social,email,social,0,1
U09487,new_cold_customer,hybrid,3,2,1,6,28.6811,1.3373,social,social,social,0,1
U09488,loyal_customer,trigger,5,3,2,10,23.0317,6.0124,social,social,email,0,1
U09489,new_cold_customer,fixed,4,1,0,5,63.3395,3.4607,social,social,social,0,1
U09490,low_engagement,hybrid,1,1,0,2,0.0,4.5925,email,email,email,0,1
U09491,low_engagement,fixed,4,2,0,6,47.971,1.3205,social,social,email,0,1
U09492,new_cold_customer,fixed,3,2,0,5,80.1418,1.5043,social,ad,social,0,1
U09493,loyal_customer,hybrid,5,2,0,7,50.8678,1.4974,email,email,offer,0,1
U09494,low_engagement,hybrid,1,0,0,1,0.0,8.5609,email,email,email,0,0
U09495,low_engagement,hybrid,1,1,0,2,0.0,11.1694,social,social,social,0,1
U09496,new_cold_customer,trigger,3,1,0,4,41.1713,9.4473,social,social,social,0,1
U09497,price_sensitive,hybrid,3,1,0,4,52.0653,3.9234,email,email,social,0,1
U09498,low_engagement,trigger,4,1,0,5,49.8699,4.0603,ad,ad,email,0,1
U09499,loyal_customer,fixed,3,1,0,4,92.2534,2.8497,social,social,social,0,1
U09500,loyal_customer,trigger,4,2,1,7,33.8522,1.1524,email,offer,social,0,1
U09501,low_engagement,hybrid,4,1,0,5,58.0826,3.6446,social,social,social,0,1
U09502,new_cold_customer,hybrid,5,1,0,6,29.2931,3.4413,social,social,email,0,1
U09503,loyal_customer,hybrid,3,1,0,4,89.0892,1.1346,email,ad,email,0,1
U09504,low_engagement,trigger,1,0,0,1,0.0,2.6876,social,social,social,0,0
U09505,low_engagement,fixed,4,2,1,8,46.6341,1.3831,email,email,email,1,0
U09506,new_cold_customer,hybrid,3,2,0,5,54.6423,4.231,social,social,social,0,1
U09507,loyal_customer,fixed,4,1,1,7,37.7774,2.6344,ad,email,social,1,0
U09508,new_cold_customer,fixed,3,1,0,4,51.3921,4.9589,social,social,social,0,1
U09509,loyal_customer,hybrid,4,2,1,7,18.3323,10.2687,email,email,social,0,1
U09510,loyal_customer,fixed,4,2,0,6,21.3665,1.2385,social,social,email,0,1
U09511,low_engagement,hybrid,3,2,1,7,41.3224,1.874,social,social,social,1,0
U09512,low_engagement,fixed,4,0,0,4,75.8749,3.5053,social,social,social,0,0
U09513,low_engagement,fixed,3,0,0,3,96.713,6.4051,social,social,social,0,0
U09514,loyal_customer,fixed,4,2,1,8,26.9634,6.5364,social,email,social,1,0
U09515,low_engagement,hybrid,3,1,0,4,14.0319,3.8309,ad,ad,email,0,1
U09516,loyal_customer,trigger,6,2,1,10,22.8051,5.2054,email,email,email,1,0
U09517,low_engagement,trigger,3,1,0,4,89.3268,2.4106,social,social,email,0,1
U09518,new_cold_customer,fixed,2,2,2,6,22.9584,2.0575,social,social,social,0,1
U09519,new_cold_customer,trigger,5,2,0,7,35.7627,4.4297,social,social,social,0,1
U09520,new_cold_customer,hybrid,2,1,0,3,99.1092,6.4616,ad,social,ad,0,1
U09521,new_cold_customer,hybrid,4,0,0,4,34.3691,10.0935,social,social,social,0,0
U09522,low_engagement,hybrid,4,0,0,4,79.1712,4.5221,social,ad,social,0,0
U09523,high_intent,hybrid,8,7,3,19,16.2749,1.8959,social,social,social,1,0
U09524,new_cold_customer,trigger,4,1,0,5,30.626,7.8132,social,ad,social,0,1
U09525,high_intent,fixed,3,2,1,7,35.1612,5.9246,social,social,social,1,0
U09526,price_sensitive,trigger,1,0,0,1,0.0,8.9931,social,social,social,0,0
U09527,loyal_customer,trigger,5,2,0,7,49.8833,2.0293,email,email,email,0,1
U09528,new_cold_customer,fixed,4,3,0,7,40.0483,1.3335,social,social,social,0,1
U09529,new_cold_customer,trigger,5,2,1,8,27.5172,4.5275,social,social,social,0,1
U09530,new_cold_customer,trigger,3,2,1,6,20.226,5.5866,social,social,social,0,1
U09531,loyal_customer,trigger,6,4,1,11,28.5578,1.1284,social,social,social,0,1
U09532,loyal_customer,trigger,3,1,1,5,46.9755,3.8423,email,social,email,0,1
U09533,new_cold_customer,fixed,5,0,0,5,44.3224,2.1855,social,social,social,0,0
U09534,loyal_customer,hybrid,6,0,0,6,54.4751,3.594,social,social,email,0,0
U09535,price_sensitive,trigger,2,1,0,3,69.5486,5.5224,social,email,social,0,1
U09536,new_cold_customer,trigger,4,0,0,4,57.5144,7.002,social,social,social,0,0
U09537,low_engagement,trigger,3,2,0,5,69.7538,2.6269,social,email,social,0,1
U09538,low_engagement,trigger,2,0,0,2,70.2267,10.4299,social,social,social,0,0
U09539,low_engagement,trigger,2,1,0,3,65.6045,5.2917,offer,email,offer,0,1
U09540,price_sensitive,trigger,1,0,0,1,0.0,1.0006,social,social,social,0,0
U09541,loyal_customer,trigger,5,3,0,8,19.8287,8.6942,social,social,ad,0,1
U09542,new_cold_customer,hybrid,4,2,0,6,63.3118,1.7234,social,ad,social,0,1
U09543,low_engagement,hybrid,2,1,0,3,49.0722,4.7757,email,email,social,0,1
U09544,new_cold_customer,hybrid,5,1,0,6,43.5588,4.6571,social,email,social,0,1
U09545,new_cold_customer,fixed,3,2,0,5,70.9631,2.2956,social,social,social,0,1
U09546,new_cold_customer,hybrid,5,1,0,6,62.8907,1.185,social,social,ad,0,1
U09547,new_cold_customer,trigger,3,1,0,4,39.6426,3.0705,social,social,social,0,1
U09548,new_cold_customer,hybrid,3,1,0,4,56.4155,5.2901,social,social,email,0,1
U09549,new_cold_customer,hybrid,5,3,1,9,7.3337,1.7673,social,social,social,0,1
U09550,low_engagement,fixed,1,0,0,1,0.0,7.8512,ad,ad,ad,0,0
U09551,low_engagement,trigger,1,0,0,1,0.0,5.6378,email,email,email,0,0
U09552,new_cold_customer,fixed,3,2,0,5,13.807,3.3936,social,social,email,0,1
U09553,new_cold_customer,hybrid,2,1,0,3,14.0226,13.2995,social,social,social,0,1
U09554,high_intent,hybrid,5,3,1,9,20.6984,2.1861,social,email,social,0,1
U09555,price_sensitive,hybrid,3,1,1,5,39.8974,7.2629,social,ad,offer,0,1
U09556,low_engagement,trigger,4,2,0,6,40.5413,2.6537,social,social,social,0,1
U09557,low_engagement,fixed,2,0,0,2,105.3708,6.299,social,social,social,0,0
U09558,loyal_customer,trigger,5,3,0,8,40.3573,3.1218,social,social,social,0,1
U09559,high_intent,hybrid,8,5,1,15,22.0124,1.3413,social,social,social,1,0
U09560,low_engagement,trigger,2,1,0,3,93.3989,5.6538,social,social,social,0,1
U09561,low_engagement,trigger,4,3,1,8,27.9065,4.4158,social,social,email,0,1
U09562,low_engagement,hybrid,2,0,0,2,65.5738,9.8656,social,social,social,0,0
U09563,new_cold_customer,fixed,3,0,0,3,121.6468,1.4491,social,social,social,0,0
U09564,high_intent,fixed,7,5,0,12,20.5517,3.4059,email,email,social,0,1
U09565,high_intent,trigger,3,2,0,5,48.0893,4.0429,social,social,social,0,1
U09566,new_cold_customer,trigger,4,1,1,6,25.3109,5.255,social,social,social,0,1
U09567,low_engagement,fixed,3,0,0,3,90.055,3.5027,social,social,social,0,0
U09568,low_engagement,fixed,2,1,0,3,10.0332,8.4075,social,social,social,0,1
U09569,new_cold_customer,fixed,4,2,0,6,44.3681,4.4604,social,social,social,0,1
U09570,new_cold_customer,fixed,2,0,0,2,79.7589,8.7381,social,social,social,0,0
U09571,low_engagement,trigger,4,0,0,4,70.419,1.8796,social,social,email,0,0
U09572,new_cold_customer,trigger,5,1,0,6,43.4557,3.3047,social,social,social,0,1
U09573,new_cold_customer,trigger,5,0,0,5,71.7418,1.9876,social,email,social,0,0
U09574,price_sensitive,fixed,2,0,0,2,38.5053,1.6842,offer,offer,email,0,0
U09575,loyal_customer,fixed,4,2,0,6,58.885,1.6537,social,social,email,0,1
U09576,new_cold_customer,trigger,3,0,0,3,116.6814,3.9476,social,email,social,0,0
U09577,price_sensitive,hybrid,1,1,0,2,0.0,12.9145,email,email,email,0,1
U09578,new_cold_customer,hybrid,3,0,0,3,87.9882,5.6313,social,social,social,0,0
U09579,loyal_customer,trigger,4,2,0,6,12.7134,5.6708,social,social,email,0,1
U09580,new_cold_customer,fixed,4,0,0,4,18.3528,5.2671,social,social,social,0,0
U09581,loyal_customer,trigger,2,0,0,2,86.7695,7.3072,social,social,email,0,0
U09582,price_sensitive,fixed,3,1,1,5,79.6531,1.4523,social,social,social,0,1
U09583,low_engagement,fixed,2,0,0,2,55.0542,2.4432,email,email,social,0,0
U09584,new_cold_customer,trigger,5,2,0,7,30.5469,6.1482,social,social,social,0,1
U09585,new_cold_customer,hybrid,5,2,0,7,29.9227,6.5823,social,social,social,0,1
U09586,new_cold_customer,hybrid,5,1,0,6,27.9801,2.6138,social,social,social,0,1
U09587,loyal_customer,fixed,6,4,1,12,25.1031,1.3538,social,social,email,1,0
U09588,low_engagement,fixed,2,0,0,2,283.6166,2.6589,social,social,social,0,0
U09589,loyal_customer,fixed,2,2,0,4,51.3453,5.3516,social,social,social,0,1
U09590,new_cold_customer,trigger,4,2,0,6,26.9525,7.3722,social,social,social,0,1
U09591,new_cold_customer,trigger,4,2,0,6,23.4886,1.2265,social,email,social,0,1
U09592,low_engagement,hybrid,1,0,0,1,0.0,1.1924,ad,ad,ad,0,0
U09593,new_cold_customer,fixed,2,0,0,2,108.2256,6.01,social,social,social,0,0
U09594,new_cold_customer,trigger,4,3,0,7,18.0319,6.6929,social,social,social,0,1
U09595,new_cold_customer,hybrid,3,1,0,4,103.2257,1.7986,social,social,social,0,1
U09596,price_sensitive,trigger,2,1,0,3,51.3265,2.6022,social,social,social,0,1
U09597,price_sensitive,trigger,1,0,0,1,0.0,1.0289,ad,ad,ad,0,0
U09598,new_cold_customer,fixed,5,1,0,6,42.2438,5.4426,social,social,social,0,1
U09599,low_engagement,hybrid,2,0,0,2,25.1675,9.5614,social,social,social,0,0
U09600,loyal_customer,fixed,5,2,0,7,27.103,4.8032,social,ad,social,0,1
U09601,low_engagement,fixed,1,1,1,3,0.0,10.1158,social,social,social,0,1
U09602,high_intent,hybrid,6,6,0,12,12.8747,2.9549,social,social,social,0,1
U09603,loyal_customer,hybrid,5,2,0,7,34.3441,2.5647,social,social,social,0,1
U09604,high_intent,fixed,7,4,1,13,21.3547,3.9479,social,social,offer,1,0
U09605,loyal_customer,hybrid,3,0,0,3,52.1426,6.4002,email,email,social,0,0
U09606,low_engagement,trigger,3,2,0,5,59.0151,3.596,social,social,social,0,1
U09607,high_intent,hybrid,3,2,1,7,29.3833,3.8584,email,email,email,1,0
U09608,new_cold_customer,fixed,4,3,0,7,33.626,5.6723,social,social,social,0,1
U09609,loyal_customer,hybrid,4,1,1,7,39.6678,1.7324,social,social,email,1,0
U09610,new_cold_customer,trigger,3,2,1,6,21.7398,6.1115,social,social,email,0,1
U09611,new_cold_customer,fixed,2,0,0,2,285.2697,1.473,social,social,social,0,0
U09612,loyal_customer,trigger,5,3,0,8,23.2502,1.955,social,social,ad,0,1
U09613,low_engagement,trigger,3,1,0,4,61.0363,4.1591,email,ad,email,0,1
U09614,low_engagement,fixed,1,0,0,1,0.0,11.8928,social,social,social,0,0
U09615,low_engagement,fixed,3,1,0,4,43.074,8.4644,social,social,social,0,1
U09616,new_cold_customer,trigger,4,3,0,7,49.9784,1.4816,social,ad,social,0,1
U09617,low_engagement,trigger,3,0,0,3,124.0701,4.2067,social,social,social,0,0
U09618,high_intent,trigger,3,2,1,7,42.4713,2.0969,email,email,email,1,0
U09619,low_engagement,trigger,1,0,0,1,0.0,2.1399,email,email,email,0,0
U09620,price_sensitive,hybrid,3,1,0,4,24.2793,7.9312,social,social,ad,0,1
U09621,new_cold_customer,fixed,4,3,2,9,32.2408,2.4776,social,social,ad,0,1
U09622,high_intent,hybrid,5,4,2,11,19.293,5.0582,social,social,email,0,1
U09623,new_cold_customer,fixed,5,2,0,7,43.9533,3.8393,social,social,social,0,1
U09624,new_cold_customer,trigger,4,1,0,5,42.529,1.4788,social,email,social,0,1
U09625,loyal_customer,trigger,2,1,0,3,10.4447,1.925,social,social,email,0,1
U09626,new_cold_customer,trigger,5,3,0,8,37.0767,3.6293,social,ad,social,0,1
U09627,new_cold_customer,trigger,5,1,0,6,54.4471,1.2703,social,ad,social,0,1
U09628,new_cold_customer,hybrid,3,1,0,4,19.5893,1.6105,social,email,social,0,1
U09629,price_sensitive,trigger,3,1,0,4,80.1428,2.1937,social,social,social,0,1
U09630,price_sensitive,fixed,2,0,0,2,66.0114,6.3578,ad,ad,social,0,0
U09631,loyal_customer,trigger,3,0,0,3,37.5413,7.0503,social,social,social,0,0
U09632,loyal_customer,hybrid,6,4,3,14,22.5829,1.83,email,email,social,1,0
U09633,loyal_customer,fixed,2,0,0,2,65.8192,1.6947,email,email,social,0,0
U09634,new_cold_customer,hybrid,4,1,1,6,63.0234,1.1873,social,offer,email,0,1
U09635,new_cold_customer,trigger,4,2,1,8,45.3172,1.548,ad,email,social,1,0
U09636,loyal_customer,fixed,2,1,0,3,33.1194,5.1103,social,social,social,0,1
U09637,new_cold_customer,fixed,5,3,1,9,35.3527,2.4526,social,social,social,0,1
U09638,loyal_customer,fixed,2,1,0,3,1.6076,2.0868,social,social,social,0,1
U09639,low_engagement,fixed,2,1,0,3,29.5107,4.1102,social,social,social,0,1
U09640,low_engagement,fixed,1,0,0,1,0.0,3.4416,email,email,email,0,0
U09641,low_engagement,fixed,4,1,0,5,23.9783,2.6347,email,social,email,0,1
U09642,high_intent,hybrid,5,2,2,11,31.3528,1.4481,ad,social,social,1,0
U09643,new_cold_customer,hybrid,4,2,0,6,44.0761,2.6397,social,email,social,0,1
U09644,new_cold_customer,hybrid,2,2,0,4,74.0959,2.1551,social,social,social,0,1
U09645,new_cold_customer,fixed,2,2,0,4,39.1038,8.5452,social,social,social,0,1
U09646,new_cold_customer,hybrid,3,1,0,4,54.2727,8.0719,social,social,social,0,1
U09647,low_engagement,hybrid,4,0,0,4,51.9977,3.4527,social,social,email,0,0
U09648,loyal_customer,trigger,3,2,2,8,17.2056,3.6082,social,social,social,1,0
U09649,price_sensitive,trigger,2,0,0,2,103.7906,2.4987,social,social,social,0,0
U09650,high_intent,fixed,5,5,2,12,22.5397,2.3742,email,email,social,0,1
U09651,high_intent,trigger,3,2,0,5,30.1921,4.1446,social,social,social,0,1
U09652,new_cold_customer,trigger,4,2,0,6,46.4057,4.4315,social,social,social,0,1
U09653,high_intent,hybrid,6,4,3,15,21.9045,1.0121,social,offer,email,1,0
U09654,new_cold_customer,trigger,4,0,0,4,71.6135,1.7699,social,social,social,0,0
U09655,low_engagement,fixed,2,1,0,3,91.2298,5.7996,social,email,social,0,1
U09656,new_cold_customer,fixed,5,1,1,7,54.6081,1.0303,social,social,social,0,1
U09657,low_engagement,hybrid,2,1,0,3,15.1196,12.6577,social,email,social,0,1
U09658,price_sensitive,hybrid,3,1,0,4,81.8465,3.1327,email,email,social,0,1
U09659,new_cold_customer,hybrid,5,3,2,11,21.1424,1.136,social,social,social,1,0
U09660,high_intent,trigger,3,3,2,9,22.1496,3.9711,email,social,email,1,0
U09661,low_engagement,fixed,3,1,0,4,81.1391,1.4771,social,social,social,0,1
U09662,loyal_customer,hybrid,6,4,0,10,27.3666,4.3696,social,ad,email,0,1
U09663,loyal_customer,hybrid,4,3,0,7,33.9161,2.2257,social,email,social,0,1
U09664,high_intent,fixed,8,5,1,14,23.5339,1.8905,social,social,email,0,1
U09665,high_intent,fixed,6,2,1,10,35.9063,1.1713,email,email,email,1,0
U09666,low_engagement,fixed,3,2,0,5,64.9447,3.4762,social,social,social,0,1
U09667,low_engagement,fixed,1,1,1,3,0.0,11.0689,social,social,social,0,1
U09668,low_engagement,hybrid,4,2,0,6,26.3672,7.556,social,social,email,0,1
U09669,high_intent,hybrid,4,4,3,12,20.553,2.589,social,social,social,1,0
U09670,loyal_customer,trigger,2,2,0,4,51.7758,7.4686,email,email,social,0,1
U09671,loyal_customer,fixed,5,1,0,6,42.2743,6.0568,email,email,email,0,1
U09672,new_cold_customer,trigger,4,2,0,6,59.4856,1.5416,social,social,email,0,1
U09673,loyal_customer,trigger,6,3,0,9,34.2973,3.3491,social,social,social,0,1
U09674,loyal_customer,fixed,5,3,1,9,9.169,4.1403,ad,social,social,0,1
U09675,low_engagement,trigger,2,1,1,4,4.1568,8.6267,social,social,social,0,1
U09676,loyal_customer,fixed,5,1,0,6,35.5962,1.8158,social,social,email,0,1
U09677,new_cold_customer,fixed,2,1,1,4,17.7168,2.222,social,ad,social,0,1
U09678,new_cold_customer,trigger,2,2,0,4,14.0674,7.687,social,social,social,0,1
U09679,low_engagement,trigger,3,0,0,3,20.4004,9.4658,social,social,social,0,0
U09680,price_sensitive,fixed,2,0,0,2,39.6963,8.643,social,social,email,0,0
U09681,loyal_customer,trigger,5,3,0,8,27.3102,3.1771,social,social,email,0,1
U09682,new_cold_customer,fixed,3,3,0,6,54.5954,2.4911,social,social,social,0,1
U09683,loyal_customer,trigger,2,1,1,4,18.4063,9.3722,social,social,social,0,1
U09684,loyal_customer,hybrid,2,2,0,4,26.9836,8.8295,email,email,offer,0,1
U09685,new_cold_customer,fixed,4,2,1,7,45.1085,1.2494,social,social,social,0,1
U09686,new_cold_customer,fixed,3,1,0,4,48.6822,3.8856,social,social,social,0,1
U09687,new_cold_customer,hybrid,4,2,1,7,38.1135,1.0843,ad,ad,social,0,1
U09688,loyal_customer,trigger,5,1,0,6,27.1324,3.4096,social,email,social,0,1
U09689,new_cold_customer,hybrid,3,0,0,3,73.92,5.1156,social,social,social,0,0
U09690,high_intent,trigger,3,1,1,5,26.2877,5.2742,social,social,social,0,1
U09691,new_cold_customer,trigger,4,3,2,9,13.3465,1.1175,social,social,ad,0,1
U09692,new_cold_customer,trigger,3,1,1,5,63.9568,1.0988,social,social,social,0,1
U09693,loyal_customer,hybrid,5,1,0,6,61.8289,1.5842,social,social,offer,0,1
U09694,low_engagement,fixed,3,0,0,3,81.061,3.0062,social,social,email,0,0
U09695,low_engagement,trigger,4,0,0,4,24.0508,8.5669,social,social,email,0,0
U09696,new_cold_customer,fixed,2,0,0,2,3.4128,11.4651,social,social,social,0,0
U09697,price_sensitive,trigger,3,1,0,4,39.8308,6.6818,email,social,email,0,1
U09698,loyal_customer,hybrid,3,1,0,4,66.4119,2.2082,ad,ad,social,0,1
U09699,new_cold_customer,trigger,4,3,1,8,23.0506,2.4499,ad,email,ad,0,1
U09700,new_cold_customer,hybrid,5,2,0,7,42.6635,2.1472,social,social,social,0,1
U09701,new_cold_customer,trigger,5,1,0,6,37.2629,2.95,social,social,social,0,1
U09702,loyal_customer,trigger,5,3,0,8,36.8358,3.2996,social,social,email,0,1
U09703,high_intent,hybrid,4,4,3,12,20.9467,3.7382,social,social,email,1,0
U09704,low_engagement,trigger,1,1,0,2,0.0,2.762,email,email,email,0,1
U09705,high_intent,hybrid,3,2,1,7,53.7983,1.1659,email,social,social,1,0
U09706,loyal_customer,hybrid,4,0,0,4,71.1327,1.8144,social,social,social,0,0
U09707,price_sensitive,trigger,1,1,0,2,0.0,12.1679,email,email,email,0,1
U09708,new_cold_customer,fixed,2,0,0,2,15.4941,6.6022,social,social,social,0,0
U09709,loyal_customer,hybrid,2,0,0,2,111.4067,2.3753,email,email,social,0,0
U09710,new_cold_customer,fixed,5,2,1,8,34.195,1.9208,social,social,social,0,1
U09711,high_intent,hybrid,8,6,3,19,17.9802,1.2501,social,ad,email,1,0
U09712,new_cold_customer,hybrid,3,1,0,4,74.8357,4.8553,social,social,social,0,1
U09713,new_cold_customer,trigger,5,0,0,5,51.9573,5.7417,email,email,ad,0,0
U09714,price_sensitive,trigger,3,0,0,3,112.5411,1.3706,email,email,ad,0,0
U09715,low_engagement,fixed,4,0,0,4,48.758,2.5461,email,email,social,0,0
U09716,price_sensitive,fixed,2,0,0,2,173.1693,4.0462,social,social,social,0,0
U09717,high_intent,trigger,5,4,3,14,16.1459,3.7018,social,social,social,1,0
U09718,new_cold_customer,trigger,5,1,0,6,48.7072,1.365,social,social,social,0,1
U09719,new_cold_customer,trigger,4,2,2,8,26.0779,4.8742,ad,ad,social,0,1
U09720,new_cold_customer,fixed,2,0,0,2,6.9836,13.7807,social,social,social,0,0
U09721,loyal_customer,fixed,6,3,1,10,16.6873,6.7671,email,ad,social,0,1
U09722,low_engagement,trigger,2,2,0,4,22.1136,1.3022,social,social,email,0,1
U09723,loyal_customer,trigger,3,1,1,5,37.4424,1.8616,email,email,social,0,1
U09724,new_cold_customer,fixed,4,0,0,4,57.3998,1.0,social,social,social,0,0
U09725,low_engagement,hybrid,2,0,0,2,156.1351,6.2386,email,email,email,0,0
U09726,new_cold_customer,fixed,2,1,0,3,37.3781,4.6694,social,social,social,0,1
U09727,low_engagement,hybrid,4,2,1,7,16.3842,8.8017,social,social,social,0,1
U09728,high_intent,fixed,8,4,2,15,21.9542,1.8367,social,email,email,1,0
U09729,high_intent,trigger,4,2,2,9,32.2466,1.184,email,social,email,1,0
U09730,loyal_customer,hybrid,2,0,0,2,202.9013,4.1012,social,social,social,0,0
U09731,new_cold_customer,hybrid,4,0,0,4,67.5857,5.3977,social,social,social,0,0
U09732,low_engagement,fixed,1,1,0,2,0.0,7.3432,social,social,social,0,1
U09733,low_engagement,trigger,2,1,0,3,29.5105,4.4744,social,social,social,0,1
U09734,new_cold_customer,trigger,4,1,0,5,61.353,1.4402,social,social,social,0,1
U09735,low_engagement,fixed,1,0,0,1,0.0,3.4657,social,social,social,0,0
U09736,new_cold_customer,trigger,4,4,0,8,13.9079,8.1637,social,email,social,0,1
U09737,low_engagement,hybrid,4,2,0,6,51.0844,2.4658,email,email,ad,0,1
U09738,new_cold_customer,hybrid,2,1,0,3,16.4958,8.1324,social,email,social,0,1
U09739,loyal_customer,fixed,4,3,0,7,11.7107,6.5452,social,email,email,0,1
U09740,loyal_customer,trigger,2,1,1,5,43.006,3.0076,social,email,social,1,0
U09741,new_cold_customer,trigger,4,3,1,9,13.2378,5.4677,social,social,ad,1,0
U09742,new_cold_customer,hybrid,2,1,1,4,32.7255,4.4641,social,social,social,0,1
U09743,high_intent,hybrid,5,4,1,10,23.8118,2.0054,social,social,social,0,1
U09744,high_intent,fixed,7,4,2,15,15.6628,5.0206,social,email,social,1,0
U09745,low_engagement,trigger,2,1,0,3,47.363,6.7112,social,email,social,0,1
U09746,low_engagement,fixed,4,1,1,6,34.8864,5.9854,social,social,email,0,1
U09747,high_intent,trigger,8,4,2,15,21.1596,1.1588,email,email,social,1,0
U09748,loyal_customer,hybrid,3,1,0,4,35.2219,7.9392,email,ad,email,0,1
U09749,new_cold_customer,hybrid,4,3,1,9,18.5271,1.1959,social,email,social,1,0
U09750,price_sensitive,trigger,3,2,0,5,41.343,6.1924,social,social,social,0,1
U09751,new_cold_customer,hybrid,5,1,1,7,29.8314,5.6336,social,social,social,0,1
U09752,high_intent,trigger,8,8,1,17,16.6686,3.3941,social,social,email,0,1
U09753,low_engagement,fixed,2,1,0,3,6.377,9.2943,social,social,social,0,1
U09754,new_cold_customer,fixed,2,1,1,4,39.59,9.3633,social,social,social,0,1
U09755,price_sensitive,hybrid,3,1,0,4,5.2531,11.2639,social,social,social,0,1
U09756,new_cold_customer,fixed,3,0,0,3,54.7695,4.5753,social,social,social,0,0
U09757,new_cold_customer,trigger,5,1,0,6,53.1073,1.0826,social,social,social,0,1
U09758,new_cold_customer,hybrid,3,1,1,5,10.1132,10.5881,social,social,social,0,1
U09759,low_engagement,hybrid,1,0,0,1,0.0,14.95,email,email,email,0,0
U09760,loyal_customer,hybrid,2,1,1,4,13.7409,10.2704,social,social,social,0,1
U09761,price_sensitive,hybrid,1,0,0,1,0.0,12.6727,email,email,email,0,0
U09762,low_engagement,hybrid,1,0,0,1,0.0,4.654,social,social,social,0,0
U09763,low_engagement,hybrid,4,0,0,4,83.5311,1.4713,social,offer,social,0,0
U09764,high_intent,fixed,4,3,1,8,10.845,5.1712,email,email,email,0,1
U09765,price_sensitive,hybrid,1,0,0,1,0.0,6.9701,email,email,email,0,0
U09766,loyal_customer,trigger,6,1,1,8,30.3369,4.6913,email,ad,social,0,1
U09767,new_cold_customer,hybrid,5,2,2,9,30.8779,1.7439,social,social,email,0,1
U09768,low_engagement,hybrid,4,2,1,7,47.805,1.4122,social,social,social,0,1
U09769,new_cold_customer,trigger,4,2,0,6,52.0109,1.8245,social,email,social,0,1
U09770,price_sensitive,trigger,1,0,0,1,0.0,14.5882,social,social,social,0,0
U09771,new_cold_customer,fixed,4,1,0,5,54.8812,3.9444,social,ad,social,0,1
U09772,low_engagement,fixed,2,2,0,4,0.7969,11.0727,social,social,email,0,1
U09773,loyal_customer,trigger,3,1,0,4,74.1451,2.8394,ad,ad,social,0,1
U09774,new_cold_customer,trigger,5,2,0,7,42.5616,3.2673,social,social,social,0,1
U09775,high_intent,trigger,7,3,0,10,34.1621,1.567,email,email,offer,0,1
U09776,price_sensitive,fixed,1,0,0,1,0.0,14.5277,social,social,social,0,0
U09777,new_cold_customer,hybrid,4,2,0,6,49.4383,3.7033,social,social,social,0,1
U09778,loyal_customer,trigger,6,3,1,11,11.5381,1.5318,social,social,social,1,0
U09779,new_cold_customer,fixed,5,2,1,8,29.2386,2.7026,social,email,ad,0,1
U09780,new_cold_customer,fixed,3,2,0,5,31.3027,7.194,social,ad,social,0,1
U09781,low_engagement,fixed,2,1,0,3,13.9165,5.2423,social,ad,social,0,1
U09782,low_engagement,fixed,2,1,0,3,123.7111,4.2243,offer,social,offer,0,1
U09783,new_cold_customer,trigger,3,1,0,4,75.041,2.5302,social,ad,social,0,1
U09784,low_engagement,hybrid,4,0,0,4,67.8442,4.0325,social,social,offer,0,0
U09785,low_engagement,fixed,3,0,0,3,112.485,1.6637,social,social,social,0,0
U09786,low_engagement,trigger,3,0,0,3,148.32,2.0313,social,social,social,0,0
U09787,new_cold_customer,trigger,3,3,2,8,10.1152,1.895,social,social,social,0,1
U09788,new_cold_customer,fixed,5,1,0,6,50.5134,3.5371,social,social,ad,0,1
U09789,new_cold_customer,fixed,3,0,0,3,125.3323,1.8612,social,social,social,0,0
U09790,new_cold_customer,trigger,2,1,0,3,3.83,6.2289,social,social,social,0,1
U09791,low_engagement,trigger,4,1,1,6,40.2163,4.2096,social,email,social,0,1
U09792,new_cold_customer,trigger,2,1,0,3,68.3796,8.918,social,social,social,0,1
U09793,high_intent,hybrid,6,4,2,12,24.0802,3.7748,social,social,email,0,1
U09794,high_intent,fixed,8,7,3,20,12.3848,5.077,social,email,social,1,0
U09795,loyal_customer,fixed,3,2,0,5,64.0253,2.9803,social,social,email,0,1
U09796,low_engagement,hybrid,3,2,0,5,21.7574,7.2477,social,social,social,0,1
U09797,loyal_customer,hybrid,3,1,0,4,92.0245,2.5549,social,social,social,0,1
U09798,new_cold_customer,fixed,4,2,0,6,53.2246,3.7259,social,social,email,0,1
U09799,low_engagement,fixed,1,1,0,2,0.0,8.9606,ad,ad,ad,0,1
U09800,price_sensitive,trigger,2,0,0,2,208.9832,4.5564,social,social,social,0,0
U09801,loyal_customer,trigger,6,1,0,7,51.5706,1.14,social,social,email,0,1
U09802,low_engagement,hybrid,2,1,1,5,52.5669,3.2558,ad,email,ad,1,0
U09803,low_engagement,trigger,3,0,0,3,30.3672,6.9661,social,social,social,0,0
U09804,low_engagement,hybrid,4,1,0,5,73.0345,2.5965,social,social,email,0,1
U09805,new_cold_customer,fixed,4,2,0,6,33.4352,6.4733,social,offer,social,0,1
U09806,low_engagement,fixed,1,1,1,4,0.0,7.1486,social,social,social,1,0
U09807,new_cold_customer,fixed,3,2,0,5,49.3114,5.3028,social,social,social,0,1
U09808,low_engagement,trigger,4,1,0,5,69.2232,3.2622,social,social,email,0,1
U09809,new_cold_customer,trigger,4,0,0,4,67.5335,6.4941,social,social,social,0,0
U09810,high_intent,fixed,5,3,2,10,30.8619,2.0316,social,social,social,0,1
U09811,loyal_customer,fixed,2,1,1,4,41.2183,5.4083,social,social,social,0,1
U09812,new_cold_customer,hybrid,5,3,0,8,25.8285,1.0275,social,social,social,0,1
U09813,loyal_customer,trigger,5,2,1,8,29.7743,4.4722,social,email,social,0,1
U09814,loyal_customer,fixed,5,1,1,7,18.8297,9.5166,social,social,social,0,1
U09815,loyal_customer,hybrid,4,1,0,5,40.0985,1.6405,social,social,social,0,1
U09816,high_intent,hybrid,7,5,1,13,23.9797,2.6313,social,social,email,0,1
U09817,new_cold_customer,trigger,3,2,0,5,43.7471,6.3454,social,social,social,0,1
U09818,new_cold_customer,fixed,3,2,1,6,23.822,5.1704,social,social,social,0,1
U09819,high_intent,fixed,5,2,2,9,22.1612,4.2513,social,social,email,0,1
U09820,high_intent,trigger,7,4,2,15,15.5878,1.5687,social,social,social,1,0
U09821,high_intent,fixed,3,2,1,7,17.8263,8.9515,ad,social,ad,1,0
U09822,new_cold_customer,trigger,2,2,1,5,46.5504,2.2531,social,social,social,0,1
U09823,low_engagement,fixed,4,2,0,6,52.6725,3.2432,social,ad,social,0,1
U09824,new_cold_customer,fixed,2,0,0,2,67.2481,6.4345,social,social,social,0,0
U09825,price_sensitive,hybrid,3,1,1,5,26.7215,7.1687,social,ad,email,0,1
U09826,loyal_customer,trigger,4,1,0,5,36.1994,3.4308,social,email,social,0,1
U09827,new_cold_customer,trigger,2,1,1,4,38.8586,3.8459,social,social,social,0,1
U09828,loyal_customer,trigger,4,1,0,5,63.8539,3.1318,social,social,email,0,1
U09829,new_cold_customer,trigger,5,1,0,6,55.9871,2.1647,social,social,ad,0,1
U09830,price_sensitive,hybrid,3,0,0,3,142.4595,2.6848,social,social,email,0,0
U09831,loyal_customer,fixed,2,2,0,4,53.2016,6.0524,social,social,social,0,1
U09832,new_cold_customer,fixed,2,1,1,4,1.2706,5.1912,email,email,ad,0,1
U09833,new_cold_customer,hybrid,4,3,1,8,40.32,3.1523,email,social,email,0,1
U09834,low_engagement,fixed,4,3,2,10,30.1453,1.7945,email,social,social,1,0
U09835,high_intent,fixed,8,6,5,20,12.4779,2.6085,social,social,ad,1,0
U09836,high_intent,hybrid,8,5,3,19,13.5144,2.8753,social,social,email,1,0
U09837,new_cold_customer,hybrid,5,4,0,9,37.1322,2.4664,social,social,social,0,1
U09838,low_engagement,fixed,2,0,0,2,83.8623,4.9847,social,social,email,0,0
U09839,new_cold_customer,trigger,5,2,1,8,46.1252,1.4163,social,social,social,0,1
U09840,low_engagement,trigger,1,1,0,2,0.0,9.1885,social,social,social,0,1
U09841,new_cold_customer,hybrid,5,4,2,11,23.5458,4.0919,ad,social,ad,0,1
U09842,high_intent,hybrid,6,2,1,10,15.3899,9.1458,social,email,social,1,0
U09843,high_intent,fixed,7,4,1,12,24.4757,2.8262,social,ad,email,0,1
U09844,new_cold_customer,hybrid,2,2,0,4,9.7745,8.5877,social,social,social,0,1
U09845,price_sensitive,fixed,1,0,0,1,0.0,13.8727,email,email,email,0,0
U09846,high_intent,hybrid,8,5,2,17,15.5138,1.6212,email,email,email,1,0
U09847,new_cold_customer,hybrid,2,0,0,2,5.0709,14.3398,social,social,social,0,0
U09848,high_intent,fixed,6,6,1,13,22.3533,2.5794,social,social,social,0,1
U09849,low_engagement,hybrid,3,0,0,3,109.1539,3.0766,social,social,email,0,0
U09850,new_cold_customer,fixed,3,2,1,6,45.1736,4.1091,social,email,social,0,1
U09851,new_cold_customer,fixed,3,1,0,4,51.8344,5.2732,social,social,social,0,1
U09852,high_intent,fixed,7,4,0,11,27.8891,3.1939,social,social,social,0,1
U09853,low_engagement,trigger,1,0,0,1,0.0,5.9943,ad,ad,ad,0,0
U09854,new_cold_customer,trigger,4,1,1,6,23.0086,2.5915,social,social,social,0,1
U09855,loyal_customer,trigger,3,2,2,7,33.4013,1.8921,social,social,social,0,1
U09856,low_engagement,hybrid,3,1,0,4,58.9742,1.6124,social,social,social,0,1
U09857,price_sensitive,hybrid,1,0,0,1,0.0,1.8298,email,email,email,0,0
U09858,new_cold_customer,trigger,3,1,0,4,72.5478,3.8692,social,social,email,0,1
U09859,loyal_customer,trigger,6,1,0,7,19.6821,7.2973,social,social,social,0,1
U09860,new_cold_customer,trigger,2,1,0,3,75.5238,6.7611,social,social,email,0,1
U09861,low_engagement,trigger,2,0,0,2,52.1806,12.053,social,social,email,0,0
U09862,new_cold_customer,hybrid,4,2,0,6,63.3456,1.1442,social,social,social,0,1
U09863,new_cold_customer,fixed,5,3,1,9,40.0896,1.2185,social,ad,social,0,1
U09864,low_engagement,trigger,1,1,0,2,0.0,4.083,social,social,social,0,1
U09865,low_engagement,fixed,2,0,0,2,3.3686,3.577,social,social,social,0,0
U09866,low_engagement,trigger,4,3,1,8,36.4412,1.688,email,email,social,0,1
U09867,new_cold_customer,fixed,5,3,1,9,19.4563,5.7316,social,social,ad,0,1
U09868,new_cold_customer,fixed,2,1,0,3,127.7123,2.2867,email,social,email,0,1
U09869,price_sensitive,hybrid,2,0,0,2,170.4778,6.8321,email,email,email,0,0
U09870,price_sensitive,fixed,1,0,0,1,0.0,5.324,social,social,social,0,0
U09871,low_engagement,fixed,4,3,0,7,36.3027,4.2009,email,email,social,0,1
U09872,new_cold_customer,trigger,4,0,0,4,41.1639,9.1807,social,social,social,0,0
U09873,high_intent,trigger,7,6,3,16,18.6416,2.2474,email,email,email,0,1
U09874,new_cold_customer,fixed,3,2,1,6,45.8095,5.2084,social,social,ad,0,1
U09875,new_cold_customer,fixed,3,2,0,5,38.6492,7.9986,social,social,social,0,1
U09876,new_cold_customer,fixed,5,2,1,8,42.5399,1.5683,social,email,social,0,1
U09877,loyal_customer,fixed,3,3,0,6,27.3264,5.3985,ad,ad,social,0,1
U09878,loyal_customer,fixed,6,0,0,6,31.3013,2.5373,social,email,social,0,0
U09879,low_engagement,hybrid,2,0,0,2,110.4901,4.6251,social,social,social,0,0
U09880,low_engagement,trigger,1,0,0,1,0.0,12.0968,social,social,social,0,0
U09881,price_sensitive,fixed,2,0,0,2,213.6705,5.0084,social,social,social,0,0
U09882,high_intent,fixed,7,6,1,15,18.7147,1.413,email,email,social,1,0
U09883,new_cold_customer,trigger,3,2,0,5,73.5551,2.3445,social,social,social,0,1
U09884,new_cold_customer,trigger,3,2,2,7,32.8012,5.3409,social,social,social,0,1
U09885,new_cold_customer,trigger,3,0,0,3,121.2625,2.1227,email,email,social,0,0
U09886,new_cold_customer,hybrid,5,2,0,7,47.5398,1.4364,social,social,email,0,1
U09887,low_engagement,hybrid,1,1,0,2,0.0,2.1965,social,social,social,0,1
U09888,low_engagement,trigger,1,0,0,1,0.0,14.6459,email,email,email,0,0
U09889,new_cold_customer,fixed,5,2,0,7,50.3568,1.9431,social,social,social,0,1
U09890,new_cold_customer,hybrid,4,0,0,4,100.106,2.3469,social,email,social,0,0
U09891,new_cold_customer,hybrid,5,1,1,7,30.0244,2.1329,ad,social,social,0,1
U09892,price_sensitive,trigger,2,0,0,2,159.5172,7.2778,email,email,social,0,0
U09893,high_intent,hybrid,3,2,2,8,38.391,3.4763,email,email,email,1,0
U09894,high_intent,trigger,4,1,1,6,26.9712,7.1915,social,social,social,0,1
U09895,high_intent,fixed,8,5,3,16,20.8451,1.7968,social,social,email,0,1
U09896,new_cold_customer,trigger,2,2,0,4,55.4659,4.8108,ad,ad,social,0,1
U09897,loyal_customer,hybrid,2,0,0,2,333.503,1.0103,social,social,email,0,0
U09898,loyal_customer,fixed,4,1,1,6,46.4253,1.3321,social,social,social,0,1
U09899,price_sensitive,fixed,2,0,0,2,60.5681,3.8588,social,social,email,0,0
U09900,loyal_customer,hybrid,4,2,0,6,21.6266,7.6867,ad,email,offer,0,1
U09901,loyal_customer,trigger,3,1,1,5,47.646,3.1668,social,social,social,0,1
U09902,loyal_customer,hybrid,4,2,0,6,38.3033,4.5886,social,social,ad,0,1
U09903,low_engagement,hybrid,2,1,0,3,11.2163,2.7013,email,social,email,0,1
U09904,loyal_customer,hybrid,4,2,1,7,35.872,5.77,email,email,social,0,1
U09905,high_intent,hybrid,5,2,1,9,39.1104,1.6594,email,social,email,1,0
U09906,price_sensitive,hybrid,1,1,0,2,0.0,3.6041,social,social,social,0,1
U09907,loyal_customer,hybrid,3,1,1,5,52.7196,5.1628,social,social,social,0,1
U09908,high_intent,hybrid,6,4,3,16,19.5605,1.1755,social,social,social,1,0
U09909,new_cold_customer,fixed,3,1,1,6,54.3328,3.3468,email,email,social,1,0
U09910,low_engagement,fixed,3,1,0,4,20.239,2.3304,email,email,email,0,1
U09911,price_sensitive,hybrid,2,0,0,2,1.5796,6.6446,ad,ad,email,0,0
U09912,low_engagement,hybrid,1,0,0,1,0.0,10.2946,social,social,social,0,0
U09913,price_sensitive,fixed,3,2,0,5,60.3885,2.5164,social,social,offer,0,1
U09914,new_cold_customer,fixed,5,3,0,8,15.8046,7.2178,email,email,ad,0,1
U09915,new_cold_customer,fixed,4,1,0,5,34.0368,9.1446,social,email,social,0,1
U09916,low_engagement,fixed,3,1,0,4,91.2393,1.4685,social,social,social,0,1
U09917,loyal_customer,hybrid,5,3,0,8,35.3265,3.0071,social,email,social,0,1
U09918,new_cold_customer,fixed,5,4,1,10,33.4396,2.0227,ad,email,ad,0,1
U09919,low_engagement,hybrid,2,1,1,4,34.2701,6.2837,social,social,social,0,1
U09920,high_intent,hybrid,8,5,1,15,18.9108,2.5682,social,social,social,1,0
U09921,low_engagement,fixed,1,1,0,2,0.0,12.8139,social,social,social,0,1
U09922,low_engagement,hybrid,4,1,0,5,77.2822,1.1489,social,social,social,0,1
U09923,low_engagement,hybrid,3,0,0,3,121.6169,4.3109,social,email,social,0,0
U09924,low_engagement,fixed,1,0,0,1,0.0,9.0607,social,social,social,0,0
U09925,new_cold_customer,trigger,5,2,2,9,22.4352,2.5027,email,email,social,0,1
U09926,new_cold_customer,trigger,3,0,0,3,37.0668,3.9879,social,social,social,0,0
U09927,loyal_customer,fixed,2,1,0,3,32.2143,7.4932,email,social,email,0,1
U09928,new_cold_customer,fixed,2,1,0,3,129.5537,4.1319,social,social,social,0,1
U09929,low_engagement,fixed,3,0,0,3,86.7684,5.8999,ad,ad,social,0,0
U09930,new_cold_customer,trigger,5,3,1,9,20.7201,4.0735,social,offer,social,0,1
U09931,low_engagement,fixed,1,0,0,1,0.0,14.6911,social,social,social,0,0
U09932,loyal_customer,fixed,2,0,0,2,136.9519,1.2,email,email,social,0,0
U09933,new_cold_customer,trigger,5,2,0,7,44.6786,1.6295,social,social,social,0,1
U09934,new_cold_customer,trigger,4,2,0,6,42.0974,3.0389,social,social,social,0,1
U09935,new_cold_customer,trigger,5,3,0,8,4.132,12.6667,social,social,social,0,1
U09936,high_intent,fixed,3,3,2,9,23.3493,5.1358,social,social,social,1,0
U09937,high_intent,fixed,7,4,3,15,16.0997,3.6382,social,email,email,1,0
U09938,high_intent,fixed,7,6,4,20,15.4693,2.3267,email,email,social,1,0
U09939,new_cold_customer,fixed,2,0,0,2,56.4756,3.0046,social,social,social,0,0
U09940,new_cold_customer,trigger,4,2,0,6,54.6172,2.1005,social,social,ad,0,1
U09941,price_sensitive,fixed,1,0,0,1,0.0,7.0677,ad,ad,ad,0,0
U09942,loyal_customer,fixed,6,4,2,13,12.5752,1.7054,social,social,social,1,0
U09943,new_cold_customer,fixed,2,1,0,3,1.2403,9.6581,social,social,social,0,1
U09944,new_cold_customer,trigger,2,0,0,2,141.3492,2.7491,email,email,ad,0,0
U09945,price_sensitive,hybrid,2,1,0,3,29.7342,10.3645,email,ad,email,0,1
U09946,low_engagement,trigger,4,0,0,4,29.7624,1.5067,social,social,email,0,0
U09947,loyal_customer,trigger,6,3,1,11,15.9602,6.7796,social,social,offer,1,0
U09948,low_engagement,hybrid,3,2,0,5,56.8754,1.1744,email,email,social,0,1
U09949,new_cold_customer,fixed,2,2,2,6,4.1257,10.1363,social,social,social,0,1
U09950,new_cold_customer,trigger,3,2,0,5,42.1978,5.4428,social,social,social,0,1
U09951,new_cold_customer,trigger,5,2,0,7,44.3503,2.5534,social,social,social,0,1
U09952,loyal_customer,hybrid,5,3,1,9,25.8078,6.3129,social,social,social,0,1
U09953,new_cold_customer,hybrid,4,1,0,5,40.1654,7.6452,social,social,social,0,1
U09954,new_cold_customer,hybrid,5,2,0,7,47.2246,1.9652,social,social,social,0,1
U09955,loyal_customer,hybrid,6,4,0,10,21.6518,5.3751,email,ad,social,0,1
U09956,new_cold_customer,fixed,5,2,1,8,41.5459,2.413,social,social,social,0,1
U09957,new_cold_customer,trigger,4,3,2,9,9.9384,11.0155,social,social,social,0,1
U09958,new_cold_customer,hybrid,3,0,0,3,139.9683,2.9348,social,social,ad,0,0
U09959,price_sensitive,trigger,2,1,0,3,74.533,2.8715,social,social,email,0,1
U09960,new_cold_customer,fixed,4,2,1,7,47.5854,1.2252,social,social,social,0,1
U09961,loyal_customer,trigger,3,2,0,5,70.0022,2.791,social,social,social,0,1
U09962,new_cold_customer,trigger,3,0,0,3,31.9354,8.5889,social,social,social,0,0
U09963,loyal_customer,hybrid,4,3,0,7,42.2965,3.3654,email,email,email,0,1
U09964,price_sensitive,trigger,2,0,0,2,237.4638,1.2582,email,email,social,0,0
U09965,new_cold_customer,hybrid,2,1,0,3,64.8176,6.9012,social,social,social,0,1
U09966,low_engagement,fixed,2,0,0,2,32.686,9.6098,ad,ad,social,0,0
U09967,high_intent,fixed,4,3,2,9,16.0101,2.5605,social,social,email,0,1
U09968,low_engagement,trigger,3,1,1,5,55.899,1.1833,social,social,social,0,1
U09969,price_sensitive,hybrid,1,0,0,1,0.0,7.5159,email,email,email,0,0
U09970,new_cold_customer,fixed,5,1,0,6,44.0318,5.1888,social,social,social,0,1
U09971,loyal_customer,trigger,5,3,2,10,19.5554,2.8704,email,email,social,0,1
U09972,high_intent,hybrid,5,3,3,12,21.6578,1.9161,social,social,social,1,0
U09973,price_sensitive,trigger,1,0,0,1,0.0,4.478,social,social,social,0,0
U09974,loyal_customer,fixed,4,2,0,6,41.448,5.1567,social,social,social,0,1
U09975,low_engagement,trigger,3,2,0,5,48.3504,6.5503,social,social,social,0,1
U09976,loyal_customer,hybrid,3,1,0,4,27.8294,1.6991,social,social,ad,0,1
U09977,high_intent,hybrid,3,2,0,5,13.5608,9.98,social,social,social,0,1
U09978,loyal_customer,trigger,4,1,1,6,62.0345,1.5012,social,social,social,0,1
U09979,high_intent,fixed,5,4,4,15,19.009,1.0803,social,social,social,1,0
U09980,new_cold_customer,fixed,2,2,0,4,3.3904,10.0148,social,social,social,0,1
U09981,new_cold_customer,hybrid,4,0,0,4,33.1356,2.2181,social,social,social,0,0
U09982,new_cold_customer,hybrid,4,2,0,6,21.3332,3.0552,social,social,social,0,1
U09983,loyal_customer,trigger,5,4,3,14,16.7824,4.9546,social,ad,social,1,0
U09984,new_cold_customer,trigger,5,2,0,7,50.665,2.3055,social,social,social,0,1
U09985,new_cold_customer,trigger,3,1,0,4,75.8203,3.9967,social,social,ad,0,1
U09986,new_cold_customer,fixed,4,3,0,7,35.5768,2.4866,social,social,social,0,1
U09987,new_cold_customer,trigger,2,1,0,3,2.7184,8.8976,social,social,social,0,1
U09988,new_cold_customer,fixed,4,3,0,7,36.8689,1.8177,social,social,social,0,1
U09989,new_cold_customer,fixed,3,0,0,3,35.4867,6.9769,social,social,social,0,0
U09990,new_cold_customer,hybrid,3,3,0,6,5.8916,10.6022,social,social,email,0,1
U09991,high_intent,hybrid,8,3,3,15,20.4444,2.7466,social,email,social,1,0
U09992,new_cold_customer,trigger,2,2,0,4,10.0373,9.6261,social,social,social,0,1
U09993,low_engagement,fixed,1,0,0,1,0.0,6.2748,social,social,social,0,0
U09994,new_cold_customer,fixed,2,1,0,3,88.2117,7.2794,social,social,social,0,1
U09995,low_engagement,fixed,4,1,0,5,13.359,7.4321,social,social,social,0,1
U09996,high_intent,trigger,7,2,1,10,23.8094,3.9543,social,social,social,0,1
U09997,low_engagement,fixed,4,1,0,5,34.3584,1.1344,social,social,social,0,1
U09998,low_engagement,hybrid,4,2,0,6,18.9212,10.1457,social,social,social,0,1
U09999,new_cold_customer,fixed,2,1,1,4,35.6502,5.086,social,social,social,0,1
