row_id,text,campaign_goal,tone,joint_label_confidence
0,"""Revolutionize Your Wardrobe"" campaign, leveraging Instagram and TikTok influencers to showcase eco-friendly fashion. Collaborate with 5 influencers for sponsored content, utilizing hashtags #SustainabilityInFashion and #GreenCycleClothing. Allocate $2,000 for influencer partnerships, $1,500 for targeted ads, and $1,500 for content creation. Monitor engagement and adjust ad spend accordingly.",awareness,,0.5252
1,"""AI Insights"" series, covering topics like AI adoption, ML applications, and industry trends. Allocate Mondays for ""Myth-Busting Mondays"" and Thursdays for ""Throwback Thursdays,"" highlighting past successes. Utilize SEO keywords, meta descriptions, and optimize images. Schedule 8 articles per month, with 2 in-depth guides and 2 listicles.",,professional,0.6027
5,"Plan a content calendar with 3 blog posts per week, focusing on topics like mindfulness, nutrition, and fitness. Utilize SEO keywords and meta descriptions. Schedule social media posts to promote blog content and engage with audience.",awareness,,0.4667
6,"Develop targeted Google Ads and Facebook Ads campaigns highlighting the product's unique features and benefits. Allocate $5,000 for ad spend and focus on conversion-driven ad copy.",conversion,,0.7136
7,"Develop a social media campaign, ""Eco-Chic Challenge,"" encouraging users to share their sustainable fashion choices. Collaborate with eco-influencers, create engaging content (reels, stories, posts) highlighting GreenThreads' commitment to sustainability. Utilize Instagram's ""Reels"" feature to create a branded hashtag challenge, offering discounts to participants who share their own eco-friendly fashion tips.",awareness,,0.7208
8,"Create a 3-email nurture campaign, ""Unlock Your Business Potential,"" highlighting TechSolutions' software benefits. Email 1: ""Discover the Power of Our Software"" (introductory email with a free trial offer). Email 2: ""Success Stories"" (case studies and testimonials). Email 3: ""Exclusive Offer"" (limited-time discount for subscribers).",conversion,,0.7182
9,"Create a content hub, ""MedPro Insights,"" featuring in-depth articles, webinars, and videos on industry trends and best practices. Partner with influential healthcare professionals to contribute guest posts, promoting MedPro's expertise and showcasing its commitment to education and innovation.",awareness,,0.6897
10,"Develop a social media contest, ""Eco-Chic Challenge,"" where followers share their eco-friendly fashion tips using a branded hashtag. Partner with eco-influencers to promote the contest. Allocate 30% of the budget to Instagram Reels and TikTok ads targeting the specified age group. Create engaging content (images, videos, and captions) highlighting GreenThreads' commitment to sustainability.",awareness,,0.683
13,"Launch a social media contest, ""Green Revolution,"" where followers share eco-friendly fashion tips using a branded hashtag. Collaborate with 5 eco-influencers to promote the contest. Allocate $2,000 for influencer partnerships, $1,500 for sponsored posts, and $1,500 for prize giveaways.",awareness,,0.5193
14,"Create eye-catching ad visuals showcasing fit individuals using the app, with bold headlines emphasizing AI-driven personalized workouts. Allocate $3,000 for Facebook and Instagram ads, $2,000 for Google Ads, and $5,000 for influencer partnerships.",awareness,,0.6077
15,"Craft a compelling newsletter highlighting the eco-friendly benefits of GreenBrew's sustainable coffee sourcing, featuring customer testimonials, and offering a limited-time discount (15% off) for new subscribers.",conversion,persuasive,0.7674
17,"Develop a TikTok-focused campaign, leveraging hashtags like #Sustainability and #EcoFashion, with short, engaging videos showcasing the brand's eco-friendly production process and encouraging users to share their own sustainable fashion tips.",awareness,,0.7386
18,"Craft a compelling email series highlighting the benefits of eco-friendly cleaning, featuring customer testimonials, and offering a 10% discount on the new product line for subscribers, with a clear call-to-action to drive sales.",,persuasive,0.7167
21,"Launch a targeted Google Ads and Facebook Ads campaign focusing on high-end lifestyle interests, with ad copy emphasizing the watches' exclusivity and craftsmanship, and scheduling ads to coincide with peak luxury",conversion,luxury,0.9384
22,"Launch a ""Sustainable Fashion Challenge"" on TikTok and Instagram, encouraging users to share their eco-friendly fashion choices using a branded hashtag. Partner with 5 eco-influencers to promote the challenge and create engaging content. Allocate $500 for influencer collaborations and $500 for paid social media ads.",awareness,,0.6542
23,"Create a ""Exclusive Offers"" email series, addressing customers by name and featuring personalized car recommendations based on their purchase history and preferences. Use AI-powered segmentation to categorize customers into three groups: ""High-End,"" ""Luxury,"" and ""Prestige."" Craft compelling subject lines and CTAs to drive conversions.",conversion,,0.6376
24,"Create a visually appealing image series showcasing the product's key ingredients, nutritional benefits, and eco-friendly packaging. Utilize a vibrant color palette and minimalist design to appeal to the target audience. Develop 10 unique images for Instagram, Facebook, and Twitter, using a mix of illustrations and high-quality product photos.",awareness,,0.7587
25,"Create a content calendar focusing on ""Financial Wellness"" topics, including blog posts, social media posts, and email newsletters. Schedule 2 blog posts per week,",awareness,,0.6586
27,"Develop a ""Win-Back"" email campaign, featuring personalized content and exclusive offers. Segment the inactive subscriber list based on inactivity duration and tailor content to each group. Create a series of 3 emails: a re-introduction to TechSolutions, a showcase of new features, and a special promotion. Utilize AI-powered subject line optimization to increase open rates.",retention,,0.4632
28,"Develop a ""Tailored Experience"" video ad campaign, utilizing AI-powered personalization to create unique ad experiences for each viewer. Partner with luxury lifestyle influencers to showcase Luxe Motors' vehicles in exclusive settings. Utilize YouTube's video targeting options to reach high-income viewers and allocate 40% of the budget to sponsored content",,luxury,0.6775
29,"Develop a social media campaign ""Eco-Chic Challenge"" that encourages users to share their sustainable fashion choices on Instagram and TikTok. Collaborate with eco-influencers and offer discounts to participants who use a branded hashtag. Utilize Instagram Reels and TikTok's Duet feature to create engaging content.",awareness,persuasive,0.8344
30,"Create a 5-email sequence ""Tech Insights"" that provides valuable industry insights, case studies, and product tutorials. Use personalization and segmentation to tailor content to each lead's interests and stage in the buyer's journey. Include clear CTAs and track engagement metrics to optimize the sequence.",retention,,0.6363
31,"Launch a blog series ""Healthcare Insights"" that addresses industry trends, medical breakthroughs, and patient stories. Utilize SEO optimization and social media promotion to increase visibility. Collaborate with medical experts to create authoritative content and establish MedCare as a trusted resource.",awareness,,0.7492
32,"Develop a targeted Google Ads campaign ""Smart Deals"" that focuses on high-intent keywords and demographics. Utilize AI-powered ad optimization to ensure maximum ROI. Create eye-catching ad copy and visuals that highlight exclusive",conversion,,0.7367
33,"Create a social media campaign, ""Wear Your Values,"" highlighting eco-friendly fashion practices. Utilize Instagram Reels, TikTok, and Facebook to share engaging content (influencer partnerships, behind-the-scenes, and user-generated content). Allocate $2,000 for influencer collaborations, $1,500 for content creation, and $1,500 for paid social media ads.",awareness,,0.698
36,"Develop a social media campaign focusing on Instagram and TikTok, utilizing eco-influencers, user-generated content, and interactive challenges that showcase GreenCycle's commitment to sustainability. Utilize relevant hashtags and collaborate with popular eco-friendly brands.",awareness,,0.6899
37,"Create a dynamic email template with AI-driven content recommendations based on customers' past purchases and browsing history. Offer exclusive early access to the new product, along with a limited-time discount. Use attention-grabbing subject lines and CTAs.",,persuasive,0.4859
38,"Create a content calendar focusing on trending healthcare topics, patient success stories, and expert insights. Utilize SEO keywords, meta descriptions, and optimize images. Schedule 2-3 posts per week, including guest posts from industry experts and patient testimonials.",,professional,0.6755
41,"Create a series of blog posts, ""AI for Business Leaders,"" exploring industry applications and thought leadership pieces. Host a webinar, ""Unlocking AI Potential,"" featuring expert panelists. Utilize LinkedIn Pulse for article publications and sponsored content.",awareness,professional,0.7177
44,"Develop a campaign centered around Instagram Reels, utilizing hashtags like #EcoFashion and #Sustainability, and collaborating with micro-influencers in the eco-friendly niche. Allocate $300 for influencer partnerships, $200 for content creation, and $500 for paid advertising. Utilize Instagram's built-in features like polls and quizzes to engage the audience and encourage user-generated content.",awareness,,0.7095
45,"Create a 4-step sales funnel: 1. Awareness: Share engaging, AI-generated fitness tips on social media and LinkedIn. 2. Interest: Offer a free 7-day trial and a comprehensive e-book on ""Fitness for Busy Professionals."" 3. Desire: Share success stories and testimonials from existing users, highlighting the app's personalized AI-powered workouts. 4. Action: Offer a limited-time discount for new subscribers and a 30-day money-back guarantee.",,persuasive,0.6679
46,"Introducing SafeHaven - the intelligent home security system that protects what matters most. With advanced AI-powered threat detection and real-time alerts, you can enjoy peace of mind knowing your home and loved ones are safe. Experience the power of smart security with our user-friendly app and customizable alerts. Upgrade to SafeHaven today and take the first step towards a safer tomorrow.",conversion,,0.7435
47,"Develop an Instagram-focused campaign, ""Wear Your Values,"" encouraging users to share photos wearing GreenThreads clothing, using a branded hashtag, and tagging @GreenThreads. Partner with eco-influencers for initial content creation and utilize Instagram's shopping feature for seamless purchase experiences. Allocate budget for targeted ads highlighting the brand's sustainability initiatives.",awareness,,0.7707
48,"Create a 3-email sequence: ""Unlock the Power of AI."" Email 1 introduces the tool's key features; Email 2 shares a case study highlighting a successful implementation; Email 3 invites leads to schedule a personalized demo. Utilize dynamic content to tailor the sequence based on lead engagement and interest. Include a clear call-to-action (CTA) in each email, directing leads to a dedicated landing page.",lead_generation,professional,0.7982
50,"Develop a social media campaign, ""EcoChallenge,"" encouraging users to share their eco-friendly habits and tag GreenCycle. Utilize Instagram Reels, TikTok, and Twitter to reach the target audience. Collaborate with eco-influencers for sponsored content. Offer a discount code for users who participate and share their own eco-challenges.",,persuasive,0.7104
52,"Create a content marketing strategy, ""Tech Insights,"" focusing on informative blog posts, infographics, and webinars. Utilize AI-generated visuals to explain complex technical concepts. Host webinars on industry trends and thought leadership topics. Offer downloadable resources, such as eBooks and whitepapers, to capture leads.",lead_generation,,0.7178
54,"Launch a social media contest, ""Eco-Chic Challenge,"" where followers share their own sustainable fashion tips and tricks using a branded hashtag. Partner with micro-influencers and eco-conscious content creators to amplify the message. Utilize Instagram Reels and TikTok for engaging, short-form content.",awareness,,0.7706
56,"Send personalized, visually stunning emails highlighting new, exclusive destinations and experiences. Offer a limited-time discount or complimentary upgrade to re-engage customers. Use data-driven segmentation to tailor content and offers to individual preferences.",,luxury,0.6569
60,"Craft a heartfelt narrative highlighting the impact of education on underprivileged children's lives. Emphasize the organization's mission, success stories, and the specific use of donated funds. Utilize social proof, such as testimonials and statistics, to build credibility. Create a sense of urgency with a limited-time matching gift offer.",,emotional,0.7004
61,"Create a content calendar focusing on industry insights, thought leadership pieces, and customer success stories. Schedule 3 posts per week, including 1 video, 1",engagement,professional,0.825
62,"Launch a social media contest, ""Eco-Chic Challenge,"" where followers share their own sustainable fashion tips and tricks using a branded hashtag. Partner with 3 eco-influencers to promote the contest and create engaging content. Allocate $2,000 for influencer fees, $1,500 for paid social media ads, and $1,500 for contest prizes. Utilize Instagram Reels and TikTok for maximum reach.",awareness,,0.7658
64,"Create eye-catching Instagram ads featuring lifestyle images of beautiful, empowered women, highlighting key product benefits and features. Utilize Instagram Shopping and ""swipe-up"" links to drive traffic and sales. Allocate $1,500 for ad spend and $1,500 for influencer partnerships.",conversion,,0.6348
65,"Create a social media campaign focusing on Instagram Reels and TikTok, highlighting eco-friendly production processes, and featuring user-generated content showcasing customers' sustainable fashion choices. Collaborate with micro-influencers and utilize relevant hashtags to amplify reach.",awareness,,0.7353
67,"Emphasize the plant-based ingredients, biodegradable packaging, and cruelty-free testing of the products. Use language that highlights the effectiveness of the products while also conveying the brand's commitment to sustainability. Include customer testimonials and eco-label certifications.",conversion,,0.6532
68,"Create a content calendar featuring weekly themes, such as stress management, self-care, and mindfulness. Share personal stories, expert advice, and engaging visuals, including infographics and illustrations. Utilize Instagram Stories and Facebook Live for interactive content, and schedule posts to coincide with relevant awareness days and hashtags.",engagement,,0.691
69,"Develop a social media strategy focusing on Instagram Reels and TikTok, showcasing the brand's sustainable production process, featuring eco-influencers, and utilizing relevant hashtags. Collaborate with micro-influencers for sponsored content, and run targeted ads to increase brand visibility.",awareness,,0.6565
71,"Create a content calendar featuring a mix of recipe posts, cooking tips, and behind-the-scenes stories. Utilize Instagram and Pinterest to promote content, and engage with the audience through comments and social media groups. Collaborate with guest bloggers to diversify content and attract new audiences.",awareness,,0.6449
72,"""Green Threads"" campaign: Utilize Instagram Reels and TikTok to showcase eco-friendly fashion tips, partner with 3 social media influencers, and create a hashtag challenge.",awareness,,0.7707
73,"""Exclusive Drive"" campaign: Craft personalized emails highlighting the car's premium features, offer exclusive test drives, and include a limited-time discount for subscribers.",conversion,,0.6941
75,"""Glow Up"" contest: Encourage followers to share their favorite beauty tips using a branded hashtag, partner with 2 social media influencers, and offer a grand prize of a year's supply of the new product.",,persuasive,0.6603
76,"""Tech Trends"" blog series: Publish in-depth articles on industry trends, host webinars, and collaborate with industry experts to showcase the company's expertise.",awareness,,0.6439
77,"""Refer-a-Friend"" program: Offer customers a discount code for successful referrals, create a leaderboard to track referrals, and send",,persuasive,0.7313
79,"""Unlock Your Potential"" campaign: Send personalized emails with AI-driven workout recommendations, success stories, and exclusive promotions, using a conversational tone and eye-catching visuals.",conversion,friendly,0.6728
83,"Develop a social media campaign, ""Eco-Fashionistas Unite,"" focusing on Instagram and TikTok. Collaborate with eco-conscious influencers to showcase GreenThreads' sustainable clothing lines. Utilize relevant hashtags and create engaging content (reels, stories, posts) highlighting the brand's commitment to sustainability. Allocate $1,000 for influencer partnerships and $500 for paid advertising.",awareness,,0.7707
85,"Create a content marketing strategy, ""Financial Insights,"" focusing on blog posts, whitepapers, and webinars. Develop a content calendar covering topics such as market trends, investment strategies, and regulatory updates. Collaborate with industry experts to create high-quality content. Utilize SEO techniques to improve search engine rankings.",awareness,professional,0.7278
86,"Create a social media campaign, ""Eco-Warriors Unite,"" focusing on Instagram and TikTok. Share engaging content (images, videos, and Reels) highlighting GreenCycle's sustainable practices, eco-friendly materials, and waste reduction efforts. Collaborate with eco-influencers and user-generated content campaigns. Utilize relevant hashtags and tag relevant eco-conscious brands. Allocate $500 for Instagram ads targeting environmentally aware audiences.",awareness,,0.7633
88,"Plan a 12-week content calendar focusing on topics like mindfulness, sustainable nutrition, and AI-powered fitness. Allocate two posts per week, including in-depth guides, success stories, and expert interviews. Utilize SEO keywords, meta descriptions, and optimize images. Schedule social media promotions and email newsletters to amplify reach.",awareness,professional,0.7158
89,"Create a heartwarming video series, ""Empowering Stories,"" highlighting the company's charitable initiatives and community involvement",,emotional,0.6592
90,"Create a series of AI-generated images showcasing the new collection in a futuristic, eco-friendly setting. Utilize Instagram Reels and TikTok to share behind-the-scenes content, highlighting the design process and sustainable materials used. Partner with eco-influencers to amplify the message.",awareness,,0.7707
91,"Craft a series of personalized emails addressing specific health concerns common among seniors. Utilize segmentation to tailor content based on age, health status, and interests. Include testimonials from satisfied customers and a clear call-to-action to encourage enrollment.",,persuasive,0.6532
92,"Develop a social media calendar highlighting impactful stories, statistics, and quotes from beneficiaries. Utilize Instagram's ""Donate"" feature and Facebook Fundraisers to encourage donations. Partner with social influencers to amplify the message and create a branded hashtag to track engagement.",awareness,,0.6691
93,"Develop a social media strategy focusing on Instagram and TikTok, leveraging hashtags #ecofashion and #sustainability. Collaborate with eco-influencers for sponsored content, and create engaging videos showcasing the brand's eco-friendly production process.",awareness,professional,0.6848
95,"Create a content mix of industry insights, thought leadership articles, and company news. Schedule posts using a mix of promotional, educational, and engaging content, including infographics, videos, and polls.",awareness,,0.6599
96,Partner with 5 social media influencers in the plant-based niche for sponsored content and product reviews. Request Instagram Reels and YouTube videos showcasing GreenMilk in recipes and everyday life.,awareness,,0.6959
97,"""Green Revolution"" campaign: Collaborate with eco-influencers, create engaging content (images, videos, blog posts) highlighting sustainable practices, and utilize Instagram Reels and TikTok for hashtag challenges. Utilize AI-generated content to personalize ads and reduce costs.",awareness,,0.681
98,"""AI Insights"" blog series: Publish in-depth articles, interviews with industry experts, and research reports on AI trends and applications. Utilize SEO optimization, email newsletters, and LinkedIn promotion to reach target audiences.",,professional,0.643
99,"""Exclusive Getaways"" campaign: Create personalized, visually stunning emails showcasing unique destinations, special offers, and curated experiences. Utilize AI-driven segmentation to tailor content and offers to individual preferences.",conversion,luxury,0.7703
101,"Develop a social media campaign, ""Eco-Warrior Challenge,"" where GreenThreads partners with eco-influencers to encourage followers to share their sustainable fashion choices. Utilize Instagram Reels, TikTok, and Twitter to create engaging content, such as ""Eco-Hacks"" and ""Sustainable Fashion Tips."" Allocate $5,000 for influencer partnerships and $3,000 for paid social media ads. Monitor and respond to comments, using AI-powered chatbots to ensure timely engagement.",awareness,,0.7707
102,"Create a lead-nurturing email campaign, ""Tech Insights,"" that provides valuable content, such as industry reports, webinars, and product demos. Use AI-powered personalization to tailor the content to each lead's interests and stage in the buyer's journey. Develop attention-grabbing subject lines, such as ""Unlock the Power of AI in Your Business."" Design a visually appealing email template with clear CTAs, using a mix of promotional and educational content.",,professional,0.7035
103,"Create a content marketing strategy, ""FinServ Insights,"" that focuses on producing high-quality, informative content, such as infographics, videos, and blog posts. Utilize AI-powered content generation tools to create engaging, easy-to-understand visuals, such as animated explainers and interactive charts. Host webinars and online events to showcase FinServ's expertise",awareness,professional,0.7555
105,"Design a 5-email sequence: Email 1: ""Expert Insights"" (industry trends and thought leadership); Email 2: ""Success Stories"" (case studies and testimonials); Email 3: ""Solution Showcase"" (product features and demos); Email 4: ""Exclusive Offer"" (promotions and trials); Email 5: ""Personalized Follow-up"" (tailored content based on engagement).",lead_generation,professional,0.8487
106,"Create engaging visuals showcasing vibrant, plant-based dishes. Utilize Instagram's ""Reels"" and ""Stories"" features for behind-the-scenes content, sneak peeks, and user-generated content. Collaborate with social media influencers for sponsored content and product showcases.",awareness,,0.6382
107,"Produce a series of short films highlighting the brand's craftsmanship, performance, and exclusivity. Utilize 3D animation and drone footage to create immersive experiences. Partner with popular automotive influencers for exclusive test drives and reviews.",conversion,,0.6719
108,"Develop a social media campaign, ""Threads for a Greener Tomorrow,"" highlighting eco-friendly practices and featuring influencers showcasing sustainable fashion. Utilize Instagram Reels, TikTok, and Pinterest to reach the target audience. Allocate $1,000 for influencer partnerships and $500 for ad spend.",awareness,,0.6029
110,"Focus on evergreen topics like mindfulness, nutrition, and fitness. Create a content calendar featuring blog posts, videos, and social media content. Collaborate with guest bloggers and influencers to expand the audience. Utilize SEO techniques to improve search engine rankings.",awareness,,0.4869
112,"""GreenThreads' 'Eco-Warrior' campaign will leverage Instagram Reels, TikTok, and Facebook to showcase eco-friendly fashion tips, behind-the-scenes content, and influencer partnerships. Utilize relevant hashtags, collaborate with micro-influencers, and run targeted ads to reach our audience. Allocate 30% of the budget to influencer partnerships, 20% to ad spend, and 50% to content creation. Launch a referral program to incentivize user-generated content and drive website traffic.""",awareness,,0.6944
113,"Create a 3-month content calendar focusing on industry trends, best practices, and product tutorials. Repurpose existing blog posts into social media posts, email newsletters, and LinkedIn articles. Allocate 2 weeks for content creation, 1 week for review, and 1 week for publishing. Utilize AI-powered content generation tools to optimize and personalize content. Share user-generated content and host webinars to showcase expertise and build trust.",awareness,,0.5916
114,"""ShopDelight's 'New Arrival' email campaign will feature a limited-time discount, exclusive early access, and a 'buy now' call-to-action. Use a countdown timer to create a sense of urgency and encourage social sharing with a 'share and win' incentive. Segment",conversion,persuasive,0.7921
115,"Launch a 6-week social media campaign across Facebook, Instagram, and Twitter, focusing on engaging visuals and influencer partnerships. Allocate $2,000 for sponsored content, $1,500 for influencer collaborations, and $1,500 for content creation. Utilize relevant hashtags and tag eco-conscious influencers to amplify reach.",awareness,,0.7097
118,"Conduct a thorough website audit to identify technical and content-related issues. Implement keyword research, on-page optimization, and internal linking strategies. Allocate $2,000 for SEO",awareness,,0.6368
119,"""Green Revolution"" social media campaign: Partner with eco-influencers to showcase GreenThreads' sustainable clothing. Utilize Instagram Reels and TikTok to share engaging, informative content highlighting the brand's commitment to sustainability. Allocate $300 for influencer collaborations, $200 for content creation, and $500 for paid social media ads targeting young adults.",awareness,,0.5788
120,"""AI Insights"" blog series: Create informative articles, whitepapers, and webinars showcasing the benefits and applications of AI-powered software solutions. Utilize SEO optimization and social media promotion to increase visibility. Repurpose content into email newsletters and LinkedIn posts to reach a wider audience.",lead_generation,,0.7106
121,"""Get Fit, Feel Great"" email campaign: Create a 5-email series offering exclusive promotions, workout tips, and wellness advice. Utilize personalization and segmentation to tailor content to individual interests and fitness goals. Include clear calls-to-action (CTAs) to encourage membership sign-ups and class bookings.",conversion,,0.7434
122,"""Explore the Great Outdoors"" Google Ads campaign: Target",conversion,,0.6243
123,"Create a social media contest, ""Eco-Chic Challenge,"" where followers share their favorite eco-friendly fashion tips using a branded hashtag. Partner with influencers and offer a discount code for participants. Utilize Instagram Reels and TikTok for engaging content.",awareness,persuasive,0.8156
124,"Craft a personalized email sequence focusing on pain points, success stories, and exclusive offers. Use AI-powered email optimization tools to ensure optimal send times and subject lines. Include a clear call-to-action (CTA) in each email.",conversion,,0.6896
125,"Develop a content calendar focusing on evergreen topics, guest posts, and SEO optimization. Utilize AI-powered content generation tools to streamline production. Create a lead magnet, such as a free e-book, to capture email addresses.",awareness,,0.6489
126,"Create eye-catching ads featuring popular car models, special offers, and customer testimonials. Utilize Facebook's AI-powered ad optimization tools to target high-intent buyers. Include a clear CTA and track conversions using Facebook Pixel.",conversion,,0.7
127,"Launch a social media contest, ""Eco-Challenge,"" where followers share their eco-friendly habits and tag friends. Partner with influencers to promote the contest and GreenCycle's new product. Offer a 10% discount to participants and feature the best eco-friendly tips on the company's social media channels.",awareness,,0.7017
128,"Create a blog series, ""Prosperity Insights,"" focusing on industry trends, market analysis, and expert advice. Utilize AI-powered content generation to produce high-quality, engaging articles. Repurpose content into social media posts, email newsletters, and video scripts to maximize reach.",,professional,0.6818
129,"Create a lead nurturing email series, ""TechForge Insights,"" offering valuable content, industry news, and expert advice. Use AI-powered personalization to tailor emails to individual interests and behaviors. Include clear calls-to-action and track engagement metrics to optimize future campaigns.",,professional,0.7792
130,"Create a social media strategy focusing on Instagram, TikTok, and Pinterest. Share engaging content (images, videos, Reels) showcasing eco-friendly materials, production processes, and customer testimonials. Utilize hashtags #ecofashion, #sustainability, and #fashionforacause. Collaborate with eco-conscious influencers for sponsored content and product reviews. Allocate $1,000 for Instagram and TikTok ads targeting Gen Z users.",awareness,professional,0.7896
131,"Create a 3-email campaign highlighting the benefits of the AI-powered tool, including increased efficiency, accuracy, and cost savings. Email 1: Introduction to the tool and its features. Email 2: Success stories and testimonials from existing clients. Email 3: Exclusive demo invitation and promotion. Utilize a conversational tone, compelling visuals, and a clear call-to-action (CTA).",,persuasive,0.6524
133,"Create a social media campaign ""EcoRevolution"" focusing on Instagram, TikTok, and Facebook. Collaborate with 5 eco-influencers to showcase EcoCycle's sustainable fashion practices. Utilize Instagram Reels and TikTok videos to share behind-the-scenes content, customer testimonials, and eco-friendly tips. Allocate $3,000 for influencer partnerships, $2,000 for content creation, and $5,000 for targeted ads.",awareness,,0.6759
134,"Create a 3-email sequence campaign ""Unlock Your Business Potential"" highlighting the benefits of TechCorp's new software solution. Email 1: Introduction to the product and its features. Email 2: Success stories and testimonials from beta testers. Email 3: Exclusive discount offer for subscribers. Use a conversational tone and personalize the content using the subscriber's name and business type.",conversion,,0.6587
135,"Create a content calendar focusing on Instagram and Facebook. Post frequency: 3 times a week. Content mix: 40% workout tips and tutorials, 30% customer success stories, 15% promotions and events, and 15% behind-the-scenes content. Utilize Instagram Stories and Facebook Live to share exclusive content and interact with followers. Schedule posts using a mix of popular hashtags and brand-specific hashtags.",engagement,,0.6927
136,"Create a social media campaign focused on Instagram and TikTok, leveraging hashtags #ecofashion and #sustainability. Collaborate with eco-conscious influencers for sponsored content. Utilize Instagram Reels and TikTok's ""Reaction"" feature to engage with users. Allocate 30% of the budget to Instagram Ads targeting users who have shown interest in eco-friendly products.",awareness,,0.7707
137,"Craft a 3-email sequence: Email 1 introduces the AI-powered tool, highlighting its benefits and features. Email 2 showcases a case study demonstrating the tool's success. Email 3 offers a personalized demo invitation, leveraging the recipient's company name and industry. Use a clear, concise tone and include a prominent CTA button.",lead_generation,professional,0.815
138,"Develop a content calendar focusing on Instagram and Facebook, posting 3 times a week. Monday: Share a ""Motivation Monday"" quote related to food and productivity. Wednesday: Feature a ""Wednesday Wisdom"" post highlighting a healthy eating tip. Friday: Post a ""Friday Foodie"" feature showcasing a popular menu item. Utilize Instagram Stories and Facebook Live to engage with users.",awareness,,0.675
139,"Create a documentary-style video series highlighting the brand's history, craftsmanship, and exclusive events. Partner with popular luxury lifestyle influencers for narrations. Utilize YouTube, Instagram,",,luxury,0.7679
140,"Launch a social media contest, ""Eco-Chic Challenge,"" where followers share their own sustainable fashion tips and tricks using a branded hashtag. Partner with eco-influencers to amplify the campaign. Allocate $500 for influencer partnerships and $500 for sponsored ads.",awareness,,0.5895
141,"Create a comprehensive eBook, ""The AI Revolution in Business,"" and offer it as a free download on the company website. Utilize existing content and update it with fresh insights. Promote the eBook through LinkedIn ads and sponsored content.",lead_generation,,0.6185
142,"Craft a series of three emails: a teaser email with a countdown timer, a launch email with exclusive promotions, and a follow-up email with social proof and user-generated content. Use a conversational tone and eye-catching visuals.",conversion,,0.6995
143,Develop a visually appealing image series showcasing breathtaking destinations. Utilize Instagram-friendly formats and include a clear call-to-action (CTA) in each image. Allocate $500 for image creation and $500 for sponsored ads.,engagement,,0.6319
144,"""Green Threads Challenge"": a 3-month social media campaign focusing on Instagram and TikTok, utilizing eco-influencers and user-generated content to showcase sustainable fashion. Collaborate with 5 influencers to create engaging content (images, videos, and Reels) highlighting the brand's eco-friendly materials and practices. Encourage users to share their own sustainable fashion choices using a branded hashtag, with a chance to win a free outfit.",awareness,,0.7154
145,"""Unlock Your Fitness Potential"" email campaign: a 6-email sequence focusing on the benefits of AI-driven fitness planning, success stories, and exclusive promotions. Use a conversational tone and attention-grabbing subject lines to increase open rates. Offer a 14-day free trial and a limited-time discount for new subscribers.",conversion,,0.6614
146,"Image: A vibrant, high-quality photo of a signature vegan dish, garnished with fresh herbs and edible flowers, on a rustic wooden table. Incorporate the restaurant's logo and a clear call-to-action (CTA) to ""Book Your Table Now.""",awareness,,0.6373
147,"Launch a social media contest, ""Share Your Green Moment,"" where followers share photos of themselves using Hydrate Green water bottles in eco-friendly settings. Partner with 5 eco-influencers to promote the contest and offer a 20% discount code for participants. Allocate $2,000 for influencer partnerships, $1,500 for ad spend, and $1,500 for content creation.",,persuasive,0.6409
148,"Create a 3-email nurture sequence focusing on pain points, success stories, and product benefits. Use AI-powered personalization to tailor content based on subscriber interactions. Email 1: ""5 Sales Challenges and How to Overcome Them""; Email 2: ""Real-Life Success Stories from Our Clients""; Email 3: ""Unlock Your Sales Potential with SalesBoost."" Include a clear CTA and track engagement metrics to refine future campaigns.",conversion,,0.6418
149,"Launch a ""Vibez Challenge"" Instagram campaign featuring bold, eye-catching graphics and videos showcasing the brand's eclectic clothing line. Partner with 3 emerging artists to create exclusive designs and offer a 15% discount code for participants. Utilize Instagram Reels and IGTV to share behind-the-scenes content, sneak peeks, and user-generated content. Allocate $1,500 for influencer partnerships, $1,000 for ad spend,",awareness,persuasive,0.822
150,"""Threads for a Greener Tomorrow"" campaign - a 6-week social media campaign featuring: - Influencer partnerships with eco-conscious fashionistas. - ""Sustainable Fashion Challenge"" - encouraging followers to share their eco-friendly fashion choices. - Instagram Reels and TikTok videos showcasing GreenThreads' production process and eco-friendly materials. - A dedicated landing page with a limited-time discount for new customers.",awareness,,0.6135
152,"""Healthy Habits"" content calendar - featuring: - Weekly workout routines and challenges. - Monthly themed content (e.g., nutrition, mindfulness). - Guest posts from fitness experts and influencers. - ""Success Story Saturday"" - highlighting community members' achievements. - Quarterly webinars and Q&A sessions.",awareness,,0.6382
153,"Develop a social media campaign, ""EcoWarriors,"" highlighting EcoChic's commitment to sustainability. Partner with 5 eco-influencers to showcase EcoChic's clothing in their daily lives. Utilize Instagram Reels and TikTok to share engaging, informative content (e.g., ""Did you know?"" facts about sustainable fashion). Allocate $1,000 for influencer collaborations and $500 for paid social media ads.",awareness,,0.5494
154,"Create a 3-email nurture campaign, ""Unlock Your Business Potential."" Email 1: Introduction to Prodigy Software's solutions, highlighting key benefits and features. Email 2: Success stories and case studies from existing clients. Email 3: Exclusive offer for a free trial or demo. Use attention-grabbing subject lines and CTAs. Personalize emails using the recipient's name and company name.",conversion,,0.7102
155,"Create a 3-month content calendar focusing on seasonal topics (e.g., summer salads, winter self-care). Allocate 2 blog posts per week, including: - Monday: ""Motivation Monday"" (inspirational stories or tips) - Thursday: ""Wellness Wisdom"" (in-depth articles on health and wellness topics) Utilize a mix of evergreen and timely content to cater to diverse audience interests.",awareness,,0.6053
156,"""Earth Month Challenge"" - a social media campaign encouraging followers to share eco-friendly habits and tagging GreenThreads. Utilize Instagram Reels, TikTok, and Twitter for content sharing, leveraging relevant hashtags (e.g., #Sustainability, #EcoFashion). Collaborate with 3 eco-influencers for sponsored content. Allocate $3,000 for paid social ads targeting the identified audience. Offer a 15% discount to participants who share their own eco-friendly habits.",awareness,,0.787
157,"""Unlock Your Fitness Potential"" - a 3-email campaign highlighting the smartwatch's features, success stories, and a limited-time promotion. Email 1: ""Get Fit, Stay Connected"" - introducing the smartwatch and its key features. Email 2: ""Real People, Real Results"" - showcasing user testimonials and achievements. Email 3: ""Limited Time Offer: 10% Off"" - exclusive discount for subscribers. Use attention-grabbing subject lines, clear CTAs, and visually appealing graphics.",conversion,persuasive,0.7945
159,"Develop a social media campaign, ""Eco-Revolution,"" focusing on Instagram and TikTok. Collaborate with eco-influencers and user-generated content (UGC) campaigns to showcase sustainable fashion. Utilize Instagram Reels and IGTV for behind-the-scenes content, and TikTok for short-form, engaging videos. Allocate $2,000 for influencer partnerships, $1,500 for content creation, and $1,500 for paid advertising.",awareness,,0.5384
160,"Create a 3-email sequence: ""Get Fit with AI."" Email 1: Introduction to FitGenie's AI technology and benefits. Email 2: Success stories and user testimonials. Email 3: Exclusive promotion (20% off premium upgrade). Use attention-grabbing subject lines, personalize content using subscriber names, and include clear calls-to-action (CTAs).",,persuasive,0.6845
161,"Launch a ""Tech Insights"" blog series, focusing on industry trends, best practices, and case studies. Repurpose blog content into other formats (infographics, webinars, eBooks). Utilize LinkedIn for content promotion and lead generation. Collaborate with industry influencers for guest posts and amplify content reach.",lead_generation,,0.7267
162,"""EcoWarrior Challenge"" social media campaign, leveraging Instagram Reels and TikTok to encourage users to share their eco-friendly fashion choices, using a branded hashtag and tagging EcoCycle. Collaborate with influencers and offer discounts to participants.",awareness,persuasive,0.7083
163,"""Unlock Your Business Potential"" email campaign, featuring a series of 3 emails: a teaser email with a compelling subject line, a launch email with product details and benefits, and a follow-up email with a special promotion and clear call-to-action.",conversion,persuasive,0.7592
164,"An eye-catching image ad featuring a bold, bright color scheme and a mix of fitness and wellness-related visuals, with a clear headline and call-to-action. Utilize graphics and illustrations to create a dynamic, energetic vibe.",awareness,persuasive,0.8102
166,"Develop a social media campaign, ""Eco-Chic Revolution,"" focusing on Instagram and TikTok. Partner with 5 eco-influencers to showcase GreenStyle's sustainable clothing. Create engaging content (images, videos, and Reels) highlighting the brand's commitment to reducing waste and carbon footprint. Utilize relevant hashtags, such as #ecofashion and #sustainability, to increase visibility. Allocate $2,000 for influencer collaborations and $1,500 for content creation and advertising.",awareness,,0.4779
167,"Create a 3-email sequence: ""Get Fit with AI."" Email 1: Introduce FitGenius's AI technology and offer a free 7-day trial. Email 2: Share success stories and showcase the app's personalized features. Email 3: Offer a limited-time discount (20% off) for premium subscriptions. Use attention-grabbing subject lines, such as ""Unlock Your Fitness Potential with AI."" Design a visually appealing email template highlighting the app's benefits and features.",,persuasive,0.6772
169,"""Green Revolution"" campaign: Partner with eco-influencers, create engaging content (reusable bags, beeswax wraps, etc.) for Instagram Reels and TikTok. Utilize relevant hashtags and tag relevant accounts. Allocate $1,000 for sponsored ads targeting eco-conscious users. Collaborate with popular eco-friendly brands for giveaways and product bundles.",awareness,,0.7707
170,"""Tech Insights"" blog series: Publish bi-weekly articles on industry trends, best practices, and tutorials. Utilize SEO keywords and meta descriptions. Allocate content creation to in-house experts and guest bloggers. Repurpose content into social media posts, email newsletters, and LinkedIn articles.",awareness,,0.666
172,"""Style Challenge"" contest: Encourage followers to share their favorite fashion tips and trends using a branded hashtag. Partner with influencers to promote the contest. Offer a grand prize (gift card or free product) and feature the winner on the company's social media channels.",awareness,,0.7009
173,"""Verde Vibes"" campaign: Partner with eco-influencers to showcase Verde's sustainable clothing lines. Create engaging content (images, videos, and Reels) highlighting the brand's commitment to sustainability. Allocate $2,000 for influencer partnerships, $1,500 for content creation, and $1,500 for social media advertising. Utilize Instagram, TikTok, and Facebook to reach the target audience.",awareness,,0.7386
174,"""Unlock Your Fitness Potential"" campaign: Design a series of 4 emails, each highlighting a unique feature of the FitGenie app. Use a conversational tone and include social proof (testimonials, ratings). Offer a 14-day free trial and a 20% discount for annual subscriptions. Use AI-driven segmentation to personalize the email content based on subscriber preferences.",,friendly,0.6732
175,"""Drive Change"" campaign: Produce a 60-second video ad showcasing the eco-friendly features of the new electric vehicle model. Use a mix of scenic outdoor footage and futuristic visuals to emphasize the vehicle's innovative technology. Highlight the vehicle's zero-emission capabilities and include a call-to-action (CTA) to book a test drive.",conversion,,0.6603
176,"Develop an influencer marketing campaign partnering with eco-conscious Gen Z influencers to showcase EcoCycle's sustainable clothing lines. Utilize Instagram Reels and TikTok to share engaging, educational content highlighting the brand's commitment to sustainability. Allocate $1,500 for influencer partnerships and $500 for content creation.",awareness,,0.7707
177,"Create a 3-email nurture sequence focusing on providing value through thought leadership content, customer testimonials, and personalized product demos. Use AI-powered email personalization to tailor content to each lead's interests and behaviors. Include clear, actionable CTAs to encourage conversions.",conversion,,0.7039
178,"Plan a 6-week content calendar featuring a mix of product teasers, behind-the-scenes content, customer testimonials, and educational blog posts highlighting the product's benefits. Utilize Instagram, Facebook, Twitter, and LinkedIn to reach a broad audience. Schedule posts using a mix of promotional, educational, and engaging content to maintain audience interest.",conversion,,0.6761
179,Design a targeted Facebook ad campaign using AI-powered lookalike targeting to reach high-value customers. Create visually stunning ads showcasing,conversion,,0.7093
180,"""GreenThreads Challenge"" - a social media campaign encouraging users to share their own eco-friendly fashion tips and tricks using a branded hashtag. Partner with influencers and offer a discount code to participants. Allocate $2,000 for influencer partnerships, $1,500 for sponsored ads, and $1,000 for content creation.",awareness,persuasive,0.8268
182,"""Fuel Your Fitness"" - a series of 6 Reels ads showcasing the product's benefits, customer testimonials, and before-and-after results. Allocate $1,500 for ad spend, $1,000 for content creation, and $500 for influencer partnerships.",conversion,,0.6725
183,"""GreenThreads Revival"" campaign, leveraging Instagram Reels and TikTok to showcase sustainable fashion tips, behind-the-scenes content, and user-generated eco-friendly fashion challenges. Collaborate with eco-influencers and run targeted ads to reach 1 million impressions.",awareness,,0.7707
184,"""TechTalk"" content calendar, featuring bi-weekly thought leadership articles, weekly industry news roundups, and monthly customer success stories. Utilize LinkedIn's publishing platform to share long-form content and participate in relevant LinkedIn groups to increase visibility.",awareness,professional,0.6848
185,"""Welcome Back"" email campaign, featuring personalized product recommendations, exclusive discounts, and a ""we've missed you"" message. Use AI-powered segmentation to identify inactive subscribers and create a 3-email sequence to win them back.",conversion,,0.5254
186,"""Green Threads Challenge"" - a social media campaign encouraging users to share their eco-friendly fashion choices, using a branded hashtag. Collaborate with influencers, offer discounts, and create engaging content (images, videos, blog posts) highlighting the brand's sustainable practices.",awareness,,0.6295
187,"""The Prestige Experience"" - a tailored email campaign using AI-driven segmentation, offering personalized content (exclusive offers, event invitations, and curated car recommendations) based on customer preferences and behavior.",,luxury,0.7361
188,"""Foodie Frenzy"" - a content calendar featuring a mix of engaging formats ( images, videos, stories, and live streaming) highlighting customer experiences, chef interviews, and promotions. Utilize Instagram Reels, IGTV, and Facebook Live to maximize reach.",conversion,,0.6873
189,"""Healthy Buddy"" - a conversational AI-powered chatbot providing personalized product recommendations, answering customer queries, and offering workout tips. Use natural language processing (NLP) to improve user experience.",conversion,,0.5789
190,"Utilize Instagram Reels and TikTok to showcase eco-friendly fashion hacks, behind-the-scenes content, and user-generated content. Collaborate with eco-influencers and run a hashtag challenge to encourage audience engagement.",awareness,,0.7707
191,"Implement a 3-email nurture sequence focusing on industry insights, success stories, and personalized product demos. Use AI-powered content recommendations to tailor the content to each lead's interests and behaviors.",,professional,0.722
193,"Develop eye-catching, high-quality ad visuals showcasing trendy outfits and accessories. Utilize AI-powered ad creative automation to personalize ads based on user behavior, interests, and demographics.",conversion,,0.671
195,Create a visually striking email template with animations and GIFs showcasing the product's innovative features. Use AI-generated images to highlight the product's sleek design and include a limited-time discount for early bird subscribers.,awareness,persuasive,0.7909
196,"Publish a series of in-depth articles and whitepapers on industry trends and best practices. Utilize AI-powered content generation tools to produce high-quality, SEO-optimized content. Repurpose the content into social media posts, email newsletters, and webinars.",awareness,,0.6407
197,"Develop a social media calendar featuring behind-the-scenes content, sneak peeks, and exclusive promotions. Utilize Instagram Reels and Facebook Live to showcase the restaurant's culinary expertise. Schedule posts to coincide with peak hours and engage with followers by responding to comments and direct messages.",awareness,,0.6249
198,"Launch a targeted Google Ads campaign focusing on high-intent keywords. Create AI-generated ad copy and landing pages optimized for conversion. Allocate $2,000 for ad spend and monitor campaign performance regularly.",conversion,,0.5756
199,"""Verde Vibes"" social media campaign: Utilize Instagram Reels and TikTok to showcase sustainable fashion practices, collaborate with eco-influencers, and offer exclusive discounts to followers who share their own eco-friendly fashion tips. Allocate $1,000 for influencer partnerships and $500 for paid social media ads.",awareness,,0.7707
200,"""Tech Insights"" content calendar: Publish bi-weekly blog posts on industry trends, product updates, and customer success stories. Utilize SEO optimization, internal linking, and CTAs to drive lead generation. Allocate 2 hours/week for content creation and 1 hour/week for social media promotion.",awareness,professional,0.8606
201,"""Luxe Insider"" email campaign: Segment email list by purchase history and preferences, create personalized product recommendations, and offer exclusive loyalty rewards. Use AI-powered email automation to send targeted, timely messages.",conversion,,0.6304
202,"""Foodie Frenzy"" social media contest: Launch a photo contest on Instagram and Facebook, asking users to share their favorite Foodie Express meals. Offer a $500 gift card grand prize and feature user-generated content on social media channels.",awareness,persuasive,0.709
203,"""Green Revolution"" campaign: Partner with eco-influencers, create engaging content (images, videos, blog posts) highlighting the brand's commitment to sustainability, and utilize Instagram Reels and TikTok for hashtag challenges. Allocate $1,000 for influencer collaborations and $500 for paid social media ads.",awareness,,0.7707
204,"""Tech Insights"" blog series: Create in-depth articles, whitepapers, and webinars on industry trends, best practices, and product tutorials. Utilize SEO optimization and repurpose content into social media posts, email newsletters, and LinkedIn articles.",lead_generation,,0.7409
205,"""Your Style, Your Way"" campaign: Use AI-powered segmentation to create personalized email content, product recommendations, and exclusive offers based on customers' purchase history, browsing behavior, and preferences.",conversion,,0.688
206,"""Unbox the Future"" contest: Launch a social media contest on Twitter, Instagram, and Facebook, where followers can share a photo or video of themselves unboxing the new product, using a branded hashtag. Offer a grand prize and runner-up prizes, and schedule engaging content",,persuasive,0.658
207,"Develop a hashtag challenge campaign #EcoFashionRevolution, partnering with 5 eco-influencers to showcase GreenThreads' sustainable clothing. Allocate $2,000 for influencer collaborations, $1,500 for sponsored ads, and $1,500 for content creation. Share engaging content (images, videos, and Reels) highlighting the brand's eco-friendly practices. Encourage users to share their own eco-friendly fashion choices, offering a 15% discount to participants.",awareness,,0.63
208,"Create a series of 3 automated email campaigns: 1) Introduction to FitGenie's AI technology and its benefits, 2) Success stories and testimonials from existing users, and 3) Exclusive promotional offer (20% off the premium subscription). Use attention-grabbing subject lines, compelling CTAs, and personalized content to engage subscribers.",lead_generation,persuasive,0.6729
209,"Produce a series of 5 engaging videos showcasing the vehicle's eco-friendly features, performance, and design. Utilize 3D animations and virtual reality experiences to create immersive content. Publish videos on YouTube, Facebook, and the company website. Allocate $10,000 for video production and $5,000 for paid advertising.",,professional,0.5691
210,"""Threads for a Greener Tomorrow"" campaign, leveraging Instagram Reels, TikTok, and Pinterest to showcase eco-friendly fashion. Partner with 3 eco-influencers for sponsored content, utilizing hashtags #SustainableFashion and #EcoWarriors. Allocate $300 for influencer partnerships, $200 for paid social media ads, and $500 for content creation. Track engagement and website traffic using Google Analytics.",awareness,,0.5544
212,"""Get Moving Again"" email series: Week 1 - ""We Miss You"" (personalized greeting, highlighting new features and workouts), Week 2 - ""Your Fitness Journey Awaits"" (success stories, motivational quotes, and a call-to-action), Week 3 - ""Exclusive Offer: 20% Off Your Next Month"" (limited-time discount), and Week 4 - ""Last Chance: Let",retention,persuasive,0.7803
213,"Launch a ""Sustainable Fashion Challenge"" on TikTok, encouraging users to share their own eco-friendly fashion hacks and tagging Green Threads. Collaborate with 5 popular eco-influencers to promote the challenge and offer a discount code for participants. Utilize Instagram Reels and Facebook to amplify the campaign, sharing behind-the-scenes content and user-generated videos.",awareness,persuasive,0.8023
214,"Create a comprehensive eBook on ""The Future of IT: Trends and Strategies"" featuring insights from industry experts. Break down the eBook into smaller, bite-sized blog posts and social media snippets. Host a webinar on the topic, featuring a panel discussion with industry thought leaders, and offer the eBook as a downloadable resource.",lead_generation,,0.6971
215,"Craft a visually stunning email campaign featuring exclusive, curated travel experiences. Use AI-powered personalization to tailor content to individual preferences and interests. Offer a limited-time discount for subscribers and include a "" Book Now"" CTA. Utilize social proof, showcasing testimonials from satisfied clients and industry awards.",conversion,,0.7076
216,"Launch a ""Kids' Mealtime Masterpiece"" contest on Facebook and Instagram, encouraging parents to share photos of their kids' creative mealtime artwork. Partner with popular family influencers to promote the contest and offer a free meal voucher for participants. Utilize Instagram Stories and Facebook Live",awareness,,0.582
218,Develop a content marketing strategy focusing on blog posts,awareness,,0.6296
219,"Develop a ""Sustainable Style Challenge"" campaign, encouraging followers to share eco-friendly fashion tips and showcase their own sustainable fashion choices. Collaborate with 5 eco-influencers to promote the challenge and share engaging content. Utilize Instagram Reels, TikTok, and Facebook to reach the target audience.",awareness,,0.6504
220,"Create a 5-email nurture sequence focused on educating leads about the benefits of AI-powered solutions. Use a conversational tone, highlighting success stories and offering personalized demos. Include clear CTAs and track engagement metrics to refine the sequence.",,friendly,0.6513
221,"Create a content hub focused on health education, featuring articles, videos, and podcasts. Utilize keyword research to optimize content for SEO. Develop strategic partnerships with health influencers and medical organizations to amplify content reach.",awareness,,0.6668
222,"Create a social media strategy focusing on Instagram and TikTok. Utilize relevant hashtags (e.g., #sustainability, #ecofriendly) and collaborate with eco-influencers. Allocate $300/month for sponsored content and $200/month for influencer partnerships. Share engaging content (images, videos, Reels) showcasing EcoCycle's sustainable practices and fashionable products. Monitor analytics to optimize content and adjust the strategy as needed.",awareness,,0.5727
223,"Create a visually appealing image featuring the new product, a smartwatch, on a bold, contrasting background. Incorporate a 3D effect to highlight the product's sleek design. Include a clear call-to-action (CTA) ""Learn More"" and the company's logo. Use a color scheme that reflects the brand's identity (blue and silver). Ensure the image is optimized for various devices and browsers.",awareness,,0.6521
224,"Craft an attention-grabbing subject line ""Unlock Your Taste Buds"" and introduce a new, exotic meal kit ""Tropical Oasis."" Use mouth-watering descriptions and highlight the kit's unique ingredients. Emphasize the convenience and flexibility of FoodieDelights' service. Include a limited-time discount (15% off) and a clear CTA ""Order Now."" Personalize the email by addressing subscribers by name and referencing their past orders.",,persuasive,0.6559
225,"Launch a ""Green Revolution"" social media campaign, leveraging Instagram Reels and TikTok to showcase the products in a lifestyle setting. Collaborate with eco-influencers and user-generated content campaigns to amplify the brand's message. Utilize relevant hashtags and tag relevant environmental organizations to increase reach.",awareness,,0.7707
226,"Create a comprehensive content hub featuring industry reports, whitepapers, and case studies that highlight the benefits of AI-powered project management. Host webinars and podcasts discussing industry trends and best practices, featuring expert guests and showcasing TechCorp's expertise.",lead_generation,,0.7139
227,"Launch a ""We Miss You"" email campaign, offering personalized discounts and exclusive access to new arrivals. Utilize AI-powered email segmentation to tailor content and offers based on customers' past purchases and browsing history.",retention,,0.7432
228,"Produce a cinematic video series showcasing the car's features and performance, highlighting the brand's heritage and craftsmanship. Utilize 3D animation and VR technology to create immersive experiences. Partner with popular car influencers and YouTube reviewers to showcase",awareness,luxury,0.7761
229,"""ThreadTogether"" campaign: Collaborate with eco-influencers, create engaging content highlighting the brand's sustainable practices, and launch a referral program offering discounts for customers who share eco-friendly tips on social media. Utilize Instagram Reels and TikTok to showcase products and behind-the-scenes content.",awareness,,0.7707
231,"""Escape the Ordinary"" campaign: Create stunning, high-resolution images showcasing breathtaking destinations, luxurious accommodations, and unique experiences. Utilize Instagram and Facebook ads to target high-end audiences, and partner with influencers to showcase exclusive content.",awareness,luxury,0.7257
232,"""TasteQuest"" contest: Launch a social media contest asking customers to share photos of their favorite FoodFusion meals, using a branded hashtag. Partner with popular food influencers to promote the contest, and offer exclusive discounts and prizes for participants.",retention,,0.6824
233,"""Threads for a Greener Tomorrow"" campaign: - Partner with micro-influencers and eco-conscious content creators for authentic brand storytelling. - Develop engaging content (videos, reels, and posts) highlighting the sustainable materials, production processes, and the story behind each garment. - Utilize Instagram and TikTok for primary campaign execution, focusing on hashtags like #SustainableFashion and #EcoFriendly. - Create a referral program encouraging customers to share their own sustainable fashion tips and experiences with GreenThreads products.",awareness,,0.7707
234,"""Reignite Your Learning Spark"" email campaign: - Segment dormant subscribers based on their last engagement and interests. - Design a series of 3 personalized emails: 1. A reminder of their past interests and new courses that might intrigue them. 2. Exclusive offers and discounts on courses they've previously shown interest in. 3. Success stories of learners who re-engaged and achieved their goals. - Include a limited-time discount code in the final email to encourage immediate action.",retention,,0.5459
235,"""Spark Insights"" content hub: - Create in-depth articles, whitepapers, and case studies on AI and machine",awareness,,0.7258
237,"Create a comprehensive content hub featuring in-depth articles, whitepapers, and webinars on AI trends, best practices, and industry applications. Utilize AI-powered content generation tools to streamline content creation and repurpose existing content into engaging formats, such as infographics and videos.",lead_generation,,0.6654
238,"Craft a visually stunning email campaign featuring personalized travel recommendations, exclusive offers, and curated destination guides. Utilize AI-powered email segmentation to target high-value customers and create a sense of urgency with limited-time offers.",conversion,luxury,0.8777
240,"Develop an influencer-led campaign featuring eco-conscious Gen Z creators showcasing HypeCycle's clothing in relatable, everyday settings. Utilize Instagram Reels and TikTok for short-form, engaging content. Allocate $5,000 for influencer partnerships and $2,000 for targeted ads. Monitor and adjust the campaign using analytics tools.",awareness,,0.7707
242,"Create a bi-weekly posting schedule featuring industry insights, customer success stories, and product updates. Utilize LinkedIn's publishing platform to share long-form content, such as eBooks and whitepapers. Allocate one day a week for engaging with audience comments and messages.",lead_generation,professional,0.8193
244,"Develop a social media campaign, ""Eco-Cycle,"" focusing on Instagram and TikTok. Collaborate with 5 eco-influencers to showcase sustainable fashion practices and encourage users to share their own eco-friendly fashion choices. Utilize Instagram Reels and TikTok's ""Reaction"" feature to create engaging, interactive content. Allocate $300 for influencer partnerships, $200 for content creation, and $500 for paid social media ads targeting Gen Z.",awareness,,0.539
247,"Develop a hashtag-driven campaign, #SustainableStyle, featuring user-generated content showcasing customers wearing GreenStyle clothing in eco-friendly settings. Collaborate with eco-influencers and bloggers for sponsored content. Utilize Instagram Reels and TikTok for short-form, engaging videos highlighting the brand's sustainable practices.",awareness,,0.7707
248,"Create a ""We Miss You"" email series with personalized content, offering exclusive discounts, and highlighting new products. Use AI-driven segmentation to identify subscribers' interests and tailor content accordingly. Include a ""Survey"" email to gather feedback and update subscriber preferences.",conversion,,0.6991
249,"Create a ""Resource Library"" on the website with in-depth guides, whitepapers, and webinars on industry-specific topics. Utilize LinkedIn and Twitter for promoting content and engaging with influencers. Develop a podcast series featuring industry experts and thought leaders.",lead_generation,,0.5841
252,"Create a mouth-watering image of a signature coffee drink with a bold, eye-catching font overlay: ""Limited Time Offer: Buy One Get One Free on all drinks this weekend!""",awareness,persuasive,0.8807
253,"Week 1: ""5 Productivity Hacks for Teams"" blog post. Week 2: ""Success Story"" case study on social media. Week 3: ""Project Management Tips"" video series on LinkedIn. Week 4: ""Expert Q&A"" webinar on Twitter.",,professional,0.7343
255,"Create a ""Get Moving Again"" email campaign with personalized subject lines and content based on customers' past interactions. Offer a 20% discount on the next 3 months' subscription and a free 30-minute coaching session. Use AI-driven segmentation to tailor emails to individual preferences and fitness goals. Include social proof, success stories, and a clear call-to-action to restart their fitness journey.",retention,persuasive,0.7449
256,"Create a content calendar focusing on thought leadership, industry trends, and product showcases. Allocate 2 posts per week: 1 in-depth article on Tuesdays and 1 engaging video on Thursdays. Utilize LinkedIn's publishing platform for long-form content and collaborate with industry influencers for guest posts. Share customer success stories, whitepapers, and webinars to establish TechSoft as a trusted authority.",engagement,,0.6206
257,"Develop a 4-week campaign across Instagram, TikTok, and Facebook, focusing on influencer partnerships, user-generated content, and educational posts highlighting the brand's sustainable practices. Utilize relevant hashtags and tag relevant eco-friendly influencers to increase reach.",awareness,,0.5366
259,"Create a content calendar featuring a mix of informative articles, videos, and podcasts on topics such as nutrition, fitness, and mindfulness. Utilize SEO optimization, social media promotion, and influencer collaborations to increase reach and engagement.",awareness,,0.4528
261,"Create a social media contest, ""EcoChallenge,"" where followers share their eco-friendly fashion tips and tricks. Partner with influencers to promote the contest and encourage user-generated content. Utilize Instagram Reels and TikTok to reach the target audience.",awareness,,0.6542
263,Create a series of Instagram posts showcasing the eco-friendly features of the new product line. Utilize Instagram Shopping to enable seamless purchases. Share customer reviews and ratings to build trust.,conversion,,0.7396
264,"Create a blog series, ""Health Insights,"" that addresses common medical questions and concerns. Utilize AI-powered content generation to ensure accuracy and compliance. Repurpose content into social media posts, email newsletters, and video scripts.",awareness,,0.6869
265,"Launch a social media contest, ""GreenThreads Challenge,"" where followers share their favorite eco-friendly fashion tips using a branded hashtag. Partner with eco-influencers to promote the contest and create engaging content (images, videos, and blog posts) highlighting GreenThreads' sustainable practices. Allocate $2,000 for influencer collaborations, $1,500 for paid social media ads, and $1,500 for content creation.",awareness,,0.486
266,"Create a series of three email campaigns: (1) Introduction to the AI-powered software, highlighting its benefits and features; (2) Success stories and case studies from existing customers; and (3) Exclusive offers and trials for subscribers. Use AI-driven segmentation to personalize emails based on subscriber interests and behaviors.",lead_generation,,0.6663
267,"Partner with 10 vegan influencers to create sponsored content featuring PureGlow products. Request that influencers share their personal experiences, tips, and favorite products, using a branded hashtag. Allocate $5,000 for influencer collaborations, $3,000 for product seeding, and $2,000 for Instagram ads.",awareness,,0.6525
268,"Develop a social media campaign, ""Eco-Revolution,"" focusing on Instagram and TikTok. Collaborate with 5 eco-influencers to showcase GreenThreads' sustainable clothing lines. Utilize relevant hashtags and create engaging content (reels, stories, and posts) highlighting the brand's commitment to sustainability. Allocate $2,000 for influencer partnerships, $1,500 for content creation, and $1,500 for paid advertising.",awareness,,0.7408
269,"Create a content calendar focusing on blog posts, social media, and email newsletters. Topics will cover nutrition, exercise, and mental well-being for seniors. Partner with a team of freelance writers and health experts to create high-quality content. Allocate 2 blog posts per week, 3 social media posts per week, and 1 email newsletter per month.",awareness,,0.52
270,"Launch a 6-week social media campaign across Instagram, TikTok, and Facebook, focusing on user-generated content and influencer partnerships. Allocate $300 for influencer collaborations, $200 for sponsored ads, and $500 for content creation. Utilize hashtags #SustainableFashion and #EcoFriendly to increase discoverability.",awareness,,0.7035
271,"Create a 3-email sequence: Introduction, Benefits, and Exclusive Offer. Use personalized subject lines and CTAs. Offer a free trial or demo in the final email. Use a conversational tone and highlight key features and success stories.",conversion,,0.7045
272,"Focus on creating high-quality, informative content (blog posts, videos, podcasts) around topics like mindfulness, nutrition, and fitness. Utilize SEO optimization and repurpose content across social media platforms. Collaborate with guest bloggers and influencers to expand reach.",awareness,,0.624
274,"Develop a social media campaign leveraging Instagram and TikTok, focusing on influencer partnerships, user-generated content, and engaging storytelling. Utilize relevant hashtags, such as #SustainableFashion and #EcoFriendly, to increase visibility.",awareness,,0.6849
275,"Create a 3-email nurture sequence highlighting the benefits of TechCorp's software, featuring case studies, and offering a free trial. Use a conversational tone and personalize the content using the lead's company name and industry.",lead_generation,friendly,0.7873
276,"Create a content calendar featuring topics such as exercise routines, nutrition plans, and disease prevention. Utilize relevant keywords, optimize for SEO, and schedule bi-weekly posts. Collaborate with influencers and experts in the field to increase credibility.",awareness,,0.5656
277,"Develop targeted Facebook and Instagram ads featuring eye-catching visuals, highlighting promotions, and utilizing",conversion,,0.7082
278,"Develop a multi-channel campaign, ""Wear Your Values,"" focusing on Instagram, TikTok, and Facebook. Collaborate with eco-influencers for product showcases, behind-the-scenes content, and user-generated content campaigns. Utilize relevant hashtags, such as #Sustainability and #EcoFashion, and create engaging, informative posts highlighting the brand's commitment to environmental responsibility. Allocate $1,500 for influencer partnerships and $1,000 for targeted ads. Schedule posts thrice weekly, monitoring engagement and adjusting content as needed.",awareness,,0.5832
280,"Launch ""AI Insights,"" a blog and podcast series exploring the latest AI trends, innovations, and applications. Collaborate with in-house experts and industry thought leaders to create high-quality, informative content. Utilize SEO best practices to optimize articles and podcast descriptions. Distribute content through",awareness,professional,0.8179
281,"Launch a ""Wear Your Values"" campaign across Instagram, TikTok, and Facebook, focusing on user-generated content showcasing GreenCycle Fashion's sustainable clothing. Collaborate with eco-conscious influencers for sponsored content, and allocate $2,000 for targeted ads highlighting the brand's commitment to reducing waste. Offer a 10% discount to customers who share their own eco-friendly fashion choices, fostering a community around the brand's mission.",awareness,,0.6677
282,"Create a ""Fitness Forward"" blog and YouTube series focusing on AI-driven workout trends, success stories, and expert advice. Host webinars with professional trainers to showcase FitGenie's AI technology in creating customized workout plans. Utilize SEO optimization to increase visibility and collaborate with fitness influencers for app reviews and tutorials.",lead_generation,,0.5843
284,"Launch a social media contest, ""Verdi Vibes,"" where followers share eco-friendly fashion tips using a branded hashtag. Partner with 5 eco-influencers to showcase Verdi's sustainable clothing. Allocate $2,000 for influencer fees, $1,500 for paid social media ads, and $1,500 for content creation. Utilize Instagram Reels and TikTok for engaging, short-form content.",awareness,,0.7707
285,"Craft a series of 3 emails highlighting the tool's benefits: ""Simplify Your Workflow,"" ""Unlock Efficiency,"" and ""Exclusive Trial Offer."" Use a conversational tone, emphasizing how TechEase's AI-powered tool can save time and increase productivity. Include a clear CTA (call-to-action) and a limited-time trial offer.",conversion,,0.6986
287,"""Verde Vibes"" campaign: Utilize Instagram Reels and TikTok to create engaging, eco-friendly content. Collaborate with 5 eco-influencers to showcase Verde's sustainable fashion practices. Allocate $1,000 for influencer partnerships and $1,500 for targeted ads. Monitor and adjust campaign performance using Instagram Insights and TikTok Analytics.",awareness,professional,0.8755
288,"""Unlock the Future"" campaign: Craft a series of 3 emails showcasing the product's innovative features and exclusive promotions. Use AI-powered email personalization to tailor content based on recipient interests. Offer a limited-time 10% discount to encourage pre-orders. Use Mailchimp's automation tools to streamline email deployment.",conversion,,0.6382
290,"""Electrify Your Ride"" campaign: Create a 60-second video showcasing the vehicle's eco-friendly features and sleek design. Utilize YouTube's video analytics to track performance",awareness,,0.5627
291,"Develop a social media campaign, ""Wear Your Values,"" highlighting GreenThreads' commitment to sustainability. Create engaging content (images, videos, and blog posts) showcasing eco-friendly materials, production processes, and customer testimonials. Collaborate with eco-influencers and user-generated content campaigns to amplify the message. Allocate budget to targeted Facebook and Instagram ads. Utilize Instagram Reels and IGTV for behind-the-scenes content, and Facebook Live for Q&A sessions with designers and sustainability experts.",awareness,,0.7707
292,"Create a 5-email nurturing campaign, ""Unlock Your Business Potential,"" providing valuable content and insights on AI-powered solutions. Email 1: Introduction to TechCorp and its solutions. Email 2: Case study on a successful implementation. Email 3: Whitepaper on industry trends and challenges. Email 4: Webinar invitation on AI adoption. Email 5: Personalized demo offer and special promotion. Use a conversational tone, clear CTAs, and track engagement metrics to optimize the campaign.",conversion,,0.6478
294,Create visually stunning emails featuring high-quality images of the new collection. Use a minimalist design with gold accents and black backgrounds to convey luxury. Include personalized product recommendations based on customers' past purchases. Use AI-generated images to showcase 360-degree views of the clothing items.,,luxury,0.7035
295,"Introducing the TechFit Pro: Elevate Your Fitness Journey. This cutting-edge smartwatch features AI-powered workout tracking, heart rate monitoring, and personalized coaching. With its sleek design and intuitive interface, stay connected and on top of your fitness goals. Use social proof by highlighting customer testimonials and reviews.",conversion,,0.428
296,"Create a content calendar focusing on seasonal recipes, cooking tips, and behind-the-scenes stories. Allocate specific days for Instagram (Monday: Motivational quotes, Wednesday: Recipe videos, Friday: Featured chef interviews). Utilize Facebook and Twitter for",engagement,,0.6302
297,"Develop a social media campaign, ""Eco-Warriors Unite,"" highlighting GreenThreads' eco-friendly production processes and collaborating with eco-influencers to showcase sustainable fashion. Utilize Instagram Reels and TikTok to create engaging content, allocating $2,000 for influencer partnerships and $1,500 for sponsored ads.",awareness,,0.7307
298,"Create a series of 3 email campaigns: ""Get Ready,"" ""Launch Day,"" and ""Exclusive Offer."" Use attention-grabbing subject lines and CTAs, emphasizing the smartwatch's innovative features and limited-time discounts. Offer a special 10% discount to subscribers who purchase within the first 48 hours.",conversion,persuasive,0.7836
300,"Design a series of social media posts featuring impactful images of CharityRun's beneficiaries, volunteers",awareness,,0.699
301,"Develop a social media campaign, ""Eco-Warriors Unite,"" focusing on Instagram and TikTok. Partner with eco-influencers and user-generated content (UGC) campaigns to showcase sustainable fashion practices. Utilize relevant hashtags and Instagram Reels to increase engagement. Allocate $1,500 for influencer collaborations and $1,000 for ad spend.",awareness,,0.5447
303,"Create a content calendar focusing on topics such as market trends, regulatory updates, and industry insights. Develop a mix of blog posts, whitepapers, and webinars to cater to different audience preferences. Collaborate with industry experts and utilize SEO optimization to increase visibility. Establish a review and approval process to ensure compliance with financial regulations.",awareness,,0.6838
305,"Create a 3-email sequence campaign providing valuable content, such as whitepapers, webinars, and case studies, to educate leads about the benefits of sales automation. Use AI-powered personalization to tailor the content and subject lines to each lead's interests and pain points.",conversion,,0.4893
306,"Utilize AI-powered image generation tools to create stunning visuals showcasing the new collection. Develop a content calendar featuring a mix of model showcases, behind-the-scenes content, and user-generated content to create a sense of exclusivity and anticipation around the launch.",awareness,,0.6366
308,"""Revive & Thrive"" campaign, focusing on Instagram and TikTok. Partner with eco-influencers and launch a hashtag challenge, encouraging users to share their own sustainable fashion tips. Utilize Instagram Reels and TikTok's ""Reaction"" feature to create engaging, interactive content.",awareness,,0.7255
309,"""Fitness Forward"" blog series, featuring expert interviews, AI-driven workout tips, and industry trend analysis. Host webinars and create in-depth guides on AI in fitness, highlighting FitGenie's innovative approach. Utilize SEO optimization to increase visibility.",lead_generation,,0.6749
310,"""Reconnect & Rediscover"" campaign, featuring personalized product recommendations, exclusive discounts, and a ""We Miss You"" message. Utilize segmentation and A/B testing to optimize email content and subject lines.",retention,,0.7059
311,"""Cleaning with a Conscience"" video series, showcasing the eco-friendly production process, product demos, and customer testimonials. Utilize YouTube, Facebook, and Instagram to reach the target audience.",conversion,,0.7324
312,"Create a social media campaign focusing on Instagram and TikTok, leveraging hashtags #ecofashion and #sustainability. Collaborate with eco-influencers and user-generated content (UGC) to showcase GreenThreads' unique products. Allocate $500 for influencer partnerships and $1,000 for targeted ads.",awareness,,0.7707
313,"Design an eye-catching image featuring a serene home environment with a subtle hint of security cameras and sensors. Use a calming color palette and include a prominent call-to-action (CTA) ""Protect Your Home and Family"" with a clear and concise headline highlighting the system's AI-powered threat detection.",lead_generation,,0.6363
315,"""Green Revolution"" campaign: Utilize Instagram Reels and TikTok to showcase eco-friendly fashion tips, behind-the-scenes content, and user-generated content. Collaborate with micro-influencers and eco-conscious bloggers for sponsored content. Allocate $1,000 for influencer partnerships and $500 for ad spend.",awareness,,0.7707
316,"""Fitness in 5"" content series: Create bite-sized workout videos, blog posts, and social media tips highlighting 5-minute exercises, healthy recipes, and mindfulness techniques. Utilize AI-generated content (e.g., customized workout plans, progress tracking) to personalize user experience.",lead_generation,,0.6542
317,"""Electrify Your Journey"" campaign: Create high-end visuals showcasing Volta Motors' sleek designs, advanced technology, and eco-friendly features. Utilize Google Ads, Facebook Ads, and sponsored content on high-end lifestyle websites to target affluent audiences.",awareness,,0.6572
318,"""Foodie Frenzy Challenge"" contest: Encourage users to share photos of their favorite FoodFrenzy meals on Instagram, using a branded hashtag. Partner with popular food influencers to promote the contest. Offer a grand prize of a year's worth of free meals and feature user-generated content on social media channels.",,persuasive,0.5587
319,"Develop a ""Green Revolution"" campaign, leveraging Instagram Reels and TikTok to showcase eco-friendly fashion hacks, behind-the-scenes content, and user-generated content. Collaborate with eco-influencers and run targeted ads highlighting the brand's commitment to sustainability.",awareness,,0.5579
320,"Create a ""Fitness Journey"" email series, using AI-generated content that addresses users by name, references their workout history, and provides personalized fitness tips and recommendations. Include interactive elements, such as quizzes and challenges, to keep users engaged.",retention,,0.4842
321,"Implement a ""Transparency and Action"" strategy, promptly addressing customer concerns on social media, providing updates on the recall and the steps taken to prevent similar incidents. Share behind-the-scenes content showcasing quality control measures and employee testimonials to humanize the brand.",,professional,0.6385
322,"Launch a social media contest, ""Eco-Chic Challenge,"" where followers share their own sustainable fashion tips and tricks using a branded hashtag. Collaborate with eco-influencers to promote the contest and encourage user-generated content. Utilize Instagram Reels and TikTok to create engaging, short-form content showcasing GreenCycle's sustainable fashion practices.",awareness,,0.7174
323,"Design a personalized email campaign, ""Welcome Back to SmartHome,"" offering exclusive discounts and tailored product recommendations based on customers' past purchases. Use AI-powered email segmentation to create targeted groups and craft compelling subject lines that grab attention.",conversion,,0.4837
328,"Implement a content calendar focusing on holistic wellness, mindfulness, and self-care. Utilize AI-assisted content generation tools to research and outline topics. Collaborate with guest bloggers and wellness experts to expand the center's network. Allocate 1 day per week for content creation, 1 day for review and editing, and 1 day for publishing and promotion. Monitor analytics to refine the",awareness,,0.5321
329,"Develop a multi-channel campaign featuring Instagram Reels and TikTok videos showcasing the brand's sustainable production process, customer testimonials, and behind-the-scenes content. Utilize relevant hashtags, collaborate with eco-influencers, and offer a limited-time discount to encourage website visits and sales.",awareness,,0.7615
330,"Create a ""We Miss You"" email campaign with personalized subject lines, a curated selection of bestsellers, and a special discount offer. Use AI-powered segmentation to tailor content based on subscribers' past purchases and interests.",conversion,persuasive,0.888
332,"Develop a series of YouTube video ads showcasing the vehicle's eco-friendly features, sleek design, and customer testimonials. Utilize AI-powered video editing tools to create engaging, dynamic ads that appeal to the target audience.",awareness,,0.7707
334,"Create a ""We Miss You"" email campaign with a personalized subject line and a special offer (20% off the next order). Use a friendly tone and highlight new menu items, promotions, and events. Include a ""Tell us what you're craving"" survey to gather feedback and re-ignite interest. Send a series of 3 emails, spaced 2 weeks apart, to non-responders.",conversion,friendly,0.8083
335,"Launch a ""Proxima Insights"" blog, focusing on industry trends, best practices, and thought leadership pieces. Create informative, engaging content (e.g., whitepapers, web",awareness,,0.6476
336,"""Earth Squad"" campaign: Partner with eco-influencers for sponsored content, utilizing Instagram Reels and TikTok to showcase the new product line. Leverage user-generated content and hashtag challenges to create a community-driven movement.",awareness,,0.7707
337,"""Small Business Success"" blog series: Create informative, accessible content highlighting industry trends, best practices, and success stories. Utilize SEO optimization, email newsletters, and LinkedIn publishing to reach the target audience.",lead_generation,professional,0.8028
338,"""Unlock Endless Entertainment"" campaign: Craft attention-grabbing subject lines, promotional offers, and personalized content recommendations to entice new subscribers. Utilize A/B testing and behavioral triggers to optimize email sequences.",engagement,,0.7
339,"""Foodie Frenzy"" contest: Launch a social media contest where followers can share their favorite food moments, using a branded hashtag. Offer prizes, feature user-generated content, and utilize Instagram Stories and Facebook Live to create a buzz around the contest.",,persuasive,0.6486
341,"Implement an AI-driven email personalization strategy, segmenting the audience based on travel preferences, history, and interactions. Craft bespoke email content featuring curated travel recommendations, special offers, and exclusive access to new destinations. Use dynamic content blocks to personalize greetings, content, and CTAs. Include high-quality visuals showcasing unique experiences.",retention,luxury,0.7753
342,"Create a blog focusing on AI in fitness, health tips, and success stories. Utilize SEO to improve visibility. Design eye-catching, informative graphics illustrating workout plans, health benefits, and user progress. Develop a video series featuring fitness experts discussing AI's impact on fitness. Leverage user-generated content to build a community around the app.",lead_generation,,0.4535
343,"""Green Revolution"" campaign: Collaborate with 5 eco-influencers to showcase our sustainable clothing line. Utilize Instagram Reels and TikTok to share engaging, educational content highlighting the brand's commitment to reducing waste and carbon footprint. Allocate $1,500 for influencer partnerships and $1,000 for sponsored ads. Create a branded hashtag and encourage user-generated content.",awareness,,0.7035
345,"""Prestige Lounge"" concept: Create an immersive brand experience featuring sleek, modern decor and interactive displays showcasing the latest models. Offer personalized consultations, virtual reality test drives, and exclusive events (e.g., wine tastings). Incorporate AI-powered chatbots to facilitate inquiries and provide tailored recommendations.",,luxury,0.7147
346,"Launch a social media contest, ""Eco-Chic Challenge,"" where followers share their sustainable fashion tips and tricks using a branded hashtag. Partner with eco-influencers to amplify the message. Allocate $1,000 for paid social media ads targeting young adults interested in sustainability.",awareness,,0.6291
347,"Create a blog series, ""Fitness Futures,"" highlighting the benefits of AI-driven workouts. Produce 12 articles, 6 videos, and 12 social media posts featuring success stories and expert insights. Utilize SEO optimization and guest blogging to increase visibility.",,professional,0.6661
348,"Craft a 3-email sequence: Introduction, Sneak Peek, and Launch Offer. Use attention-grabbing subject lines and CTAs. Offer a free chapter preview to encourage subscriptions. Utilize email list segmentation to personalize the campaign.",conversion,,0.6838
349,"Launch a social media ambassador program, partnering with eco-influencers to promote the organization's mission. Share impactful stories, videos, and infographics highlighting conservation efforts. Utilize Facebook Fundraisers and Instagram Donate to streamline donations.",,professional,0.5333
350,"""EcoCycle Revival"" social media campaign: Collaborate with 5 eco-influencers to showcase our upcycled clothing line. Utilize Instagram Reels and TikTok to share engaging, 60-second videos highlighting the creative process of transforming old clothes into new, trendy pieces. Allocate $1,000 for influencer partnerships and $500 for sponsored ads targeting Gen Z.",awareness,,0.7222
351,"""Unlock Efficiency"" email campaign: Design a series of 3 emails showcasing the key benefits of our new workflow automation software. Use a personalized tone, addressing recipients by name, and highlighting industry-specific pain points. Offer a 14-day free trial and a dedicated demo session to encourage sign-ups.",conversion,,0.7145
355,"Produce a humorous, 3-minute video showcasing the console's features and gamer reactions. Partner with popular gaming influencers for cameos. Allocate $20,000 for production, $15,000 for influencer fees, and $15,000 for YouTube and social media advertising.",,humorous,0.7022
356,"Develop an influencer marketing campaign partnering with eco-conscious Gen Z influencers to showcase Verde Fashion's sustainable clothing lines. Utilize Instagram Reels and TikTok to create engaging, short-form content highlighting the brand's commitment to sustainability. Allocate $1,000 for influencer partnerships and $500 for ad spend.",awareness,,0.7432
357,"Create a ""We Miss You"" email campaign offering a free 1-week trial membership and a personalized fitness consultation to inactive subscribers. Use a conversational tone and include a clear call-to-action (CTA) to encourage subscribers to re-engage with the fitness center.",retention,,0.5973
360,"Develop a social media campaign leveraging Instagram Reels and TikTok, focusing on eco-friendly fashion tips, behind-the-scenes content, and user-generated content. Partner with 5 eco-influencers to showcase GreenThreads' products. Allocate $2,000 for influencer fees, $1,500 for content creation, and $1,500 for paid advertising.",awareness,,0.7335
361,"Create a series of 3 email campaigns: (1) teaser email with a cryptic message, (2) product reveal email with features and benefits, and (3) exclusive offer email with a limited-time discount. Use a conversational tone, eye-catching visuals, and a clear call-to-action (CTA).",conversion,,0.6723
362,"Focus on creating in-depth guides, whitepapers, and webinars on topics such as financial planning, industry trends, and regulatory insights. Utilize AI-powered content generation tools to streamline research and writing processes. Repurpose content into social media posts, email newsletters, and LinkedIn articles to maximize reach.",,professional,0.597
363,"Launch a targeted Google Ads and Facebook Ads campaign focusing on popular holiday gifts, utilizing",conversion,,0.7457
364,"Create a social media strategy focusing on Instagram, TikTok, and Pinterest. Utilize hashtags like #Sustainability and #EcoFashion to increase brand visibility. Collaborate with eco-conscious influencers and content creators to showcase EcoCycle's products. Share engaging content highlighting the brand's commitment to sustainability, such as behind-the-scenes stories of the design process, material sourcing, and recycling initiatives.",awareness,professional,0.8068
366,"""Introducing GreenClean, your one-stop-shop for effective, eco-friendly home cleaning solutions. Our products are carefully crafted with natural ingredients and biodegradable materials, ensuring a healthier home and a clearer conscience. Say goodbye to harsh chemicals and hello to a sparkling clean home, without compromising on performance or the planet. Browse our selection today and join the GreenClean movement!""",retention,,0.5388
367,"Launch a social media contest, ""Eco-Chic Challenge,"" where followers share their favorite eco-friendly fashion tips and tricks. Partner with 5 eco-influencers to promote the contest and brand. Utilize Instagram Reels and TikTok for engaging, short-form content. Allocate $300 for influencer partnerships, $200 for content creation, and $500 for paid social media ads.",awareness,,0.7707
368,"Create a content calendar focusing on AI trends, industry insights, and thought leadership pieces. Utilize AI-powered content generation tools to streamline the writing process. Collaborate with industry experts and internal subject matter experts to ensure high-quality content. Repurpose content into social media posts, email newsletters, and LinkedIn articles.",awareness,professional,0.6976
369,"Create a 3-email welcome series showcasing best-selling products, customer testimonials, and a special discount. Use segmentation to target subscribers based on purchase history and preferences. Utilize AI-powered email personalization to recommend products and offer tailored promotions. Set up abandoned cart email reminders and loyalty rewards to encourage repeat business.",conversion,,0.6748
370,"""EarthRevival"" campaign: Collaborate with eco-influencers and user-generated content (UGC) to showcase sustainable fashion. Utilize Instagram Reels, TikTok, and Pinterest to share engaging, educational content. Allocate $1,000 for influencer partnerships and $500 for paid ads. Monitor hashtags #ecofashion and #sustainability to join relevant conversations.",awareness,,0.7132
371,"""Rediscover Your Potential"" campaign: Design a 3-email sequence with personalized subject lines, highlighting new courses and success stories. Use a conversational tone and include a limited-time discount (15% off) for re-engaged subscribers. Use segmentation to prioritize subscribers with previously expressed interests.",,friendly,0.6375
374,"""Unlock Your Business Potential"" email campaign: Create a series of informative, visually appealing emails highlighting the software's features and benefits. Use segmentation to personalize content based on industry and company size. Include a clear call-to-action (CTA) for a free trial or demo. Utilize A/B testing to optimize subject lines and CTAs.",lead_generation,professional,0.7722
375,"""BeautyBuzz Squad"" influencer program: Partner with micro-influencers (10,000-100,000 followers) who align with the brand's values and target audience. Utilize a mix of nano-influencers (1,000-10,000 followers) and mid-tier influencers (100,000-500,000 followers) for diverse reach and engagement. Focus on Instagram and TikTok for visually engaging content.",awareness,,0.6448
376,"""GreenThreads Challenge"" - Encourage customers to share their favorite eco-friendly fashion tips on social media using a branded hashtag. Partner with micro-influencers and user-generated content (UGC) platforms to amplify the message. Offer a discount code for participants and feature the best tips on the brand's website.",,persuasive,0.6901
377,"""Missed Your Favorites?"" - Design an email campaign highlighting new releases and personalized content recommendations based on the subscriber's past viewing history. Offer a limited-time discount and a ""welcome back"" gift, such as a free trial to a new series.",retention,,0.6245
378,"""Prosperity Insights"" - Develop a content calendar featuring bi-weekly articles on topics such as financial planning, industry trends, and success stories. Utilize AI-generated content suggestions and optimize posts with relevant keywords and meta descriptions.",awareness,,0.7007
379,"Develop a 6-week campaign, ""Wear Your Values,"" highlighting Verde's commitment to sustainability. Utilize Instagram Reels and IGTV to showcase eco-friendly production processes, behind-the-scenes content, and influencer partnerships. Allocate $3,000 for influencer collaborations and $2,000 for sponsored ads. Create engaging content (images, videos, captions) emphasizing the importance of sustainable fashion and encouraging users to share their own eco-friendly fashion choices.",awareness,,0.7707
380,"Craft a 3-email sequence, ""Unlock Your Business Potential,"" focusing on the benefits of Apex's software solutions. Email 1: Introduction to Apex and its services. Email 2: Success stories and case studies. Email 3: Exclusive promotion and demo invitation. Use a conversational tone and personalize the content using the recipient's name and company. Include clear calls-to-action (CTAs) and track engagement metrics to refine future campaigns.",,friendly,0.6564
381,"Create a 3-month content calendar featuring a mix of informative articles, personal stories, and expert interviews. Topics: mindfulness, nutrition, fitness, and mental health. Schedule 2-3 posts per week, utilizing a combination of evergreen and timely content. Utilize SEO keywords and meta descriptions to improve search engine rankings. Share content on social media platforms to expand reach.",awareness,professional,0.6674
382,"""GreenThreads Launch Campaign"": Utilize Instagram Reels and TikTok to showcase eco-friendly clothing lines, partnering with 5 social media influencers for sponsored content. Allocate $3,000 for influencer fees, $4,000 for content creation, and $3,000 for ad spend. Create a branded hashtag #GreenThreadsRevolution, encouraging users to share their own eco-friendly fashion choices.",awareness,,0.7707
383,"""AI Insights Series"": Create a bi-monthly blog series exploring AI trends, applications, and innovations. Partner with industry experts to co-author articles, leveraging their expertise and networks. Repurpose content into social media posts, LinkedIn articles, and email newsletters to maximize reach.",lead_generation,,0.6959
386,"Create a social media campaign, #EcoRevolution, featuring user-generated content (UGC) showcasing customers wearing GreenStyle clothing while promoting sustainability. Partner with 3 micro-influencers and 10 brand ambassadors to amplify the message. Utilize Instagram Reels, TikTok, and Twitter to share engaging, educational content (e.g., ""Did you know?"" series). Allocate $5,000 for influencer partnerships and $3,000 for sponsored ads.",awareness,,0.7707
388,"Develop a content calendar focusing on 4 core topics: disease management, healthy living, industry trends, and patient stories. Utilize a mix of in-house writers, guest bloggers, and repurposed",awareness,professional,0.7554
389,"Develop a social media campaign, ""Wear Your Values,"" focusing on Instagram and TikTok. Partner with 5 eco-influencers to showcase sustainable fashion practices, and encourage users to share their own eco-friendly fashion choices using a branded hashtag. Allocate $2,000 for influencer partnerships, $1,500 for sponsored ads, and $1,500 for content creation.",awareness,,0.4867
390,"Create a 3-email sequence: ""Unlock Your Fitness Potential."" Email 1 introduces the app's AI-powered features and offers a 14-day free trial. Email 2 showcases success stories and provides a 20% discount for premium subscription. Email 3 emphasizes the benefits of personalized workouts and offers a limited-time promotion for upgrading to premium.",conversion,,0.6508
391,"Develop a content calendar featuring 4 post types: ""Game Fuel"" (product showcases), ""Sponsorship Spotlight"" (esports team partnerships), ""Gaming Tips"" (influencer collaborations), and ""Eco-Warrior"" (sustainability-focused content). Schedule 3 posts per week on Twitter and 2 posts per week on Instagram, utilizing relevant hashtags and tagging influencers.",awareness,,0.4546
392,"Develop a 3-month social media campaign, ""Eco-Chic Challenge,"" where GreenThreads collaborates with eco-influencers, encouraging followers to share their sustainable fashion choices, using a branded hashtag. Offer a monthly giveaway of an eco-friendly outfit, and share educational content highlighting the environmental impact of fast fashion.",awareness,,0.6395
393,"Create a 5-email sequence, ""Unlock Your Business Potential,"" offering valuable content, such as eBooks, webinars, and case studies. Personalize each email using the recipient's name, company, and industry. Include social proof and a clear CTA in each email, gradually introducing TechFusion's software as the solution to their business challenges.",conversion,professional,0.7862
395,Develop a series of targeted Facebook and Instagram ads featuring high-quality images,conversion,,0.6749
396,"Develop a social media campaign, ""Zen for the Planet,"" highlighting the eco-friendly features of the new yoga mats. Utilize Instagram Reels and TikTok to create engaging, short videos showcasing the mats' sustainable materials and production process. Collaborate with 5 eco-influencers for sponsored content, and allocate $300 for targeted ads on Facebook and Instagram. Offer a 10% discount to customers who share a post about the campaign on their social media.",,persuasive,0.6645
397,"Create a ""We Miss You"" email campaign, featuring a personalized message and a special 20% discount on the subscriber's favorite designer. Use AI-powered segmentation to identify subscribers' preferences and tailor the email content. Include a ""Complete Your Look"" section with curated product recommendations. Send a follow-up email with a ""Limited Time Offer"" to encourage subscribers to make a purchase.",conversion,persuasive,0.8477
398,"Launch a ""Finverge Insights"" blog, focusing on in-depth articles and research reports on industry trends and innovations. Utilize AI-powered content generation tools to create high-quality, engaging content. Collaborate with industry influencers and thought leaders for guest posts and interviews. Repurpose blog content into social media posts, email newsletters, and LinkedIn articles to maximize reach.",awareness,professional,0.709
400,"""AI Insights"" blog series: Publish in-depth articles on AI trends, applications, and innovations. Utilize SEO optimization and social media promotion to increase visibility. Offer downloadable whitepapers and webinars to capture leads.",awareness,,0.427
402,"""FitChallenge"" contest: Encourage followers to share workout selfies using a branded hashtag. Partner with fitness influencers to promote the contest. Offer prizes for the most creative submissions.",,persuasive,0.6364
404,"Develop a campaign centered around the hashtag #EcoRevolution, highlighting the brand's commitment to sustainability. Create engaging content (images, videos, and blog posts) showcasing the eco-friendly production process, recycled materials, and the impact of sustainable fashion on the environment. Collaborate with eco-influencers for sponsored content and product reviews. Allocate budget for targeted social media ads, focusing on Facebook, Instagram, and Pinterest.",awareness,,0.7707
405,"Create a blog series focusing on fitness tips, health advice, and success stories of seniors who have benefited from the app. Develop comprehensive guides on using the app, including video tutorials and step-by-step instructions. Host webinars and workshops on senior fitness, featuring expert guest speakers. Utilize clear, simple language in all content to ensure accessibility.",lead_generation,professional,0.6848
406,"Identify and partner with eco-conscious influencers, automotive experts, and lifestyle thought leaders. Request they share their experiences with the new EV model through sponsored content, focusing on the vehicle's innovative features, environmental benefits, and overall driving experience. Encourage influencers to use a branded hashtag and tag the company's social media handles. Monitor and respond to all influencer-generated content to foster engagement.",awareness,,0.6986
407,"Develop a social media campaign focusing on Instagram and TikTok, leveraging hashtags #ecofashion and #sustainability. Collaborate with 5 eco-influencers for sponsored content, and create engaging, educational posts highlighting GreenThreads' sustainable practices. Allocate $1,500 for targeted ads.",awareness,,0.5246
409,"Create a comprehensive content marketing plan focusing on blog posts, whitepapers, and webinars. Utilize AI-powered content generation tools to streamline production. Identify and target high-traffic keywords, and repurpose content for social media and email newsletters.",awareness,,0.5337
410,"Plan and schedule 12 social media posts across Facebook, Twitter, and Instagram, highlighting",awareness,,0.6542
411,"Develop a 3-month social media strategy focusing on Instagram and TikTok. Utilize hashtags #ecofriendly and #sustainability, and partner with 3 eco-influencers for sponsored content. Allocate $300 for influencer collaborations, $200 for paid ads, and $500 for content creation. Share engaging content (images, videos, and stories) highlighting the brand's commitment to sustainability, customer testimonials, and behind-the-scenes insights into the design process.",awareness,professional,0.8543
412,"Create a series of 3 email campaigns with attention-grabbing subject lines and hero images showcasing the system's features. Use a mix of promotional and educational content, highlighting the benefits of smart home security, customer testimonials, and limited-time promotions. Incorporate a clear call-to-action (CTA) to encourage subscribers to schedule a demo or purchase the system. Use segmentation to personalize emails based on subscriber interests and demographics.",conversion,persuasive,0.8705
414,"Create a social media strategy focused on user-generated content (UGC) and educational posts highlighting Verdi's eco-friendly production processes. Utilize Instagram Reels and TikTok for short-form content, leveraging hashtags #Sustainability and #EcoFashion. Allocate 30% of the budget for sponsored ads targeting eco-conscious influencers' followers.",awareness,professional,0.7344
415,"Generate images showcasing the face masks in a natural setting, incorporating elements like flowers, leaves, and stones. Utilize a soft, watercolor-inspired aesthetic to match the pastel brand colors. Include lifestyle shots of people applying the masks, highlighting the products' natural ingredients and benefits.",conversion,,0.6968
417,"""Green Revolution"" campaign: Collaborate with eco-influencers to showcase GreenThreads' products in relatable, everyday settings, highlighting the brand's commitment to sustainability. Utilize Instagram Reels and IGTV for behind-the-scenes content, Facebook for targeted ads, and Twitter for engaging with customers and sharing eco-friendly tips. Allocate $3,000 for influencer partnerships, $4,000 for ad spend, and $3,000 for content creation.",awareness,,0.7694
418,"""TechTalk"" content calendar: Create a mix of article types, including thought leadership pieces, customer success stories, and product tutorials. Utilize SEO optimization and social media promotion to increase visibility. Sample topics: ""5 Ways AI Can Enhance Project Management,"" ""Case Study: How XYZ Corp Improved Efficiency with TechCorp,"" and ""A Beginner's Guide to Agile Methodologies."" Allocate 2 hours per article for research and writing.",awareness,professional,0.8348
419,"""Welcome Back"" campaign: Segment inactive customers based on purchase history and preferences. Design personalized emails with special offers, new product releases, and loyalty rewards. Use attention-grabbing subject lines and CTAs, such as ""We Miss You!"" and ""Exclusive 20% Off Your Next Purchase."" Allocate $1,000 for email design and content creation.",retention,,0.6534
421,"Create a 3-email nurture sequence: Email 1 - ""Introduction to AI-Powered Solutions""; Email 2 - ""Success Stories and Case Studies""; Email 3 - ""Exclusive Demo and Trial Offer."" Use personalized subject lines and content based on subscriber interests. Include clear CTAs and track engagement metrics to refine future campaigns.",conversion,,0.5386
422,"Partner with 5 gaming influencers on Twitch and YouTube to showcase GameFuel as their go-to energy drink. Create sponsored content, such as gaming sessions and product reviews, featuring custom-designed GameFuel branding and packaging. Allocate $20,000 for influencer fees, $15,000 for content creation, and $15,000 for product seeding and events.",awareness,,0.4273
423,"""Revolutionize Your Wardrobe"" social media campaign: - Collaborate with eco-influencers and user-generated content campaigns to showcase sustainable fashion - Share behind-the-scenes content highlighting GreenThreads' sustainable production processes - Utilize Instagram Reels and TikTok to create engaging, 60-second ""Eco-Challenge"" videos - Offer limited-time discounts to encourage followers to share their own eco-friendly fashion tips",awareness,,0.732
424,"""Unlock Your Fitness Potential"" email campaign: - Create a series of targeted emails highlighting the app's AI-powered features and success stories - Offer a 14-day free trial and exclusive discounts for premium subscriptions - Utilize segmentation to personalize emails based on user interests and fitness goals - Integrate with social media to encourage user-generated content and community engagement",lead_generation,,0.6861
425,"""Cleaning with a Conscience"" influencer campaign: - Partner with eco-influencers and zero-waste advocates to showcase GreenClean products - Collaborate with popular home decor and lifestyle influencers to highlight product benefits - Utilize Instagram and YouTube for product reviews, tutorials, and ""before-and-after"" content - Host webinars and workshops to educate consumers on sustainable cleaning practices",awareness,,0.6502
426,"Launch a social media campaign across Instagram, TikTok, and Facebook, focusing on eco-friendly fashion tips, behind-the-scenes content, and user-generated content. Collaborate with 3 eco-influencers to showcase GreenThreads' sustainable clothing lines. Allocate $300 for influencer partnerships, $200 for content creation, and $500 for paid social media ads.",awareness,,0.7208
427,"Create a 6-email nurturing sequence focusing on industry insights, product tutorials, and customer success stories. Use personalization techniques, such as addressing subscribers by name and tailoring content based on their company size and industry. Include clear calls-to-action (CTAs) to schedule demos or trials.",conversion,professional,0.802
428,"Create eye-catching visuals showcasing FitPal's key features, such as personalized workout plans and progress tracking. Develop a series of Instagram and Facebook ads highlighting user success stories and promoting a free 1-month trial. Allocate $2,000 for ad spend, $1,500 for influencer partnerships, and $1,500 for content creation.",lead_generation,,0.6542
430,"Craft a series of 4 emails highlighting the app's AI-powered features, success stories, and exclusive promotions. Use attention-grabbing subject lines like ""Unlock Your Fitness Potential"" and include a clear call-to-action (CTA) to encourage sign-ups.",conversion,persuasive,0.8143
433,"Develop a social media campaign, ""Threads for a Cause,"" highlighting eco-friendly fashion practices. Utilize Instagram Reels and TikTok to share engaging, informative content, and collaborate with 5 eco-influencers to showcase sustainable fashion tips. Allocate $1,000 for influencer partnerships and $500 for ad spend.",awareness,,0.7422
434,"Create an email campaign, ""Timeless Elegance,"" showcasing the new collection's craftsmanship and sophistication. Use personalized subject lines and content based on customers' purchase history and interests. Offer exclusive access to a limited-edition watch for loyal customers.",conversion,luxury,0.8739
435,"Launch a content hub, ""Finverge Insights,"" featuring in-depth articles, whitepapers, and webinars on industry trends and innovations. Partner with 3 influential finance thought leaders to contribute guest posts and participate in podcast interviews. Utilize SEO optimization to improve search engine rankings.",awareness,,0.6922
437,"""Green Revolution"" campaign, focusing on Instagram and TikTok. Collaborate with eco-influencers and user-generated content to showcase Verde's sustainable practices. Utilize Instagram Reels and TikTok's ""Reaction"" feature to engage with the audience. Offer a 15% discount to customers who share their own sustainable fashion tips.",,persuasive,0.7307
438,"""Reconnect and Revive"" campaign, focusing on personalized emails addressing the subscriber's specific pain points. Offer a free consultation, a product demo, or a whitepaper relevant to their industry. Use a conversational tone and a clear call-to-action (CTA) to re-engage subscribers.",conversion,,0.5497
440,"Create a social media campaign, ""Wear Your Values,"" highlighting Verde's eco-friendly practices and encouraging users to share their own sustainable fashion choices. Utilize Instagram Reels and TikTok for short-form content, partnering with 3 eco-influencers to showcase Verde's clothing. Allocate $300 for influencer collaborations, $200 for sponsored content, and $500 for a social media contest where followers can share their own sustainable fashion tips.",awareness,,0.5696
441,"Create a series of 3 emails: a teaser email with a countdown timer, a launch email with exclusive promotions, and a follow-up email with customer testimonials. Use attention-grabbing subject lines, such as ""The Future of Smart Homes is Here"" and ""Limited Time Offer: Get SmartHome Now."" Offer a 10% discount for the first 100 customers who purchase within the next 48 hours.",conversion,persuasive,0.8285
443,"Launch an Instagram Reels campaign using eco-friendly influencers, showcasing behind-the-scenes content of sustainable manufacturing processes, and utilizing relevant hashtags. Collaborate with popular eco-conscious TikTok creators to promote the brand's mission. Allocate $1,000 for influencer partnerships and $500 for sponsored ads.",awareness,,0.5611
445,"Create a series of vibrant, AI-generated images showcasing the product's natural ingredients, nutritional benefits, and eco-friendly packaging. Utilize Instagram-friendly formats and incorporate influencer partnerships to promote the brand's unique selling points.",awareness,,0.6382
446,"Schedule a month-long social media campaign across Facebook, Twitter, and Instagram, featuring mental health tips, personal stories, and donation CTAs. Utilize relevant hashtags, such as #MentalHealthMatters, and collaborate with mental health advocates to amplify the message.",engagement,,0.6857
448,"Create a ""Rekindle the Wanderlust"" campaign, offering personalized travel recommendations based on subscribers' past interests and preferences. Design a visually stunning email template with dynamic content blocks, showcasing breathtaking destinations and exclusive offers. Use AI-powered email marketing automation to send targeted, triggered emails with tailored subject lines, CTAs, and content. Offer a limited-time discount (10% off) for bookings made within 2 weeks of re-engagement.",,persuasive,0.6505
449,"Develop a 3-month social media campaign focusing on Instagram, TikTok, and Twitter. Collaborate with eco-conscious influencers to showcase GreenThreads' sustainable fashion lines. Utilize hashtags #Sustainability #EcoFashion #GenZ, and create engaging, educational content highlighting the brand's commitment to reducing waste and carbon footprint. Allocate $5,000 for influencer partnerships and $2,000 for sponsored ads.",awareness,,0.5643
450,"Create a visually appealing email campaign featuring bold, futuristic graphics and animations showcasing the smartwatch's features. Use a mix of bright colors and sleek typography to grab attention. Design a series of 3 emails: (1) teaser, (2) product reveal, and (3) exclusive pre-order offer. Use segmentation to personalize content based on subscribers' interests.",awareness,,0.6228
451,"Craft a powerful Facebook ad copy highlighting UnityForAll's mission to promote diversity and inclusion. Use storytelling techniques to share real-life stories of individuals impacted by the organization's work. Include a clear call-to-action (CTA) to donate or volunteer, and utilize Facebook's fundraising features to track donations. Allocate $1,500 for ad spend.",awareness,emotional,0.84
452,"Create a ""Eco-Challenge"" social media campaign, where followers are encouraged to share their own eco-friendly fashion tips and tricks using a branded hashtag. Collaborate with 5 eco-influencers to promote the challenge and share engaging content. Allocate $500 for influencer partnerships and $500 for sponsored ads targeting the identified audience.",awareness,,0.7335
453,"Use AI-powered design tools to create futuristic, neon-lit visuals showcasing the product's innovative features. Incorporate bold typography and abstract shapes to appeal to the target audience. Create 5 variations of the ad visual to test and optimize performance.",,professional,0.5717
454,"Write a product description that highlights the all-natural ingredients, cruelty-free testing, and eco-friendly packaging. Emphasize the long-term benefits of using the product, such as improved skin health and reduced environmental impact. Use social proof, such as customer testimonials, to justify the premium price point.",conversion,,0.5566
457,"Craft a 3-email sequence: ""Unlock Your Business Potential."" Email 1: Introduction to TechPros' expertise. Email 2: Success stories and social proof. Email 3: Exclusive trial offer. Use a conversational tone, personalization, and a clear CTA. Track open rates, clicks, and conversions.",lead_generation,,0.5633
458,"Plan a 12-week content calendar with evergreen topics: trend reports, styling tips, and designer collaborations. Utilize SEO keywords, optimize images, and schedule bi-weekly posts. Repurpose blog content for social media and newsletters.",awareness,,0.7004
459,"Develop a 3-part video series: ""Smart Home, Simplified."" Video 1: Product unboxing and features. Video 2: Customer testimonials and use cases. Video 3: SmartNest's vision for the future of home automation. Utilize 3D animations, motion graphics, and a mix of live-action and CGI. Allocate $5,000 for video production",conversion,,0.4673
460,"""EarthRevival"" campaign: Partner with eco-influencers and user-generated content (UGC) creators to showcase GreenThreads' sustainable clothing in relatable, everyday settings. Utilize Instagram Reels and TikTok for engaging, 60-second ""before-and-after"" style transformations, highlighting the brand's eco-friendly materials and production methods. Allocate $2,000 for influencer collaborations, $1,500 for UGC content creation, and $1,500 for paid social media ads targeting the identified audience.",awareness,,0.7707
461,"""Unlock Efficiency"" campaign: Craft a series of 3 emails, each highlighting a key benefit of the AI-powered software tool, such as automation, data analysis, and cost savings. Use attention-grabbing subject lines, concise and compelling copy, and prominent calls-to-action (CTAs) to encourage demo requests. Segment the email list by industry and job function to ensure targeted messaging.",lead_generation,professional,0.7494
462,"""Prestige Lounge"" experience: Create an immersive,",,luxury,0.6748
463,"Create a 6-week campaign, ""Verde Vibes,"" focusing on Instagram and TikTok. Week 1-2: Share engaging, eco-friendly fashion tips and behind-the-scenes content. Week 3-4: Collaborate with 3 eco-influencers for sponsored content. Week 5-6: Launch a hashtag challenge, encouraging users to share their own sustainable fashion choices. Allocate $2,000 for influencer partnerships, $1,500 for content creation, and $1,500 for paid advertising.",awareness,,0.689
464,"""Experience the future of smart living with SmartNest's latest innovation. Our AI-powered hub seamlessly integrates with your existing devices, learning your habits to optimize energy efficiency and home security. Receive personalized recommendations and voice control your home with ease. With advanced automation and real-time updates, you'll enjoy unparalleled convenience and peace of mind. Upgrade your home with the power of AI – order your SmartNest hub today!""",conversion,,0.4893
466,"Create a social media challenge, #VerdeRevolution, encouraging users to share their sustainable fashion choices. Partner with eco-influencers and offer discounts to participants who share their Verde Clothing purchases. Utilize Instagram Reels and TikTok for engaging, short-form content.",awareness,persuasive,0.8309
468,"Create a series titled ""AI Insights,"" covering topics like ethics in AI, future trends, and practical applications. Feature interviews with NovaTech's AI engineers and guest posts from industry experts. Optimize for SEO with relevant keywords.",awareness,,0.663
470,"Develop a social media campaign focusing on Instagram Reels and TikTok, highlighting GreenThreads' commitment to sustainability. Collaborate with eco-conscious influencers for sponsored content, utilizing hashtags like #SustainableFashion. Allocate budget for targeted ads on both platforms, leveraging lookalike audiences and interest-based targeting.",awareness,,0.6121
471,"Introduce ""TastyBites Rewards,"" offering points for every purchase, referral, and review. Redeemable points can be used for free meals, premium ingredients, or exclusive cooking classes. Implement a tiered system, unlocking benefits like free shipping and priority customer support.",retention,,0.7859
472,"Create a 5-email sequence focusing on industry insights, success stories, and Proxima's unique features. Use personalization and segmentation to tailor content to each lead's interests and stage in the sales funnel. Include clear calls-to-action (CTAs) for demo scheduling and free trials.",lead_generation,professional,0.8842
474,"Develop a hashtag challenge, #EcoFashionRevolution, encouraging users to share their favorite eco-friendly fashion tips and tricks. Collaborate with 5 influencers in the sustainable fashion space to promote the challenge and create engaging content. Allocate $1,000 for sponsored ads targeting young adults interested in sustainability and fashion.",awareness,,0.6291
476,"Create a 10-post sequence: Post 1 - Teaser video, Post 2 - Product features and benefits, Post 3 - Influencer endorsement, Post 4 - Behind-the-scenes content, Post 5 - Pre-order announcement, Post 6 - Exclusive promo code, Post 7 - Product demo, Post 8 - Customer testimonials, Post 9 - Q&A session, Post 10 - Launch day reminder.",conversion,,0.683
477,"Create a Retirement Planning Guide, a comprehensive e-book covering key financial topics. Develop a supporting blog series, ""Retirement Insights,"" and a bi-monthly newsletter with expert advice and industry news. Host a webinar on",,professional,0.6392
479,"Create a ""We Miss You"" email campaign with a series of three emails. The first email will ask subscribers why they've been inactive, the second will offer a personalized product demo, and the third will provide an exclusive discount. Use a conversational tone and include a clear call-to-action.",retention,,0.6218
484,"Develop a content marketing strategy that focuses on creating informative blog posts, whitepapers, and webinars on industry topics. Partner with healthcare experts to create authoritative content. Utilize SEO techniques to improve search engine rankings and drive organic traffic. Allocate $2,000 for content creation and $1,000 for promotion. Track engagement and website traffic through Google Analytics.",awareness,professional,0.7544
485,"Launch a ""Green Revolution"" campaign across Instagram, TikTok, and Twitter. Collaborate with eco-influencers to showcase Verde's sustainable production processes. Utilize AI-generated visuals highlighting eco-friendly materials and supply chains. Schedule weekly Instagram Live sessions discussing sustainable fashion tips and behind-the-scenes content. Allocate $1,500 for influencer partnerships, $1,000 for AI-generated content, and $2,500 for targeted social media ads.",awareness,,0.5313
486,"Create a ""Secure Your Sanctuary"" campaign focusing on the peace of mind provided by SafeHaven's devices. Segment the email list based on purchase history and interests. Design visually engaging emails with AI-optimized subject lines and personalized content recommendations. Offer limited-time discounts (15% off for the first 500 purchases) and free shipping to incentivize conversions. Schedule a series of 3 emails: an introductory email, a features-focused email, and a final reminder with a sense of urgency.",conversion,persuasive,0.7352
487,"""Earth Month"" campaign: Collaborate with eco-influencers to showcase GreenThreads' sustainable clothing lines. Utilize Instagram Reels and TikTok to share engaging, educational content highlighting the brand's commitment to reducing waste and using recycled materials. Offer a 15% discount to customers who share their own eco-friendly fashion tips using a branded hashtag.",awareness,persuasive,0.9043
488,"""Expert Insights"" series: Create in-depth, informative blog posts, whitepapers, and webinars tackling industry-specific pain points and trends. Host a quarterly ""Tech Talk"" podcast featuring interviews with industry experts and thought leaders. Utilize LinkedIn and Twitter to promote content and engage with the target audience.",lead_generation,professional,0.7945
489,"""Rediscover Your Glow"" campaign: Send a personalized email with a special offer (20% off) and a curated selection of products based on the customer's previous purchases. Use a friendly, non-intrusive tone and include a ""We Miss You"" message. Create a sense of urgency with a limited-time offer.",retention,friendly,0.8271
490,"""Green Threads Challenge"" social media campaign: Launch a series of Instagram Reels and TikTok videos showcasing the new eco-friendly fashion line. Encourage customers to share their own sustainable fashion choices using a branded hashtag. Collaborate with eco-influencers to amplify the message. Offer a 15% discount to customers who share their own eco-friendly fashion tips. Utilize Instagram's ""Reels"" feature to create engaging, 60-second videos highlighting the brand's commitment to sustainability.",awareness,,0.7892
491,"""Unlock Your Fitness Potential"" email campaign: Design a series of personalized emails highlighting the app's AI-powered features, success stories, and exclusive promotions. Utilize segmentation to target users based on their fitness goals and preferences. Create a sense of urgency with limited-time offers and scarcity messaging. Incorporate social proof, showcasing user testimonials and ratings.",,persuasive,0.7035
492,"""Fuel Your Active Lifestyle"" ad campaign: Create eye-catching, eco-friendly visuals showcasing the energy drink's natural ingredients and sustainable packaging. Utilize Instagram's ""Carousel"" feature to highlight key benefits, such as "" Plant-Based,"" ""Vegan-Friendly,"" and ""Recyclable Packaging."" Incorporate social media influencers and user-generated content to build credibility and trust.",awareness,,0.7707
493,"""Green Revolution"" campaign: Partner with eco-influencers and user-generated content (UGC) creators to showcase sustainable fashion practices. Launch a hashtag challenge, encouraging followers to share their own eco-friendly fashion tips. Allocate $2,000 for influencer collaborations, $1,500 for sponsored ads, and $1,500 for content creation. Utilize Instagram Reels and TikTok for engaging, short-form content.",awareness,,0.7707
494,"""Unlock Your Potential"" campaign: Craft a series of three emails showcasing the tool's benefits, features, and success stories. Use a mix of promotional and educational content, including a demo video and user testimonials. Offer a limited-time discount to subscribers who purchase within 48 hours of the launch. Use personalization techniques, such as addressing recipients by name and highlighting relevant features based on their interests.",conversion,persuasive,0.8318
496,"Develop a social media campaign, ""Eco-Heroes,"" highlighting the benefits of eco-friendly living. Utilize Instagram Reels and TikTok to showcase the products in action, leveraging user-generated content and influencer partnerships. Allocate $1,000 for sponsored ads, targeting users who have shown interest in sustainability and eco-friendly products.",awareness,,0.7174
497,"Create a 3-email sequence: ""Expert Insights,"" ""Success Stories,"" and ""Demo Invitation."" Use a conversational tone and include relevant case studies, industry news, and helpful tips. Utilize AI-powered personalization to address each lead by name and tailor content based on their industry and interests.",lead_generation,friendly,0.7256
499,"""Green Revolution"" campaign: 1. Collaborate with eco-influencers for sponsored content 2. Share behind-the-scenes stories of sustainable production processes 3. Launch a referral program offering discounts for customers who share eco-friendly fashion tips 4. Create engaging Instagram Reels showcasing eco-friendly materials and production methods 5. Utilize Instagram Shopping and Facebook Marketplace for seamless purchases",awareness,,0.6406
500,"""Financial Insights"" blog series: 1. Publish bi-weekly articles on industry trends, regulatory changes, and innovative technologies 2. Host quarterly webinars featuring expert panel discussions 3. Create informative videos and infographics highlighting key statistics and findings 4. Offer downloadable whitepapers and eBooks on topics like risk management and compliance 5. Utilize LinkedIn and Twitter for content promotion and engagement",awareness,,0.6676
501,"""Exclusive Access"" email campaign: 1. Personalized email invitations to an exclusive online preview 2. Early access to limited-edition watches with special promotions 3. Showcase intricate craftsmanship and attention to detail through high-quality visuals 4. Offer personalized consultations with watch experts 5. Use segmentation to tailor content to individual interests and preferences",conversion,,0.5916
502,"Launch a social media contest, ""Eco-Chic Challenge,"" where followers share their sustainable fashion tips and tricks using a branded hashtag. Partner with eco-influencers to amplify the reach and offer a discount code to participants who share their posts. Allocate $1,000 for sponsored ads targeting environmentally conscious millennials.",awareness,,0.6759
503,"Design a series of emails highlighting the app's AI-driven personalized workout plans, success stories, and exclusive promotions. Use attention-grabbing subject lines, such as ""Unlock Your Fitness Potential with AI"" and ""Get Fit with a Personalized Plan."" Include a clear call-to-action (CTA) to download the app and offer a 14-day free trial.",conversion,persuasive,0.7911
504,"Craft a detailed, storytelling-style product description highlighting the artisan's inspiration, materials, and craftsmanship. Use sensory language to transport customers to the artisan's workshop, emphasizing the unique character of each handmade piece. Include customer testimonials and high-quality product images showcasing the item's texture, color, and intricate details.",conversion,emotional,0.8412
505,"Create eye-catching ads featuring the vehicle's sleek design, advanced technology, and eco-friendly features. Use bold, bright colors to grab attention and emphasize the car's zero-emission capabilities.",conversion,,0.6749
506,"Launch a social media contest, ""Eco-Chic Challenge,"" where followers share their own sustainable fashion tips and tricks using a branded hashtag. Partner with eco-influencers for amplification. Utilize Instagram Reels and TikTok for engaging, short-form content. Allocate $500 for paid social media ads targeting relevant interests and behaviors.",awareness,,0.6921
508,"Craft a visually stunning email campaign, ""Escape the Ordinary,"" showcasing unique, curated itineraries. Use segmentation to personalize content based on subscribers' interests and travel history. Include exclusive offers and limited-time promotions to incentivize bookings.",conversion,luxury,0.8373
510,"""GreenThreads Challenge"" - a 6-week social media campaign encouraging young adults to share their eco-friendly fashion choices on Instagram, using a branded hashtag. Partner with 5 eco-influencers to showcase GreenThreads' clothing and promote the challenge. Allocate $1,000 for Instagram ads targeting young adults interested in sustainability.",awareness,,0.7331
511,"""Proxima Insights"" - a bi-weekly email newsletter providing valuable industry insights, case studies, and product updates. Create a lead scoring system to track engagement and personalize content. Use AI-powered email optimization to improve open rates and click-through rates.",lead_generation,,0.717
512,"Partner with 10 micro-influencers in the beauty niche, each with 10,000-50,000 followers. Request they create sponsored content featuring BeautyBliss' new product, using a branded hashtag. Allocate $5,000 for influencer fees and product seeding.",awareness,,0.4781
513,"""AI Insights"" - a content series featuring in-depth articles, research",,professional,0.6299
515,"Create a 5-email sequence: Introduction to Proxima, Benefits of Marketing Automation, Success Stories, Product Features, and Exclusive Demo Offer. Use personalized subject lines, compelling CTAs, and concise, informative content. Include a downloadable eBook on marketing automation best practices.",lead_generation,,0.7629
516,"Create 10 social media posts featuring high-quality images and videos showcasing the new collection. Utilize Instagram Stories and Reels to share behind-the-scenes content, sneak peeks, and influencer partnerships. Schedule posts using a mix of promotional, educational, and engaging content. Allocate $2,000 for Instagram ads targeting fashion enthusiasts.",awareness,,0.6841
520,"Create eye-catching ads featuring serene landscapes, calming colors, and inspirational quotes. Utilize Instagram's ""swipe-up"" feature to drive traffic to the course website. Target ads based on interests, behaviors, and lookalike audiences. Set up a retargeting campaign to reach users who abandoned their carts.",conversion,,0.7145
522,"Develop a social media campaign, ""Wear Your Values,"" highlighting GreenThreads' commitment to sustainability. Utilize Instagram Reels and TikTok to share engaging, educational content (e.g., ""Did you know?"" facts about sustainable fashion). Collaborate with 3 eco-conscious influencers for sponsored content, allocating $300 for each partnership. Create a branded hashtag, #GreenThreadsChallenge, encouraging users to share their own sustainable fashion choices. Offer a 15% discount code for participants, driving website traffic and sales.",awareness,,0.7831
523,"Develop a 3-email nurturing campaign, ""Unlock Your Team's Potential."" Email 1: ""5 Common Project Management Mistakes"" (educational content). Email 2: ""Success Story: How [Similar Company] Boosted Productivity with TechSolutions"" (testimonial). Email 3: ""Exclusive Offer: Get 14-Day Free Trial and Personalized Demo"" (promotional). Utilize AI-driven email personalization to address leads by name and tailor content based on their industry and company size. Set up automated email sequences using our workflow app, with a 7-day delay between each email.",conversion,,0.552
525,"Launch the ""Cup & Capture"" contest. Customers are invited to share photos of their coffee cups in unique locations around the city on Instagram, tagging The Daily Grind. The most creative submissions win free coffee for a month. Utilize the collected UGC for future marketing materials, showcasing the brand's community involvement.",awareness,,0.6964
526,"Subject Line: ""Unlock Your Business's Full Potential with AI"" Email Content: Personalized introductions based on the recipient's industry, highlighting specific challenges and how AI Innovate's solutions can address them. Include a brief case study and a direct link to schedule a demo.",,professional,0.7715
527,"Theme: ""30 Days of Impact"" Week 1: Share stories of those helped by the charity. Week 2: Highlight volunteers' experiences. Week 3: Share behind-the",,emotional,0.6369
528,"Develop a 6-week social media campaign, ""Eco-Warriors Unite,"" leveraging Instagram Reels, TikTok, and Twitter. Share engaging content showcasing eco-friendly fashion tips, behind-the-scenes looks at sustainable manufacturing processes, and influencer partnerships. Utilize relevant hashtags and tag relevant eco-conscious influencers. Allocate $500 for paid social media ads targeting Gen Z interests.",awareness,,0.7331
529,"Create a 3-month email campaign, ""Exclusive Driving Experiences,"" featuring personalized content and imagery. Use customer data to tailor messages, showcasing cars that match individual preferences. Include visually stunning images of cars in luxurious settings. Use AI-generated content to create customized email headers and CTAs. Send two emails per month, with a follow-up phone call to interested customers.",,luxury,0.6556
533,"Develop a content hub on the Wellness Pro website featuring in-depth guides, videos, and podcasts on various health and wellness topics. Partner with industry experts to create high-quality content, and repurpose existing content into social media posts, email newsletters, and lead magnets. Utilize SEO optimization and internal linking to improve website visibility.",awareness,,0.6599
534,"Create a social media challenge, ""Eco-Fashion Revolution,"" encouraging users to share their own sustainable fashion choices, using a branded hashtag, and tagging GreenThreads. Partner with eco-influencers to amplify the message. Utilize Instagram Reels and TikTok for short-form content, and Facebook for longer-form storytelling. Offer a discount code to participants who share their own eco-friendly fashion tips.",awareness,,0.7908
535,"Design a 3-email sequence: ""Project Management Mastery."" Email 1: ""5 Common Project Management Mistakes"" (awareness). Email 2: ""How to Streamline Your Workflow"" (consideration). Email 3: ""Get Started with TechSolutions"" (decision). Use attention-grabbing subject lines, concise copy, and clear CTAs. Personalize the emails using the recipient's name and company name.",conversion,,0.6771
536,"Create a content hub, ""The Future of Patient Engagement,"" featuring in-depth guides, whitepapers, and webinars on topics such as patient-centered care, digital health, and healthcare innovation. Utilize SEO to increase visibility, and social media to amplify the content. Partner with industry experts to co-author and",awareness,,0.4831
537,"""Green Threads Challenge"" - a social media campaign encouraging users to share their sustainable fashion choices, using a branded hashtag and tagging the brand. Partner with eco-influencers to showcase the brand's commitment to sustainability. Utilize Instagram Reels and TikTok for engaging, short-form content.",awareness,,0.7707
538,"""TechTalks"" - a podcast series featuring industry experts and thought leaders discussing the latest trends and innovations in software development. Create accompanying blog posts, social media content, and email newsletters to amplify the reach and engagement.",lead_generation,professional,0.7678
539,"""Unlock the Secret"" - an email campaign featuring a series of teasers and exclusive content, building up to the product launch. Offer a limited-time discount to encourage early purchases and referrals.",conversion,persuasive,0.7466
540,"""Share the Love"" - a social media campaign featuring emotive storytelling, influencer partnerships, and a branded hashtag. Utilize Facebook Fundraisers and Instagram",,emotional,0.7046
541,"Launch a social media contest, ""Eco-Chic Challenge,"" where followers share their own eco-friendly fashion tips and tricks using a branded hashtag. Partner with 5 eco-influencers to showcase Verde's designs and encourage user-generated content. Offer a 10% discount to participants who sign up for the newsletter.",lead_generation,persuasive,0.8718
542,"Create a series of eye-catching ads featuring AI-generated fitness avatars, highlighting the app's personalized workout plans and real-time tracking features. Use Facebook and Instagram ads to target users who have shown interest in fitness and wellness, with a focus on lookalike audiences and interest-based targeting.",awareness,,0.4574
543,"Craft detailed, emotive product descriptions that highlight the craftsmanship, materials, and story behind each piece. Use sensory language to transport customers into the artisan's workshop, and emphasize the unique character of each handmade item.",,emotional,0.5561
544,"Introduce a revamped loyalty program, ""The Daily Rewards,"" offering points for every purchase, with rewards such as free drinks, food discounts, and exclusive promotions. Implement a tiered system, with bonus rewards for customers who reach certain milestones, and offer personalized offers based on purchase history.",retention,,0.5123
545,"Launch a social media contest, ""Eco-Chic Challenge,"" where followers share their own sustainable fashion tips and tricks using a branded hashtag. Partner with eco-influencers to amplify the campaign. Allocate $2,000 for influencer collaborations, $1,500 for paid social media ads, and $1,500 for content creation. Track engagement and adjust the campaign strategy using AI-powered analytics.",awareness,,0.6783
546,"Design a 3-email sequence: Introduction, Features, and Exclusive Offer. Use AI-driven segmentation to personalize the content based on subscribers' fitness goals and preferences. Include a limited-time discount (20% off) for the first 200 downloads. Allocate $1,000 for email design and copywriting, and $500 for email list segmentation.",lead_generation,persuasive,0.7123
547,"Develop a content calendar focusing on industry trends, innovation, and case studies. Utilize AI-powered content generation tools to optimize research and drafting. Collaborate with industry experts and thought leaders to amplify credibility. Allocate $3,000 for content creation, $2,000 for expert collaborations, and $1,000 for content promotion.",,professional,0.6895
548,"Develop a #SustainableFashionChallenge, encouraging users to share eco-friendly fashion tips, tricks, and favorite Green Threads pieces on Instagram and TikTok. Collaborate with 3 eco-influencers for sponsored content, and offer a 15% discount to participants who use a branded hashtag. Allocate $300 for influencer partnerships, $200 for content creation, and $500 for targeted ads.",awareness,,0.7496
550,"Develop a content calendar featuring: Weeks 1-2: Teaser videos and images showcasing the product's features Weeks 3-4: Influencer partnerships and user-generated content campaigns Weeks 5-6: Product demos, tutorials, and customer testimonials Weeks 7-8: Special promotions, discounts, and limited-time offers Use a mix of graphics, videos, and images to",awareness,,0.4596
551,"Develop a 6-week campaign featuring Instagram Reels showcasing the brand's eco-friendly manufacturing process, influencer partnerships, and customer testimonials. Utilize relevant hashtags, such as #Sustainability and #EcoFashion, to increase visibility.",awareness,,0.7707
552,"Create a series of 4 emails highlighting the program's benefits, such as increased energy and productivity. Use attention-grabbing subject lines, like ""Transform Your Body in 30 Days,"" and include a clear call-to-action (CTA) to sign up for a free trial class.",,persuasive,0.7316
553,"Create a modern, sleek visual identity featuring bold typography and vibrant colors. Utilize Instagram and TikTok to showcase the brand's new design language, highlighting innovative features and exclusive experiences.",awareness,luxury,0.8292
554,"Collaborate with the National Alliance on Mental Illness (NAMI) to create a 4-week social media campaign featuring personal stories, educational content, and donation CTAs. Utilize Instagram's ""Donate"" feature and Facebook Fundraisers to streamline donations.",awareness,,0.7286
555,"Develop a social media campaign, ""Verde Vibes,"" that showcases the brand's commitment to sustainability through engaging visuals and influencer partnerships. Allocate $2,000 for sponsored posts and $1,500 for influencer collaborations. Utilize Instagram Reels and TikTok to share behind-the-scenes content, customer testimonials, and eco-friendly fashion tips. Partner with 3 social media influencers who align with the brand's values and have a combined following of 1 million. Monitor engagement metrics and adjust the campaign strategy accordingly.",awareness,professional,0.8068
556,"Create a 3-email nurture campaign that educates subscribers on the benefits of Apex Solutions' software. Email 1: ""5 Project Management Pain Points and How to Solve Them"" ( awareness stage). Email 2: ""Success Story: How XYZ Corporation Improved Efficiency with Apex Solutions"" (consideration stage). Email 3: ""Exclusive Offer: 14-Day Free Trial and Demo"" (decision stage). Use a conversational tone, personalize the emails using the subscriber's name and company, and include clear CTAs.",conversion,,0.7157
557,"Develop a social media campaign, ""Eco-Warriors Unite,"" leveraging Instagram, TikTok, and Twitter. Partner with 5 eco-influencers to showcase sustainable fashion. Create engaging content (reels, stories, posts) highlighting the brand's commitment to sustainability. Utilize relevant hashtags and run targeted ads to reach 1 million users. Allocate $2,000 for influencer collaborations, $1,500 for ad spend, and $1,500 for content creation.",awareness,,0.7707
558,"Create a 3-email nurture campaign, ""Unlock Efficiency,"" focusing on the benefits of streamlined project management. Email 1: ""5 Signs Your Team Needs a Project Management Upgrade"" (educational content). Email 2: ""Real-Life Success Stories: How Our Software Boosted Productivity"" (testimonial-based). Email 3: ""Get Started with a Free Demo"" (clear call-to-action). Use a conversational tone, personalize with company names, and include a prominent CTA button.",lead_generation,,0.6246
559,"Create a content calendar focusing on themes: Mindful Mondays (meditation, self-care), Workout Wednesdays (fitness routines, exercises), and Healthy Fridays (nutrition, recipes). Utilize SEO keywords, optimize meta descriptions, and schedule social media promotions.",awareness,,0.4938
560,"Launch a social media contest, ""Eco-Challenge,"" where followers share their own eco-friendly habits and tag friends. Partner with influencers to showcase GreenCycle products in their eco-friendly routines. Utilize Instagram Reels and TikTok for engaging, short-form content. Allocate $1,000 for sponsored content and influencer partnerships.",awareness,,0.7707
561,"Create a comprehensive eBook, ""The Ultimate Guide to Project Management,"" and offer it as a free download on the TechSolutions website. Develop a series of blog posts, ""Project Management Insider,"" highlighting industry trends and best practices. Utilize LinkedIn Pulse for publishing and promoting content. Collaborate with industry experts to guest post and expand the company's network.",lead_generation,,0.5712
564,"Develop a social media campaign, ""Wear Your Values,"" highlighting GreenThreads' commitment to sustainability. Utilize Instagram Reels and TikTok to showcase eco-friendly manufacturing processes, and collaborate with eco-influencers to promote the brand. Allocate $1,000 for targeted ads on Facebook and Instagram, focusing on interests like sustainable living and eco-friendly products.",awareness,,0.573
566,"Create a content marketing strategy, ""AI Insights,"" focusing on in-depth articles, research papers, and webinars on AI trends and applications. Collaborate with industry experts to produce high-quality content, and utilize LinkedIn and Twitter to promote the brand's thought leadership. Allocate $2,000 for sponsored content on LinkedIn and Google Ads.",,professional,0.6925
567,"""Threads for Thought"" campaign: Partner with eco-influencers to showcase GreenThreads' sustainable clothing, encouraging users to share their own eco-friendly fashion choices. Utilize Instagram Reels and TikTok for engaging, educational content. Allocate $1,500 for influencer collaborations and $1,000 for targeted social media ads.",awareness,,0.7691
568,"""AI Insights"" blog series: Publish in-depth articles on AI trends, applications, and best practices. Collaborate with industry experts to create informative whitepapers, webinars, and case studies. Utilize LinkedIn and Twitter to promote content and engage with the target audience.",awareness,,0.6529
569,"""Escape the Ordinary"" campaign: Create personalized, visually stunning emails showcasing unique travel experiences. Utilize segmentation to target specific interests and behaviors. Offer exclusive promotions and limited-time offers to encourage bookings.",conversion,,0.674
570,"Develop a social media campaign, ""Sustainable Style Challenge,"" where influencers and followers are encouraged to share their eco-friendly fashion choices using a branded hashtag. Partner with 5 micro-influencers to showcase Green Threads' clothing and create engaging content (images, videos, and Reels). Allocate $300 for influencer collaborations, $200 for content creation, and $500 for paid social media ads targeting Gen Z consumers.",awareness,,0.5641
571,"Create a lead nurturing email campaign, ""Tech Insights,"" with a series of 5 automated emails that provide valuable industry insights, case studies, and product information. Use AI-powered email personalization to tailor content based on subscriber interests and behaviors. Set up email workflows to trigger follow-up emails and notifications for sales teams to pursue high-engagement leads.",conversion,professional,0.7927
572,"Focus on creating high-quality, long-form content (2,000-word articles) that addresses specific health and wellness topics, such as mental health, nutrition, and fitness. Utilize AI-powered content optimization tools to improve SEO and readability. Develop a content calendar that incorporates guest blogging, expert interviews, and user-generated content to increase authority and engagement.",awareness,,0.6205
573,"Develop an influencer-led campaign, partnering with 5 eco-conscious influencers on TikTok and Instagram. Launch a hashtag challenge, encouraging users to share their own sustainable fashion tips and tricks. Utilize Instagram Reels and TikTok's ""Reaction"" feature to engage with the audience.",awareness,,0.7231
574,"""Pulse: The Future of Fitness. Harness the power of AI to revolutionize your workout routine. Track your progress, receive personalized recommendations, and unlock your full potential. Experience the perfect blend of style, function, and innovation.""",conversion,,0.704
575,"Create a content calendar focusing on industry insights, company news, and thought leadership pieces. Post frequency: 3 times a week, including a mix of promotional, educational, and engaging content (e.g., ""Motivation Monday"" quotes, ""Throwback Thursday"" company milestones).",,professional,0.722
577,"Launch a social media contest, ""Verde Vibes,"" where followers share eco-friendly fashion tips using a branded hashtag. Partner with 5 influencers to showcase sustainable outfits and encourage user-generated content. Allocate $1,000 for sponsored ads targeting young adults interested in sustainability.",awareness,,0.6291
578,"Create a series of 4 emails: Introduction, Benefits, Success Stories, and Exclusive Offer. Use AI-driven personalization to address each recipient by name and tailor content based on their fitness goals. Include eye-catching visuals and social proof to increase engagement.",conversion,,0.6606
579,"Create a high-quality image featuring a signature vegan dish with vibrant, plant-based ingredients. Incorporate the restaurant's logo and branding colors. Utilize Instagram's ""Reels"" feature to share a behind-the-scenes look at the dish's preparation, highlighting the chef's expertise.",awareness,,0.6859
581,"""Green Revolution"" social media campaign: Partner with eco-influencers and create engaging, educational content (reels, stories, posts) highlighting GreenCycle's sustainable practices. Utilize relevant hashtags and tag relevant accounts to increase visibility. Allocate $300 for influencer collaborations, $200 for content creation, and $500 for paid social media ads.",awareness,,0.6542
582,"""Luxe Insider"" email campaign: Create 3 email sequences (Welcome, Product Recommendations, Exclusive Offers) with tailored content and promotions based on customers' purchase history and preferences. Use AI-powered email personalization tools to optimize subject lines, CTAs, and product suggestions. Offer loyalty rewards and early access to new products to foster brand loyalty.",conversion,,0.6952
584,"Create a social media campaign, ""Green Heroes,"" highlighting customer stories of sustainable living. Utilize Instagram Reels, Facebook, and Twitter to share engaging content, influencer partnerships, and user-generated content. Allocate budget to targeted ads, focusing on interests like eco-friendly living, sustainability, and climate change.",awareness,,0.7707
585,"Create a ""We Miss You"" email campaign, offering personalized discounts, new arrival notifications, and exclusive access to sales. Use attention-grabbing subject lines, dynamic content, and a clear call-to-action (CTA) to drive subscribers back to the website.",conversion,persuasive,0.8344
586,"Develop a content calendar focusing on financial literacy, industry trends, and community involvement. Utilize a mix of blog posts, social media, and email newsletters to share engaging content, such as ""Financial Tip Tuesdays"" and ""Small Business Spotlight"" features.",awareness,,0.6545
588,"Create a social media strategy focusing on Instagram and TikTok, leveraging influencer partnerships, user-generated content, and eco-friendly challenges to engage Gen Z. Share behind-the-scenes content, sustainable fashion tips, and limited-time offers to drive website traffic.",awareness,professional,0.8068
589,"Design a series of image ads showcasing the vehicle's sleek design, eco-friendly features, and advanced technology. Use bold colors, dynamic angles, and scenic backgrounds to capture attention. Include a clear call-to-action (CTA) for test drive sign-ups.",awareness,,0.7553
590,"Develop a heartwarming email campaign highlighting the impact of donations on educational programs. Use storytelling, emotive language, and visuals to convey the importance of supporting education. Include a clear CTA for donations and a sense of urgency to encourage immediate action.",,emotional,0.6974
591,"Schedule a series of social media posts (Facebook, Twitter, Instagram) 2 weeks prior to the product launch, gradually increasing frequency and excitement. Share product teasers, demos, and exclusive offers to create anticipation. Utilize relevant hashtags and tag influencers to expand reach.",conversion,,0.6579
592,"Develop a hashtag-driven campaign #EcoChicChallenge, encouraging users to share eco-friendly fashion choices. Collaborate with eco-influencers for sponsored content. Utilize Instagram Reels and TikTok for engaging, 60-second ""green hack"" videos. Allocate $1,000 for targeted ads on both platforms.",awareness,,0.6542
593,"Craft a two-email sequence. Email 1: ""Unlock Your Fitness Potential"" with an introductory video showcasing AI-powered features. Email 2: ""Get Fit with AI"" highlighting user success stories and offering a 14-day free trial. Use attention-grabbing subject lines and personalize content using subscribers' names.",conversion,,0.6067
594,"Create a themed content calendar focusing on seasonal recipes, meal prep, and cooking challenges. Allocate posts: Monday (Motivation Monday: healthy recipes), Wednesday (Wednesday Wisdom: cooking tips), Friday (Friday Feasts: indulgent recipes). Incorporate high-quality images, user-generated content, and Facebook Live sessions.",engagement,,0.6368
597,"Create a content hub, ""AI Insights,"" featuring in-depth articles, research papers, and expert interviews on AI trends and applications. Utilize AI-powered content generation tools to streamline content creation and optimize for SEO. Collaborate with industry experts and thought leaders to amplify credibility.",awareness,professional,0.7898
598,"Develop a social media campaign, ""Verde Vibes,"" focusing on Instagram and TikTok. Collaborate with eco-influencers and user-generated content campaigns to showcase sustainable fashion practices. Utilize Instagram Reels and TikTok challenges to engage the audience. Allocate $1,500 for influencer partnerships and $1,000 for sponsored content.",awareness,,0.7296
599,"Create a 5-email nurturing campaign, ""Unlock Your Potential,"" offering valuable content, such as case studies, webinars, and industry insights. Use a conversational tone and personalize emails based on lead behavior. Include a clear call-to-action (CTA) in each email, encouraging leads to schedule a demo or purchase the software.",,friendly,0.6793
600,"Focus on creating comprehensive, SEO-optimized guides on topics like nutrition, mindfulness, and self-care. Utilize AI-powered content generation tools to produce high-quality content efficiently. Collaborate with guest bloggers and influencers in the health and wellness space to expand the blog's reach.",awareness,,0.5059
601,"Develop a targeted ad campaign, ""SmartHome Revolution,"" focusing on Facebook and Instagram.",conversion,,0.7163
602,"Develop an Instagram-centric campaign focusing on user-generated content (UGC) and influencer partnerships. Collaborate with 5 eco-conscious influencers for sponsored posts, and launch a hashtag challenge encouraging customers to share their sustainable fashion choices. Allocate $3,000 for influencer fees, $4,000 for ad spend, and $3,000 for content creation. Utilize Instagram's shopping feature to drive website traffic.",awareness,,0.7242
603,Create a 3-email drip campaign. Email 1: Introduction to Tech Innovate's solutions. Email 2 (sent 1 week later): Case study showcasing success with a similar business. Email 3 (sent 2 weeks after Email 2): Personalized demo offer. Use Mailchimp for automation and integrate with CRM for lead scoring.,,professional,0.6405
604,"Social Media Copy: ""Reflect on your fitness journey with our smart mirror. Track your form, access thousands of workouts, and see real-time results. Pre-order now and start your transformation!"" Landing Page Copy: Emphasize the mirror's AI-powered form correction, extensive workout library, and seamless integration with popular fitness apps. Use customer testimonials and showcase the mirror's sleek design.",,persuasive,0.6356
605,"Develop a social media campaign, ""Green Heroes,"" leveraging Instagram Reels and TikTok to showcase the benefits of sustainable living. Collaborate with eco-influencers to promote products and encourage user-generated content. Allocate $300 for influencer partnerships, $200 for content creation, and $500 for paid advertising.",awareness,,0.6542
606,"Create a 5-email nurturing sequence, ""Unlock Your Business Potential,"" providing valuable content, such as industry insights, case studies, and product demos. Personalize emails using the recipient's name and company name. Include clear calls-to-action (CTAs) to schedule a demo or sign up for a free trial.",,professional,0.6627
607,"Implement a guest blogging strategy, partnering with reputable finance publications to publish articles and attract backlinks to the WealthWise website. Utilize AI-powered content generation tools to streamline the writing process and optimize articles for SEO. Allocate $1,500 for content creation and $500 for promotion.",awareness,,0.6153
608,"Create a social media campaign leveraging Instagram Reels and TikTok, featuring eco-friendly fashion influencers showcasing Verde Clothing's products. Utilize hashtags #SustainabilityInFashion and #EcoFriendlyFashion, and collaborate with popular sustainable living accounts.",awareness,,0.5199
609,"Design a dynamic email template with a countdown timer, showcasing the new product's key features and benefits. Use AI-powered segmentation to personalize the email content based on the recipient's interests and purchase history.",conversion,,0.5795
610,"Develop a content calendar featuring a mix of motivational quotes, workout tips, and special promotions. Utilize seasonal hashtags #HolidayFitness and #NewYearNewMe, and schedule posts using a social media management tool.",engagement,,0.7
611,"Partner with luxury lifestyle influencers to showcase Prestige Motors' latest models. Utilize Instagram's ""Reels"" feature to create engaging, high-end content, and leverage the influencers' networks to reach the target audience.",awareness,luxury,0.8727
612,"Conduct a technical SEO audit to optimize the website's structure and content. Develop a keyword strategy targeting long-tail phrases, and create high-quality, informative content",,professional,0.645
613,"""Threads for a Cause"" campaign, focusing on Instagram and TikTok. Partner with eco-influencers and create engaging content (reels, stories, and posts) highlighting the brand's sustainable practices. Allocate $5,000 for influencer collaborations, $3,000 for content creation, and $2,000 for paid advertising.",awareness,,0.7408
615,"""Complete Your Purchase"" email campaign, featuring a series of 3 automated emails with personalized product recommendations, special offers, and a sense of urgency. Utilize pre-built email templates and AI-powered product suggestion tools to streamline design and content creation.",,persuasive,0.7612
616,"""Beauty Challenge"" contest, where followers share their favorite beauty tips and tricks using a branded hashtag. Partner with influencers to promote the contest, and offer a grand prize of a year's supply of BeautyBuzz products. Allocate $2,000 for influ",engagement,persuasive,0.7112
617,"Leverage Instagram Reels and TikTok to create engaging, eco-friendly fashion content. Collaborate with micro-influencers and user-generated content campaigns. Utilize relevant hashtags and tag relevant sustainability-focused accounts. Share behind-the-scenes content, showcasing the brand's commitment to sustainability.",awareness,,0.7707
618,"Design an attention-grabbing email template with a clear, concise message. Offer exclusive discounts to subscribers and create a sense of urgency with a limited-time promotion. Use social proof and customer testimonials to build credibility. Include a clear call-to-action (CTA) to drive sales.",,persuasive,0.7118
619,"Create a comprehensive content hub featuring in-depth articles, whitepapers, and webinars on topics such as investment strategies and wealth management. Utilize SEO optimization to increase visibility. Leverage LinkedIn and Twitter to promote content and engage with industry thought leaders.",lead_generation,,0.6592
621,"Create a social media campaign titled ""EcoWarrior Challenge"" that encourages users to share their sustainable fashion choices on Instagram, TikTok, and Twitter. Collaborate with 5 eco-influencers to showcase EcoCycle's clothing lines and promote the challenge. Utilize relevant hashtags and tag relevant eco-friendly brands to increase reach. Allocate $1,500 for influencer partnerships, $1,000 for paid social media ads, and $2,500 for content creation.",awareness,,0.5537
622,"Create a visually appealing image showcasing the product's unique, biodegradable packaging amidst a natural setting (e.g., a forest or meadow). Incorporate a bold, eye-catching headline highlighting the product's eco-friendly features. Utilize a color palette that reflects the brand's natural and sustainable values. Include a subtle background texture to convey a sense of earthiness.",awareness,,0.6965
624,"Develop a social media campaign, ""Wear Your Values,"" highlighting Green Threads' commitment to sustainability. Utilize Instagram Reels and TikTok to showcase eco-friendly production processes, featuring influencers and user-generated content. Allocate $1,000 for sponsored ads targeting environmentalists and fashion enthusiasts. Collaborate with 5 eco-conscious influencers for sponsored content. Share educational content (blog posts, videos, and infographics) on sustainable fashion practices.",awareness,,0.7211
626,"Create a content calendar with a mix of promotional, educational, and engaging content. Allocate 3 posts/week on Instagram, Facebook, and Twitter. Monday: ""Motivation Monday"" - share a healthy meal idea. Wednesday: ""Wednesday Wisdom"" - share a cooking tip. Friday: ""Featured Dish"" - showcase a",awareness,,0.6306
627,"""Earth Month Challenge"" - a social media campaign encouraging users to share eco-friendly habits and tag GreenCycle. Partner with influencers and offer discounts for participants who share their own sustainable fashion tips. Utilize Instagram Reels and TikTok for engaging, short-form content.",awareness,,0.7707
628,"""Unlock the Future of Tech"" - a series of emails showcasing the product's innovative features and benefits. Use AI-powered personalization to tailor content based on recipient interests and behaviors. Offer exclusive early access to loyal customers and provide a limited-time discount.",conversion,,0.6072
629,"A vibrant, eye-catching graphic featuring a best-selling swimsuit, with bold text overlay promoting the sale. Utilize Instagram's ""swipe-up"" feature to drive traffic to the website.",,persuasive,0.6008
630,"""Financial Insights"" - a content calendar featuring industry news, expert analysis, and company updates. Utilize LinkedIn and Twitter for professional",engagement,professional,0.8033
631,"Develop a social media campaign leveraging user-generated content, influencer partnerships, and Instagram Reels. Utilize relevant hashtags, such as #Sustainability and #EcoFashion, to increase visibility. Allocate $300 for influencer collaborations and $200 for sponsored ads. Create a branded hashtag and encourage customers to share their EcoCycle purchases, offering a 10% discount for participating.",awareness,,0.6295
632,"Craft an attention-grabbing email subject line, ""Revolutionary Gadget Alert: Exclusive Pre-Order Offer Inside!"" Use segmentation to personalize the email content based on subscribers' past purchases and interests. Include a limited-time discount (15% off) for pre-orders, and create a sense of urgency with a countdown timer. Utilize social proof by highlighting positive reviews from beta testers.",conversion,persuasive,0.7534
633,"Develop a content calendar focusing on trending topics, such as mindfulness and plant-based diets. Collaborate with guest bloggers and industry experts to supplement in-house content creation. Utilize SEO optimization techniques to increase article visibility. Repurpose content into social media posts, email newsletters, and video scripts to maximize reach and engagement.",,professional,0.6385
634,"Develop a ""Second-Hand September"" campaign, encouraging followers to share photos of themselves wearing second-hand or sustainable clothing. Partner with eco-influencers for sponsored content, and utilize Instagram's ""Reels"" feature for engaging, educational videos. Allocate $1,000 for targeted ads and track engagement metrics.",awareness,,0.7707
635,"Create a ""We Miss You"" email series with personalized book recommendations, special promotions, and a ""Welcome Back"" discount. Use a conversational tone and include a survey to gather feedback. Send a series of 3 emails, spaced 2 weeks apart, and track open rates, clicks, and conversions.",conversion,friendly,0.7598
638,"Develop an influencer marketing campaign partnering with eco-friendly lifestyle influencers on Instagram and TikTok. Utilize relevant hashtags and create engaging, informative content highlighting GreenThreads' sustainable materials, production processes, and commitment to reducing waste. Allocate $1,500 for influencer collaborations and $1,000 for sponsored content.",awareness,,0.565
639,"Create a 3-email sequence focusing on pain points, success stories, and personalized demos. Use attention-grabbing subject lines, concise yet informative copy, and clear calls-to-action. Incorporate social proof, industry insights, and a sense of urgency to encourage conversions.",conversion,persuasive,0.9449
640,"Launch a blog series exploring AI trends, applications, and ethics. Collaborate with industry experts and thought leaders to create comprehensive, well-researched articles. Utilize SEO optimization, social media promotion, and email newsletters to increase visibility and engagement.",awareness,professional,0.6702
641,"Design eye-catching ad creatives highlighting discounts, promotions, and exclusive offers. Utilize Google Ads and Facebook Ads to target high-intent keywords and interests. Allocate $3,000 for ad spend and $1,000 for ad",conversion,,0.7376
643,"Create a series of 3 email campaigns: ""Get Fit with AI,"" ""Success Stories,"" and ""Exclusive Offers."" Use a conversational tone and highlight the app's AI-driven personalized workout plans. Include a clear call-to-action (CTA) to download the app. Use segmentation to target inactive users with a special promotion. Design eye-catching email templates with a bold, modern aesthetic.",lead_generation,,0.6358
644,"Create a series of 6 Instagram ads featuring breathtaking, high-quality images of exotic destinations. Use a mix of landscape and portrait orientations to cater to various devices. Incorporate visually appealing graphics and text overlays highlighting the company's exclusive experiences. Allocate $3,000 for ad creative development, $4,000 for targeting and ad placement, and $3,000 for campaign optimization.",awareness,,0.7147
645,"Launch a social media contest, ""GreenThreads Challenge,"" where followers share their own eco-friendly fashion tips and tricks using a branded hashtag. Partner with influencers to amplify the campaign and encourage users to tag friends who share similar values. Offer a discount code for participants and feature the best content on the brand's social media channels.",awareness,persuasive,0.9608
647,"Create a 3-email series with personalized content based on subscribers' past purchases and browsing history. Offer exclusive discounts, showcase new arrivals, and provide styling tips. Use attention-grabbing subject lines and CTAs to encourage engagement.",conversion,,0.5929
648,"""Verde Vibes"" social media campaign: Partner with eco-conscious influencers for sponsored content, utilizing Instagram Reels and TikTok videos showcasing sustainable fashion tips. Allocate $3,000 for influencer collaborations, $2,000 for content creation, and $5,000 for targeted ads. Utilize hashtags #SustainabilitySquad and #EcoFashion to track engagement.",awareness,,0.7707
650,"""Bloom Beautiful"" Instagram ad campaign: Create eye-catching ads featuring natural ingredients, customer testimonials, and special promotions. Allocate $2,000 for ad creative development, $1,500 for targeting and ad placement, and $1,500 for ad spend. Utilize Instagram Shopping and track conversions to optimize ad performance.",,professional,0.5956
651,"""Green Threads Challenge"" social media campaign, leveraging Instagram Reels and TikTok to encourage users to share their eco-friendly fashion choices. Influencer partnerships and sponsored ads will be used to amplify the message. A dedicated landing page will be created to track campaign performance and encourage website traffic.",awareness,professional,0.8068
652,"""Exclusive Access"" email campaign, offering subscribers early access to the new product, along with a limited-time discount. Personalized emails will be sent to subscribers based on their interests and purchase history, highlighting key product features and benefits.",conversion,,0.7174
653,"""BeautyBliss Ambassadors"" influencer campaign, partnering with 5 social media influencers in the beauty space to showcase the new product. Influencers will create sponsored content featuring the product, using a branded hashtag and tagging the company's social media handle.",awareness,,0.6479
654,"""Prosperity Insights"" content marketing strategy, focusing on creating high-quality, informative blog posts and videos on financial planning and entrepreneurship. Guest blogging and LinkedIn publishing will be used to expand the company's reach and establish thought leadership.",awareness,professional,0.7244
657,"Design eye-catching ads featuring images of children in educational settings, with bold headlines like ""Empower a Brighter Future."" Utilize Facebook's donation feature and allocate $500 for ad spend. Target users who have shown interest in education and philanthropy.",awareness,,0.732
659,"Create a social media campaign highlighting the benefits of sustainable living, featuring influencer partnerships and user-generated content showcasing GreenCycle products in eco-friendly settings. Utilize Instagram Reels and TikTok for short-form videos, and Facebook for longer-form content. Allocate $1,000 for influencer collaborations and $500 for targeted ads.",conversion,,0.7432
661,"Create a 7-day countdown on Facebook, Twitter, Instagram, and LinkedIn, featuring teaser content, product sneak peeks, and exclusive promotions. Util",conversion,,0.6933
662,"Create a social media contest, ""Eco-Challenge,"" where followers share their eco-friendly fashion tips and tricks using a branded hashtag. Partner with 3 influencers to promote the contest and encourage user-generated content. Allocate $300 for influencer fees, $200 for content creation, and $500 for paid social media ads.",awareness,,0.6303
663,"Create a 3-email sequence: (1) Introduction to the product's benefits, (2) Case study highlighting a successful implementation, and (3) Exclusive demo invitation. Use clear, concise language and include a prominent call-to-action (CTA) in each email. Use AI-powered personalization to address each lead by name and tailor content based on their industry.",lead_generation,,0.6626
664,"Plan and schedule 2 blog posts per week, focusing on topics like mindfulness, meditation, and nutrition. Utilize a mix of evergreen and timely content, including seasonal and holiday-themed posts. Allocate 1 day per week for social media promotion and engagement. Use AI-powered content suggestions to streamline the content creation process.",awareness,,0.6568
666,Create a visually stunning email campaign featuring high-quality images of the new collection. Use AI-powered personalization to tailor the content to each subscriber's interests and preferences. Offer exclusive access to a limited-edition watch for subscribers who make a purchase within 48 hours.,conversion,,0.7674
667,"Create a content hub featuring industry insights, whitepapers, and case studies. Utilize AI-powered content generation tools to produce high-quality content efficiently. Develop a lead magnet, such as an eBook or webinar, to capture leads and nurture them through the sales funnel.",,professional,0.656
668,"""GreenStyle Revolution"" campaign: - Launch a social media contest asking followers to share their eco-friendly fashion tips and tricks using a branded hashtag. - Collaborate with eco-influencers and user-generated content (UGC) creators to showcase GreenStyle's sustainable clothing lines. - Share behind-the-scenes content highlighting the brand's commitment to sustainability and fair labor practices. - Offer exclusive discounts to followers who share the brand's content and tag friends.",awareness,,0.4657
669,"""Unlock Your Fitness Potential"" campaign: - Design a series of emails highlighting the app's AI-driven personalized workout plans and real-time feedback. - Offer a free trial period and exclusive discounts for premium subscriptions. - Share success stories and testimonials from existing users who have achieved their fitness goals with FitGenie. - Create a sense of community by inviting subscribers to join a private Facebook group for support and motivation.",lead_generation,,0.6466
670,"""Taste the World"" content calendar: - Monday: ""Meal Prep Monday"" - Share healthy meal prep ideas and recipes. - Tuesday: ""Tasty Tuesday"" - Highlight a new restaurant partner and their signature dishes. - Wednesday: ""Wednesday Wisdom"" - Share cooking tips and hacks for busy professionals. - Thursday: ""Throwback Thursday""",awareness,,0.6584
671,"Launch a ""Green Revolution"" campaign across Instagram, TikTok, and Facebook. Collaborate with eco-influencers to showcase the new product line, highlighting the sustainable materials used, and the positive impact on the environment. Utilize Instagram Reels and TikTok to create engaging, short-form content. Offer a limited-time discount to encourage website traffic and sales.",awareness,persuasive,0.8068
672,"Create a comprehensive content hub, ""Finverge Insights,"" featuring in-depth articles, whitepapers, and webinars on AI-powered finance, industry trends, and thought leadership pieces. Host a quarterly podcast series, ""FinTalks,"" with industry experts and thought leaders. Utilize LinkedIn to promote content, engage with the audience, and establish the brand as a trusted authority.",lead_generation,professional,0.7635
673,"Launch a ""We Miss You"" campaign, featuring personalized emails with special offers, product recommendations, and a ""welcome back"" discount. Utilize dynamic content to showcase products based on subscribers' past purchases or browsing history. Create a sense of urgency with limited-time offers and scarcity messaging.",retention,persuasive,0.7845
674,"""Verde Vibes"" social media campaign: Launch a 6-week campaign across Instagram, TikTok, and Facebook, focusing on eco-friendly fashion tips, behind-the-scenes content, and user-generated content. Collaborate with 5 eco-influencers and run targeted ads to reach 1 million impressions.",awareness,,0.7707
675,"""Aurum Insider"" email campaign: Create personalized emails using customer data, featuring exclusive offers, new model reveals, and curated content. Use AI-powered content generation to create 5 unique email templates and A/B test subject lines to optimize open rates.",conversion,,0.6695
678,"Launch a social media contest, ""Eco-Warrior Challenge,"" where followers share their eco-friendly fashion tips and tricks using a branded hashtag. Partner with influencers and user-generated content platforms to amplify reach. Offer a discount code to participants who share their own sustainable fashion stories, driving traffic to the website.",awareness,,0.669
680,"Create high-end, aspirational visuals showcasing breathtaking destinations and exclusive experiences. Utilize Instagram's ""Collection"" feature to curate a series of ads highlighting different aspects of a luxury vacation. Incorporate user-generated content and influencer partnerships to add authenticity and social proof.",,luxury,0.7819
681,"Conduct a thorough keyword analysis and create a content calendar focusing on long-tail keywords and industry trends. Develop comprehensive, informative blog posts and optimize meta tags, titles, and descriptions. Utilize internal linking and content clustering to enhance user experience and search engine rankings.",,professional,0.5794
682,"Create a social media campaign focusing on Instagram and TikTok, leveraging user-generated content, influencer partnerships, and eco-friendly challenges. Utilize relevant hashtags, such as #Sustainability and #EcoFashion, to increase visibility. Collaborate with eco-influencers to showcase the brand's commitment to sustainability.",awareness,,0.7707
683,"Create a series of email campaigns featuring eye-catching visuals showcasing the benefits of smart home security. Design a hero image highlighting the system's key features, such as motion detection and alerts. Use a bold, modern design style to convey a sense of safety and security.",lead_generation,,0.6532
684,"Create a 60-second video showcasing the service's delicious, plant-based meals. Use a mix of mouth-watering food shots and testimonials from satisfied customers. Highlight the service's commitment to sustainability and animal welfare. End with a clear call-to-action, such as a promo code for new customers.",awareness,,0.6542
686,"""Threads for a Greener Tomorrow"" campaign, focusing on Instagram and TikTok, featuring eco-friendly fashion influencers showcasing GreenThreads' products, user-generated content, and interactive polls/quizzes highlighting sustainable fashion practices. Utilize Instagram Reels and TikTok's ""Reaction"" feature to boost engagement. Allocate $5,000 for influencer partnerships, $3,000 for content creation, and $2,000 for paid advertising.",awareness,,0.7707
687,"""Fitness on Demand"" content hub, featuring bite-sized workout videos, podcasts, and blog posts tailored to busy professionals' lifestyles. Partner with fitness influencers and industry experts to create high-quality content. Utilize FitGenius' AI technology to personalize content recommendations for users. Create a ""Workout of the Week"" email newsletter and social media challenge to engage users and promote app downloads.",lead_generation,professional,0.6848
688,"""Gear Up for Adventure"" email campaign, featuring personalized product recommendations based on customers' purchase history and browsing behavior. Utilize OutfitHub's loyalty program to offer exclusive discounts and early access to new products. Create a sense of urgency with limited-time promotions and scarcity messaging. Use AI-powered subject line optimization to increase open rates.",conversion,persuasive,0.8265
