row_id,instruction,raw_input,goal_text,business_context,summary,text,tone_rule,tone_rule_confidence,tone_rule_matches,tone_zs_score_friendly,tone_zs_score_professional,tone_zs_score_luxury,tone_zs_score_emotional,tone_zs_score_persuasive,tone_zs_score_humorous,tone_zero_shot_scored,tone_zero_shot_raw,tone_zero_shot_raw_confidence,tone_zero_shot,tone_zero_shot_confidence,tone_second_choice,tone_second_choice_confidence,tone_phi3,tone_phi3_selected,tone_phi3_done,tone,tone_confidence,tone_agreement,tone_source,tone_needs_review
0,Develop a social media campaign to increase brand awareness and drive sales for a new sustainable fashion line.,"Company: GreenCycle Clothing Target Audience: Environmentally conscious millennials Constraints: Limited budget ($5,000) Goals: 20% increase in brand awareness, 15% increase in sales Workflow Stage: Strategy","20% increase in brand awareness, 15% increase in sales Workflow Stage: Strategy","Company: GreenCycle Clothing Target Audience: Environmentally conscious millennials Constraints: Limited budget ($5,000)","Company: GreenCycle Clothing Target Audience: Environmentally conscious millennials Constraints: Limited budget ($5,000)","""Revolutionize Your Wardrobe"" campaign, leveraging Instagram and TikTok influencers to showcase eco-friendly fashion. Collaborate with 5 influencers for sponsored content, utilizing hashtags #SustainabilityInFashion and #GreenCycleClothing. Allocate $2,000 for influencer partnerships, $1,500 for targeted ads, and $1,500 for content creation. Monitor engagement and adjust ad spend accordingly.",,0.0,,0.05893798917531967,0.22384695708751678,0.08465751260519028,0.05619366466999054,0.40495777130126953,0.171406090259552,1,persuasive,0.405,professional,0.2836,humorous,0.2179,professional,1,1,professional,0.3536,1.0,three_method_majority,True
1,Create a content calendar for a B2B software company's blog to establish thought leadership in AI and machine learning.,"Company: NovaTech Solutions Target Audience: Business owners and IT professionals Constraints: Publish 2 articles per week Goals: 50% increase in website traffic, 20% increase in lead generation Workflow Stage: Content Creation","50% increase in website traffic, 20% increase in lead generation Workflow Stage: Content Creation",Company: NovaTech Solutions Target Audience: Business owners and IT professionals Constraints: Publish 2 articles per week,Company: NovaTech Solutions Target Audience: Business owners and IT professionals Constraints: Publish 2 articles per week,"""AI Insights"" series, covering topics like AI adoption, ML applications, and industry trends. Allocate Mondays for ""Myth-Busting Mondays"" and Thursdays for ""Throwback Thursdays,"" highlighting past successes. Utilize SEO keywords, meta descriptions, and optimize images. Schedule 8 articles per month, with 2 in-depth guides and 2 listicles.",professional,0.7708,industry|insights,0.050332121551036835,0.1674147993326187,0.1080167219042778,0.08925355970859528,0.20724445581436157,0.377738356590271,1,humorous,0.3777,humorous,0.4027,professional,0.1778,professional,1,1,professional,0.8408,0.6667,three_method_majority,False
2,Design a targeted email campaign to re-engage inactive subscribers for a fitness and wellness center.,"Company: FitZone Target Audience: Inactive subscribers (6+ months) Constraints: Limited email list (5,000 subscribers) Goals: 20% re-engagement rate, 10% conversion rate Workflow Stage: Email Campaign","20% re-engagement rate, 10% conversion rate Workflow Stage: Email Campaign","Company: FitZone Target Audience: Inactive subscribers (6+ months) Constraints: Limited email list (5,000 subscribers)","Company: FitZone Target Audience: Inactive subscribers (6+ months) Constraints: Limited email list (5,000 subscribers)","""Get Moving Again"" campaign, featuring a 3-email sequence: 1) ""We Miss You"" (personalized greeting, special offer), 2) ""New Classes and Workshops"" (showcasing new services), and 3) ""Exclusive Discounts"" (limited-time promotions). Use segmentation to tailor content based on subscriber interests and inactivity duration. Schedule emails 1 week apart, with A/B testing for subject lines and CTAs.",luxury,0.2472,exclusive,0.08689435571432114,0.056325770914554596,0.045595742762088776,0.07758340984582901,0.628186047077179,0.10541465878486633,1,persuasive,0.6282,persuasive,0.2779,friendly,0.2288,persuasive,1,1,persuasive,0.3479,0.6667,three_method_majority,True
3,Create a social media campaign to increase brand awareness and drive sales for a sustainable fashion brand.,"Company: GreenThreads, a fashion brand using eco-friendly materials and production methods. Target Audience: Fashion-conscious millennials and Gen Z. Constraints: Limited budget, high competition in the sustainable fashion market. Goals: Increase brand awareness by 20%, drive sales by 15% within 6 months. Workflow Stage: Strategy","Increase brand awareness by 20%, drive sales by 15% within 6 months. Workflow Stage: Strategy","Company: GreenThreads, a fashion brand using eco-friendly materials and production methods. Target Audience: Fashion-conscious millennials and Gen Z. Constraints: Limited budget, high competition in the sustainable fashion market.","Company: GreenThreads, a fashion brand using eco-friendly materials and production methods. Target Audience: Fashion-conscious millennials and Gen Z. Constraints: Limited budget, high competition in the sustainable fashion market.","Develop a social media campaign highlighting GreenThreads' commitment to sustainability, featuring eco-influencers, and utilizing Instagram Reels and TikTok for engaging content. Allocate $1,500 for influencer partnerships and $1,000 for targeted ads. Create a branded hashtag and encourage user-generated content.",,0.0,,0.06491531431674957,0.10808410495519638,0.09558840841054916,0.09423188865184784,0.45326197147369385,0.18391837179660797,1,persuasive,0.4533,humorous,0.236,emotional,0.1929,professional,1,1,professional,0.6,0.5,phi3_tiebreak,True
4,Design an email marketing campaign to nurture leads for a B2B software company.,"Company: Proxima, a SaaS provider for marketing automation. Target Audience: Marketing professionals and business owners. Constraints: High competition, lengthy sales cycle. Goals: Increase lead conversion by 25% within 3 months. Workflow Stage: Email Copywriting",Increase lead conversion by 25% within 3 months. Workflow Stage: Email Copywriting,"Company: Proxima, a SaaS provider for marketing automation. Target Audience: Marketing professionals and business owners. Constraints: High competition, lengthy sales cycle.","Company: Proxima, a SaaS provider for marketing automation. Target Audience: Marketing professionals and business owners. Constraints: High competition, lengthy sales cycle.","Create a 5-email nurture sequence: Introduction, Problem agitation, Solution showcase, Social proof, and Exclusive offer. Use personalization and segmentation to tailor content. Include interactive elements like quizzes and surveys to boost engagement.",luxury,0.3192,exclusive,0.05640966817736626,0.05311496555805206,0.09984378516674042,0.03568714112043381,0.6727920174598694,0.08215242624282837,1,persuasive,0.6728,persuasive,0.3398,friendly,0.1695,persuasive,1,1,persuasive,0.4098,0.6667,three_method_majority,True
5,Develop a content calendar for a health and wellness blog.,"Company: BalancedLife, a wellness blog and coaching service. Target Audience: Health-conscious individuals. Constraints: Limited resources, need for consistent content. Goals: Increase website traffic by 30% within 6 months. Workflow Stage: Content Scheduling",Increase website traffic by 30% within 6 months. Workflow Stage: Content Scheduling,"Company: BalancedLife, a wellness blog and coaching service. Target Audience: Health-conscious individuals. Constraints: Limited resources, need for consistent content.","Company: BalancedLife, a wellness blog and coaching service. Target Audience: Health-conscious individuals. Constraints: Limited resources, need for consistent content.","Plan a content calendar with 3 blog posts per week, focusing on topics like mindfulness, nutrition, and fitness. Utilize SEO keywords and meta descriptions. Schedule social media posts to promote blog content and engage with audience.",,0.0,,0.09283565729856491,0.2164313793182373,0.19591288268566132,0.05738073214888573,0.2908422350883484,0.14659713208675385,1,persuasive,0.2908,professional,0.2432,luxury,0.2084,professional,1,1,professional,0.3132,1.0,three_method_majority,True
6,Create a paid advertising campaign for a new product launch.,"Company: TechGear, an electronics manufacturer. Target Audience: Tech enthusiasts and early adopters. Constraints: Limited budget, high competition. Goals: Drive sales and generate buzz around the new product. Workflow Stage: Ad Copywriting",Drive sales and generate buzz around the new product. Workflow Stage: Ad Copywriting,"Company: TechGear, an electronics manufacturer. Target Audience: Tech enthusiasts and early adopters. Constraints: Limited budget, high competition.","Company: TechGear, an electronics manufacturer. Target Audience: Tech enthusiasts and early adopters. Constraints: Limited budget, high competition.","Develop targeted Google Ads and Facebook Ads campaigns highlighting the product's unique features and benefits. Allocate $5,000 for ad spend and focus on conversion-driven ad copy.",,0.0,,0.020174451172351837,0.09600277990102768,0.04897277057170868,0.02961277961730957,0.7511501908302307,0.054087042808532715,1,persuasive,0.7512,persuasive,0.4426,professional,0.1914,professional,1,1,professional,0.6,0.5,phi3_tiebreak,True
7,Create a social media campaign to increase brand awareness for a new eco-friendly fashion brand.,"Company: GreenThreads, a sustainable fashion brand targeting millennials and Gen Z. Target audience: environmentally conscious fashion enthusiasts. Constraints: limited budget. Goals: increase brand awareness by 20% in 3 months. Workflow stage: strategy.",increase brand awareness by 20% in 3 months. Workflow stage: strategy.,"Company: GreenThreads, a sustainable fashion brand targeting millennials and Gen Z. Target audience: environmentally conscious fashion enthusiasts. Constraints: limited budget.","Company: GreenThreads, a sustainable fashion brand targeting millennials and Gen Z. Target audience: environmentally conscious fashion enthusiasts. Constraints: limited budget.","Develop a social media campaign, ""Eco-Chic Challenge,"" encouraging users to share their sustainable fashion choices. Collaborate with eco-influencers, create engaging content (reels, stories, posts) highlighting GreenThreads' commitment to sustainability. Utilize Instagram's ""Reels"" feature to create a branded hashtag challenge, offering discounts to participants who share their own eco-friendly fashion tips.",,0.0,,0.05272502452135086,0.11559763550758362,0.09928411990404129,0.08251426368951797,0.547798752784729,0.10208017379045486,1,persuasive,0.5478,persuasive,0.2317,emotional,0.1891,professional,1,1,professional,0.6,0.5,phi3_tiebreak,True
8,Design an email marketing campaign to boost sales for a B2B software company.,"Company: TechSolutions, a B2B software provider targeting small to medium-sized businesses. Target audience: business owners and decision-makers. Constraints: limited email list. Goals: increase sales by 15% in 2 months. Workflow stage: copywriting.",increase sales by 15% in 2 months. Workflow stage: copywriting.,"Company: TechSolutions, a B2B software provider targeting small to medium-sized businesses. Target audience: business owners and decision-makers. Constraints: limited email list.","Company: TechSolutions, a B2B software provider targeting small to medium-sized businesses. Target audience: business owners and decision-makers. Constraints: limited email list.","Create a 3-email nurture campaign, ""Unlock Your Business Potential,"" highlighting TechSolutions' software benefits. Email 1: ""Discover the Power of Our Software"" (introductory email with a free trial offer). Email 2: ""Success Stories"" (case studies and testimonials). Email 3: ""Exclusive Offer"" (limited-time discount for subscribers).",persuasive,0.6696,discount|offer,0.06518970429897308,0.12458018213510513,0.08347305655479431,0.20253513753414154,0.43356209993362427,0.09065981954336166,1,persuasive,0.4336,emotional,0.3763,persuasive,0.1487,professional,1,1,professional,0.6,0.3333,phi3_tiebreak,True
9,Develop a content marketing strategy for a healthcare company to establish thought leadership.,"Company: MedPro, a healthcare services provider targeting medical professionals and patients. Target audience: healthcare industry experts and patients seeking medical information. Constraints: high competition. Goals: establish thought leadership, increase website traffic by 30% in 6 months. Workflow stage: strategy.","establish thought leadership, increase website traffic by 30% in 6 months. Workflow stage: strategy.","Company: MedPro, a healthcare services provider targeting medical professionals and patients. Target audience: healthcare industry experts and patients seeking medical information. Constraints: high competition.","Company: MedPro, a healthcare services provider targeting medical professionals and patients. Target audience: healthcare industry experts and patients seeking medical information. Constraints: high competition.","Create a content hub, ""MedPro Insights,"" featuring in-depth articles, webinars, and videos on industry trends and best practices. Partner with influential healthcare professionals to contribute guest posts, promoting MedPro's expertise and showcasing its commitment to education and innovation.",professional,0.7708,industry|insights,0.0703100934624672,0.2858683466911316,0.19053423404693604,0.07892487198114395,0.2628593444824219,0.11150318384170532,1,professional,0.2859,professional,0.3156,luxury,0.1991,professional,1,1,professional,0.6204,1.0,rule_zero_shot_agreement,False
10,Create a social media campaign to increase brand awareness among younger audiences for a sustainable fashion brand.,"Company: GreenThreads; Target Audience: 18-25-year-olds; Constraints: Limited budget; Goals: 20% increase in followers, 15% increase in website traffic; Workflow Stage: Strategy","20% increase in followers, 15% increase in website traffic; Workflow Stage: Strategy",Company: GreenThreads; Target Audience: 18-25-year-olds; Constraints: Limited budget;,Company: GreenThreads; Target Audience: 18-25-year-olds; Constraints: Limited budget;,"Develop a social media contest, ""Eco-Chic Challenge,"" where followers share their eco-friendly fashion tips using a branded hashtag. Partner with eco-influencers to promote the contest. Allocate 30% of the budget to Instagram Reels and TikTok ads targeting the specified age group. Create engaging content (images, videos, and captions) highlighting GreenThreads' commitment to sustainability.",,0.0,,0.06412982940673828,0.10598305612802505,0.08062843978404999,0.11017761379480362,0.4941675662994385,0.1449134796857834,1,persuasive,0.4942,emotional,0.2312,persuasive,0.1914,professional,1,1,professional,0.6,0.5,phi3_tiebreak,True
11,Design an email marketing campaign to nurture leads for a B2B software company.,"Company: Tech Solutions; Target Audience: Business owners and decision-makers; Constraints: High competition; Goals: 25% open rate, 10% conversion rate; Workflow Stage: Copywriting","25% open rate, 10% conversion rate; Workflow Stage: Copywriting",Company: Tech Solutions; Target Audience: Business owners and decision-makers; Constraints: High competition;,Company: Tech Solutions; Target Audience: Business owners and decision-makers; Constraints: High competition;,"Create a 3-email sequence: ""The Future of Business"" series. Email 1: ""Unlock Your Business Potential"" ( introduction to Tech Solutions and its benefits); Email 2: ""Success Stories"" (case studies and testimonials); Email 3: ""Get Started"" ( demo invitation and special offer). Use a conversational tone, visually appealing templates, and A/B testing for subject lines and CTAs.",persuasive,0.3888,offer,0.31009960174560547,0.0923832356929779,0.05811512470245361,0.06350138038396835,0.40395885705947876,0.07194177061319351,1,persuasive,0.404,friendly,0.5531,persuasive,0.1211,friendly,1,1,friendly,0.6231,0.6667,three_method_majority,False
12,Generate social media posts for a new product launch in the fitness industry.,Company: FitZone; Target Audience: Fitness enthusiasts; Constraints: Short timeframe; Goals: Create buzz around the new product; Workflow Stage: Post Scheduling,Create buzz around the new product; Workflow Stage: Post Scheduling,Company: FitZone; Target Audience: Fitness enthusiasts; Constraints: Short timeframe;,Company: FitZone; Target Audience: Fitness enthusiasts; Constraints: Short timeframe;,"Schedule a series of 8 posts across Facebook, Instagram, Twitter, and LinkedIn. Post 1: Teaser (product sneak peek); Post 2-3: Product features and benefits; Post 4: Influencer partnership announcement; Post 5: Special launch offer; Post 6-7: Customer testimonials and reviews; Post 8: Exclusive promo code for followers. Use attention-grabbing visuals and relevant hashtags.",luxury,0.3192,exclusive,0.03793877735733986,0.05115441605448723,0.09912005811929703,0.058662138879299164,0.6457690596580505,0.10735553503036499,1,persuasive,0.6458,persuasive,0.3159,humorous,0.1783,professional,1,1,professional,0.6,0.3333,phi3_tiebreak,True
13,Create a social media campaign to increase brand awareness for a sustainable fashion brand among Gen Z consumers.,"Company: Verde Clothing, a new sustainable fashion brand; Target Audience: Gen Z (18-24 years old); Constraints: Limited budget ($5,000); Goals: Increase brand awareness by 30% in 6 weeks; Workflow Stage: Strategy.",Increase brand awareness by 30% in 6 weeks; Workflow Stage: Strategy.,"Company: Verde Clothing, a new sustainable fashion brand; Target Audience: Gen Z (18-24 years old); Constraints: Limited budget ($5,000);","Company: Verde Clothing, a new sustainable fashion brand; Target Audience: Gen Z (18-24 years old); Constraints: Limited budget ($5,000);","Launch a social media contest, ""Green Revolution,"" where followers share eco-friendly fashion tips using a branded hashtag. Collaborate with 5 eco-influencers to promote the contest. Allocate $2,000 for influencer partnerships, $1,500 for sponsored posts, and $1,500 for prize giveaways.",,0.0,,0.04614032059907913,0.1611448973417282,0.09797700494527817,0.04871825501322746,0.494175523519516,0.15184399485588074,1,persuasive,0.4942,professional,0.2265,humorous,0.2142,professional,1,1,professional,0.2965,1.0,three_method_majority,True
14,Develop a targeted ad campaign to promote a new AI-powered fitness app among fitness enthusiasts.,"Company: FitGenie, a new AI-powered fitness app; Target Audience: Fitness enthusiasts (25-45 years old); Constraints: Limited ad budget ($10,000); Goals: Acquire 10,000 new users in 3 months; Workflow Stage: Image Generation.","Acquire 10,000 new users in 3 months; Workflow Stage: Image Generation.","Company: FitGenie, a new AI-powered fitness app; Target Audience: Fitness enthusiasts (25-45 years old); Constraints: Limited ad budget ($10,000);","Company: FitGenie, a new AI-powered fitness app; Target Audience: Fitness enthusiasts (25-45 years old); Constraints: Limited ad budget ($10,000);","Create eye-catching ad visuals showcasing fit individuals using the app, with bold headlines emphasizing AI-driven personalized workouts. Allocate $3,000 for Facebook and Instagram ads, $2,000 for Google Ads, and $5,000 for influencer partnerships.",,0.0,,0.004294211510568857,0.04504105821251869,0.1361020803451538,0.010367796756327152,0.7514192461967468,0.05277566239237785,1,persuasive,0.7514,persuasive,0.4694,luxury,0.2723,persuasive,1,1,persuasive,0.5394,1.0,three_method_majority,True
15,Write engaging copy for an email newsletter promoting a new sustainable coffee subscription service.,"Company: GreenBrew, a sustainable coffee subscription service; Target Audience: Environmentally conscious coffee lovers (25-50 years old); Constraints: Limited email list (5,000 subscribers); Goals: Increase subscription sales by 20% in 2 months; Workflow Stage: Copywriting.",Increase subscription sales by 20% in 2 months; Workflow Stage: Copywriting.,"Company: GreenBrew, a sustainable coffee subscription service; Target Audience: Environmentally conscious coffee lovers (25-50 years old); Constraints: Limited email list (5,000 subscribers);","Company: GreenBrew, a sustainable coffee subscription service; Target Audience: Environmentally conscious coffee lovers (25-50 years old); Constraints: Limited email list (5,000 subscribers);","Craft a compelling newsletter highlighting the eco-friendly benefits of GreenBrew's sustainable coffee sourcing, featuring customer testimonials, and offering a limited-time discount (15% off) for new subscribers.",persuasive,0.6792,discount,0.020877212285995483,0.0930446982383728,0.08739616721868515,0.134873628616333,0.6128690242767334,0.05093924328684807,1,persuasive,0.6129,emotional,0.3268,persuasive,0.2742,persuasive,1,1,persuasive,0.7492,0.6667,three_method_majority,False
16,Schedule a series of Instagram posts promoting a new beauty product launch for a cosmetics company.,"Company: BeautyBliss, a cosmetics company; Target Audience: Beauty enthusiasts (18-40 years old); Constraints: Limited content creation budget ($2,000); Goals: Generate buzz around the new product launch; Workflow Stage: Post Scheduling.",Generate buzz around the new product launch; Workflow Stage: Post Scheduling.,"Company: BeautyBliss, a cosmetics company; Target Audience: Beauty enthusiasts (18-40 years old); Constraints: Limited content creation budget ($2,000);","Company: BeautyBliss, a cosmetics company; Target Audience: Beauty enthusiasts (18-40 years old); Constraints: Limited content creation budget ($2,000);","Schedule 6 Instagram posts over 2 weeks, featuring product teasers, behind-the-scenes content, and user-generated reviews. Utilize",,0.0,,0.09092621505260468,0.09079714864492416,0.15184929966926575,0.08907608687877655,0.27602118253707886,0.301330029964447,1,humorous,0.3013,humorous,0.3283,friendly,0.1736,persuasive,1,1,persuasive,0.6,0.5,phi3_tiebreak,True
17,Create a social media campaign to increase brand awareness among Gen Z for a sustainable fashion brand.,Company: GreenCycle Clothing; Target Audience: Gen Z (18-24); Constraints: Limited budget; Goals: Increase brand awareness by 20% in 6 weeks; Workflow Stage: Strategy.,Increase brand awareness by 20% in 6 weeks; Workflow Stage: Strategy.,Company: GreenCycle Clothing; Target Audience: Gen Z (18-24); Constraints: Limited budget;,Company: GreenCycle Clothing; Target Audience: Gen Z (18-24); Constraints: Limited budget;,"Develop a TikTok-focused campaign, leveraging hashtags like #Sustainability and #EcoFashion, with short, engaging videos showcasing the brand's eco-friendly production process and encouraging users to share their own sustainable fashion tips.",,0.0,,0.07888629287481308,0.03323764353990555,0.08780916035175323,0.0626974105834961,0.5142760872840881,0.22309337556362152,1,persuasive,0.5143,humorous,0.3061,persuasive,0.2078,friendly,1,1,friendly,0.6,0.5,phi3_tiebreak,True
18,Design an email marketing campaign to promote a new line of eco-friendly cleaning products.,Company: CleanStart; Target Audience: Environmentally conscious homeowners; Constraints: Limited email list; Goals: Boost sales by 15% in 3 months; Workflow Stage: Copywriting.,Boost sales by 15% in 3 months; Workflow Stage: Copywriting.,Company: CleanStart; Target Audience: Environmentally conscious homeowners; Constraints: Limited email list;,Company: CleanStart; Target Audience: Environmentally conscious homeowners; Constraints: Limited email list;,"Craft a compelling email series highlighting the benefits of eco-friendly cleaning, featuring customer testimonials, and offering a 10% discount on the new product line for subscribers, with a clear call-to-action to drive sales.",persuasive,0.6792,discount,0.0027867869939655066,0.019460683688521385,0.015846580266952515,0.020888131111860275,0.9310380220413208,0.009979717433452606,1,persuasive,0.931,persuasive,0.7686,emotional,0.0934,,0,0,persuasive,0.8284,1.0,rule_zero_shot_agreement,False
19,Develop a content marketing strategy for a B2B AI-powered cybersecurity firm.,Company: CyberShield; Target Audience: IT professionals; Constraints: Highly competitive market; Goals: Establish thought leadership and generate 50 new leads in 6 months; Workflow Stage: Strategy.,Establish thought leadership and generate 50 new leads in 6 months; Workflow Stage: Strategy.,Company: CyberShield; Target Audience: IT professionals; Constraints: Highly competitive market;,Company: CyberShield; Target Audience: IT professionals; Constraints: Highly competitive market;,"Create a comprehensive content hub featuring in-depth guides, webinars, and whitepapers on AI-powered cybersecurity, leveraging LinkedIn and Twitter to promote the content and engage with industry influencers.",professional,0.5875,industry,0.0644814744591713,0.22343041002750397,0.20106540620326996,0.06788362562656403,0.31586316227912903,0.12727594375610352,1,persuasive,0.3159,professional,0.2607,luxury,0.2221,professional,1,1,professional,0.5078,1.0,rule_zero_shot_agreement,True
20,Create a social media campaign to promote a new restaurant's grand opening.,Company: Bistro Bliss; Target Audience: Foodies and locals; Constraints: Limited budget; Goals: Attract 500 customers within the first month; Workflow Stage: Image Generation.,Attract 500 customers within the first month; Workflow Stage: Image Generation.,Company: Bistro Bliss; Target Audience: Foodies and locals; Constraints: Limited budget;,Company: Bistro Bliss; Target Audience: Foodies and locals; Constraints: Limited budget;,"Design a visually appealing Instagram campaign showcasing the restaurant's dishes, atmosphere, and behind-the-scenes moments, utilizing relevant hashtags and geotags to create buzz around the grand opening.",,0.0,,0.09862342476844788,0.034298598766326904,0.47794803977012634,0.03438806161284447,0.23104344308376312,0.1236983984708786,1,luxury,0.4779,luxury,0.4985,friendly,0.1911,persuasive,1,1,persuasive,0.6,0.5,phi3_tiebreak,True
21,Develop a targeted advertising campaign for a luxury watch brand.,Company: Timeless Watches; Target Audience: High-income individuals; Constraints: Limited ad budget; Goals: Drive 20 sales within 3 months; Workflow Stage: Post Scheduling.,Drive 20 sales within 3 months; Workflow Stage: Post Scheduling.,Company: Timeless Watches; Target Audience: High-income individuals; Constraints: Limited ad budget;,Company: Timeless Watches; Target Audience: High-income individuals; Constraints: Limited ad budget;,"Launch a targeted Google Ads and Facebook Ads campaign focusing on high-end lifestyle interests, with ad copy emphasizing the watches' exclusivity and craftsmanship, and scheduling ads to coincide with peak luxury",luxury,0.7708,luxury,0.0005001047975383699,0.02370467036962509,0.8782788515090942,0.005398457869887352,0.08216352015733719,0.00995432399213314,1,luxury,0.8783,luxury,0.9249,persuasive,0.027,,0,0,luxury,0.9556,1.0,rule_zero_shot_agreement,False
22,Create a social media campaign to increase brand awareness for a sustainable fashion brand among Gen Z.,"Company: Verde Fashion Target Audience: Gen Z (18-24 years old) Constraints: Limited budget ($1,000) Goals: Increase followers by 20% and engagement by 30% in 6 weeks Workflow Stage: Strategy",Increase followers by 20% and engagement by 30% in 6 weeks Workflow Stage: Strategy,"Company: Verde Fashion Target Audience: Gen Z (18-24 years old) Constraints: Limited budget ($1,000)","Company: Verde Fashion Target Audience: Gen Z (18-24 years old) Constraints: Limited budget ($1,000)","Launch a ""Sustainable Fashion Challenge"" on TikTok and Instagram, encouraging users to share their eco-friendly fashion choices using a branded hashtag. Partner with 5 eco-influencers to promote the challenge and create engaging content. Allocate $500 for influencer collaborations and $500 for paid social media ads.",,0.0,,0.07514093816280365,0.13907741010189056,0.08265186101198196,0.0857333093881607,0.4559761583805084,0.16142041981220245,1,persuasive,0.456,humorous,0.2068,professional,0.1775,persuasive,1,1,persuasive,0.6,0.5,phi3_tiebreak,True
23,Develop a personalized email marketing campaign to boost sales for a luxury car brand.,Company: Prestige Motors Target Audience: High-income individuals (40-60 years old) Constraints: Existing customer database Goals: Increase sales by 15% in 3 months Workflow Stage: Copywriting,Increase sales by 15% in 3 months Workflow Stage: Copywriting,Company: Prestige Motors Target Audience: High-income individuals (40-60 years old) Constraints: Existing customer database,Company: Prestige Motors Target Audience: High-income individuals (40-60 years old) Constraints: Existing customer database,"Create a ""Exclusive Offers"" email series, addressing customers by name and featuring personalized car recommendations based on their purchase history and preferences. Use AI-powered segmentation to categorize customers into three groups: ""High-End,"" ""Luxury,"" and ""Prestige."" Craft compelling subject lines and CTAs to drive conversions.",luxury,1.0,luxury|exclusive|prestige,0.012046546675264835,0.07330299913883209,0.1624862402677536,0.018787870183587074,0.7039152383804321,0.02946111001074314,1,persuasive,0.7039,persuasive,0.4032,luxury,0.2981,persuasive,1,1,persuasive,0.4732,0.6667,three_method_majority,True
24,Design a social media image campaign to promote a new vegan food product.,Company: GreenBite Target Audience: Health-conscious individuals (25-45 years old) Constraints: Limited design resources Goals: Increase brand awareness by 40% in 2 months Workflow Stage: Image Generation,Increase brand awareness by 40% in 2 months Workflow Stage: Image Generation,Company: GreenBite Target Audience: Health-conscious individuals (25-45 years old) Constraints: Limited design resources,Company: GreenBite Target Audience: Health-conscious individuals (25-45 years old) Constraints: Limited design resources,"Create a visually appealing image series showcasing the product's key ingredients, nutritional benefits, and eco-friendly packaging. Utilize a vibrant color palette and minimalist design to appeal to the target audience. Develop 10 unique images for Instagram, Facebook, and Twitter, using a mix of illustrations and high-quality product photos.",,0.0,,0.12780876457691193,0.09438571333885193,0.16404691338539124,0.061243537813425064,0.38614436984062195,0.1663707047700882,1,persuasive,0.3861,friendly,0.2633,humorous,0.1956,professional,1,1,professional,0.6,0.5,phi3_tiebreak,True
25,Develop a content calendar to increase website traffic for a financial services company.,Company: Prosperity Financial Target Audience: Small business owners (30-55 years old) Constraints: Limited content creation resources Goals: Increase website traffic by 25% in 4 months Workflow Stage: Post Scheduling,Increase website traffic by 25% in 4 months Workflow Stage: Post Scheduling,Company: Prosperity Financial Target Audience: Small business owners (30-55 years old) Constraints: Limited content creation resources,Company: Prosperity Financial Target Audience: Small business owners (30-55 years old) Constraints: Limited content creation resources,"Create a content calendar focusing on ""Financial Wellness"" topics, including blog posts, social media posts, and email newsletters. Schedule 2 blog posts per week,",,0.0,,0.1087626963853836,0.18853497505187988,0.17505688965320587,0.09415376931428909,0.27075618505477905,0.16273556649684906,1,persuasive,0.2708,friendly,0.2035,professional,0.2007,persuasive,1,1,persuasive,0.6,0.5,phi3_tiebreak,True
26,Create a social media campaign that increases brand awareness and drives sales for a new eco-friendly fashion brand.,"Company: GreenThreads, a sustainable fashion brand targeting millennials and Gen Z. Target Audience: Environmentally conscious fashion enthusiasts. Constraints: Limited budget, high competition in the sustainable fashion market. Goals: Increase brand awareness by 20% and drive sales by 15% within 6 months. Workflow Stage: Strategy, Content Creation, Post Scheduling.","Increase brand awareness by 20% and drive sales by 15% within 6 months. Workflow Stage: Strategy, Content Creation, Post Scheduling.","Company: GreenThreads, a sustainable fashion brand targeting millennials and Gen Z. Target Audience: Environmentally conscious fashion enthusiasts. Constraints: Limited budget, high competition in the sustainable fashion market.","Company: GreenThreads, a sustainable fashion brand targeting millennials and Gen Z. Target Audience: Environmentally conscious fashion enthusiasts. Constraints: Limited budget, high competition in the sustainable fashion market.","Develop a social media campaign, ""Wear Your Values,"" highlighting GreenThreads' commitment to sustainability. Utilize Instagram Reels and TikTok to showcase eco-friendly fashion tips and behind-the-scenes content. Collaborate with eco-influencers and user-generated content campaigns to increase brand reach. Allocate 30% of the budget to targeted ads on Facebook and Instagram, focusing on interests related to sustainability and fashion.",,0.0,,0.0683998316526413,0.15110893547534943,0.10685746371746063,0.10357345640659332,0.44360825419425964,0.12645205855369568,1,persuasive,0.4436,emotional,0.2082,professional,0.1898,professional,1,1,professional,0.6,0.5,phi3_tiebreak,True
27,Design an email marketing campaign to re-engage inactive subscribers for a B2B software company.,"Company: TechSolutions, a B2B software provider targeting small to medium-sized businesses. Target Audience: Inactive email subscribers. Constraints: High unsubscribe rates, limited content resources. Goals: Reactivate 25% of inactive subscribers within 3 months. Workflow Stage: Email List Segmentation, Content Creation, Email Scheduling.","Reactivate 25% of inactive subscribers within 3 months. Workflow Stage: Email List Segmentation, Content Creation, Email Scheduling.","Company: TechSolutions, a B2B software provider targeting small to medium-sized businesses. Target Audience: Inactive email subscribers. Constraints: High unsubscribe rates, limited content resources.","Company: TechSolutions, a B2B software provider targeting small to medium-sized businesses. Target Audience: Inactive email subscribers. Constraints: High unsubscribe rates, limited content resources.","Develop a ""Win-Back"" email campaign, featuring personalized content and exclusive offers. Segment the inactive subscriber list based on inactivity duration and tailor content to each group. Create a series of 3 emails: a re-introduction to TechSolutions, a showcase of new features, and a special promotion. Utilize AI-powered subject line optimization to increase open rates.",luxury,0.6792,exclusive,0.06950578838586807,0.18120722472667694,0.1502443253993988,0.06823281943798065,0.4040446877479553,0.12676511704921722,1,persuasive,0.404,professional,0.2261,luxury,0.1774,professional,1,1,professional,0.2961,0.6667,three_method_majority,True
28,Create a personalized video ad campaign for a luxury car brand targeting high-end consumers.,"Company: Luxe Motors, a luxury car brand targeting high-income individuals. Target Audience: Affluent car enthusiasts. Constraints: High ad spend, limited audience targeting options. Goals: Increase brand recall by 30% and drive test drive bookings by 25% within 2 months. Workflow Stage: Video Content Creation, Ad Targeting, Ad Scheduling.","Increase brand recall by 30% and drive test drive bookings by 25% within 2 months. Workflow Stage: Video Content Creation, Ad Targeting, Ad Scheduling.","Company: Luxe Motors, a luxury car brand targeting high-income individuals. Target Audience: Affluent car enthusiasts. Constraints: High ad spend, limited audience targeting options.","Company: Luxe Motors, a luxury car brand targeting high-income individuals. Target Audience: Affluent car enthusiasts. Constraints: High ad spend, limited audience targeting options.","Develop a ""Tailored Experience"" video ad campaign, utilizing AI-powered personalization to create unique ad experiences for each viewer. Partner with luxury lifestyle influencers to showcase Luxe Motors' vehicles in exclusive settings. Utilize YouTube's video targeting options to reach high-income viewers and allocate 40% of the budget to sponsored content",luxury,1.0,luxury|exclusive,0.056286294013261795,0.154276043176651,0.4099801480770111,0.05859910696744919,0.19728480279445648,0.12357360869646072,1,luxury,0.41,luxury,0.423,professional,0.1682,luxury,1,1,luxury,0.7826,1.0,rule_zero_shot_agreement,False
29,Create a social media campaign to increase brand awareness among young adults for a sustainable fashion brand.,"Company: GreenThreads, a sustainable fashion brand Target audience: Young adults aged 18-25 Constraints: Limited budget, high competition in the market Goals: Increase brand awareness, drive website traffic, and boost sales Workflow stage: Strategy","Increase brand awareness, drive website traffic, and boost sales Workflow stage: Strategy","Company: GreenThreads, a sustainable fashion brand Target audience: Young adults aged 18-25 Constraints: Limited budget, high competition in the market","Company: GreenThreads, a sustainable fashion brand Target audience: Young adults aged 18-25 Constraints: Limited budget, high competition in the market","Develop a social media campaign ""Eco-Chic Challenge"" that encourages users to share their sustainable fashion choices on Instagram and TikTok. Collaborate with eco-influencers and offer discounts to participants who use a branded hashtag. Utilize Instagram Reels and TikTok's Duet feature to create engaging content.",persuasive,0.6333,offer,0.06550674140453339,0.15486571192741394,0.11644771695137024,0.05836274102330208,0.4232853055000305,0.18153174221515656,1,persuasive,0.4233,humorous,0.2333,professional,0.1983,persuasive,1,1,persuasive,0.7033,0.6667,three_method_majority,False
30,Design an email marketing campaign to nurture leads for a B2B software company.,"Company: TechCorp, a B2B software company Target audience: Business owners and decision-makers Constraints: High competition, lengthy sales cycle Goals: Nurture leads, increase conversions, and reduce churn rate Workflow stage: Email sequence creation","Nurture leads, increase conversions, and reduce churn rate Workflow stage: Email sequence creation","Company: TechCorp, a B2B software company Target audience: Business owners and decision-makers Constraints: High competition, lengthy sales cycle","Company: TechCorp, a B2B software company Target audience: Business owners and decision-makers Constraints: High competition, lengthy sales cycle","Create a 5-email sequence ""Tech Insights"" that provides valuable industry insights, case studies, and product tutorials. Use personalization and segmentation to tailor content to each lead's interests and stage in the buyer's journey. Include clear CTAs and track engagement metrics to optimize the sequence.",professional,0.5137,industry|insights,0.0855388343334198,0.2114114761352539,0.19421644508838654,0.07146984338760376,0.3014536201953888,0.135909765958786,1,persuasive,0.3015,professional,0.2387,luxury,0.2076,professional,1,1,professional,0.4625,1.0,rule_zero_shot_agreement,True
31,Develop a content marketing strategy for a healthcare provider to establish thought leadership.,"Company: MedCare, a healthcare provider Target audience: Patients and healthcare professionals Constraints: Regulatory compliance, sensitive topic Goals: Establish thought leadership, increase website traffic, and build trust Workflow stage: Content creation","Establish thought leadership, increase website traffic, and build trust Workflow stage: Content creation","Company: MedCare, a healthcare provider Target audience: Patients and healthcare professionals Constraints: Regulatory compliance, sensitive topic","Company: MedCare, a healthcare provider Target audience: Patients and healthcare professionals Constraints: Regulatory compliance, sensitive topic","Launch a blog series ""Healthcare Insights"" that addresses industry trends, medical breakthroughs, and patient stories. Utilize SEO optimization and social media promotion to increase visibility. Collaborate with medical experts to create authoritative content and establish MedCare as a trusted resource.",professional,0.7708,industry|insights,0.04538949206471443,0.3404538333415985,0.10925351083278656,0.17472535371780396,0.22804918885231018,0.10212855041027069,1,professional,0.3405,professional,0.3498,emotional,0.2874,professional,1,1,professional,0.6392,1.0,rule_zero_shot_agreement,False
32,Create a paid advertising campaign to drive sales for an e-commerce company.,"Company: ShopSmart, an e-commerce company Target audience: Online shoppers Constraints: High competition, limited budget Goals: Drive sales, increase conversion rates, and reduce ad spend Workflow stage: Ad creation","Drive sales, increase conversion rates, and reduce ad spend Workflow stage: Ad creation","Company: ShopSmart, an e-commerce company Target audience: Online shoppers Constraints: High competition, limited budget","Company: ShopSmart, an e-commerce company Target audience: Online shoppers Constraints: High competition, limited budget","Develop a targeted Google Ads campaign ""Smart Deals"" that focuses on high-intent keywords and demographics. Utilize AI-powered ad optimization to ensure maximum ROI. Create eye-catching ad copy and visuals that highlight exclusive",luxury,0.6792,exclusive,0.04778874292969704,0.17707905173301697,0.2674546241760254,0.039700448513031006,0.3586013913154602,0.10937577486038208,1,persuasive,0.3586,luxury,0.319,professional,0.2231,persuasive,1,1,luxury,0.5811,0.6667,rule_zero_shot_agreement,True
33,Develop a social media campaign to increase brand awareness among young adults for a sustainable fashion brand.,"Company: Verde Clothing, a sustainable fashion brand targeting 18-30-year-olds. Workflow stage: Strategy. Constraints: Limited budget of $5,000. Goals: Increase followers by 20% and drive website traffic by 15% within 3 months.",Increase followers by 20% and drive website traffic by 15% within 3 months.,"Company: Verde Clothing, a sustainable fashion brand targeting 18-30-year-olds. Workflow stage: Strategy. Constraints: Limited budget of $5,000.","Company: Verde Clothing, a sustainable fashion brand targeting 18-30-year-olds. Workflow stage: Strategy. Constraints: Limited budget of $5,000.","Create a social media campaign, ""Wear Your Values,"" highlighting eco-friendly fashion practices. Utilize Instagram Reels, TikTok, and Facebook to share engaging content (influencer partnerships, behind-the-scenes, and user-generated content). Allocate $2,000 for influencer collaborations, $1,500 for content creation, and $1,500 for paid social media ads.",,0.0,,0.05803980305790901,0.1731894463300705,0.07893095910549164,0.07988819479942322,0.40603023767471313,0.20392140746116638,1,persuasive,0.406,humorous,0.255,professional,0.2158,persuasive,1,1,persuasive,0.6,0.5,phi3_tiebreak,True
34,Design an email marketing campaign to nurture leads for a B2B software company.,"Company: Proxima Software, a B2B software provider targeting small businesses. Workflow stage: Email Copywriting. Constraints: 3-email sequence, 200-word limit per email. Goals: Convert 20% of leads into demo requests within 6 weeks.",Convert 20% of leads into demo requests within 6 weeks.,"Company: Proxima Software, a B2B software provider targeting small businesses. Workflow stage: Email Copywriting. Constraints: 3-email sequence, 200-word limit per email.","Company: Proxima Software, a B2B software provider targeting small businesses. Workflow stage: Email Copywriting. Constraints: 3-email sequence, 200-word limit per email.","Craft a 3-email sequence focusing on pain points, success stories, and exclusive offers. Email 1: ""Unlock Efficiency"" highlighting a key pain point and Proxima's solution. Email 2: ""Real Results"" sharing a success story and testimonial. Email 3: ""Exclusive Demo Offer"" with a clear call-to-action and limited-time discount.",persuasive,0.6125,discount|offer,0.01666177436709404,0.06584164500236511,0.050639666616916656,0.09021347016096115,0.7359089851379395,0.0407344326376915,1,persuasive,0.7359,persuasive,0.3984,emotional,0.2646,persuasive,1,1,persuasive,0.5947,1.0,rule_zero_shot_agreement,True
35,Create a personalized video ad campaign for a luxury car brand targeting high-income individuals.,"Company: Aurum Automotive, a luxury car brand targeting individuals with a $200,000+ annual income. Workflow stage: Video Production. Constraints: 60-second ad limit. Goals: Drive 500 dealership visits within 2 months.",Drive 500 dealership visits within 2 months.,"Company: Aurum Automotive, a luxury car brand targeting individuals with a $200,000+ annual income. Workflow stage: Video Production. Constraints: 60-second ad limit.","Company: Aurum Automotive, a luxury car brand targeting individuals with a $200,000+ annual income. Workflow stage: Video Production. Constraints: 60-second ad limit.","Develop a 60-second video ad, ""Unparalleled Driving Experience,"" showcasing Aurum's sleek designs, advanced features, and exclusive benefits. Utilize AI-powered video personalization to incorporate individual names, interests, and preferences. Allocate $10,000 for video production and $5,000 for targeted online ads.",luxury,0.6792,exclusive,0.055840544402599335,0.16454045474529266,0.3112756609916687,0.060914598405361176,0.30403032898902893,0.10339835286140442,1,luxury,0.3113,luxury,0.3473,professional,0.1939,professional,1,1,luxury,0.5967,0.6667,rule_zero_shot_agreement,True
36,Create a social media campaign to increase brand awareness among young adults for a sustainable fashion brand.,"Company: GreenCycle Clothing Target Audience: 18-30-year-old environmentally conscious individuals Constraints: Limited budget ($5,000) Goals: 20% increase in followers, 15% increase in website traffic Workflow Stage: Strategy","20% increase in followers, 15% increase in website traffic Workflow Stage: Strategy","Company: GreenCycle Clothing Target Audience: 18-30-year-old environmentally conscious individuals Constraints: Limited budget ($5,000)","Company: GreenCycle Clothing Target Audience: 18-30-year-old environmentally conscious individuals Constraints: Limited budget ($5,000)","Develop a social media campaign focusing on Instagram and TikTok, utilizing eco-influencers, user-generated content, and interactive challenges that showcase GreenCycle's commitment to sustainability. Utilize relevant hashtags and collaborate with popular eco-friendly brands.",,0.0,,0.09833800047636032,0.11923818290233612,0.13327191770076752,0.09983959794044495,0.3777818977832794,0.17153044044971466,1,persuasive,0.3778,friendly,0.2006,humorous,0.1997,professional,1,1,professional,0.6,0.5,phi3_tiebreak,True
37,Design a personalized email campaign to promote a new product launch for a tech company.,"Company: NovaTech Target Audience: Existing customers and subscribers Constraints: 2-week timeframe Goals: 25% open rate, 10% conversion rate Workflow Stage: Copywriting","25% open rate, 10% conversion rate Workflow Stage: Copywriting",Company: NovaTech Target Audience: Existing customers and subscribers Constraints: 2-week timeframe,Company: NovaTech Target Audience: Existing customers and subscribers Constraints: 2-week timeframe,"Create a dynamic email template with AI-driven content recommendations based on customers' past purchases and browsing history. Offer exclusive early access to the new product, along with a limited-time discount. Use attention-grabbing subject lines and CTAs.",persuasive,0.6125,discount|offer,0.00876237079501152,0.01570492796599865,0.09268665313720703,0.009390714578330517,0.8089589476585388,0.06449636816978455,1,persuasive,0.809,persuasive,0.5462,luxury,0.2005,persuasive,1,1,persuasive,0.676,1.0,rule_zero_shot_agreement,False
38,Develop a comprehensive content calendar for a healthcare organization's blog.,"Company: MedCare Target Audience: Patients, caregivers, and healthcare professionals Constraints: 3-month timeframe Goals: 50% increase in blog traffic, 20% increase in engagement Workflow Stage: Post Scheduling","50% increase in blog traffic, 20% increase in engagement Workflow Stage: Post Scheduling","Company: MedCare Target Audience: Patients, caregivers, and healthcare professionals Constraints: 3-month timeframe","Company: MedCare Target Audience: Patients, caregivers, and healthcare professionals Constraints: 3-month timeframe","Create a content calendar focusing on trending healthcare topics, patient success stories, and expert insights. Utilize SEO keywords, meta descriptions, and optimize images. Schedule 2-3 posts per week, including guest posts from industry experts and patient testimonials.",professional,0.9083,industry|insights|expert,0.07050450891256332,0.21220633387565613,0.17787960171699524,0.17328202724456787,0.24530276656150818,0.12082476168870926,1,persuasive,0.2453,emotional,0.2843,professional,0.2175,professional,1,1,professional,0.96,0.6667,three_method_majority,False
39,Create a targeted Facebook ad campaign for a local event promotion.,"Company: EventBuzz Target Audience: 25-45-year-old event enthusiasts in a specific city Constraints: $1,500 budget Goals: 500 ticket sales, 20% increase in event page engagement Workflow Stage: Image Generation","500 ticket sales, 20% increase in event page engagement Workflow Stage: Image Generation","Company: EventBuzz Target Audience: 25-45-year-old event enthusiasts in a specific city Constraints: $1,500 budget","Company: EventBuzz Target Audience: 25-45-year-old event enthusiasts in a specific city Constraints: $1,500 budget","Design eye-catching ad creatives highlighting the event's unique features, performers, and experiences. Utilize Facebook's event targeting options, interests, and behaviors to reach the desired audience. Set up conversion tracking and optimize ads for ticket sales.",,0.0,,0.035209283232688904,0.11487815529108047,0.2257792353630066,0.055013664066791534,0.39929404854774475,0.16982555389404297,1,persuasive,0.3993,luxury,0.2786,humorous,0.2222,professional,1,1,professional,0.6,0.5,phi3_tiebreak,True
40,Create a social media campaign to increase brand awareness among Gen Z for a new sustainable fashion brand.,"Company: Verdi Clothing; Target Audience: Gen Z; Constraints: Limited budget; Goals: 20% increase in followers, 10% increase in sales; Workflow Stage: Strategy.","20% increase in followers, 10% increase in sales; Workflow Stage: Strategy.",Company: Verdi Clothing; Target Audience: Gen Z; Constraints: Limited budget;,Company: Verdi Clothing; Target Audience: Gen Z; Constraints: Limited budget;,"Launch a TikTok hashtag challenge, #VerdiVibes, where users showcase eco-friendly fashion choices. Collaborate with 5 eco-influencers to promote the brand. Utilize Instagram Reels and Snapchat for behind-the-scenes content. Allocate $1,000 for sponsored content.",,0.0,,0.060276180505752563,0.13050101697444916,0.07232272624969482,0.07697445154190063,0.48548367619514465,0.17444194853305817,1,persuasive,0.4855,humorous,0.2344,persuasive,0.1921,friendly,1,1,friendly,0.6,0.5,phi3_tiebreak,True
41,Develop a content marketing strategy for a B2B AI software company targeting CTOs and CEOs.,"Company: NovaTech; Target Audience: CTOs and CEOs; Constraints: Technical subject matter; Goals: 50% increase in website traffic, 20% increase in demos; Workflow Stage: Copywriting.","50% increase in website traffic, 20% increase in demos; Workflow Stage: Copywriting.",Company: NovaTech; Target Audience: CTOs and CEOs; Constraints: Technical subject matter;,Company: NovaTech; Target Audience: CTOs and CEOs; Constraints: Technical subject matter;,"Create a series of blog posts, ""AI for Business Leaders,"" exploring industry applications and thought leadership pieces. Host a webinar, ""Unlocking AI Potential,"" featuring expert panelists. Utilize LinkedIn Pulse for article publications and sponsored content.",professional,1.0,industry|webinar|business|expert,0.04979495704174042,0.2816360890865326,0.15815186500549316,0.059741225093603134,0.3227999210357666,0.1278759241104126,1,persuasive,0.3228,professional,0.336,luxury,0.1786,professional,1,1,professional,0.7348,1.0,rule_zero_shot_agreement,False
42,Design an email marketing campaign for a wellness and self-care e-commerce platform targeting busy professionals.,"Company: Serenity Box; Target Audience: Busy professionals; Constraints: High competition; Goals: 30% open rate, 15% conversion rate; Workflow Stage: Image Generation.","30% open rate, 15% conversion rate; Workflow Stage: Image Generation.",Company: Serenity Box; Target Audience: Busy professionals; Constraints: High competition;,Company: Serenity Box; Target Audience: Busy professionals; Constraints: High competition;,"Craft visually appealing emails featuring calming imagery and product showcases. Offer a ""Mindful Moment"" series with guided meditations and exclusive discounts. Use personalized subject lines and segmentation to increase engagement.",luxury,0.3192,exclusive,0.13264614343643188,0.037993282079696655,0.5683258175849915,0.051762279123067856,0.1825987845659256,0.026673704385757446,1,luxury,0.5683,luxury,0.553,friendly,0.2398,professional,1,1,luxury,0.5478,0.6667,rule_zero_shot_agreement,True
43,Create a social media crisis management plan for a food brand facing a recall.,"Company: HealthyBite; Target Audience: General public; Constraints: Sensitive topic; Goals: Maintain brand reputation, resolve issue efficiently; Workflow Stage: Post Scheduling.","Maintain brand reputation, resolve issue efficiently; Workflow Stage: Post Scheduling.",Company: HealthyBite; Target Audience: General public; Constraints: Sensitive topic;,Company: HealthyBite; Target Audience: General public; Constraints: Sensitive topic;,Establish a dedicated crisis Twitter handle for real-time updates. Share apology statements and recall information on Facebook and Instagram. Utilize Instagram Stories and Facebook Live for Q&A sessions with the CEO.,,0.0,,0.015130740590393543,0.08875112235546112,0.06825120747089386,0.07198778539896011,0.6726695895195007,0.0832095593214035,1,persuasive,0.6727,persuasive,0.3442,emotional,0.1996,professional,1,1,professional,0.6,0.5,phi3_tiebreak,True
44,Create a social media campaign to increase brand awareness for a new eco-friendly fashion brand.,"Company: Green Threads Target Audience: Young adults aged 18-30 Constraints: Limited budget of $1,000 Goals: Reach 10,000 followers within 3 months Workflow Stage: Strategy","Reach 10,000 followers within 3 months Workflow Stage: Strategy","Company: Green Threads Target Audience: Young adults aged 18-30 Constraints: Limited budget of $1,000","Company: Green Threads Target Audience: Young adults aged 18-30 Constraints: Limited budget of $1,000","Develop a campaign centered around Instagram Reels, utilizing hashtags like #EcoFashion and #Sustainability, and collaborating with micro-influencers in the eco-friendly niche. Allocate $300 for influencer partnerships, $200 for content creation, and $500 for paid advertising. Utilize Instagram's built-in features like polls and quizzes to engage the audience and encourage user-generated content.",,0.0,,0.07612160593271255,0.13631589710712433,0.10123828053474426,0.051936496049165726,0.4120856523513794,0.22230198979377747,1,persuasive,0.4121,humorous,0.281,professional,0.1717,professional,1,1,professional,0.6,0.5,phi3_tiebreak,True
45,Design a sales funnel for an AI-powered fitness app targeting busy professionals.,Company: FitGenie Target Audience: Working professionals aged 25-45 Constraints: Limited development resources Goals: Generate 500 paid subscribers within 6 months Workflow Stage: Image Generation,Generate 500 paid subscribers within 6 months Workflow Stage: Image Generation,Company: FitGenie Target Audience: Working professionals aged 25-45 Constraints: Limited development resources,Company: FitGenie Target Audience: Working professionals aged 25-45 Constraints: Limited development resources,"Create a 4-step sales funnel: 1. Awareness: Share engaging, AI-generated fitness tips on social media and LinkedIn. 2. Interest: Offer a free 7-day trial and a comprehensive e-book on ""Fitness for Busy Professionals."" 3. Desire: Share success stories and testimonials from existing users, highlighting the app's personalized AI-powered workouts. 4. Action: Offer a limited-time discount for new subscribers and a 30-day money-back guarantee.",persuasive,0.8992,discount|offer,0.02466815896332264,0.06723716855049133,0.04157640039920807,0.06648900359869003,0.7413510680198669,0.05867816135287285,1,persuasive,0.7414,persuasive,0.41,emotional,0.1992,persuasive,1,1,persuasive,0.7301,1.0,rule_zero_shot_agreement,False
46,Craft a compelling product description for a smart home security system.,Company: SafeHaven Target Audience: Homeowners aged 30-60 Constraints: High competition in the market Goals: Increase sales by 20% within the next quarter Workflow Stage: Copywriting,Increase sales by 20% within the next quarter Workflow Stage: Copywriting,Company: SafeHaven Target Audience: Homeowners aged 30-60 Constraints: High competition in the market,Company: SafeHaven Target Audience: Homeowners aged 30-60 Constraints: High competition in the market,"Introducing SafeHaven - the intelligent home security system that protects what matters most. With advanced AI-powered threat detection and real-time alerts, you can enjoy peace of mind knowing your home and loved ones are safe. Experience the power of smart security with our user-friendly app and customizable alerts. Upgrade to SafeHaven today and take the first step towards a safer tomorrow.",persuasive,0.5417,today,0.05630863457918167,0.11153145879507065,0.10796994715929031,0.12389561533927917,0.47198885679244995,0.12830550968647003,1,persuasive,0.472,emotional,0.2545,persuasive,0.179,professional,1,1,professional,0.6,0.3333,phi3_tiebreak,True
47,Create a social media campaign to launch a new eco-friendly fashion brand targeting Gen Z consumers.,"Company: GreenThreads; Target Audience: 18-25-year-old environmentally conscious fashion enthusiasts; Constraints: Limited budget, need to leverage user-generated content; Goals: Increase brand awareness, drive website traffic, and generate sales; Workflow Stage: Strategy Development.","Increase brand awareness, drive website traffic, and generate sales; Workflow Stage: Strategy Development.","Company: GreenThreads; Target Audience: 18-25-year-old environmentally conscious fashion enthusiasts; Constraints: Limited budget, need to leverage user-generated content;","Company: GreenThreads; Target Audience: 18-25-year-old environmentally conscious fashion enthusiasts; Constraints: Limited budget, need to leverage user-generated content;","Develop an Instagram-focused campaign, ""Wear Your Values,"" encouraging users to share photos wearing GreenThreads clothing, using a branded hashtag, and tagging @GreenThreads. Partner with eco-influencers for initial content creation and utilize Instagram's shopping feature for seamless purchase experiences. Allocate budget for targeted ads highlighting the brand's sustainability initiatives.",,0.0,,0.04736999794840813,0.12954585254192352,0.05997934564948082,0.07195955514907837,0.5857163667678833,0.10542885959148407,1,persuasive,0.5857,persuasive,0.2608,professional,0.1952,professional,1,1,professional,0.6,0.5,phi3_tiebreak,True
48,Design an email marketing strategy for a B2B software company to nurture leads and promote a new AI-powered tool.,"Company: TechSolutions; Target Audience: IT professionals and business decision-makers; Constraints: Highly competitive market, need to showcase tool's unique value proposition; Goals: Educate leads about the tool's capabilities, schedule demos, and drive sales; Workflow Stage: Email Campaign Development.","Educate leads about the tool's capabilities, schedule demos, and drive sales; Workflow Stage: Email Campaign Development.","Company: TechSolutions; Target Audience: IT professionals and business decision-makers; Constraints: Highly competitive market, need to showcase tool's unique value proposition;","Company: TechSolutions; Target Audience: IT professionals and business decision-makers; Constraints: Highly competitive market, need to showcase tool's unique value proposition;","Create a 3-email sequence: ""Unlock the Power of AI."" Email 1 introduces the tool's key features; Email 2 shares a case study highlighting a successful implementation; Email 3 invites leads to schedule a personalized demo. Utilize dynamic content to tailor the sequence based on lead engagement and interest. Include a clear call-to-action (CTA) in each email, directing leads to a dedicated landing page.",professional,0.6792,case study,0.03060569241642952,0.07325296103954315,0.07272317260503769,0.035529762506484985,0.7385990023612976,0.049289360642433167,1,persuasive,0.7386,persuasive,0.4193,professional,0.1407,professional,1,1,professional,0.7492,0.6667,three_method_majority,False
49,Develop a content marketing strategy for a wellness and fitness app to attract new users and retain existing ones.,"Company: FitLife; Target Audience: Health-conscious individuals aged 25-45; Constraints: High competition in the wellness space, need to offer unique perspectives; Goals: Increase app downloads, boost user engagement, and reduce churn rate; Workflow Stage: Content Creation.","Increase app downloads, boost user engagement, and reduce churn rate; Workflow Stage: Content Creation.","Company: FitLife; Target Audience: Health-conscious individuals aged 25-45; Constraints: High competition in the wellness space, need to offer unique perspectives;","Company: FitLife; Target Audience: Health-conscious individuals aged 25-45; Constraints: High competition in the wellness space, need to offer unique perspectives;","Launch ""The FitLife Journal,"" a blog focusing on holistic wellness, mindfulness, and personalized fitness advice. Collaborate with experts to produce in-depth guides, videos, and podcasts. Share user success stories and feature a ""Workout of the Month"" series. Utilize SEO best practices to improve visibility and drive organic traffic to the app's website.",,0.0,,0.04868684336543083,0.17163579165935516,0.10297828167676926,0.17992238700389862,0.3837719261646271,0.11300472170114517,1,persuasive,0.3838,emotional,0.3312,professional,0.1974,professional,1,1,professional,0.6,0.5,phi3_tiebreak,True
50,Create a social media campaign to promote a new eco-friendly product line.,"Company: GreenCycle, a sustainable products company. Target Audience: Environmentally conscious millennials. Constraints: Limited budget, high competition. Goals: Increase brand awareness, drive sales. Workflow Stage: Strategy.","Increase brand awareness, drive sales. Workflow Stage: Strategy.","Company: GreenCycle, a sustainable products company. Target Audience: Environmentally conscious millennials. Constraints: Limited budget, high competition.","Company: GreenCycle, a sustainable products company. Target Audience: Environmentally conscious millennials. Constraints: Limited budget, high competition.","Develop a social media campaign, ""EcoChallenge,"" encouraging users to share their eco-friendly habits and tag GreenCycle. Utilize Instagram Reels, TikTok, and Twitter to reach the target audience. Collaborate with eco-influencers for sponsored content. Offer a discount code for users who participate and share their own eco-challenges.",persuasive,0.8625,discount|offer,0.06065775826573372,0.12153982371091843,0.13949471712112427,0.0583467110991478,0.4733754098415375,0.14658555388450623,1,persuasive,0.4734,humorous,0.1986,persuasive,0.1889,persuasive,1,1,persuasive,0.9325,0.6667,three_method_majority,False
51,Design a personalized email marketing campaign for a luxury fashion brand.,"Company: Haute Couture, a high-end fashion brand. Target Audience: High-income individuals, fashion enthusiasts. Constraints: Exclusive brand image, limited promotions. Goals: Increase sales, enhance customer loyalty. Workflow Stage: Copywriting.","Increase sales, enhance customer loyalty. Workflow Stage: Copywriting.","Company: Haute Couture, a high-end fashion brand. Target Audience: High-income individuals, fashion enthusiasts. Constraints: Exclusive brand image, limited promotions.","Company: Haute Couture, a high-end fashion brand. Target Audience: High-income individuals, fashion enthusiasts. Constraints: Exclusive brand image, limited promotions.","Create a personalized email campaign, ""Fashion Insider,"" offering exclusive access to new collections, early sales, and personalized styling advice. Use AI-powered segmentation to tailor content based on purchase history, browsing behavior, and demographic data. Include high-quality visuals and a loyalty rewards program to enhance engagement.",luxury,0.6792,exclusive,0.07394980639219284,0.15714888274669647,0.22152522206306458,0.04859573766589165,0.3931519687175751,0.1056283563375473,1,persuasive,0.3932,luxury,0.2632,professional,0.1972,professional,1,1,luxury,0.5504,0.6667,rule_zero_shot_agreement,True
52,Develop a content marketing strategy for a B2B software company.,"Company: TechSolutions, a B2B software provider. Target Audience: Business owners, IT professionals. Constraints: Technical subject matter, limited brand awareness. Goals: Establish thought leadership, generate leads. Workflow Stage: Image Generation.","Establish thought leadership, generate leads. Workflow Stage: Image Generation.","Company: TechSolutions, a B2B software provider. Target Audience: Business owners, IT professionals. Constraints: Technical subject matter, limited brand awareness.","Company: TechSolutions, a B2B software provider. Target Audience: Business owners, IT professionals. Constraints: Technical subject matter, limited brand awareness.","Create a content marketing strategy, ""Tech Insights,"" focusing on informative blog posts, infographics, and webinars. Utilize AI-generated visuals to explain complex technical concepts. Host webinars on industry trends and thought leadership topics. Offer downloadable resources, such as eBooks and whitepapers, to capture leads.",professional,0.7283,industry|strategy|insights,0.07491668313741684,0.2206735759973526,0.1878582388162613,0.0385078489780426,0.34608352184295654,0.13196006417274475,1,persuasive,0.3461,professional,0.267,luxury,0.2151,professional,1,1,professional,0.5746,1.0,rule_zero_shot_agreement,True
53,Launch a social media contest to promote a new food product.,"Company: Delish Foods, a food manufacturing company. Target Audience: Foodies, families. Constraints: Limited budget, high competition. Goals: Increase brand awareness, drive sales. Workflow Stage: Post_exempt Scheduling.","Increase brand awareness, drive sales. Workflow Stage: Post_exempt Scheduling.","Company: Delish Foods, a food manufacturing company. Target Audience: Foodies, families. Constraints: Limited budget, high competition.","Company: Delish Foods, a food manufacturing company. Target Audience: Foodies, families. Constraints: Limited budget, high competition.","Host a social media contest, ""Delish Duel,"" where users can share their favorite recipes using Delish Foods products. Utilize Instagram, Facebook, and Twitter to reach the target audience. Encourage users to vote for their favorite recipes and offer a grand",persuasive,0.6333,offer,0.06816406548023224,0.13924455642700195,0.15035198628902435,0.06619682908058167,0.3746671974658966,0.20137540996074677,1,persuasive,0.3747,humorous,0.2464,luxury,0.1735,friendly,1,1,friendly,0.6,0.3333,phi3_tiebreak,True
54,Create a social media campaign to increase brand awareness for a sustainable fashion brand among Gen Z consumers.,"Company: GreenThreads, a fashion brand using recycled materials. Target Audience: Gen Z (18-24 years old), environmentally conscious. Constraints: Limited budget for influencer partnerships. Goals: Increase brand awareness by 20%, drive website traffic by 15%. Workflow Stage: Strategy.","Increase brand awareness by 20%, drive website traffic by 15%. Workflow Stage: Strategy.","Company: GreenThreads, a fashion brand using recycled materials. Target Audience: Gen Z (18-24 years old), environmentally conscious. Constraints: Limited budget for influencer partnerships.","Company: GreenThreads, a fashion brand using recycled materials. Target Audience: Gen Z (18-24 years old), environmentally conscious. Constraints: Limited budget for influencer partnerships.","Launch a social media contest, ""Eco-Chic Challenge,"" where followers share their own sustainable fashion tips and tricks using a branded hashtag. Partner with micro-influencers and eco-conscious content creators to amplify the message. Utilize Instagram Reels and TikTok for engaging, short-form content.",,0.0,,0.04871966317296028,0.055923204869031906,0.08192155510187149,0.043418701738119125,0.6040218472480774,0.1659950315952301,1,persuasive,0.604,persuasive,0.2817,humorous,0.2629,friendly,1,1,friendly,0.6,0.5,phi3_tiebreak,True
55,Develop a content marketing strategy to position a new AI-powered fitness app as a leader in the industry.,"Company: FitGenie, an AI-driven fitness app offering personalized workout plans. Target Audience: Fitness enthusiasts and individuals seeking personalized wellness solutions. Constraints: Highly competitive market, limited brand recognition. Goals: Establish thought leadership, drive app downloads. Workflow Stage: Content Creation.","Establish thought leadership, drive app downloads. Workflow Stage: Content Creation.","Company: FitGenie, an AI-driven fitness app offering personalized workout plans. Target Audience: Fitness enthusiasts and individuals seeking personalized wellness solutions. Constraints: Highly competitive market, limited brand recognition.","Company: FitGenie, an AI-driven fitness app offering personalized workout plans. Target Audience: Fitness enthusiasts and individuals seeking personalized wellness solutions. Constraints: Highly competitive market, limited brand recognition.","Create a blog series, ""Future of Fitness,"" exploring AI's impact on the industry. Host webinars and workshops on AI-driven fitness trends, featuring expert guest speakers. Utilize SEO-optimized content to improve search engine rankings.",professional,0.725,industry|expert,0.0437195748090744,0.2931283712387085,0.16913673281669617,0.024859584867954254,0.34710830450057983,0.12204739451408386,1,persuasive,0.3471,professional,0.3687,luxury,0.2014,professional,1,1,professional,0.629,1.0,rule_zero_shot_agreement,False
56,Design a targeted email marketing campaign to re-engage inactive customers for a luxury travel company.,"Company: LuxeGetaways, a high-end travel agency. Target Audience: Inactive customers who haven't booked a trip in the past year. Constraints: Limited budget for incentives. Goals: Reactivate 20% of inactive customers, increase bookings by 10%. Workflow Stage: Email Copywriting.","Reactivate 20% of inactive customers, increase bookings by 10%. Workflow Stage: Email Copywriting.","Company: LuxeGetaways, a high-end travel agency. Target Audience: Inactive customers who haven't booked a trip in the past year. Constraints: Limited budget for incentives.","Company: LuxeGetaways, a high-end travel agency. Target Audience: Inactive customers who haven't booked a trip in the past year. Constraints: Limited budget for incentives.","Send personalized, visually stunning emails highlighting new, exclusive destinations and experiences. Offer a limited-time discount or complimentary upgrade to re-engage customers. Use data-driven segmentation to tailor content and offers to individual preferences.",persuasive,0.6125,discount|offer,0.012533217668533325,0.022577179595828056,0.6847928762435913,0.015960853546857834,0.23022276163101196,0.03391304984688759,1,luxury,0.6848,luxury,0.7901,persuasive,0.0829,professional,1,1,luxury,0.7901,0.3333,high_confidence_zero_shot,True
57,Develop a comprehensive influencer marketing strategy for a new line of eco-friendly home cleaning products.,"Company: GreenClean, a sustainable home cleaning products brand. Target Audience: Environmentally conscious homeowners. Constraints: Limited budget for influencer fees. Goals: Increase brand awareness by 25%, drive sales by 15%. Workflow Stage: Influencer Research.","Increase brand awareness by 25%, drive sales by 15%. Workflow Stage: Influencer Research.","Company: GreenClean, a sustainable home cleaning products brand. Target Audience: Environmentally conscious homeowners. Constraints: Limited budget for influencer fees.","Company: GreenClean, a sustainable home cleaning products brand. Target Audience: Environmentally conscious homeowners. Constraints: Limited budget for influencer fees.",Partner with eco-conscious lifestyle influencers and mommy bloggers for product reviews and tutorials. Utilize micro-influencers and user-generated content campaigns to amplify reach,,0.0,,0.10909943282604218,0.10222847759723663,0.11594633758068085,0.09323663264513016,0.3776966631412506,0.20179244875907898,1,persuasive,0.3777,humorous,0.2335,friendly,0.2212,friendly,1,1,friendly,0.6,0.5,phi3_tiebreak,True
58,Develop a social media strategy to increase brand awareness for a sustainable fashion brand.,"Company: EcoChic; Target Audience: Environmentally conscious fashionistas aged 18-35; Constraints: Limited budget ($1,000/month); Goals: Increase followers by 20% in 3 months; Workflow Stage: Strategy.",Increase followers by 20% in 3 months; Workflow Stage: Strategy.,"Company: EcoChic; Target Audience: Environmentally conscious fashionistas aged 18-35; Constraints: Limited budget ($1,000/month);","Company: EcoChic; Target Audience: Environmentally conscious fashionistas aged 18-35; Constraints: Limited budget ($1,000/month);","Create a social media calendar highlighting eco-friendly fashion tips, behind-the-scenes content, and user-generated content (UGC) campaigns. Partner with eco-influencers for sponsored content and utilize Instagram Reels and TikTok for engaging, bite-sized content. Allocate $300/month for influencer partnerships, $200/month for content creation, and $500/month for paid social media ads.",,0.0,,0.0847368836402893,0.1224222257733345,0.11509130150079727,0.07582344859838486,0.3729216158390045,0.22900450229644775,1,persuasive,0.3729,humorous,0.273,friendly,0.177,professional,1,1,professional,0.6,0.5,phi3_tiebreak,True
59,Design an image generation campaign for a new plant-based milk alternative.,Company: GreenMilk; Target Audience: Health-conscious consumers aged 25-45; Constraints: Limited brand recognition; Goals: Create engaging visuals showcasing the product's benefits; Workflow Stage: Image Generation.,Create engaging visuals showcasing the product's benefits; Workflow Stage: Image Generation.,Company: GreenMilk; Target Audience: Health-conscious consumers aged 25-45; Constraints: Limited brand recognition;,Company: GreenMilk; Target Audience: Health-conscious consumers aged 25-45; Constraints: Limited brand recognition;,"Create a series of vibrant, natural images highlighting the product's eco-friendly packaging, nutritional benefits, and versatility in recipes. Utilize a pastel color palette and incorporate natural elements like plants and flowers. Develop a custom illustration style to differentiate the brand and create engaging social media content.",,0.0,,0.1715560257434845,0.06875691562891006,0.1059505045413971,0.06358607858419418,0.45394423604011536,0.1362062692642212,1,persuasive,0.4539,friendly,0.3577,humorous,0.1621,friendly,1,1,friendly,0.4277,1.0,three_method_majority,True
60,Write compelling copy for a fundraising campaign supporting education for underprivileged children.,"Company: EduCare; Target Audience: Philanthropic individuals and organizations; Constraints: Limited resources; Goals: Raise $10,000 in 2 months; Workflow Stage: Copywriting.","Raise $10,000 in 2 months; Workflow Stage: Copywriting.",Company: EduCare; Target Audience: Philanthropic individuals and organizations; Constraints: Limited resources;,Company: EduCare; Target Audience: Philanthropic individuals and organizations; Constraints: Limited resources;,"Craft a heartfelt narrative highlighting the impact of education on underprivileged children's lives. Emphasize the organization's mission, success stories, and the specific use of donated funds. Utilize social proof, such as testimonials and statistics, to build credibility. Create a sense of urgency with a limited-time matching gift offer.",emotional,0.5137,heartfelt,0.0038946238346397877,0.0023753622081130743,0.004994597751647234,0.5061666369438171,0.47990158200263977,0.0026671751402318478,1,emotional,0.5062,emotional,0.8364,persuasive,0.1464,,0,0,emotional,0.7912,1.0,rule_zero_shot_agreement,False
61,Develop a post-scheduling strategy for a B2B software company's LinkedIn page.,Company: TechSolutions; Target Audience: Business owners and IT professionals; Constraints: Limited content creation resources; Goals: Increase engagement by 30% in 6 weeks; Workflow Stage: Post Scheduling.,Increase engagement by 30% in 6 weeks; Workflow Stage: Post Scheduling.,Company: TechSolutions; Target Audience: Business owners and IT professionals; Constraints: Limited content creation resources;,Company: TechSolutions; Target Audience: Business owners and IT professionals; Constraints: Limited content creation resources;,"Create a content calendar focusing on industry insights, thought leadership pieces, and customer success stories. Schedule 3 posts per week, including 1 video, 1",professional,0.7708,industry|insights,0.07797377556562424,0.22936293482780457,0.17131376266479492,0.15033823251724243,0.24379974603652954,0.12721151113510132,1,persuasive,0.2438,emotional,0.2484,professional,0.2367,professional,1,1,professional,0.8408,0.6667,three_method_majority,False
62,Create a social media campaign to increase brand awareness among young adults for a sustainable fashion brand.,"Company: GreenThreads, a fashion brand offering eco-friendly clothing made from recycled materials. Target audience: Young adults aged 18-25 who prioritize sustainability. Constraints: Limited budget of $5,000. Goals: Increase brand awareness by 30% and drive website traffic by 20% within 6 weeks. Workflow stage: Strategy.",Increase brand awareness by 30% and drive website traffic by 20% within 6 weeks. Workflow stage: Strategy.,"Company: GreenThreads, a fashion brand offering eco-friendly clothing made from recycled materials. Target audience: Young adults aged 18-25 who prioritize sustainability. Constraints: Limited budget of $5,000.","Company: GreenThreads, a fashion brand offering eco-friendly clothing made from recycled materials. Target audience: Young adults aged 18-25 who prioritize sustainability. Constraints: Limited budget of $5,000.","Launch a social media contest, ""Eco-Chic Challenge,"" where followers share their own sustainable fashion tips and tricks using a branded hashtag. Partner with 3 eco-influencers to promote the contest and create engaging content. Allocate $2,000 for influencer fees, $1,500 for paid social media ads, and $1,500 for contest prizes. Utilize Instagram Reels and TikTok for maximum reach.",,0.0,,0.06501084566116333,0.13833744823932648,0.13464847207069397,0.054855335503816605,0.44542065262794495,0.16172729432582855,1,persuasive,0.4454,humorous,0.213,professional,0.1816,professional,1,1,professional,0.6,0.5,phi3_tiebreak,True
63,Develop an email marketing campaign to nurture leads for a B2B software company.,"Company: TechCorp, a B2B software provider for marketing automation. Target audience: Marketing professionals and business owners. Constraints: Email list of 10,000 subscribers. Goals: Increase lead conversions by 25% and boost sales by 15% within 3 months. Workflow stage: Copywriting.",Increase lead conversions by 25% and boost sales by 15% within 3 months. Workflow stage: Copywriting.,"Company: TechCorp, a B2B software provider for marketing automation. Target audience: Marketing professionals and business owners. Constraints: Email list of 10,000 subscribers.","Company: TechCorp, a B2B software provider for marketing automation. Target audience: Marketing professionals and business owners. Constraints: Email list of 10,000 subscribers.","Create a 3-email nurture campaign, ""Marketing Mastery,"" offering valuable content, such as eBooks, webinars, and case studies, to educate and engage leads. Use AI-powered personalization to tailor content based on subscriber interests and behaviors. Use attention-grabbing subject lines and CTAs to drive conversions.",,0.0,,0.03249860182404518,0.05099986866116524,0.06449686735868454,0.025907037779688835,0.7752050757408142,0.05089250206947327,1,persuasive,0.7752,persuasive,0.4667,luxury,0.1244,professional,1,1,professional,0.6,0.5,phi3_tiebreak,True
64,Design an Instagram ad campaign to drive sales for an e-commerce beauty brand.,"Company: BeautyBuzz, an e-commerce beauty brand offering cruelty-free cosmetics. Target audience: Women aged 25-45 interested in beauty and skincare. Constraints: Budget of $3,000. Goals: Increase sales by 20% and drive website traffic by 30% within 2 months. Workflow stage: Image generation.",Increase sales by 20% and drive website traffic by 30% within 2 months. Workflow stage: Image generation.,"Company: BeautyBuzz, an e-commerce beauty brand offering cruelty-free cosmetics. Target audience: Women aged 25-45 interested in beauty and skincare. Constraints: Budget of $3,000.","Company: BeautyBuzz, an e-commerce beauty brand offering cruelty-free cosmetics. Target audience: Women aged 25-45 interested in beauty and skincare. Constraints: Budget of $3,000.","Create eye-catching Instagram ads featuring lifestyle images of beautiful, empowered women, highlighting key product benefits and features. Utilize Instagram Shopping and ""swipe-up"" links to drive traffic and sales. Allocate $1,500 for ad spend and $1,500 for influencer partnerships.",,0.0,,0.05191725119948387,0.08437774330377579,0.22915983200073242,0.05644354596734047,0.4713767468929291,0.10672488808631897,1,persuasive,0.4714,luxury,0.2974,persuasive,0.191,persuasive,1,1,persuasive,0.6,0.5,phi3_tiebreak,True
65,Develop a social media strategy for a sustainable fashion brand to increase brand awareness among Gen Z consumers.,"Company: Green Threads Target Audience: Gen Z fashion enthusiasts Constraints: Limited budget, high competition Goals: Increase brand awareness by 20% in 3 months Workflow Stage: Strategy",Increase brand awareness by 20% in 3 months Workflow Stage: Strategy,"Company: Green Threads Target Audience: Gen Z fashion enthusiasts Constraints: Limited budget, high competition","Company: Green Threads Target Audience: Gen Z fashion enthusiasts Constraints: Limited budget, high competition","Create a social media campaign focusing on Instagram Reels and TikTok, highlighting eco-friendly production processes, and featuring user-generated content showcasing customers' sustainable fashion choices. Collaborate with micro-influencers and utilize relevant hashtags to amplify reach.",,0.0,,0.08728358894586563,0.09426335245370865,0.10790117084980011,0.0713333860039711,0.4364876449108124,0.20273087918758392,1,persuasive,0.4365,humorous,0.2554,friendly,0.1927,professional,1,1,professional,0.6,0.5,phi3_tiebreak,True
66,Design an email marketing campaign to promote a new AI-powered fitness app among middle-aged professionals.,"Company: FitGenie Target Audience: Middle-aged professionals Constraints: High competition, need for compelling visuals Goals: Achieve a 30% open rate and 20% conversion rate Workflow Stage: Image Generation",Achieve a 30% open rate and 20% conversion rate Workflow Stage: Image Generation,"Company: FitGenie Target Audience: Middle-aged professionals Constraints: High competition, need for compelling visuals","Company: FitGenie Target Audience: Middle-aged professionals Constraints: High competition, need for compelling visuals",Create eye-catching email templates featuring images of people in the target age group achieving fitness milestones. Use AI-generated graphics to illustrate workout routines and offer personalized fitness plans. Include a 14-day free trial offer to encourage sign-ups.,persuasive,0.6333,offer,0.03740370273590088,0.07884174585342407,0.1511445790529251,0.025264902040362358,0.5704401731491089,0.13690489530563354,1,persuasive,0.5704,persuasive,0.2659,luxury,0.2256,persuasive,1,1,persuasive,0.5312,1.0,rule_zero_shot_agreement,True
67,Write a compelling product description for a new line of eco-friendly cleaning products targeting environmentally conscious consumers.,Company: GreenClean Target Audience: Environmentally conscious consumers Constraints: Need to emphasize eco-friendliness without sacrificing effectiveness Goals: Increase sales by 25% in the first quarter Workflow Stage: Copywriting,Increase sales by 25% in the first quarter Workflow Stage: Copywriting,Company: GreenClean Target Audience: Environmentally conscious consumers Constraints: Need to emphasize eco-friendliness without sacrificing effectiveness,Company: GreenClean Target Audience: Environmentally conscious consumers Constraints: Need to emphasize eco-friendliness without sacrificing effectiveness,"Emphasize the plant-based ingredients, biodegradable packaging, and cruelty-free testing of the products. Use language that highlights the effectiveness of the products while also conveying the brand's commitment to sustainability. Include customer testimonials and eco-label certifications.",,0.0,,0.07712460309267044,0.3532876968383789,0.08986230194568634,0.09896721690893173,0.33490249514579773,0.04585571587085724,1,professional,0.3533,professional,0.4027,emotional,0.1806,professional,1,1,professional,0.4727,1.0,three_method_majority,True
68,Develop a content calendar for a mental health awareness campaign targeting young adults.,"Company: Mindful Minds Target Audience: Young adults Constraints: Sensitive topic, need for engaging content Goals: Increase engagement by 50% in 6 weeks Workflow Stage: Post Scheduling",Increase engagement by 50% in 6 weeks Workflow Stage: Post Scheduling,"Company: Mindful Minds Target Audience: Young adults Constraints: Sensitive topic, need for engaging content","Company: Mindful Minds Target Audience: Young adults Constraints: Sensitive topic, need for engaging content","Create a content calendar featuring weekly themes, such as stress management, self-care, and mindfulness. Share personal stories, expert advice, and engaging visuals, including infographics and illustrations. Utilize Instagram Stories and Facebook Live for interactive content, and schedule posts to coincide with relevant awareness days and hashtags.",professional,0.1375,expert,0.07710829377174377,0.06863141804933548,0.1094592735171318,0.4399664103984833,0.179825559258461,0.12500904500484467,1,emotional,0.44,emotional,0.5915,friendly,0.1139,friendly,1,1,friendly,0.6,0.3333,phi3_tiebreak,True
69,Create a social media campaign to increase brand awareness for a new eco-friendly fashion brand.,"Company: GreenStyle, a sustainable clothing brand targeting young adults aged 18-30. Target Audience: Environmentally conscious fashion enthusiasts. Constraints: Limited budget of $1,000. Goals: Reach 10,000 followers on Instagram within 3 months. Workflow Stage: Strategy.","Reach 10,000 followers on Instagram within 3 months. Workflow Stage: Strategy.","Company: GreenStyle, a sustainable clothing brand targeting young adults aged 18-30. Target Audience: Environmentally conscious fashion enthusiasts. Constraints: Limited budget of $1,000.","Company: GreenStyle, a sustainable clothing brand targeting young adults aged 18-30. Target Audience: Environmentally conscious fashion enthusiasts. Constraints: Limited budget of $1,000.","Develop a social media strategy focusing on Instagram Reels and TikTok, showcasing the brand's sustainable production process, featuring eco-influencers, and utilizing relevant hashtags. Collaborate with micro-influencers for sponsored content, and run targeted ads to increase brand visibility.",professional,0.5875,strategy,0.06545378267765045,0.19282884895801544,0.10610128939151764,0.061183854937553406,0.43034762144088745,0.14408457279205322,1,persuasive,0.4303,professional,0.2478,humorous,0.1858,professional,1,1,professional,0.5007,1.0,rule_zero_shot_agreement,True
70,Design an email nurture campaign to convert leads into customers for a B2B software company.,"Company: TechCorp, a software solutions provider targeting small businesses. Target Audience: Business owners and decision-makers. Constraints: Existing email list of 5,000 subscribers. Goals: Convert 20% of leads into paying customers within 6 months. Workflow Stage: Email Copywriting.",Convert 20% of leads into paying customers within 6 months. Workflow Stage: Email Copywriting.,"Company: TechCorp, a software solutions provider targeting small businesses. Target Audience: Business owners and decision-makers. Constraints: Existing email list of 5,000 subscribers.","Company: TechCorp, a software solutions provider targeting small businesses. Target Audience: Business owners and decision-makers. Constraints: Existing email list of 5,000 subscribers.","Create a 5-email sequence campaign providing valuable content, such as industry insights, case studies, and product demos. Utilize AI-powered personalization to address each lead's specific pain points and interests. Include clear CTAs and track engagement metrics to refine the campaign.",professional,0.7708,industry|insights,0.08688584715127945,0.22140641510486603,0.20048269629478455,0.06208197399973869,0.3399660587310791,0.08917701244354248,1,persuasive,0.34,professional,0.2595,luxury,0.2224,professional,1,1,professional,0.5896,1.0,rule_zero_shot_agreement,True
71,Develop a content calendar for a food blog to increase engagement and drive traffic.,"Company: FoodieDelights, a food blog targeting home cooks and food enthusiasts. Target Audience: Women aged 25-45 interested in cooking and recipes. Constraints: Limited resources for content creation. Goals: Increase website traffic by 30% within 4 months. Workflow Stage: Content Scheduling.",Increase website traffic by 30% within 4 months. Workflow Stage: Content Scheduling.,"Company: FoodieDelights, a food blog targeting home cooks and food enthusiasts. Target Audience: Women aged 25-45 interested in cooking and recipes. Constraints: Limited resources for content creation.","Company: FoodieDelights, a food blog targeting home cooks and food enthusiasts. Target Audience: Women aged 25-45 interested in cooking and recipes. Constraints: Limited resources for content creation.","Create a content calendar featuring a mix of recipe posts, cooking tips, and behind-the-scenes stories. Utilize Instagram and Pinterest to promote content, and engage with the audience through comments and social media groups. Collaborate with guest bloggers to diversify content and attract new audiences.",,0.0,,0.0918521136045456,0.10499606281518936,0.10926107317209244,0.16915151476860046,0.23182719945907593,0.29291200637817383,1,humorous,0.2929,humorous,0.293,emotional,0.2699,friendly,1,1,friendly,0.6,0.5,phi3_tiebreak,True
72,Create a social media campaign to increase brand awareness among young adults.,"Company: Eco-friendly fashion brand, Target Audience: 18-24-year-olds, Constraints: Limited budget, Goals: Boost brand recognition, increase website traffic, Stage: Strategy","Boost brand recognition, increase website traffic, Stage: Strategy","Company: Eco-friendly fashion brand, Target Audience: 18-24-year-olds, Constraints: Limited budget,","Company: Eco-friendly fashion brand, Target Audience: 18-24-year-olds, Constraints: Limited budget,","""Green Threads"" campaign: Utilize Instagram Reels and TikTok to showcase eco-friendly fashion tips, partner with 3 social media influencers, and create a hashtag challenge.",,0.0,,0.06821311265230179,0.12213677912950516,0.03266555070877075,0.05267966166138649,0.4974449574947357,0.22685997188091278,1,persuasive,0.4974,humorous,0.311,persuasive,0.2008,professional,1,1,professional,0.6,0.5,phi3_tiebreak,True
73,Develop a targeted email marketing campaign to promote a new luxury car model.,"Company: Luxury car manufacturer, Target Audience: High-income individuals, Constraints: Exclusive brand image, Goals: Drive sales, Stage: Copywriting","Drive sales, Stage: Copywriting","Company: Luxury car manufacturer, Target Audience: High-income individuals, Constraints: Exclusive brand image,","Company: Luxury car manufacturer, Target Audience: High-income individuals, Constraints: Exclusive brand image,","""Exclusive Drive"" campaign: Craft personalized emails highlighting the car's premium features, offer exclusive test drives, and include a limited-time discount for subscribers.",luxury,0.5033,premium|exclusive,0.05986054986715317,0.11743087321519852,0.3587697148323059,0.06799907237291336,0.29675769805908203,0.09918203949928284,1,luxury,0.3588,luxury,0.3956,professional,0.1368,luxury,1,1,luxury,0.5441,1.0,rule_zero_shot_agreement,True
74,Design an in-store experience to engage customers and increase sales.,"Company: Outdoor gear retailer, Target Audience: Outdoor enthusiasts, Constraints: Limited store space, Goals: Boost sales, Stage: Image Generation","Boost sales, Stage: Image Generation","Company: Outdoor gear retailer, Target Audience: Outdoor enthusiasts, Constraints: Limited store space,","Company: Outdoor gear retailer, Target Audience: Outdoor enthusiasts, Constraints: Limited store space,","""Adventure Hub"" experience: Create immersive in-store displays featuring popular outdoor destinations, offer workshops and gear demos, and integrate AI-powered product recommendations.",persuasive,0.6333,offer,0.05121104046702385,0.10792949050664902,0.13890321552753448,0.05854109302163124,0.4600352346897125,0.1833798885345459,1,persuasive,0.46,humorous,0.2476,persuasive,0.1829,professional,1,1,professional,0.6,0.3333,phi3_tiebreak,True
75,Launch a social media contest to promote a new beauty product.,"Company: Beauty brand, Target Audience: Women aged 25-40, Constraints: Limited budget, Goals: Increase brand engagement, Stage: Post Scheduling","Increase brand engagement, Stage: Post Scheduling","Company: Beauty brand, Target Audience: Women aged 25-40, Constraints: Limited budget,","Company: Beauty brand, Target Audience: Women aged 25-40, Constraints: Limited budget,","""Glow Up"" contest: Encourage followers to share their favorite beauty tips using a branded hashtag, partner with 2 social media influencers, and offer a grand prize of a year's supply of the new product.",persuasive,0.6333,offer,0.04358145594596863,0.07229995727539062,0.14319948852062225,0.05066569894552231,0.46804383397102356,0.22220954298973083,1,persuasive,0.468,humorous,0.3068,persuasive,0.1903,persuasive,1,1,persuasive,0.7033,0.6667,three_method_majority,False
76,Create a content marketing strategy to establish thought leadership in the tech industry.,"Company: Tech startup, Target Audience: Industry professionals, Constraints: Limited resources, Goals: Build credibility, Stage: Strategy","Build credibility, Stage: Strategy","Company: Tech startup, Target Audience: Industry professionals, Constraints: Limited resources,","Company: Tech startup, Target Audience: Industry professionals, Constraints: Limited resources,","""Tech Trends"" blog series: Publish in-depth articles on industry trends, host webinars, and collaborate with industry experts to showcase the company's expertise.",professional,0.5875,industry,0.05074873939156532,0.3469300866127014,0.1759185791015625,0.0393354594707489,0.2704516649246216,0.11661551147699356,1,professional,0.3469,professional,0.4022,luxury,0.193,professional,1,1,professional,0.5856,1.0,rule_zero_shot_agreement,True
77,Develop a referral program to increase customer loyalty.,"Company: E-commerce retailer, Target Audience: Existing customers, Constraints: Limited budget, Goals: Boost referrals, Stage: Copywriting","Boost referrals, Stage: Copywriting","Company: E-commerce retailer, Target Audience: Existing customers, Constraints: Limited budget,","Company: E-commerce retailer, Target Audience: Existing customers, Constraints: Limited budget,","""Refer-a-Friend"" program: Offer customers a discount code for successful referrals, create a leaderboard to track referrals, and send",persuasive,0.8625,discount|offer,0.06723865866661072,0.17515280842781067,0.12301933020353317,0.04723373055458069,0.43098410964012146,0.1563713550567627,1,persuasive,0.431,professional,0.2275,humorous,0.2039,friendly,1,1,persuasive,0.8625,0.3333,high_confidence_rule,True
78,Create a social media campaign to increase brand awareness for a new eco-friendly fashion brand.,Company: Verde Clothing; Target Audience: Millennials and Gen Z; Constraints: Limited budget; Goals: 20% increase in followers within 3 months; Workflow Stage: Strategy,20% increase in followers within 3 months; Workflow Stage: Strategy,Company: Verde Clothing; Target Audience: Millennials and Gen Z; Constraints: Limited budget;,Company: Verde Clothing; Target Audience: Millennials and Gen Z; Constraints: Limited budget;,"""Green Revolution"" campaign: Collaborate with eco-influencers, share behind-the-scenes content highlighting sustainable production processes, and launch a referral program offering discounts for customers who share eco-friendly fashion tips.",,0.0,,0.0668061152100563,0.16373838484287262,0.07142747938632965,0.08979763090610504,0.4891940653324127,0.1190362349152565,1,persuasive,0.4892,professional,0.2164,persuasive,0.1911,professional,1,1,professional,0.2864,1.0,three_method_majority,True
79,Develop a targeted email marketing campaign for a new AI-powered fitness app.,Company: FitGenie; Target Audience: Fitness enthusiasts aged 25-45; Constraints: High competition; Goals: 30% open rate and 20% conversion rate; Workflow Stage: Copywriting,30% open rate and 20% conversion rate; Workflow Stage: Copywriting,Company: FitGenie; Target Audience: Fitness enthusiasts aged 25-45; Constraints: High competition;,Company: FitGenie; Target Audience: Fitness enthusiasts aged 25-45; Constraints: High competition;,"""Unlock Your Potential"" campaign: Send personalized emails with AI-driven workout recommendations, success stories, and exclusive promotions, using a conversational tone and eye-catching visuals.",luxury,0.6792,exclusive,0.3629815876483917,0.0061852047219872475,0.09672084450721741,0.057468313723802567,0.369965523481369,0.10667850822210312,1,persuasive,0.37,friendly,0.6111,persuasive,0.1047,friendly,1,1,friendly,0.6811,0.6667,three_method_majority,False
80,Design an Instagram Reels campaign for a popular coffee shop chain.,Company: The Daily Grind; Target Audience: Coffee lovers aged 18-35; Constraints: Limited video production budget; Goals: 50% increase in Reels engagement; Workflow Stage: Image Generation,50% increase in Reels engagement; Workflow Stage: Image Generation,Company: The Daily Grind; Target Audience: Coffee lovers aged 18-35; Constraints: Limited video production budget;,Company: The Daily Grind; Target Audience: Coffee lovers aged 18-35; Constraints: Limited video production budget;,"""Brewing Joy"" campaign: Create short, engaging Reels showcasing unique coffee creations, behind-the-scenes moments, and customer interactions, using a mix of animation, stop-motion, and live-action footage.",,0.0,,0.08106844127178192,0.032037533819675446,0.0903506875038147,0.08629120886325836,0.2864391505718231,0.4238129258155823,1,humorous,0.4238,humorous,0.4683,friendly,0.1569,friendly,1,1,friendly,0.6,0.5,phi3_tiebreak,True
81,Create a comprehensive marketing strategy for a new sustainable energy company.,Company: GreenSpark Energy; Target Audience: Environmentally conscious homeowners; Constraints: High competition; Goals: 25% market share within the first year; Workflow Stage: Strategy,25% market share within the first year; Workflow Stage: Strategy,Company: GreenSpark Energy; Target Audience: Environmentally conscious homeowners; Constraints: High competition;,Company: GreenSpark Energy; Target Audience: Environmentally conscious homeowners; Constraints: High competition;,"""Empowering a Greener Tomorrow"" strategy: Develop a multi-channel approach, including social media, influencer partnerships, and targeted advertising, focusing on the benefits of sustainable energy and the company's innovative solutions.",professional,0.5875,strategy,0.07611718773841858,0.17257530987262726,0.12887223064899445,0.10365018248558044,0.37074241042137146,0.1480427384376526,1,persuasive,0.3707,professional,0.2024,emotional,0.1947,professional,1,1,professional,0.4757,1.0,rule_zero_shot_agreement,True
82,Write a compelling product description for a new smart home device.,Company: SmartNest; Target Audience: Tech-savvy homeowners; Constraints: Highly competitive market; Goals: 20% increase in sales; Workflow Stage: Copywriting,20% increase in sales; Workflow Stage: Copywriting,Company: SmartNest; Target Audience: Tech-savvy homeowners; Constraints: Highly competitive market;,Company: SmartNest; Target Audience: Tech-savvy homeowners; Constraints: Highly competitive market;,"""Experience the Future of Home Automation"" description: Emphasize the device's AI-driven features, seamless integration with popular smart home systems, and user-friendly interface, using a clear and",,0.0,,0.11592000722885132,0.16959716379642487,0.19028541445732117,0.011378818191587925,0.4650713801383972,0.0477471798658371,1,persuasive,0.4651,friendly,0.2692,luxury,0.2379,professional,1,1,professional,0.6,0.5,phi3_tiebreak,True
83,Create a social media campaign to increase brand awareness among young adults for a sustainable fashion brand.,"Company: GreenThreads, a sustainable fashion brand Target Audience: Young adults aged 18-30 Constraints: Limited budget, high competition in the market Goals: Increase brand awareness, drive website traffic Workflow Stage: Strategy","Increase brand awareness, drive website traffic Workflow Stage: Strategy","Company: GreenThreads, a sustainable fashion brand Target Audience: Young adults aged 18-30 Constraints: Limited budget, high competition in the market","Company: GreenThreads, a sustainable fashion brand Target Audience: Young adults aged 18-30 Constraints: Limited budget, high competition in the market","Develop a social media campaign, ""Eco-Fashionistas Unite,"" focusing on Instagram and TikTok. Collaborate with eco-conscious influencers to showcase GreenThreads' sustainable clothing lines. Utilize relevant hashtags and create engaging content (reels, stories, posts) highlighting the brand's commitment to sustainability. Allocate $1,000 for influencer partnerships and $500 for paid advertising.",,0.0,,0.0702454149723053,0.13282860815525055,0.08365368098020554,0.12461518496274948,0.45753616094589233,0.13112092018127441,1,persuasive,0.4575,emotional,0.2488,persuasive,0.1686,professional,1,1,professional,0.6,0.5,phi3_tiebreak,True
84,Design an email marketing campaign to nurture leads for a B2B software company.,"Company: TechCorp, a B2B software company Target Audience: Business owners and decision-makers Constraints: Limited email list, high competition in the market Goals: Nurture leads, increase conversions Workflow Stage: Copywriting","Nurture leads, increase conversions Workflow Stage: Copywriting","Company: TechCorp, a B2B software company Target Audience: Business owners and decision-makers Constraints: Limited email list, high competition in the market","Company: TechCorp, a B2B software company Target Audience: Business owners and decision-makers Constraints: Limited email list, high competition in the market","Create a lead nurturing email campaign, ""Unlock Your Business Potential,"" consisting of 5 emails. Email 1: Introduction to TechCorp's software solutions. Email 2: Success stories and case studies. Email 3: Exclusive webinar invitation. Email 4: Free trial offer. Email 5: Personalized demo invitation. Use a conversational tone and include clear CTAs.",professional,0.4494,webinar|business,0.38425740599632263,0.07410573214292526,0.04807254299521446,0.18366359174251556,0.2668405771255493,0.043060190975666046,1,friendly,0.3843,friendly,0.5578,emotional,0.2427,friendly,1,1,friendly,0.6278,0.6667,three_method_majority,False
85,Develop a content marketing strategy to establish a thought leadership position for a financial services company.,"Company: FinServ, a financial services company Target Audience: High-net-worth individuals and financial advisors Constraints: Limited resources, high competition in the market Goals: Establish thought leadership, increase brand credibility Workflow Stage: Strategy","Establish thought leadership, increase brand credibility Workflow Stage: Strategy","Company: FinServ, a financial services company Target Audience: High-net-worth individuals and financial advisors Constraints: Limited resources, high competition in the market","Company: FinServ, a financial services company Target Audience: High-net-worth individuals and financial advisors Constraints: Limited resources, high competition in the market","Create a content marketing strategy, ""Financial Insights,"" focusing on blog posts, whitepapers, and webinars. Develop a content calendar covering topics such as market trends, investment strategies, and regulatory updates. Collaborate with industry experts to create high-quality content. Utilize SEO techniques to improve search engine rankings.",professional,0.9083,industry|strategy|insights,0.05842715874314308,0.3768259882926941,0.1827854961156845,0.04767470061779022,0.21941319108009338,0.11487335711717606,1,professional,0.3768,professional,0.4145,luxury,0.1903,professional,1,1,professional,0.7367,1.0,rule_zero_shot_agreement,False
86,Develop a social media campaign to increase brand awareness among eco-conscious consumers.,"Company: GreenCycle, a sustainable fashion brand. Target audience: Environmentally aware millennials and Gen Z. Constraints: Limited budget. Goals: Boost brand recognition and drive website traffic. Workflow stage: Strategy.",Boost brand recognition and drive website traffic. Workflow stage: Strategy.,"Company: GreenCycle, a sustainable fashion brand. Target audience: Environmentally aware millennials and Gen Z. Constraints: Limited budget.","Company: GreenCycle, a sustainable fashion brand. Target audience: Environmentally aware millennials and Gen Z. Constraints: Limited budget.","Create a social media campaign, ""Eco-Warriors Unite,"" focusing on Instagram and TikTok. Share engaging content (images, videos, and Reels) highlighting GreenCycle's sustainable practices, eco-friendly materials, and waste reduction efforts. Collaborate with eco-influencers and user-generated content campaigns. Utilize relevant hashtags and tag relevant eco-conscious brands. Allocate $500 for Instagram ads targeting environmentally aware audiences.",,0.0,,0.08518344163894653,0.12994235754013062,0.12333868443965912,0.10403610020875931,0.39289191365242004,0.16460749506950378,1,persuasive,0.3929,emotional,0.1973,humorous,0.1957,persuasive,1,1,persuasive,0.6,0.5,phi3_tiebreak,True
87,Design an email marketing campaign to promote a new product launch.,"Company: TechCorp, a leading electronics manufacturer. Target audience: Tech-savvy professionals and gamers. Constraints: High competition in the market. Goals: Generate buzz and drive pre-orders. Workflow stage: Copywriting.",Generate buzz and drive pre-orders. Workflow stage: Copywriting.,"Company: TechCorp, a leading electronics manufacturer. Target audience: Tech-savvy professionals and gamers. Constraints: High competition in the market.","Company: TechCorp, a leading electronics manufacturer. Target audience: Tech-savvy professionals and gamers. Constraints: High competition in the market.","Craft a series of three emails: ""Get Ready for the Future,"" "" Exclusive Access,"" and ""Last Chance to Pre-Order."" Use attention-grabbing subject lines, sleek designs, and emphasize key features, such as AI-powered performance and sustainable materials. Offer limited-time discounts and bundle deals to incentivize pre-orders. Use personalization by addressing subscribers by name and referencing their interests.",persuasive,0.3049,offer,0.004029703792184591,0.009506727568805218,0.43354055285453796,0.010532338172197342,0.5314643383026123,0.01092636026442051,1,persuasive,0.5315,luxury,0.6707,persuasive,0.2567,persuasive,1,1,persuasive,0.3749,0.6667,three_method_majority,True
88,Create a content calendar for a blog to establish thought leadership in the health and wellness industry.,"Company: FitPro, a fitness and nutrition consulting firm. Target audience: Health-conscious individuals and professionals. Constraints: Limited resources. Goals: Establish authority and drive organic traffic. Workflow stage: Post scheduling.",Establish authority and drive organic traffic. Workflow stage: Post scheduling.,"Company: FitPro, a fitness and nutrition consulting firm. Target audience: Health-conscious individuals and professionals. Constraints: Limited resources.","Company: FitPro, a fitness and nutrition consulting firm. Target audience: Health-conscious individuals and professionals. Constraints: Limited resources.","Plan a 12-week content calendar focusing on topics like mindfulness, sustainable nutrition, and AI-powered fitness. Allocate two posts per week, including in-depth guides, success stories, and expert interviews. Utilize SEO keywords, meta descriptions, and optimize images. Schedule social media promotions and email newsletters to amplify reach.",professional,0.5875,expert,0.06785954535007477,0.2102806270122528,0.14995475113391876,0.15238913893699646,0.292411744594574,0.12710420787334442,1,persuasive,0.2924,emotional,0.2625,professional,0.2262,professional,1,1,professional,0.6575,0.6667,three_method_majority,False
89,Develop a video marketing strategy to showcase a company's commitment to social causes.,"Company: Empower Inc., a socially responsible e-commerce platform. Target audience: Socially aware consumers. Constraints: Limited budget. Goals: Increase brand loyalty and drive sales. Workflow stage: Image generation.",Increase brand loyalty and drive sales. Workflow stage: Image generation.,"Company: Empower Inc., a socially responsible e-commerce platform. Target audience: Socially aware consumers. Constraints: Limited budget.","Company: Empower Inc., a socially responsible e-commerce platform. Target audience: Socially aware consumers. Constraints: Limited budget.","Create a heartwarming video series, ""Empowering Stories,"" highlighting the company's charitable initiatives and community involvement",friendly,0.5875,community,0.04653747379779816,0.003984291106462479,0.012875357642769814,0.7550267577171326,0.08243647962808609,0.09913966804742813,1,emotional,0.755,emotional,0.8449,humorous,0.0695,emotional,1,1,emotional,0.9149,0.6667,three_method_majority,False
90,Design a social media campaign to promote a sustainable fashion brand's new collection using AI-generated images.,"* Company: GreenStyle, a sustainable fashion brand * Target audience: Environmentally conscious fashion enthusiasts * Constraints: Limited budget, short timeline * Goals: Increase brand awareness, drive website traffic * Workflow stage: Image generation","Increase brand awareness, drive website traffic * Workflow stage: Image generation","* Company: GreenStyle, a sustainable fashion brand * Target audience: Environmentally conscious fashion enthusiasts * Constraints: Limited budget, short timeline *","* Company: GreenStyle, a sustainable fashion brand * Target audience: Environmentally conscious fashion enthusiasts * Constraints: Limited budget, short timeline *","Create a series of AI-generated images showcasing the new collection in a futuristic, eco-friendly setting. Utilize Instagram Reels and TikTok to share behind-the-scenes content, highlighting the design process and sustainable materials used. Partner with eco-influencers to amplify the message.",,0.0,,0.06002684310078621,0.1270146518945694,0.17256751656532288,0.04985860362648964,0.45873767137527466,0.1317947655916214,1,persuasive,0.4587,luxury,0.2197,persuasive,0.1823,professional,1,1,professional,0.6,0.5,phi3_tiebreak,True
91,Develop a targeted email campaign to promote a new health and wellness program for seniors.,"* Company: HealthyAge, a healthcare provider * Target audience: Seniors (65+ years old) * Constraints: Limited email list, high competition * Goals: Increase program enrollment, build brand trust * Workflow stage: Copywriting","Increase program enrollment, build brand trust * Workflow stage: Copywriting","* Company: HealthyAge, a healthcare provider * Target audience: Seniors (65+ years old) * Constraints: Limited email list, high competition *","* Company: HealthyAge, a healthcare provider * Target audience: Seniors (65+ years old) * Constraints: Limited email list, high competition *","Craft a series of personalized emails addressing specific health concerns common among seniors. Utilize segmentation to tailor content based on age, health status, and interests. Include testimonials from satisfied customers and a clear call-to-action to encourage enrollment.",,0.0,,0.015476064756512642,0.03220926225185394,0.03482847660779953,0.025421444326639175,0.8669276833534241,0.02513706125319004,1,persuasive,0.8669,persuasive,0.6181,emotional,0.0982,persuasive,1,1,persuasive,0.6881,1.0,three_method_majority,False
92,Create a social media campaign to raise awareness about a non-profit organization's mission to support education in underprivileged communities.,"* Company: EducateAll, a non-profit organization * Target audience: Socially conscious individuals * Constraints: Limited budget, short timeline * Goals: Increase donations, raise awareness * Workflow stage: Post scheduling","Increase donations, raise awareness * Workflow stage: Post scheduling","* Company: EducateAll, a non-profit organization * Target audience: Socially conscious individuals * Constraints: Limited budget, short timeline *","* Company: EducateAll, a non-profit organization * Target audience: Socially conscious individuals * Constraints: Limited budget, short timeline *","Develop a social media calendar highlighting impactful stories, statistics, and quotes from beneficiaries. Utilize Instagram's ""Donate"" feature and Facebook Fundraisers to encourage donations. Partner with social influencers to amplify the message and create a branded hashtag to track engagement.",,0.0,,0.024429865181446075,0.09186775237321854,0.057420384138822556,0.13797341287136078,0.6391655802726746,0.0491429902613163,1,persuasive,0.6392,emotional,0.3407,persuasive,0.2914,professional,1,1,professional,0.6,0.5,phi3_tiebreak,True
93,Create a social media campaign to increase brand awareness for a new sustainable fashion brand.,"Company: GreenCycle Clothing Target Audience: Young adults (18-35) interested in eco-friendly living Constraints: Limited budget ($5,000), 6-week timeline Goals: Increase followers by 20%, boost engagement by 50% Workflow Stage: Strategy","Increase followers by 20%, boost engagement by 50% Workflow Stage: Strategy","Company: GreenCycle Clothing Target Audience: Young adults (18-35) interested in eco-friendly living Constraints: Limited budget ($5,000), 6-week timeline","Company: GreenCycle Clothing Target Audience: Young adults (18-35) interested in eco-friendly living Constraints: Limited budget ($5,000), 6-week timeline","Develop a social media strategy focusing on Instagram and TikTok, leveraging hashtags #ecofashion and #sustainability. Collaborate with eco-influencers for sponsored content, and create engaging videos showcasing the brand's eco-friendly production process.",professional,0.5875,strategy,0.07991442084312439,0.1592966914176941,0.10588698834180832,0.07965028285980225,0.3893115222454071,0.18594010174274445,1,persuasive,0.3893,humorous,0.225,professional,0.1921,professional,1,1,professional,0.6575,0.6667,three_method_majority,False
94,Design an email marketing campaign to promote a new AI-powered fitness app.,"Company: FitGenie Target Audience: Fitness enthusiasts (25-50) interested in personalized workouts Constraints: 3-week timeline, existing email list of 10,000 subscribers Goals: Drive 500 new app downloads, increase conversion rate by 15% Workflow Stage: Copywriting","Drive 500 new app downloads, increase conversion rate by 15% Workflow Stage: Copywriting","Company: FitGenie Target Audience: Fitness enthusiasts (25-50) interested in personalized workouts Constraints: 3-week timeline, existing email list of 10,000 subscribers","Company: FitGenie Target Audience: Fitness enthusiasts (25-50) interested in personalized workouts Constraints: 3-week timeline, existing email list of 10,000 subscribers","Craft a series of 3 emails: Introduction to FitGenie's AI technology, success stories from beta testers, and an exclusive promo offer for subscribers. Use attention-grabbing subject lines and CTAs, and segment the email list for personalized content.",luxury,0.3192,exclusive,0.018069390207529068,0.05317993462085724,0.09854195266962051,0.09398319572210312,0.666033148765564,0.07019244134426117,1,persuasive,0.666,persuasive,0.3303,emotional,0.2525,professional,1,1,professional,0.6,0.3333,phi3_tiebreak,True
95,Develop a content calendar for a B2B tech company's LinkedIn page.,"Company: NovaTech Target Audience: IT professionals (30-55) interested in innovative solutions Constraints: 2-month timeline, posting frequency of 3 times a week Goals: Increase followers by 30%, boost engagement by 25% Workflow Stage: Post Scheduling","Increase followers by 30%, boost engagement by 25% Workflow Stage: Post Scheduling","Company: NovaTech Target Audience: IT professionals (30-55) interested in innovative solutions Constraints: 2-month timeline, posting frequency of 3 times a week","Company: NovaTech Target Audience: IT professionals (30-55) interested in innovative solutions Constraints: 2-month timeline, posting frequency of 3 times a week","Create a content mix of industry insights, thought leadership articles, and company news. Schedule posts using a mix of promotional, educational, and engaging content, including infographics, videos, and polls.",professional,0.7708,industry|insights,0.060304947197437286,0.23066291213035583,0.15332342684268951,0.025966867804527283,0.3950558602809906,0.13468597829341888,1,persuasive,0.3951,professional,0.2975,luxury,0.1872,professional,1,1,professional,0.6105,1.0,rule_zero_shot_agreement,True
96,Create a influencer marketing campaign for a new plant-based milk brand.,"Company: GreenMilk Target Audience: Health-conscious millennials (25-40) interested in plant-based diets Constraints: $10,000 budget, 8-week timeline Goals: Increase brand awareness by 40%, drive 200 new sales Workflow Stage: Strategy","Increase brand awareness by 40%, drive 200 new sales Workflow Stage: Strategy","Company: GreenMilk Target Audience: Health-conscious millennials (25-40) interested in plant-based diets Constraints: $10,000 budget, 8-week timeline","Company: GreenMilk Target Audience: Health-conscious millennials (25-40) interested in plant-based diets Constraints: $10,000 budget, 8-week timeline",Partner with 5 social media influencers in the plant-based niche for sponsored content and product reviews. Request Instagram Reels and YouTube videos showcasing GreenMilk in recipes and everyday life.,,0.0,,0.08262529969215393,0.12089499086141586,0.10533477365970612,0.09212625026702881,0.41299957036972046,0.1860191375017166,1,persuasive,0.413,humorous,0.2271,emotional,0.1794,professional,1,1,professional,0.6,0.5,phi3_tiebreak,True
97,Create a social media campaign to increase brand awareness for an eco-friendly fashion brand among young adults.,"Company: GreenWear; Target Audience: 18-30-year-olds; Constraints: Limited budget; Goals: 20% increase in followers, 15% increase in website traffic; Workflow Stage: Strategy.","20% increase in followers, 15% increase in website traffic; Workflow Stage: Strategy.",Company: GreenWear; Target Audience: 18-30-year-olds; Constraints: Limited budget;,Company: GreenWear; Target Audience: 18-30-year-olds; Constraints: Limited budget;,"""Green Revolution"" campaign: Collaborate with eco-influencers, create engaging content (images, videos, blog posts) highlighting sustainable practices, and utilize Instagram Reels and TikTok for hashtag challenges. Utilize AI-generated content to personalize ads and reduce costs.",,0.0,,0.08034298568964005,0.12509791553020477,0.08297785371541977,0.10369151085615158,0.4763875901699066,0.13150212168693542,1,persuasive,0.4764,emotional,0.2118,friendly,0.1803,professional,1,1,professional,0.6,0.5,phi3_tiebreak,True
98,Develop a content marketing strategy to establish a tech startup as a thought leader in the AI industry.,"Company: AIForge; Target Audience: Tech professionals, entrepreneurs; Constraints: High competition; Goals: 50% increase in blog traffic, 20% increase in lead generation; Workflow Stage: Content Creation.","50% increase in blog traffic, 20% increase in lead generation; Workflow Stage: Content Creation.","Company: AIForge; Target Audience: Tech professionals, entrepreneurs; Constraints: High competition;","Company: AIForge; Target Audience: Tech professionals, entrepreneurs; Constraints: High competition;","""AI Insights"" blog series: Publish in-depth articles, interviews with industry experts, and research reports on AI trends and applications. Utilize SEO optimization, email newsletters, and LinkedIn promotion to reach target audiences.",professional,0.9542,industry|research|insights,0.0573105663061142,0.2538934051990509,0.2348456084728241,0.0595206581056118,0.2654971182346344,0.1289326399564743,1,persuasive,0.2655,professional,0.2885,luxury,0.2526,professional,1,1,professional,0.6881,1.0,rule_zero_shot_agreement,False
99,Design an email marketing campaign to boost sales for a luxury travel company.,"Company: Traveluxe; Target Audience: High-income individuals; Constraints: Limited email list; Goals: 25% increase in bookings, 15% increase in email open rates; Workflow Stage: Copywriting.","25% increase in bookings, 15% increase in email open rates; Workflow Stage: Copywriting.",Company: Traveluxe; Target Audience: High-income individuals; Constraints: Limited email list;,Company: Traveluxe; Target Audience: High-income individuals; Constraints: Limited email list;,"""Exclusive Getaways"" campaign: Create personalized, visually stunning emails showcasing unique destinations, special offers, and curated experiences. Utilize AI-driven segmentation to tailor content and offers to individual preferences.",luxury,0.6792,exclusive,0.03775597736239433,0.037508364766836166,0.6512154936790466,0.031054938212037086,0.15706852078437805,0.0853966474533081,1,luxury,0.6512,luxury,0.6833,humorous,0.095,,0,0,luxury,0.7815,1.0,rule_zero_shot_agreement,False
100,Create a social media contest to increase engagement for a popular food delivery service.,"Company: FoodFrenzy; Target Audience: Foodies, busy professionals; Constraints: Limited budget; Goals: 30% increase in followers, 20% increase in app downloads; Workflow Stage: Post Scheduling.","30% increase in followers, 20% increase in app downloads; Workflow Stage: Post Scheduling.","Company: FoodFrenzy; Target Audience: Foodies, busy professionals; Constraints: Limited budget;","Company: FoodFrenzy; Target Audience: Foodies, busy professionals; Constraints: Limited budget;","""Foodie Frenzy Challenge"" campaign: Launch a social media contest where followers share their favorite food moments, using a branded hashtag. Utilize Instagram Stories, Facebook Live, and Twitter polls to engage with contestants and announce winners.",,0.0,,0.049142975360155106,0.06778600811958313,0.07879326492547989,0.06044532358646393,0.4239019751548767,0.31993046402931213,1,persuasive,0.4239,humorous,0.416,persuasive,0.1623,friendly,1,1,friendly,0.6,0.5,phi3_tiebreak,True
101,Create a social media campaign to increase brand awareness for a sustainable fashion brand among Gen Z consumers.,"Company: GreenThreads, a sustainable fashion brand Target Audience: Gen Z consumers (18-24 years old) Constraints: Limited budget, high competition in the sustainable fashion market Goals: Increase brand awareness by 20%, drive website traffic by 30% Workflow Stage: Strategy","Increase brand awareness by 20%, drive website traffic by 30% Workflow Stage: Strategy","Company: GreenThreads, a sustainable fashion brand Target Audience: Gen Z consumers (18-24 years old) Constraints: Limited budget, high competition in the sustainable fashion market","Company: GreenThreads, a sustainable fashion brand Target Audience: Gen Z consumers (18-24 years old) Constraints: Limited budget, high competition in the sustainable fashion market","Develop a social media campaign, ""Eco-Warrior Challenge,"" where GreenThreads partners with eco-influencers to encourage followers to share their sustainable fashion choices. Utilize Instagram Reels, TikTok, and Twitter to create engaging content, such as ""Eco-Hacks"" and ""Sustainable Fashion Tips."" Allocate $5,000 for influencer partnerships and $3,000 for paid social media ads. Monitor and respond to comments, using AI-powered chatbots to ensure timely engagement.",,0.0,,0.06490445882081985,0.14732041954994202,0.08321741968393326,0.05898887664079666,0.41972416639328003,0.22584466636180878,1,persuasive,0.4197,humorous,0.2886,professional,0.1876,professional,1,1,professional,0.6,0.5,phi3_tiebreak,True
102,Design a targeted email marketing campaign to nurture leads for a B2B software company.,"Company: TechCorp, a B2B software company Target Audience: IT professionals, business owners Constraints: High competition, difficulty in differentiating the product Goals: Increase lead conversion by 25%, boost sales by 15% Workflow Stage: Copywriting","Increase lead conversion by 25%, boost sales by 15% Workflow Stage: Copywriting","Company: TechCorp, a B2B software company Target Audience: IT professionals, business owners Constraints: High competition, difficulty in differentiating the product","Company: TechCorp, a B2B software company Target Audience: IT professionals, business owners Constraints: High competition, difficulty in differentiating the product","Create a lead-nurturing email campaign, ""Tech Insights,"" that provides valuable content, such as industry reports, webinars, and product demos. Use AI-powered personalization to tailor the content to each lead's interests and stage in the buyer's journey. Develop attention-grabbing subject lines, such as ""Unlock the Power of AI in Your Business."" Design a visually appealing email template with clear CTAs, using a mix of promotional and educational content.",professional,0.7283,industry|insights|business,0.06657538563013077,0.15699557960033417,0.18394824862480164,0.0305953249335289,0.4935368001461029,0.068348728120327,1,persuasive,0.4935,luxury,0.2447,professional,0.2206,professional,1,1,professional,0.7983,0.6667,three_method_majority,False
103,Develop a content marketing strategy to establish a financial services company as a thought leader.,"Company: FinServ, a financial services company Target Audience: High-net-worth individuals, financial advisors Constraints: Regulatory restrictions on marketing, difficulty in creating engaging content Goals: Increase website traffic by 40%, position FinServ as a thought leader Workflow Stage: Image Generation","Increase website traffic by 40%, position FinServ as a thought leader Workflow Stage: Image Generation","Company: FinServ, a financial services company Target Audience: High-net-worth individuals, financial advisors Constraints: Regulatory restrictions on marketing, difficulty in creating engaging content","Company: FinServ, a financial services company Target Audience: High-net-worth individuals, financial advisors Constraints: Regulatory restrictions on marketing, difficulty in creating engaging content","Create a content marketing strategy, ""FinServ Insights,"" that focuses on producing high-quality, informative content, such as infographics, videos, and blog posts. Utilize AI-powered content generation tools to create engaging, easy-to-understand visuals, such as animated explainers and interactive charts. Host webinars and online events to showcase FinServ's expertise",professional,0.7708,strategy|insights,0.09228825569152832,0.394636332988739,0.28225409984588623,0.02649482525885105,0.15377336740493774,0.05055313557386398,1,professional,0.3946,professional,0.4099,luxury,0.2775,professional,1,1,professional,0.6723,1.0,rule_zero_shot_agreement,False
104,Develop a multi-channel campaign to launch a new eco-friendly fashion brand.,"Company: Green Threads; Target Audience: Environmentally conscious millennials and Gen Z; Constraints: Limited budget, high competition; Goals: Increase brand awareness, drive sales; Workflow Stage: Strategy.","Increase brand awareness, drive sales; Workflow Stage: Strategy.","Company: Green Threads; Target Audience: Environmentally conscious millennials and Gen Z; Constraints: Limited budget, high competition;","Company: Green Threads; Target Audience: Environmentally conscious millennials and Gen Z; Constraints: Limited budget, high competition;","Create a social media contest, ""Eco-Chic Challenge,"" where followers share their sustainable fashion tips and tag friends. Partner with eco-influencers for sponsored content and product showcases. Utilize Instagram Reels and TikTok for behind-the-scenes, user-generated content. Allocate 30% of the budget to targeted Facebook ads and Google Ads.",,0.0,,0.08100292086601257,0.08587576448917389,0.14879928529262543,0.06989128142595291,0.41427966952323914,0.20015104115009308,1,persuasive,0.4143,humorous,0.2497,friendly,0.1771,professional,1,1,professional,0.6,0.5,phi3_tiebreak,True
105,Craft a compelling email nurturing campaign for a B2B software company.,"Company: TechCorp; Target Audience: IT decision-makers; Constraints: Highly competitive market; Goals: Build trust, generate leads; Workflow Stage: Copywriting.","Build trust, generate leads; Workflow Stage: Copywriting.",Company: TechCorp; Target Audience: IT decision-makers; Constraints: Highly competitive market;,Company: TechCorp; Target Audience: IT decision-makers; Constraints: Highly competitive market;,"Design a 5-email sequence: Email 1: ""Expert Insights"" (industry trends and thought leadership); Email 2: ""Success Stories"" (case studies and testimonials); Email 3: ""Solution Showcase"" (product features and demos); Email 4: ""Exclusive Offer"" (promotions and trials); Email 5: ""Personalized Follow-up"" (tailored content based on engagement).",professional,0.8269,industry|insights|solution|expert,0.03215344250202179,0.15618112683296204,0.08853643387556076,0.08345231413841248,0.5988459587097168,0.04083074629306793,1,persuasive,0.5988,persuasive,0.2731,professional,0.241,professional,1,1,professional,0.8969,0.6667,three_method_majority,False
106,Develop a social media strategy for a new plant-based food brand.,"Company: GreenBite; Target Audience: Health-conscious foodies; Constraints: Limited brand recognition; Goals: Increase brand awareness, drive sales; Workflow Stage: Image Generation.","Increase brand awareness, drive sales; Workflow Stage: Image Generation.",Company: GreenBite; Target Audience: Health-conscious foodies; Constraints: Limited brand recognition;,Company: GreenBite; Target Audience: Health-conscious foodies; Constraints: Limited brand recognition;,"Create engaging visuals showcasing vibrant, plant-based dishes. Utilize Instagram's ""Reels"" and ""Stories"" features for behind-the-scenes content, sneak peeks, and user-generated content. Collaborate with social media influencers for sponsored content and product showcases.",,0.0,,0.10113797336816788,0.12303394079208374,0.1327122449874878,0.08146253973245621,0.30434659123420715,0.25730669498443604,1,persuasive,0.3043,humorous,0.2853,friendly,0.1965,friendly,1,1,friendly,0.6,0.5,phi3_tiebreak,True
107,Create a video marketing campaign for a luxury car brand.,"Company: Prestige Motors; Target Audience: High-net-worth individuals; Constraints: High production costs; Goals: Showcase brand heritage, drive sales; Workflow Stage: Video Production.","Showcase brand heritage, drive sales; Workflow Stage: Video Production.",Company: Prestige Motors; Target Audience: High-net-worth individuals; Constraints: High production costs;,Company: Prestige Motors; Target Audience: High-net-worth individuals; Constraints: High production costs;,"Produce a series of short films highlighting the brand's craftsmanship, performance, and exclusivity. Utilize 3D animation and drone footage to create immersive experiences. Partner with popular automotive influencers for exclusive test drives and reviews.",luxury,0.4092,exclusive,0.018016068264842033,0.04781876131892204,0.5128867626190186,0.0361032597720623,0.26102781295776367,0.12414731085300446,1,luxury,0.5129,luxury,0.5888,humorous,0.1511,professional,1,1,luxury,0.608,0.6667,rule_zero_shot_agreement,True
108,Create a social media campaign to increase brand awareness among young adults for a sustainable fashion brand.,"Company: GreenThreads, a sustainable fashion brand; Target Audience: Young adults (18-25); Constraints: Limited budget; Goals: Increase brand awareness, drive website traffic; Workflow Stage: Strategy","Increase brand awareness, drive website traffic; Workflow Stage: Strategy","Company: GreenThreads, a sustainable fashion brand; Target Audience: Young adults (18-25); Constraints: Limited budget;","Company: GreenThreads, a sustainable fashion brand; Target Audience: Young adults (18-25); Constraints: Limited budget;","Develop a social media campaign, ""Threads for a Greener Tomorrow,"" highlighting eco-friendly practices and featuring influencers showcasing sustainable fashion. Utilize Instagram Reels, TikTok, and Pinterest to reach the target audience. Allocate $1,000 for influencer partnerships and $500 for ad spend.",,0.0,,0.06347852200269699,0.23536564409732819,0.08863818645477295,0.05569526553153992,0.4046775698661804,0.15214486420154572,1,persuasive,0.4047,professional,0.2971,humorous,0.1927,professional,1,1,professional,0.3671,1.0,three_method_majority,True
109,Design an email marketing campaign to nurture leads for a B2B software company.,"Company: TechForge, a B2B software company; Target Audience: Business owners, decision-makers; Constraints: High competition; Goals: Nurture leads, increase conversions; Workflow Stage: Copywriting","Nurture leads, increase conversions; Workflow Stage: Copywriting","Company: TechForge, a B2B software company; Target Audience: Business owners, decision-makers; Constraints: High competition;","Company: TechForge, a B2B software company; Target Audience: Business owners, decision-makers; Constraints: High competition;","Create a 3-email sequence: ""Unlock Your Business Potential."" Email 1: Introduction to TechForge's solutions; Email 2: Success stories and case studies; Email 3: Exclusive demo invitation. Use a conversational tone and personalize using the recipient's company name and industry.",professional,0.35,industry|business,0.3269543945789337,0.12770330905914307,0.05866329371929169,0.09172480553388596,0.29690617322921753,0.09804794192314148,1,friendly,0.327,friendly,0.5269,emotional,0.1346,friendly,1,1,friendly,0.5969,0.6667,three_method_majority,True
110,Develop a content marketing strategy for a health and wellness blog.,"Company: HealthyLiving, a health and wellness blog; Target Audience: Health-conscious individuals; Constraints: Limited resources; Goals: Increase website traffic, engagement; Workflow Stage: Strategy","Increase website traffic, engagement; Workflow Stage: Strategy","Company: HealthyLiving, a health and wellness blog; Target Audience: Health-conscious individuals; Constraints: Limited resources;","Company: HealthyLiving, a health and wellness blog; Target Audience: Health-conscious individuals; Constraints: Limited resources;","Focus on evergreen topics like mindfulness, nutrition, and fitness. Create a content calendar featuring blog posts, videos, and social media content. Collaborate with guest bloggers and influencers to expand the audience. Utilize SEO techniques to improve search engine rankings.",,0.0,,0.07869494706392288,0.2382330298423767,0.15497983992099762,0.06875617802143097,0.26307278871536255,0.19626325368881226,1,persuasive,0.2631,professional,0.2623,humorous,0.2169,professional,1,1,professional,0.3323,1.0,three_method_majority,True
111,Create a paid advertising campaign for a new product launch.,"Company: SmartHome, a smart home devices company; Target Audience: Homeowners; Constraints: Limited budget; Goals: Drive sales, increase brand awareness; Workflow Stage: Image Generation","Drive sales, increase brand awareness; Workflow Stage: Image Generation","Company: SmartHome, a smart home devices company; Target Audience: Homeowners; Constraints: Limited budget;","Company: SmartHome, a smart home devices company; Target Audience: Homeowners; Constraints: Limited budget;","Design eye-catching ads featuring the product's key benefits and unique features. Utilize Facebook, Instagram, and Google Ads to target homeowners. Allocate $5,000 for ad spend and create a landing page for conversions.",,0.0,,0.02503851242363453,0.08574487268924713,0.14208005368709564,0.031190961599349976,0.6217676401138306,0.09417795389890671,1,persuasive,0.6218,persuasive,0.3101,luxury,0.227,professional,1,1,professional,0.6,0.5,phi3_tiebreak,True
112,Create a social media campaign to increase brand awareness for a new eco-friendly fashion brand among young adults.,"Company: GreenThreads, a sustainable clothing brand Target Audience: Young adults aged 18-25, environmentally conscious, active on social media Constraints: Limited budget, high competition in the eco-friendly fashion market Goals: Increase brand awareness by 20%, drive website traffic, and generate leads Workflow Stage: Strategy","Increase brand awareness by 20%, drive website traffic, and generate leads Workflow Stage: Strategy","Company: GreenThreads, a sustainable clothing brand Target Audience: Young adults aged 18-25, environmentally conscious, active on social media Constraints: Limited budget, high competition in the eco-friendly fashion market","Company: GreenThreads, a sustainable clothing brand Target Audience: Young adults aged 18-25, environmentally conscious, active on social media Constraints: Limited budget, high competition in the eco-friendly fashion market","""GreenThreads' 'Eco-Warrior' campaign will leverage Instagram Reels, TikTok, and Facebook to showcase eco-friendly fashion tips, behind-the-scenes content, and influencer partnerships. Utilize relevant hashtags, collaborate with micro-influencers, and run targeted ads to reach our audience. Allocate 30% of the budget to influencer partnerships, 20% to ad spend, and 50% to content creation. Launch a referral program to incentivize user-generated content and drive website traffic.""",,0.0,,0.060655705630779266,0.16415385901927948,0.07248002290725708,0.06287550926208496,0.4397161900997162,0.20011870563030243,1,persuasive,0.4397,humorous,0.2605,professional,0.213,professional,1,1,professional,0.6,0.5,phi3_tiebreak,True
113,Develop a content calendar for a B2B software company to establish thought leadership in the industry.,"Company: TechFusion, a cloud-based project management tool Target Audience: Business owners, IT professionals, and project managers Constraints: Limited content creation resources, need to repurpose existing content Goals: Establish thought leadership, increase website traffic, and generate leads Workflow Stage: Content Calendar","Establish thought leadership, increase website traffic, and generate leads Workflow Stage: Content Calendar","Company: TechFusion, a cloud-based project management tool Target Audience: Business owners, IT professionals, and project managers Constraints: Limited content creation resources, need to repurpose existing content","Company: TechFusion, a cloud-based project management tool Target Audience: Business owners, IT professionals, and project managers Constraints: Limited content creation resources, need to repurpose existing content","Create a 3-month content calendar focusing on industry trends, best practices, and product tutorials. Repurpose existing blog posts into social media posts, email newsletters, and LinkedIn articles. Allocate 2 weeks for content creation, 1 week for review, and 1 week for publishing. Utilize AI-powered content generation tools to optimize and personalize content. Share user-generated content and host webinars to showcase expertise and build trust.",professional,0.5875,industry,0.08238885551691055,0.266185462474823,0.17333866655826569,0.06966723501682281,0.24891877174377441,0.15950092673301697,1,professional,0.2662,professional,0.2892,luxury,0.1783,professional,1,1,professional,0.5234,1.0,rule_zero_shot_agreement,True
114,Design an email marketing campaign to promote a new product launch for an e-commerce company.,"Company: ShopDelight, an online retailer of home decor and furniture Target Audience: Existing customers and subscribers Constraints: Limited time frame, need to create a sense of urgency Goals: Drive sales, increase website traffic, and encourage social sharing Workflow Stage: Email Copywriting","Drive sales, increase website traffic, and encourage social sharing Workflow Stage: Email Copywriting","Company: ShopDelight, an online retailer of home decor and furniture Target Audience: Existing customers and subscribers Constraints: Limited time frame, need to create a sense of urgency","Company: ShopDelight, an online retailer of home decor and furniture Target Audience: Existing customers and subscribers Constraints: Limited time frame, need to create a sense of urgency","""ShopDelight's 'New Arrival' email campaign will feature a limited-time discount, exclusive early access, and a 'buy now' call-to-action. Use a countdown timer to create a sense of urgency and encourage social sharing with a 'share and win' incentive. Segment",persuasive,0.8269,buy now|discount,0.001482444815337658,0.016143491491675377,0.008633485995233059,0.004320967476814985,0.949830949306488,0.019588632509112358,1,persuasive,0.9498,persuasive,0.8399,humorous,0.0588,,0,0,persuasive,0.9341,1.0,rule_zero_shot_agreement,False
115,Create a social media campaign to raise awareness about a new eco-friendly product line.,"Company: GreenCycle, a sustainable products manufacturer Target Audience: Environmentally conscious consumers aged 25-45 Constraints: Limited budget of $5,000 Goals: Increase brand awareness, drive website traffic, and generate leads Workflow Stage: Strategy","Increase brand awareness, drive website traffic, and generate leads Workflow Stage: Strategy","Company: GreenCycle, a sustainable products manufacturer Target Audience: Environmentally conscious consumers aged 25-45 Constraints: Limited budget of $5,000","Company: GreenCycle, a sustainable products manufacturer Target Audience: Environmentally conscious consumers aged 25-45 Constraints: Limited budget of $5,000","Launch a 6-week social media campaign across Facebook, Instagram, and Twitter, focusing on engaging visuals and influencer partnerships. Allocate $2,000 for sponsored content, $1,500 for influencer collaborations, and $1,500 for content creation. Utilize relevant hashtags and tag eco-conscious influencers to amplify reach.",,0.0,,0.09700717031955719,0.1326117366552353,0.12626536190509796,0.05733099207282066,0.3349359631538391,0.2518487572669983,1,persuasive,0.3349,humorous,0.2918,friendly,0.1969,professional,1,1,professional,0.6,0.5,phi3_tiebreak,True
116,Develop a targeted email marketing campaign to promote a new luxury watch collection.,"Company: Timeless Watches, a high-end watch manufacturer Target Audience: Affluent individuals aged 35-55 Constraints: Email list of 10,000 subscribers Goals: Drive sales, increase brand loyalty, and encourage referrals Workflow Stage: Copywriting","Drive sales, increase brand loyalty, and encourage referrals Workflow Stage: Copywriting","Company: Timeless Watches, a high-end watch manufacturer Target Audience: Affluent individuals aged 35-55 Constraints: Email list of 10,000 subscribers","Company: Timeless Watches, a high-end watch manufacturer Target Audience: Affluent individuals aged 35-55 Constraints: Email list of 10,000 subscribers","Design a 3-email sequence showcasing the new collection's features, craftsmanship, and exclusive offers. Use personalized subject lines and greetings, and include a limited-time discount for loyal customers. Create a sense of urgency with a countdown timer and scarcity messaging.",luxury,0.2292,exclusive,0.010662115179002285,0.035809241235256195,0.19019261002540588,0.01386203896254301,0.7377501726150513,0.011723785661160946,1,persuasive,0.7378,persuasive,0.4481,luxury,0.37,persuasive,1,1,persuasive,0.5181,0.6667,three_method_majority,True
117,Create a series of Instagram Reels to promote a new fitness program.,"Company: FitZone, a fitness and wellness center Target Audience: Health-conscious individuals aged 18-35 Constraints: Limited video production budget Goals: Increase brand awareness, drive engagement, and generate leads Workflow Stage: Image Generation","Increase brand awareness, drive engagement, and generate leads Workflow Stage: Image Generation","Company: FitZone, a fitness and wellness center Target Audience: Health-conscious individuals aged 18-35 Constraints: Limited video production budget","Company: FitZone, a fitness and wellness center Target Audience: Health-conscious individuals aged 18-35 Constraints: Limited video production budget","Develop a 6-Reel series showcasing the program's benefits, success stories, and behind-the-scenes content. Utilize a mix of high-energy music, bold text overlays, and eye-catching visuals. Allocate $1,000 for Reel production and $500 for influencer partnerships.",,0.0,,0.0056558772921562195,0.020953599363565445,0.07002956420183182,0.022173108533024788,0.7787519693374634,0.10243590921163559,1,persuasive,0.7788,persuasive,0.4943,humorous,0.2208,persuasive,1,1,persuasive,0.5643,1.0,three_method_majority,True
118,Optimize a company website for search engines to improve visibility and drive organic traffic.,"Company: TechCorp, a software development company Target Audience: Business owners and IT professionals Constraints: Limited technical expertise Goals: Increase organic traffic, improve search engine rankings, and drive conversions Workflow Stage: Strategy","Increase organic traffic, improve search engine rankings, and drive conversions Workflow Stage: Strategy","Company: TechCorp, a software development company Target Audience: Business owners and IT professionals Constraints: Limited technical expertise","Company: TechCorp, a software development company Target Audience: Business owners and IT professionals Constraints: Limited technical expertise","Conduct a thorough website audit to identify technical and content-related issues. Implement keyword research, on-page optimization, and internal linking strategies. Allocate $2,000 for SEO",professional,0.6333,research,0.06063241884112358,0.21195459365844727,0.15187469124794006,0.07004059106111526,0.3828144073486328,0.12268330156803131,1,persuasive,0.3828,professional,0.2614,luxury,0.1773,professional,1,1,professional,0.5288,1.0,rule_zero_shot_agreement,True
119,Create a social media campaign to increase brand awareness among young adults for a sustainable fashion brand.,"Company: GreenThreads, a sustainable fashion brand targeting 18-35-year-olds. Goals: Increase brand awareness by 20% and drive website traffic by 30%. Constraints: Limited budget of $1,000. Workflow stage: Strategy.",Increase brand awareness by 20% and drive website traffic by 30%.,"Company: GreenThreads, a sustainable fashion brand targeting 18-35-year-olds. Constraints: Limited budget of $1,000. Workflow stage: Strategy.","Company: GreenThreads, a sustainable fashion brand targeting 18-35-year-olds. Constraints: Limited budget of $1,000. Workflow stage: Strategy.","""Green Revolution"" social media campaign: Partner with eco-influencers to showcase GreenThreads' sustainable clothing. Utilize Instagram Reels and TikTok to share engaging, informative content highlighting the brand's commitment to sustainability. Allocate $300 for influencer collaborations, $200 for content creation, and $500 for paid social media ads targeting young adults.",,0.0,,0.08762360364198685,0.20693513751029968,0.06271854043006897,0.0699278861284256,0.47483357787132263,0.09796121716499329,1,persuasive,0.4748,professional,0.2684,friendly,0.1998,professional,1,1,professional,0.3384,1.0,three_method_majority,True
120,Develop a content marketing strategy to educate B2B customers about the benefits of AI-powered software solutions.,"Company: TechFusion, a B2B AI software provider targeting IT professionals and business owners. Goals: Increase lead generation by 25% and establish thought leadership in the industry. Constraints: Limited content creation resources. Workflow stage: Content creation.",Increase lead generation by 25% and establish thought leadership in the industry.,"Company: TechFusion, a B2B AI software provider targeting IT professionals and business owners. Constraints: Limited content creation resources. Workflow stage: Content creation.","Company: TechFusion, a B2B AI software provider targeting IT professionals and business owners. Constraints: Limited content creation resources. Workflow stage: Content creation.","""AI Insights"" blog series: Create informative articles, whitepapers, and webinars showcasing the benefits and applications of AI-powered software solutions. Utilize SEO optimization and social media promotion to increase visibility. Repurpose content into email newsletters and LinkedIn posts to reach a wider audience.",professional,0.6333,insights,0.0735270231962204,0.26386114954948425,0.15760676562786102,0.04460906609892845,0.3692972958087921,0.09109874069690704,1,persuasive,0.3693,professional,0.324,luxury,0.1832,professional,1,1,professional,0.5632,1.0,rule_zero_shot_agreement,True
121,Design an email marketing campaign to nurture leads and encourage conversions for a fitness and wellness center.,"Company: FitZone, a fitness and wellness center targeting individuals aged 25-50. Goals: Increase conversion rates by 15% and boost membership sales by 20%. Constraints: Limited email list. Workflow stage: Email marketing.",Increase conversion rates by 15% and boost membership sales by 20%.,"Company: FitZone, a fitness and wellness center targeting individuals aged 25-50. Constraints: Limited email list. Workflow stage: Email marketing.","Company: FitZone, a fitness and wellness center targeting individuals aged 25-50. Constraints: Limited email list. Workflow stage: Email marketing.","""Get Fit, Feel Great"" email campaign: Create a 5-email series offering exclusive promotions, workout tips, and wellness advice. Utilize personalization and segmentation to tailor content to individual interests and fitness goals. Include clear calls-to-action (CTAs) to encourage membership sign-ups and class bookings.",luxury,0.4092,exclusive,0.026532910764217377,0.02866947278380394,0.04093446955084801,0.024609174579381943,0.8353110551834106,0.04394294321537018,1,persuasive,0.8353,persuasive,0.5555,friendly,0.105,persuasive,1,1,persuasive,0.6255,0.6667,three_method_majority,False
122,Create a paid advertising campaign to drive sales for an e-commerce platform specializing in outdoor gear and equipment.,"Company: AdventureHub, an e-commerce platform targeting outdoor enthusiasts. Goals: Increase sales by 30% and boost website traffic by 25%. Constraints: Limited budget of $5,000. Workflow stage: Paid advertising.",Increase sales by 30% and boost website traffic by 25%.,"Company: AdventureHub, an e-commerce platform targeting outdoor enthusiasts. Constraints: Limited budget of $5,000. Workflow stage: Paid advertising.","Company: AdventureHub, an e-commerce platform targeting outdoor enthusiasts. Constraints: Limited budget of $5,000. Workflow stage: Paid advertising.","""Explore the Great Outdoors"" Google Ads campaign: Target",persuasive,0.4867,,0.08230585604906082,0.13423185050487518,0.09370055794715881,0.10506895184516907,0.36225032806396484,0.22244243323802948,1,persuasive,0.3623,humorous,0.2577,emotional,0.1942,persuasive,1,1,persuasive,0.5567,0.6667,three_method_majority,True
123,Develop a social media campaign to increase brand awareness among millennials for a new eco-friendly fashion brand.,"Company: GreenThreads Target Audience: Millennials (18-35) interested in sustainable living Constraints: Limited budget, 6-week timeline Goals: Increase followers by 50%, boost engagement by 200% Workflow Stage: Strategy","Increase followers by 50%, boost engagement by 200% Workflow Stage: Strategy","Company: GreenThreads Target Audience: Millennials (18-35) interested in sustainable living Constraints: Limited budget, 6-week timeline","Company: GreenThreads Target Audience: Millennials (18-35) interested in sustainable living Constraints: Limited budget, 6-week timeline","Create a social media contest, ""Eco-Chic Challenge,"" where followers share their favorite eco-friendly fashion tips using a branded hashtag. Partner with influencers and offer a discount code for participants. Utilize Instagram Reels and TikTok for engaging content.",persuasive,0.8625,discount|offer,0.0657913088798523,0.12551677227020264,0.11185615509748459,0.056627992540597916,0.3971050977706909,0.24310272932052612,1,persuasive,0.3971,humorous,0.3053,professional,0.1571,persuasive,1,1,persuasive,0.9325,0.6667,three_method_majority,False
124,Design an email marketing campaign to nurture leads for a B2B software company.,"Company: TechCorp Target Audience: Business owners and decision-makers in the tech industry Constraints: 3-email sequence, 2-week timeline Goals: Increase conversion rates by 15% Workflow Stage: Copywriting",Increase conversion rates by 15% Workflow Stage: Copywriting,"Company: TechCorp Target Audience: Business owners and decision-makers in the tech industry Constraints: 3-email sequence, 2-week timeline","Company: TechCorp Target Audience: Business owners and decision-makers in the tech industry Constraints: 3-email sequence, 2-week timeline","Craft a personalized email sequence focusing on pain points, success stories, and exclusive offers. Use AI-powered email optimization tools to ensure optimal send times and subject lines. Include a clear call-to-action (CTA) in each email.",luxury,0.6792,exclusive,0.009586133994162083,0.02143227681517601,0.034826263785362244,0.07498373091220856,0.8465516567230225,0.012619919143617153,1,persuasive,0.8466,persuasive,0.5509,emotional,0.2643,persuasive,1,1,persuasive,0.6209,0.6667,three_method_majority,False
125,Create a comprehensive content marketing strategy for a new health and wellness blog.,"Company: HealthyLiving Target Audience: Fitness enthusiasts and health-conscious individuals Constraints: Limited resources, 12-week timeline Goals: Increase organic traffic by 50%, establish authority in the niche Workflow Stage: Strategy","Increase organic traffic by 50%, establish authority in the niche Workflow Stage: Strategy","Company: HealthyLiving Target Audience: Fitness enthusiasts and health-conscious individuals Constraints: Limited resources, 12-week timeline","Company: HealthyLiving Target Audience: Fitness enthusiasts and health-conscious individuals Constraints: Limited resources, 12-week timeline","Develop a content calendar focusing on evergreen topics, guest posts, and SEO optimization. Utilize AI-powered content generation tools to streamline production. Create a lead magnet, such as a free e-book, to capture email addresses.",persuasive,0.4867,,0.0714389756321907,0.1831636130809784,0.14604757726192474,0.04733821377158165,0.3656703233718872,0.1863413155078888,1,persuasive,0.3657,humorous,0.2286,professional,0.2239,professional,1,1,professional,0.6,0.3333,phi3_tiebreak,True
126,Develop a targeted Facebook ad campaign for a local car dealership.,"Company: AutoMax Target Audience: Car buyers in the local area Constraints: Limited budget, 4-week timeline Goals: Increase sales by 20% Workflow Stage: Image Generation",Increase sales by 20% Workflow Stage: Image Generation,"Company: AutoMax Target Audience: Car buyers in the local area Constraints: Limited budget, 4-week timeline","Company: AutoMax Target Audience: Car buyers in the local area Constraints: Limited budget, 4-week timeline","Create eye-catching ads featuring popular car models, special offers, and customer testimonials. Utilize Facebook's AI-powered ad optimization tools to target high-intent buyers. Include a clear CTA and track conversions using Facebook Pixel.",,0.0,,0.01332418154925108,0.041818588972091675,0.09677821397781372,0.04969256743788719,0.7509965300559998,0.04738994687795639,1,persuasive,0.751,persuasive,0.4387,luxury,0.1811,professional,1,1,professional,0.6,0.5,phi3_tiebreak,True
127,Create a social media campaign to increase brand awareness and drive sales for a new eco-friendly product.,"Company: GreenCycle (a startup specializing in sustainable home goods) Target Audience: Environmentally conscious consumers aged 25-45 Constraints: Limited budget ($5,000) Goals: 20% increase in brand awareness, 15% increase in sales Workflow Stage: Strategy","20% increase in brand awareness, 15% increase in sales Workflow Stage: Strategy","Company: GreenCycle (a startup specializing in sustainable home goods) Target Audience: Environmentally conscious consumers aged 25-45 Constraints: Limited budget ($5,000)","Company: GreenCycle (a startup specializing in sustainable home goods) Target Audience: Environmentally conscious consumers aged 25-45 Constraints: Limited budget ($5,000)","Launch a social media contest, ""Eco-Challenge,"" where followers share their eco-friendly habits and tag friends. Partner with influencers to promote the contest and GreenCycle's new product. Offer a 10% discount to participants and feature the best eco-friendly tips on the company's social media channels.",persuasive,0.8625,discount|offer,0.045934390276670456,0.110393226146698,0.0751580223441124,0.048488181084394455,0.5761821866035461,0.14384399354457855,1,persuasive,0.5762,persuasive,0.2601,humorous,0.2205,persuasive,1,1,persuasive,0.6312,1.0,rule_zero_shot_agreement,False
128,Develop a content marketing strategy to establish a financial services company as a thought leader in the industry.,"Company: Prosperity Advisors (a mid-sized financial services firm) Target Audience: High-net-worth individuals and business owners Constraints: Limited content creation resources Goals: 30% increase in website traffic, 25% increase in lead generation Workflow Stage: Content Creation","30% increase in website traffic, 25% increase in lead generation Workflow Stage: Content Creation",Company: Prosperity Advisors (a mid-sized financial services firm) Target Audience: High-net-worth individuals and business owners Constraints: Limited content creation resources,Company: Prosperity Advisors (a mid-sized financial services firm) Target Audience: High-net-worth individuals and business owners Constraints: Limited content creation resources,"Create a blog series, ""Prosperity Insights,"" focusing on industry trends, market analysis, and expert advice. Utilize AI-powered content generation to produce high-quality, engaging articles. Repurpose content into social media posts, email newsletters, and video scripts to maximize reach.",professional,1.0,industry|insights|expert|analysis,0.0545593723654747,0.35716545581817627,0.17485426366329193,0.05103902146220207,0.25103116035461426,0.11135074496269226,1,professional,0.3572,professional,0.403,luxury,0.1868,professional,1,1,professional,0.7717,1.0,rule_zero_shot_agreement,False
129,Design an email marketing campaign to nurture leads and drive conversions for a B2B software company.,"Company: TechForge (a B2B software development firm) Target Audience: Business owners and decision-makers in the tech industry Constraints: Limited email list (5,000 subscribers) Goals: 25% increase in lead nurturing, 20% increase in conversions Workflow Stage: Email Marketing","25% increase in lead nurturing, 20% increase in conversions Workflow Stage: Email Marketing","Company: TechForge (a B2B software development firm) Target Audience: Business owners and decision-makers in the tech industry Constraints: Limited email list (5,000 subscribers)","Company: TechForge (a B2B software development firm) Target Audience: Business owners and decision-makers in the tech industry Constraints: Limited email list (5,000 subscribers)","Create a lead nurturing email series, ""TechForge Insights,"" offering valuable content, industry news, and expert advice. Use AI-powered personalization to tailor emails to individual interests and behaviors. Include clear calls-to-action and track engagement metrics to optimize future campaigns.",professional,0.9083,industry|insights|expert,0.03934047743678093,0.05016126111149788,0.06292612850666046,0.01981939747929573,0.7920220494270325,0.035730645060539246,1,persuasive,0.792,persuasive,0.4871,friendly,0.1439,professional,1,1,professional,0.96,0.6667,three_method_majority,False
130,Develop a social media strategy for a new eco-friendly fashion brand targeting Gen Z consumers.,"Company: Green Threads, a startup fashion brand offering sustainable clothing options. Target audience: Gen Z consumers (18-24 years old) who prioritize environmental sustainability. Constraints: Limited budget, high competition in the eco-friendly fashion market. Goals: Increase brand awareness, drive website traffic, and generate sales. Workflow stage: Strategy.","Increase brand awareness, drive website traffic, and generate sales. Workflow stage: Strategy.","Company: Green Threads, a startup fashion brand offering sustainable clothing options. Target audience: Gen Z consumers (18-24 years old) who prioritize environmental sustainability. Constraints: Limited budget, high competition in the eco-friendly fashion market.","Company: Green Threads, a startup fashion brand offering sustainable clothing options. Target audience: Gen Z consumers (18-24 years old) who prioritize environmental sustainability. Constraints: Limited budget, high competition in the eco-friendly fashion market.","Create a social media strategy focusing on Instagram, TikTok, and Pinterest. Share engaging content (images, videos, Reels) showcasing eco-friendly materials, production processes, and customer testimonials. Utilize hashtags #ecofashion, #sustainability, and #fashionforacause. Collaborate with eco-conscious influencers for sponsored content and product reviews. Allocate $1,000 for Instagram and TikTok ads targeting Gen Z users.",professional,0.5875,strategy,0.07942523062229156,0.1463421732187271,0.09010931104421616,0.2364993542432785,0.31034937500953674,0.1372745782136917,1,persuasive,0.3103,emotional,0.3866,professional,0.1494,professional,1,1,professional,0.6575,0.6667,three_method_majority,False
131,Design an email marketing campaign for a B2B software company promoting a new AI-powered tool.,"Company: TechCorp, a B2B software company offering innovative solutions for businesses. Target audience: Business owners, IT managers, and decision-makers in various industries. Constraints: High competition in the B2B software market, limited email list. Goals: Generate leads, increase software demos, and drive sales. Workflow stage: Email copywriting.","Generate leads, increase software demos, and drive sales. Workflow stage: Email copywriting.","Company: TechCorp, a B2B software company offering innovative solutions for businesses. Target audience: Business owners, IT managers, and decision-makers in various industries. Constraints: High competition in the B2B software market, limited email list.","Company: TechCorp, a B2B software company offering innovative solutions for businesses. Target audience: Business owners, IT managers, and decision-makers in various industries. Constraints: High competition in the B2B software market, limited email list.","Create a 3-email campaign highlighting the benefits of the AI-powered tool, including increased efficiency, accuracy, and cost savings. Email 1: Introduction to the tool and its features. Email 2: Success stories and testimonials from existing clients. Email 3: Exclusive demo invitation and promotion. Utilize a conversational tone, compelling visuals, and a clear call-to-action (CTA).",luxury,0.6792,exclusive,0.03772171959280968,0.022790392860770226,0.022333523258566856,0.02081620879471302,0.8825926780700684,0.013745437376201153,1,persuasive,0.8826,persuasive,0.6237,friendly,0.1586,persuasive,1,1,persuasive,0.6937,0.6667,three_method_majority,False
132,Develop a content marketing strategy for a healthcare organization targeting patients with chronic conditions.,"Company: HealthPro, a healthcare organization offering specialized services for patients with chronic conditions. Target audience: Patients with diabetes, heart disease, and chronic pain. Constraints: Sensitive topic, regulatory compliance. Goals: Educate patients, increase engagement, and drive appointments. Workflow stage: Content creation.","Educate patients, increase engagement, and drive appointments. Workflow stage: Content creation.","Company: HealthPro, a healthcare organization offering specialized services for patients with chronic conditions. Target audience: Patients with diabetes, heart disease, and chronic pain. Constraints: Sensitive topic, regulatory compliance.","Company: HealthPro, a healthcare organization offering specialized services for patients with chronic conditions. Target audience: Patients with diabetes, heart disease, and chronic pain. Constraints: Sensitive topic, regulatory compliance.","Create a content hub on the HealthPro website featuring informative articles, videos, and podcasts on chronic condition management, treatment options, and lifestyle tips. Host webinars and online workshops with healthcare experts. Utilize SEO keywords, meta tags, and optimize content for accessibility. Share content on social media and via email newsletters.",,0.0,,0.11093936115503311,0.1770557463169098,0.1495291143655777,0.07245391607284546,0.3252469599246979,0.16477496922016144,1,persuasive,0.3252,friendly,0.2189,professional,0.1987,professional,1,1,professional,0.6,0.5,phi3_tiebreak,True
133,Develop a social media campaign to increase brand awareness among millennials.,"Company: EcoCycle, a sustainable fashion brand Target Audience: Millennials aged 22-35 Constraints: Limited budget of $10,000 Goals: Increase brand followers by 500% in 3 months Workflow Stage: Strategy",Increase brand followers by 500% in 3 months Workflow Stage: Strategy,"Company: EcoCycle, a sustainable fashion brand Target Audience: Millennials aged 22-35 Constraints: Limited budget of $10,000","Company: EcoCycle, a sustainable fashion brand Target Audience: Millennials aged 22-35 Constraints: Limited budget of $10,000","Create a social media campaign ""EcoRevolution"" focusing on Instagram, TikTok, and Facebook. Collaborate with 5 eco-influencers to showcase EcoCycle's sustainable fashion practices. Utilize Instagram Reels and TikTok videos to share behind-the-scenes content, customer testimonials, and eco-friendly tips. Allocate $3,000 for influencer partnerships, $2,000 for content creation, and $5,000 for targeted ads.",,0.0,,0.06584212929010391,0.1689155250787735,0.11320675164461136,0.12940698862075806,0.3680878281593323,0.15454068779945374,1,persuasive,0.3681,emotional,0.2401,professional,0.1958,professional,1,1,professional,0.6,0.5,phi3_tiebreak,True
134,Design a targeted email campaign to promote a new product launch.,"Company: TechCorp, a software development company Target Audience: Small business owners and entrepreneurs Constraints: Limited email list of 1,000 subscribers Goals: Increase sales by 20% within 2 months Workflow Stage: Copywriting",Increase sales by 20% within 2 months Workflow Stage: Copywriting,"Company: TechCorp, a software development company Target Audience: Small business owners and entrepreneurs Constraints: Limited email list of 1,000 subscribers","Company: TechCorp, a software development company Target Audience: Small business owners and entrepreneurs Constraints: Limited email list of 1,000 subscribers","Create a 3-email sequence campaign ""Unlock Your Business Potential"" highlighting the benefits of TechCorp's new software solution. Email 1: Introduction to the product and its features. Email 2: Success stories and testimonials from beta testers. Email 3: Exclusive discount offer for subscribers. Use a conversational tone and personalize the content using the subscriber's name and business type.",persuasive,0.5625,discount|offer,0.2519737780094147,0.091858871281147,0.0563078299164772,0.15563757717609406,0.357507586479187,0.08671441674232483,1,persuasive,0.3575,friendly,0.4301,emotional,0.2419,friendly,1,1,friendly,0.5001,0.6667,three_method_majority,True
135,Generate a social media content calendar to increase engagement.,"Company: FitFusion, a fitness studio Target Audience: Fitness enthusiasts and athletes Constraints: Limited content creation resources Goals: Increase engagement by 50% in 6 months Workflow Stage: Post Scheduling",Increase engagement by 50% in 6 months Workflow Stage: Post Scheduling,"Company: FitFusion, a fitness studio Target Audience: Fitness enthusiasts and athletes Constraints: Limited content creation resources","Company: FitFusion, a fitness studio Target Audience: Fitness enthusiasts and athletes Constraints: Limited content creation resources","Create a content calendar focusing on Instagram and Facebook. Post frequency: 3 times a week. Content mix: 40% workout tips and tutorials, 30% customer success stories, 15% promotions and events, and 15% behind-the-scenes content. Utilize Instagram Stories and Facebook Live to share exclusive content and interact with followers. Schedule posts using a mix of popular hashtags and brand-specific hashtags.",luxury,0.6792,exclusive,0.08200915902853012,0.12743018567562103,0.18050934374332428,0.14154508709907532,0.2600215971469879,0.2084846794605255,1,persuasive,0.26,emotional,0.2372,humorous,0.219,professional,1,1,professional,0.6,0.3333,phi3_tiebreak,True
136,Develop a social media strategy for a new eco-friendly fashion brand targeting Gen Z consumers.,"Company: Verde Clothing; Target Audience: Gen Z fashion enthusiasts; Constraints: Limited budget, high competition; Goals: Increase brand awareness, drive website traffic; Workflow Stage: Strategy","Increase brand awareness, drive website traffic; Workflow Stage: Strategy","Company: Verde Clothing; Target Audience: Gen Z fashion enthusiasts; Constraints: Limited budget, high competition;","Company: Verde Clothing; Target Audience: Gen Z fashion enthusiasts; Constraints: Limited budget, high competition;","Create a social media campaign focused on Instagram and TikTok, leveraging hashtags #ecofashion and #sustainability. Collaborate with eco-conscious influencers for sponsored content. Utilize Instagram Reels and TikTok's ""Reaction"" feature to engage with users. Allocate 30% of the budget to Instagram Ads targeting users who have shown interest in eco-friendly products.",,0.0,,0.07658424973487854,0.16894681751728058,0.11409397423267365,0.08923017978668213,0.37720823287963867,0.17393653094768524,1,persuasive,0.3772,humorous,0.2077,professional,0.201,professional,1,1,professional,0.6,0.5,phi3_tiebreak,True
137,Design an email marketing campaign for a B2B software company promoting a new AI-powered tool.,"Company: Apex Software; Target Audience: IT professionals, business owners; Constraints: Limited time, technical complexity; Goals: Generate leads, schedule demos; Workflow Stage: Email Copywriting","Generate leads, schedule demos; Workflow Stage: Email Copywriting","Company: Apex Software; Target Audience: IT professionals, business owners; Constraints: Limited time, technical complexity;","Company: Apex Software; Target Audience: IT professionals, business owners; Constraints: Limited time, technical complexity;","Craft a 3-email sequence: Email 1 introduces the AI-powered tool, highlighting its benefits and features. Email 2 showcases a case study demonstrating the tool's success. Email 3 offers a personalized demo invitation, leveraging the recipient's company name and industry. Use a clear, concise tone and include a prominent CTA button.",professional,0.8167,industry|case study,0.046294569969177246,0.2228815257549286,0.05648809298872948,0.010113133117556572,0.6320436596870422,0.03217903524637222,1,persuasive,0.632,professional,0.3758,persuasive,0.315,professional,1,1,professional,0.6742,1.0,rule_zero_shot_agreement,False
138,Create a content calendar for a food delivery service targeting busy professionals.,"Company: QuickBite; Target Audience: Urban, working professionals; Constraints: High competition, limited resources; Goals: Increase brand visibility, drive orders; Workflow Stage: Post Scheduling","Increase brand visibility, drive orders; Workflow Stage: Post Scheduling","Company: QuickBite; Target Audience: Urban, working professionals; Constraints: High competition, limited resources;","Company: QuickBite; Target Audience: Urban, working professionals; Constraints: High competition, limited resources;","Develop a content calendar focusing on Instagram and Facebook, posting 3 times a week. Monday: Share a ""Motivation Monday"" quote related to food and productivity. Wednesday: Feature a ""Wednesday Wisdom"" post highlighting a healthy eating tip. Friday: Post a ""Friday Foodie"" feature showcasing a popular menu item. Utilize Instagram Stories and Facebook Live to engage with users.",,0.0,,0.05656673386693001,0.09193673729896545,0.08435913920402527,0.16957855224609375,0.43631505966186523,0.16124382615089417,1,persuasive,0.4363,emotional,0.3257,humorous,0.1941,professional,1,1,professional,0.6,0.5,phi3_tiebreak,True
139,Develop a video marketing strategy for a luxury car brand targeting high-end consumers.,"Company: Prestige Motors; Target Audience: Affluent individuals; Constraints: High production costs, limited audience reach; Goals: Showcase brand heritage, drive dealership visits; Workflow Stage: Video Production","Showcase brand heritage, drive dealership visits; Workflow Stage: Video Production","Company: Prestige Motors; Target Audience: Affluent individuals; Constraints: High production costs, limited audience reach;","Company: Prestige Motors; Target Audience: Affluent individuals; Constraints: High production costs, limited audience reach;","Create a documentary-style video series highlighting the brand's history, craftsmanship, and exclusive events. Partner with popular luxury lifestyle influencers for narrations. Utilize YouTube, Instagram,",luxury,1.0,luxury|exclusive,0.014820749871432781,0.10182517766952515,0.6544986367225647,0.051102932542562485,0.14278434216976166,0.0349680557847023,1,luxury,0.6545,luxury,0.6834,professional,0.1123,,0,0,luxury,0.9259,1.0,rule_zero_shot_agreement,False
140,Create a social media campaign to increase brand awareness among young adults for a sustainable fashion brand.,"Company: GreenThreads, a sustainable fashion brand Target Audience: Young adults (18-30) interested in eco-friendly products Constraints: Limited budget ($1,000) Goals: Increase brand awareness, drive website traffic Workflow Stage: Strategy","Increase brand awareness, drive website traffic Workflow Stage: Strategy","Company: GreenThreads, a sustainable fashion brand Target Audience: Young adults (18-30) interested in eco-friendly products Constraints: Limited budget ($1,000)","Company: GreenThreads, a sustainable fashion brand Target Audience: Young adults (18-30) interested in eco-friendly products Constraints: Limited budget ($1,000)","Launch a social media contest, ""Eco-Chic Challenge,"" where followers share their own sustainable fashion tips and tricks using a branded hashtag. Partner with eco-influencers to amplify the campaign. Allocate $500 for influencer partnerships and $500 for sponsored ads.",,0.0,,0.0386810265481472,0.11525066941976547,0.09254525601863861,0.04164997488260269,0.5977776050567627,0.11409545689821243,1,persuasive,0.5978,persuasive,0.281,professional,0.1833,persuasive,1,1,persuasive,0.351,1.0,three_method_majority,True
141,Develop a content marketing strategy to establish thought leadership for a B2B AI solutions company.,"Company: AI Pro Solutions, a B2B AI solutions provider Target Audience: Business decision-makers in the tech industry Constraints: Limited content creation resources Goals: Establish thought leadership, generate leads Workflow Stage: Strategy","Establish thought leadership, generate leads Workflow Stage: Strategy","Company: AI Pro Solutions, a B2B AI solutions provider Target Audience: Business decision-makers in the tech industry Constraints: Limited content creation resources","Company: AI Pro Solutions, a B2B AI solutions provider Target Audience: Business decision-makers in the tech industry Constraints: Limited content creation resources","Create a comprehensive eBook, ""The AI Revolution in Business,"" and offer it as a free download on the company website. Utilize existing content and update it with fresh insights. Promote the eBook through LinkedIn ads and sponsored content.",professional,0.5137,insights|business,0.06859598308801651,0.18157267570495605,0.15170668065547943,0.061048753559589386,0.3575352430343628,0.17954061925411224,1,persuasive,0.3575,professional,0.2189,humorous,0.2173,professional,1,1,professional,0.4516,1.0,rule_zero_shot_agreement,True
142,Design an email marketing campaign to promote a new product launch for an e-commerce company.,"Company: OnlineShop, an e-commerce retailer Target Audience: Existing customers and subscribers Constraints: Limited time frame (2 weeks) Goals: Drive sales, increase brand engagement Workflow Stage: Copywriting","Drive sales, increase brand engagement Workflow Stage: Copywriting","Company: OnlineShop, an e-commerce retailer Target Audience: Existing customers and subscribers Constraints: Limited time frame (2 weeks)","Company: OnlineShop, an e-commerce retailer Target Audience: Existing customers and subscribers Constraints: Limited time frame (2 weeks)","Craft a series of three emails: a teaser email with a countdown timer, a launch email with exclusive promotions, and a follow-up email with social proof and user-generated content. Use a conversational tone and eye-catching visuals.",luxury,0.6792,exclusive,0.2904534637928009,0.009227809496223927,0.08601094782352448,0.01732705719769001,0.42115265130996704,0.17582805454730988,1,persuasive,0.4212,friendly,0.5491,humorous,0.1897,friendly,1,1,friendly,0.6191,0.6667,three_method_majority,True
143,Create a social media image campaign to increase engagement for a travel company.,"Company: WanderLust, a travel company Target Audience: Travel enthusiasts (25-50) Constraints: Limited design resources Goals: Increase engagement, drive website traffic Workflow Stage: Image Generation","Increase engagement, drive website traffic Workflow Stage: Image Generation","Company: WanderLust, a travel company Target Audience: Travel enthusiasts (25-50) Constraints: Limited design resources","Company: WanderLust, a travel company Target Audience: Travel enthusiasts (25-50) Constraints: Limited design resources",Develop a visually appealing image series showcasing breathtaking destinations. Utilize Instagram-friendly formats and include a clear call-to-action (CTA) in each image. Allocate $500 for image creation and $500 for sponsored ads.,,0.0,,0.01919730380177498,0.019278110936284065,0.038031984120607376,0.009274234995245934,0.8776401281356812,0.03657829761505127,1,persuasive,0.8776,persuasive,0.6485,humorous,0.0918,professional,1,1,professional,0.6,0.5,phi3_tiebreak,True
144,Create a social media campaign to increase brand awareness for a new eco-friendly fashion brand.,"Company: Green Threads, a sustainable fashion startup Target Audience: Young adults aged 18-30, environmentally conscious consumers Constraints: Limited budget, high competition in the fashion industry Goals: Increase followers by 20% in 3 months, drive website traffic by 15% Workflow Stage: Strategy","Increase followers by 20% in 3 months, drive website traffic by 15% Workflow Stage: Strategy","Company: Green Threads, a sustainable fashion startup Target Audience: Young adults aged 18-30, environmentally conscious consumers Constraints: Limited budget, high competition in the fashion industry","Company: Green Threads, a sustainable fashion startup Target Audience: Young adults aged 18-30, environmentally conscious consumers Constraints: Limited budget, high competition in the fashion industry","""Green Threads Challenge"": a 3-month social media campaign focusing on Instagram and TikTok, utilizing eco-influencers and user-generated content to showcase sustainable fashion. Collaborate with 5 influencers to create engaging content (images, videos, and Reels) highlighting the brand's eco-friendly materials and practices. Encourage users to share their own sustainable fashion choices using a branded hashtag, with a chance to win a free outfit.",,0.0,,0.07001122087240219,0.07353928685188293,0.0640142485499382,0.0728122666478157,0.5957034230232239,0.1239195391535759,1,persuasive,0.5957,persuasive,0.2611,humorous,0.1845,friendly,1,1,friendly,0.6,0.5,phi3_tiebreak,True
145,Develop a targeted email marketing campaign to promote a new AI-powered fitness app.,"Company: FitGenie, a fitness app using AI for personalized workout plans Target Audience: Fitness enthusiasts and gym-goers aged 25-45 Constraints: High competition in the fitness app market Goals: Acquire 10,000 new subscribers within 6 weeks Workflow Stage: Copywriting","Acquire 10,000 new subscribers within 6 weeks Workflow Stage: Copywriting","Company: FitGenie, a fitness app using AI for personalized workout plans Target Audience: Fitness enthusiasts and gym-goers aged 25-45 Constraints: High competition in the fitness app market","Company: FitGenie, a fitness app using AI for personalized workout plans Target Audience: Fitness enthusiasts and gym-goers aged 25-45 Constraints: High competition in the fitness app market","""Unlock Your Fitness Potential"" email campaign: a 6-email sequence focusing on the benefits of AI-driven fitness planning, success stories, and exclusive promotions. Use a conversational tone and attention-grabbing subject lines to increase open rates. Offer a 14-day free trial and a limited-time discount for new subscribers.",persuasive,0.6125,discount|offer,0.08476267755031586,0.01138477772474289,0.02748817391693592,0.0547468475997448,0.7431996464729309,0.0784178227186203,1,persuasive,0.7432,persuasive,0.3837,friendly,0.2604,persuasive,1,1,persuasive,0.5867,1.0,rule_zero_shot_agreement,True
146,Design an eye-catching image for a Facebook ad promoting a new vegan restaurant.,"Company: Viva Veggies, a vegan restaurant in a trendy neighborhood Target Audience: Foodies and health-conscious individuals aged 25-40 Constraints: Limited budget, need to stand out in a crowded food scene Goals: Drive traffic to the restaurant's website and increase reservations Workflow Stage: Image Generation",Drive traffic to the restaurant's website and increase reservations Workflow Stage: Image Generation,"Company: Viva Veggies, a vegan restaurant in a trendy neighborhood Target Audience: Foodies and health-conscious individuals aged 25-40 Constraints: Limited budget, need to stand out in a crowded food scene","Company: Viva Veggies, a vegan restaurant in a trendy neighborhood Target Audience: Foodies and health-conscious individuals aged 25-40 Constraints: Limited budget, need to stand out in a crowded food scene","Image: A vibrant, high-quality photo of a signature vegan dish, garnished with fresh herbs and edible flowers, on a rustic wooden table. Incorporate the restaurant's logo and a clear call-to-action (CTA) to ""Book Your Table Now.""",persuasive,0.4867,,0.006279397755861282,0.057754237204790115,0.19284135103225708,0.0032963170669972897,0.7283540368080139,0.011474640108644962,1,persuasive,0.7284,persuasive,0.4453,luxury,0.3776,persuasive,1,1,persuasive,0.5639,1.0,rule_zero_shot_agreement,True
147,Create a social media campaign to promote a new eco-friendly water bottle brand targeting environmentally conscious millennials.,"Company: Hydrate Green Target Audience: Millennials aged 25-35 who prioritize sustainability Constraints: Limited budget of $5,000 Goals: Increase brand awareness by 20% and drive sales by 15% within 6 weeks Workflow Stage: Strategy",Increase brand awareness by 20% and drive sales by 15% within 6 weeks Workflow Stage: Strategy,"Company: Hydrate Green Target Audience: Millennials aged 25-35 who prioritize sustainability Constraints: Limited budget of $5,000","Company: Hydrate Green Target Audience: Millennials aged 25-35 who prioritize sustainability Constraints: Limited budget of $5,000","Launch a social media contest, ""Share Your Green Moment,"" where followers share photos of themselves using Hydrate Green water bottles in eco-friendly settings. Partner with 5 eco-influencers to promote the contest and offer a 20% discount code for participants. Allocate $2,000 for influencer partnerships, $1,500 for ad spend, and $1,500 for content creation.",persuasive,0.6625,discount|offer,0.06409398466348648,0.16517288982868195,0.10005667060613632,0.0633334219455719,0.4470658004283905,0.16027723252773285,1,persuasive,0.4471,professional,0.2154,humorous,0.2097,persuasive,1,1,persuasive,0.7325,0.6667,three_method_majority,False
148,Develop a targeted email marketing campaign to nurture leads for a B2B software company.,"Company: SalesBoost Target Audience: Small business owners and sales teams Constraints: Email list of 5,000 subscribers Goals: Increase conversion rates by 12% and generate 50 new leads within 3 months Workflow Stage: Copywriting",Increase conversion rates by 12% and generate 50 new leads within 3 months Workflow Stage: Copywriting,"Company: SalesBoost Target Audience: Small business owners and sales teams Constraints: Email list of 5,000 subscribers","Company: SalesBoost Target Audience: Small business owners and sales teams Constraints: Email list of 5,000 subscribers","Create a 3-email nurture sequence focusing on pain points, success stories, and product benefits. Use AI-powered personalization to tailor content based on subscriber interactions. Email 1: ""5 Sales Challenges and How to Overcome Them""; Email 2: ""Real-Life Success Stories from Our Clients""; Email 3: ""Unlock Your Sales Potential with SalesBoost."" Include a clear CTA and track engagement metrics to refine future campaigns.",,0.0,,0.026090148836374283,0.07631378620862961,0.044421762228012085,0.08730849623680115,0.7268944382667542,0.03897147998213768,1,persuasive,0.7269,persuasive,0.385,emotional,0.2505,professional,1,1,professional,0.6,0.5,phi3_tiebreak,True
149,Design a visually appealing Instagram campaign to promote a new fashion brand targeting Gen Z.,"Company: Vibez Apparel Target Audience: Gen Z aged 18-24 who value individuality Constraints: Limited budget of $3,000 Goals: Increase brand awareness by 30% and drive website traffic by 20% within 8 weeks Workflow Stage: Image Generation",Increase brand awareness by 30% and drive website traffic by 20% within 8 weeks Workflow Stage: Image Generation,"Company: Vibez Apparel Target Audience: Gen Z aged 18-24 who value individuality Constraints: Limited budget of $3,000","Company: Vibez Apparel Target Audience: Gen Z aged 18-24 who value individuality Constraints: Limited budget of $3,000","Launch a ""Vibez Challenge"" Instagram campaign featuring bold, eye-catching graphics and videos showcasing the brand's eclectic clothing line. Partner with 3 emerging artists to create exclusive designs and offer a 15% discount code for participants. Utilize Instagram Reels and IGTV to share behind-the-scenes content, sneak peeks, and user-generated content. Allocate $1,500 for influencer partnerships, $1,000 for ad spend,",persuasive,0.6125,discount|offer,0.030424971133470535,0.08124329894781113,0.14409847557544708,0.04848495125770569,0.5279041528701782,0.16784411668777466,1,persuasive,0.5279,humorous,0.2502,persuasive,0.2317,persuasive,1,1,persuasive,0.6825,0.6667,three_method_majority,False
150,Create a social media campaign to increase brand awareness among young adults for a sustainable fashion brand.,"Company: GreenThreads - a clothing brand that uses eco-friendly materials and practices. Target Audience: Young adults (18-24) who prioritize sustainability and fashion. Constraints: Limited budget ($1,000) and a short timeframe (6 weeks). Goals: Increase followers by 50% and drive traffic to the website. Workflow Stage: Strategy and content creation.",Increase followers by 50% and drive traffic to the website. Workflow Stage: Strategy and content creation.,"Company: GreenThreads - a clothing brand that uses eco-friendly materials and practices. Target Audience: Young adults (18-24) who prioritize sustainability and fashion. Constraints: Limited budget ($1,000) and a short timeframe (6 weeks).","Company: GreenThreads - a clothing brand that uses eco-friendly materials and practices. Target Audience: Young adults (18-24) who prioritize sustainability and fashion. Constraints: Limited budget ($1,000) and a short timeframe (6 weeks).","""Threads for a Greener Tomorrow"" campaign - a 6-week social media campaign featuring: - Influencer partnerships with eco-conscious fashionistas. - ""Sustainable Fashion Challenge"" - encouraging followers to share their eco-friendly fashion choices. - Instagram Reels and TikTok videos showcasing GreenThreads' production process and eco-friendly materials. - A dedicated landing page with a limited-time discount for new customers.",persuasive,0.6792,discount,0.050438445061445236,0.10054821521043777,0.08374541997909546,0.0803336426615715,0.5342375040054321,0.1506967693567276,1,persuasive,0.5342,persuasive,0.2236,humorous,0.2141,professional,1,1,persuasive,0.5286,0.6667,rule_zero_shot_agreement,True
151,Develop an email marketing strategy to nurture leads for a software company.,Company: TechCorp - a B2B software solutions provider. Target Audience: Business owners and decision-makers in the tech industry. Constraints: High competition and a long sales cycle. Goals: Increase lead conversion by 20% within 3 months. Workflow Stage: Email sequence creation and automation.,Increase lead conversion by 20% within 3 months. Workflow Stage: Email sequence creation and automation.,Company: TechCorp - a B2B software solutions provider. Target Audience: Business owners and decision-makers in the tech industry. Constraints: High competition and a long sales cycle.,Company: TechCorp - a B2B software solutions provider. Target Audience: Business owners and decision-makers in the tech industry. Constraints: High competition and a long sales cycle.,"""Tech Insights"" email series - a 5-email sequence providing: - Industry insights and thought leadership articles. - Success stories and case studies. - Personalized product demos and trials. - Exclusive access to webinars and events. - A final follow-up with a customized proposal.",professional,0.4494,industry|insights,0.05977935716509819,0.19355887174606323,0.15610024333000183,0.12961716949939728,0.3438219428062439,0.11712241172790527,1,persuasive,0.3438,emotional,0.2377,professional,0.2217,professional,1,1,professional,0.5194,0.6667,three_method_majority,True
152,Create a content calendar for a health and wellness blog.,Company: FitLife - a health and wellness blog and community. Target Audience: Fitness enthusiasts and individuals seeking healthy lifestyle advice. Constraints: Limited content creation resources. Goals: Increase blog traffic by 30% within 2 months. Workflow Stage: Content planning and scheduling.,Increase blog traffic by 30% within 2 months. Workflow Stage: Content planning and scheduling.,Company: FitLife - a health and wellness blog and community. Target Audience: Fitness enthusiasts and individuals seeking healthy lifestyle advice. Constraints: Limited content creation resources.,Company: FitLife - a health and wellness blog and community. Target Audience: Fitness enthusiasts and individuals seeking healthy lifestyle advice. Constraints: Limited content creation resources.,"""Healthy Habits"" content calendar - featuring: - Weekly workout routines and challenges. - Monthly themed content (e.g., nutrition, mindfulness). - Guest posts from fitness experts and influencers. - ""Success Story Saturday"" - highlighting community members' achievements. - Quarterly webinars and Q&A sessions.",friendly,0.5875,community,0.078066885471344,0.15195232629776,0.09411031007766724,0.19615791738033295,0.2757251262664795,0.2039874792098999,1,persuasive,0.2757,emotional,0.3209,humorous,0.2092,professional,1,1,professional,0.6,0.3333,phi3_tiebreak,True
153,Create a social media campaign to increase brand awareness for a sustainable fashion brand among Gen Z consumers.,"Company: EcoChic Clothing Target Audience: Gen Z (18-24 years old) Constraints: Limited budget, high competition in the sustainable fashion market Goals: Increase brand awareness by 20%, drive website traffic by 30% Workflow Stage: Strategy","Increase brand awareness by 20%, drive website traffic by 30% Workflow Stage: Strategy","Company: EcoChic Clothing Target Audience: Gen Z (18-24 years old) Constraints: Limited budget, high competition in the sustainable fashion market","Company: EcoChic Clothing Target Audience: Gen Z (18-24 years old) Constraints: Limited budget, high competition in the sustainable fashion market","Develop a social media campaign, ""EcoWarriors,"" highlighting EcoChic's commitment to sustainability. Partner with 5 eco-influencers to showcase EcoChic's clothing in their daily lives. Utilize Instagram Reels and TikTok to share engaging, informative content (e.g., ""Did you know?"" facts about sustainable fashion). Allocate $1,000 for influencer collaborations and $500 for paid social media ads.",friendly,0.4775,,0.05881590396165848,0.17508117854595184,0.07069109380245209,0.06002931669354439,0.4716355502605438,0.16374696791172028,1,persuasive,0.4716,professional,0.2349,humorous,0.2205,professional,1,1,professional,0.3049,0.6667,three_method_majority,True
154,Design an email marketing campaign to nurture leads for a B2B software company.,"Company: Prodigy Software Target Audience: Business owners and decision-makers in the tech industry Constraints: High competition, difficulty in standing out in a crowded inbox Goals: Increase conversion rates by 15%, boost sales by 20% Workflow Stage: Copywriting","Increase conversion rates by 15%, boost sales by 20% Workflow Stage: Copywriting","Company: Prodigy Software Target Audience: Business owners and decision-makers in the tech industry Constraints: High competition, difficulty in standing out in a crowded inbox","Company: Prodigy Software Target Audience: Business owners and decision-makers in the tech industry Constraints: High competition, difficulty in standing out in a crowded inbox","Create a 3-email nurture campaign, ""Unlock Your Business Potential."" Email 1: Introduction to Prodigy Software's solutions, highlighting key benefits and features. Email 2: Success stories and case studies from existing clients. Email 3: Exclusive offer for a free trial or demo. Use attention-grabbing subject lines and CTAs. Personalize emails using the recipient's name and company name.",luxury,0.3192,exclusive,0.013287248089909554,0.04073518514633179,0.0664341077208519,0.09586943686008453,0.74852055311203,0.035153478384017944,1,persuasive,0.7485,persuasive,0.412,emotional,0.2858,professional,1,1,professional,0.6,0.3333,phi3_tiebreak,True
155,Develop a content calendar for a health and wellness blog.,"Company: GreenGlow Wellness Target Audience: Health-conscious individuals (25-45 years old) Constraints: Limited resources, need for consistent content publication Goals: Increase website traffic by 25%, boost engagement by 30% Workflow Stage: Post Scheduling","Increase website traffic by 25%, boost engagement by 30% Workflow Stage: Post Scheduling","Company: GreenGlow Wellness Target Audience: Health-conscious individuals (25-45 years old) Constraints: Limited resources, need for consistent content publication","Company: GreenGlow Wellness Target Audience: Health-conscious individuals (25-45 years old) Constraints: Limited resources, need for consistent content publication","Create a 3-month content calendar focusing on seasonal topics (e.g., summer salads, winter self-care). Allocate 2 blog posts per week, including: - Monday: ""Motivation Monday"" (inspirational stories or tips) - Thursday: ""Wellness Wisdom"" (in-depth articles on health and wellness topics) Utilize a mix of evergreen and timely content to cater to diverse audience interests.",emotional,0.5875,care,0.04979906603693962,0.11476823687553406,0.08023200929164886,0.17293280363082886,0.4621191918849945,0.12014864385128021,1,persuasive,0.4621,emotional,0.3408,persuasive,0.1681,professional,1,1,emotional,0.5518,0.6667,rule_zero_shot_agreement,True
156,Develop a social media campaign to increase brand awareness for a new eco-friendly fashion brand.,"Company: GreenThreads, a sustainable clothing brand targeting environmentally conscious millennials and Gen Z. Target audience: 18-35-year-olds. Constraints: Limited budget, $10,000. Goals: Increase brand awareness by 20% and drive website traffic by 30%. Workflow stage: Strategy.",Increase brand awareness by 20% and drive website traffic by 30%. Workflow stage: Strategy.,"Company: GreenThreads, a sustainable clothing brand targeting environmentally conscious millennials and Gen Z. Target audience: 18-35-year-olds. Constraints: Limited budget, $10,000.","Company: GreenThreads, a sustainable clothing brand targeting environmentally conscious millennials and Gen Z. Target audience: 18-35-year-olds. Constraints: Limited budget, $10,000.","""Earth Month Challenge"" - a social media campaign encouraging followers to share eco-friendly habits and tagging GreenThreads. Utilize Instagram Reels, TikTok, and Twitter for content sharing, leveraging relevant hashtags (e.g., #Sustainability, #EcoFashion). Collaborate with 3 eco-influencers for sponsored content. Allocate $3,000 for paid social ads targeting the identified audience. Offer a 15% discount to participants who share their own eco-friendly habits.",persuasive,0.8625,discount|offer,0.05706057697534561,0.1010572761297226,0.056740786880254745,0.06619589775800705,0.5727607011795044,0.14618468284606934,1,persuasive,0.5728,persuasive,0.25,humorous,0.2167,persuasive,1,1,persuasive,0.6256,1.0,rule_zero_shot_agreement,False
157,Create an email marketing campaign to promote a new smartwatch.,"Company: TechFit, a wearable technology company targeting fitness enthusiasts. Target audience: 25-45-year-olds. Constraints: Email list of 50,000 subscribers. Goals: Drive sales by 25% and increase email open rates by 15%. Workflow stage: Copywriting.",Drive sales by 25% and increase email open rates by 15%. Workflow stage: Copywriting.,"Company: TechFit, a wearable technology company targeting fitness enthusiasts. Target audience: 25-45-year-olds. Constraints: Email list of 50,000 subscribers.","Company: TechFit, a wearable technology company targeting fitness enthusiasts. Target audience: 25-45-year-olds. Constraints: Email list of 50,000 subscribers.","""Unlock Your Fitness Potential"" - a 3-email campaign highlighting the smartwatch's features, success stories, and a limited-time promotion. Email 1: ""Get Fit, Stay Connected"" - introducing the smartwatch and its key features. Email 2: ""Real People, Real Results"" - showcasing user testimonials and achievements. Email 3: ""Limited Time Offer: 10% Off"" - exclusive discount for subscribers. Use attention-grabbing subject lines, clear CTAs, and visually appealing graphics.",persuasive,0.8661,limited time|discount|offer,0.007156733423471451,0.05033049359917641,0.1316186487674713,0.05283959582448006,0.7388572096824646,0.01919732242822647,1,persuasive,0.7389,persuasive,0.4284,luxury,0.2444,persuasive,1,1,persuasive,0.7254,1.0,rule_zero_shot_agreement,False
158,Design an influencer marketing campaign for a new plant-based milk alternative.,"Company: NutriMilk, a plant-based beverage company targeting health-conscious consumers. Target audience: 18-40-year-olds. Constraints: $20,000 influencer budget. Goals: Increase brand awareness by 30% and drive sales by 20%. Workflow stage: Influencer Research.",Increase brand awareness by 30% and drive sales by 20%. Workflow stage: Influencer Research.,"Company: NutriMilk, a plant-based beverage company targeting health-conscious consumers. Target audience: 18-40-year-olds. Constraints: $20,000 influencer budget.","Company: NutriMilk, a plant-based beverage company targeting health-conscious consumers. Target audience: 18-40-year-olds. Constraints: $20,000 influencer budget.","""NutriMilk Ambassador Program"" - partnering with 5 social media influencers in the health, wellness, and sustainability niches. Identify influencers with 100,000+ followers and an engagement rate of 2%+. Collaborate on sponsored content, product reviews, and Instagram Stories. Allocate $4,000 per",,0.0,,0.08760103583335876,0.17720086872577667,0.1428612321615219,0.09997370839118958,0.3017047345638275,0.19065842032432556,1,persuasive,0.3017,humorous,0.211,professional,0.1954,professional,1,1,professional,0.6,0.5,phi3_tiebreak,True
159,Create a social media campaign to promote a new sustainable fashion brand targeting Gen Z consumers.,"Company: Green Threads, a startup sustainable fashion brand. Target audience: Gen Z consumers (18-24 years old). Constraints: Limited budget ($5,000). Goals: Increase brand awareness, drive website traffic, and generate sales. Workflow stage: Strategy.","Increase brand awareness, drive website traffic, and generate sales. Workflow stage: Strategy.","Company: Green Threads, a startup sustainable fashion brand. Target audience: Gen Z consumers (18-24 years old). Constraints: Limited budget ($5,000).","Company: Green Threads, a startup sustainable fashion brand. Target audience: Gen Z consumers (18-24 years old). Constraints: Limited budget ($5,000).","Develop a social media campaign, ""Eco-Revolution,"" focusing on Instagram and TikTok. Collaborate with eco-influencers and user-generated content (UGC) campaigns to showcase sustainable fashion. Utilize Instagram Reels and IGTV for behind-the-scenes content, and TikTok for short-form, engaging videos. Allocate $2,000 for influencer partnerships, $1,500 for content creation, and $1,500 for paid advertising.",,0.0,,0.0825231596827507,0.19081813097000122,0.09765546768903732,0.07453747093677521,0.41619980335235596,0.1382659375667572,1,persuasive,0.4162,professional,0.2357,friendly,0.1793,professional,1,1,professional,0.3057,1.0,three_method_majority,True
160,Design an email marketing campaign to promote a new AI-powered fitness app targeting fitness enthusiasts.,"Company: FitGenie, a fitness app utilizing AI for personalized workouts. Target audience: Fitness enthusiasts (25-45 years old). Constraints: Existing email list (10,000 subscribers). Goals: Increase app downloads, drive engagement, and encourage premium upgrades. Workflow stage: Copywriting.","Increase app downloads, drive engagement, and encourage premium upgrades. Workflow stage: Copywriting.","Company: FitGenie, a fitness app utilizing AI for personalized workouts. Target audience: Fitness enthusiasts (25-45 years old). Constraints: Existing email list (10,000 subscribers).","Company: FitGenie, a fitness app utilizing AI for personalized workouts. Target audience: Fitness enthusiasts (25-45 years old). Constraints: Existing email list (10,000 subscribers).","Create a 3-email sequence: ""Get Fit with AI."" Email 1: Introduction to FitGenie's AI technology and benefits. Email 2: Success stories and user testimonials. Email 3: Exclusive promotion (20% off premium upgrade). Use attention-grabbing subject lines, personalize content using subscriber names, and include clear calls-to-action (CTAs).",luxury,0.8723,premium|exclusive,0.0020105482544749975,0.017156565561890602,0.02787836082279682,0.021770264953374863,0.9247532486915588,0.006430984940379858,1,persuasive,0.9248,persuasive,0.7556,emotional,0.0964,professional,1,1,persuasive,0.7556,0.3333,high_confidence_zero_shot,True
161,Develop a content marketing strategy for a B2B software company targeting IT professionals.,"Company: TechSolutions, a B2B software provider. Target audience: IT professionals (30-55 years old). Constraints: Limited content creation resources. Goals: Establish thought leadership, generate leads, and drive conversions. Workflow stage: Strategy.","Establish thought leadership, generate leads, and drive conversions. Workflow stage: Strategy.","Company: TechSolutions, a B2B software provider. Target audience: IT professionals (30-55 years old). Constraints: Limited content creation resources.","Company: TechSolutions, a B2B software provider. Target audience: IT professionals (30-55 years old). Constraints: Limited content creation resources.","Launch a ""Tech Insights"" blog series, focusing on industry trends, best practices, and case studies. Repurpose blog content into other formats (infographics, webinars, eBooks). Utilize LinkedIn for content promotion and lead generation. Collaborate with industry influencers for guest posts and amplify content reach.",professional,0.7708,industry|insights,0.06358612328767776,0.21387678384780884,0.14503972232341766,0.05309770628809929,0.3474577069282532,0.17694200575351715,1,persuasive,0.3475,professional,0.2582,humorous,0.2144,professional,1,1,professional,0.5889,1.0,rule_zero_shot_agreement,True
162,Create a social media campaign to increase brand awareness among younger audiences.,"Company: EcoCycle, a sustainable fashion brand Target Audience: Gen Z and Millennials Constraints: Limited budget, high competition in the sustainable fashion industry Goals: Increase followers by 20% and boost engagement by 30% in 3 months Workflow Stage: Strategy",Increase followers by 20% and boost engagement by 30% in 3 months Workflow Stage: Strategy,"Company: EcoCycle, a sustainable fashion brand Target Audience: Gen Z and Millennials Constraints: Limited budget, high competition in the sustainable fashion industry","Company: EcoCycle, a sustainable fashion brand Target Audience: Gen Z and Millennials Constraints: Limited budget, high competition in the sustainable fashion industry","""EcoWarrior Challenge"" social media campaign, leveraging Instagram Reels and TikTok to encourage users to share their eco-friendly fashion choices, using a branded hashtag and tagging EcoCycle. Collaborate with influencers and offer discounts to participants.",persuasive,0.6333,offer,0.045877184718847275,0.11481747776269913,0.09091775119304657,0.0631994977593422,0.44960305094718933,0.23558495938777924,1,persuasive,0.4496,humorous,0.3144,persuasive,0.1767,persuasive,1,1,persuasive,0.7033,0.6667,three_method_majority,False
163,Develop a targeted email marketing campaign to promote a new product launch.,"Company: TechCorp, a software development company Target Audience: Business owners and decision-makers in the tech industry Constraints: High email open rates but low conversion rates Goals: Achieve a 25% open rate and 10% conversion rate Workflow Stage: Copywriting",Achieve a 25% open rate and 10% conversion rate Workflow Stage: Copywriting,"Company: TechCorp, a software development company Target Audience: Business owners and decision-makers in the tech industry Constraints: High email open rates but low conversion rates","Company: TechCorp, a software development company Target Audience: Business owners and decision-makers in the tech industry Constraints: High email open rates but low conversion rates","""Unlock Your Business Potential"" email campaign, featuring a series of 3 emails: a teaser email with a compelling subject line, a launch email with product details and benefits, and a follow-up email with a special promotion and clear call-to-action.",professional,0.5875,business,0.008827975019812584,0.019117802381515503,0.01822616159915924,0.01144479215145111,0.9176689386367798,0.02471430040895939,1,persuasive,0.9177,persuasive,0.7405,humorous,0.0677,persuasive,1,1,persuasive,0.8105,0.6667,three_method_majority,False
164,Design a visually appealing image ad for a social media campaign.,"Company: FitFusion, a fitness and wellness center Target Audience: Health-conscious individuals aged 25-45 Constraints: Limited branding guidelines Goals: Increase website traffic by 15% and drive sales by 10% Workflow Stage: Image Generation",Increase website traffic by 15% and drive sales by 10% Workflow Stage: Image Generation,"Company: FitFusion, a fitness and wellness center Target Audience: Health-conscious individuals aged 25-45 Constraints: Limited branding guidelines","Company: FitFusion, a fitness and wellness center Target Audience: Health-conscious individuals aged 25-45 Constraints: Limited branding guidelines","An eye-catching image ad featuring a bold, bright color scheme and a mix of fitness and wellness-related visuals, with a clear headline and call-to-action. Utilize graphics and illustrations to create a dynamic, energetic vibe.",,0.0,,0.00587022490799427,0.004321589600294828,0.012168838642537594,0.00356667791493237,0.9583949446678162,0.01567770726978779,1,persuasive,0.9584,persuasive,0.8561,humorous,0.0476,persuasive,1,1,persuasive,0.9261,1.0,three_method_majority,False
165,Create a social media content calendar for a month-long campaign.,"Company: FoodieFrenzy, a food delivery service Target Audience: Foodies and busy professionals Constraints: Limited content creation resources Goals: Increase engagement by 20% and drive sales by 15% Workflow Stage: Post Scheduling",Increase engagement by 20% and drive sales by 15% Workflow Stage: Post Scheduling,"Company: FoodieFrenzy, a food delivery service Target Audience: Foodies and busy professionals Constraints: Limited content creation resources","Company: FoodieFrenzy, a food delivery service Target Audience: Foodies and busy professionals Constraints: Limited content creation resources","A content calendar featuring 4 themed weeks: ""Foodie Favorites,"" ""New Arrivals,"" ""Behind-the-Scenes,"" and ""User-Generated Content."" Schedule 3 posts per week, including a mix of promotional, educational, and engaging content, utilizing relevant hashtags and eye-catching",,0.0,,0.09834243357181549,0.1271575391292572,0.16433535516262054,0.06693395972251892,0.35230541229248047,0.19092530012130737,1,persuasive,0.3523,humorous,0.2232,friendly,0.2014,persuasive,1,1,persuasive,0.6,0.5,phi3_tiebreak,True
166,Create a social media campaign to increase brand awareness for a new eco-friendly fashion brand.,"Company: GreenStyle, a sustainable fashion brand targeting millennials and Gen Z. Target Audience: Environmentally conscious individuals aged 18-30. Constraints: Limited budget of $5,000. Goals: Increase followers by 20% and drive website traffic by 30% in 6 weeks. Workflow Stage: Strategy and content creation.",Increase followers by 20% and drive website traffic by 30% in 6 weeks. Workflow Stage: Strategy and content creation.,"Company: GreenStyle, a sustainable fashion brand targeting millennials and Gen Z. Target Audience: Environmentally conscious individuals aged 18-30. Constraints: Limited budget of $5,000.","Company: GreenStyle, a sustainable fashion brand targeting millennials and Gen Z. Target Audience: Environmentally conscious individuals aged 18-30. Constraints: Limited budget of $5,000.","Develop a social media campaign, ""Eco-Chic Revolution,"" focusing on Instagram and TikTok. Partner with 5 eco-influencers to showcase GreenStyle's sustainable clothing. Create engaging content (images, videos, and Reels) highlighting the brand's commitment to reducing waste and carbon footprint. Utilize relevant hashtags, such as #ecofashion and #sustainability, to increase visibility. Allocate $2,000 for influencer collaborations and $1,500 for content creation and advertising.",,0.0,,0.06952626258134842,0.16271637380123138,0.11221860349178314,0.07662194222211838,0.4557993412017822,0.12311748415231705,1,persuasive,0.4558,professional,0.2107,persuasive,0.1745,professional,1,1,professional,0.2807,1.0,three_method_majority,True
167,Design an email marketing campaign to promote a new AI-powered fitness app.,"Company: FitGenius, a fitness app using AI to create personalized workout plans. Target Audience: Fitness enthusiasts and individuals seeking personalized workout routines. Constraints: Email list of 10,000 subscribers. Goals: Increase app downloads by 25% and boost premium subscription sales by 15% in 3 months. Workflow Stage: Email copywriting and campaign setup.",Increase app downloads by 25% and boost premium subscription sales by 15% in 3 months. Workflow Stage: Email copywriting and campaign setup.,"Company: FitGenius, a fitness app using AI to create personalized workout plans. Target Audience: Fitness enthusiasts and individuals seeking personalized workout routines. Constraints: Email list of 10,000 subscribers.","Company: FitGenius, a fitness app using AI to create personalized workout plans. Target Audience: Fitness enthusiasts and individuals seeking personalized workout routines. Constraints: Email list of 10,000 subscribers.","Create a 3-email sequence: ""Get Fit with AI."" Email 1: Introduce FitGenius's AI technology and offer a free 7-day trial. Email 2: Share success stories and showcase the app's personalized features. Email 3: Offer a limited-time discount (20% off) for premium subscriptions. Use attention-grabbing subject lines, such as ""Unlock Your Fitness Potential with AI."" Design a visually appealing email template highlighting the app's benefits and features.",persuasive,0.6696,discount|offer,0.020968085154891014,0.04588146135210991,0.0879933089017868,0.16184557974338531,0.6358102560043335,0.04750130698084831,1,persuasive,0.6358,emotional,0.3922,persuasive,0.2844,persuasive,1,1,persuasive,0.7396,0.6667,three_method_majority,False
168,Develop a content marketing strategy for a B2B software company.,"Company: Prodigy Software, a provider of AI-driven project management tools. Target Audience: Business owners, project managers, and IT professionals. Constraints: Limited resources for content creation. Goals: Establish thought leadership, drive organic traffic, and generate 20 leads per quarter. Workflow Stage: Content strategy and creation.","Establish thought leadership, drive organic traffic, and generate 20 leads per quarter. Workflow Stage: Content strategy and creation.","Company: Prodigy Software, a provider of AI-driven project management tools. Target Audience: Business owners, project managers, and IT professionals. Constraints: Limited resources for content creation.","Company: Prodigy Software, a provider of AI-driven project management tools. Target Audience: Business owners, project managers, and IT professionals. Constraints: Limited resources for content creation.","Create a comprehensive content hub, ""Project Management Insights,"" featuring blog posts, whitepapers, and case studies on AI-driven project management. Utilize SEO optimization to increase organic traffic. Develop a",professional,0.6333,insights,0.0773678719997406,0.24069614708423615,0.17205506563186646,0.058465562760829926,0.31532222032546997,0.1360931247472763,1,persuasive,0.3153,professional,0.2789,luxury,0.1887,professional,1,1,professional,0.5384,1.0,rule_zero_shot_agreement,True
169,Create a social media campaign that promotes eco-friendly products for a sustainable lifestyle.,"Company: GreenCycle Target Audience: Millennials and Gen Z Constraints: Limited budget, high competition Goals: Increase brand awareness, drive website traffic, and boost sales Workflow Stage: Strategy","Increase brand awareness, drive website traffic, and boost sales Workflow Stage: Strategy","Company: GreenCycle Target Audience: Millennials and Gen Z Constraints: Limited budget, high competition","Company: GreenCycle Target Audience: Millennials and Gen Z Constraints: Limited budget, high competition","""Green Revolution"" campaign: Partner with eco-influencers, create engaging content (reusable bags, beeswax wraps, etc.) for Instagram Reels and TikTok. Utilize relevant hashtags and tag relevant accounts. Allocate $1,000 for sponsored ads targeting eco-conscious users. Collaborate with popular eco-friendly brands for giveaways and product bundles.",,0.0,,0.07434859126806259,0.12822967767715454,0.09076059609651566,0.10540464520454407,0.3983270823955536,0.20292940735816956,1,persuasive,0.3983,humorous,0.2439,emotional,0.2021,professional,1,1,professional,0.6,0.5,phi3_tiebreak,True
170,Develop a content calendar for a B2B software company's blog.,"Company: CodeForge Target Audience: Developers and IT professionals Constraints: Limited content creation resources Goals: Establish thought leadership, drive organic traffic, and generate leads Workflow Stage: Content Creation","Establish thought leadership, drive organic traffic, and generate leads Workflow Stage: Content Creation",Company: CodeForge Target Audience: Developers and IT professionals Constraints: Limited content creation resources,Company: CodeForge Target Audience: Developers and IT professionals Constraints: Limited content creation resources,"""Tech Insights"" blog series: Publish bi-weekly articles on industry trends, best practices, and tutorials. Utilize SEO keywords and meta descriptions. Allocate content creation to in-house experts and guest bloggers. Repurpose content into social media posts, email newsletters, and LinkedIn articles.",professional,0.7708,industry|insights,0.06297729909420013,0.31168311834335327,0.17978058755397797,0.050179675221443176,0.25125834345817566,0.14412090182304382,1,professional,0.3117,professional,0.3495,luxury,0.1908,professional,1,1,professional,0.6391,1.0,rule_zero_shot_agreement,False
171,Design an email marketing campaign to promote a new product launch.,"Company: SmartHome Target Audience: Homeowners and tech enthusiasts Constraints: Limited email list, high competition Goals: Drive sales, increase brand awareness, and encourage referrals Workflow Stage: Email Marketing","Drive sales, increase brand awareness, and encourage referrals Workflow Stage: Email Marketing","Company: SmartHome Target Audience: Homeowners and tech enthusiasts Constraints: Limited email list, high competition","Company: SmartHome Target Audience: Homeowners and tech enthusiasts Constraints: Limited email list, high competition","""Unlock Your Smart Home"" campaign: Design a visually appealing email template showcasing the product's features and benefits. Offer a limited-time discount (15% off) for subscribers. Utilize segmentation to personalize content based on user interests. Create a referral program with incentives for successful referrals.",persuasive,0.8625,discount|offer,0.05979873612523079,0.0958719551563263,0.14112752676010132,0.02441740594804287,0.6038038730621338,0.07498051226139069,1,persuasive,0.6038,persuasive,0.2844,luxury,0.2129,persuasive,1,1,persuasive,0.6445,1.0,rule_zero_shot_agreement,False
172,Create a social media contest to increase engagement and brand awareness.,"Company: FashionForward Target Audience: Fashion-conscious women Constraints: Limited budget, high competition Goals: Increase followers, drive website traffic, and boost sales Workflow Stage: Social Media","Increase followers, drive website traffic, and boost sales Workflow Stage: Social Media","Company: FashionForward Target Audience: Fashion-conscious women Constraints: Limited budget, high competition","Company: FashionForward Target Audience: Fashion-conscious women Constraints: Limited budget, high competition","""Style Challenge"" contest: Encourage followers to share their favorite fashion tips and trends using a branded hashtag. Partner with influencers to promote the contest. Offer a grand prize (gift card or free product) and feature the winner on the company's social media channels.",persuasive,0.6333,offer,0.04501059278845787,0.08527959138154984,0.09716173261404037,0.0426115058362484,0.5557406544685364,0.17419587075710297,1,persuasive,0.5557,humorous,0.2634,persuasive,0.2475,friendly,1,1,friendly,0.6,0.3333,phi3_tiebreak,True
173,Create a social media campaign to increase brand awareness among Gen Z for a sustainable fashion brand.,"Company: Verde Clothing, a sustainable fashion brand; Target Audience: Gen Z (18-24 years old); Constraints: Limited budget of $5,000; Goals: Increase brand awareness by 20% in 6 weeks; Workflow Stage: Strategy.",Increase brand awareness by 20% in 6 weeks; Workflow Stage: Strategy.,"Company: Verde Clothing, a sustainable fashion brand; Target Audience: Gen Z (18-24 years old); Constraints: Limited budget of $5,000;","Company: Verde Clothing, a sustainable fashion brand; Target Audience: Gen Z (18-24 years old); Constraints: Limited budget of $5,000;","""Verde Vibes"" campaign: Partner with eco-influencers to showcase Verde's sustainable clothing lines. Create engaging content (images, videos, and Reels) highlighting the brand's commitment to sustainability. Allocate $2,000 for influencer partnerships, $1,500 for content creation, and $1,500 for social media advertising. Utilize Instagram, TikTok, and Facebook to reach the target audience.",,0.0,,0.12664863467216492,0.12085112929344177,0.09409178793430328,0.1231163889169693,0.3781387209892273,0.15715335309505463,1,persuasive,0.3781,friendly,0.2477,emotional,0.2192,professional,1,1,professional,0.6,0.5,phi3_tiebreak,True
174,Develop a targeted email marketing campaign to promote a new AI-powered fitness app.,"Company: FitGenie, an AI-powered fitness app; Target Audience: Fitness enthusiasts (25-45 years old); Constraints: Email list of 10,000 subscribers; Goals: Drive 500 app downloads in 4 weeks; Workflow Stage: Copywriting.",Drive 500 app downloads in 4 weeks; Workflow Stage: Copywriting.,"Company: FitGenie, an AI-powered fitness app; Target Audience: Fitness enthusiasts (25-45 years old); Constraints: Email list of 10,000 subscribers;","Company: FitGenie, an AI-powered fitness app; Target Audience: Fitness enthusiasts (25-45 years old); Constraints: Email list of 10,000 subscribers;","""Unlock Your Fitness Potential"" campaign: Design a series of 4 emails, each highlighting a unique feature of the FitGenie app. Use a conversational tone and include social proof (testimonials, ratings). Offer a 14-day free trial and a 20% discount for annual subscriptions. Use AI-driven segmentation to personalize the email content based on subscriber preferences.",persuasive,0.8625,discount|offer,0.3571885824203491,0.011004000902175903,0.02942286990582943,0.06755536794662476,0.4453749656677246,0.0894542708992958,1,persuasive,0.4454,friendly,0.6303,persuasive,0.1321,friendly,1,1,friendly,0.7003,0.6667,three_method_majority,False
175,Create a video ad for a new electric vehicle model targeting environmentally conscious consumers.,"Company: Green Motors, an electric vehicle manufacturer; Target Audience: Environmentally conscious consumers (35-55 years old); Constraints: 60-second video ad; Goals: Drive 500 test drive bookings in 8 weeks; Workflow Stage: Image Generation.",Drive 500 test drive bookings in 8 weeks; Workflow Stage: Image Generation.,"Company: Green Motors, an electric vehicle manufacturer; Target Audience: Environmentally conscious consumers (35-55 years old); Constraints: 60-second video ad;","Company: Green Motors, an electric vehicle manufacturer; Target Audience: Environmentally conscious consumers (35-55 years old); Constraints: 60-second video ad;","""Drive Change"" campaign: Produce a 60-second video ad showcasing the eco-friendly features of the new electric vehicle model. Use a mix of scenic outdoor footage and futuristic visuals to emphasize the vehicle's innovative technology. Highlight the vehicle's zero-emission capabilities and include a call-to-action (CTA) to book a test drive.",persuasive,0.4867,,0.017761601135134697,0.057152580469846725,0.042204391211271286,0.031236682087183,0.7681248188018799,0.08351996541023254,1,persuasive,0.7681,persuasive,0.4641,humorous,0.1714,professional,1,1,persuasive,0.5743,0.6667,rule_zero_shot_agreement,True
176,Create a social media campaign to increase brand awareness among Gen Z consumers.,"Company: EcoCycle - a sustainable fashion brand Target Audience: Gen Z (18-24 years old) Constraints: Limited budget, high competition in the sustainable fashion market Goals: Increase brand awareness by 20%, drive website traffic by 15% Workflow Stage: Strategy","Increase brand awareness by 20%, drive website traffic by 15% Workflow Stage: Strategy","Company: EcoCycle - a sustainable fashion brand Target Audience: Gen Z (18-24 years old) Constraints: Limited budget, high competition in the sustainable fashion market","Company: EcoCycle - a sustainable fashion brand Target Audience: Gen Z (18-24 years old) Constraints: Limited budget, high competition in the sustainable fashion market","Develop an influencer marketing campaign partnering with eco-conscious Gen Z influencers to showcase EcoCycle's sustainable clothing lines. Utilize Instagram Reels and TikTok to share engaging, educational content highlighting the brand's commitment to sustainability. Allocate $1,500 for influencer partnerships and $500 for content creation.",,0.0,,0.07762636244297028,0.1832009255886078,0.10740981251001358,0.11252735555171967,0.3106040060520172,0.20863156020641327,1,persuasive,0.3106,humorous,0.2319,professional,0.203,professional,1,1,professional,0.6,0.5,phi3_tiebreak,True
177,Design an email marketing campaign to nurture leads and encourage conversions.,"Company: TechCorp - a B2B software solutions provider Target Audience: Business owners and decision-makers in the tech industry Constraints: High email open rates but low conversion rates Goals: Increase conversion rates by 12%, boost sales by 10% Workflow Stage: Copywriting","Increase conversion rates by 12%, boost sales by 10% Workflow Stage: Copywriting",Company: TechCorp - a B2B software solutions provider Target Audience: Business owners and decision-makers in the tech industry Constraints: High email open rates but low conversion rates,Company: TechCorp - a B2B software solutions provider Target Audience: Business owners and decision-makers in the tech industry Constraints: High email open rates but low conversion rates,"Create a 3-email nurture sequence focusing on providing value through thought leadership content, customer testimonials, and personalized product demos. Use AI-powered email personalization to tailor content to each lead's interests and behaviors. Include clear, actionable CTAs to encourage conversions.",,0.0,,0.03681734949350357,0.09569458663463593,0.08067746460437775,0.04362936317920685,0.700609028339386,0.04257216304540634,1,persuasive,0.7006,persuasive,0.3721,professional,0.172,professional,1,1,professional,0.6,0.5,phi3_tiebreak,True
178,Develop a content calendar to support a new product launch.,"Company: FitFusion - a fitness equipment manufacturer Target Audience: Fitness enthusiasts and gym owners Constraints: Limited content creation resources Goals: Generate buzz around the new product, drive sales Workflow Stage: Post Scheduling","Generate buzz around the new product, drive sales Workflow Stage: Post Scheduling",Company: FitFusion - a fitness equipment manufacturer Target Audience: Fitness enthusiasts and gym owners Constraints: Limited content creation resources,Company: FitFusion - a fitness equipment manufacturer Target Audience: Fitness enthusiasts and gym owners Constraints: Limited content creation resources,"Plan a 6-week content calendar featuring a mix of product teasers, behind-the-scenes content, customer testimonials, and educational blog posts highlighting the product's benefits. Utilize Instagram, Facebook, Twitter, and LinkedIn to reach a broad audience. Schedule posts using a mix of promotional, educational, and engaging content to maintain audience interest.",,0.0,,0.04903335124254227,0.08165369927883148,0.09675426036119461,0.10048431158065796,0.5141823887825012,0.15789197385311127,1,persuasive,0.5142,emotional,0.2201,humorous,0.2168,professional,1,1,professional,0.6,0.5,phi3_tiebreak,True
179,Create a targeted ad campaign to reach high-value customers.,"Company: LuxeTravel - a luxury travel agency Target Audience: High-income individuals with a history of luxury travel Constraints: Limited ad budget, high competition in the luxury travel market Goals: Drive conversions, increase revenue by 15% Workflow Stage: Image Generation","Drive conversions, increase revenue by 15% Workflow Stage: Image Generation","Company: LuxeTravel - a luxury travel agency Target Audience: High-income individuals with a history of luxury travel Constraints: Limited ad budget, high competition in the luxury travel market","Company: LuxeTravel - a luxury travel agency Target Audience: High-income individuals with a history of luxury travel Constraints: Limited ad budget, high competition in the luxury travel market",Design a targeted Facebook ad campaign using AI-powered lookalike targeting to reach high-value customers. Create visually stunning ads showcasing,,0.0,,0.04606848582625389,0.16638001799583435,0.23439070582389832,0.03163527324795723,0.3966149687767029,0.12491060793399811,1,persuasive,0.3966,luxury,0.291,professional,0.2182,persuasive,1,1,persuasive,0.6,0.5,phi3_tiebreak,True
180,Create a social media campaign to increase brand awareness among young adults for a sustainable fashion brand.,"Company: GreenThreads, a fashion brand using eco-friendly materials and practices. Target Audience: 18-25-year-olds active on Instagram, TikTok, and Facebook. Constraints: Limited budget of $5,000. Goals: Increase followers by 20% and drive website traffic by 30%. Workflow Stage: Strategy.",Increase followers by 20% and drive website traffic by 30%. Workflow Stage: Strategy.,"Company: GreenThreads, a fashion brand using eco-friendly materials and practices. Target Audience: 18-25-year-olds active on Instagram, TikTok, and Facebook. Constraints: Limited budget of $5,000.","Company: GreenThreads, a fashion brand using eco-friendly materials and practices. Target Audience: 18-25-year-olds active on Instagram, TikTok, and Facebook. Constraints: Limited budget of $5,000.","""GreenThreads Challenge"" - a social media campaign encouraging users to share their own eco-friendly fashion tips and tricks using a branded hashtag. Partner with influencers and offer a discount code to participants. Allocate $2,000 for influencer partnerships, $1,500 for sponsored ads, and $1,000 for content creation.",persuasive,0.8625,discount|offer,0.05413876101374626,0.11307783424854279,0.08283741772174835,0.053890932351350784,0.4330724775791168,0.26298269629478455,1,persuasive,0.4331,humorous,0.3451,persuasive,0.1673,professional,1,1,persuasive,0.8625,0.3333,high_confidence_rule,True
181,Develop an email nurturing campaign to educate B2B leads about the benefits of AI-powered marketing automation.,"Company: MarketMax, a marketing automation platform. Target Audience: Marketing managers and decision-makers at mid-sized businesses. Constraints: Existing email list of 1,000 leads. Goals: Convert 10% of leads into paying customers within 6 months. Workflow Stage: Copywriting.",Convert 10% of leads into paying customers within 6 months. Workflow Stage: Copywriting.,"Company: MarketMax, a marketing automation platform. Target Audience: Marketing managers and decision-makers at mid-sized businesses. Constraints: Existing email list of 1,000 leads.","Company: MarketMax, a marketing automation platform. Target Audience: Marketing managers and decision-makers at mid-sized businesses. Constraints: Existing email list of 1,000 leads.","""AI Marketing Mastery"" - a 6-email educational series covering topics such as lead scoring, personalization, and ROI measurement. Use a conversational tone, include case studies, and offer a free consultation to interested leads.",persuasive,0.6333,offer,0.3837309181690216,0.11761068552732468,0.08905546367168427,0.045737311244010925,0.2639266550540924,0.09993897378444672,1,friendly,0.3837,friendly,0.5981,professional,0.1043,professional,1,1,professional,0.6,0.3333,phi3_tiebreak,True
182,Design an Instagram Reels ad campaign to promote a new vegan protein powder product.,"Company: PlantPower, a supplement brand. Target Audience: Fitness enthusiasts and health-conscious individuals aged 25-40. Constraints: Limited budget of $3,000. Goals: Drive 500 sales within the first month. Workflow Stage: Image Generation.",Drive 500 sales within the first month. Workflow Stage: Image Generation.,"Company: PlantPower, a supplement brand. Target Audience: Fitness enthusiasts and health-conscious individuals aged 25-40. Constraints: Limited budget of $3,000.","Company: PlantPower, a supplement brand. Target Audience: Fitness enthusiasts and health-conscious individuals aged 25-40. Constraints: Limited budget of $3,000.","""Fuel Your Fitness"" - a series of 6 Reels ads showcasing the product's benefits, customer testimonials, and before-and-after results. Allocate $1,500 for ad spend, $1,000 for content creation, and $500 for influencer partnerships.",,0.0,,0.042585551738739014,0.08145486563444138,0.06569179892539978,0.08718674629926682,0.6218075752258301,0.1012735366821289,1,persuasive,0.6218,persuasive,0.2856,emotional,0.2169,professional,1,1,professional,0.6,0.5,phi3_tiebreak,True
183,Create a social media campaign to increase brand awareness for a new eco-friendly fashion brand.,"Company: GreenThreads, a sustainable clothing company targeting millennials and Gen Z. Target audience: 18-30-year-olds, environmentally conscious, fashion-forward individuals. Constraints: Limited budget, high competition in the eco-friendly fashion market. Goals: Increase brand awareness by 20%, drive website traffic by 30%. Workflow stage: Strategy.","Increase brand awareness by 20%, drive website traffic by 30%. Workflow stage: Strategy.","Company: GreenThreads, a sustainable clothing company targeting millennials and Gen Z. Target audience: 18-30-year-olds, environmentally conscious, fashion-forward individuals. Constraints: Limited budget, high competition in the eco-friendly fashion market.","Company: GreenThreads, a sustainable clothing company targeting millennials and Gen Z. Target audience: 18-30-year-olds, environmentally conscious, fashion-forward individuals. Constraints: Limited budget, high competition in the eco-friendly fashion market.","""GreenThreads Revival"" campaign, leveraging Instagram Reels and TikTok to showcase sustainable fashion tips, behind-the-scenes content, and user-generated eco-friendly fashion challenges. Collaborate with eco-influencers and run targeted ads to reach 1 million impressions.",,0.0,,0.0743916854262352,0.09102606773376465,0.11027468740940094,0.08726339787244797,0.44447851181030273,0.1925656944513321,1,persuasive,0.4445,humorous,0.2445,emotional,0.1767,professional,1,1,professional,0.6,0.5,phi3_tiebreak,True
184,Develop a content calendar for a B2B software company's LinkedIn page.,"Company: TechCorp, a B2B software solutions provider targeting IT professionals and business owners. Target audience: 25-55-year-olds, IT decision-makers, and business leaders. Constraints: Limited content creation resources, need to establish thought leadership. Goals: Increase LinkedIn followers by 50%, boost engagement by 200%. Workflow stage: Content calendar creation.","Increase LinkedIn followers by 50%, boost engagement by 200%. Workflow stage: Content calendar creation.","Company: TechCorp, a B2B software solutions provider targeting IT professionals and business owners. Target audience: 25-55-year-olds, IT decision-makers, and business leaders. Constraints: Limited content creation resources, need to establish thought leadership.","Company: TechCorp, a B2B software solutions provider targeting IT professionals and business owners. Target audience: 25-55-year-olds, IT decision-makers, and business leaders. Constraints: Limited content creation resources, need to establish thought leadership.","""TechTalk"" content calendar, featuring bi-weekly thought leadership articles, weekly industry news roundups, and monthly customer success stories. Utilize LinkedIn's publishing platform to share long-form content and participate in relevant LinkedIn groups to increase visibility.",professional,0.5875,industry,0.0651140883564949,0.2068629264831543,0.13599751889705658,0.11193299293518066,0.2453332394361496,0.2347591519355774,1,persuasive,0.2453,humorous,0.2513,professional,0.2207,professional,1,1,professional,0.6575,0.6667,three_method_majority,False
185,Design a targeted email campaign to re-engage inactive subscribers for an e-commerce company.,"Company: ShopSmart, an online retailer targeting busy professionals and parents. Target audience: 25-50-year-olds, inactive subscribers who haven't made a purchase in 6 months. Constraints: Limited email sending frequency, need to re-engage without being spammy. Goals: Reactivate 20% of inactive subscribers, drive sales by 15%. Workflow stage: Email campaign creation.","Reactivate 20% of inactive subscribers, drive sales by 15%. Workflow stage: Email campaign creation.","Company: ShopSmart, an online retailer targeting busy professionals and parents. Target audience: 25-50-year-olds, inactive subscribers who haven't made a purchase in 6 months. Constraints: Limited email sending frequency, need to re-engage without being spammy.","Company: ShopSmart, an online retailer targeting busy professionals and parents. Target audience: 25-50-year-olds, inactive subscribers who haven't made a purchase in 6 months. Constraints: Limited email sending frequency, need to re-engage without being spammy.","""Welcome Back"" email campaign, featuring personalized product recommendations, exclusive discounts, and a ""we've missed you"" message. Use AI-powered segmentation to identify inactive subscribers and create a 3-email sequence to win them back.",friendly,0.2292,welcome,0.11565287411212921,0.07981331646442413,0.10316701978445053,0.08722151815891266,0.5057876110076904,0.10835766792297363,1,persuasive,0.5058,friendly,0.2612,persuasive,0.192,friendly,1,1,friendly,0.3468,1.0,rule_zero_shot_agreement,True
186,Create a social media campaign to increase brand awareness for a new eco-friendly fashion brand.,"Company: Green Threads Target Audience: Fashion-conscious millennials Constraints: Limited budget, high competition Goals: Increase followers by 20% in 6 weeks Workflow Stage: Strategy",Increase followers by 20% in 6 weeks Workflow Stage: Strategy,"Company: Green Threads Target Audience: Fashion-conscious millennials Constraints: Limited budget, high competition","Company: Green Threads Target Audience: Fashion-conscious millennials Constraints: Limited budget, high competition","""Green Threads Challenge"" - a social media campaign encouraging users to share their eco-friendly fashion choices, using a branded hashtag. Collaborate with influencers, offer discounts, and create engaging content (images, videos, blog posts) highlighting the brand's sustainable practices.",persuasive,0.6333,offer,0.0890837088227272,0.10941871255636215,0.09926314651966095,0.12121476233005524,0.3973194360733032,0.18370024859905243,1,persuasive,0.3973,emotional,0.2267,humorous,0.2154,friendly,1,1,friendly,0.6,0.3333,phi3_tiebreak,True
187,Develop a personalized email marketing campaign for a luxury car brand.,"Company: Prestige Motors Target Audience: High-income individuals Constraints: Limited customer data, need for exclusivity Goals: Increase test drives by 30% in 3 months Workflow Stage: Copywriting",Increase test drives by 30% in 3 months Workflow Stage: Copywriting,"Company: Prestige Motors Target Audience: High-income individuals Constraints: Limited customer data, need for exclusivity","Company: Prestige Motors Target Audience: High-income individuals Constraints: Limited customer data, need for exclusivity","""The Prestige Experience"" - a tailored email campaign using AI-driven segmentation, offering personalized content (exclusive offers, event invitations, and curated car recommendations) based on customer preferences and behavior.",luxury,0.9542,exclusive|prestige,0.041769806295633316,0.09114249050617218,0.6012423038482666,0.03328748792409897,0.15785819292068481,0.07469965517520905,1,luxury,0.6012,luxury,0.6264,professional,0.1003,professional,1,1,luxury,0.8739,0.6667,rule_zero_shot_agreement,False
188,Design a social media content calendar for a popular food delivery service.,"Company: Foodie Express Target Audience: Busy professionals Constraints: High posting frequency, need for engagement Goals: Increase orders by 25% in 2 months Workflow Stage: Post Scheduling",Increase orders by 25% in 2 months Workflow Stage: Post Scheduling,"Company: Foodie Express Target Audience: Busy professionals Constraints: High posting frequency, need for engagement","Company: Foodie Express Target Audience: Busy professionals Constraints: High posting frequency, need for engagement","""Foodie Frenzy"" - a content calendar featuring a mix of engaging formats ( images, videos, stories, and live streaming) highlighting customer experiences, chef interviews, and promotions. Utilize Instagram Reels, IGTV, and Facebook Live to maximize reach.",,0.0,,0.1088571846485138,0.055088091641664505,0.09295564144849777,0.20364972949028015,0.29556429386138916,0.24388504028320312,1,persuasive,0.2956,emotional,0.3285,humorous,0.2466,friendly,1,1,friendly,0.6,0.5,phi3_tiebreak,True
189,Create a chatbot for a health and wellness e-commerce platform.,Company: Healthy Living Target Audience: Fitness enthusiasts Constraints: Limited customer support resources Goals: Increase sales by 15% in 6 months Workflow Stage: Image Generation,Increase sales by 15% in 6 months Workflow Stage: Image Generation,Company: Healthy Living Target Audience: Fitness enthusiasts Constraints: Limited customer support resources,Company: Healthy Living Target Audience: Fitness enthusiasts Constraints: Limited customer support resources,"""Healthy Buddy"" - a conversational AI-powered chatbot providing personalized product recommendations, answering customer queries, and offering workout tips. Use natural language processing (NLP) to improve user experience.",,0.0,,0.18211142718791962,0.14265109598636627,0.12357945740222931,0.05052180588245392,0.3150641918182373,0.18607200682163239,1,persuasive,0.3151,friendly,0.3404,humorous,0.1985,friendly,1,1,friendly,0.4104,1.0,three_method_majority,True
190,Create a social media campaign to increase brand awareness among young adults for a sustainable fashion brand.,"Company: Green Threads, a fashion brand using recycled materials. Target Audience: Young adults (18-30) interested in sustainability. Constraints: Limited budget, need organic reach. Goals: Increase brand awareness by 20%, drive website traffic by 15%. Workflow Stage: Strategy","Increase brand awareness by 20%, drive website traffic by 15%. Workflow Stage: Strategy","Company: Green Threads, a fashion brand using recycled materials. Target Audience: Young adults (18-30) interested in sustainability. Constraints: Limited budget, need organic reach.","Company: Green Threads, a fashion brand using recycled materials. Target Audience: Young adults (18-30) interested in sustainability. Constraints: Limited budget, need organic reach.","Utilize Instagram Reels and TikTok to showcase eco-friendly fashion hacks, behind-the-scenes content, and user-generated content. Collaborate with eco-influencers and run a hashtag challenge to encourage audience engagement.",,0.0,,0.08140353858470917,0.056583795696496964,0.1058221384882927,0.062377799302339554,0.3988517224788666,0.29496103525161743,1,persuasive,0.3989,humorous,0.3638,friendly,0.1759,friendly,1,1,friendly,0.6,0.5,phi3_tiebreak,True
191,Design an email marketing campaign to nurture leads for a B2B software company.,"Company: Tech Innovate, a B2B software solutions provider. Target Audience: Business owners and decision-makers. Constraints: High competition, need personalized approach. Goals: Increase lead conversion by 25%, reduce unsubscribe rate by 10%. Workflow Stage: Copywriting","Increase lead conversion by 25%, reduce unsubscribe rate by 10%. Workflow Stage: Copywriting","Company: Tech Innovate, a B2B software solutions provider. Target Audience: Business owners and decision-makers. Constraints: High competition, need personalized approach.","Company: Tech Innovate, a B2B software solutions provider. Target Audience: Business owners and decision-makers. Constraints: High competition, need personalized approach.","Implement a 3-email nurture sequence focusing on industry insights, success stories, and personalized product demos. Use AI-powered content recommendations to tailor the content to each lead's interests and behaviors.",professional,0.7708,industry|insights,0.07642008364200592,0.1733936220407486,0.14894546568393707,0.1633073389530182,0.31414318084716797,0.12379031628370285,1,persuasive,0.3141,emotional,0.282,professional,0.187,professional,1,1,professional,0.8408,0.6667,three_method_majority,False
192,Develop a content marketing strategy for a health and wellness blog.,"Company: Healthy Living, a wellness blog and community. Target Audience: Health-conscious individuals (25-50). Constraints: Limited resources, need SEO optimization. Goals: Increase organic traffic by 30%, boost engagement by 20%. Workflow Stage: Strategy","Increase organic traffic by 30%, boost engagement by 20%. Workflow Stage: Strategy","Company: Healthy Living, a wellness blog and community. Target Audience: Health-conscious individuals (25-50). Constraints: Limited resources, need SEO optimization.","Company: Healthy Living, a wellness blog and community. Target Audience: Health-conscious individuals (25-50). Constraints: Limited resources, need SEO optimization.","Create a mix of informative blog posts, videos, and podcasts focusing on trending topics like mental health, nutrition, and fitness. Utilize AI-driven content optimization tools to improve SEO rankings and user experience.",,0.0,,0.11941560357809067,0.26728373765945435,0.1387392282485962,0.05895289406180382,0.2845330536365509,0.13107547163963318,1,persuasive,0.2845,professional,0.291,friendly,0.2286,professional,1,1,professional,0.361,1.0,three_method_majority,True
193,Create a paid advertising campaign to drive sales for an e-commerce company.,"Company: StyleHub, an online fashion retailer. Target Audience: Fashion-conscious individuals (18-40). Constraints: High competition, need ROI-positive ads. Goals: Increase sales by 15%, reduce ad spend by 10%. Workflow Stage: Image Generation","Increase sales by 15%, reduce ad spend by 10%. Workflow Stage: Image Generation","Company: StyleHub, an online fashion retailer. Target Audience: Fashion-conscious individuals (18-40). Constraints: High competition, need ROI-positive ads.","Company: StyleHub, an online fashion retailer. Target Audience: Fashion-conscious individuals (18-40). Constraints: High competition, need ROI-positive ads.","Develop eye-catching, high-quality ad visuals showcasing trendy outfits and accessories. Utilize AI-powered ad creative automation to personalize ads based on user behavior, interests, and demographics.",,0.0,,0.06478766351938248,0.19680464267730713,0.2831045091152191,0.029329124838113785,0.21331875026226044,0.21265535056591034,1,luxury,0.2831,luxury,0.2971,humorous,0.2366,professional,1,1,professional,0.6,0.5,phi3_tiebreak,True
194,Create a social media campaign to increase brand awareness among young adults.,"Company: Sustainable fashion brand, Target audience: 18-30 years old, Constraints: Limited budget, Goals: 20% increase in followers, Stage: Strategy.","20% increase in followers, Stage: Strategy.","Company: Sustainable fashion brand, Target audience: 18-30 years old, Constraints: Limited budget,","Company: Sustainable fashion brand, Target audience: 18-30 years old, Constraints: Limited budget,","Develop a social media contest where followers share eco-friendly fashion tips using a branded hashtag. Partner with influencers to promote the contest and encourage user-generated content. Allocate $500 for contest prizes and $1,000 for influencer partnerships.",,0.0,,0.07034263759851456,0.14018896222114563,0.11877749115228653,0.05408279225230217,0.41596904397010803,0.20063912868499756,1,persuasive,0.416,humorous,0.2558,professional,0.1781,persuasive,1,1,persuasive,0.6,0.5,phi3_tiebreak,True
195,Design an email marketing campaign to promote a new product launch.,"Company: Tech startup, Target audience: Early adopters, Constraints: Short timeline, Goals: 50% open rate, Stage: Image generation.","50% open rate, Stage: Image generation.","Company: Tech startup, Target audience: Early adopters, Constraints: Short timeline,","Company: Tech startup, Target audience: Early adopters, Constraints: Short timeline,",Create a visually striking email template with animations and GIFs showcasing the product's innovative features. Use AI-generated images to highlight the product's sleek design and include a limited-time discount for early bird subscribers.,persuasive,0.6792,discount,0.04011175408959389,0.05261276662349701,0.47439876198768616,0.020087119191884995,0.24161237478256226,0.17117726802825928,1,luxury,0.4744,luxury,0.5298,humorous,0.2027,persuasive,1,1,persuasive,0.7492,0.6667,three_method_majority,False
196,Develop a content marketing strategy to establish thought leadership in the finance industry.,"Company: Financial services firm, Target audience: Business owners, Constraints: Limited resources, Goals: 10% increase in website traffic, Stage: Copywriting.","10% increase in website traffic, Stage: Copywriting.","Company: Financial services firm, Target audience: Business owners, Constraints: Limited resources,","Company: Financial services firm, Target audience: Business owners, Constraints: Limited resources,","Publish a series of in-depth articles and whitepapers on industry trends and best practices. Utilize AI-powered content generation tools to produce high-quality, SEO-optimized content. Repurpose the content into social media posts, email newsletters, and webinars.",professional,0.5875,industry,0.04615364223718643,0.3399670124053955,0.21480967104434967,0.04476753994822502,0.2877689599990845,0.06653328239917755,1,professional,0.34,professional,0.4009,luxury,0.2398,professional,1,1,professional,0.5849,1.0,rule_zero_shot_agreement,True
197,Create a social media campaign to promote a new restaurant opening.,"Company: Restaurant chain, Target audience: Foodies, Constraints: Limited budget, Goals: 500 new followers, Stage: Post scheduling.","500 new followers, Stage: Post scheduling.","Company: Restaurant chain, Target audience: Foodies, Constraints: Limited budget,","Company: Restaurant chain, Target audience: Foodies, Constraints: Limited budget,","Develop a social media calendar featuring behind-the-scenes content, sneak peeks, and exclusive promotions. Utilize Instagram Reels and Facebook Live to showcase the restaurant's culinary expertise. Schedule posts to coincide with peak hours and engage with followers by responding to comments and direct messages.",luxury,0.6792,exclusive,0.1099303588271141,0.12969136238098145,0.1562323421239853,0.05257544293999672,0.42499276995658875,0.1265777051448822,1,persuasive,0.425,friendly,0.2393,luxury,0.1831,professional,1,1,professional,0.6,0.3333,phi3_tiebreak,True
198,Design a paid advertising campaign to drive website traffic and sales.,"Company: E-commerce store, Target audience: Online shoppers, Constraints: Limited budget, Goals: 20% increase in sales, Stage: Strategy.","20% increase in sales, Stage: Strategy.","Company: E-commerce store, Target audience: Online shoppers, Constraints: Limited budget,","Company: E-commerce store, Target audience: Online shoppers, Constraints: Limited budget,","Launch a targeted Google Ads campaign focusing on high-intent keywords. Create AI-generated ad copy and landing pages optimized for conversion. Allocate $2,000 for ad spend and monitor campaign performance regularly.",professional,0.5875,performance,0.05240019038319588,0.18945540487766266,0.14392396807670593,0.045262694358825684,0.43403780460357666,0.1349199265241623,1,persuasive,0.434,professional,0.2513,luxury,0.1807,professional,1,1,professional,0.5026,1.0,rule_zero_shot_agreement,True
199,Create a social media campaign to promote a new eco-friendly fashion brand.,"Company: Verde Clothing Target Audience: Millennials and Gen Z Constraints: Limited budget, high competition in the sustainable fashion market Goals: Increase brand awareness, drive website traffic, and generate sales Workflow Stage: Strategy","Increase brand awareness, drive website traffic, and generate sales Workflow Stage: Strategy","Company: Verde Clothing Target Audience: Millennials and Gen Z Constraints: Limited budget, high competition in the sustainable fashion market","Company: Verde Clothing Target Audience: Millennials and Gen Z Constraints: Limited budget, high competition in the sustainable fashion market","""Verde Vibes"" social media campaign: Utilize Instagram Reels and TikTok to showcase sustainable fashion practices, collaborate with eco-influencers, and offer exclusive discounts to followers who share their own eco-friendly fashion tips. Allocate $1,000 for influencer partnerships and $500 for paid social media ads.",luxury,0.3192,exclusive,0.1270175576210022,0.09804710000753403,0.15405672788619995,0.06553436070680618,0.3516971468925476,0.20364713668823242,1,persuasive,0.3517,friendly,0.2537,humorous,0.2321,professional,1,1,professional,0.6,0.3333,phi3_tiebreak,True
200,Develop a content calendar for a B2B software company's blog.,"Company: NovaTech Target Audience: IT professionals and business owners Constraints: Limited content creation resources, need to establish thought leadership Goals: Increase blog traffic, generate leads, and position NovaTech as a industry expert Workflow Stage: Content Creation","Increase blog traffic, generate leads, and position NovaTech as a industry expert Workflow Stage: Content Creation","Company: NovaTech Target Audience: IT professionals and business owners Constraints: Limited content creation resources, need to establish thought leadership","Company: NovaTech Target Audience: IT professionals and business owners Constraints: Limited content creation resources, need to establish thought leadership","""Tech Insights"" content calendar: Publish bi-weekly blog posts on industry trends, product updates, and customer success stories. Utilize SEO optimization, internal linking, and CTAs to drive lead generation. Allocate 2 hours/week for content creation and 1 hour/week for social media promotion.",professional,0.7708,industry|insights,0.06794972717761993,0.18711179494857788,0.13257649540901184,0.15699797868728638,0.2813567817211151,0.17400714755058289,1,persuasive,0.2814,emotional,0.267,professional,0.1988,professional,1,1,professional,0.8408,0.6667,three_method_majority,False
201,Create a personalized email marketing campaign for an e-commerce company.,"Company: Luxe Beauty Target Audience: High-end beauty enthusiasts Constraints: Large email list, need to increase conversion rates Goals: Boost sales, increase average order value, and enhance customer experience Workflow Stage: Copywriting","Boost sales, increase average order value, and enhance customer experience Workflow Stage: Copywriting","Company: Luxe Beauty Target Audience: High-end beauty enthusiasts Constraints: Large email list, need to increase conversion rates","Company: Luxe Beauty Target Audience: High-end beauty enthusiasts Constraints: Large email list, need to increase conversion rates","""Luxe Insider"" email campaign: Segment email list by purchase history and preferences, create personalized product recommendations, and offer exclusive loyalty rewards. Use AI-powered email automation to send targeted, timely messages.",luxury,0.3192,exclusive,0.05081852898001671,0.14547449350357056,0.36558324098587036,0.044142451137304306,0.24737760424613953,0.1466037482023239,1,luxury,0.3656,luxury,0.397,humorous,0.1688,professional,1,1,luxury,0.462,0.6667,rule_zero_shot_agreement,True
202,Design a social media contest for a food delivery service.,"Company: Foodie Express Target Audience: Foodies and busy professionals Constraints: Limited brand recognition, high competition in the food delivery market Goals: Increase brand awareness, drive app downloads, and generate user-generated content Workflow Stage: Image Generation","Increase brand awareness, drive app downloads, and generate user-generated content Workflow Stage: Image Generation","Company: Foodie Express Target Audience: Foodies and busy professionals Constraints: Limited brand recognition, high competition in the food delivery market","Company: Foodie Express Target Audience: Foodies and busy professionals Constraints: Limited brand recognition, high competition in the food delivery market","""Foodie Frenzy"" social media contest: Launch a photo contest on Instagram and Facebook, asking users to share their favorite Foodie Express meals. Offer a $500 gift card grand prize and feature user-generated content on social media channels.",persuasive,0.6333,offer,0.05110735446214676,0.04963723197579384,0.07147751748561859,0.05974216386675835,0.4549710154533386,0.3130647540092468,1,persuasive,0.455,humorous,0.4181,persuasive,0.1789,persuasive,1,1,persuasive,0.7033,0.6667,three_method_majority,False
203,Create a social media campaign to promote a new sustainable fashion brand.,"Company: GreenThreads, a startup sustainable fashion brand Target Audience: Millennials and Gen Z, environmentally conscious consumers Constraints: Limited budget, competitive market Goals: Increase brand awareness, drive website traffic, and generate sales Workflow Stage: Strategy","Increase brand awareness, drive website traffic, and generate sales Workflow Stage: Strategy","Company: GreenThreads, a startup sustainable fashion brand Target Audience: Millennials and Gen Z, environmentally conscious consumers Constraints: Limited budget, competitive market","Company: GreenThreads, a startup sustainable fashion brand Target Audience: Millennials and Gen Z, environmentally conscious consumers Constraints: Limited budget, competitive market","""Green Revolution"" campaign: Partner with eco-influencers, create engaging content (images, videos, blog posts) highlighting the brand's commitment to sustainability, and utilize Instagram Reels and TikTok for hashtag challenges. Allocate $1,000 for influencer collaborations and $500 for paid social media ads.",,0.0,,0.07427562773227692,0.1246001273393631,0.035848475992679596,0.10872218012809753,0.4938993453979492,0.16265426576137543,1,persuasive,0.4939,emotional,0.2254,humorous,0.2113,professional,1,1,professional,0.6,0.5,phi3_tiebreak,True
204,Develop a content marketing strategy for a B2B software company.,"Company: TechCorp, a B2B software solutions provider Target Audience: IT professionals, business owners Constraints: Highly competitive market, limited resources Goals: Establish thought leadership, generate leads, and increase conversions Workflow Stage: Content Creation","Establish thought leadership, generate leads, and increase conversions Workflow Stage: Content Creation","Company: TechCorp, a B2B software solutions provider Target Audience: IT professionals, business owners Constraints: Highly competitive market, limited resources","Company: TechCorp, a B2B software solutions provider Target Audience: IT professionals, business owners Constraints: Highly competitive market, limited resources","""Tech Insights"" blog series: Create in-depth articles, whitepapers, and webinars on industry trends, best practices, and product tutorials. Utilize SEO optimization and repurpose content into social media posts, email newsletters, and LinkedIn articles.",professional,0.7708,industry|insights,0.04959980398416519,0.25254595279693604,0.21449880301952362,0.059329234063625336,0.31477487087249756,0.1092512458562851,1,persuasive,0.3148,professional,0.3005,luxury,0.2416,professional,1,1,professional,0.6121,1.0,rule_zero_shot_agreement,True
205,Design a personalized email marketing campaign for an e-commerce company.,"Company: FashionForward, an online fashion retailer Target Audience: Women aged 25-45, fashion-conscious consumers Constraints: High email open rates, but low conversion rates Goals: Increase sales, improve customer engagement, and reduce cart abandonment Workflow Stage: Copywriting","Increase sales, improve customer engagement, and reduce cart abandonment Workflow Stage: Copywriting","Company: FashionForward, an online fashion retailer Target Audience: Women aged 25-45, fashion-conscious consumers Constraints: High email open rates, but low conversion rates","Company: FashionForward, an online fashion retailer Target Audience: Women aged 25-45, fashion-conscious consumers Constraints: High email open rates, but low conversion rates","""Your Style, Your Way"" campaign: Use AI-powered segmentation to create personalized email content, product recommendations, and exclusive offers based on customers' purchase history, browsing behavior, and preferences.",luxury,0.6792,exclusive,0.0944783091545105,0.18721535801887512,0.3093620240688324,0.03985419124364853,0.23129428923130035,0.13779576122760773,1,luxury,0.3094,luxury,0.3195,professional,0.2042,professional,1,1,luxury,0.5814,0.6667,rule_zero_shot_agreement,True
206,Create a social media contest to promote a new product launch.,"Company: TechGadgets, a consumer electronics brand Target Audience: Tech-savvy individuals, gamers, and young adults Constraints: Limited budget, short timeline Goals: Generate buzz, increase brand awareness, and drive sales Workflow Stage: Post Scheduling","Generate buzz, increase brand awareness, and drive sales Workflow Stage: Post Scheduling","Company: TechGadgets, a consumer electronics brand Target Audience: Tech-savvy individuals, gamers, and young adults Constraints: Limited budget, short timeline","Company: TechGadgets, a consumer electronics brand Target Audience: Tech-savvy individuals, gamers, and young adults Constraints: Limited budget, short timeline","""Unbox the Future"" contest: Launch a social media contest on Twitter, Instagram, and Facebook, where followers can share a photo or video of themselves unboxing the new product, using a branded hashtag. Offer a grand prize and runner-up prizes, and schedule engaging content",persuasive,0.6333,offer,0.0626644492149353,0.10680738091468811,0.10517866909503937,0.06687629967927933,0.3992220163345337,0.259251207113266,1,persuasive,0.3992,humorous,0.3245,persuasive,0.1471,persuasive,1,1,persuasive,0.7033,0.6667,three_method_majority,False
207,Create a social media campaign to increase brand awareness among Gen Z for a sustainable fashion brand.,"Company: GreenThreads, a sustainable fashion brand targeting Gen Z. Target audience: 18-24-year-olds active on Instagram and TikTok. Constraints: Limited budget ($5,000). Goals: Increase brand followers by 20% in 3 months. Workflow stage: Strategy.",Increase brand followers by 20% in 3 months. Workflow stage: Strategy.,"Company: GreenThreads, a sustainable fashion brand targeting Gen Z. Target audience: 18-24-year-olds active on Instagram and TikTok. Constraints: Limited budget ($5,000).","Company: GreenThreads, a sustainable fashion brand targeting Gen Z. Target audience: 18-24-year-olds active on Instagram and TikTok. Constraints: Limited budget ($5,000).","Develop a hashtag challenge campaign #EcoFashionRevolution, partnering with 5 eco-influencers to showcase GreenThreads' sustainable clothing. Allocate $2,000 for influencer collaborations, $1,500 for sponsored ads, and $1,500 for content creation. Share engaging content (images, videos, and Reels) highlighting the brand's eco-friendly practices. Encourage users to share their own eco-friendly fashion choices, offering a 15% discount to participants.",persuasive,0.6792,discount,0.050530679523944855,0.09661686420440674,0.05683327466249466,0.08401691168546677,0.5724340081214905,0.1395682841539383,1,persuasive,0.5724,persuasive,0.2477,humorous,0.2051,persuasive,1,1,persuasive,0.5419,1.0,rule_zero_shot_agreement,True
208,Design an email marketing campaign to promote a new AI-powered fitness app.,"Company: FitGenie, an AI-powered fitness app. Target audience: Fitness enthusiasts aged 25-45. Constraints: Email list of 10,000 subscribers. Goals: Drive 500 downloads within the first month. Workflow stage: Copywriting.",Drive 500 downloads within the first month. Workflow stage: Copywriting.,"Company: FitGenie, an AI-powered fitness app. Target audience: Fitness enthusiasts aged 25-45. Constraints: Email list of 10,000 subscribers.","Company: FitGenie, an AI-powered fitness app. Target audience: Fitness enthusiasts aged 25-45. Constraints: Email list of 10,000 subscribers.","Create a series of 3 automated email campaigns: 1) Introduction to FitGenie's AI technology and its benefits, 2) Success stories and testimonials from existing users, and 3) Exclusive promotional offer (20% off the premium subscription). Use attention-grabbing subject lines, compelling CTAs, and personalized content to engage subscribers.",luxury,0.7283,premium|exclusive,0.009888113476336002,0.024476729333400726,0.049048446118831635,0.040691524744033813,0.8484929203987122,0.027402227744460106,1,persuasive,0.8485,persuasive,0.5809,emotional,0.1509,persuasive,1,1,persuasive,0.6509,0.6667,three_method_majority,False
209,Develop a video marketing strategy to promote a new electric vehicle model.,"Company: Ecomotive, an electric vehicle manufacturer. Target audience: Environmentally conscious car buyers aged 30-50. Constraints: Limited brand recognition. Goals: Generate 1,000 leads within 6 months. Workflow stage: Video production.","Generate 1,000 leads within 6 months. Workflow stage: Video production.","Company: Ecomotive, an electric vehicle manufacturer. Target audience: Environmentally conscious car buyers aged 30-50. Constraints: Limited brand recognition.","Company: Ecomotive, an electric vehicle manufacturer. Target audience: Environmentally conscious car buyers aged 30-50. Constraints: Limited brand recognition.","Produce a series of 5 engaging videos showcasing the vehicle's eco-friendly features, performance, and design. Utilize 3D animations and virtual reality experiences to create immersive content. Publish videos on YouTube, Facebook, and the company website. Allocate $10,000 for video production and $5,000 for paid advertising.",professional,0.5875,performance,0.07691524922847748,0.13139000535011292,0.1611180603504181,0.10139159858226776,0.3003567159175873,0.2288283258676529,1,persuasive,0.3004,humorous,0.2552,emotional,0.1804,professional,1,1,professional,0.6575,0.6667,three_method_majority,False
210,Create a social media campaign to increase brand awareness and drive website traffic for a sustainable fashion brand targeting Gen Z.,"Company: GreenThreads Target Audience: Gen Z (18-24 years old) Constraints: Limited budget of $1,000 Goals: Increase brand awareness by 20% and drive 500 new website visitors within 6 weeks Workflow Stage: Strategy",Increase brand awareness by 20% and drive 500 new website visitors within 6 weeks Workflow Stage: Strategy,"Company: GreenThreads Target Audience: Gen Z (18-24 years old) Constraints: Limited budget of $1,000","Company: GreenThreads Target Audience: Gen Z (18-24 years old) Constraints: Limited budget of $1,000","""Threads for a Greener Tomorrow"" campaign, leveraging Instagram Reels, TikTok, and Pinterest to showcase eco-friendly fashion. Partner with 3 eco-influencers for sponsored content, utilizing hashtags #SustainableFashion and #EcoWarriors. Allocate $300 for influencer partnerships, $200 for paid social media ads, and $500 for content creation. Track engagement and website traffic using Google Analytics.",,0.0,,0.064491868019104,0.2190723568201065,0.08914236724376678,0.0628185123205185,0.3691084682941437,0.1953664869070053,1,persuasive,0.3691,professional,0.2663,humorous,0.2384,professional,1,1,professional,0.3363,1.0,three_method_majority,True
211,Develop a content calendar for a B2B software company's blog to establish thought leadership and generate leads.,Company: TechCorp Target Audience: Business owners and decision-makers in the tech industry Constraints: Publish 2 articles per week Goals: Increase blog traffic by 30% and generate 20 new leads within 3 months Workflow Stage: Content Creation,Increase blog traffic by 30% and generate 20 new leads within 3 months Workflow Stage: Content Creation,Company: TechCorp Target Audience: Business owners and decision-makers in the tech industry Constraints: Publish 2 articles per week,Company: TechCorp Target Audience: Business owners and decision-makers in the tech industry Constraints: Publish 2 articles per week,"Create a 12-week content calendar focusing on industry trends, best practices, and case studies. Week 1-4: ""The Future of AI in Business,"" ""Top 5 Tech Trends for 2023,"" ""Cybersecurity in the Age of Remote Work,"" and ""Success Story: How XYZ Inc. Boosted Productivity with Our Software."" Utilize SEO keywords, meta descriptions, and optimize images for social media sharing.",professional,0.725,industry|business,0.07081615924835205,0.21511265635490417,0.14908963441848755,0.07011040300130844,0.35328343510627747,0.1415877491235733,1,persuasive,0.3533,professional,0.2562,humorous,0.1693,professional,1,1,professional,0.5672,1.0,rule_zero_shot_agreement,True
212,Design a targeted email campaign to reactivate dormant customers for a subscription-based fitness platform.,Company: FitFusion Target Audience: Inactive subscribers (no login or workout completion in 3 months) Constraints: Limited to 1 email per week for 4 weeks Goals: Reactivate 20% of dormant customers and increase overall platform engagement by 15% Workflow Stage: Email Marketing,Reactivate 20% of dormant customers and increase overall platform engagement by 15% Workflow Stage: Email Marketing,Company: FitFusion Target Audience: Inactive subscribers (no login or workout completion in 3 months) Constraints: Limited to 1 email per week for 4 weeks,Company: FitFusion Target Audience: Inactive subscribers (no login or workout completion in 3 months) Constraints: Limited to 1 email per week for 4 weeks,"""Get Moving Again"" email series: Week 1 - ""We Miss You"" (personalized greeting, highlighting new features and workouts), Week 2 - ""Your Fitness Journey Awaits"" (success stories, motivational quotes, and a call-to-action), Week 3 - ""Exclusive Offer: 20% Off Your Next Month"" (limited-time discount), and Week 4 - ""Last Chance: Let",persuasive,0.6696,discount|offer,0.03308386355638504,0.031593404710292816,0.02276286855340004,0.20065274834632874,0.6778200268745422,0.03408702835440636,1,persuasive,0.6778,emotional,0.4816,persuasive,0.3003,persuasive,1,1,persuasive,0.7396,0.6667,three_method_majority,False
213,Create a social media campaign for a new eco-friendly fashion brand targeting Gen Z consumers.,"Company: Green Threads; Target Audience: Gen Z (18-24); Constraints: Limited budget, high competition; Goals: Increase brand awareness, drive website traffic; Workflow Stage: Strategy","Increase brand awareness, drive website traffic; Workflow Stage: Strategy","Company: Green Threads; Target Audience: Gen Z (18-24); Constraints: Limited budget, high competition;","Company: Green Threads; Target Audience: Gen Z (18-24); Constraints: Limited budget, high competition;","Launch a ""Sustainable Fashion Challenge"" on TikTok, encouraging users to share their own eco-friendly fashion hacks and tagging Green Threads. Collaborate with 5 popular eco-influencers to promote the challenge and offer a discount code for participants. Utilize Instagram Reels and Facebook to amplify the campaign, sharing behind-the-scenes content and user-generated videos.",persuasive,0.8625,discount|offer,0.038707803934812546,0.06955809891223907,0.07681004703044891,0.0629335567355156,0.6228688359260559,0.1291215568780899,1,persuasive,0.6229,persuasive,0.2946,humorous,0.2074,friendly,1,1,persuasive,0.6502,0.6667,rule_zero_shot_agreement,False
214,Develop a content marketing strategy for a B2B software company targeting IT professionals.,"Company: Tech Solutions; Target Audience: IT Professionals; Constraints: Complex product offerings, limited brand recognition; Goals: Establish thought leadership, generate leads; Workflow Stage: Content Creation","Establish thought leadership, generate leads; Workflow Stage: Content Creation","Company: Tech Solutions; Target Audience: IT Professionals; Constraints: Complex product offerings, limited brand recognition;","Company: Tech Solutions; Target Audience: IT Professionals; Constraints: Complex product offerings, limited brand recognition;","Create a comprehensive eBook on ""The Future of IT: Trends and Strategies"" featuring insights from industry experts. Break down the eBook into smaller, bite-sized blog posts and social media snippets. Host a webinar on the topic, featuring a panel discussion with industry thought leaders, and offer the eBook as a downloadable resource.",professional,0.7905,industry|insights|webinar,0.05837316811084747,0.20038145780563354,0.15802370011806488,0.05860481783747673,0.3397460877895355,0.18487069010734558,1,persuasive,0.3397,professional,0.2407,humorous,0.2229,professional,1,1,professional,0.5881,1.0,rule_zero_shot_agreement,True
215,Design an email marketing campaign for a luxury travel company targeting high-end travelers.,"Company: Luxury Getaways; Target Audience: High-End Travelers; Constraints: High competition, limited email list; Goals: Increase bookings, drive revenue; Workflow Stage: Email Copywriting","Increase bookings, drive revenue; Workflow Stage: Email Copywriting","Company: Luxury Getaways; Target Audience: High-End Travelers; Constraints: High competition, limited email list;","Company: Luxury Getaways; Target Audience: High-End Travelers; Constraints: High competition, limited email list;","Craft a visually stunning email campaign featuring exclusive, curated travel experiences. Use AI-powered personalization to tailor content to individual preferences and interests. Offer a limited-time discount for subscribers and include a "" Book Now"" CTA. Utilize social proof, showcasing testimonials from satisfied clients and industry awards.",persuasive,0.8736,book now|discount|offer,0.010835952125489712,0.02736721560359001,0.35114046931266785,0.011803355067968369,0.5771821737289429,0.021670805290341377,1,persuasive,0.5772,luxury,0.5633,persuasive,0.2891,luxury,1,1,luxury,0.6333,0.6667,three_method_majority,False
216,Create a social media contest for a popular food delivery service targeting families with young children.,"Company: Foodie Frenzy; Target Audience: Families with Young Children; Constraints: Limited engagement, high competition; Goals: Increase brand awareness, drive orders; Workflow Stage: Social Media Scheduling","Increase brand awareness, drive orders; Workflow Stage: Social Media Scheduling","Company: Foodie Frenzy; Target Audience: Families with Young Children; Constraints: Limited engagement, high competition;","Company: Foodie Frenzy; Target Audience: Families with Young Children; Constraints: Limited engagement, high competition;","Launch a ""Kids' Mealtime Masterpiece"" contest on Facebook and Instagram, encouraging parents to share photos of their kids' creative mealtime artwork. Partner with popular family influencers to promote the contest and offer a free meal voucher for participants. Utilize Instagram Stories and Facebook Live",persuasive,0.6333,offer,0.05230656638741493,0.08358339965343475,0.10747847706079483,0.06465395539999008,0.5380051136016846,0.15397249162197113,1,persuasive,0.538,persuasive,0.229,humorous,0.2226,persuasive,1,1,persuasive,0.5109,1.0,rule_zero_shot_agreement,True
217,Develop a social media campaign to increase brand awareness and drive sales for a sustainable fashion brand targeting Generation Z.,"Company: Verde Fashion, a sustainable fashion brand offering eco-friendly clothing options. Target Audience: Generation Z (18-24 years old) who prioritize sustainability and fashion. Constraints: Limited budget of $5,000. Goals: Increase brand awareness by 20% and drive sales by 15% within 6 weeks. Workflow Stage: Strategy.",Increase brand awareness by 20% and drive sales by 15% within 6 weeks. Workflow Stage: Strategy.,"Company: Verde Fashion, a sustainable fashion brand offering eco-friendly clothing options. Target Audience: Generation Z (18-24 years old) who prioritize sustainability and fashion. Constraints: Limited budget of $5,000.","Company: Verde Fashion, a sustainable fashion brand offering eco-friendly clothing options. Target Audience: Generation Z (18-24 years old) who prioritize sustainability and fashion. Constraints: Limited budget of $5,000.","Create a social media campaign leveraging Instagram and TikTok, focusing on user-generated content (UGC) and influencer partnerships. Partner with 5 eco-conscious influencers to showcase Verde Fashion's products in their daily lives. Launch a hashtag challenge, encouraging followers to share their own sustainable fashion choices, with a chance to win a free Verde Fashion item. Allocate $2,000 for influencer fees, $1,500 for sponsored ads, and $1,500 for content creation and campaign management.",,0.0,,0.07919909805059433,0.07738948613405228,0.07853646576404572,0.06777125597000122,0.5006561279296875,0.19644756615161896,1,persuasive,0.5007,humorous,0.2648,persuasive,0.1987,professional,1,1,professional,0.6,0.5,phi3_tiebreak,True
218,Create a content marketing strategy to establish thought leadership for a health and wellness brand targeting fitness enthusiasts.,"Company: FitHive, a health and wellness brand offering fitness classes and wellness products. Target Audience: Fitness enthusiasts aged 25-45. Constraints: Limited content creation budget of $3,000. Goals: Increase website traffic by 30% and establish FitHive as a thought leader in the industry within 9 weeks. Workflow Stage: Content Creation.",Increase website traffic by 30% and establish FitHive as a thought leader in the industry within 9 weeks. Workflow Stage: Content Creation.,"Company: FitHive, a health and wellness brand offering fitness classes and wellness products. Target Audience: Fitness enthusiasts aged 25-45. Constraints: Limited content creation budget of $3,000.","Company: FitHive, a health and wellness brand offering fitness classes and wellness products. Target Audience: Fitness enthusiasts aged 25-45. Constraints: Limited content creation budget of $3,000.",Develop a content marketing strategy focusing on blog posts,professional,0.5875,strategy,0.09169920533895493,0.19082242250442505,0.1825428158044815,0.10282186418771744,0.2647255063056946,0.1673881858587265,1,persuasive,0.2647,professional,0.2039,luxury,0.1847,professional,1,1,professional,0.4765,1.0,rule_zero_shot_agreement,True
219,Create a social media campaign to increase brand awareness for a sustainable fashion brand.,"Company: GreenThreads, a sustainable fashion brand targeting young adults aged 18-30. Target Audience: Fashion-conscious individuals who prioritize environmental sustainability. Constraints: Limited budget, must utilize organic social media channels. Goals: Increase brand followers by 500, boost engagement by 200% within 6 weeks. Workflow Stage: Strategy Development","Increase brand followers by 500, boost engagement by 200% within 6 weeks. Workflow Stage: Strategy Development","Company: GreenThreads, a sustainable fashion brand targeting young adults aged 18-30. Target Audience: Fashion-conscious individuals who prioritize environmental sustainability. Constraints: Limited budget, must utilize organic social media channels.","Company: GreenThreads, a sustainable fashion brand targeting young adults aged 18-30. Target Audience: Fashion-conscious individuals who prioritize environmental sustainability. Constraints: Limited budget, must utilize organic social media channels.","Develop a ""Sustainable Style Challenge"" campaign, encouraging followers to share eco-friendly fashion tips and showcase their own sustainable fashion choices. Collaborate with 5 eco-influencers to promote the challenge and share engaging content. Utilize Instagram Reels, TikTok, and Facebook to reach the target audience.",,0.0,,0.08849523216485977,0.15172478556632996,0.0971224457025528,0.08796773850917816,0.3933970034122467,0.18129277229309082,1,persuasive,0.3934,humorous,0.217,friendly,0.1856,friendly,1,1,friendly,0.6,0.5,phi3_tiebreak,True
220,Design an email marketing campaign to nurture leads for a B2B software company.,"Company: TechCorp, a B2B software company offering AI-powered solutions. Target Audience: Business owners, IT managers, and decision-makers in various industries. Constraints: Must integrate with existing CRM, limited design resources. Goals: Increase lead conversions by 30% within 3 months. Workflow Stage: Email Copywriting",Increase lead conversions by 30% within 3 months. Workflow Stage: Email Copywriting,"Company: TechCorp, a B2B software company offering AI-powered solutions. Target Audience: Business owners, IT managers, and decision-makers in various industries. Constraints: Must integrate with existing CRM, limited design resources.","Company: TechCorp, a B2B software company offering AI-powered solutions. Target Audience: Business owners, IT managers, and decision-makers in various industries. Constraints: Must integrate with existing CRM, limited design resources.","Create a 5-email nurture sequence focused on educating leads about the benefits of AI-powered solutions. Use a conversational tone, highlighting success stories and offering personalized demos. Include clear CTAs and track engagement metrics to refine the sequence.",,0.0,,0.4581168293952942,0.010436530224978924,0.028713855892419815,0.2140359878540039,0.2315918207168579,0.05710497871041298,1,friendly,0.4581,friendly,0.6142,emotional,0.2613,friendly,1,1,friendly,0.6842,1.0,three_method_majority,False
221,Develop a content marketing strategy for a healthcare technology startup.,"Company: HealthGenie, a healthcare technology startup targeting patients and medical professionals. Target Audience: Patients seeking health information, medical professionals looking for innovative solutions. Constraints: Limited content creation resources, must prioritize SEO. Goals: Increase website traffic by 50% within 6 months, establish thought leadership in the industry. Workflow Stage: Content Planning","Increase website traffic by 50% within 6 months, establish thought leadership in the industry. Workflow Stage: Content Planning","Company: HealthGenie, a healthcare technology startup targeting patients and medical professionals. Target Audience: Patients seeking health information, medical professionals looking for innovative solutions. Constraints: Limited content creation resources, must prioritize SEO.","Company: HealthGenie, a healthcare technology startup targeting patients and medical professionals. Target Audience: Patients seeking health information, medical professionals looking for innovative solutions. Constraints: Limited content creation resources, must prioritize SEO.","Create a content hub focused on health education, featuring articles, videos, and podcasts. Utilize keyword research to optimize content for SEO. Develop strategic partnerships with health influencers and medical organizations to amplify content reach.",professional,0.6333,research,0.0704009011387825,0.21249109506607056,0.1731647104024887,0.0694737508893013,0.28882503509521484,0.18564452230930328,1,persuasive,0.2888,professional,0.2406,humorous,0.211,professional,1,1,professional,0.5173,1.0,rule_zero_shot_agreement,True
222,Develop a social media strategy to increase brand awareness among Gen Z.,"Company: EcoCycle, a sustainable fashion brand Target Audience: Gen Z (18-24 years old) Constraints: Limited budget ($1,000/month) Goals: Increase followers by 20% in 3 months Workflow Stage: Strategy",Increase followers by 20% in 3 months Workflow Stage: Strategy,"Company: EcoCycle, a sustainable fashion brand Target Audience: Gen Z (18-24 years old) Constraints: Limited budget ($1,000/month)","Company: EcoCycle, a sustainable fashion brand Target Audience: Gen Z (18-24 years old) Constraints: Limited budget ($1,000/month)","Create a social media strategy focusing on Instagram and TikTok. Utilize relevant hashtags (e.g., #sustainability, #ecofriendly) and collaborate with eco-influencers. Allocate $300/month for sponsored content and $200/month for influencer partnerships. Share engaging content (images, videos, Reels) showcasing EcoCycle's sustainable practices and fashionable products. Monitor analytics to optimize content and adjust the strategy as needed.",professional,0.5875,strategy,0.09317776560783386,0.2143106311559677,0.21215014159679413,0.0677919015288353,0.2854134142398834,0.1271560788154602,1,persuasive,0.2854,professional,0.2383,luxury,0.2233,professional,1,1,professional,0.4954,1.0,rule_zero_shot_agreement,True
223,Design an eye-catching image for a Facebook ad promoting a new product launch.,"Company: TechCorp, a tech gadget manufacturer Target Audience: Tech-savvy individuals (25-45 years old) Constraints: Image size: 1080 x 1080 pixels Goals: Drive traffic to the product page and increase sales Workflow Stage: Image Generation",Drive traffic to the product page and increase sales Workflow Stage: Image Generation,"Company: TechCorp, a tech gadget manufacturer Target Audience: Tech-savvy individuals (25-45 years old) Constraints: Image size: 1080 x 1080 pixels","Company: TechCorp, a tech gadget manufacturer Target Audience: Tech-savvy individuals (25-45 years old) Constraints: Image size: 1080 x 1080 pixels","Create a visually appealing image featuring the new product, a smartwatch, on a bold, contrasting background. Incorporate a 3D effect to highlight the product's sleek design. Include a clear call-to-action (CTA) ""Learn More"" and the company's logo. Use a color scheme that reflects the brand's identity (blue and silver). Ensure the image is optimized for various devices and browsers.",professional,0.5417,learn more,0.013012900948524475,0.023543788120150566,0.04054655879735947,0.011773251928389072,0.8695445656776428,0.041578859090805054,1,persuasive,0.8695,persuasive,0.6387,humorous,0.1037,professional,1,1,professional,0.6117,0.6667,three_method_majority,True
224,Write compelling copy for a promotional email campaign.,"Company: FoodieDelights, a meal kit delivery service Target Audience: Food enthusiasts (25-55 years old) Constraints: Email length: 150 words Goals: Encourage subscribers to try a new meal kit Workflow Stage: Copywriting",Encourage subscribers to try a new meal kit Workflow Stage: Copywriting,"Company: FoodieDelights, a meal kit delivery service Target Audience: Food enthusiasts (25-55 years old) Constraints: Email length: 150 words","Company: FoodieDelights, a meal kit delivery service Target Audience: Food enthusiasts (25-55 years old) Constraints: Email length: 150 words","Craft an attention-grabbing subject line ""Unlock Your Taste Buds"" and introduce a new, exotic meal kit ""Tropical Oasis."" Use mouth-watering descriptions and highlight the kit's unique ingredients. Emphasize the convenience and flexibility of FoodieDelights' service. Include a limited-time discount (15% off) and a clear CTA ""Order Now."" Personalize the email by addressing subscribers by name and referencing their past orders.",persuasive,1.0,order now|discount,0.010463791899383068,0.023968622088432312,0.09789985418319702,0.048030171543359756,0.7607018351554871,0.058935705572366714,1,persuasive,0.7607,persuasive,0.4533,luxury,0.1869,persuasive,1,1,persuasive,0.7993,1.0,rule_zero_shot_agreement,False
225,Create a social media campaign to promote a new eco-friendly product line.,"Company: GreenCycle, a sustainable home goods brand Target Audience: Environmentally conscious millennials and Gen Z Constraints: Limited budget, high competition in the eco-friendly market Goals: Increase brand awareness, drive website traffic, and generate sales Workflow Stage: Strategy","Increase brand awareness, drive website traffic, and generate sales Workflow Stage: Strategy","Company: GreenCycle, a sustainable home goods brand Target Audience: Environmentally conscious millennials and Gen Z Constraints: Limited budget, high competition in the eco-friendly market","Company: GreenCycle, a sustainable home goods brand Target Audience: Environmentally conscious millennials and Gen Z Constraints: Limited budget, high competition in the eco-friendly market","Launch a ""Green Revolution"" social media campaign, leveraging Instagram Reels and TikTok to showcase the products in a lifestyle setting. Collaborate with eco-influencers and user-generated content campaigns to amplify the brand's message. Utilize relevant hashtags and tag relevant environmental organizations to increase reach.",,0.0,,0.14648529887199402,0.12512721121311188,0.15889152884483337,0.07976070046424866,0.3480600416660309,0.14167520403862,1,persuasive,0.3481,friendly,0.2843,luxury,0.166,professional,1,1,professional,0.6,0.5,phi3_tiebreak,True
226,Develop a content marketing strategy for a B2B software company.,"Company: TechCorp, a provider of AI-powered project management tools Target Audience: Business owners and decision-makers in the tech industry Constraints: Highly competitive market, difficulty in differentiating the product Goals: Establish thought leadership, generate leads, and drive conversions Workflow Stage: Content Creation","Establish thought leadership, generate leads, and drive conversions Workflow Stage: Content Creation","Company: TechCorp, a provider of AI-powered project management tools Target Audience: Business owners and decision-makers in the tech industry Constraints: Highly competitive market, difficulty in differentiating the product","Company: TechCorp, a provider of AI-powered project management tools Target Audience: Business owners and decision-makers in the tech industry Constraints: Highly competitive market, difficulty in differentiating the product","Create a comprehensive content hub featuring industry reports, whitepapers, and case studies that highlight the benefits of AI-powered project management. Host webinars and podcasts discussing industry trends and best practices, featuring expert guests and showcasing TechCorp's expertise.",professional,0.725,industry|expert,0.0653914138674736,0.21773988008499146,0.15437600016593933,0.07484284043312073,0.34628745913505554,0.14136242866516113,1,persuasive,0.3463,professional,0.2583,luxury,0.1734,professional,1,1,professional,0.5683,1.0,rule_zero_shot_agreement,True
227,Design an email marketing campaign to reactivate dormant customers.,"Company: FashionForward, an online fashion retailer Target Audience: Inactive customers who haven't made a purchase in 6 months Constraints: Limited customer data, high email unsubscribe rates Goals: Reactivate dormant customers, increase sales, and improve customer retention Workflow Stage: Email Marketing","Reactivate dormant customers, increase sales, and improve customer retention Workflow Stage: Email Marketing","Company: FashionForward, an online fashion retailer Target Audience: Inactive customers who haven't made a purchase in 6 months Constraints: Limited customer data, high email unsubscribe rates","Company: FashionForward, an online fashion retailer Target Audience: Inactive customers who haven't made a purchase in 6 months Constraints: Limited customer data, high email unsubscribe rates","Launch a ""We Miss You"" email campaign, offering personalized discounts and exclusive access to new arrivals. Utilize AI-powered email segmentation to tailor content and offers based on customers' past purchases and browsing history.",luxury,0.6792,exclusive,0.06826865673065186,0.11100877076387405,0.09502191096544266,0.10514139384031296,0.32493001222610474,0.29562923312187195,1,persuasive,0.3249,humorous,0.3364,emotional,0.1908,persuasive,1,1,persuasive,0.6,0.3333,phi3_tiebreak,True
228,Create a video marketing campaign to promote a new luxury car model.,"Company: AutoElite, a luxury car manufacturer Target Audience: High-income individuals and car enthusiasts Constraints: High production costs, limited brand awareness Goals: Increase brand awareness, drive website traffic, and generate leads Workflow Stage: Video Production","Increase brand awareness, drive website traffic, and generate leads Workflow Stage: Video Production","Company: AutoElite, a luxury car manufacturer Target Audience: High-income individuals and car enthusiasts Constraints: High production costs, limited brand awareness","Company: AutoElite, a luxury car manufacturer Target Audience: High-income individuals and car enthusiasts Constraints: High production costs, limited brand awareness","Produce a cinematic video series showcasing the car's features and performance, highlighting the brand's heritage and craftsmanship. Utilize 3D animation and VR technology to create immersive experiences. Partner with popular car influencers and YouTube reviewers to showcase",professional,0.5875,performance,0.015942513942718506,0.06272449344396591,0.5998582243919373,0.06288719922304153,0.19617019593715668,0.062417447566986084,1,luxury,0.5999,luxury,0.6453,emotional,0.1144,luxury,1,1,luxury,0.7153,0.6667,three_method_majority,False
229,Create a social media campaign to increase brand awareness among young adults for a sustainable fashion brand.,"Company: GreenThreads, a sustainable fashion brand targeting 18-35-year-olds; workflow stage: strategy; goals: increase brand awareness by 20%, drive website traffic by 30%; constraints: limited budget of $5,000.","increase brand awareness by 20%, drive website traffic by 30%;","Company: GreenThreads, a sustainable fashion brand targeting 18-35-year-olds; workflow stage: strategy; constraints: limited budget of $5,000.","Company: GreenThreads, a sustainable fashion brand targeting 18-35-year-olds; workflow stage: strategy; constraints: limited budget of $5,000.","""ThreadTogether"" campaign: Collaborate with eco-influencers, create engaging content highlighting the brand's sustainable practices, and launch a referral program offering discounts for customers who share eco-friendly tips on social media. Utilize Instagram Reels and TikTok to showcase products and behind-the-scenes content.",,0.0,,0.08859998732805252,0.107542984187603,0.11345386505126953,0.12181883305311203,0.3635239005088806,0.2050604373216629,1,persuasive,0.3635,humorous,0.2341,emotional,0.2219,professional,1,1,professional,0.6,0.5,phi3_tiebreak,True
230,Develop a targeted email marketing campaign to promote a new product launch for a tech startup.,"Company: NovaTech, a startup offering AI-powered productivity tools; target audience: small business owners and freelancers; workflow stage: copywriting; goals: generate 500 leads, convert 10% to customers; constraints: limited email list.","generate 500 leads, convert 10% to customers;","Company: NovaTech, a startup offering AI-powered productivity tools; target audience: small business owners and freelancers; workflow stage: copywriting; constraints: limited email list.","Company: NovaTech, a startup offering AI-powered productivity tools; target audience: small business owners and freelancers; workflow stage: copywriting; constraints: limited email list.","""Unlock Your Potential"" campaign: Craft a series of 3 emails showcasing the product's benefits, success stories, and exclusive offers. Use AI-driven segmentation to personalize content and optimize subject lines. Offer a free trial and demo to encourage sign-ups.",luxury,0.3192,exclusive,0.027211880311369896,0.05916726961731911,0.05683201551437378,0.23882928490638733,0.5686742663383484,0.04928532615303993,1,persuasive,0.5687,emotional,0.5026,persuasive,0.2209,persuasive,1,1,persuasive,0.6,0.3333,phi3_tiebreak,True
231,Design a visually appealing image campaign for a luxury travel brand.,"Company: Paradise Escapes, a high-end travel agency targeting affluent individuals; workflow stage: image generation; goals: increase website traffic by 25%, boost social media engagement by 50%; constraints: high-end brand image to maintain.","increase website traffic by 25%, boost social media engagement by 50%;","Company: Paradise Escapes, a high-end travel agency targeting affluent individuals; workflow stage: image generation; constraints: high-end brand image to maintain.","Company: Paradise Escapes, a high-end travel agency targeting affluent individuals; workflow stage: image generation; constraints: high-end brand image to maintain.","""Escape the Ordinary"" campaign: Create stunning, high-resolution images showcasing breathtaking destinations, luxurious accommodations, and unique experiences. Utilize Instagram and Facebook ads to target high-end audiences, and partner with influencers to showcase exclusive content.",luxury,0.6792,exclusive,0.024802910163998604,0.03621505945920944,0.6407645344734192,0.032902754843235016,0.15101251006126404,0.11430229246616364,1,luxury,0.6408,luxury,0.6752,humorous,0.1277,,0,0,luxury,0.777,1.0,rule_zero_shot_agreement,False
232,Create a social media contest to engage customers and increase brand loyalty for a popular food delivery service.,"Company: FoodFusion, a food delivery service targeting urban dwellers; workflow stage: post scheduling; goals: increase social media engagement by 200%, boost customer retention by 15%; constraints: limited budget for prizes and promotions.","increase social media engagement by 200%, boost customer retention by 15%;","Company: FoodFusion, a food delivery service targeting urban dwellers; workflow stage: post scheduling; constraints: limited budget for prizes and promotions.","Company: FoodFusion, a food delivery service targeting urban dwellers; workflow stage: post scheduling; constraints: limited budget for prizes and promotions.","""TasteQuest"" contest: Launch a social media contest asking customers to share photos of their favorite FoodFusion meals, using a branded hashtag. Partner with popular food influencers to promote the contest, and offer exclusive discounts and prizes for participants.",luxury,0.3192,exclusive,0.03781289607286453,0.12170632928609848,0.1292305290699005,0.049494419246912,0.4488770365715027,0.21287879347801208,1,persuasive,0.4489,humorous,0.2902,persuasive,0.1802,persuasive,1,1,persuasive,0.6,0.3333,phi3_tiebreak,True
233,Create a social media campaign to promote a new sustainable fashion line targeting Gen Z consumers.,"Company: GreenThreads, a fashion brand prioritizing eco-friendly materials and production methods. Target Audience: Gen Z consumers (18-24 years old) who value sustainability and fashion. Constraints: Limited budget for influencer partnerships. Goals: Increase brand awareness, drive website traffic, and boost sales. Workflow Stage: Strategy and Content Creation.","Increase brand awareness, drive website traffic, and boost sales. Workflow Stage: Strategy and Content Creation.","Company: GreenThreads, a fashion brand prioritizing eco-friendly materials and production methods. Target Audience: Gen Z consumers (18-24 years old) who value sustainability and fashion. Constraints: Limited budget for influencer partnerships.","Company: GreenThreads, a fashion brand prioritizing eco-friendly materials and production methods. Target Audience: Gen Z consumers (18-24 years old) who value sustainability and fashion. Constraints: Limited budget for influencer partnerships.","""Threads for a Greener Tomorrow"" campaign: - Partner with micro-influencers and eco-conscious content creators for authentic brand storytelling. - Develop engaging content (videos, reels, and posts) highlighting the sustainable materials, production processes, and the story behind each garment. - Utilize Instagram and TikTok for primary campaign execution, focusing on hashtags like #SustainableFashion and #EcoFriendly. - Create a referral program encouraging customers to share their own sustainable fashion tips and experiences with GreenThreads products.",,0.0,,0.06836619228124619,0.07970166951417923,0.07208505272865295,0.2335154265165329,0.4048614799976349,0.14147017896175385,1,persuasive,0.4049,emotional,0.4137,humorous,0.1571,professional,1,1,professional,0.6,0.5,phi3_tiebreak,True
234,Design an email marketing strategy to re-engage dormant subscribers for an online education platform.,"Company: LearnSphere, an online learning platform offering courses in various fields. Target Audience: Subscribers who haven't engaged with the platform in the last 6 months. Constraints: The campaign needs to be executed within 3 weeks. Goals: Reactivate dormant subscribers and encourage them to enroll in new courses. Workflow Stage: Email Campaign Design and Execution.",Reactivate dormant subscribers and encourage them to enroll in new courses. Workflow Stage: Email Campaign Design and Execution.,"Company: LearnSphere, an online learning platform offering courses in various fields. Target Audience: Subscribers who haven't engaged with the platform in the last 6 months. Constraints: The campaign needs to be executed within 3 weeks.","Company: LearnSphere, an online learning platform offering courses in various fields. Target Audience: Subscribers who haven't engaged with the platform in the last 6 months. Constraints: The campaign needs to be executed within 3 weeks.","""Reignite Your Learning Spark"" email campaign: - Segment dormant subscribers based on their last engagement and interests. - Design a series of 3 personalized emails: 1. A reminder of their past interests and new courses that might intrigue them. 2. Exclusive offers and discounts on courses they've previously shown interest in. 3. Success stories of learners who re-engaged and achieved their goals. - Include a limited-time discount code in the final email to encourage immediate action.",luxury,0.2292,exclusive,0.03163708746433258,0.04916466027498245,0.05893177166581154,0.07936491817235947,0.7121453285217285,0.06875621527433395,1,persuasive,0.7121,persuasive,0.3711,emotional,0.2241,persuasive,1,1,persuasive,0.4411,0.6667,three_method_majority,True
235,Develop a content marketing strategy to position a tech startup as a thought leader in AI and machine learning.,"Company: NeuralSpark, a tech startup specializing in AI solutions for businesses. Target Audience: Tech industry professionals and potential clients interested in AI and machine learning. Constraints: Establish thought leadership within 6 months. Goals: Increase brand credibility, attract potential clients, and drive organic traffic to the website. Workflow Stage: Content Strategy and Creation.","Increase brand credibility, attract potential clients, and drive organic traffic to the website. Workflow Stage: Content Strategy and Creation.","Company: NeuralSpark, a tech startup specializing in AI solutions for businesses. Target Audience: Tech industry professionals and potential clients interested in AI and machine learning. Constraints: Establish thought leadership within 6 months.","Company: NeuralSpark, a tech startup specializing in AI solutions for businesses. Target Audience: Tech industry professionals and potential clients interested in AI and machine learning. Constraints: Establish thought leadership within 6 months.","""Spark Insights"" content hub: - Create in-depth articles, whitepapers, and case studies on AI and machine",professional,0.6333,insights,0.05979277193546295,0.2530060112476349,0.22013996541500092,0.07743838429450989,0.2845248878002167,0.10509797185659409,1,persuasive,0.2845,professional,0.2875,luxury,0.2368,professional,1,1,professional,0.5431,1.0,rule_zero_shot_agreement,True
236,Create a social media campaign to promote a new eco-friendly product line for a fashion brand.,"Company: Green Threads, a sustainable fashion brand Target Audience: Young adults (18-30) interested in eco-friendly living Constraints: Limited budget of $1,000 Goals: Increase brand awareness and drive sales Workflow Stage: Strategy",Increase brand awareness and drive sales Workflow Stage: Strategy,"Company: Green Threads, a sustainable fashion brand Target Audience: Young adults (18-30) interested in eco-friendly living Constraints: Limited budget of $1,000","Company: Green Threads, a sustainable fashion brand Target Audience: Young adults (18-30) interested in eco-friendly living Constraints: Limited budget of $1,000","Launch a social media campaign featuring Instagram Reels and TikTok videos showcasing the eco-friendly production process, highlighting the benefits of sustainable fashion, and encouraging users to share their own eco-friendly fashion choices using a branded hashtag. Collaborate with eco-influencers and offer a limited-time discount to customers who share a post about the new product line.",persuasive,0.8625,discount|offer,0.04923586547374725,0.08107532560825348,0.07883106172084808,0.058442987501621246,0.6047466397285461,0.1276681125164032,1,persuasive,0.6047,persuasive,0.2781,humorous,0.1994,persuasive,1,1,persuasive,0.6411,1.0,rule_zero_shot_agreement,False
237,Develop a content marketing strategy to establish a software company as a thought leader in the AI industry.,"Company: NovaTech, an AI software development company Target Audience: Business leaders and IT professionals Constraints: Limited content creation resources Goals: Position NovaTech as a trusted AI expert and drive lead generation Workflow Stage: Content Creation",Position NovaTech as a trusted AI expert and drive lead generation Workflow Stage: Content Creation,"Company: NovaTech, an AI software development company Target Audience: Business leaders and IT professionals Constraints: Limited content creation resources","Company: NovaTech, an AI software development company Target Audience: Business leaders and IT professionals Constraints: Limited content creation resources","Create a comprehensive content hub featuring in-depth articles, whitepapers, and webinars on AI trends, best practices, and industry applications. Utilize AI-powered content generation tools to streamline content creation and repurpose existing content into engaging formats, such as infographics and videos.",professional,0.5875,industry,0.07719366997480392,0.20711492002010345,0.1663307249546051,0.08073584735393524,0.309065043926239,0.15955978631973267,1,persuasive,0.3091,professional,0.2351,humorous,0.1818,professional,1,1,professional,0.4937,1.0,rule_zero_shot_agreement,True
238,Design a targeted email campaign to promote a new luxury travel package for high-end travelers.,"Company: Elite Escapes, a luxury travel agency Target Audience: High-income individuals (40-60) interested in luxury travel Constraints: Limited email list size Goals: Drive bookings and increase revenue Workflow Stage: Email Marketing",Drive bookings and increase revenue Workflow Stage: Email Marketing,"Company: Elite Escapes, a luxury travel agency Target Audience: High-income individuals (40-60) interested in luxury travel Constraints: Limited email list size","Company: Elite Escapes, a luxury travel agency Target Audience: High-income individuals (40-60) interested in luxury travel Constraints: Limited email list size","Craft a visually stunning email campaign featuring personalized travel recommendations, exclusive offers, and curated destination guides. Utilize AI-powered email segmentation to target high-value customers and create a sense of urgency with limited-time offers.",luxury,0.6792,exclusive,0.004043423570692539,0.011305865831673145,0.5674760341644287,0.006370248273015022,0.3880387246608734,0.022765735164284706,1,luxury,0.5675,luxury,0.7638,persuasive,0.1631,,0,0,luxury,0.8257,1.0,rule_zero_shot_agreement,False
239,Create a brand awareness campaign for a new plant-based food product.,"Company: GreenBite, a plant-based food company Target Audience: Health-conscious individuals (25-45) interested in plant-based eating Constraints: Limited advertising budget Goals: Increase brand awareness and drive sales Workflow Stage: Advertising",Increase brand awareness and drive sales Workflow Stage: Advertising,"Company: GreenBite, a plant-based food company Target Audience: Health-conscious individuals (25-45) interested in plant-based eating Constraints: Limited advertising budget","Company: GreenBite, a plant-based food company Target Audience: Health-conscious individuals (25-45) interested in plant-based eating Constraints: Limited advertising budget","Launch a targeted social media ad campaign featuring eye-catching visuals, influencer partnerships, and sponsored",,0.0,,0.02941088378429413,0.08027170598506927,0.2797123193740845,0.02136963978409767,0.4919187128543854,0.09731671214103699,1,persuasive,0.4919,luxury,0.3928,persuasive,0.2157,persuasive,1,1,persuasive,0.6,0.5,phi3_tiebreak,True
240,Create a social media campaign to increase brand awareness among Gen Z consumers.,"Company: Sustainable fashion brand, HypeCycle; Target Audience: 18-24-year-olds; Constraints: Limited budget; Goals: Boost brand recognition, drive website traffic; Workflow Stage: Strategy.","Boost brand recognition, drive website traffic; Workflow Stage: Strategy.","Company: Sustainable fashion brand, HypeCycle; Target Audience: 18-24-year-olds; Constraints: Limited budget;","Company: Sustainable fashion brand, HypeCycle; Target Audience: 18-24-year-olds; Constraints: Limited budget;","Develop an influencer-led campaign featuring eco-conscious Gen Z creators showcasing HypeCycle's clothing in relatable, everyday settings. Utilize Instagram Reels and TikTok for short-form, engaging content. Allocate $5,000 for influencer partnerships and $2,000 for targeted ads. Monitor and adjust the campaign using analytics tools.",,0.0,,0.3918919563293457,0.07033950835466385,0.0057226503267884254,0.0837325006723404,0.2450055181980133,0.2033078521490097,1,friendly,0.3919,friendly,0.5863,humorous,0.1736,professional,1,1,professional,0.6,0.5,phi3_tiebreak,True
241,Design an email marketing campaign to re-engage inactive subscribers.,"Company: Online education platform, LearnTech; Target Audience: Former students and inactive subscribers; Constraints: Limited content creation resources; Goals: Reactivate subscriptions, drive course enrollments; Workflow Stage: Copywriting.","Reactivate subscriptions, drive course enrollments; Workflow Stage: Copywriting.","Company: Online education platform, LearnTech; Target Audience: Former students and inactive subscribers; Constraints: Limited content creation resources;","Company: Online education platform, LearnTech; Target Audience: Former students and inactive subscribers; Constraints: Limited content creation resources;","Craft a ""we've missed you"" email series with personalized content recommendations based on subscribers' past interests. Offer exclusive discounts on popular courses and a free consultation with a career advisor. Use AI-powered email optimization tools to ensure maximum deliverability and engagement.",luxury,0.3192,exclusive,0.08338770270347595,0.1479378044605255,0.1857404112815857,0.07751680910587311,0.3097924292087555,0.19562482833862305,1,persuasive,0.3098,humorous,0.2225,luxury,0.1993,persuasive,1,1,persuasive,0.6,0.3333,phi3_tiebreak,True
242,Develop a content calendar for a B2B LinkedIn page.,"Company: AI-powered marketing automation firm, AutoPilot; Target Audience: Marketing professionals; Constraints: Limited content creation resources; Goals: Establish thought leadership, drive lead generation; Workflow Stage: Post Scheduling.","Establish thought leadership, drive lead generation; Workflow Stage: Post Scheduling.","Company: AI-powered marketing automation firm, AutoPilot; Target Audience: Marketing professionals; Constraints: Limited content creation resources;","Company: AI-powered marketing automation firm, AutoPilot; Target Audience: Marketing professionals; Constraints: Limited content creation resources;","Create a bi-weekly posting schedule featuring industry insights, customer success stories, and product updates. Utilize LinkedIn's publishing platform to share long-form content, such as eBooks and whitepapers. Allocate one day a week for engaging with audience comments and messages.",professional,0.7708,industry|insights,0.07981111109256744,0.22405289113521576,0.14591163396835327,0.15550406277179718,0.2560674548149109,0.13865287601947784,1,persuasive,0.2561,emotional,0.2576,professional,0.2319,professional,1,1,professional,0.8408,0.6667,three_method_majority,False
243,Create a video ad campaign for a new product launch.,"Company: Smart home security company, SafeHaven; Target Audience: Homeowners aged 35-55; Constraints: Limited video production budget; Goals: Drive product awareness, generate sales; Workflow Stage: Image Generation.","Drive product awareness, generate sales; Workflow Stage: Image Generation.","Company: Smart home security company, SafeHaven; Target Audience: Homeowners aged 35-55; Constraints: Limited video production budget;","Company: Smart home security company, SafeHaven; Target Audience: Homeowners aged 35-55; Constraints: Limited video production budget;","Develop a series of short, animated videos highlighting the product's key features and benefits. Utilize 3D modeling and AI-powered video editing tools to create engaging, high-quality visuals. Allocate $10,000 for video production and $5,000 for targeted YouTube and Facebook ads.",,0.0,,0.07100948691368103,0.09234052151441574,0.16872812807559967,0.03391591086983681,0.4529128670692444,0.18109314143657684,1,persuasive,0.4529,humorous,0.2434,luxury,0.2139,professional,1,1,professional,0.6,0.5,phi3_tiebreak,True
244,Create a social media campaign to increase brand awareness for a sustainable fashion brand among Gen Z.,"Company: GreenThreads, a sustainable fashion brand; Target Audience: Gen Z (18-24 years old); Constraints: Limited budget of $1,000; Goals: Increase brand awareness by 20% and drive website traffic by 15%; Workflow Stage: Strategy Development.",Increase brand awareness by 20% and drive website traffic by 15%; Workflow Stage: Strategy Development.,"Company: GreenThreads, a sustainable fashion brand; Target Audience: Gen Z (18-24 years old); Constraints: Limited budget of $1,000;","Company: GreenThreads, a sustainable fashion brand; Target Audience: Gen Z (18-24 years old); Constraints: Limited budget of $1,000;","Develop a social media campaign, ""Eco-Cycle,"" focusing on Instagram and TikTok. Collaborate with 5 eco-influencers to showcase sustainable fashion practices and encourage users to share their own eco-friendly fashion choices. Utilize Instagram Reels and TikTok's ""Reaction"" feature to create engaging, interactive content. Allocate $300 for influencer partnerships, $200 for content creation, and $500 for paid social media ads targeting Gen Z.",,0.0,,0.06381125003099442,0.17815396189689636,0.07574829459190369,0.09269488602876663,0.43058305978775024,0.15900851786136627,1,persuasive,0.4306,professional,0.2235,humorous,0.2002,professional,1,1,professional,0.2935,1.0,three_method_majority,True
245,Design a targeted email marketing campaign to re-engage inactive subscribers for a B2B software company.,"Company: TechCorp, a B2B software company; Target Audience: Inactive subscribers (no engagement in the past 6 months); Constraints: Limited email list of 1,000 subscribers; Goals: Reactivate 20% of inactive subscribers and drive demo requests by 10%; Workflow Stage: Email List Segmentation.",Reactivate 20% of inactive subscribers and drive demo requests by 10%; Workflow Stage: Email List Segmentation.,"Company: TechCorp, a B2B software company; Target Audience: Inactive subscribers (no engagement in the past 6 months); Constraints: Limited email list of 1,000 subscribers;","Company: TechCorp, a B2B software company; Target Audience: Inactive subscribers (no engagement in the past 6 months); Constraints: Limited email list of 1,000 subscribers;","Create a ""Re-Engage"" email campaign with a series of 3 emails. Email 1: ""We've Missed You"" - a personalized, AI-generated email with a special offer (e.g., exclusive webinar access). Email 2: ""What's New"" - highlighting new features and success stories. Email 3: ""Let's Catch Up"" - a survey to gather feedback and re-opt-in subscribers. Use email list segmentation to target inactive subscribers and track engagement metrics.",luxury,0.3192,exclusive,0.05361296981573105,0.14453303813934326,0.13543015718460083,0.07629692554473877,0.44975966215133667,0.1403672844171524,1,persuasive,0.4498,professional,0.1894,humorous,0.1846,persuasive,1,1,persuasive,0.6,0.3333,phi3_tiebreak,True
246,Develop a content marketing strategy to attract potential customers for a new plant-based milk brand.,"Company: GreenMilk, a plant-based milk brand; Target Audience: Health-conscious individuals (25-45 years old); Constraints: Limited content creation budget of $2,000; Goals: Increase website traffic by 25% and drive sales by 10%; Workflow Stage: Content Creation.",Increase website traffic by 25% and drive sales by 10%; Workflow Stage: Content Creation.,"Company: GreenMilk, a plant-based milk brand; Target Audience: Health-conscious individuals (25-45 years old); Constraints: Limited content creation budget of $2,000;","Company: GreenMilk, a plant-based milk brand; Target Audience: Health-conscious individuals (25-45 years old); Constraints: Limited content creation budget of $2,000;","Create a ""Plant-Based Wellness"" content hub on the GreenMilk website, featuring blog posts, videos, and social media content. Partner with a registered dietitian to develop educational content (e.g., ""Benefits of Plant-Based Milk",,0.0,,0.10169687122106552,0.18434955179691315,0.1493987739086151,0.10787243396043777,0.3432154953479767,0.11346687376499176,1,persuasive,0.3432,professional,0.2065,friendly,0.2003,persuasive,1,1,persuasive,0.6,0.5,phi3_tiebreak,True
247,Create a social media campaign to promote a new eco-friendly fashion brand.,"Company: GreenStyle, a sustainable fashion startup. Target audience: Environmentally conscious millennials and Gen Z. Constraints: Limited budget, need to create engaging content without high production costs. Goals: Increase brand awareness, drive website traffic, and generate sales. Workflow stage: Strategy and content creation.","Increase brand awareness, drive website traffic, and generate sales. Workflow stage: Strategy and content creation.","Company: GreenStyle, a sustainable fashion startup. Target audience: Environmentally conscious millennials and Gen Z. Constraints: Limited budget, need to create engaging content without high production costs.","Company: GreenStyle, a sustainable fashion startup. Target audience: Environmentally conscious millennials and Gen Z. Constraints: Limited budget, need to create engaging content without high production costs.","Develop a hashtag-driven campaign, #SustainableStyle, featuring user-generated content showcasing customers wearing GreenStyle clothing in eco-friendly settings. Collaborate with eco-influencers and bloggers for sponsored content. Utilize Instagram Reels and TikTok for short-form, engaging videos highlighting the brand's sustainable practices.",,0.0,,0.07238584011793137,0.043460506945848465,0.06468924134969711,0.08123213052749634,0.5336735844612122,0.20455877482891083,1,persuasive,0.5337,humorous,0.2831,persuasive,0.2175,professional,1,1,professional,0.6,0.5,phi3_tiebreak,True
248,Design an email marketing campaign to re-engage inactive subscribers.,"Company: FitPro, a fitness equipment retailer. Target audience: Inactive subscribers who haven't made a purchase in 6 months. Constraints: Limited email content, need to re-activate interest without being spammy. Goals: Reactivate 20% of inactive subscribers, drive sales, and increase email open rates. Workflow stage: Email copywriting and automation.","Reactivate 20% of inactive subscribers, drive sales, and increase email open rates. Workflow stage: Email copywriting and automation.","Company: FitPro, a fitness equipment retailer. Target audience: Inactive subscribers who haven't made a purchase in 6 months. Constraints: Limited email content, need to re-activate interest without being spammy.","Company: FitPro, a fitness equipment retailer. Target audience: Inactive subscribers who haven't made a purchase in 6 months. Constraints: Limited email content, need to re-activate interest without being spammy.","Create a ""We Miss You"" email series with personalized content, offering exclusive discounts, and highlighting new products. Use AI-driven segmentation to identify subscribers' interests and tailor content accordingly. Include a ""Survey"" email to gather feedback and update subscriber preferences.",luxury,0.6792,exclusive,0.09267132729291916,0.15539675951004028,0.1724080592393875,0.1755301058292389,0.213252454996109,0.19074125587940216,1,persuasive,0.2133,emotional,0.2763,humorous,0.1882,persuasive,1,1,persuasive,0.6,0.3333,phi3_tiebreak,True
249,Develop a content marketing strategy for a B2B software company.,"Company: TechSolutions, a B2B software provider. Target audience: Business owners, IT professionals, and decision-makers. Constraints: Complex software solutions, need to educate and engage audience without being too technical. Goals: Establish thought leadership, generate leads, and increase website traffic. Workflow stage: Content creation and distribution.","Establish thought leadership, generate leads, and increase website traffic. Workflow stage: Content creation and distribution.","Company: TechSolutions, a B2B software provider. Target audience: Business owners, IT professionals, and decision-makers. Constraints: Complex software solutions, need to educate and engage audience without being too technical.","Company: TechSolutions, a B2B software provider. Target audience: Business owners, IT professionals, and decision-makers. Constraints: Complex software solutions, need to educate and engage audience without being too technical.","Create a ""Resource Library"" on the website with in-depth guides, whitepapers, and webinars on industry-specific topics. Utilize LinkedIn and Twitter for promoting content and engaging with influencers. Develop a podcast series featuring industry experts and thought leaders.",professional,0.5875,industry,0.059654600918293,0.2160412073135376,0.18026748299598694,0.06123447045683861,0.34875884652137756,0.1340433806180954,1,persuasive,0.3488,professional,0.2612,luxury,0.2063,professional,1,1,professional,0.508,1.0,rule_zero_shot_agreement,True
250,Develop a social media strategy to increase brand awareness among Gen Z for a sustainable fashion brand.,"Company: GreenThreads, a clothing brand using recycled materials. Target Audience: 18-24-year-olds. Constraints: Limited budget. Goals: 20% increase in followers, 15% increase in sales. Workflow Stage: Strategy.","20% increase in followers, 15% increase in sales. Workflow Stage: Strategy.","Company: GreenThreads, a clothing brand using recycled materials. Target Audience: 18-24-year-olds. Constraints: Limited budget.","Company: GreenThreads, a clothing brand using recycled materials. Target Audience: 18-24-year-olds. Constraints: Limited budget.","Create a TikTok-focused campaign using eco-friendly hashtags, collaborating with 5 influencers, and sharing behind-the-scenes content. Allocate $500 for paid ads targeting Gen Z interests.",,0.0,,0.06903776526451111,0.15306097269058228,0.11319442838430405,0.062454525381326675,0.3754855990409851,0.2267666757106781,1,persuasive,0.3755,humorous,0.2775,professional,0.1866,professional,1,1,professional,0.6,0.5,phi3_tiebreak,True
251,Write a compelling product description for a new smartwatch.,"Company: FitGenius, a wearable tech brand. Target Audience: Fitness enthusiasts. Constraints: 150-word limit. Goals: 25% increase in sales. Workflow Stage: Copywriting.",25% increase in sales. Workflow Stage: Copywriting.,"Company: FitGenius, a wearable tech brand. Target Audience: Fitness enthusiasts. Constraints: 150-word limit.","Company: FitGenius, a wearable tech brand. Target Audience: Fitness enthusiasts. Constraints: 150-word limit.","""Unlock your fitness potential with our cutting-edge smartwatch! Track your workouts, monitor your heart rate, and receive personalized coaching. Stay connected with notifications and control your music playlists. Upgrade your fitness journey with FitGenius.""",emotional,0.5546,journey,0.04548976570367813,0.1110859364271164,0.1340307593345642,0.06364917755126953,0.5047624111175537,0.14098189771175385,1,persuasive,0.5048,persuasive,0.21,humorous,0.1991,professional,1,1,professional,0.6,0.3333,phi3_tiebreak,True
252,Design an Instagram post to promote a limited-time offer for a coffee shop.,"Company: The Daily Grind, a specialty coffee shop. Target Audience: Coffee lovers. Constraints: Post must include a visually appealing image. Goals: 10% increase in sales. Workflow Stage: Image Generation.",10% increase in sales. Workflow Stage: Image Generation.,"Company: The Daily Grind, a specialty coffee shop. Target Audience: Coffee lovers. Constraints: Post must include a visually appealing image.","Company: The Daily Grind, a specialty coffee shop. Target Audience: Coffee lovers. Constraints: Post must include a visually appealing image.","Create a mouth-watering image of a signature coffee drink with a bold, eye-catching font overlay: ""Limited Time Offer: Buy One Get One Free on all drinks this weekend!""",persuasive,1.0,limited time|offer,0.004079812206327915,0.009390845894813538,0.27471593022346497,0.004049340263009071,0.6249591112136841,0.08280497789382935,1,persuasive,0.625,luxury,0.472,persuasive,0.3353,persuasive,1,1,persuasive,0.96,0.6667,three_method_majority,False
253,Develop a content calendar for a B2B software company.,"Company: Proxima, a project management tool. Target Audience: Business owners and managers. Constraints: 4-week calendar. Goals: 30% increase in engagement. Workflow Stage: Post Scheduling.",30% increase in engagement. Workflow Stage: Post Scheduling.,"Company: Proxima, a project management tool. Target Audience: Business owners and managers. Constraints: 4-week calendar.","Company: Proxima, a project management tool. Target Audience: Business owners and managers. Constraints: 4-week calendar.","Week 1: ""5 Productivity Hacks for Teams"" blog post. Week 2: ""Success Story"" case study on social media. Week 3: ""Project Management Tips"" video series on LinkedIn. Week 4: ""Expert Q&A"" webinar on Twitter.",professional,1.0,case study|webinar|expert,0.06729429215192795,0.16770286858081818,0.1140652522444725,0.11769869178533554,0.3500259816646576,0.18321284651756287,1,persuasive,0.35,emotional,0.2166,humorous,0.2114,professional,1,1,professional,0.96,0.6667,three_method_majority,False
254,Create a social media campaign to increase brand awareness and drive sales for a sustainable fashion brand targeting Gen Z consumers.,"Company: Verde Clothing; Target Audience: Gen Z consumers (18-24 years old); Constraints: Limited budget, high competition in the sustainable fashion market; Goals: Increase brand awareness by 20%, drive sales by 15% in 6 months; Workflow Stage: Strategy.","Increase brand awareness by 20%, drive sales by 15% in 6 months; Workflow Stage: Strategy.","Company: Verde Clothing; Target Audience: Gen Z consumers (18-24 years old); Constraints: Limited budget, high competition in the sustainable fashion market;","Company: Verde Clothing; Target Audience: Gen Z consumers (18-24 years old); Constraints: Limited budget, high competition in the sustainable fashion market;","Develop a social media campaign, ""Verde Vibes,"" focusing on Instagram and TikTok, highlighting eco-friendly materials, diverse models, and inclusive messaging. Collaborate with 5 eco-conscious influencers for sponsored content and product showcases. Allocate $5,000 for paid ads targeting Gen Z interests and hashtags. Share behind-the-scenes content, customer testimonials, and educational posts on sustainable fashion. Monitor engagement and adjust the campaign using AI-driven analytics.",,0.0,,0.17733889818191528,0.1594448834657669,0.1282515823841095,0.09298065304756165,0.3258647322654724,0.11611927300691605,1,persuasive,0.3259,friendly,0.3267,professional,0.1671,professional,1,1,professional,0.6,0.5,phi3_tiebreak,True
255,Design an email marketing campaign to re-engage dormant customers for a subscription-based fitness platform.,"Company: FitZone; Target Audience: Dormant customers (inactive for 3+ months); Constraints: Limited customer data, high email open rates required; Goals: Reactivate 20% of dormant customers within 3 months; Workflow Stage: Copywriting.",Reactivate 20% of dormant customers within 3 months; Workflow Stage: Copywriting.,"Company: FitZone; Target Audience: Dormant customers (inactive for 3+ months); Constraints: Limited customer data, high email open rates required;","Company: FitZone; Target Audience: Dormant customers (inactive for 3+ months); Constraints: Limited customer data, high email open rates required;","Create a ""Get Moving Again"" email campaign with personalized subject lines and content based on customers' past interactions. Offer a 20% discount on the next 3 months' subscription and a free 30-minute coaching session. Use AI-driven segmentation to tailor emails to individual preferences and fitness goals. Include social proof, success stories, and a clear call-to-action to restart their fitness journey.",persuasive,0.7155,discount|offer,0.0179267730563879,0.04913848638534546,0.054100893437862396,0.05959479510784149,0.7811800241470337,0.03805900365114212,1,persuasive,0.7812,persuasive,0.4651,emotional,0.1922,persuasive,1,1,persuasive,0.6778,1.0,rule_zero_shot_agreement,False
256,Develop a content calendar for a B2B software company targeting IT professionals on LinkedIn.,"Company: TechSoft; Target Audience: IT professionals and decision-makers; Constraints: Limited content creation resources, high competition on LinkedIn; Goals: Increase engagement by 50%, drive 20% more website traffic in 4 months; Workflow Stage: Post Scheduling.","Increase engagement by 50%, drive 20% more website traffic in 4 months; Workflow Stage: Post Scheduling.","Company: TechSoft; Target Audience: IT professionals and decision-makers; Constraints: Limited content creation resources, high competition on LinkedIn;","Company: TechSoft; Target Audience: IT professionals and decision-makers; Constraints: Limited content creation resources, high competition on LinkedIn;","Create a content calendar focusing on thought leadership, industry trends, and product showcases. Allocate 2 posts per week: 1 in-depth article on Tuesdays and 1 engaging video on Thursdays. Utilize LinkedIn's publishing platform for long-form content and collaborate with industry influencers for guest posts. Share customer success stories, whitepapers, and webinars to establish TechSoft as a trusted authority.",professional,0.5875,industry,0.04335649684071541,0.36108502745628357,0.1383410543203354,0.09749510884284973,0.24421493709087372,0.11550744622945786,1,professional,0.3611,professional,0.3957,emotional,0.1711,professional,1,1,professional,0.582,1.0,rule_zero_shot_agreement,True
257,Create a social media campaign to launch a new eco-friendly fashion line.,"Company: GreenThreads, a sustainable fashion brand Target Audience: Environmentally conscious millennials and Gen Z Constraints: Limited budget, high competition in the eco-friendly fashion market Goals: Increase brand awareness, drive website traffic, and generate sales Workflow Stage: Strategy","Increase brand awareness, drive website traffic, and generate sales Workflow Stage: Strategy","Company: GreenThreads, a sustainable fashion brand Target Audience: Environmentally conscious millennials and Gen Z Constraints: Limited budget, high competition in the eco-friendly fashion market","Company: GreenThreads, a sustainable fashion brand Target Audience: Environmentally conscious millennials and Gen Z Constraints: Limited budget, high competition in the eco-friendly fashion market","Develop a 4-week campaign across Instagram, TikTok, and Facebook, focusing on influencer partnerships, user-generated content, and educational posts highlighting the brand's sustainable practices. Utilize relevant hashtags and tag relevant eco-friendly influencers to increase reach.",,0.0,,0.099752277135849,0.19080506265163422,0.15727099776268005,0.08770319819450378,0.364081472158432,0.10038697719573975,1,persuasive,0.3641,professional,0.2209,friendly,0.203,professional,1,1,professional,0.2909,1.0,three_method_majority,True
258,Design an email marketing campaign to re-engage inactive subscribers.,"Company: TechCorp, a software development company Target Audience: Inactive email subscribers (6+ months without engagement) Constraints: High unsubscribe rates, limited content options Goals: Reactivate subscribers, increase open rates, and drive conversions Workflow Stage: Copywriting","Reactivate subscribers, increase open rates, and drive conversions Workflow Stage: Copywriting","Company: TechCorp, a software development company Target Audience: Inactive email subscribers (6+ months without engagement) Constraints: High unsubscribe rates, limited content options","Company: TechCorp, a software development company Target Audience: Inactive email subscribers (6+ months without engagement) Constraints: High unsubscribe rates, limited content options","Create a 3-email sequence with personalized subject lines, focusing on exclusive content, company updates, and special offers. Use A/B testing to optimize email creatives and subject lines, and include a survey to gather feedback and re-engage subscribers.",luxury,0.6792,exclusive,0.055881720036268234,0.1341530829668045,0.2395358681678772,0.03816286474466324,0.42646974325180054,0.105796679854393,1,persuasive,0.4265,luxury,0.3013,professional,0.1783,professional,1,1,luxury,0.5714,0.6667,rule_zero_shot_agreement,True
259,Develop a content marketing strategy for a new health and wellness blog.,"Company: HealthyLiving, a wellness blog and e-commerce site Target Audience: Health-conscious individuals and fitness enthusiasts Constraints: High competition in the health and wellness space, limited resources Goals: Establish authority, drive organic traffic, and increase e-commerce sales Workflow Stage: Strategy","Establish authority, drive organic traffic, and increase e-commerce sales Workflow Stage: Strategy","Company: HealthyLiving, a wellness blog and e-commerce site Target Audience: Health-conscious individuals and fitness enthusiasts Constraints: High competition in the health and wellness space, limited resources","Company: HealthyLiving, a wellness blog and e-commerce site Target Audience: Health-conscious individuals and fitness enthusiasts Constraints: High competition in the health and wellness space, limited resources","Create a content calendar featuring a mix of informative articles, videos, and podcasts on topics such as nutrition, fitness, and mindfulness. Utilize SEO optimization, social media promotion, and influencer collaborations to increase reach and engagement.",,0.0,,0.10823661088943481,0.21343548595905304,0.17886176705360413,0.051373496651649475,0.2814057767391205,0.16668689250946045,1,persuasive,0.2814,professional,0.2356,friendly,0.2101,professional,1,1,professional,0.3056,1.0,three_method_majority,True
260,Create a paid social media campaign to drive sales for a new product launch.,"Company: BeautyBuzz, a cosmetics company Target Audience: Women aged 25-45 interested in beauty and skincare Constraints: Limited budget, high competition in the beauty industry Goals: Drive sales, increase brand awareness, and generate buzz around the new product Workflow Stage: Image Generation","Drive sales, increase brand awareness, and generate buzz around the new product Workflow Stage: Image Generation","Company: BeautyBuzz, a cosmetics company Target Audience: Women aged 25-45 interested in beauty and skincare Constraints: Limited budget, high competition in the beauty industry","Company: BeautyBuzz, a cosmetics company Target Audience: Women aged 25-45 interested in beauty and skincare Constraints: Limited budget, high competition in the beauty industry","Develop eye-catching ad creatives featuring the new product, highlighting its unique features and benefits. Utilize Facebook and Instagram ads with targeting options such as interests, behaviors, and lookalike audiences to reach the target audience.",,0.0,,0.02399459108710289,0.07237960398197174,0.1860242635011673,0.04076016694307327,0.5383322238922119,0.13850922882556915,1,persuasive,0.5383,luxury,0.2692,persuasive,0.2433,professional,1,1,professional,0.6,0.5,phi3_tiebreak,True
261,Develop a social media strategy to increase brand awareness among young adults.,"Company: EcoCycle, a sustainable fashion brand Target Audience: Young adults aged 18-25 Constraints: Limited budget, high competition Goals: Increase followers by 20% in 3 months, boost engagement by 50% Workflow Stage: Strategy","Increase followers by 20% in 3 months, boost engagement by 50% Workflow Stage: Strategy","Company: EcoCycle, a sustainable fashion brand Target Audience: Young adults aged 18-25 Constraints: Limited budget, high competition","Company: EcoCycle, a sustainable fashion brand Target Audience: Young adults aged 18-25 Constraints: Limited budget, high competition","Create a social media contest, ""EcoChallenge,"" where followers share their eco-friendly fashion tips and tricks. Partner with influencers to promote the contest and encourage user-generated content. Utilize Instagram Reels and TikTok to reach the target audience.",,0.0,,0.08612418919801712,0.11065297573804855,0.1005207747220993,0.07256093621253967,0.4425327777862549,0.18760836124420166,1,persuasive,0.4425,humorous,0.2376,friendly,0.1911,friendly,1,1,friendly,0.6,0.5,phi3_tiebreak,True
262,Design an email campaign to nurture leads for a new software product.,"Company: TechCorp, a B2B software company Target Audience: Business owners and decision-makers Constraints: Complex product, limited brand recognition Goals: Convert 15% of leads into paying customers within 6 months Workflow Stage: Email Copywriting",Convert 15% of leads into paying customers within 6 months Workflow Stage: Email Copywriting,"Company: TechCorp, a B2B software company Target Audience: Business owners and decision-makers Constraints: Complex product, limited brand recognition","Company: TechCorp, a B2B software company Target Audience: Business owners and decision-makers Constraints: Complex product, limited brand recognition","Create a 5-email sequence that educates leads on the benefits of the software. Use a mix of case studies, customer testimonials, and interactive content to engage leads. Personalize emails based on lead behavior and interests.",,0.0,,0.07218736410140991,0.12069588154554367,0.10337948799133301,0.20173731446266174,0.3949926495552063,0.10700733959674835,1,persuasive,0.395,emotional,0.3618,friendly,0.1422,professional,1,1,professional,0.6,0.5,phi3_tiebreak,True
263,Generate social media posts to promote a new sustainable product line.,"Company: GreenHome, a home goods brand Target Audience: Environmentally conscious consumers Constraints: Limited brand awareness, high competition Goals: Increase sales by 25% within 2 months Workflow Stage: Post Scheduling",Increase sales by 25% within 2 months Workflow Stage: Post Scheduling,"Company: GreenHome, a home goods brand Target Audience: Environmentally conscious consumers Constraints: Limited brand awareness, high competition","Company: GreenHome, a home goods brand Target Audience: Environmentally conscious consumers Constraints: Limited brand awareness, high competition",Create a series of Instagram posts showcasing the eco-friendly features of the new product line. Utilize Instagram Shopping to enable seamless purchases. Share customer reviews and ratings to build trust.,,0.0,,0.08562566339969635,0.13942384719848633,0.10645133256912231,0.062478240579366684,0.44266241788864136,0.16335855424404144,1,persuasive,0.4427,humorous,0.2087,friendly,0.1917,professional,1,1,professional,0.6,0.5,phi3_tiebreak,True
264,Develop a content marketing strategy for a healthcare brand.,"Company: HealthPlus, a healthcare provider Target Audience: Patients and caregivers Constraints: Complex medical topics, regulatory compliance Goals: Establish thought leadership, increase website traffic by 30% Workflow Stage: Content Creation","Establish thought leadership, increase website traffic by 30% Workflow Stage: Content Creation","Company: HealthPlus, a healthcare provider Target Audience: Patients and caregivers Constraints: Complex medical topics, regulatory compliance","Company: HealthPlus, a healthcare provider Target Audience: Patients and caregivers Constraints: Complex medical topics, regulatory compliance","Create a blog series, ""Health Insights,"" that addresses common medical questions and concerns. Utilize AI-powered content generation to ensure accuracy and compliance. Repurpose content into social media posts, email newsletters, and video scripts.",professional,0.6333,insights,0.07557141780853271,0.25572508573532104,0.11221711337566376,0.09465062618255615,0.3199302554130554,0.1419055163860321,1,persuasive,0.3199,professional,0.2895,emotional,0.1715,professional,1,1,professional,0.5442,1.0,rule_zero_shot_agreement,True
265,Create a social media campaign to increase brand awareness for a new sustainable fashion brand.,"Company: GreenThreads, a startup sustainable fashion brand Target Audience: Young adults (18-35) interested in eco-friendly living Constraints: Limited budget ($5,000) Goals: Increase brand awareness, drive website traffic, and generate leads Workflow Stage: Strategy","Increase brand awareness, drive website traffic, and generate leads Workflow Stage: Strategy","Company: GreenThreads, a startup sustainable fashion brand Target Audience: Young adults (18-35) interested in eco-friendly living Constraints: Limited budget ($5,000)","Company: GreenThreads, a startup sustainable fashion brand Target Audience: Young adults (18-35) interested in eco-friendly living Constraints: Limited budget ($5,000)","Launch a social media contest, ""GreenThreads Challenge,"" where followers share their favorite eco-friendly fashion tips using a branded hashtag. Partner with eco-influencers to promote the contest and create engaging content (images, videos, and blog posts) highlighting GreenThreads' sustainable practices. Allocate $2,000 for influencer collaborations, $1,500 for paid social media ads, and $1,500 for content creation.",,0.0,,0.057561710476875305,0.12859080731868744,0.07059483975172043,0.08359546959400177,0.5185227990150452,0.14113430678844452,1,persuasive,0.5185,persuasive,0.2113,humorous,0.1953,persuasive,1,1,persuasive,0.2813,1.0,three_method_majority,True
266,Develop a targeted email marketing campaign to promote a new AI-powered software tool.,"Company: TechCorp, a software development company Target Audience: Business owners and decision-makers in the tech industry Constraints: Limited email list (5,000 subscribers) Goals: Drive software trials, generate leads, and increase conversion rates Workflow Stage: Copywriting","Drive software trials, generate leads, and increase conversion rates Workflow Stage: Copywriting","Company: TechCorp, a software development company Target Audience: Business owners and decision-makers in the tech industry Constraints: Limited email list (5,000 subscribers)","Company: TechCorp, a software development company Target Audience: Business owners and decision-makers in the tech industry Constraints: Limited email list (5,000 subscribers)","Create a series of three email campaigns: (1) Introduction to the AI-powered software, highlighting its benefits and features; (2) Success stories and case studies from existing customers; and (3) Exclusive offers and trials for subscribers. Use AI-driven segmentation to personalize emails based on subscriber interests and behaviors.",luxury,0.6792,exclusive,0.0498022586107254,0.11406543105840683,0.11651898920536041,0.18601872026920319,0.4243493974208832,0.10924520343542099,1,persuasive,0.4243,emotional,0.3525,persuasive,0.1484,persuasive,1,1,persuasive,0.6,0.3333,phi3_tiebreak,True
267,Design an Instagram influencer campaign to promote a new line of vegan skincare products.,"Company: PureGlow, a vegan skincare brand Target Audience: Health-conscious women (25-45) interested in vegan living Constraints: Limited budget ($10,000) Goals: Increase brand awareness, drive sales, and generate social media engagement Workflow Stage: Image Generation","Increase brand awareness, drive sales, and generate social media engagement Workflow Stage: Image Generation","Company: PureGlow, a vegan skincare brand Target Audience: Health-conscious women (25-45) interested in vegan living Constraints: Limited budget ($10,000)","Company: PureGlow, a vegan skincare brand Target Audience: Health-conscious women (25-45) interested in vegan living Constraints: Limited budget ($10,000)","Partner with 10 vegan influencers to create sponsored content featuring PureGlow products. Request that influencers share their personal experiences, tips, and favorite products, using a branded hashtag. Allocate $5,000 for influencer collaborations, $3,000 for product seeding, and $2,000 for Instagram ads.",,0.0,,0.07995957881212234,0.08314497023820877,0.11574095487594604,0.2172764539718628,0.35822799801826477,0.14565002918243408,1,persuasive,0.3582,emotional,0.3728,humorous,0.1566,professional,1,1,professional,0.6,0.5,phi3_tiebreak,True
268,Create a social media campaign to increase brand awareness among young adults for a sustainable fashion brand.,"Company: GreenThreads, a sustainable fashion brand targeting 18-30-year-olds. Goal: Increase brand awareness by 20% in 6 weeks. Constraints: Limited budget of $5,000. Workflow stage: Strategy.",Increase brand awareness by 20% in 6 weeks.,"Company: GreenThreads, a sustainable fashion brand targeting 18-30-year-olds. Constraints: Limited budget of $5,000. Workflow stage: Strategy.","Company: GreenThreads, a sustainable fashion brand targeting 18-30-year-olds. Constraints: Limited budget of $5,000. Workflow stage: Strategy.","Develop a social media campaign, ""Eco-Revolution,"" focusing on Instagram and TikTok. Collaborate with 5 eco-influencers to showcase GreenThreads' sustainable clothing lines. Utilize relevant hashtags and create engaging content (reels, stories, and posts) highlighting the brand's commitment to sustainability. Allocate $2,000 for influencer partnerships, $1,500 for content creation, and $1,500 for paid advertising.",,0.0,,0.07349308580160141,0.1644473522901535,0.08157050609588623,0.12760016322135925,0.4273614287376404,0.1255275160074234,1,persuasive,0.4274,emotional,0.2469,professional,0.1987,professional,1,1,professional,0.6,0.5,phi3_tiebreak,True
269,Develop a content marketing strategy for a health and wellness brand targeting seniors.,"Company: HealthyLife, a health and wellness brand targeting seniors (65+ years old). Goal: Establish the brand as a thought leader in the industry. Constraints: Limited resources for content creation. Workflow stage: Content calendar planning.",Establish the brand as a thought leader in the industry.,"Company: HealthyLife, a health and wellness brand targeting seniors (65+ years old). Constraints: Limited resources for content creation. Workflow stage: Content calendar planning.","Company: HealthyLife, a health and wellness brand targeting seniors (65+ years old). Constraints: Limited resources for content creation. Workflow stage: Content calendar planning.","Create a content calendar focusing on blog posts, social media, and email newsletters. Topics will cover nutrition, exercise, and mental well-being for seniors. Partner with a team of freelance writers and health experts to create high-quality content. Allocate 2 blog posts per week, 3 social media posts per week, and 1 email newsletter per month.",,0.0,,0.09933441132307053,0.2411983758211136,0.214090496301651,0.10885533690452576,0.17174504697322845,0.16477639973163605,1,professional,0.2412,professional,0.2391,luxury,0.2009,professional,1,1,professional,0.3091,1.0,three_method_majority,True
270,Create a social media campaign to increase brand awareness for a sustainable fashion brand among young adults.,"Company: GreenCycle Fashion Target Audience: Young adults (18-25) interested in eco-friendly living Constraints: Limited budget ($1,000) Goals: Increase followers by 20% and drive website traffic by 30% Workflow Stage: Strategy",Increase followers by 20% and drive website traffic by 30% Workflow Stage: Strategy,"Company: GreenCycle Fashion Target Audience: Young adults (18-25) interested in eco-friendly living Constraints: Limited budget ($1,000)","Company: GreenCycle Fashion Target Audience: Young adults (18-25) interested in eco-friendly living Constraints: Limited budget ($1,000)","Launch a 6-week social media campaign across Instagram, TikTok, and Facebook, focusing on user-generated content and influencer partnerships. Allocate $300 for influencer collaborations, $200 for sponsored ads, and $500 for content creation. Utilize hashtags #SustainableFashion and #EcoFriendly to increase discoverability.",,0.0,,0.0970233753323555,0.11479280143976212,0.12256782501935959,0.09068473428487778,0.36326342821121216,0.21166786551475525,1,persuasive,0.3633,humorous,0.2452,friendly,0.1969,professional,1,1,professional,0.6,0.5,phi3_tiebreak,True
271,Design an email marketing campaign to nurture leads for a B2B software company.,Company: Proxima Software Target Audience: Business owners and decision-makers in the tech industry Constraints: Existing email list of 500 subscribers Goals: Increase conversion rates by 15% and boost sales by 20% Workflow Stage: Email Copywriting,Increase conversion rates by 15% and boost sales by 20% Workflow Stage: Email Copywriting,Company: Proxima Software Target Audience: Business owners and decision-makers in the tech industry Constraints: Existing email list of 500 subscribers,Company: Proxima Software Target Audience: Business owners and decision-makers in the tech industry Constraints: Existing email list of 500 subscribers,"Create a 3-email sequence: Introduction, Benefits, and Exclusive Offer. Use personalized subject lines and CTAs. Offer a free trial or demo in the final email. Use a conversational tone and highlight key features and success stories.",luxury,0.3192,exclusive,0.341137170791626,0.03710947558283806,0.12387529015541077,0.10043343156576157,0.2712337076663971,0.12621086835861206,1,friendly,0.3411,friendly,0.5347,emotional,0.1433,friendly,1,1,friendly,0.6047,0.6667,three_method_majority,True
272,Develop a content marketing strategy for a health and wellness blog.,Company: WellBeing Blog Target Audience: Health-conscious individuals (25-45) Constraints: Limited resources (2-person team) Goals: Increase website traffic by 40% and boost engagement by 50% Workflow Stage: Content Creation,Increase website traffic by 40% and boost engagement by 50% Workflow Stage: Content Creation,Company: WellBeing Blog Target Audience: Health-conscious individuals (25-45) Constraints: Limited resources (2-person team),Company: WellBeing Blog Target Audience: Health-conscious individuals (25-45) Constraints: Limited resources (2-person team),"Focus on creating high-quality, informative content (blog posts, videos, podcasts) around topics like mindfulness, nutrition, and fitness. Utilize SEO optimization and repurpose content across social media platforms. Collaborate with guest bloggers and influencers to expand reach.",,0.0,,0.056263744831085205,0.4710821211338043,0.3480380177497864,0.025090176612138748,0.06986158341169357,0.029664289206266403,1,professional,0.4711,professional,0.4758,luxury,0.3328,professional,1,1,professional,0.5458,1.0,three_method_majority,True
273,Create a paid advertising campaign for a new e-commerce store.,"Company: Trendy Treasures Target Audience: Fashion-conscious women (25-40) Constraints: Limited budget ($2,500) Goals: Drive sales and increase brand awareness Workflow Stage: Ad Copywriting",Drive sales and increase brand awareness Workflow Stage: Ad Copywriting,"Company: Trendy Treasures Target Audience: Fashion-conscious women (25-40) Constraints: Limited budget ($2,500)","Company: Trendy Treasures Target Audience: Fashion-conscious women (25-40) Constraints: Limited budget ($2,500)","Launch targeted Google Ads and Facebook Ads campaigns focusing on interests, behaviors, and lookalike audiences.",,0.0,,0.04931872338056564,0.20809176564216614,0.14113371074199677,0.031563568860292435,0.427234947681427,0.14265726506710052,1,persuasive,0.4272,professional,0.2781,humorous,0.1913,professional,1,1,professional,0.3481,1.0,three_method_majority,True
274,Create a social media campaign to increase brand awareness among young adults for a new sustainable fashion brand.,"Company: GreenStyle, a new sustainable fashion brand Target Audience: Young adults (18-30) interested in eco-friendly fashion Constraints: Limited budget ($1,000) and 6-week timeline Goals: Increase brand awareness by 20% and drive 10% sales growth Workflow Stage: Strategy",Increase brand awareness by 20% and drive 10% sales growth Workflow Stage: Strategy,"Company: GreenStyle, a new sustainable fashion brand Target Audience: Young adults (18-30) interested in eco-friendly fashion Constraints: Limited budget ($1,000) and 6-week timeline","Company: GreenStyle, a new sustainable fashion brand Target Audience: Young adults (18-30) interested in eco-friendly fashion Constraints: Limited budget ($1,000) and 6-week timeline","Develop a social media campaign leveraging Instagram and TikTok, focusing on influencer partnerships, user-generated content, and engaging storytelling. Utilize relevant hashtags, such as #SustainableFashion and #EcoFriendly, to increase visibility.",,0.0,,0.06574923545122147,0.03067108243703842,0.07815033942461014,0.24505266547203064,0.218205064535141,0.36217159032821655,1,humorous,0.3622,emotional,0.377,humorous,0.3493,professional,1,1,professional,0.6,0.5,phi3_tiebreak,True
275,Design an email marketing campaign to nurture leads for a B2B software company.,"Company: TechCorp, a B2B software company Target Audience: Business decision-makers in the tech industry Constraints: Existing email list of 5,000 leads, 3-month timeline Goals: Convert 15% of leads into sales-qualified leads Workflow Stage: Email Copywriting",Convert 15% of leads into sales-qualified leads Workflow Stage: Email Copywriting,"Company: TechCorp, a B2B software company Target Audience: Business decision-makers in the tech industry Constraints: Existing email list of 5,000 leads, 3-month timeline","Company: TechCorp, a B2B software company Target Audience: Business decision-makers in the tech industry Constraints: Existing email list of 5,000 leads, 3-month timeline","Create a 3-email nurture sequence highlighting the benefits of TechCorp's software, featuring case studies, and offering a free trial. Use a conversational tone and personalize the content using the lead's company name and industry.",professional,0.5875,industry,0.3960154354572296,0.020739784464240074,0.05989156663417816,0.09411121904850006,0.33089354634284973,0.09834843128919601,1,friendly,0.396,friendly,0.6212,emotional,0.1344,friendly,1,1,friendly,0.6912,0.6667,three_method_majority,False
276,Develop a content calendar for a health and wellness blog targeting seniors.,"Company: HealthyLife, a health and wellness blog Target Audience: Seniors (65+) Constraints: Limited resources (1 writer, 1 editor), 12-week timeline Goals: Increase website traffic by 30% and engagement by 20% Workflow Stage: Content Calendar",Increase website traffic by 30% and engagement by 20% Workflow Stage: Content Calendar,"Company: HealthyLife, a health and wellness blog Target Audience: Seniors (65+) Constraints: Limited resources (1 writer, 1 editor), 12-week timeline","Company: HealthyLife, a health and wellness blog Target Audience: Seniors (65+) Constraints: Limited resources (1 writer, 1 editor), 12-week timeline","Create a content calendar featuring topics such as exercise routines, nutrition plans, and disease prevention. Utilize relevant keywords, optimize for SEO, and schedule bi-weekly posts. Collaborate with influencers and experts in the field to increase credibility.",,0.0,,0.06415097415447235,0.34826311469078064,0.12459757924079895,0.04351401701569557,0.2859981954097748,0.1334761530160904,1,professional,0.3483,professional,0.4016,humorous,0.1545,professional,1,1,professional,0.4716,1.0,three_method_majority,True
277,Create a paid social media campaign to drive sales for an e-commerce company.,"Company: FashionForward, an e-commerce fashion retailer Target Audience: Women (25-45) interested in fashion Constraints: $5,000 budget, 8-week timeline Goals: Drive 20% sales growth and increase return on ad spend (ROAS) by 15% Workflow Stage: Ad Copywriting",Drive 20% sales growth and increase return on ad spend (ROAS) by 15% Workflow Stage: Ad Copywriting,"Company: FashionForward, an e-commerce fashion retailer Target Audience: Women (25-45) interested in fashion Constraints: $5,000 budget, 8-week timeline","Company: FashionForward, an e-commerce fashion retailer Target Audience: Women (25-45) interested in fashion Constraints: $5,000 budget, 8-week timeline","Develop targeted Facebook and Instagram ads featuring eye-catching visuals, highlighting promotions, and utilizing",,0.0,,0.030413083732128143,0.07542269676923752,0.26442453265190125,0.029241465032100677,0.49617090821266174,0.10432731360197067,1,persuasive,0.4962,luxury,0.3695,persuasive,0.2165,persuasive,1,1,persuasive,0.6,0.5,phi3_tiebreak,True
278,Create a social media campaign to increase brand awareness and drive sales for a new eco-friendly fashion brand.,"Company: GreenThreads Target Audience: Environmentally conscious millennials and Gen Z Constraints: Limited budget, high competition in the sustainable fashion market Goals: Increase brand recognition by 20%, boost sales by 15% within 6 months Workflow Stage: Strategy, Content Creation, Post Scheduling","Increase brand recognition by 20%, boost sales by 15% within 6 months Workflow Stage: Strategy, Content Creation, Post Scheduling","Company: GreenThreads Target Audience: Environmentally conscious millennials and Gen Z Constraints: Limited budget, high competition in the sustainable fashion market","Company: GreenThreads Target Audience: Environmentally conscious millennials and Gen Z Constraints: Limited budget, high competition in the sustainable fashion market","Develop a multi-channel campaign, ""Wear Your Values,"" focusing on Instagram, TikTok, and Facebook. Collaborate with eco-influencers for product showcases, behind-the-scenes content, and user-generated content campaigns. Utilize relevant hashtags, such as #Sustainability and #EcoFashion, and create engaging, informative posts highlighting the brand's commitment to environmental responsibility. Allocate $1,500 for influencer partnerships and $1,000 for targeted ads. Schedule posts thrice weekly, monitoring engagement and adjusting content as needed.",,0.0,,0.0918109118938446,0.2730841636657715,0.10442189127206802,0.06642872095108032,0.37073421478271484,0.09352010488510132,1,persuasive,0.3707,professional,0.3239,friendly,0.1915,professional,1,1,professional,0.3939,1.0,three_method_majority,True
279,Design an email marketing strategy to re-engage inactive subscribers for a B2B software company.,"Company: TechSolutions Target Audience: Inactive subscribers, primarily IT professionals and business owners Constraints: Email list fatigue, strict anti-spam laws Goals: Reactivate 10% of inactive subscribers, increase conversion rates by 5% Workflow Stage: Email List Segmentation, Content Creation, Campaign Automation","Reactivate 10% of inactive subscribers, increase conversion rates by 5% Workflow Stage: Email List Segmentation, Content Creation, Campaign Automation","Company: TechSolutions Target Audience: Inactive subscribers, primarily IT professionals and business owners Constraints: Email list fatigue, strict anti-spam laws","Company: TechSolutions Target Audience: Inactive subscribers, primarily IT professionals and business owners Constraints: Email list fatigue, strict anti-spam laws","Segment the inactive subscriber list based on inactivity duration and previous engagement. Create a personalized ""Welcome Back"" campaign with a series of three emails: a gentle reminder, a showcase of new features, and a special offer. Use compelling subject lines, such as ""We've Missed You!"" and ""Unlock Exclusive Benefits."" Implement a 30-day automation sequence, tracking open rates, clicks, and conversions to refine future campaigns.",friendly,0.2292,welcome,0.05404491350054741,0.03445572406053543,0.03877601772546768,0.03200667351484299,0.7965116500854492,0.04420497268438339,1,persuasive,0.7965,persuasive,0.4734,friendly,0.1911,professional,1,1,professional,0.6,0.3333,phi3_tiebreak,True
280,Develop a content marketing strategy to establish thought leadership in the AI industry.,"Company: AI Innovations Target Audience: Tech enthusiasts, industry professionals, and potential investors Constraints: Highly competitive market, need to differentiate Goals: Increase website traffic by 30%, position the company as a leading AI authority Workflow Stage: Content Creation, SEO Optimization, Distribution","Increase website traffic by 30%, position the company as a leading AI authority Workflow Stage: Content Creation, SEO Optimization, Distribution","Company: AI Innovations Target Audience: Tech enthusiasts, industry professionals, and potential investors Constraints: Highly competitive market, need to differentiate","Company: AI Innovations Target Audience: Tech enthusiasts, industry professionals, and potential investors Constraints: Highly competitive market, need to differentiate","Launch ""AI Insights,"" a blog and podcast series exploring the latest AI trends, innovations, and applications. Collaborate with in-house experts and industry thought leaders to create high-quality, informative content. Utilize SEO best practices to optimize articles and podcast descriptions. Distribute content through",professional,0.7708,industry|insights,0.037942517548799515,0.556723952293396,0.20859822630882263,0.0184634979814291,0.1405729055404663,0.037698909640312195,1,professional,0.5567,professional,0.5987,luxury,0.2124,professional,1,1,professional,0.7761,1.0,rule_zero_shot_agreement,False
281,Create a social media campaign to increase brand awareness and drive sales for a new eco-friendly fashion line.,"Company: GreenCycle Fashion; Target Audience: Young adults (18-35) passionate about sustainability; Constraints: Limited budget of $5,000; Goals: Increase brand followers by 20%, boost sales by 15% within 3 months; Workflow Stage: Strategy Development.","Increase brand followers by 20%, boost sales by 15% within 3 months; Workflow Stage: Strategy Development.","Company: GreenCycle Fashion; Target Audience: Young adults (18-35) passionate about sustainability; Constraints: Limited budget of $5,000;","Company: GreenCycle Fashion; Target Audience: Young adults (18-35) passionate about sustainability; Constraints: Limited budget of $5,000;","Launch a ""Wear Your Values"" campaign across Instagram, TikTok, and Facebook, focusing on user-generated content showcasing GreenCycle Fashion's sustainable clothing. Collaborate with eco-conscious influencers for sponsored content, and allocate $2,000 for targeted ads highlighting the brand's commitment to reducing waste. Offer a 10% discount to customers who share their own eco-friendly fashion choices, fostering a community around the brand's mission.",persuasive,0.7125,discount|offer,0.05117499828338623,0.06955856829881668,0.05095754191279411,0.0687948539853096,0.6410579681396484,0.11845608055591583,1,persuasive,0.6411,persuasive,0.3025,humorous,0.1898,persuasive,1,1,persuasive,0.587,1.0,rule_zero_shot_agreement,True
282,Develop a content marketing strategy to position a new AI-powered fitness app as a leader in personalized workout routines.,"Company: FitGenie; Target Audience: Fitness enthusiasts and athletes; Constraints: High competition in the fitness app market; Goals: Achieve 50,000 downloads within the first 6 months, maintain a 4.5-star rating; Workflow Stage: Content Creation.","Achieve 50,000 downloads within the first 6 months, maintain a 4.5-star rating; Workflow Stage: Content Creation.",Company: FitGenie; Target Audience: Fitness enthusiasts and athletes; Constraints: High competition in the fitness app market;,Company: FitGenie; Target Audience: Fitness enthusiasts and athletes; Constraints: High competition in the fitness app market;,"Create a ""Fitness Forward"" blog and YouTube series focusing on AI-driven workout trends, success stories, and expert advice. Host webinars with professional trainers to showcase FitGenie's AI technology in creating customized workout plans. Utilize SEO optimization to increase visibility and collaborate with fitness influencers for app reviews and tutorials.",professional,0.5875,expert,0.04953758418560028,0.15963029861450195,0.1289145052433014,0.08809196949005127,0.4485776722431183,0.12524794042110443,1,persuasive,0.4486,professional,0.2078,emotional,0.1836,professional,1,1,professional,0.4787,1.0,rule_zero_shot_agreement,True
283,Craft an email marketing campaign to re-engage dormant subscribers for a luxury travel agency.,"Company: Elite Voyages; Target Audience: High-income individuals who have not interacted with the agency in the past year; Constraints: Limited to email communication; Goals: Reactivate 30% of dormant subscribers, generate at least 10 new booking inquiries; Workflow Stage: Copywriting.","Reactivate 30% of dormant subscribers, generate at least 10 new booking inquiries; Workflow Stage: Copywriting.",Company: Elite Voyages; Target Audience: High-income individuals who have not interacted with the agency in the past year; Constraints: Limited to email communication;,Company: Elite Voyages; Target Audience: High-income individuals who have not interacted with the agency in the past year; Constraints: Limited to email communication;,"Design an ""Exclusive Voyages"" newsletter series highlighting unique travel experiences, personalized offers, and new destinations. Offer a complimentary travel consultation for re-engaged subscribers and create a sense of urgency with limited-time promotions. Utilize segmentation to tailor content based on subscribers' past interests and travel history.",luxury,0.3192,exclusive,0.016512401401996613,0.044947925955057144,0.0766635313630104,0.032140061259269714,0.7803269624710083,0.04940914362668991,1,persuasive,0.7803,persuasive,0.4822,luxury,0.1518,persuasive,1,1,persuasive,0.5522,0.6667,three_method_majority,True
284,Create a social media campaign to promote a new sustainable fashion brand targeting Gen Z consumers.,"Company: Verdi Clothing Target Audience: Gen Z (18-24 years old) Constraints: Limited budget ($5,000) Goals: Increase brand awareness by 20%, drive website traffic by 15% Workflow Stage: Strategy","Increase brand awareness by 20%, drive website traffic by 15% Workflow Stage: Strategy","Company: Verdi Clothing Target Audience: Gen Z (18-24 years old) Constraints: Limited budget ($5,000)","Company: Verdi Clothing Target Audience: Gen Z (18-24 years old) Constraints: Limited budget ($5,000)","Launch a social media contest, ""Verdi Vibes,"" where followers share eco-friendly fashion tips using a branded hashtag. Partner with 5 eco-influencers to showcase Verdi's sustainable clothing. Allocate $2,000 for influencer fees, $1,500 for paid social media ads, and $1,500 for content creation. Utilize Instagram Reels and TikTok for engaging, short-form content.",,0.0,,0.0656176283955574,0.11682619899511337,0.07495635747909546,0.05829108878970146,0.48051029443740845,0.20379845798015594,1,persuasive,0.4805,humorous,0.2753,persuasive,0.1911,professional,1,1,professional,0.6,0.5,phi3_tiebreak,True
285,Develop a targeted email marketing campaign to promote a new AI-powered software tool for small businesses.,"Company: TechEase Target Audience: Small business owners (25-50 years old) Constraints: Limited email list (5,000 subscribers) Goals: Boost software trials by 30%, increase sales by 20% Workflow Stage: Copywriting","Boost software trials by 30%, increase sales by 20% Workflow Stage: Copywriting","Company: TechEase Target Audience: Small business owners (25-50 years old) Constraints: Limited email list (5,000 subscribers)","Company: TechEase Target Audience: Small business owners (25-50 years old) Constraints: Limited email list (5,000 subscribers)","Craft a series of 3 emails highlighting the tool's benefits: ""Simplify Your Workflow,"" ""Unlock Efficiency,"" and ""Exclusive Trial Offer."" Use a conversational tone, emphasizing how TechEase's AI-powered tool can save time and increase productivity. Include a clear CTA (call-to-action) and a limited-time trial offer.",persuasive,0.5354,save|offer,0.21151608228683472,0.007036515511572361,0.022858737036585808,0.019191961735486984,0.684197723865509,0.055198926478624344,1,persuasive,0.6842,friendly,0.5399,persuasive,0.2935,friendly,1,1,friendly,0.6099,0.6667,three_method_majority,True
286,Create a compelling image to promote a new vegan food product on Instagram.,"Company: GreenBite Target Audience: Health-conscious millennials (25-40 years old) Constraints: Limited design budget ($500) Goals: Increase product visibility by 25%, drive sales by 10% Workflow Stage: Image Generation","Increase product visibility by 25%, drive sales by 10% Workflow Stage: Image Generation",Company: GreenBite Target Audience: Health-conscious millennials (25-40 years old) Constraints: Limited design budget ($500),Company: GreenBite Target Audience: Health-conscious millennials (25-40 years old) Constraints: Limited design budget ($500),"Design a vibrant, plant-based visual featuring the product as the centerpiece, surrounded by fresh fruits and vegetables. Utilize a mix of natural textures and earthy tones to evoke a sense of wholesomeness. Incorporate a bold, modern font to highlight the product name and key benefits (e.g., ""Vegan,"" ""Gluten-Free"").",,0.0,,0.1151750236749649,0.12034919857978821,0.17154420912265778,0.023199081420898438,0.5269954800605774,0.04273713380098343,1,persuasive,0.527,friendly,0.2809,luxury,0.2252,professional,1,1,professional,0.6,0.5,phi3_tiebreak,True
287,Develop a social media campaign to increase brand awareness for a sustainable fashion brand among Gen Z consumers.,Company: Verde Clothing; Target Audience: Gen Z (18-24 years old); Constraints: Limited budget; Goals: Increase brand awareness by 20% in 3 months; Workflow Stage: Strategy.,Increase brand awareness by 20% in 3 months; Workflow Stage: Strategy.,Company: Verde Clothing; Target Audience: Gen Z (18-24 years old); Constraints: Limited budget;,Company: Verde Clothing; Target Audience: Gen Z (18-24 years old); Constraints: Limited budget;,"""Verde Vibes"" campaign: Utilize Instagram Reels and TikTok to create engaging, eco-friendly content. Collaborate with 5 eco-influencers to showcase Verde's sustainable fashion practices. Allocate $1,000 for influencer partnerships and $1,500 for targeted ads. Monitor and adjust campaign performance using Instagram Insights and TikTok Analytics.",professional,0.7708,insights|performance,0.18254095315933228,0.09866213798522949,0.11498794704675674,0.10621163249015808,0.299159437417984,0.1984379142522812,1,persuasive,0.2992,friendly,0.3255,humorous,0.202,professional,1,1,professional,0.8408,0.6667,three_method_majority,False
288,Create a targeted email marketing campaign to promote a new product launch for a tech startup.,Company: TechCorp; Target Audience: Tech enthusiasts and early adopters; Constraints: Limited email list; Goals: Drive 500 pre-orders within the first week; Workflow Stage: Copywriting.,Drive 500 pre-orders within the first week; Workflow Stage: Copywriting.,Company: TechCorp; Target Audience: Tech enthusiasts and early adopters; Constraints: Limited email list;,Company: TechCorp; Target Audience: Tech enthusiasts and early adopters; Constraints: Limited email list;,"""Unlock the Future"" campaign: Craft a series of 3 emails showcasing the product's innovative features and exclusive promotions. Use AI-powered email personalization to tailor content based on recipient interests. Offer a limited-time 10% discount to encourage pre-orders. Use Mailchimp's automation tools to streamline email deployment.",persuasive,0.6125,discount|offer,0.04484735429286957,0.09467685967683792,0.13295988738536835,0.052807923406362534,0.5568742156028748,0.11783380061388016,1,persuasive,0.5569,persuasive,0.2468,luxury,0.1888,professional,1,1,persuasive,0.5114,0.6667,rule_zero_shot_agreement,True
289,Design a social media content calendar to increase engagement for a food delivery service.,Company: TasteBuds; Target Audience: Foodies and busy professionals; Constraints: Limited content creation resources; Goals: Boost engagement by 50% in 2 months; Workflow Stage: Post Scheduling.,Boost engagement by 50% in 2 months; Workflow Stage: Post Scheduling.,Company: TasteBuds; Target Audience: Foodies and busy professionals; Constraints: Limited content creation resources;,Company: TasteBuds; Target Audience: Foodies and busy professionals; Constraints: Limited content creation resources;,"""Tasty Tuesdays"" and ""Foodie Fridays"" series: Develop a content calendar featuring visually appealing food images, customer testimonials, and behind-the-scenes stories. Utilize Hootsuite to schedule posts in advance, ensuring consistent posting and minimizing content gaps. Allocate 30 minutes weekly for content creation and curation.",,0.0,,0.07003714889287949,0.11076816916465759,0.13103719055652618,0.17729999125003815,0.1503186821937561,0.36053887009620667,1,humorous,0.3605,humorous,0.3452,emotional,0.2708,professional,1,1,professional,0.6,0.5,phi3_tiebreak,True
290,Develop a video marketing strategy to promote a new electric vehicle model.,"Company: GreenRide; Target Audience: Environmentally conscious consumers; Constraints: Limited video production budget; Goals: Generate 10,000 views within the first month; Workflow Stage: Video Production.","Generate 10,000 views within the first month; Workflow Stage: Video Production.",Company: GreenRide; Target Audience: Environmentally conscious consumers; Constraints: Limited video production budget;,Company: GreenRide; Target Audience: Environmentally conscious consumers; Constraints: Limited video production budget;,"""Electrify Your Ride"" campaign: Create a 60-second video showcasing the vehicle's eco-friendly features and sleek design. Utilize YouTube's video analytics to track performance",professional,0.5875,performance,0.06719953566789627,0.167318657040596,0.1398441046476364,0.06324158608913422,0.397579550743103,0.16481655836105347,1,persuasive,0.3976,professional,0.2086,humorous,0.2062,professional,1,1,professional,0.4791,1.0,rule_zero_shot_agreement,True
291,Create a social media campaign to increase brand awareness and drive website traffic for a sustainable fashion brand.,"Company: GreenThreads, a sustainable fashion brand targeting environmentally conscious millennials and Gen Z. Target audience: 18-35 years old, interests in eco-friendly living, fashion, and social causes. Constraints: Limited budget, high competition in the sustainable fashion market. Goals: Increase brand awareness by 20%, drive website traffic by 30%. Workflow stage: Strategy.","Increase brand awareness by 20%, drive website traffic by 30%. Workflow stage: Strategy.","Company: GreenThreads, a sustainable fashion brand targeting environmentally conscious millennials and Gen Z. Target audience: 18-35 years old, interests in eco-friendly living, fashion, and social causes. Constraints: Limited budget, high competition in the sustainable fashion market.","Company: GreenThreads, a sustainable fashion brand targeting environmentally conscious millennials and Gen Z. Target audience: 18-35 years old, interests in eco-friendly living, fashion, and social causes. Constraints: Limited budget, high competition in the sustainable fashion market.","Develop a social media campaign, ""Wear Your Values,"" highlighting GreenThreads' commitment to sustainability. Create engaging content (images, videos, and blog posts) showcasing eco-friendly materials, production processes, and customer testimonials. Collaborate with eco-influencers and user-generated content campaigns to amplify the message. Allocate budget to targeted Facebook and Instagram ads. Utilize Instagram Reels and IGTV for behind-the-scenes content, and Facebook Live for Q&A sessions with designers and sustainability experts.",,0.0,,0.08757805824279785,0.13710419833660126,0.1195802167057991,0.16695623099803925,0.33050674200057983,0.1582745462656021,1,persuasive,0.3305,emotional,0.288,humorous,0.1711,professional,1,1,professional,0.6,0.5,phi3_tiebreak,True
292,Design an email marketing campaign to nurture leads and encourage conversions for a B2B software company.,"Company: TechCorp, a B2B software company offering AI-powered solutions for businesses. Target audience: Business owners, IT professionals, and decision-makers in various industries. Constraints: Complex sales process, high competition in the B2B software market. Goals: Nurture 50% of leads to conversion, increase sales by 25%. Workflow stage: Email copywriting.","Nurture 50% of leads to conversion, increase sales by 25%. Workflow stage: Email copywriting.","Company: TechCorp, a B2B software company offering AI-powered solutions for businesses. Target audience: Business owners, IT professionals, and decision-makers in various industries. Constraints: Complex sales process, high competition in the B2B software market.","Company: TechCorp, a B2B software company offering AI-powered solutions for businesses. Target audience: Business owners, IT professionals, and decision-makers in various industries. Constraints: Complex sales process, high competition in the B2B software market.","Create a 5-email nurturing campaign, ""Unlock Your Business Potential,"" providing valuable content and insights on AI-powered solutions. Email 1: Introduction to TechCorp and its solutions. Email 2: Case study on a successful implementation. Email 3: Whitepaper on industry trends and challenges. Email 4: Webinar invitation on AI adoption. Email 5: Personalized demo offer and special promotion. Use a conversational tone, clear CTAs, and track engagement metrics to optimize the campaign.",professional,0.9053,industry|insights|case study|webinar|business,0.19907328486442566,0.15665484964847565,0.03447403386235237,0.045594483613967896,0.5303215384483337,0.033881738781929016,1,persuasive,0.5303,friendly,0.4359,persuasive,0.1952,friendly,1,1,friendly,0.5059,0.6667,three_method_majority,True
293,Create a social media campaign to promote a new eco-friendly water bottle.,"Company: GreenLife Inc., a startup focused on sustainable products. Target audience: Environmentally conscious millennials and Gen Z. Constraints: Limited budget of $5,000. Goals: Increase brand awareness and drive sales. Workflow stage: Strategy.",Increase brand awareness and drive sales. Workflow stage: Strategy.,"Company: GreenLife Inc., a startup focused on sustainable products. Target audience: Environmentally conscious millennials and Gen Z. Constraints: Limited budget of $5,000.","Company: GreenLife Inc., a startup focused on sustainable products. Target audience: Environmentally conscious millennials and Gen Z. Constraints: Limited budget of $5,000.","Develop a campaign called ""Hydrate Responsibly"" focusing on Instagram and TikTok. Partner with eco-influencers to showcase the bottle's benefits, using hashtags like #GoGreen and #Sustainability. Allocate $2,000 for influencer partnerships, $1,500 for sponsored ads, and $1,500 for content creation. Utilize Instagram Reels and TikTok's Duet feature to engage with followers.",,0.0,,0.055731188505887985,0.1767437905073166,0.08061239868402481,0.054584722965955734,0.49135279655456543,0.14097510278224945,1,persuasive,0.4914,professional,0.2437,persuasive,0.2003,professional,1,1,professional,0.3137,1.0,three_method_majority,True
294,Design an email marketing campaign for a luxury fashion brand's new collection.,Company: Haute Couture House. Target audience: High-end fashion enthusiasts and existing customers. Constraints: Design must align with the brand's luxurious image. Goals: Drive sales and increase customer loyalty. Workflow stage: Image generation.,Drive sales and increase customer loyalty. Workflow stage: Image generation.,Company: Haute Couture House. Target audience: High-end fashion enthusiasts and existing customers. Constraints: Design must align with the brand's luxurious image.,Company: Haute Couture House. Target audience: High-end fashion enthusiasts and existing customers. Constraints: Design must align with the brand's luxurious image.,Create visually stunning emails featuring high-quality images of the new collection. Use a minimalist design with gold accents and black backgrounds to convey luxury. Include personalized product recommendations based on customers' past purchases. Use AI-generated images to showcase 360-degree views of the clothing items.,luxury,0.7708,luxury,0.006687435321509838,0.012764275074005127,0.9377800822257996,0.003559860633686185,0.03221901133656502,0.006989403162151575,1,luxury,0.9378,luxury,0.95,professional,0.0137,,0,0,luxury,0.9694,1.0,rule_zero_shot_agreement,False
295,Craft a compelling product description for a new smartwatch.,Company: TechFit. Target audience: Fitness enthusiasts and tech-savvy individuals. Constraints: Description must highlight the watch's unique features. Goals: Increase sales and drive website traffic. Workflow stage: Copywriting.,Increase sales and drive website traffic. Workflow stage: Copywriting.,Company: TechFit. Target audience: Fitness enthusiasts and tech-savvy individuals. Constraints: Description must highlight the watch's unique features.,Company: TechFit. Target audience: Fitness enthusiasts and tech-savvy individuals. Constraints: Description must highlight the watch's unique features.,"Introducing the TechFit Pro: Elevate Your Fitness Journey. This cutting-edge smartwatch features AI-powered workout tracking, heart rate monitoring, and personalized coaching. With its sleek design and intuitive interface, stay connected and on top of your fitness goals. Use social proof by highlighting customer testimonials and reviews.",emotional,0.6333,journey,0.05535813048481941,0.16627603769302368,0.15103664994239807,0.08950957655906677,0.4187092185020447,0.11911044269800186,1,persuasive,0.4187,professional,0.2096,emotional,0.1807,professional,1,1,professional,0.2796,0.6667,three_method_majority,True
296,Develop a content calendar for a food blog's social media channels.,Company: Delicious Delights. Target audience: Foodies and home cooks. Constraints: Limited content creation resources. Goals: Increase engagement and drive website traffic. Workflow stage: Post scheduling.,Increase engagement and drive website traffic. Workflow stage: Post scheduling.,Company: Delicious Delights. Target audience: Foodies and home cooks. Constraints: Limited content creation resources.,Company: Delicious Delights. Target audience: Foodies and home cooks. Constraints: Limited content creation resources.,"Create a content calendar focusing on seasonal recipes, cooking tips, and behind-the-scenes stories. Allocate specific days for Instagram (Monday: Motivational quotes, Wednesday: Recipe videos, Friday: Featured chef interviews). Utilize Facebook and Twitter for",,0.0,,0.07239297777414322,0.07788874208927155,0.09973189234733582,0.34133589267730713,0.25609198212623596,0.15255850553512573,1,emotional,0.3413,emotional,0.5084,humorous,0.1424,friendly,1,1,friendly,0.6,0.5,phi3_tiebreak,True
297,Create a social media campaign to increase brand awareness for a sustainable fashion brand.,"Company: GreenThreads, a sustainable fashion brand targeting millennials and Gen Z. Target Audience: Fashion-conscious individuals aged 18-35. Constraints: Limited budget of $5,000. Goals: Increase brand awareness by 20% in 6 weeks. Workflow Stage: Strategy",Increase brand awareness by 20% in 6 weeks. Workflow Stage: Strategy,"Company: GreenThreads, a sustainable fashion brand targeting millennials and Gen Z. Target Audience: Fashion-conscious individuals aged 18-35. Constraints: Limited budget of $5,000.","Company: GreenThreads, a sustainable fashion brand targeting millennials and Gen Z. Target Audience: Fashion-conscious individuals aged 18-35. Constraints: Limited budget of $5,000.","Develop a social media campaign, ""Eco-Warriors Unite,"" highlighting GreenThreads' eco-friendly production processes and collaborating with eco-influencers to showcase sustainable fashion. Utilize Instagram Reels and TikTok to create engaging content, allocating $2,000 for influencer partnerships and $1,500 for sponsored ads.",,0.0,,0.05946327745914459,0.17130981385707855,0.09299121797084808,0.08147931843996048,0.4165971577167511,0.1781592071056366,1,persuasive,0.4166,humorous,0.2245,professional,0.2151,professional,1,1,professional,0.6,0.5,phi3_tiebreak,True
298,Design an email marketing campaign to drive sales for a new product launch.,"Company: TechCorp, a tech company launching a new smartwatch. Target Audience: Tech enthusiasts and fitness enthusiasts. Constraints: Limited time frame of 2 weeks. Goals: Drive 500 sales within the first month. Workflow Stage: Copywriting",Drive 500 sales within the first month. Workflow Stage: Copywriting,"Company: TechCorp, a tech company launching a new smartwatch. Target Audience: Tech enthusiasts and fitness enthusiasts. Constraints: Limited time frame of 2 weeks.","Company: TechCorp, a tech company launching a new smartwatch. Target Audience: Tech enthusiasts and fitness enthusiasts. Constraints: Limited time frame of 2 weeks.","Create a series of 3 email campaigns: ""Get Ready,"" ""Launch Day,"" and ""Exclusive Offer."" Use attention-grabbing subject lines and CTAs, emphasizing the smartwatch's innovative features and limited-time discounts. Offer a special 10% discount to subscribers who purchase within the first 48 hours.",persuasive,0.6696,discount|offer,0.01062167901545763,0.03595679998397827,0.09286943823099136,0.015177138149738312,0.8001564741134644,0.045218486338853836,1,persuasive,0.8002,persuasive,0.527,luxury,0.1959,persuasive,1,1,persuasive,0.6912,1.0,rule_zero_shot_agreement,False
299,Develop a content marketing strategy to establish thought leadership in the AI industry.,"Company: AI Solutions, an AI consulting firm targeting business leaders. Target Audience: CEOs, CTOs, and innovation managers. Constraints: Limited resources for content creation. Goals: Publish 2 high-quality articles per month. Workflow Stage: Strategy",Publish 2 high-quality articles per month. Workflow Stage: Strategy,"Company: AI Solutions, an AI consulting firm targeting business leaders. Target Audience: CEOs, CTOs, and innovation managers. Constraints: Limited resources for content creation.","Company: AI Solutions, an AI consulting firm targeting business leaders. Target Audience: CEOs, CTOs, and innovation managers. Constraints: Limited resources for content creation.","Create a content hub, ""AI Insights,"" featuring in-depth articles, podcasts, and webinars on AI trends and applications. Partner with industry experts to co-author articles and participate in podcasts, reducing content creation costs. Utilize LinkedIn and Twitter to promote content and engage with the target audience.",professional,0.7708,industry|insights,0.0736025720834732,0.23852108418941498,0.2075890600681305,0.06655669957399368,0.2715555429458618,0.14217504858970642,1,persuasive,0.2716,professional,0.2668,luxury,0.2198,professional,1,1,professional,0.5936,1.0,rule_zero_shot_agreement,True
300,Generate social media content to promote a charity event.,"Company: CharityRun, a non-profit organization hosting a fundraising marathon. Target Audience: Fitness enthusiasts and philanthropists. Constraints: Limited time frame of 4 weeks. Goals: Raise $10,000 through social media donations. Workflow Stage: Image Generation","Raise $10,000 through social media donations. Workflow Stage: Image Generation","Company: CharityRun, a non-profit organization hosting a fundraising marathon. Target Audience: Fitness enthusiasts and philanthropists. Constraints: Limited time frame of 4 weeks.","Company: CharityRun, a non-profit organization hosting a fundraising marathon. Target Audience: Fitness enthusiasts and philanthropists. Constraints: Limited time frame of 4 weeks.","Design a series of social media posts featuring impactful images of CharityRun's beneficiaries, volunteers",,0.0,,0.056983768939971924,0.0870814397931099,0.1502888947725296,0.1374901831150055,0.4994586706161499,0.06869705021381378,1,persuasive,0.4995,emotional,0.2873,persuasive,0.1926,persuasive,1,1,persuasive,0.6,0.5,phi3_tiebreak,True
301,Create a social media campaign to increase brand awareness for a sustainable fashion brand among Gen Z consumers.,"Company: GreenThreads, a sustainable fashion brand Target Audience: Gen Z consumers (18-24 years old) Constraints: Limited budget, high competition in the sustainable fashion market Goals: Increase brand awareness by 20% in 6 weeks Workflow Stage: Strategy",Increase brand awareness by 20% in 6 weeks Workflow Stage: Strategy,"Company: GreenThreads, a sustainable fashion brand Target Audience: Gen Z consumers (18-24 years old) Constraints: Limited budget, high competition in the sustainable fashion market","Company: GreenThreads, a sustainable fashion brand Target Audience: Gen Z consumers (18-24 years old) Constraints: Limited budget, high competition in the sustainable fashion market","Develop a social media campaign, ""Eco-Warriors Unite,"" focusing on Instagram and TikTok. Partner with eco-influencers and user-generated content (UGC) campaigns to showcase sustainable fashion practices. Utilize relevant hashtags and Instagram Reels to increase engagement. Allocate $1,500 for influencer collaborations and $1,000 for ad spend.",,0.0,,0.0746104046702385,0.20856961607933044,0.10826636105775833,0.06398952752351761,0.41359731554985046,0.13096682727336884,1,persuasive,0.4136,professional,0.2613,humorous,0.1646,professional,1,1,professional,0.3313,1.0,three_method_majority,True
302,Design an email marketing campaign to nurture leads for a B2B software company.,"Company: TechCorp, a B2B software company Target Audience: Business owners and decision-makers Constraints: High competition in the software industry Goals: Convert 15% of leads into paying customers within 3 months Workflow Stage: Copywriting",Convert 15% of leads into paying customers within 3 months Workflow Stage: Copywriting,"Company: TechCorp, a B2B software company Target Audience: Business owners and decision-makers Constraints: High competition in the software industry","Company: TechCorp, a B2B software company Target Audience: Business owners and decision-makers Constraints: High competition in the software industry","Create a 3-email sequence: ""Expert Insights,"" ""Success Stories,"" and ""Exclusive Offers."" Use personalization and segmentation to tailor content to each lead's interests. Include a clear call-to-action (CTA) in each email, directing leads to a demo or trial. Use a conversational tone and highlight the software's unique features and benefits.",professional,0.4494,insights|expert,0.18840278685092926,0.02851392701268196,0.022193150594830513,0.023114779964089394,0.7138609886169434,0.023914432153105736,1,persuasive,0.7139,friendly,0.5075,persuasive,0.3232,friendly,1,1,friendly,0.5775,0.6667,three_method_majority,True
303,Develop a content marketing strategy to establish thought leadership for a financial services company.,"Company: FinPro, a financial services company Target Audience: Financial professionals and investors Constraints: Highly regulated industry, requiring compliance with financial regulations Goals: Publish 2 thought leadership pieces per month, increasing website traffic by 30% in 9 months Workflow Stage: Strategy","Publish 2 thought leadership pieces per month, increasing website traffic by 30% in 9 months Workflow Stage: Strategy","Company: FinPro, a financial services company Target Audience: Financial professionals and investors Constraints: Highly regulated industry, requiring compliance with financial regulations","Company: FinPro, a financial services company Target Audience: Financial professionals and investors Constraints: Highly regulated industry, requiring compliance with financial regulations","Create a content calendar focusing on topics such as market trends, regulatory updates, and industry insights. Develop a mix of blog posts, whitepapers, and webinars to cater to different audience preferences. Collaborate with industry experts and utilize SEO optimization to increase visibility. Establish a review and approval process to ensure compliance with financial regulations.",professional,0.7708,industry|insights,0.06694556772708893,0.2740268111228943,0.16676966845989227,0.050708550959825516,0.2958475351333618,0.14570195972919464,1,persuasive,0.2958,professional,0.317,luxury,0.1826,professional,1,1,professional,0.6212,1.0,rule_zero_shot_agreement,False
304,Create a social media campaign to promote a new eco-friendly product line.,"Company: GreenCycle, a sustainable products manufacturer Target Audience: Environmentally conscious millennials Constraints: Limited budget, high competition in the eco-friendly market Goals: Increase brand awareness, drive sales Workflow Stage: Strategy","Increase brand awareness, drive sales Workflow Stage: Strategy","Company: GreenCycle, a sustainable products manufacturer Target Audience: Environmentally conscious millennials Constraints: Limited budget, high competition in the eco-friendly market","Company: GreenCycle, a sustainable products manufacturer Target Audience: Environmentally conscious millennials Constraints: Limited budget, high competition in the eco-friendly market","Develop a social media campaign leveraging Instagram Reels and TikTok, focusing on the unique selling points of the product line, such as biodegradable materials and minimal waste. Collaborate with eco-influencers and user-generated content to amplify the brand's message.",,0.0,,0.07520612329244614,0.15114721655845642,0.1230122521519661,0.07793097198009491,0.42576318979263306,0.14694024622440338,1,persuasive,0.4258,professional,0.1894,humorous,0.1848,professional,1,1,professional,0.2594,1.0,three_method_majority,True
305,Design an email marketing campaign to nurture leads for a B2B software company.,"Company: Proxima, a sales automation platform Target Audience: Small to medium-sized business owners Constraints: High email open rates but low conversion rates Goals: Increase conversion rates, educate leads about the product Workflow Stage: Copywriting","Increase conversion rates, educate leads about the product Workflow Stage: Copywriting","Company: Proxima, a sales automation platform Target Audience: Small to medium-sized business owners Constraints: High email open rates but low conversion rates","Company: Proxima, a sales automation platform Target Audience: Small to medium-sized business owners Constraints: High email open rates but low conversion rates","Create a 3-email sequence campaign providing valuable content, such as whitepapers, webinars, and case studies, to educate leads about the benefits of sales automation. Use AI-powered personalization to tailor the content and subject lines to each lead's interests and pain points.",,0.0,,0.09906322509050369,0.20049214363098145,0.1865646243095398,0.07207178324460983,0.31567755341529846,0.12613070011138916,1,persuasive,0.3157,professional,0.2262,luxury,0.1992,professional,1,1,professional,0.2962,1.0,three_method_majority,True
306,Generate social media content for a fashion brand's new collection launch.,"Company: Le Chic, a luxury fashion brand Target Audience: High-end fashion enthusiasts Constraints: Limited creative assets, tight deadline Goals: Create buzz around the new collection, drive sales Workflow Stage: Image Generation","Create buzz around the new collection, drive sales Workflow Stage: Image Generation","Company: Le Chic, a luxury fashion brand Target Audience: High-end fashion enthusiasts Constraints: Limited creative assets, tight deadline","Company: Le Chic, a luxury fashion brand Target Audience: High-end fashion enthusiasts Constraints: Limited creative assets, tight deadline","Utilize AI-powered image generation tools to create stunning visuals showcasing the new collection. Develop a content calendar featuring a mix of model showcases, behind-the-scenes content, and user-generated content to create a sense of exclusivity and anticipation around the launch.",,0.0,,0.043584734201431274,0.11404158174991608,0.39722222089767456,0.046665363013744354,0.26703429222106934,0.1314517855644226,1,luxury,0.3972,luxury,0.4412,humorous,0.1548,professional,1,1,professional,0.6,0.5,phi3_tiebreak,True
307,Develop a content marketing strategy for a healthcare provider.,"Company: MedPro, a network of medical clinics Target Audience: Patients and families seeking medical care Constraints: Regulatory compliance, sensitive topic matter Goals: Establish thought leadership, build trust Workflow Stage: Strategy","Establish thought leadership, build trust Workflow Stage: Strategy","Company: MedPro, a network of medical clinics Target Audience: Patients and families seeking medical care Constraints: Regulatory compliance, sensitive topic matter","Company: MedPro, a network of medical clinics Target Audience: Patients and families seeking medical care Constraints: Regulatory compliance, sensitive topic matter","Create a content marketing strategy focusing on informative blog posts, videos, and social media content addressing common health concerns and wellness tips. Partner with medical professionals to ensure accuracy and credibility, while utilizing SEO best practices to increase visibility.",professional,0.5875,strategy,0.08114428073167801,0.4920259118080139,0.0882912203669548,0.05152621865272522,0.194049671292305,0.0929625853896141,1,professional,0.492,professional,0.5172,friendly,0.15,professional,1,1,professional,0.6488,1.0,rule_zero_shot_agreement,False
308,Create a social media campaign to increase brand awareness among young adults for a sustainable fashion brand.,"Company: Green Threads, a fashion brand using recycled materials. Target audience: 18-30-year-olds. Constraints: Limited budget. Goals: Increase brand awareness by 20% in 6 weeks. Workflow stage: Strategy.",Increase brand awareness by 20% in 6 weeks. Workflow stage: Strategy.,"Company: Green Threads, a fashion brand using recycled materials. Target audience: 18-30-year-olds. Constraints: Limited budget.","Company: Green Threads, a fashion brand using recycled materials. Target audience: 18-30-year-olds. Constraints: Limited budget.","""Revive & Thrive"" campaign, focusing on Instagram and TikTok. Partner with eco-influencers and launch a hashtag challenge, encouraging users to share their own sustainable fashion tips. Utilize Instagram Reels and TikTok's ""Reaction"" feature to create engaging, interactive content.",,0.0,,0.06905432790517807,0.10507099330425262,0.07202689349651337,0.10420852154493332,0.4530823528766632,0.1965569108724594,1,persuasive,0.4531,humorous,0.2489,emotional,0.2105,persuasive,1,1,persuasive,0.6,0.5,phi3_tiebreak,True
309,Develop a content marketing strategy to position a new AI-powered fitness app as a thought leader in the industry.,"Company: FitGenie, an AI-driven fitness coaching app. Target audience: Fitness enthusiasts and professionals. Constraints: High competition. Goals: Establish thought leadership and increase downloads by 50% in 3 months. Workflow stage: Content creation.",Establish thought leadership and increase downloads by 50% in 3 months. Workflow stage: Content creation.,"Company: FitGenie, an AI-driven fitness coaching app. Target audience: Fitness enthusiasts and professionals. Constraints: High competition.","Company: FitGenie, an AI-driven fitness coaching app. Target audience: Fitness enthusiasts and professionals. Constraints: High competition.","""Fitness Forward"" blog series, featuring expert interviews, AI-driven workout tips, and industry trend analysis. Host webinars and create in-depth guides on AI in fitness, highlighting FitGenie's innovative approach. Utilize SEO optimization to increase visibility.",professional,0.9083,industry|expert|analysis,0.06577485054731369,0.1897398829460144,0.1531161367893219,0.06550570577383041,0.3933107554912567,0.13255268335342407,1,persuasive,0.3933,professional,0.2359,luxury,0.1802,professional,1,1,professional,0.6385,1.0,rule_zero_shot_agreement,False
310,Design a targeted email marketing campaign to re-engage inactive customers for an e-commerce platform.,"Company: ShopSphere, an e-commerce platform. Target audience: Inactive customers. Constraints: Limited customer data. Goals: Reactivate 20% of inactive customers within 2 months. Workflow stage: Email marketing.",Reactivate 20% of inactive customers within 2 months. Workflow stage: Email marketing.,"Company: ShopSphere, an e-commerce platform. Target audience: Inactive customers. Constraints: Limited customer data.","Company: ShopSphere, an e-commerce platform. Target audience: Inactive customers. Constraints: Limited customer data.","""Reconnect & Rediscover"" campaign, featuring personalized product recommendations, exclusive discounts, and a ""We Miss You"" message. Utilize segmentation and A/B testing to optimize email content and subject lines.",luxury,0.6792,exclusive,0.04990082606673241,0.0503615066409111,0.04491037875413895,0.19486354291439056,0.4101398289203644,0.24982388317584991,1,persuasive,0.4101,emotional,0.3609,humorous,0.29,persuasive,1,1,persuasive,0.6,0.3333,phi3_tiebreak,True
311,Create a video marketing strategy to promote a new line of eco-friendly home cleaning products.,"Company: GreenClean, a home cleaning products brand. Target audience: Environmentally conscious homeowners. Constraints: Limited budget. Goals: Increase sales by 30% in 4 months. Workflow stage: Video production.",Increase sales by 30% in 4 months. Workflow stage: Video production.,"Company: GreenClean, a home cleaning products brand. Target audience: Environmentally conscious homeowners. Constraints: Limited budget.","Company: GreenClean, a home cleaning products brand. Target audience: Environmentally conscious homeowners. Constraints: Limited budget.","""Cleaning with a Conscience"" video series, showcasing the eco-friendly production process, product demos, and customer testimonials. Utilize YouTube, Facebook, and Instagram to reach the target audience.",,0.0,,0.09722290933132172,0.1139838770031929,0.11708735674619675,0.15717174112796783,0.2754979729652405,0.23903612792491913,1,persuasive,0.2755,emotional,0.2598,humorous,0.2476,professional,1,1,professional,0.6,0.5,phi3_tiebreak,True
312,Develop a social media strategy for a new eco-friendly fashion brand targeting Gen Z.,"Company: GreenThreads, a sustainable clothing brand Target Audience: Gen Z (18-24) environmentally conscious consumers Constraints: Limited budget, high competition in the eco-friendly fashion space Goals: Increase brand awareness, drive website traffic, and generate sales Workflow Stage: Strategy","Increase brand awareness, drive website traffic, and generate sales Workflow Stage: Strategy","Company: GreenThreads, a sustainable clothing brand Target Audience: Gen Z (18-24) environmentally conscious consumers Constraints: Limited budget, high competition in the eco-friendly fashion space","Company: GreenThreads, a sustainable clothing brand Target Audience: Gen Z (18-24) environmentally conscious consumers Constraints: Limited budget, high competition in the eco-friendly fashion space","Create a social media campaign focusing on Instagram and TikTok, leveraging hashtags #ecofashion and #sustainability. Collaborate with eco-influencers and user-generated content (UGC) to showcase GreenThreads' unique products. Allocate $500 for influencer partnerships and $1,000 for targeted ads.",,0.0,,0.06634606420993805,0.13125094771385193,0.08783626556396484,0.051270514726638794,0.5200338959693909,0.1432623714208603,1,persuasive,0.52,persuasive,0.2163,humorous,0.2023,professional,1,1,professional,0.6,0.5,phi3_tiebreak,True
313,Generate an image for a Facebook ad promoting a new smart home security system.,"Company: SecureHome, a smart home security solutions provider Target Audience: Homeowners aged 35-55 with medium to high disposable income Constraints: Ad must be attention-grabbing and communicate the system's key benefits Goals: Drive website traffic and generate leads Workflow Stage: Image Generation",Drive website traffic and generate leads Workflow Stage: Image Generation,"Company: SecureHome, a smart home security solutions provider Target Audience: Homeowners aged 35-55 with medium to high disposable income Constraints: Ad must be attention-grabbing and communicate the system's key benefits","Company: SecureHome, a smart home security solutions provider Target Audience: Homeowners aged 35-55 with medium to high disposable income Constraints: Ad must be attention-grabbing and communicate the system's key benefits","Design an eye-catching image featuring a serene home environment with a subtle hint of security cameras and sensors. Use a calming color palette and include a prominent call-to-action (CTA) ""Protect Your Home and Family"" with a clear and concise headline highlighting the system's AI-powered threat detection.",,0.0,,0.020629465579986572,0.12975387275218964,0.07700011134147644,0.005776888225227594,0.7531625628471375,0.013677030801773071,1,persuasive,0.7532,persuasive,0.4594,professional,0.2678,professional,1,1,professional,0.6,0.5,phi3_tiebreak,True
314,Write a compelling email copy for a newsletter promoting a new line of plant-based meat alternatives.,"Company: VeggieBite, a plant-based food company Target Audience: Health-conscious consumers and flexitarians Constraints: Email must be engaging and encourage subscribers to try the new products Goals: Drive sales and increase brand loyalty Workflow Stage: Copywriting",Drive sales and increase brand loyalty Workflow Stage: Copywriting,"Company: VeggieBite, a plant-based food company Target Audience: Health-conscious consumers and flexitarians Constraints: Email must be engaging and encourage subscribers to try the new products","Company: VeggieBite, a plant-based food company Target Audience: Health-conscious consumers and flexitarians Constraints: Email must be engaging and encourage subscribers to try the new products","Subject line: ""Bite into the Future of Food with Our New Plant-Based Line!"" Email body: Share a brief story about the inspiration behind the new products, highlighting the unique flavors and health benefits. Include a special promo code (15% off) for subscribers to try the new line and encourage sharing on social media using a branded hashtag #VeggieBiteRevolution.",persuasive,0.5188,,0.022751174867153168,0.05135245993733406,0.02208786830306053,0.20237694680690765,0.625205397605896,0.07622619718313217,1,persuasive,0.6252,emotional,0.4645,persuasive,0.2649,persuasive,1,1,persuasive,0.5888,0.6667,three_method_majority,True
315,Create a social media campaign to promote a new eco-friendly fashion brand targeting young adults.,"Company: GreenThreads; Target Audience: 18-30-year-olds; Constraints: Limited budget, high competition; Goals: Increase brand awareness, drive website traffic; Workflow Stage: Strategy.","Increase brand awareness, drive website traffic; Workflow Stage: Strategy.","Company: GreenThreads; Target Audience: 18-30-year-olds; Constraints: Limited budget, high competition;","Company: GreenThreads; Target Audience: 18-30-year-olds; Constraints: Limited budget, high competition;","""Green Revolution"" campaign: Utilize Instagram Reels and TikTok to showcase eco-friendly fashion tips, behind-the-scenes content, and user-generated content. Collaborate with micro-influencers and eco-conscious bloggers for sponsored content. Allocate $1,000 for influencer partnerships and $500 for ad spend.",,0.0,,0.06736695766448975,0.08132312446832657,0.07308785617351532,0.08236028254032135,0.4747655987739563,0.22109612822532654,1,persuasive,0.4748,humorous,0.2908,persuasive,0.1839,professional,1,1,professional,0.6,0.5,phi3_tiebreak,True
316,Develop a content strategy for a new AI-powered fitness app targeting busy professionals.,"Company: FitGenie; Target Audience: 25-45-year-olds; Constraints: Limited content creation resources; Goals: Increase app downloads, retain users; Workflow Stage: Content Creation.","Increase app downloads, retain users; Workflow Stage: Content Creation.",Company: FitGenie; Target Audience: 25-45-year-olds; Constraints: Limited content creation resources;,Company: FitGenie; Target Audience: 25-45-year-olds; Constraints: Limited content creation resources;,"""Fitness in 5"" content series: Create bite-sized workout videos, blog posts, and social media tips highlighting 5-minute exercises, healthy recipes, and mindfulness techniques. Utilize AI-generated content (e.g., customized workout plans, progress tracking) to personalize user experience.",,0.0,,0.09720608592033386,0.1561485081911087,0.1638464480638504,0.10215231031179428,0.28727996349334717,0.19336679577827454,1,persuasive,0.2873,humorous,0.2099,friendly,0.1848,professional,1,1,professional,0.6,0.5,phi3_tiebreak,True
317,Design a targeted ad campaign for a luxury electric vehicle brand.,"Company: Volta Motors; Target Audience: High-income individuals, 35-60 years old; Constraints: High ad spend, competitive market; Goals: Drive test drive bookings, increase brand awareness; Workflow Stage: Ad Creation.","Drive test drive bookings, increase brand awareness; Workflow Stage: Ad Creation.","Company: Volta Motors; Target Audience: High-income individuals, 35-60 years old; Constraints: High ad spend, competitive market;","Company: Volta Motors; Target Audience: High-income individuals, 35-60 years old; Constraints: High ad spend, competitive market;","""Electrify Your Journey"" campaign: Create high-end visuals showcasing Volta Motors' sleek designs, advanced technology, and eco-friendly features. Utilize Google Ads, Facebook Ads, and sponsored content on high-end lifestyle websites to target affluent audiences.",emotional,0.6333,journey,0.046997565776109695,0.09583085775375366,0.48908287286758423,0.04339027777314186,0.22554060816764832,0.09915781766176224,1,luxury,0.4891,luxury,0.5279,humorous,0.1135,luxury,1,1,luxury,0.5979,0.6667,three_method_majority,True
318,Create a social media contest to increase engagement for a popular food delivery service.,"Company: FoodFrenzy; Target Audience: 18-40-year-olds; Constraints: Limited budget, high competition; Goals: Increase followers, drive app downloads; Workflow Stage: Social Media Scheduling.","Increase followers, drive app downloads; Workflow Stage: Social Media Scheduling.","Company: FoodFrenzy; Target Audience: 18-40-year-olds; Constraints: Limited budget, high competition;","Company: FoodFrenzy; Target Audience: 18-40-year-olds; Constraints: Limited budget, high competition;","""Foodie Frenzy Challenge"" contest: Encourage users to share photos of their favorite FoodFrenzy meals on Instagram, using a branded hashtag. Partner with popular food influencers to promote the contest. Offer a grand prize of a year's worth of free meals and feature user-generated content on social media channels.",persuasive,0.6333,offer,0.050741046667099,0.08975906670093536,0.07780108600854874,0.05287471041083336,0.5347052812576294,0.19411887228488922,1,persuasive,0.5347,humorous,0.2823,persuasive,0.229,persuasive,1,1,persuasive,0.7033,0.6667,three_method_majority,False
319,Create a social media campaign that appeals to environmentally conscious millennials and Gen Z consumers.,"Company: Verde Clothing, a new sustainable fashion brand. Target audience: 18-30-year-olds who prioritize eco-friendly products. Constraints: Limited budget, high competition in the sustainable fashion market. Goals: Increase brand awareness, drive website traffic, and generate sales. Workflow stage: Strategy.","Increase brand awareness, drive website traffic, and generate sales. Workflow stage: Strategy.","Company: Verde Clothing, a new sustainable fashion brand. Target audience: 18-30-year-olds who prioritize eco-friendly products. Constraints: Limited budget, high competition in the sustainable fashion market.","Company: Verde Clothing, a new sustainable fashion brand. Target audience: 18-30-year-olds who prioritize eco-friendly products. Constraints: Limited budget, high competition in the sustainable fashion market.","Develop a ""Green Revolution"" campaign, leveraging Instagram Reels and TikTok to showcase eco-friendly fashion hacks, behind-the-scenes content, and user-generated content. Collaborate with eco-influencers and run targeted ads highlighting the brand's commitment to sustainability.",,0.0,,0.05765141174197197,0.09237462282180786,0.07807524502277374,0.0748932808637619,0.5869086384773254,0.11009680479764938,1,persuasive,0.5869,persuasive,0.2583,emotional,0.1786,persuasive,1,1,persuasive,0.3283,1.0,three_method_majority,True
320,Design a personalized email campaign that boosts user engagement and retention for a fitness app.,"Company: FitPro, a popular fitness app. Target audience: Active users who have completed at least one workout. Constraints: Limited email list, high unsubscribe rates. Goals: Increase user engagement, reduce churn rate. Workflow stage: Copywriting.","Increase user engagement, reduce churn rate. Workflow stage: Copywriting.","Company: FitPro, a popular fitness app. Target audience: Active users who have completed at least one workout. Constraints: Limited email list, high unsubscribe rates.","Company: FitPro, a popular fitness app. Target audience: Active users who have completed at least one workout. Constraints: Limited email list, high unsubscribe rates.","Create a ""Fitness Journey"" email series, using AI-generated content that addresses users by name, references their workout history, and provides personalized fitness tips and recommendations. Include interactive elements, such as quizzes and challenges, to keep users engaged.",emotional,0.6333,journey,0.11976422369480133,0.12841708958148956,0.16572904586791992,0.11141885817050934,0.3307715952396393,0.14389920234680176,1,persuasive,0.3308,friendly,0.2298,emotional,0.1946,friendly,1,1,friendly,0.2998,0.6667,three_method_majority,True
321,Develop a crisis management strategy for a food brand facing a social media backlash due to a product recall.,"Company: Sunny Snacks, a popular snack food brand. Target audience: Concerned customers and the general public. Constraints: Time-sensitive, high stakes. Goals: Mitigate damage to brand reputation, maintain customer trust. Workflow stage: Post scheduling.","Mitigate damage to brand reputation, maintain customer trust. Workflow stage: Post scheduling.","Company: Sunny Snacks, a popular snack food brand. Target audience: Concerned customers and the general public. Constraints: Time-sensitive, high stakes.","Company: Sunny Snacks, a popular snack food brand. Target audience: Concerned customers and the general public. Constraints: Time-sensitive, high stakes.","Implement a ""Transparency and Action"" strategy, promptly addressing customer concerns on social media, providing updates on the recall and the steps taken to prevent similar incidents. Share behind-the-scenes content showcasing quality control measures and employee testimonials to humanize the brand.",professional,0.5875,strategy,0.06447096168994904,0.04073873162269592,0.035320766270160675,0.2148660123348236,0.5774776339530945,0.0671258494257927,1,persuasive,0.5775,emotional,0.447,persuasive,0.2218,professional,1,1,professional,0.6575,0.6667,three_method_majority,False
322,Create a social media campaign to increase brand awareness for a new sustainable fashion brand.,"Company: GreenCycle, a startup sustainable fashion brand. Target audience: Young adults aged 18-30 who prioritize environmental sustainability. Constraints: Limited budget, no existing social media presence. Goals: Increase brand awareness, drive website traffic, and generate leads. Workflow stage: Strategy.","Increase brand awareness, drive website traffic, and generate leads. Workflow stage: Strategy.","Company: GreenCycle, a startup sustainable fashion brand. Target audience: Young adults aged 18-30 who prioritize environmental sustainability. Constraints: Limited budget, no existing social media presence.","Company: GreenCycle, a startup sustainable fashion brand. Target audience: Young adults aged 18-30 who prioritize environmental sustainability. Constraints: Limited budget, no existing social media presence.","Launch a social media contest, ""Eco-Chic Challenge,"" where followers share their own sustainable fashion tips and tricks using a branded hashtag. Collaborate with eco-influencers to promote the contest and encourage user-generated content. Utilize Instagram Reels and TikTok to create engaging, short-form content showcasing GreenCycle's sustainable fashion practices.",,0.0,,0.06633073836565018,0.05207217484712601,0.0863691046833992,0.06504260748624802,0.5717087984085083,0.1584765911102295,1,persuasive,0.5717,persuasive,0.2475,humorous,0.233,friendly,1,1,friendly,0.6,0.5,phi3_tiebreak,True
323,Develop a targeted email marketing campaign to re-engage inactive customers.,"Company: SmartHome, a smart home automation company. Target audience: Inactive customers who haven't made a purchase in the past year. Constraints: Limited customer data, strict email regulations. Goals: Reactivate inactive customers, increase sales. Workflow stage: Copywriting.","Reactivate inactive customers, increase sales. Workflow stage: Copywriting.","Company: SmartHome, a smart home automation company. Target audience: Inactive customers who haven't made a purchase in the past year. Constraints: Limited customer data, strict email regulations.","Company: SmartHome, a smart home automation company. Target audience: Inactive customers who haven't made a purchase in the past year. Constraints: Limited customer data, strict email regulations.","Design a personalized email campaign, ""Welcome Back to SmartHome,"" offering exclusive discounts and tailored product recommendations based on customers' past purchases. Use AI-powered email segmentation to create targeted groups and craft compelling subject lines that grab attention.",friendly,0.2292,welcome,0.05303692817687988,0.08380261063575745,0.12347139418125153,0.03186913952231407,0.5959700345993042,0.11184993386268616,1,persuasive,0.596,persuasive,0.2781,luxury,0.1845,persuasive,1,1,persuasive,0.3481,0.6667,three_method_majority,True
324,Create a compelling product launch video for a new AI-powered fitness app.,"Company: FitGenie, a fitness technology startup. Target audience: Fitness enthusiasts and athletes. Constraints: Limited budget, short production timeline. Goals: Generate buzz, drive app downloads. Workflow stage: Image generation.","Generate buzz, drive app downloads. Workflow stage: Image generation.","Company: FitGenie, a fitness technology startup. Target audience: Fitness enthusiasts and athletes. Constraints: Limited budget, short production timeline.","Company: FitGenie, a fitness technology startup. Target audience: Fitness enthusiasts and athletes. Constraints: Limited budget, short production timeline.","Produce a high-energy launch video showcasing FitGenie's AI-powered features and user success stories. Utilize 3D animations and motion graphics to visualize the app's benefits and create a futuristic feel. Share the video on social media, YouTube, and the app's website.",emotional,0.5875,feel,0.012615776620805264,0.03478486090898514,0.07743582129478455,0.030928265303373337,0.7193419337272644,0.12489331513643265,1,persuasive,0.7193,persuasive,0.4106,humorous,0.2421,persuasive,1,1,persuasive,0.4806,0.6667,three_method_majority,True
325,Develop a comprehensive influencer marketing strategy for a new beauty product line.,"Company: BeautyBliss, a cosmetics company. Target audience: Beauty enthusiasts and makeup artists. Constraints: Limited budget, competitive influencer market. Goals: Increase brand awareness, drive sales. Workflow stage: Strategy.","Increase brand awareness, drive sales. Workflow stage: Strategy.","Company: BeautyBliss, a cosmetics company. Target audience: Beauty enthusiasts and makeup artists. Constraints: Limited budget, competitive influencer market.","Company: BeautyBliss, a cosmetics company. Target audience: Beauty enthusiasts and makeup artists. Constraints: Limited budget, competitive influencer market.","Identify micro-influencers and nano-influencers in the beauty space who align with BeautyBliss's values and target audience. Collaborate with these influencers to create sponsored content, product reviews, and tutorials featuring",,0.0,,0.10583136230707169,0.14850562810897827,0.15304893255233765,0.12424954026937485,0.25132861733436584,0.2170359194278717,1,persuasive,0.2513,humorous,0.2244,emotional,0.205,persuasive,1,1,persuasive,0.6,0.5,phi3_tiebreak,True
326,Create a social media campaign to increase brand awareness and drive sales for a new sustainable fashion brand targeting Gen Z consumers.,"Company: Verde Clothing; Target Audience: Gen Z (18-24 years old); Constraints: Limited budget ($5,000); Goals: Increase brand awareness by 30% and drive sales by 20% within 6 weeks; Workflow Stage: Strategy and Content Creation.",Increase brand awareness by 30% and drive sales by 20% within 6 weeks; Workflow Stage: Strategy and Content Creation.,"Company: Verde Clothing; Target Audience: Gen Z (18-24 years old); Constraints: Limited budget ($5,000);","Company: Verde Clothing; Target Audience: Gen Z (18-24 years old); Constraints: Limited budget ($5,000);","Develop a social media campaign, ""Verde Vibes,"" focusing on Instagram and TikTok. Collaborate with 5 eco-conscious influencers to showcase Verde's sustainable clothing. Utilize Instagram Reels and TikTok for behind-the-scenes content, highlighting the brand's commitment to sustainability. Allocate $2,000 for influencer partnerships, $1,500 for sponsored ads, and $1,500 for content creation. Monitor engagement and adjust the campaign using AI-powered analytics tools.",,0.0,,0.11694903671741486,0.23559585213661194,0.10836824029684067,0.06826511025428772,0.33599230647087097,0.13482952117919922,1,persuasive,0.336,professional,0.2654,friendly,0.2316,professional,1,1,professional,0.3354,1.0,three_method_majority,True
327,Design an email marketing campaign to nurture leads and increase conversions for a B2B software company.,Company: TechCorp; Target Audience: IT Decision-Makers; Constraints: 3-week timeline; Goals: Nurture 500 leads and convert 10% into paying customers; Workflow Stage: Email Copywriting and Automation.,Nurture 500 leads and convert 10% into paying customers; Workflow Stage: Email Copywriting and Automation.,Company: TechCorp; Target Audience: IT Decision-Makers; Constraints: 3-week timeline;,Company: TechCorp; Target Audience: IT Decision-Makers; Constraints: 3-week timeline;,"Create a 3-email sequence: ""Expert Insights,"" ""Success Stories,"" and ""Exclusive Offer."" Use AI-driven personalization to tailor content based on lead behavior and interests. Include a webinar invitation in the second email, showcasing TechCorp's thought leadership. Use marketing automation tools to track engagement and trigger follow-up emails. Allocate 1 week for email copywriting, 1 week for automation setup, and 1 week for campaign launch and monitoring.",professional,0.7496,insights|webinar|expert,0.041837919503450394,0.23930701613426208,0.1301683485507965,0.10156466066837311,0.41364046931266785,0.07348161935806274,1,persuasive,0.4136,professional,0.3011,emotional,0.2046,professional,1,1,professional,0.6029,1.0,rule_zero_shot_agreement,True
328,Develop a content marketing strategy to establish a new wellness center as a thought leader in the industry.,Company: Serenity Wellness; Target Audience: Health-Conscious Individuals (25-45 years old); Constraints: Limited resources (2-person team); Goals: Publish 2 high-quality blog posts per week and increase website traffic by 50% within 3 months; Workflow Stage: Content Creation and Planning.,Publish 2 high-quality blog posts per week and increase website traffic by 50% within 3 months; Workflow Stage: Content Creation and Planning.,Company: Serenity Wellness; Target Audience: Health-Conscious Individuals (25-45 years old); Constraints: Limited resources (2-person team);,Company: Serenity Wellness; Target Audience: Health-Conscious Individuals (25-45 years old); Constraints: Limited resources (2-person team);,"Implement a content calendar focusing on holistic wellness, mindfulness, and self-care. Utilize AI-assisted content generation tools to research and outline topics. Collaborate with guest bloggers and wellness experts to expand the center's network. Allocate 1 day per week for content creation, 1 day for review and editing, and 1 day for publishing and promotion. Monitor analytics to refine the",professional,0.2958,research,0.08122388273477554,0.2430191934108734,0.1549731194972992,0.08717616647481918,0.28234514594078064,0.151262566447258,1,persuasive,0.2823,professional,0.2678,humorous,0.1673,professional,1,1,professional,0.3804,1.0,rule_zero_shot_agreement,True
329,Create a social media campaign to launch a new eco-friendly fashion brand.,"Company: GreenThreads, a sustainable fashion startup. Target audience: Environmentally conscious millennials and Gen Z. Constraints: Limited budget, high competition in the eco-friendly fashion market. Goals: Increase brand awareness, drive website traffic, and generate sales. Workflow stage: Strategy.","Increase brand awareness, drive website traffic, and generate sales. Workflow stage: Strategy.","Company: GreenThreads, a sustainable fashion startup. Target audience: Environmentally conscious millennials and Gen Z. Constraints: Limited budget, high competition in the eco-friendly fashion market.","Company: GreenThreads, a sustainable fashion startup. Target audience: Environmentally conscious millennials and Gen Z. Constraints: Limited budget, high competition in the eco-friendly fashion market.","Develop a multi-channel campaign featuring Instagram Reels and TikTok videos showcasing the brand's sustainable production process, customer testimonials, and behind-the-scenes content. Utilize relevant hashtags, collaborate with eco-influencers, and offer a limited-time discount to encourage website visits and sales.",persuasive,0.8625,discount|offer,0.051892295479774475,0.0889807641506195,0.1005348190665245,0.08846546709537506,0.5380679965019226,0.13205865025520325,1,persuasive,0.5381,persuasive,0.2244,emotional,0.1999,professional,1,1,persuasive,0.6115,0.6667,rule_zero_shot_agreement,True
330,Design an email marketing campaign to re-engage inactive subscribers.,"Company: BookWorm, an online bookstore. Target audience: Inactive email subscribers. Constraints: Limited email content, high unsubscribe rates. Goals: Reactivate subscribers, increase email engagement, and drive sales. Workflow stage: Copywriting.","Reactivate subscribers, increase email engagement, and drive sales. Workflow stage: Copywriting.","Company: BookWorm, an online bookstore. Target audience: Inactive email subscribers. Constraints: Limited email content, high unsubscribe rates.","Company: BookWorm, an online bookstore. Target audience: Inactive email subscribers. Constraints: Limited email content, high unsubscribe rates.","Create a ""We Miss You"" email campaign with personalized subject lines, a curated selection of bestsellers, and a special discount offer. Use AI-powered segmentation to tailor content based on subscribers' past purchases and interests.",persuasive,0.8625,discount|offer,0.06691960245370865,0.09632935374975204,0.20213542878627777,0.07837750762701035,0.3209010660648346,0.2353370636701584,1,persuasive,0.3209,humorous,0.274,luxury,0.222,persuasive,1,1,persuasive,0.9325,0.6667,three_method_majority,False
331,Develop a content calendar for a B2B software company's LinkedIn page.,"Company: TechSolutions, a B2B software provider. Target audience: Business owners and decision-makers. Constraints: Limited content resources, need to establish thought leadership. Goals: Increase LinkedIn engagement, drive website traffic, and generate leads. Workflow stage: Post scheduling.","Increase LinkedIn engagement, drive website traffic, and generate leads. Workflow stage: Post scheduling.","Company: TechSolutions, a B2B software provider. Target audience: Business owners and decision-makers. Constraints: Limited content resources, need to establish thought leadership.","Company: TechSolutions, a B2B software provider. Target audience: Business owners and decision-makers. Constraints: Limited content resources, need to establish thought leadership.","Create a content calendar featuring weekly posts on industry insights, customer success stories, and thought leadership articles. Utilize LinkedIn's publishing platform to share long-form content, and engage with followers through comments and LinkedIn Groups.",professional,0.7708,industry|insights,0.07014816254377365,0.2400408238172531,0.16146981716156006,0.1219722330570221,0.21434667706489563,0.19202230870723724,1,professional,0.24,professional,0.2481,emotional,0.2018,professional,1,1,professional,0.5833,1.0,rule_zero_shot_agreement,True
332,Create a video advertising campaign for a new electric vehicle model.,"Company: EcoRide, an electric vehicle manufacturer. Target audience: Environmentally conscious car buyers. Constraints: High competition in the EV market, limited brand awareness. Goals: Increase brand awareness, drive website traffic, and generate test drive requests. Workflow stage: Image generation.","Increase brand awareness, drive website traffic, and generate test drive requests. Workflow stage: Image generation.","Company: EcoRide, an electric vehicle manufacturer. Target audience: Environmentally conscious car buyers. Constraints: High competition in the EV market, limited brand awareness.","Company: EcoRide, an electric vehicle manufacturer. Target audience: Environmentally conscious car buyers. Constraints: High competition in the EV market, limited brand awareness.","Develop a series of YouTube video ads showcasing the vehicle's eco-friendly features, sleek design, and customer testimonials. Utilize AI-powered video editing tools to create engaging, dynamic ads that appeal to the target audience.",,0.0,,0.08196913450956345,0.10189265757799149,0.26568859815597534,0.0970308855175972,0.2600746154785156,0.1933441013097763,1,luxury,0.2657,luxury,0.2723,humorous,0.21,professional,1,1,professional,0.6,0.5,phi3_tiebreak,True
333,Create a social media campaign that increases brand awareness and drives sales for a new eco-friendly fashion brand.,"Company: GreenThreads, a sustainable fashion brand launching a new collection made from recycled materials. Target audience: environmentally conscious millennials and Gen Z. Constraints: limited budget, high competition in the sustainable fashion market. Goals: increase brand awareness by 20%, drive sales by 15% within 6 months. Workflow stage: Strategy.","increase brand awareness by 20%, drive sales by 15% within 6 months. Workflow stage: Strategy.","Company: GreenThreads, a sustainable fashion brand launching a new collection made from recycled materials. Target audience: environmentally conscious millennials and Gen Z. Constraints: limited budget, high competition in the sustainable fashion market.","Company: GreenThreads, a sustainable fashion brand launching a new collection made from recycled materials. Target audience: environmentally conscious millennials and Gen Z. Constraints: limited budget, high competition in the sustainable fashion market.","Develop a social media campaign, ""Wear Your Values,"" highlighting the brand's commitment to sustainability. Collaborate with eco-influencers and user-generated content to showcase the new collection. Utilize Instagram Reels and TikTok to share engaging, informative content (e.g., ""Did you know?"" facts about sustainable fashion). Allocate $1,500 for targeted ads on Facebook and Instagram, focusing on interests like eco-friendly living and sustainable fashion.",friendly,0.4775,,0.07158471643924713,0.16328272223472595,0.08753345161676407,0.08088567107915878,0.4708174169063568,0.12589599192142487,1,persuasive,0.4708,professional,0.2129,persuasive,0.1814,professional,1,1,professional,0.2829,0.6667,three_method_majority,True
334,Design an email marketing campaign to re-engage inactive subscribers for a popular food delivery service.,"Company: TastyBite, a food delivery service with a large subscriber base. Target audience: inactive subscribers who haven't ordered in 6 months. Constraints: limited time, need to re-engage subscribers before they unsubscribe. Goals: re-engage 20% of inactive subscribers, increase orders by 10% within 3 months. Workflow stage: Email Copywriting.","re-engage 20% of inactive subscribers, increase orders by 10% within 3 months. Workflow stage: Email Copywriting.","Company: TastyBite, a food delivery service with a large subscriber base. Target audience: inactive subscribers who haven't ordered in 6 months. Constraints: limited time, need to re-engage subscribers before they unsubscribe.","Company: TastyBite, a food delivery service with a large subscriber base. Target audience: inactive subscribers who haven't ordered in 6 months. Constraints: limited time, need to re-engage subscribers before they unsubscribe.","Create a ""We Miss You"" email campaign with a personalized subject line and a special offer (20% off the next order). Use a friendly tone and highlight new menu items, promotions, and events. Include a ""Tell us what you're craving"" survey to gather feedback and re-ignite interest. Send a series of 3 emails, spaced 2 weeks apart, to non-responders.",persuasive,0.67,offer,0.5456059575080872,0.022615836933255196,0.03263324126601219,0.04934229701757431,0.2391221821308136,0.11068052053451538,1,friendly,0.5456,friendly,0.7533,humorous,0.0872,friendly,1,1,friendly,0.8233,0.6667,three_method_majority,False
335,Develop a content marketing strategy for a B2B software company to establish thought leadership in the industry.,"Company: Proxima, a B2B software company offering innovative solutions for businesses. Target audience: business owners, IT professionals, and industry experts. Constraints: limited resources, need to establish credibility in a competitive market. Goals: increase website traffic by 25%, generate 10 high-quality leads per month. Workflow stage: Content Creation.","increase website traffic by 25%, generate 10 high-quality leads per month. Workflow stage: Content Creation.","Company: Proxima, a B2B software company offering innovative solutions for businesses. Target audience: business owners, IT professionals, and industry experts. Constraints: limited resources, need to establish credibility in a competitive market.","Company: Proxima, a B2B software company offering innovative solutions for businesses. Target audience: business owners, IT professionals, and industry experts. Constraints: limited resources, need to establish credibility in a competitive market.","Launch a ""Proxima Insights"" blog, focusing on industry trends, best practices, and thought leadership pieces. Create informative, engaging content (e.g., whitepapers, web",professional,0.7708,industry|insights,0.11952243000268936,0.28435376286506653,0.13948258757591248,0.0438581146299839,0.28966790437698364,0.12311519682407379,1,persuasive,0.2897,professional,0.3139,friendly,0.232,professional,1,1,professional,0.6195,1.0,rule_zero_shot_agreement,True
336,Create a social media campaign to promote a new eco-friendly product line for a fashion brand.,"Company: Green Threads, a sustainable fashion brand Target Audience: Environmentally conscious millennials Constraints: Limited budget, high competition Goals: Increase brand awareness, drive website traffic Workflow Stage: Strategy","Increase brand awareness, drive website traffic Workflow Stage: Strategy","Company: Green Threads, a sustainable fashion brand Target Audience: Environmentally conscious millennials Constraints: Limited budget, high competition","Company: Green Threads, a sustainable fashion brand Target Audience: Environmentally conscious millennials Constraints: Limited budget, high competition","""Earth Squad"" campaign: Partner with eco-influencers for sponsored content, utilizing Instagram Reels and TikTok to showcase the new product line. Leverage user-generated content and hashtag challenges to create a community-driven movement.",friendly,0.5875,community,0.07117835432291031,0.08187638968229294,0.07428241521120071,0.0713491216301918,0.44416728615760803,0.25714635848999023,1,persuasive,0.4442,humorous,0.3305,persuasive,0.1681,professional,1,1,professional,0.6,0.3333,phi3_tiebreak,True
337,Develop a content marketing strategy for a B2B software company targeting small business owners.,"Company: TechEase, a B2B software provider Target Audience: Small business owners, entrepreneurs Constraints: Technical subject matter, limited brand recognition Goals: Establish thought leadership, generate leads Workflow Stage: Content Creation","Establish thought leadership, generate leads Workflow Stage: Content Creation","Company: TechEase, a B2B software provider Target Audience: Small business owners, entrepreneurs Constraints: Technical subject matter, limited brand recognition","Company: TechEase, a B2B software provider Target Audience: Small business owners, entrepreneurs Constraints: Technical subject matter, limited brand recognition","""Small Business Success"" blog series: Create informative, accessible content highlighting industry trends, best practices, and success stories. Utilize SEO optimization, email newsletters, and LinkedIn publishing to reach the target audience.",professional,0.725,industry|business,0.4993598461151123,0.19012679159641266,0.06564369797706604,0.057367533445358276,0.08510065823793411,0.10240139067173004,1,friendly,0.4994,friendly,0.6504,professional,0.1408,professional,1,1,professional,0.795,0.6667,three_method_majority,False
338,Design an email marketing campaign to promote a new subscription-based streaming service.,"Company: FlickFusion, a streaming service provider Target Audience: Young adults, entertainment enthusiasts Constraints: High competition, limited brand recognition Goals: Drive subscriptions, increase engagement Workflow Stage: Copywriting","Drive subscriptions, increase engagement Workflow Stage: Copywriting","Company: FlickFusion, a streaming service provider Target Audience: Young adults, entertainment enthusiasts Constraints: High competition, limited brand recognition","Company: FlickFusion, a streaming service provider Target Audience: Young adults, entertainment enthusiasts Constraints: High competition, limited brand recognition","""Unlock Endless Entertainment"" campaign: Craft attention-grabbing subject lines, promotional offers, and personalized content recommendations to entice new subscribers. Utilize A/B testing and behavioral triggers to optimize email sequences.",,0.0,,0.014439348131418228,0.016817770898342133,0.09261676669120789,0.02284936234354973,0.624023973941803,0.22925272583961487,1,persuasive,0.624,humorous,0.396,persuasive,0.3174,persuasive,1,1,persuasive,0.6,0.5,phi3_tiebreak,True
339,Create a social media contest to increase engagement for a food delivery service.,"Company: TasteQuest, a food delivery platform Target Audience: Foodies, urban dwellers Constraints: Limited brand loyalty, high competition Goals: Increase engagement, drive orders Workflow Stage: Post Scheduling","Increase engagement, drive orders Workflow Stage: Post Scheduling","Company: TasteQuest, a food delivery platform Target Audience: Foodies, urban dwellers Constraints: Limited brand loyalty, high competition","Company: TasteQuest, a food delivery platform Target Audience: Foodies, urban dwellers Constraints: Limited brand loyalty, high competition","""Foodie Frenzy"" contest: Launch a social media contest where followers can share their favorite food moments, using a branded hashtag. Offer prizes, feature user-generated content, and utilize Instagram Stories and Facebook Live to create a buzz around the contest.",persuasive,0.6333,offer,0.040738295763731,0.052743181586265564,0.08106894046068192,0.06783012300729752,0.48091623187065125,0.27670323848724365,1,persuasive,0.4809,humorous,0.3806,persuasive,0.1948,persuasive,1,1,persuasive,0.7033,0.6667,three_method_majority,False
340,Create a social media campaign to promote a new eco-friendly product line for a fashion brand.,"Company: GreenThreads - a sustainable fashion brand targeting environmentally conscious millennials and Gen Z consumers. Target Audience: 18-35 years old, interests in sustainability and fashion. Constraints: Limited budget for influencer partnerships. Goals: Increase brand awareness by 20%, drive sales by 15% within 6 months. Workflow Stage: Strategy.","Increase brand awareness by 20%, drive sales by 15% within 6 months. Workflow Stage: Strategy.","Company: GreenThreads - a sustainable fashion brand targeting environmentally conscious millennials and Gen Z consumers. Target Audience: 18-35 years old, interests in sustainability and fashion. Constraints: Limited budget for influencer partnerships.","Company: GreenThreads - a sustainable fashion brand targeting environmentally conscious millennials and Gen Z consumers. Target Audience: 18-35 years old, interests in sustainability and fashion. Constraints: Limited budget for influencer partnerships.","Develop a hashtag campaign #EcoChicChallenge, encouraging users to share their sustainable fashion choices, tagging GreenThreads. Collaborate with micro-influencers and brand ambassadors to kickstart the campaign. Offer a discount code to participants, incentivizing purchases. Create engaging content highlighting the eco-friendly production process, and utilize Instagram Reels and TikTok for product showcases.",persuasive,0.8625,discount|offer,0.04844736307859421,0.06879183650016785,0.06516220420598984,0.08714707940816879,0.586322546005249,0.1441289484500885,1,persuasive,0.5863,persuasive,0.2574,humorous,0.2149,professional,1,1,persuasive,0.6297,0.6667,rule_zero_shot_agreement,False
341,Design a personalized email marketing campaign for a luxury travel company.,"Company: Elite Voyages - offering high-end, customized travel experiences. Target Audience: High-income individuals, interests in luxury travel and exclusive experiences. Constraints: High customer expectations for personalized content. Goals: Increase repeat bookings by 25%, enhance customer loyalty. Workflow Stage: Copywriting.","Increase repeat bookings by 25%, enhance customer loyalty. Workflow Stage: Copywriting.","Company: Elite Voyages - offering high-end, customized travel experiences. Target Audience: High-income individuals, interests in luxury travel and exclusive experiences. Constraints: High customer expectations for personalized content.","Company: Elite Voyages - offering high-end, customized travel experiences. Target Audience: High-income individuals, interests in luxury travel and exclusive experiences. Constraints: High customer expectations for personalized content.","Implement an AI-driven email personalization strategy, segmenting the audience based on travel preferences, history, and interactions. Craft bespoke email content featuring curated travel recommendations, special offers, and exclusive access to new destinations. Use dynamic content blocks to personalize greetings, content, and CTAs. Include high-quality visuals showcasing unique experiences.",luxury,0.8875,exclusive|bespoke,0.11142534762620926,0.1085488498210907,0.3259110450744629,0.07492642849683762,0.2410227656364441,0.1381656378507614,1,luxury,0.3259,luxury,0.3272,friendly,0.2078,professional,1,1,luxury,0.6793,0.6667,rule_zero_shot_agreement,False
342,Develop a content marketing strategy for a new AI-powered fitness app.,"Company: FitGenius - an AI-driven fitness app offering personalized workout plans. Target Audience: Fitness enthusiasts, interests in technology and health. Constraints: Highly competitive market. Goals: Achieve 100,000 downloads within the first year, establish thought leadership. Workflow Stage: Image Generation.","Achieve 100,000 downloads within the first year, establish thought leadership. Workflow Stage: Image Generation.","Company: FitGenius - an AI-driven fitness app offering personalized workout plans. Target Audience: Fitness enthusiasts, interests in technology and health. Constraints: Highly competitive market.","Company: FitGenius - an AI-driven fitness app offering personalized workout plans. Target Audience: Fitness enthusiasts, interests in technology and health. Constraints: Highly competitive market.","Create a blog focusing on AI in fitness, health tips, and success stories. Utilize SEO to improve visibility. Design eye-catching, informative graphics illustrating workout plans, health benefits, and user progress. Develop a video series featuring fitness experts discussing AI's impact on fitness. Leverage user-generated content to build a community around the app.",friendly,0.5875,community,0.0502936989068985,0.1712178736925125,0.14503441751003265,0.09197517484426498,0.4282885789871216,0.11319023370742798,1,persuasive,0.4283,professional,0.2183,emotional,0.1877,professional,1,1,professional,0.2883,0.6667,three_method_majority,True
343,Create a social media campaign to increase brand awareness among millennials for a new eco-friendly fashion brand.,"Company: GreenThreads Target Audience: Millennials (18-35) interested in sustainability Constraints: Limited budget ($5,000) Goals: Increase followers by 20% and drive website traffic by 30% Workflow Stage: Strategy",Increase followers by 20% and drive website traffic by 30% Workflow Stage: Strategy,"Company: GreenThreads Target Audience: Millennials (18-35) interested in sustainability Constraints: Limited budget ($5,000)","Company: GreenThreads Target Audience: Millennials (18-35) interested in sustainability Constraints: Limited budget ($5,000)","""Green Revolution"" campaign: Collaborate with 5 eco-influencers to showcase our sustainable clothing line. Utilize Instagram Reels and TikTok to share engaging, educational content highlighting the brand's commitment to reducing waste and carbon footprint. Allocate $1,500 for influencer partnerships and $1,000 for sponsored ads. Create a branded hashtag and encourage user-generated content.",,0.0,,0.05637117847800255,0.10117509216070175,0.03050266019999981,0.10958300530910492,0.5691801905632019,0.1331879049539566,1,persuasive,0.5692,emotional,0.2483,persuasive,0.2381,professional,1,1,professional,0.6,0.5,phi3_tiebreak,True
344,Develop a targeted email marketing campaign to promote a new AI-powered fitness app among fitness enthusiasts.,"Company: FitGenie Target Audience: Fitness enthusiasts (25-45) who regularly exercise Constraints: Existing email list of 10,000 subscribers Goals: Drive 500 new app downloads and increase conversion rate by 15% Workflow Stage: Copywriting",Drive 500 new app downloads and increase conversion rate by 15% Workflow Stage: Copywriting,"Company: FitGenie Target Audience: Fitness enthusiasts (25-45) who regularly exercise Constraints: Existing email list of 10,000 subscribers","Company: FitGenie Target Audience: Fitness enthusiasts (25-45) who regularly exercise Constraints: Existing email list of 10,000 subscribers","""Unlock Your Fitness Potential"" campaign: Design a series of 3 emails showcasing the app's AI-driven personalized workout plans, success stories, and exclusive promotions. Use dynamic content to address subscribers by name and tailor the messaging based on their fitness interests. Include a clear CTA and a limited-time discount for new downloads.",luxury,0.2292,exclusive,0.032448288053274155,0.054303254932165146,0.05444292724132538,0.16326811909675598,0.6482024192810059,0.04733499139547348,1,persuasive,0.6482,emotional,0.394,persuasive,0.2888,persuasive,1,1,persuasive,0.6,0.3333,phi3_tiebreak,True
345,Design an engaging in-store experience for a luxury car brand to attract high-end customers.,"Company: Prestige Motors Target Audience: High-income individuals (35-60) interested in luxury vehicles Constraints: 2,000 sq. ft. showroom space Goals: Increase foot traffic by 25% and drive 10 new sales within 6 weeks Workflow Stage: Image Generation",Increase foot traffic by 25% and drive 10 new sales within 6 weeks Workflow Stage: Image Generation,"Company: Prestige Motors Target Audience: High-income individuals (35-60) interested in luxury vehicles Constraints: 2,000 sq. ft. showroom space","Company: Prestige Motors Target Audience: High-income individuals (35-60) interested in luxury vehicles Constraints: 2,000 sq. ft. showroom space","""Prestige Lounge"" concept: Create an immersive brand experience featuring sleek, modern decor and interactive displays showcasing the latest models. Offer personalized consultations, virtual reality test drives, and exclusive events (e.g., wine tastings). Incorporate AI-powered chatbots to facilitate inquiries and provide tailored recommendations.",luxury,0.7905,exclusive|prestige,0.03359115868806839,0.07746347784996033,0.632187008857727,0.019355367869138718,0.1555636078119278,0.08183935284614563,1,luxury,0.6322,luxury,0.6693,humorous,0.0919,professional,1,1,luxury,0.8238,0.6667,rule_zero_shot_agreement,False
346,Create a social media campaign to increase brand awareness for a sustainable fashion brand.,"Company: Verde Clothing, Target Audience: Young adults aged 18-30, Constraints: Limited budget, Goals: Increase followers by 20% in 6 weeks, Workflow Stage: Strategy","Increase followers by 20% in 6 weeks, Workflow Stage: Strategy","Company: Verde Clothing, Target Audience: Young adults aged 18-30, Constraints: Limited budget,","Company: Verde Clothing, Target Audience: Young adults aged 18-30, Constraints: Limited budget,","Launch a social media contest, ""Eco-Chic Challenge,"" where followers share their sustainable fashion tips and tricks using a branded hashtag. Partner with eco-influencers to amplify the message. Allocate $1,000 for paid social media ads targeting young adults interested in sustainability.",,0.0,,0.041404128074645996,0.10950067639350891,0.10368900746107101,0.04285888001322746,0.5958650708198547,0.10668229311704636,1,persuasive,0.5959,persuasive,0.2785,professional,0.1732,professional,1,1,professional,0.6,0.5,phi3_tiebreak,True
347,Develop a content marketing strategy for a new AI-powered fitness app.,"Company: FitGenie, Target Audience: Fitness enthusiasts aged 25-45, Constraints: High competition, Goals: Generate 1,000 leads in 3 months, Workflow Stage: Content Creation","Generate 1,000 leads in 3 months, Workflow Stage: Content Creation","Company: FitGenie, Target Audience: Fitness enthusiasts aged 25-45, Constraints: High competition,","Company: FitGenie, Target Audience: Fitness enthusiasts aged 25-45, Constraints: High competition,","Create a blog series, ""Fitness Futures,"" highlighting the benefits of AI-driven workouts. Produce 12 articles, 6 videos, and 12 social media posts featuring success stories and expert insights. Utilize SEO optimization and guest blogging to increase visibility.",professional,0.7708,insights|expert,0.05250414088368416,0.17807593941688538,0.11927804350852966,0.16166843473911285,0.3684253990650177,0.12004809826612473,1,persuasive,0.3684,emotional,0.297,professional,0.2043,professional,1,1,professional,0.8408,0.6667,three_method_majority,False
348,Design an email marketing campaign to promote a new e-book on personal finance.,"Company: Prosperity Publishing, Target Audience: Young professionals aged 25-40, Constraints: Limited email list, Goals: Sell 500 e-books in 2 months, Workflow Stage: Email Campaign Creation","Sell 500 e-books in 2 months, Workflow Stage: Email Campaign Creation","Company: Prosperity Publishing, Target Audience: Young professionals aged 25-40, Constraints: Limited email list,","Company: Prosperity Publishing, Target Audience: Young professionals aged 25-40, Constraints: Limited email list,","Craft a 3-email sequence: Introduction, Sneak Peek, and Launch Offer. Use attention-grabbing subject lines and CTAs. Offer a free chapter preview to encourage subscriptions. Utilize email list segmentation to personalize the campaign.",persuasive,0.6333,offer,0.03897368907928467,0.09951502084732056,0.13274945318698883,0.04926422983407974,0.5744644403457642,0.10503314435482025,1,persuasive,0.5745,persuasive,0.2621,luxury,0.194,persuasive,1,1,persuasive,0.5291,1.0,rule_zero_shot_agreement,True
349,Create a social media strategy for a non-profit organization focused on environmental conservation.,"Company: Green Earth Alliance, Target Audience: Environmentally conscious individuals aged 18-55, Constraints: Limited budget, Goals: Increase donations by 15% in 6 months, Workflow Stage: Social Media Strategy","Increase donations by 15% in 6 months, Workflow Stage: Social Media Strategy","Company: Green Earth Alliance, Target Audience: Environmentally conscious individuals aged 18-55, Constraints: Limited budget,","Company: Green Earth Alliance, Target Audience: Environmentally conscious individuals aged 18-55, Constraints: Limited budget,","Launch a social media ambassador program, partnering with eco-influencers to promote the organization's mission. Share impactful stories, videos, and infographics highlighting conservation efforts. Utilize Facebook Fundraisers and Instagram Donate to streamline donations.",professional,0.5875,organization,0.04678945243358612,0.09030468761920929,0.08439748734235764,0.1285630762577057,0.5475716590881348,0.10237365961074829,1,persuasive,0.5476,emotional,0.2847,persuasive,0.2239,professional,1,1,professional,0.6575,0.6667,three_method_majority,False
350,Create a social media campaign to increase brand awareness among Gen Z.,"Company: EcoCycle, a sustainable fashion brand Target Audience: Gen Z (18-24 years old) Constraints: Limited budget, high competition in the sustainable fashion industry Goals: Increase followers by 20% in 6 weeks, boost website traffic by 15% Workflow Stage: Strategy","Increase followers by 20% in 6 weeks, boost website traffic by 15% Workflow Stage: Strategy","Company: EcoCycle, a sustainable fashion brand Target Audience: Gen Z (18-24 years old) Constraints: Limited budget, high competition in the sustainable fashion industry","Company: EcoCycle, a sustainable fashion brand Target Audience: Gen Z (18-24 years old) Constraints: Limited budget, high competition in the sustainable fashion industry","""EcoCycle Revival"" social media campaign: Collaborate with 5 eco-influencers to showcase our upcycled clothing line. Utilize Instagram Reels and TikTok to share engaging, 60-second videos highlighting the creative process of transforming old clothes into new, trendy pieces. Allocate $1,000 for influencer partnerships and $500 for sponsored ads targeting Gen Z.",,0.0,,0.055367324501276016,0.13015687465667725,0.06454241275787354,0.0724194124341011,0.47345784306526184,0.20405615866184235,1,persuasive,0.4735,humorous,0.2733,persuasive,0.1867,professional,1,1,professional,0.6,0.5,phi3_tiebreak,True
351,Develop a targeted email marketing campaign to promote a new product launch.,"Company: TechPro, a B2B software solutions provider Target Audience: Business owners and decision-makers in the IT industry Constraints: Limited email list, high expectations for conversion rates Goals: Achieve a 25% open rate, 15% click-through rate, and 5% conversion rate Workflow Stage: Copywriting","Achieve a 25% open rate, 15% click-through rate, and 5% conversion rate Workflow Stage: Copywriting","Company: TechPro, a B2B software solutions provider Target Audience: Business owners and decision-makers in the IT industry Constraints: Limited email list, high expectations for conversion rates","Company: TechPro, a B2B software solutions provider Target Audience: Business owners and decision-makers in the IT industry Constraints: Limited email list, high expectations for conversion rates","""Unlock Efficiency"" email campaign: Design a series of 3 emails showcasing the key benefits of our new workflow automation software. Use a personalized tone, addressing recipients by name, and highlighting industry-specific pain points. Offer a 14-day free trial and a dedicated demo session to encourage sign-ups.",persuasive,0.2958,offer,0.15803787112236023,0.17339418828487396,0.0748319998383522,0.07805874943733215,0.48748236894607544,0.02819490246474743,1,persuasive,0.4875,friendly,0.3391,professional,0.2116,professional,1,1,professional,0.6,0.3333,phi3_tiebreak,True
352,Create an engaging video ad for a social media campaign.,"Company: FitFusion, a fitness and wellness app Target Audience: Health-conscious individuals aged 25-45 Constraints: Limited video production budget Goals: Increase app downloads by 30% in 3 months Workflow Stage: Image Generation",Increase app downloads by 30% in 3 months Workflow Stage: Image Generation,"Company: FitFusion, a fitness and wellness app Target Audience: Health-conscious individuals aged 25-45 Constraints: Limited video production budget","Company: FitFusion, a fitness and wellness app Target Audience: Health-conscious individuals aged 25-45 Constraints: Limited video production budget","""Find Your Flow"" video ad: Produce a 30-second, high-energy video showcasing a diverse group of people engaging in various fitness activities (yoga, running, weightlifting). Utilize a mix of vibrant colors, upbeat background music, and bold text overlays highlighting the app's features and benefits.",,0.0,,0.020626554265618324,0.031386230140924454,0.07274822890758514,0.015870962291955948,0.7879379987716675,0.07143013179302216,1,persuasive,0.7879,persuasive,0.4992,humorous,0.1537,persuasive,1,1,persuasive,0.5692,1.0,three_method_majority,True
353,Create a social media campaign to promote a new sustainable fashion line targeting Gen Z consumers.,"Company: Verde Clothing, a fashion brand committed to sustainability. Target Audience: Gen Z consumers aged 18-24. Constraints: Limited budget of $10,000. Goals: Increase brand awareness by 30% and drive sales by 25% within 6 weeks. Workflow Stage: Strategy and content creation.",Increase brand awareness by 30% and drive sales by 25% within 6 weeks. Workflow Stage: Strategy and content creation.,"Company: Verde Clothing, a fashion brand committed to sustainability. Target Audience: Gen Z consumers aged 18-24. Constraints: Limited budget of $10,000.","Company: Verde Clothing, a fashion brand committed to sustainability. Target Audience: Gen Z consumers aged 18-24. Constraints: Limited budget of $10,000.","Launch a social media contest, ""Verde Vibes,"" where followers share their eco-friendly fashion tips using a branded hashtag. Partner with 5 eco-influencers to showcase the new line. Utilize Instagram Reels and TikTok for engaging, short-form content. Allocate $3,000 for influencer partnerships, $4,000 for content creation, and $3,000 for paid advertising.",,0.0,,0.0590083971619606,0.08497016131877899,0.05559267848730087,0.06473135948181152,0.5221085548400879,0.21358880400657654,1,persuasive,0.5221,humorous,0.3004,persuasive,0.2162,friendly,1,1,friendly,0.6,0.5,phi3_tiebreak,True
354,Develop a personalized email marketing campaign for a new AI-powered fitness app.,"Company: FitGenie, an AI-driven fitness app offering customized workout plans. Target Audience: Fitness enthusiasts aged 25-45. Constraints: Email list of 10,000 subscribers. Goals: Boost app downloads by 40% and increase premium subscriptions by 20% within 3 months. Workflow Stage: Copywriting and email automation.",Boost app downloads by 40% and increase premium subscriptions by 20% within 3 months. Workflow Stage: Copywriting and email automation.,"Company: FitGenie, an AI-driven fitness app offering customized workout plans. Target Audience: Fitness enthusiasts aged 25-45. Constraints: Email list of 10,000 subscribers.","Company: FitGenie, an AI-driven fitness app offering customized workout plans. Target Audience: Fitness enthusiasts aged 25-45. Constraints: Email list of 10,000 subscribers.","Create a 3-email sequence: Introduction, Success Stories, and Exclusive Offer. Use AI-driven segmentation to personalize content based on users' fitness goals and preferences. Offer a 14-day free trial and 20% discount on premium subscriptions. Use attention-grabbing subject lines and CTAs.",luxury,0.5033,premium|exclusive,0.0356254018843174,0.12844307720661163,0.11282297968864441,0.07487504184246063,0.5697199106216431,0.07851357012987137,1,persuasive,0.5697,persuasive,0.2532,professional,0.1932,persuasive,1,1,persuasive,0.3232,0.6667,three_method_majority,True
355,Design a viral video campaign for a new gaming console targeting gamers aged 18-35.,"Company: PixelPlay, a gaming console manufacturer. Target Audience: Avid gamers aged 18-35. Constraints: Budget of $50,000. Goals: Generate 1 million views on YouTube within 6 weeks and increase console sales by 30%. Workflow Stage: Video production and distribution.",Generate 1 million views on YouTube within 6 weeks and increase console sales by 30%. Workflow Stage: Video production and distribution.,"Company: PixelPlay, a gaming console manufacturer. Target Audience: Avid gamers aged 18-35. Constraints: Budget of $50,000.","Company: PixelPlay, a gaming console manufacturer. Target Audience: Avid gamers aged 18-35. Constraints: Budget of $50,000.","Produce a humorous, 3-minute video showcasing the console's features and gamer reactions. Partner with popular gaming influencers for cameos. Allocate $20,000 for production, $15,000 for influencer fees, and $15,000 for YouTube and social media advertising.",,0.0,,0.05520428717136383,0.037392474710941315,0.029166167601943016,0.026855995878577232,0.18583470582962036,0.6655463576316833,1,humorous,0.6655,humorous,0.7198,friendly,0.1046,humorous,1,1,humorous,0.7898,1.0,three_method_majority,False
356,Create a social media campaign to increase brand awareness among Gen Z for a sustainable fashion brand.,"Company: Verde Fashion, Target Audience: Gen Z (18-24), Constraints: Limited budget, Goals: Increase brand awareness by 20% in 3 months, Workflow Stage: Strategy.","Increase brand awareness by 20% in 3 months, Workflow Stage: Strategy.","Company: Verde Fashion, Target Audience: Gen Z (18-24), Constraints: Limited budget,","Company: Verde Fashion, Target Audience: Gen Z (18-24), Constraints: Limited budget,","Develop an influencer marketing campaign partnering with eco-conscious Gen Z influencers to showcase Verde Fashion's sustainable clothing lines. Utilize Instagram Reels and TikTok to create engaging, short-form content highlighting the brand's commitment to sustainability. Allocate $1,000 for influencer partnerships and $500 for ad spend.",,0.0,,0.09320980310440063,0.14363086223602295,0.11754961311817169,0.11435943841934204,0.3175758421421051,0.21367448568344116,1,persuasive,0.3176,humorous,0.2356,emotional,0.2012,persuasive,1,1,persuasive,0.6,0.5,phi3_tiebreak,True
357,Design an email marketing campaign to re-engage inactive subscribers for a fitness center.,"Company: FitZone, Target Audience: Inactive subscribers, Constraints: Limited email list, Goals: Reactivate 30% of inactive subscribers, Workflow Stage: Copywriting.","Reactivate 30% of inactive subscribers, Workflow Stage: Copywriting.","Company: FitZone, Target Audience: Inactive subscribers, Constraints: Limited email list,","Company: FitZone, Target Audience: Inactive subscribers, Constraints: Limited email list,","Create a ""We Miss You"" email campaign offering a free 1-week trial membership and a personalized fitness consultation to inactive subscribers. Use a conversational tone and include a clear call-to-action (CTA) to encourage subscribers to re-engage with the fitness center.",,0.0,,0.17307381331920624,0.015013732016086578,0.025575101375579834,0.026397813111543655,0.679610550403595,0.08032889664173126,1,persuasive,0.6796,friendly,0.4561,persuasive,0.301,friendly,1,1,friendly,0.5261,1.0,three_method_majority,True
358,Generate a content calendar for a new plant-based food blog.,"Company: GreenBite, Target Audience: Health-conscious foodies, Constraints: Limited content team, Goals: Publish 3 blog posts per week, Workflow Stage: Post Scheduling.","Publish 3 blog posts per week, Workflow Stage: Post Scheduling.","Company: GreenBite, Target Audience: Health-conscious foodies, Constraints: Limited content team,","Company: GreenBite, Target Audience: Health-conscious foodies, Constraints: Limited content team,","Create a content calendar focusing on seasonal plant-based recipes, sustainability tips, and product reviews. Utilize a mix of evergreen and timely content to ensure consistency and relevance. Allocate Mondays for recipe posts, Wednesdays for sustainability tips, and Fridays for product reviews.",,0.0,,0.10562634468078613,0.22108475863933563,0.16971594095230103,0.08896127343177795,0.2216765582561493,0.19293509423732758,1,persuasive,0.2217,professional,0.2282,humorous,0.1998,professional,1,1,professional,0.2982,1.0,three_method_majority,True
359,Develop a paid advertising campaign to drive conversions for an e-commerce store selling outdoor gear.,"Company: GearHub, Target Audience: Outdoor enthusiasts, Constraints: Limited ad budget, Goals: Increase conversions by 25% in 2 months, Workflow Stage: Image Generation.","Increase conversions by 25% in 2 months, Workflow Stage: Image Generation.","Company: GearHub, Target Audience: Outdoor enthusiasts, Constraints: Limited ad budget,","Company: GearHub, Target Audience: Outdoor enthusiasts, Constraints: Limited ad budget,","Create targeted Facebook ads featuring high-quality images of GearHub's products in use, highlighting the brand's expertise in outdoor gear. Utilize lookalike targeting to reach new audiences and allocate $2,000 for ad spend.",,0.0,,0.0614846795797348,0.21024739742279053,0.11950429528951645,0.04211106896400452,0.37800994515419006,0.18864262104034424,1,persuasive,0.378,professional,0.2628,humorous,0.2367,professional,1,1,professional,0.3328,1.0,three_method_majority,True
360,Create a social media campaign to increase brand awareness for a sustainable fashion brand among Gen Z.,"Company: GreenThreads - a sustainable fashion brand Target Audience: Gen Z (18-24 years old) Constraints: Limited budget ($5,000) Goals: Increase brand awareness by 20% Workflow Stage: Strategy",Increase brand awareness by 20% Workflow Stage: Strategy,"Company: GreenThreads - a sustainable fashion brand Target Audience: Gen Z (18-24 years old) Constraints: Limited budget ($5,000)","Company: GreenThreads - a sustainable fashion brand Target Audience: Gen Z (18-24 years old) Constraints: Limited budget ($5,000)","Develop a social media campaign leveraging Instagram Reels and TikTok, focusing on eco-friendly fashion tips, behind-the-scenes content, and user-generated content. Partner with 5 eco-influencers to showcase GreenThreads' products. Allocate $2,000 for influencer fees, $1,500 for content creation, and $1,500 for paid advertising.",,0.0,,0.0872463583946228,0.1421595960855484,0.1247430071234703,0.0985681340098381,0.35629865527153015,0.19098429381847382,1,persuasive,0.3563,humorous,0.2207,emotional,0.1817,professional,1,1,professional,0.6,0.5,phi3_tiebreak,True
361,Design an email marketing campaign to promote a new product launch for a tech startup.,"Company: TechSphere - a tech startup Target Audience: Tech enthusiasts and early adopters Constraints: Limited email list (5,000 subscribers) Goals: Generate 500 pre-orders within 2 weeks Workflow Stage: Copywriting",Generate 500 pre-orders within 2 weeks Workflow Stage: Copywriting,"Company: TechSphere - a tech startup Target Audience: Tech enthusiasts and early adopters Constraints: Limited email list (5,000 subscribers)","Company: TechSphere - a tech startup Target Audience: Tech enthusiasts and early adopters Constraints: Limited email list (5,000 subscribers)","Create a series of 3 email campaigns: (1) teaser email with a cryptic message, (2) product reveal email with features and benefits, and (3) exclusive offer email with a limited-time discount. Use a conversational tone, eye-catching visuals, and a clear call-to-action (CTA).",persuasive,0.6125,discount|offer,0.07301302999258041,0.017804529517889023,0.04746013134717941,0.012533348053693771,0.7953923940658569,0.053796570748090744,1,persuasive,0.7954,persuasive,0.4699,friendly,0.2566,friendly,1,1,persuasive,0.6341,0.6667,rule_zero_shot_agreement,False
362,Develop a content marketing strategy to establish a thought leadership position for a financial services company.,Company: Finverge - a financial services company Target Audience: Business owners and financial decision-makers Constraints: Limited resources (2-person content team) Goals: Publish 2 high-quality articles per week Workflow Stage: Strategy,Publish 2 high-quality articles per week Workflow Stage: Strategy,Company: Finverge - a financial services company Target Audience: Business owners and financial decision-makers Constraints: Limited resources (2-person content team),Company: Finverge - a financial services company Target Audience: Business owners and financial decision-makers Constraints: Limited resources (2-person content team),"Focus on creating in-depth guides, whitepapers, and webinars on topics such as financial planning, industry trends, and regulatory insights. Utilize AI-powered content generation tools to streamline research and writing processes. Repurpose content into social media posts, email newsletters, and LinkedIn articles to maximize reach.",professional,0.9542,industry|research|insights,0.03894224017858505,0.3504190146923065,0.21023225784301758,0.047588005661964417,0.2759190797805786,0.07689934223890305,1,professional,0.3504,professional,0.4109,luxury,0.2334,professional,1,1,professional,0.7554,1.0,rule_zero_shot_agreement,False
363,Create a paid advertising campaign to drive sales for an e-commerce company during the holiday season.,"Company: GiftHub - an e-commerce company Target Audience: Holiday shoppers Constraints: Limited budget ($10,000) Goals: Increase sales by 30% during the holiday season Workflow Stage: Post Scheduling",Increase sales by 30% during the holiday season Workflow Stage: Post Scheduling,"Company: GiftHub - an e-commerce company Target Audience: Holiday shoppers Constraints: Limited budget ($10,000)","Company: GiftHub - an e-commerce company Target Audience: Holiday shoppers Constraints: Limited budget ($10,000)","Launch a targeted Google Ads and Facebook Ads campaign focusing on popular holiday gifts, utilizing",,0.0,,0.057739682495594025,0.20866328477859497,0.10945115983486176,0.05713594704866409,0.46373069286346436,0.10327928513288498,1,persuasive,0.4637,professional,0.2797,persuasive,0.1837,persuasive,1,1,persuasive,0.6,0.5,phi3_tiebreak,True
364,Develop a social media strategy for a sustainable fashion brand targeting Gen Z consumers.,"Workflow stage: Strategy Company: ""EcoCycle"" - a sustainable fashion brand Target audience: Gen Z consumers (18-24 years old) Constraints: Limited budget, high competition in the sustainable fashion market Goals: Increase brand awareness, drive website traffic, and boost sales","Increase brand awareness, drive website traffic, and boost sales","Workflow stage: Strategy Company: ""EcoCycle"" - a sustainable fashion brand Target audience: Gen Z consumers (18-24 years old) Constraints: Limited budget, high competition in the sustainable fashion market","Workflow stage: Strategy Company: ""EcoCycle"" - a sustainable fashion brand Target audience: Gen Z consumers (18-24 years old) Constraints: Limited budget, high competition in the sustainable fashion market","Create a social media strategy focusing on Instagram, TikTok, and Pinterest. Utilize hashtags like #Sustainability and #EcoFashion to increase brand visibility. Collaborate with eco-conscious influencers and content creators to showcase EcoCycle's products. Share engaging content highlighting the brand's commitment to sustainability, such as behind-the-scenes stories of the design process, material sourcing, and recycling initiatives.",professional,0.5875,strategy,0.08510348200798035,0.14471855759620667,0.09640667587518692,0.21279053390026093,0.3204214572906494,0.1405593305826187,1,persuasive,0.3204,emotional,0.3541,friendly,0.1555,professional,1,1,professional,0.6575,0.6667,three_method_majority,False
365,Design an attention-grabbing image for a Facebook ad promoting a new AI-powered fitness app.,"Workflow stage: Image generation Company: ""FitGenie"" - an AI-powered fitness app Target audience: Fitness enthusiasts (25-45 years old) Constraints: Limited ad budget, need to stand out in a crowded fitness market Goals: Drive app downloads and increase brand recognition",Drive app downloads and increase brand recognition,"Workflow stage: Image generation Company: ""FitGenie"" - an AI-powered fitness app Target audience: Fitness enthusiasts (25-45 years old) Constraints: Limited ad budget, need to stand out in a crowded fitness market","Workflow stage: Image generation Company: ""FitGenie"" - an AI-powered fitness app Target audience: Fitness enthusiasts (25-45 years old) Constraints: Limited ad budget, need to stand out in a crowded fitness market","Create a high-contrast image featuring a fit individual in mid-workout, with a bold, neon-colored background. Incorporate AI-powered visual elements, such as a futuristic dashboard or a robotic personal trainer, to emphasize the app's cutting-edge technology. Use a clear, easy-to-read font to highlight the app's key benefits, such as personalized workouts and real-time tracking.",,0.0,,0.009049708023667336,0.04410245642066002,0.036712583154439926,0.00897255539894104,0.8709955215454102,0.030167149379849434,1,persuasive,0.871,persuasive,0.6487,professional,0.1111,professional,1,1,professional,0.6,0.5,phi3_tiebreak,True
366,Write a compelling product description for an e-commerce website selling eco-friendly home cleaning products.,"Workflow stage: Copywriting Company: ""GreenClean"" - an eco-friendly home cleaning products e-commerce website Target audience: Environmentally conscious homeowners (25-50 years old) Constraints: Need to convey the benefits of eco-friendly products without being too preachy Goals: Increase product sales and customer loyalty",Increase product sales and customer loyalty,"Workflow stage: Copywriting Company: ""GreenClean"" - an eco-friendly home cleaning products e-commerce website Target audience: Environmentally conscious homeowners (25-50 years old) Constraints: Need to convey the benefits of eco-friendly products without being too preachy","Workflow stage: Copywriting Company: ""GreenClean"" - an eco-friendly home cleaning products e-commerce website Target audience: Environmentally conscious homeowners (25-50 years old) Constraints: Need to convey the benefits of eco-friendly products without being too preachy","""Introducing GreenClean, your one-stop-shop for effective, eco-friendly home cleaning solutions. Our products are carefully crafted with natural ingredients and biodegradable materials, ensuring a healthier home and a clearer conscience. Say goodbye to harsh chemicals and hello to a sparkling clean home, without compromising on performance or the planet. Browse our selection today and join the GreenClean movement!""",persuasive,0.2285,today,0.07843302190303802,0.18203404545783997,0.11966366320848465,0.10591310262680054,0.4126797020435333,0.10127643495798111,1,persuasive,0.4127,professional,0.2203,emotional,0.2052,professional,1,1,professional,0.2903,0.6667,three_method_majority,True
367,Create a social media campaign to increase brand awareness among young adults for a new sustainable fashion brand.,"Company: Verde Clothing, a startup sustainable fashion brand Target Audience: Young adults (18-30) interested in eco-friendly living Constraints: Limited budget ($1,000) and a small team Goals: Increase brand awareness by 20% and drive website traffic by 30% Workflow Stage: Strategy",Increase brand awareness by 20% and drive website traffic by 30% Workflow Stage: Strategy,"Company: Verde Clothing, a startup sustainable fashion brand Target Audience: Young adults (18-30) interested in eco-friendly living Constraints: Limited budget ($1,000) and a small team","Company: Verde Clothing, a startup sustainable fashion brand Target Audience: Young adults (18-30) interested in eco-friendly living Constraints: Limited budget ($1,000) and a small team","Launch a social media contest, ""Eco-Chic Challenge,"" where followers share their favorite eco-friendly fashion tips and tricks. Partner with 5 eco-influencers to promote the contest and brand. Utilize Instagram Reels and TikTok for engaging, short-form content. Allocate $300 for influencer partnerships, $200 for content creation, and $500 for paid social media ads.",,0.0,,0.05300876125693321,0.09228606522083282,0.07614920288324356,0.05944770202040672,0.5573166608810425,0.16179156303405762,1,persuasive,0.5573,persuasive,0.2423,humorous,0.2388,friendly,1,1,friendly,0.6,0.5,phi3_tiebreak,True
368,Develop a content marketing strategy to establish a software company as a thought leader in AI innovation.,"Company: NovaTech, a software company specializing in AI solutions Target Audience: Tech industry professionals and business leaders Constraints: Limited content creation resources Goals: Publish 2 high-quality articles per month and increase website traffic by 25% Workflow Stage: Content Creation",Publish 2 high-quality articles per month and increase website traffic by 25% Workflow Stage: Content Creation,"Company: NovaTech, a software company specializing in AI solutions Target Audience: Tech industry professionals and business leaders Constraints: Limited content creation resources","Company: NovaTech, a software company specializing in AI solutions Target Audience: Tech industry professionals and business leaders Constraints: Limited content creation resources","Create a content calendar focusing on AI trends, industry insights, and thought leadership pieces. Utilize AI-powered content generation tools to streamline the writing process. Collaborate with industry experts and internal subject matter experts to ensure high-quality content. Repurpose content into social media posts, email newsletters, and LinkedIn articles.",professional,0.7708,industry|insights,0.059560377150774,0.3966880738735199,0.19792704284191132,0.043614570051431656,0.18473780155181885,0.11747217178344727,1,professional,0.3967,professional,0.4261,luxury,0.2012,professional,1,1,professional,0.6812,1.0,rule_zero_shot_agreement,False
369,Design a targeted email campaign to drive conversions for a new e-commerce store.,"Company: Bloom Beauty, an e-commerce store offering natural skincare products Target Audience: Women aged 25-45 interested in natural beauty Constraints: Limited email list (1,000 subscribers) Goals: Increase conversions by 15% and average order value by 10% Workflow Stage: Email Marketing",Increase conversions by 15% and average order value by 10% Workflow Stage: Email Marketing,"Company: Bloom Beauty, an e-commerce store offering natural skincare products Target Audience: Women aged 25-45 interested in natural beauty Constraints: Limited email list (1,000 subscribers)","Company: Bloom Beauty, an e-commerce store offering natural skincare products Target Audience: Women aged 25-45 interested in natural beauty Constraints: Limited email list (1,000 subscribers)","Create a 3-email welcome series showcasing best-selling products, customer testimonials, and a special discount. Use segmentation to target subscribers based on purchase history and preferences. Utilize AI-powered email personalization to recommend products and offer tailored promotions. Set up abandoned cart email reminders and loyalty rewards to encourage repeat business.",persuasive,0.6125,discount|offer,0.13087128102779388,0.126991868019104,0.08998290449380875,0.10773894190788269,0.4161020815372467,0.1283128559589386,1,persuasive,0.4161,friendly,0.2656,emotional,0.1991,professional,1,1,professional,0.6,0.3333,phi3_tiebreak,True
370,Create a social media campaign to increase brand awareness for a new sustainable fashion brand.,"Company: GreenThreads, a fashion brand using eco-friendly materials and production methods. Target audience: environmentally conscious millennials and Gen Z. Constraints: limited budget, need to compete with established brands. Goals: increase followers by 20% in 3 months, drive website traffic, and boost sales. Workflow stage: Strategy.","increase followers by 20% in 3 months, drive website traffic, and boost sales. Workflow stage: Strategy.","Company: GreenThreads, a fashion brand using eco-friendly materials and production methods. Target audience: environmentally conscious millennials and Gen Z. Constraints: limited budget, need to compete with established brands.","Company: GreenThreads, a fashion brand using eco-friendly materials and production methods. Target audience: environmentally conscious millennials and Gen Z. Constraints: limited budget, need to compete with established brands.","""EarthRevival"" campaign: Collaborate with eco-influencers and user-generated content (UGC) to showcase sustainable fashion. Utilize Instagram Reels, TikTok, and Pinterest to share engaging, educational content. Allocate $1,000 for influencer partnerships and $500 for paid ads. Monitor hashtags #ecofashion and #sustainability to join relevant conversations.",persuasive,0.4867,,0.08812392503023148,0.11928890645503998,0.09734224528074265,0.11720409244298935,0.4152214527130127,0.16281944513320923,1,persuasive,0.4152,emotional,0.2233,humorous,0.1945,professional,1,1,professional,0.6,0.3333,phi3_tiebreak,True
371,Develop a targeted email marketing campaign to re-engage inactive subscribers for an e-learning platform.,"Company: LearnPro, an online course provider. Target audience: inactive subscribers who haven't logged in for 6 months. Constraints: limited content creation resources. Goals: re-engage 30% of inactive subscribers, increase course enrollments by 15%. Workflow stage: Copywriting.","re-engage 30% of inactive subscribers, increase course enrollments by 15%. Workflow stage: Copywriting.","Company: LearnPro, an online course provider. Target audience: inactive subscribers who haven't logged in for 6 months. Constraints: limited content creation resources.","Company: LearnPro, an online course provider. Target audience: inactive subscribers who haven't logged in for 6 months. Constraints: limited content creation resources.","""Rediscover Your Potential"" campaign: Design a 3-email sequence with personalized subject lines, highlighting new courses and success stories. Use a conversational tone and include a limited-time discount (15% off) for re-engaged subscribers. Use segmentation to prioritize subscribers with previously expressed interests.",persuasive,0.6792,discount,0.40844807028770447,0.017378047108650208,0.04419634863734245,0.16862034797668457,0.2587072551250458,0.10264997184276581,1,friendly,0.4084,friendly,0.5854,emotional,0.22,friendly,1,1,friendly,0.6554,0.6667,three_method_majority,False
372,Design an Instagram Story Ads campaign to drive sales for a new beauty product launch.,"Company: BeautyBuzz, a cosmetics company. Target audience: women aged 25-40 interested in beauty and skincare. Constraints: high competition in the beauty industry. Goals: achieve a 20% conversion rate, increase brand awareness by 30%. Workflow stage: Image Generation.","achieve a 20% conversion rate, increase brand awareness by 30%. Workflow stage: Image Generation.","Company: BeautyBuzz, a cosmetics company. Target audience: women aged 25-40 interested in beauty and skincare. Constraints: high competition in the beauty industry.","Company: BeautyBuzz, a cosmetics company. Target audience: women aged 25-40 interested in beauty and skincare. Constraints: high competition in the beauty industry.","""GlowUp"" campaign: Create eye-catching, 15-second ads showcasing the product's benefits and features. Utilize the ""swipe-up"" feature to drive traffic to the website. Allocate $2,000 for ad spend, targeting lookalike audiences and interests like #beauty, #skincare, and #makeup.",,0.0,,0.0472373366355896,0.055423803627491,0.10695365071296692,0.05263102427124977,0.5589114427566528,0.178842693567276,1,persuasive,0.5589,humorous,0.2684,persuasive,0.247,professional,1,1,professional,0.6,0.5,phi3_tiebreak,True
373,Create a social media campaign to promote a new eco-friendly product line for a fashion brand.,"Company: GreenThreads, a sustainable fashion brand Target Audience: Environmentally conscious consumers, aged 25-45 Constraints: Limited budget, need to leverage user-generated content Goals: Increase brand awareness, drive sales, and promote sustainability Workflow Stage: Strategy","Increase brand awareness, drive sales, and promote sustainability Workflow Stage: Strategy","Company: GreenThreads, a sustainable fashion brand Target Audience: Environmentally conscious consumers, aged 25-45 Constraints: Limited budget, need to leverage user-generated content","Company: GreenThreads, a sustainable fashion brand Target Audience: Environmentally conscious consumers, aged 25-45 Constraints: Limited budget, need to leverage user-generated content","""GreenThreads Challenge"": Encourage customers to share photos of themselves wearing GreenThreads clothing, using a branded hashtag, and tagging the brand. Participants receive a discount code and are entered into a monthly drawing for a free product. Partner with eco-influencers to amplify the campaign. Utilize Instagram Reels and TikTok for engaging, short-form content.",persuasive,0.6792,discount,0.0428277850151062,0.029794087633490562,0.05134296044707298,0.06739030033349991,0.6255010962486267,0.183143749833107,1,persuasive,0.6255,persuasive,0.2933,humorous,0.2916,persuasive,1,1,persuasive,0.567,1.0,rule_zero_shot_agreement,True
374,Develop a targeted email marketing campaign for a new software product launch.,"Company: TechCorp, a B2B software company Target Audience: IT professionals and business owners Constraints: Limited email list, need to create engaging content Goals: Generate leads, drive conversions, and build brand credibility Workflow Stage: Copywriting","Generate leads, drive conversions, and build brand credibility Workflow Stage: Copywriting","Company: TechCorp, a B2B software company Target Audience: IT professionals and business owners Constraints: Limited email list, need to create engaging content","Company: TechCorp, a B2B software company Target Audience: IT professionals and business owners Constraints: Limited email list, need to create engaging content","""Unlock Your Business Potential"" email campaign: Create a series of informative, visually appealing emails highlighting the software's features and benefits. Use segmentation to personalize content based on industry and company size. Include a clear call-to-action (CTA) for a free trial or demo. Utilize A/B testing to optimize subject lines and CTAs.",professional,0.725,industry|business,0.027642279863357544,0.06600633263587952,0.07077295333147049,0.00591098889708519,0.814220130443573,0.015447362326085567,1,persuasive,0.8142,persuasive,0.5381,luxury,0.1498,professional,1,1,professional,0.795,0.6667,three_method_majority,False
375,Design a comprehensive influencer marketing strategy for a new beauty product line.,"Company: BeautyBuzz, a cosmetics company Target Audience: Women aged 18-35, beauty enthusiasts Constraints: Limited budget, need to select the right influencers Goals: Increase brand awareness, drive sales, and promote product features Workflow Stage: Influencer Research","Increase brand awareness, drive sales, and promote product features Workflow Stage: Influencer Research","Company: BeautyBuzz, a cosmetics company Target Audience: Women aged 18-35, beauty enthusiasts Constraints: Limited budget, need to select the right influencers","Company: BeautyBuzz, a cosmetics company Target Audience: Women aged 18-35, beauty enthusiasts Constraints: Limited budget, need to select the right influencers","""BeautyBuzz Squad"" influencer program: Partner with micro-influencers (10,000-100,000 followers) who align with the brand's values and target audience. Utilize a mix of nano-influencers (1,000-10,000 followers) and mid-tier influencers (100,000-500,000 followers) for diverse reach and engagement. Focus on Instagram and TikTok for visually engaging content.",,0.0,,0.07815365493297577,0.15894463658332825,0.149404838681221,0.06849171966314316,0.32107147574424744,0.22393366694450378,1,persuasive,0.3211,humorous,0.2592,professional,0.1833,professional,1,1,professional,0.6,0.5,phi3_tiebreak,True
376,Create a social media campaign to promote a new eco-friendly product line for a fashion brand.,"Company: GreenThreads, a fashion brand targeting environmentally conscious consumers. Target Audience: Young adults (18-35) who prioritize sustainability. Constraints: Limited budget for influencer partnerships. Goals: Increase brand awareness by 20% and drive sales by 15% within 6 months. Workflow Stage: Strategy",Increase brand awareness by 20% and drive sales by 15% within 6 months. Workflow Stage: Strategy,"Company: GreenThreads, a fashion brand targeting environmentally conscious consumers. Target Audience: Young adults (18-35) who prioritize sustainability. Constraints: Limited budget for influencer partnerships.","Company: GreenThreads, a fashion brand targeting environmentally conscious consumers. Target Audience: Young adults (18-35) who prioritize sustainability. Constraints: Limited budget for influencer partnerships.","""GreenThreads Challenge"" - Encourage customers to share their favorite eco-friendly fashion tips on social media using a branded hashtag. Partner with micro-influencers and user-generated content (UGC) platforms to amplify the message. Offer a discount code for participants and feature the best tips on the brand's website.",persuasive,0.8625,discount|offer,0.044091228395700455,0.06090978533029556,0.07376374304294586,0.047208432108163834,0.5853501558303833,0.18867668509483337,1,persuasive,0.5854,humorous,0.293,persuasive,0.2677,friendly,1,1,persuasive,0.8625,0.3333,high_confidence_rule,True
377,Develop an email marketing campaign to re-engage inactive subscribers for a streaming service.,"Company: FlickFrenzy, a streaming service offering a wide range of movies and TV shows. Target Audience: Inactive subscribers who haven't logged in for over 6 months. Constraints: Limited content updates. Goals: Reactivate 30% of inactive subscribers within 3 months. Workflow Stage: Copywriting",Reactivate 30% of inactive subscribers within 3 months. Workflow Stage: Copywriting,"Company: FlickFrenzy, a streaming service offering a wide range of movies and TV shows. Target Audience: Inactive subscribers who haven't logged in for over 6 months. Constraints: Limited content updates.","Company: FlickFrenzy, a streaming service offering a wide range of movies and TV shows. Target Audience: Inactive subscribers who haven't logged in for over 6 months. Constraints: Limited content updates.","""Missed Your Favorites?"" - Design an email campaign highlighting new releases and personalized content recommendations based on the subscriber's past viewing history. Offer a limited-time discount and a ""welcome back"" gift, such as a free trial to a new series.",persuasive,0.5825,discount|offer,0.07590465247631073,0.11160839349031448,0.09784277528524399,0.06220196187496185,0.4905216693878174,0.1619204878807068,1,persuasive,0.4905,humorous,0.2182,persuasive,0.1947,friendly,1,1,friendly,0.6,0.3333,phi3_tiebreak,True
378,Create a content calendar for a financial services company's blog.,"Company: Prosperity Bank, a financial institution offering personal and business banking services. Target Audience: Small business owners and individuals seeking financial guidance. Constraints: Limited resources for content creation. Goals: Establish the brand as a thought leader in the industry and increase website traffic by 25% within 9 months. Workflow Stage: Post Scheduling",Establish the brand as a thought leader in the industry and increase website traffic by 25% within 9 months. Workflow Stage: Post Scheduling,"Company: Prosperity Bank, a financial institution offering personal and business banking services. Target Audience: Small business owners and individuals seeking financial guidance. Constraints: Limited resources for content creation.","Company: Prosperity Bank, a financial institution offering personal and business banking services. Target Audience: Small business owners and individuals seeking financial guidance. Constraints: Limited resources for content creation.","""Prosperity Insights"" - Develop a content calendar featuring bi-weekly articles on topics such as financial planning, industry trends, and success stories. Utilize AI-generated content suggestions and optimize posts with relevant keywords and meta descriptions.",professional,0.7708,industry|insights,0.08797456324100494,0.20357143878936768,0.18418852984905243,0.0974256843328476,0.23717278242111206,0.1896669864654541,1,persuasive,0.2372,professional,0.2145,humorous,0.2006,professional,1,1,professional,0.5648,1.0,rule_zero_shot_agreement,True
379,Create a social media campaign to promote a new sustainable fashion brand.,"Workflow stage: Strategy Company: Verde Clothing Target audience: Young adults (18-35) interested in eco-friendly living Constraints: Limited budget ($10,000) Goals: Increase brand awareness and drive website traffic Industry: Fashion Marketing channel: Social media (Instagram, Facebook, Twitter)","Increase brand awareness and drive website traffic Industry: Fashion Marketing channel: Social media (Instagram, Facebook, Twitter)","Workflow stage: Strategy Company: Verde Clothing Target audience: Young adults (18-35) interested in eco-friendly living Constraints: Limited budget ($10,000)","Workflow stage: Strategy Company: Verde Clothing Target audience: Young adults (18-35) interested in eco-friendly living Constraints: Limited budget ($10,000)","Develop a 6-week campaign, ""Wear Your Values,"" highlighting Verde's commitment to sustainability. Utilize Instagram Reels and IGTV to showcase eco-friendly production processes, behind-the-scenes content, and influencer partnerships. Allocate $3,000 for influencer collaborations and $2,000 for sponsored ads. Create engaging content (images, videos, captions) emphasizing the importance of sustainable fashion and encouraging users to share their own eco-friendly fashion choices.",,0.0,,0.06268642097711563,0.16033771634101868,0.07685131579637527,0.09768062829971313,0.5043400526046753,0.0981038436293602,1,persuasive,0.5043,professional,0.2146,emotional,0.2093,persuasive,1,1,persuasive,0.6,0.5,phi3_tiebreak,True
380,Design an email marketing campaign to nurture leads for a B2B software company.,Workflow stage: Copywriting Company: Apex Solutions Target audience: Business owners and decision-makers in the tech industry Constraints: Limited email list (500 subscribers) Goals: Convert leads into paying customers Industry: Software Marketing channel: Email marketing,Convert leads into paying customers Industry: Software Marketing channel: Email marketing,Workflow stage: Copywriting Company: Apex Solutions Target audience: Business owners and decision-makers in the tech industry Constraints: Limited email list (500 subscribers),Workflow stage: Copywriting Company: Apex Solutions Target audience: Business owners and decision-makers in the tech industry Constraints: Limited email list (500 subscribers),"Craft a 3-email sequence, ""Unlock Your Business Potential,"" focusing on the benefits of Apex's software solutions. Email 1: Introduction to Apex and its services. Email 2: Success stories and case studies. Email 3: Exclusive promotion and demo invitation. Use a conversational tone and personalize the content using the recipient's name and company. Include clear calls-to-action (CTAs) and track engagement metrics to refine future campaigns.",luxury,0.4092,exclusive,0.29193976521492004,0.03250850737094879,0.020004505291581154,0.03616415336728096,0.5974096655845642,0.02197345532476902,1,persuasive,0.5974,friendly,0.625,persuasive,0.215,friendly,1,1,friendly,0.695,0.6667,three_method_majority,False
381,Develop a content calendar for a health and wellness blog.,Workflow stage: Post scheduling Company: Balanced Living Target audience: Health-conscious individuals (25-50) Constraints: Limited content creation resources Goals: Increase website traffic and engagement Industry: Health and wellness Marketing channel: Blogging,Increase website traffic and engagement Industry: Health and wellness Marketing channel: Blogging,Workflow stage: Post scheduling Company: Balanced Living Target audience: Health-conscious individuals (25-50) Constraints: Limited content creation resources,Workflow stage: Post scheduling Company: Balanced Living Target audience: Health-conscious individuals (25-50) Constraints: Limited content creation resources,"Create a 3-month content calendar featuring a mix of informative articles, personal stories, and expert interviews. Topics: mindfulness, nutrition, fitness, and mental health. Schedule 2-3 posts per week, utilizing a combination of evergreen and timely content. Utilize SEO keywords and meta descriptions to improve search engine rankings. Share content on social media platforms to expand reach.",professional,0.5875,expert,0.06810160726308823,0.15289157629013062,0.0958946943283081,0.3510909974575043,0.23709794878959656,0.09492316842079163,1,emotional,0.3511,emotional,0.5153,professional,0.1402,professional,1,1,professional,0.6575,0.6667,three_method_majority,False
382,Create a social media campaign to launch a new eco-friendly fashion brand targeting Gen Z consumers.,"Company: GreenThreads; Target Audience: Gen Z (18-24); Constraints: Limited budget ($10,000); Goals: Increase brand awareness, drive website traffic; Workflow Stage: Strategy","Increase brand awareness, drive website traffic; Workflow Stage: Strategy","Company: GreenThreads; Target Audience: Gen Z (18-24); Constraints: Limited budget ($10,000);","Company: GreenThreads; Target Audience: Gen Z (18-24); Constraints: Limited budget ($10,000);","""GreenThreads Launch Campaign"": Utilize Instagram Reels and TikTok to showcase eco-friendly clothing lines, partnering with 5 social media influencers for sponsored content. Allocate $3,000 for influencer fees, $4,000 for content creation, and $3,000 for ad spend. Create a branded hashtag #GreenThreadsRevolution, encouraging users to share their own eco-friendly fashion choices.",,0.0,,0.04731864109635353,0.14346721768379211,0.07070551812648773,0.04855509474873543,0.5334586501121521,0.15649494528770447,1,persuasive,0.5335,persuasive,0.2298,humorous,0.2289,professional,1,1,professional,0.6,0.5,phi3_tiebreak,True
383,Develop a content marketing strategy for a B2B software company to establish thought leadership in the AI industry.,"Company: NovaTech; Target Audience: Business decision-makers; Constraints: Limited content creation resources; Goals: Establish thought leadership, generate leads; Workflow Stage: Content Creation","Establish thought leadership, generate leads; Workflow Stage: Content Creation",Company: NovaTech; Target Audience: Business decision-makers; Constraints: Limited content creation resources;,Company: NovaTech; Target Audience: Business decision-makers; Constraints: Limited content creation resources;,"""AI Insights Series"": Create a bi-monthly blog series exploring AI trends, applications, and innovations. Partner with industry experts to co-author articles, leveraging their expertise and networks. Repurpose content into social media posts, LinkedIn articles, and email newsletters to maximize reach.",professional,0.7708,industry|insights,0.06416260451078415,0.21756070852279663,0.18826895952224731,0.06334206461906433,0.30958324670791626,0.1570824384689331,1,persuasive,0.3096,professional,0.2532,luxury,0.2074,professional,1,1,professional,0.5861,1.0,rule_zero_shot_agreement,True
384,Design a targeted email campaign to re-engage inactive customers for an e-commerce company.,"Company: FashionFrenzy; Target Audience: Inactive customers (6+ months); Constraints: Limited customer data; Goals: Reactivate customers, drive sales; Workflow Stage: Email Copywriting","Reactivate customers, drive sales; Workflow Stage: Email Copywriting",Company: FashionFrenzy; Target Audience: Inactive customers (6+ months); Constraints: Limited customer data;,Company: FashionFrenzy; Target Audience: Inactive customers (6+ months); Constraints: Limited customer data;,"""Win-Back Campaign"": Send a personalized, AI-generated email series (3 emails) to inactive customers, featuring special offers, new product releases, and loyalty program reminders. Use customer purchase history and browsing data to tailor content and subject lines.",,0.0,,0.08804765343666077,0.14185243844985962,0.16871130466461182,0.0705113485455513,0.38471758365631104,0.1461595594882965,1,persuasive,0.3847,luxury,0.1925,friendly,0.1866,persuasive,1,1,persuasive,0.6,0.5,phi3_tiebreak,True
385,Create an influencer marketing campaign for a new energy drink targeting gamers and esports enthusiasts.,"Company: Energee; Target Audience: Gamers and esports enthusiasts (18-35); Constraints: Limited budget ($20,000); Goals: Increase brand awareness, drive sales; Workflow Stage: Influencer Research","Increase brand awareness, drive sales; Workflow Stage: Influencer Research","Company: Energee; Target Audience: Gamers and esports enthusiasts (18-35); Constraints: Limited budget ($20,000);","Company: Energee; Target Audience: Gamers and esports enthusiasts (18-35); Constraints: Limited budget ($20,000);","""Energee Gaming Squad"": Partner with 5 gaming influencers (combined 1 million followers) for sponsored content, product placements, and giveaways. Allocate $10,000 for influencer fees, $5,000 for content creation, and $5,000",,0.0,,0.07212232053279877,0.1605411171913147,0.1556401401758194,0.06978859752416611,0.33659639954566956,0.20531146228313446,1,persuasive,0.3366,humorous,0.2419,professional,0.1884,professional,1,1,professional,0.6,0.5,phi3_tiebreak,True
386,Develop a social media campaign to increase brand awareness for a new eco-friendly fashion brand among Gen Z consumers.,"Company: GreenStyle, a sustainable fashion brand targeting Gen Z consumers. Target audience: 18-24-year-olds interested in sustainability and fashion. Constraints: Limited budget for influencer partnerships. Goals: Increase brand awareness by 30% and drive website traffic by 20% within 3 months. Workflow stage: Strategy development.",Increase brand awareness by 30% and drive website traffic by 20% within 3 months. Workflow stage: Strategy development.,"Company: GreenStyle, a sustainable fashion brand targeting Gen Z consumers. Target audience: 18-24-year-olds interested in sustainability and fashion. Constraints: Limited budget for influencer partnerships.","Company: GreenStyle, a sustainable fashion brand targeting Gen Z consumers. Target audience: 18-24-year-olds interested in sustainability and fashion. Constraints: Limited budget for influencer partnerships.","Create a social media campaign, #EcoRevolution, featuring user-generated content (UGC) showcasing customers wearing GreenStyle clothing while promoting sustainability. Partner with 3 micro-influencers and 10 brand ambassadors to amplify the message. Utilize Instagram Reels, TikTok, and Twitter to share engaging, educational content (e.g., ""Did you know?"" series). Allocate $5,000 for influencer partnerships and $3,000 for sponsored ads.",friendly,0.4775,,0.08293616771697998,0.04303431510925293,0.04878789931535721,0.09732842445373535,0.5503263473510742,0.1775868833065033,1,persuasive,0.5503,humorous,0.2436,persuasive,0.2223,professional,1,1,professional,0.6,0.3333,phi3_tiebreak,True
387,Design an email marketing campaign to nurture leads for a B2B software company.,"Company: Proxima, a B2B software company offering project management solutions. Target audience: Business owners and decision-makers in the IT industry. Constraints: High competition in the industry. Goals: Increase lead conversions by 25% and boost sales by 15% within 6 months. Workflow stage: Email copywriting.",Increase lead conversions by 25% and boost sales by 15% within 6 months. Workflow stage: Email copywriting.,"Company: Proxima, a B2B software company offering project management solutions. Target audience: Business owners and decision-makers in the IT industry. Constraints: High competition in the industry.","Company: Proxima, a B2B software company offering project management solutions. Target audience: Business owners and decision-makers in the IT industry. Constraints: High competition in the industry.","Develop a 3-email sequence campaign: ""Unlock Your Team's Potential."" Email 1: ""5 Common Project Management Mistakes"" (educational content). Email 2: ""Success Story: XYZ Corporation"" (testimonial). Email 3: ""Get Started with Proxima"" (promotional offer). Use a conversational tone, personalize the subject lines, and include a clear CTA. Segment the email list based on industry and company size to optimize content relevance.",persuasive,0.3888,offer,0.15543513000011444,0.06942831724882126,0.02246391959488392,0.0915062204003334,0.6239346861839294,0.03723175451159477,1,persuasive,0.6239,friendly,0.3732,persuasive,0.2518,friendly,1,1,friendly,0.4432,0.6667,three_method_majority,True
388,Create a content calendar for a healthcare company's blog to establish thought leadership.,"Company: MedCare, a healthcare company specializing in chronic disease management. Target audience: Patients, caregivers, and healthcare professionals. Constraints: Limited resources for content creation. Goals: Publish 2 high-quality articles per week, increase website traffic by 30% within 4 months, and establish MedCare as a trusted thought leader. Workflow stage: Content planning.","Publish 2 high-quality articles per week, increase website traffic by 30% within 4 months, and establish MedCare as a trusted thought leader. Workflow stage: Content planning.","Company: MedCare, a healthcare company specializing in chronic disease management. Target audience: Patients, caregivers, and healthcare professionals. Constraints: Limited resources for content creation.","Company: MedCare, a healthcare company specializing in chronic disease management. Target audience: Patients, caregivers, and healthcare professionals. Constraints: Limited resources for content creation.","Develop a content calendar focusing on 4 core topics: disease management, healthy living, industry trends, and patient stories. Utilize a mix of in-house writers, guest bloggers, and repurposed",professional,0.5875,industry,0.0962422713637352,0.19460515677928925,0.1210460215806961,0.20210078358650208,0.21910932660102844,0.1668964922428131,1,persuasive,0.2191,emotional,0.3128,professional,0.1882,professional,1,1,professional,0.6575,0.6667,three_method_majority,False
389,Create a social media campaign that increases brand awareness and drives website traffic for a new eco-friendly fashion brand.,"Company: Verde Clothing; Target Audience: Fashion-conscious millennials and Gen Z; Constraints: Limited budget of $5,000; Goals: 20% increase in website traffic and 15% increase in brand mentions on social media within 6 weeks; Workflow Stage: Strategy",20% increase in website traffic and 15% increase in brand mentions on social media within 6 weeks; Workflow Stage: Strategy,"Company: Verde Clothing; Target Audience: Fashion-conscious millennials and Gen Z; Constraints: Limited budget of $5,000;","Company: Verde Clothing; Target Audience: Fashion-conscious millennials and Gen Z; Constraints: Limited budget of $5,000;","Develop a social media campaign, ""Wear Your Values,"" focusing on Instagram and TikTok. Partner with 5 eco-influencers to showcase sustainable fashion practices, and encourage users to share their own eco-friendly fashion choices using a branded hashtag. Allocate $2,000 for influencer partnerships, $1,500 for sponsored ads, and $1,500 for content creation.",,0.0,,0.05671277642250061,0.20188723504543304,0.11294682323932648,0.05890461429953575,0.4277181625366211,0.1418304145336151,1,persuasive,0.4277,professional,0.2617,humorous,0.1845,professional,1,1,professional,0.3317,1.0,three_method_majority,True
390,Design an email marketing campaign that promotes a new AI-powered fitness app and encourages subscribers to upgrade to a premium subscription.,"Company: FitGenius; Target Audience: Fitness enthusiasts and athletes; Constraints: Existing email list of 10,000 subscribers; Goals: 15% conversion rate to premium subscription within 3 months; Workflow Stage: Copywriting",15% conversion rate to premium subscription within 3 months; Workflow Stage: Copywriting,"Company: FitGenius; Target Audience: Fitness enthusiasts and athletes; Constraints: Existing email list of 10,000 subscribers;","Company: FitGenius; Target Audience: Fitness enthusiasts and athletes; Constraints: Existing email list of 10,000 subscribers;","Create a 3-email sequence: ""Unlock Your Fitness Potential."" Email 1 introduces the app's AI-powered features and offers a 14-day free trial. Email 2 showcases success stories and provides a 20% discount for premium subscription. Email 3 emphasizes the benefits of personalized workouts and offers a limited-time promotion for upgrading to premium.",luxury,0.2292,premium,0.03657413274049759,0.09400738775730133,0.07594286650419235,0.1659361571073532,0.5279648303985596,0.09957455098628998,1,persuasive,0.528,emotional,0.3534,persuasive,0.2075,persuasive,1,1,persuasive,0.6,0.3333,phi3_tiebreak,True
391,Generate a series of social media posts that promote a new sustainable energy drink and appeal to gamers and esports enthusiasts.,"Company: Energize; Target Audience: Gamers and esports enthusiasts; Constraints: Limited brand recognition; Goals: 10,000 followers on Twitter and 5,000 followers on Instagram within 2 months; Workflow Stage: Post Scheduling","10,000 followers on Twitter and 5,000 followers on Instagram within 2 months; Workflow Stage: Post Scheduling",Company: Energize; Target Audience: Gamers and esports enthusiasts; Constraints: Limited brand recognition;,Company: Energize; Target Audience: Gamers and esports enthusiasts; Constraints: Limited brand recognition;,"Develop a content calendar featuring 4 post types: ""Game Fuel"" (product showcases), ""Sponsorship Spotlight"" (esports team partnerships), ""Gaming Tips"" (influencer collaborations), and ""Eco-Warrior"" (sustainability-focused content). Schedule 3 posts per week on Twitter and 2 posts per week on Instagram, utilizing relevant hashtags and tagging influencers.",,0.0,,0.08883821964263916,0.20325684547424316,0.16255918145179749,0.07052484154701233,0.31555449962615967,0.1592663824558258,1,persuasive,0.3156,professional,0.2311,humorous,0.1818,professional,1,1,professional,0.3011,1.0,three_method_majority,True
392,Create a social media campaign to increase brand awareness for a sustainable fashion brand among Gen Z consumers.,"Company: GreenThreads; Target audience: 18-24-year-old environmentally conscious consumers; Constraints: Limited budget; Goals: 20% increase in followers, 30% increase in website traffic; Workflow stage: Strategy","20% increase in followers, 30% increase in website traffic; Workflow stage: Strategy",Company: GreenThreads; Target audience: 18-24-year-old environmentally conscious consumers; Constraints: Limited budget;,Company: GreenThreads; Target audience: 18-24-year-old environmentally conscious consumers; Constraints: Limited budget;,"Develop a 3-month social media campaign, ""Eco-Chic Challenge,"" where GreenThreads collaborates with eco-influencers, encouraging followers to share their sustainable fashion choices, using a branded hashtag. Offer a monthly giveaway of an eco-friendly outfit, and share educational content highlighting the environmental impact of fast fashion.",persuasive,0.6333,offer,0.06326894462108612,0.1072804182767868,0.11139322072267532,0.05406661331653595,0.5604854226112366,0.10350535064935684,1,persuasive,0.5605,persuasive,0.2436,friendly,0.1636,professional,1,1,persuasive,0.519,0.6667,rule_zero_shot_agreement,True
393,Design an email marketing campaign to nurture leads for a B2B software company.,"Company: TechFusion; Target audience: Small business owners and decision-makers; Constraints: High competition; Goals: 25% open rate, 10% conversion rate; Workflow stage: Copywriting","25% open rate, 10% conversion rate; Workflow stage: Copywriting",Company: TechFusion; Target audience: Small business owners and decision-makers; Constraints: High competition;,Company: TechFusion; Target audience: Small business owners and decision-makers; Constraints: High competition;,"Create a 5-email sequence, ""Unlock Your Business Potential,"" offering valuable content, such as eBooks, webinars, and case studies. Personalize each email using the recipient's name, company, and industry. Include social proof and a clear CTA in each email, gradually introducing TechFusion's software as the solution to their business challenges.",professional,0.8625,industry|business|solution,0.04866833612322807,0.11275707185268402,0.08458184450864792,0.04600311815738678,0.6371898651123047,0.07079975306987762,1,persuasive,0.6372,persuasive,0.308,professional,0.1844,professional,1,1,professional,0.9325,0.6667,three_method_majority,False
394,Develop a content marketing strategy to position a financial services company as a thought leader in the industry.,"Company: Prosperity Financial; Target audience: High-net-worth individuals and financial advisors; Constraints: Regulatory compliance; Goals: 50% increase in website traffic, 20% increase in lead generation; Workflow stage: Strategy","50% increase in website traffic, 20% increase in lead generation; Workflow stage: Strategy",Company: Prosperity Financial; Target audience: High-net-worth individuals and financial advisors; Constraints: Regulatory compliance;,Company: Prosperity Financial; Target audience: High-net-worth individuals and financial advisors; Constraints: Regulatory compliance;,"Launch a bi-monthly podcast, ""Prosperity Insights,"" featuring interviews with industry experts, thought leaders, and Prosperity Financial's own experts. Create a companion blog series, ""Financial Futurism,"" exploring emerging trends and innovations in finance. Utilize SEO optimization, social media promotion, and targeted advertising to increase visibility.",professional,0.7708,industry|insights,0.057602204382419586,0.19448143243789673,0.14362207055091858,0.0462542325258255,0.3960191309452057,0.16202092170715332,1,persuasive,0.396,professional,0.2476,humorous,0.207,professional,1,1,professional,0.583,1.0,rule_zero_shot_agreement,True
395,Create a paid advertising campaign to drive sales for an e-commerce company specializing in home decor.,"Company: Cozy Abode; Target audience: Homeowners aged 25-45; Constraints: Limited budget; Goals: 15% increase in conversions, 20% increase in average order value; Workflow stage: Image generation","15% increase in conversions, 20% increase in average order value; Workflow stage: Image generation",Company: Cozy Abode; Target audience: Homeowners aged 25-45; Constraints: Limited budget;,Company: Cozy Abode; Target audience: Homeowners aged 25-45; Constraints: Limited budget;,Develop a series of targeted Facebook and Instagram ads featuring high-quality images,,0.0,,0.056806862354278564,0.16500604152679443,0.29513469338417053,0.03185975179076195,0.3651043772697449,0.08608826249837875,1,persuasive,0.3651,luxury,0.3538,professional,0.209,professional,1,1,professional,0.6,0.5,phi3_tiebreak,True
396,Create a social media campaign to promote a new line of eco-friendly yoga mats.,"Company: Zen Yoga, a sustainable yoga brand. Target audience: environmentally conscious yoga enthusiasts aged 25-40. Constraints: limited budget of $1,000. Goals: increase brand awareness by 20% and drive sales by 15% within 6 weeks. Workflow stage: Strategy.",increase brand awareness by 20% and drive sales by 15% within 6 weeks. Workflow stage: Strategy.,"Company: Zen Yoga, a sustainable yoga brand. Target audience: environmentally conscious yoga enthusiasts aged 25-40. Constraints: limited budget of $1,000.","Company: Zen Yoga, a sustainable yoga brand. Target audience: environmentally conscious yoga enthusiasts aged 25-40. Constraints: limited budget of $1,000.","Develop a social media campaign, ""Zen for the Planet,"" highlighting the eco-friendly features of the new yoga mats. Utilize Instagram Reels and TikTok to create engaging, short videos showcasing the mats' sustainable materials and production process. Collaborate with 5 eco-influencers for sponsored content, and allocate $300 for targeted ads on Facebook and Instagram. Offer a 10% discount to customers who share a post about the campaign on their social media.",persuasive,0.8625,discount|offer,0.07339108735322952,0.14830248057842255,0.07659494131803513,0.07569530606269836,0.4775114059448242,0.14850479364395142,1,persuasive,0.4775,humorous,0.1958,professional,0.1948,professional,1,1,persuasive,0.8625,0.3333,high_confidence_rule,True
397,Design an email marketing campaign to re-engage inactive subscribers for a luxury fashion brand.,"Company: Haute Couture, a high-end fashion brand. Target audience: inactive subscribers who haven't made a purchase in the last 6 months. Constraints: limited email list of 5,000 subscribers. Goals: re-engage 20% of inactive subscribers and drive sales by 10% within 3 months. Workflow stage: Copywriting.",re-engage 20% of inactive subscribers and drive sales by 10% within 3 months. Workflow stage: Copywriting.,"Company: Haute Couture, a high-end fashion brand. Target audience: inactive subscribers who haven't made a purchase in the last 6 months. Constraints: limited email list of 5,000 subscribers.","Company: Haute Couture, a high-end fashion brand. Target audience: inactive subscribers who haven't made a purchase in the last 6 months. Constraints: limited email list of 5,000 subscribers.","Create a ""We Miss You"" email campaign, featuring a personalized message and a special 20% discount on the subscriber's favorite designer. Use AI-powered segmentation to identify subscribers' preferences and tailor the email content. Include a ""Complete Your Look"" section with curated product recommendations. Send a follow-up email with a ""Limited Time Offer"" to encourage subscribers to make a purchase.",persuasive,1.0,limited time|discount|offer,0.029222847893834114,0.05997372791171074,0.10901797562837601,0.08792635798454285,0.6410266757011414,0.07283230125904083,1,persuasive,0.641,persuasive,0.3066,emotional,0.2278,persuasive,1,1,persuasive,0.7186,1.0,rule_zero_shot_agreement,False
398,Develop a content marketing strategy to establish a fintech company as a thought leader in the industry.,"Company: Finverge, a financial technology firm. Target audience: finance professionals and business owners. Constraints: limited content creation resources. Goals: increase website traffic by 30% and generate 20 leads per month within 6 months. Workflow stage: Strategy.",increase website traffic by 30% and generate 20 leads per month within 6 months. Workflow stage: Strategy.,"Company: Finverge, a financial technology firm. Target audience: finance professionals and business owners. Constraints: limited content creation resources.","Company: Finverge, a financial technology firm. Target audience: finance professionals and business owners. Constraints: limited content creation resources.","Launch a ""Finverge Insights"" blog, focusing on in-depth articles and research reports on industry trends and innovations. Utilize AI-powered content generation tools to create high-quality, engaging content. Collaborate with industry influencers and thought leaders for guest posts and interviews. Repurpose blog content into social media posts, email newsletters, and LinkedIn articles to maximize reach.",professional,0.9542,industry|research|insights,0.04618671536445618,0.36194679141044617,0.1883053481578827,0.07793644815683365,0.21963700652122498,0.10598769783973694,1,professional,0.3619,professional,0.3945,luxury,0.1943,professional,1,1,professional,0.7464,1.0,rule_zero_shot_agreement,False
399,Create a social media campaign to increase brand awareness among Gen Z.,"Company: Eco-Friendly Fashion Brand, Target Audience: 16-24-year-olds, Constraints: Limited budget, Goals: 20% increase in followers, Stage: Strategy.","20% increase in followers, Stage: Strategy.","Company: Eco-Friendly Fashion Brand, Target Audience: 16-24-year-olds, Constraints: Limited budget,","Company: Eco-Friendly Fashion Brand, Target Audience: 16-24-year-olds, Constraints: Limited budget,","""GreenThreads"" campaign: Collaborate with eco-influencers, share engaging content (reels, stories, posts) highlighting sustainable fashion practices, and offer limited-time discounts to encourage sharing and tagging friends. Utilize Instagram's ""Reels"" feature and TikTok's ""Reaction"" feature to increase engagement.",persuasive,0.6333,offer,0.06802637130022049,0.08264783024787903,0.0632699504494667,0.10728563368320465,0.4978310167789459,0.18093924224376678,1,persuasive,0.4978,humorous,0.2381,emotional,0.2252,professional,1,1,professional,0.6,0.3333,phi3_tiebreak,True
400,Develop a content marketing strategy to establish thought leadership in the AI industry.,"Company: AI Solutions Provider, Target Audience: Tech-savvy professionals, Constraints: High competition, Goals: 50% increase in website traffic, Stage: Content Creation.","50% increase in website traffic, Stage: Content Creation.","Company: AI Solutions Provider, Target Audience: Tech-savvy professionals, Constraints: High competition,","Company: AI Solutions Provider, Target Audience: Tech-savvy professionals, Constraints: High competition,","""AI Insights"" blog series: Publish in-depth articles on AI trends, applications, and innovations. Utilize SEO optimization and social media promotion to increase visibility. Offer downloadable whitepapers and webinars to capture leads.",professional,0.1833,insights,0.04610447958111763,0.17221732437610626,0.18423889577388763,0.05497865751385689,0.43591368198394775,0.10654684901237488,1,persuasive,0.4359,luxury,0.2321,professional,0.2292,professional,1,1,professional,0.2533,0.6667,three_method_majority,True
401,Design a personalized email marketing campaign to boost sales.,"Company: Luxury Jewelry Brand, Target Audience: High-end customers, Constraints: Limited email list, Goals: 15% increase in sales, Stage: Copywriting.","15% increase in sales, Stage: Copywriting.","Company: Luxury Jewelry Brand, Target Audience: High-end customers, Constraints: Limited email list,","Company: Luxury Jewelry Brand, Target Audience: High-end customers, Constraints: Limited email list,","""Exclusive Offers"" campaign: Use customer data to create personalized emails showcasing products based on individual preferences. Include limited-time promotions and early access to new collections.",luxury,0.6792,exclusive,0.06707825511693954,0.16645824909210205,0.1843578964471817,0.060186561197042465,0.3655681610107422,0.15635082125663757,1,persuasive,0.3656,luxury,0.2128,professional,0.2029,persuasive,1,1,luxury,0.5227,0.6667,rule_zero_shot_agreement,True
402,Create a social media contest to increase engagement.,"Company: Fitness Center, Target Audience: Fitness enthusiasts, Constraints: Limited budget, Goals: 30% increase in engagement, Stage: Post Scheduling.","30% increase in engagement, Stage: Post Scheduling.","Company: Fitness Center, Target Audience: Fitness enthusiasts, Constraints: Limited budget,","Company: Fitness Center, Target Audience: Fitness enthusiasts, Constraints: Limited budget,","""FitChallenge"" contest: Encourage followers to share workout selfies using a branded hashtag. Partner with fitness influencers to promote the contest. Offer prizes for the most creative submissions.",persuasive,0.6333,offer,0.03664383292198181,0.08663742244243622,0.07971524447202682,0.032835159450769424,0.5533624887466431,0.21080581843852997,1,persuasive,0.5534,humorous,0.3234,persuasive,0.25,persuasive,1,1,persuasive,0.7033,0.6667,three_method_majority,False
403,Develop a video marketing strategy to showcase company culture.,"Company: Tech Startup, Target Audience: Potential employees, Constraints: Limited resources, Goals: 25% increase in job applications, Stage: Video Production.","25% increase in job applications, Stage: Video Production.","Company: Tech Startup, Target Audience: Potential employees, Constraints: Limited resources,","Company: Tech Startup, Target Audience: Potential employees, Constraints: Limited resources,","""Life at [Company]"" video series: Showcase company culture, team members, and work environment. Utilize employee testimonials and behind-the-scenes footage. Share on social media, website, and job boards.",,0.0,,0.0782753974199295,0.11939756572246552,0.12176381796598434,0.13874952495098114,0.2672000825405121,0.274613618850708,1,humorous,0.2746,humorous,0.2904,emotional,0.2341,friendly,1,1,friendly,0.6,0.5,phi3_tiebreak,True
404,Create a social media campaign to promote a new eco-friendly product line for a fashion brand.,"Company: GreenThreads - a sustainable fashion brand Target Audience: Environmentally conscious millennials and Gen Z Constraints: Limited budget, high competition in the eco-friendly fashion market Goals: Increase brand awareness, drive website traffic, and generate sales Workflow Stage: Strategy and content creation","Increase brand awareness, drive website traffic, and generate sales Workflow Stage: Strategy and content creation","Company: GreenThreads - a sustainable fashion brand Target Audience: Environmentally conscious millennials and Gen Z Constraints: Limited budget, high competition in the eco-friendly fashion market","Company: GreenThreads - a sustainable fashion brand Target Audience: Environmentally conscious millennials and Gen Z Constraints: Limited budget, high competition in the eco-friendly fashion market","Develop a campaign centered around the hashtag #EcoRevolution, highlighting the brand's commitment to sustainability. Create engaging content (images, videos, and blog posts) showcasing the eco-friendly production process, recycled materials, and the impact of sustainable fashion on the environment. Collaborate with eco-influencers for sponsored content and product reviews. Allocate budget for targeted social media ads, focusing on Facebook, Instagram, and Pinterest.",,0.0,,0.06484802067279816,0.140671968460083,0.05586940422654152,0.13808749616146088,0.4655941426753998,0.1349288672208786,1,persuasive,0.4656,emotional,0.2758,professional,0.1755,professional,1,1,professional,0.6,0.5,phi3_tiebreak,True
405,Devise a content marketing strategy for a new AI-powered fitness app targeting seniors.,"Company: FitPrime - a fitness app for seniors Target Audience: Adults aged 65 and above Constraints: Limited technical proficiency among the target audience Goals: Increase app downloads, improve user engagement, and establish thought leadership Workflow Stage: Content creation and copywriting","Increase app downloads, improve user engagement, and establish thought leadership Workflow Stage: Content creation and copywriting",Company: FitPrime - a fitness app for seniors Target Audience: Adults aged 65 and above Constraints: Limited technical proficiency among the target audience,Company: FitPrime - a fitness app for seniors Target Audience: Adults aged 65 and above Constraints: Limited technical proficiency among the target audience,"Create a blog series focusing on fitness tips, health advice, and success stories of seniors who have benefited from the app. Develop comprehensive guides on using the app, including video tutorials and step-by-step instructions. Host webinars and workshops on senior fitness, featuring expert guest speakers. Utilize clear, simple language in all content to ensure accessibility.",professional,0.5875,expert,0.36865317821502686,0.15186145901679993,0.014633369632065296,0.09179187566041946,0.3133079409599304,0.05975209176540375,1,friendly,0.3687,friendly,0.5822,professional,0.1364,professional,1,1,professional,0.6575,0.6667,three_method_majority,False
406,Plan an influencer marketing campaign for a new electric vehicle model.,"Company: Volt Motors - an electric vehicle manufacturer Target Audience: Environmentally conscious car buyers Constraints: High competition in the EV market, limited brand recognition Goals: Increase brand awareness, generate test drive bookings, and drive sales Workflow Stage: Influencer research and outreach","Increase brand awareness, generate test drive bookings, and drive sales Workflow Stage: Influencer research and outreach","Company: Volt Motors - an electric vehicle manufacturer Target Audience: Environmentally conscious car buyers Constraints: High competition in the EV market, limited brand recognition","Company: Volt Motors - an electric vehicle manufacturer Target Audience: Environmentally conscious car buyers Constraints: High competition in the EV market, limited brand recognition","Identify and partner with eco-conscious influencers, automotive experts, and lifestyle thought leaders. Request they share their experiences with the new EV model through sponsored content, focusing on the vehicle's innovative features, environmental benefits, and overall driving experience. Encourage influencers to use a branded hashtag and tag the company's social media handles. Monitor and respond to all influencer-generated content to foster engagement.",,0.0,,0.08492399752140045,0.13166594505310059,0.13792531192302704,0.09603766351938248,0.4626477360725403,0.08679932355880737,1,persuasive,0.4626,emotional,0.1948,friendly,0.1892,professional,1,1,professional,0.6,0.5,phi3_tiebreak,True
407,Create a social media campaign to increase brand awareness for a new sustainable fashion brand.,"Company: GreenThreads, a startup sustainable fashion brand. Target Audience: Young adults aged 18-30 who prioritize eco-friendliness. Constraints: Limited budget, 6-week timeline. Goals: Increase followers by 500%, boost website traffic by 200%. Workflow Stage: Strategy.","Increase followers by 500%, boost website traffic by 200%. Workflow Stage: Strategy.","Company: GreenThreads, a startup sustainable fashion brand. Target Audience: Young adults aged 18-30 who prioritize eco-friendliness. Constraints: Limited budget, 6-week timeline.","Company: GreenThreads, a startup sustainable fashion brand. Target Audience: Young adults aged 18-30 who prioritize eco-friendliness. Constraints: Limited budget, 6-week timeline.","Develop a social media campaign focusing on Instagram and TikTok, leveraging hashtags #ecofashion and #sustainability. Collaborate with 5 eco-influencers for sponsored content, and create engaging, educational posts highlighting GreenThreads' sustainable practices. Allocate $1,500 for targeted ads.",,0.0,,0.08070161193609238,0.21323098242282867,0.1154816523194313,0.07256991416215897,0.4369240999221802,0.08109177649021149,1,persuasive,0.4369,professional,0.2695,friendly,0.1794,professional,1,1,professional,0.3395,1.0,three_method_majority,True
408,Design an email marketing campaign to promote a new AI-powered fitness app.,"Company: FitGenius, a cutting-edge fitness app. Target Audience: Fitness enthusiasts aged 25-45. Constraints: 3-week timeline, existing email list of 10,000 subscribers. Goals: Boost app downloads by 30%, increase premium subscriptions by 20%. Workflow Stage: Copywriting.","Boost app downloads by 30%, increase premium subscriptions by 20%. Workflow Stage: Copywriting.","Company: FitGenius, a cutting-edge fitness app. Target Audience: Fitness enthusiasts aged 25-45. Constraints: 3-week timeline, existing email list of 10,000 subscribers.","Company: FitGenius, a cutting-edge fitness app. Target Audience: Fitness enthusiasts aged 25-45. Constraints: 3-week timeline, existing email list of 10,000 subscribers.","Craft a series of 3 emails: Introduction to FitGenius' AI technology, success stories, and an exclusive promo offer. Use attention-grabbing subject lines and CTAs, emphasizing personalized fitness experiences. Include eye-catching visuals and social proof to drive conversions.",luxury,0.3192,exclusive,0.004822559654712677,0.01741788163781166,0.042915426194667816,0.06695564091205597,0.853661298751831,0.014227185398340225,1,persuasive,0.8537,persuasive,0.573,emotional,0.2435,persuasive,1,1,persuasive,0.643,0.6667,three_method_majority,False
409,Develop a content marketing strategy for a B2B software company.,"Company: Proxima Software, a B2B software solutions provider. Target Audience: Business owners and IT professionals. Constraints: 2-month timeline, limited content creation resources. Goals: Establish thought leadership, increase organic website traffic by 50%. Workflow Stage: Strategy.","Establish thought leadership, increase organic website traffic by 50%. Workflow Stage: Strategy.","Company: Proxima Software, a B2B software solutions provider. Target Audience: Business owners and IT professionals. Constraints: 2-month timeline, limited content creation resources.","Company: Proxima Software, a B2B software solutions provider. Target Audience: Business owners and IT professionals. Constraints: 2-month timeline, limited content creation resources.","Create a comprehensive content marketing plan focusing on blog posts, whitepapers, and webinars. Utilize AI-powered content generation tools to streamline production. Identify and target high-traffic keywords, and repurpose content for social media and email newsletters.",,0.0,,0.07294069230556488,0.26461681723594666,0.18718744814395905,0.07015753537416458,0.2580222189426422,0.14707525074481964,1,professional,0.2646,professional,0.292,luxury,0.1955,professional,1,1,professional,0.362,1.0,three_method_majority,True
410,Generate a social media post schedule for a non-profit organization.,"Company: The Kindness Project, a non-profit organization. Target Audience: General public, aged 18-55. Constraints: Limited staff, 1-month timeline. Goals: Increase followers by 20%, boost engagement by 50%. Workflow Stage: Post Scheduling.","Increase followers by 20%, boost engagement by 50%. Workflow Stage: Post Scheduling.","Company: The Kindness Project, a non-profit organization. Target Audience: General public, aged 18-55. Constraints: Limited staff, 1-month timeline.","Company: The Kindness Project, a non-profit organization. Target Audience: General public, aged 18-55. Constraints: Limited staff, 1-month timeline.","Plan and schedule 12 social media posts across Facebook, Twitter, and Instagram, highlighting",,0.0,,0.07743581384420395,0.14065079391002655,0.14272625744342804,0.12918539345264435,0.333179771900177,0.1768219918012619,1,persuasive,0.3332,emotional,0.2312,humorous,0.1984,professional,1,1,professional,0.6,0.5,phi3_tiebreak,True
411,Create a social media campaign to increase brand awareness for a new eco-friendly fashion brand.,"Company: GreenThreads Target Audience: Young adults aged 18-30, environmentally conscious Constraints: Limited budget of $1,000 Goals: Increase followers by 20% in 3 months, boost website traffic by 15% Workflow Stage: Strategy","Increase followers by 20% in 3 months, boost website traffic by 15% Workflow Stage: Strategy","Company: GreenThreads Target Audience: Young adults aged 18-30, environmentally conscious Constraints: Limited budget of $1,000","Company: GreenThreads Target Audience: Young adults aged 18-30, environmentally conscious Constraints: Limited budget of $1,000","Develop a 3-month social media strategy focusing on Instagram and TikTok. Utilize hashtags #ecofriendly and #sustainability, and partner with 3 eco-influencers for sponsored content. Allocate $300 for influencer collaborations, $200 for paid ads, and $500 for content creation. Share engaging content (images, videos, and stories) highlighting the brand's commitment to sustainability, customer testimonials, and behind-the-scenes insights into the design process.",professional,0.7708,strategy|insights,0.13402532041072845,0.15353649854660034,0.08450036495923996,0.24077630043029785,0.26354509592056274,0.12361641973257065,1,persuasive,0.2635,emotional,0.3648,friendly,0.223,professional,1,1,professional,0.8408,0.6667,three_method_majority,False
412,Design an email marketing campaign to promote a new smart home security system.,"Company: SafeHaven Target Audience: Homeowners aged 35-55, tech-savvy Constraints: Email list of 10,000 subscribers Goals: Increase sales by 12% in 2 months, boost email open rates by 20% Workflow Stage: Image Generation","Increase sales by 12% in 2 months, boost email open rates by 20% Workflow Stage: Image Generation","Company: SafeHaven Target Audience: Homeowners aged 35-55, tech-savvy Constraints: Email list of 10,000 subscribers","Company: SafeHaven Target Audience: Homeowners aged 35-55, tech-savvy Constraints: Email list of 10,000 subscribers","Create a series of 3 email campaigns with attention-grabbing subject lines and hero images showcasing the system's features. Use a mix of promotional and educational content, highlighting the benefits of smart home security, customer testimonials, and limited-time promotions. Incorporate a clear call-to-action (CTA) to encourage subscribers to schedule a demo or purchase the system. Use segmentation to personalize emails based on subscriber interests and demographics.",,0.0,,0.003300534561276436,0.009049042128026485,0.015813471749424934,0.005915800575166941,0.9582761526107788,0.0076449294574558735,1,persuasive,0.9583,persuasive,0.8578,luxury,0.0453,persuasive,1,1,persuasive,0.9278,1.0,three_method_majority,False
413,Write a compelling product description for a new vegan skincare line.,"Company: Blooming Beauty Target Audience: Women aged 25-45, health-conscious Constraints: Product descriptions should be 150 words or less Goals: Increase online sales by 18% in 6 weeks, improve product page engagement by 25% Workflow Stage: Copywriting","Increase online sales by 18% in 6 weeks, improve product page engagement by 25% Workflow Stage: Copywriting","Company: Blooming Beauty Target Audience: Women aged 25-45, health-conscious Constraints: Product descriptions should be 150 words or less","Company: Blooming Beauty Target Audience: Women aged 25-45, health-conscious Constraints: Product descriptions should be 150 words or less","""Indulge in the power of nature with our vegan skincare line, carefully crafted to nourish and rejuvenate your skin. Our products are free from harsh chemicals, artificial fragrances, and animal-derived ingredients. Instead, we harness the potency of plant-based extracts and essential oils to create effective, cruelty-free formulas. From soothing moisturizers to invigorating serums, our products are designed to help you achieve radiant, healthy-looking skin that gl",luxury,0.5875,crafted,0.09130866080522537,0.1278601437807083,0.18377487361431122,0.13339130580425262,0.3477495610713959,0.1159154549241066,1,persuasive,0.3477,emotional,0.2386,luxury,0.1944,friendly,1,1,friendly,0.6,0.3333,phi3_tiebreak,True
414,Develop a comprehensive social media strategy to increase brand awareness among eco-conscious consumers.,"Company: Verdi, a sustainable fashion brand. Target audience: Women aged 25-45 who prioritize environmental sustainability. Constraints: Limited budget for influencer marketing. Goals: Increase followers by 20% and boost website traffic by 15% in 6 months. Workflow stage: Strategy.",Increase followers by 20% and boost website traffic by 15% in 6 months. Workflow stage: Strategy.,"Company: Verdi, a sustainable fashion brand. Target audience: Women aged 25-45 who prioritize environmental sustainability. Constraints: Limited budget for influencer marketing.","Company: Verdi, a sustainable fashion brand. Target audience: Women aged 25-45 who prioritize environmental sustainability. Constraints: Limited budget for influencer marketing.","Create a social media strategy focused on user-generated content (UGC) and educational posts highlighting Verdi's eco-friendly production processes. Utilize Instagram Reels and TikTok for short-form content, leveraging hashtags #Sustainability and #EcoFashion. Allocate 30% of the budget for sponsored ads targeting eco-conscious influencers' followers.",professional,0.5875,strategy,0.1000947430729866,0.058727066963911057,0.158737450838089,0.08408141136169434,0.4811212122440338,0.11723805963993073,1,persuasive,0.4811,friendly,0.2258,luxury,0.1928,professional,1,1,professional,0.6575,0.6667,three_method_majority,False
415,Design eye-catching visuals for a new product launch campaign.,"Company: Bloom, a skincare brand launching a new line of natural face masks. Target audience: Women and men aged 25-50 interested in natural skincare. Constraints: Brand color palette is pastel-based. Goals: Create engaging visuals that drive sales. Workflow stage: Image generation.",Create engaging visuals that drive sales. Workflow stage: Image generation.,"Company: Bloom, a skincare brand launching a new line of natural face masks. Target audience: Women and men aged 25-50 interested in natural skincare. Constraints: Brand color palette is pastel-based.","Company: Bloom, a skincare brand launching a new line of natural face masks. Target audience: Women and men aged 25-50 interested in natural skincare. Constraints: Brand color palette is pastel-based.","Generate images showcasing the face masks in a natural setting, incorporating elements like flowers, leaves, and stones. Utilize a soft, watercolor-inspired aesthetic to match the pastel brand colors. Include lifestyle shots of people applying the masks, highlighting the products' natural ingredients and benefits.",,0.0,,0.3193381726741791,0.051110297441482544,0.13639721274375916,0.06318964064121246,0.3041483163833618,0.12581633031368256,1,friendly,0.3193,friendly,0.5302,luxury,0.1219,friendly,1,1,friendly,0.6002,1.0,three_method_majority,True
416,Create a content calendar for a B2B software company.,"Company: TechSolutions, a provider of AI-powered marketing automation tools. Target audience: Marketing professionals and business owners. Constraints: Limited resources for content creation. Goals: Establish thought leadership and drive demo requests. Workflow stage: Post scheduling.",Establish thought leadership and drive demo requests. Workflow stage: Post scheduling.,"Company: TechSolutions, a provider of AI-powered marketing automation tools. Target audience: Marketing professionals and business owners. Constraints: Limited resources for content creation.","Company: TechSolutions, a provider of AI-powered marketing automation tools. Target audience: Marketing professionals and business owners. Constraints: Limited resources for content creation.","Develop a content calendar focusing on industry insights, best practices, and customer success stories. Allocate 40% of content",professional,0.7708,industry|insights,0.08025616407394409,0.22490057349205017,0.1682673841714859,0.1310017853975296,0.24631161987781525,0.14926250278949738,1,persuasive,0.2463,professional,0.2349,emotional,0.219,professional,1,1,professional,0.5761,1.0,rule_zero_shot_agreement,True
417,Create a social media campaign to increase brand awareness for a new eco-friendly fashion brand.,"Company: GreenThreads, a sustainable clothing startup targeting young adults aged 18-35 who prioritize environmental responsibility. The campaign should run on Instagram, Facebook, and Twitter, with a budget of $10,000. The goal is to reach 1 million impressions within 6 weeks. Workflow stage: Strategy.",,"Company: GreenThreads, a sustainable clothing startup targeting young adults aged 18-35 who prioritize environmental responsibility. The campaign should run on Instagram, Facebook, and Twitter, with a budget of $10,000. The goal is to reach 1 million impressions within 6 weeks. Workflow stage: Strategy.","Company: GreenThreads, a sustainable clothing startup targeting young adults aged 18-35 who prioritize environmental responsibility. The campaign should run on Instagram, Facebook, and Twitter, with a budget of $10,000. The goal is to reach 1 million impressions within 6 weeks. Workflow stage: Strategy.","""Green Revolution"" campaign: Collaborate with eco-influencers to showcase GreenThreads' products in relatable, everyday settings, highlighting the brand's commitment to sustainability. Utilize Instagram Reels and IGTV for behind-the-scenes content, Facebook for targeted ads, and Twitter for engaging with customers and sharing eco-friendly tips. Allocate $3,000 for influencer partnerships, $4,000 for ad spend, and $3,000 for content creation.",,0.0,,0.48754313588142395,0.03185878321528435,0.00624013552442193,0.10638028383255005,0.2399907261133194,0.12798690795898438,1,friendly,0.4875,friendly,0.6778,emotional,0.1347,professional,1,1,professional,0.6,0.5,phi3_tiebreak,True
418,Develop a content calendar for a B2B software company's blog.,"Company: TechCorp, a provider of AI-powered project management tools targeting IT teams and business leaders. The blog should focus on industry insights, best practices, and product updates. Goal: Publish 2 articles per week, increasing website traffic by 20% in 3 months. Workflow stage: Content creation.","Publish 2 articles per week, increasing website traffic by 20% in 3 months. Workflow stage: Content creation.","Company: TechCorp, a provider of AI-powered project management tools targeting IT teams and business leaders. The blog should focus on industry insights, best practices, and product updates.","Company: TechCorp, a provider of AI-powered project management tools targeting IT teams and business leaders. The blog should focus on industry insights, best practices, and product updates.","""TechTalk"" content calendar: Create a mix of article types, including thought leadership pieces, customer success stories, and product tutorials. Utilize SEO optimization and social media promotion to increase visibility. Sample topics: ""5 Ways AI Can Enhance Project Management,"" ""Case Study: How XYZ Corp Improved Efficiency with TechCorp,"" and ""A Beginner's Guide to Agile Methodologies."" Allocate 2 hours per article for research and writing.",professional,0.8625,research|case study,0.06284400075674057,0.20296509563922882,0.10147368907928467,0.15629403293132782,0.3447428047657013,0.13168035447597504,1,persuasive,0.3447,emotional,0.28,professional,0.2271,professional,1,1,professional,0.9325,0.6667,three_method_majority,False
419,Design a targeted email campaign to re-engage inactive customers for an e-commerce platform.,"Company: ShopSmart, an online retailer offering a wide range of products, targeting customers who haven't made a purchase in the last 6 months. Goal: Reactivate 20% of inactive customers within 2 months. Workflow stage: Email marketing.",Reactivate 20% of inactive customers within 2 months. Workflow stage: Email marketing.,"Company: ShopSmart, an online retailer offering a wide range of products, targeting customers who haven't made a purchase in the last 6 months.","Company: ShopSmart, an online retailer offering a wide range of products, targeting customers who haven't made a purchase in the last 6 months.","""Welcome Back"" campaign: Segment inactive customers based on purchase history and preferences. Design personalized emails with special offers, new product releases, and loyalty rewards. Use attention-grabbing subject lines and CTAs, such as ""We Miss You!"" and ""Exclusive 20% Off Your Next Purchase."" Allocate $1,000 for email design and content creation.",friendly,0.2292,welcome,0.037747424095869064,0.049617473036050797,0.05236151069402695,0.028960632160305977,0.7618194818496704,0.06949340552091599,1,persuasive,0.7618,persuasive,0.4442,humorous,0.1376,persuasive,1,1,persuasive,0.5142,0.6667,three_method_majority,True
420,Create a social media campaign to increase brand awareness and drive sales for a sustainable fashion brand targeting young adults.,"Company: GreenThreads, a fashion brand using eco-friendly materials and production methods. Target Audience: Young adults (18-30) interested in sustainability and fashion. Constraints: Limited budget of $10,000. Goals: Increase brand awareness by 20% and drive sales by 15% within 6 weeks. Workflow Stage: Strategy.",Increase brand awareness by 20% and drive sales by 15% within 6 weeks. Workflow Stage: Strategy.,"Company: GreenThreads, a fashion brand using eco-friendly materials and production methods. Target Audience: Young adults (18-30) interested in sustainability and fashion. Constraints: Limited budget of $10,000.","Company: GreenThreads, a fashion brand using eco-friendly materials and production methods. Target Audience: Young adults (18-30) interested in sustainability and fashion. Constraints: Limited budget of $10,000.","Launch a social media contest, ""Eco-Chic Challenge,"" where followers share their sustainable fashion choices using a branded hashtag. Partner with eco-influencers to showcase GreenThreads' products. Utilize Instagram Reels and TikTok for engaging, short-form content. Allocate $3,000 for influencer collaborations, $2,000 for paid social media ads, and $5,000 for content creation and contest prizes.",,0.0,,0.051405731588602066,0.09245553612709045,0.07674723863601685,0.0534757561981678,0.5531201958656311,0.17279556393623352,1,persuasive,0.5531,humorous,0.2558,persuasive,0.2411,professional,1,1,professional,0.6,0.5,phi3_tiebreak,True
421,Develop an email marketing campaign to nurture leads and encourage conversions for a B2B software company.,"Company: TechCorp, a software company offering AI-powered solutions for businesses. Target Audience: Business owners and decision-makers in the tech industry. Constraints: Limited email list of 1,000 subscribers. Goals: Increase conversion rates by 25% within 3 months. Workflow Stage: Copywriting.",Increase conversion rates by 25% within 3 months. Workflow Stage: Copywriting.,"Company: TechCorp, a software company offering AI-powered solutions for businesses. Target Audience: Business owners and decision-makers in the tech industry. Constraints: Limited email list of 1,000 subscribers.","Company: TechCorp, a software company offering AI-powered solutions for businesses. Target Audience: Business owners and decision-makers in the tech industry. Constraints: Limited email list of 1,000 subscribers.","Create a 3-email nurture sequence: Email 1 - ""Introduction to AI-Powered Solutions""; Email 2 - ""Success Stories and Case Studies""; Email 3 - ""Exclusive Demo and Trial Offer."" Use personalized subject lines and content based on subscriber interests. Include clear CTAs and track engagement metrics to refine future campaigns.",luxury,0.3192,exclusive,0.0942852795124054,0.10025034844875336,0.18792372941970825,0.07488119602203369,0.4490921199321747,0.09356729686260223,1,persuasive,0.4491,luxury,0.2251,friendly,0.2097,professional,1,1,luxury,0.3674,0.6667,rule_zero_shot_agreement,True
422,Design an influencer marketing campaign to promote a new energy drink targeting gamers and esports enthusiasts.,"Company: EnergyBoost, a beverage company launching a new energy drink, ""GameFuel."" Target Audience: Gamers and esports enthusiasts (18-35). Constraints: Budget of $50,000. Goals: Increase brand awareness by 30% and drive sales by 20% within 8 weeks. Workflow Stage: Image Generation.",Increase brand awareness by 30% and drive sales by 20% within 8 weeks. Workflow Stage: Image Generation.,"Company: EnergyBoost, a beverage company launching a new energy drink, ""GameFuel."" Target Audience: Gamers and esports enthusiasts (18-35). Constraints: Budget of $50,000.","Company: EnergyBoost, a beverage company launching a new energy drink, ""GameFuel."" Target Audience: Gamers and esports enthusiasts (18-35). Constraints: Budget of $50,000.","Partner with 5 gaming influencers on Twitch and YouTube to showcase GameFuel as their go-to energy drink. Create sponsored content, such as gaming sessions and product reviews, featuring custom-designed GameFuel branding and packaging. Allocate $20,000 for influencer fees, $15,000 for content creation, and $15,000 for product seeding and events.",,0.0,,0.0676717609167099,0.16708320379257202,0.1684950888156891,0.07290708273649216,0.38134175539016724,0.1425011157989502,1,persuasive,0.3813,professional,0.2043,luxury,0.195,professional,1,1,professional,0.2743,1.0,three_method_majority,True
423,Create a social media campaign to increase brand awareness for a sustainable fashion brand among Gen Z consumers.,"Company: GreenThreads, a sustainable fashion brand Target Audience: Gen Z consumers (18-24 years old) Constraints: Limited budget, high competition in the sustainable fashion market Goals: Increase brand awareness, drive website traffic, and boost sales Workflow Stage: Strategy and content creation","Increase brand awareness, drive website traffic, and boost sales Workflow Stage: Strategy and content creation","Company: GreenThreads, a sustainable fashion brand Target Audience: Gen Z consumers (18-24 years old) Constraints: Limited budget, high competition in the sustainable fashion market","Company: GreenThreads, a sustainable fashion brand Target Audience: Gen Z consumers (18-24 years old) Constraints: Limited budget, high competition in the sustainable fashion market","""Revolutionize Your Wardrobe"" social media campaign: - Collaborate with eco-influencers and user-generated content campaigns to showcase sustainable fashion - Share behind-the-scenes content highlighting GreenThreads' sustainable production processes - Utilize Instagram Reels and TikTok to create engaging, 60-second ""Eco-Challenge"" videos - Offer limited-time discounts to encourage followers to share their own eco-friendly fashion tips",persuasive,0.6333,offer,0.051375098526477814,0.06649086624383926,0.08441929519176483,0.06019487977027893,0.6138671040534973,0.12365271896123886,1,persuasive,0.6139,persuasive,0.2841,humorous,0.1943,persuasive,1,1,persuasive,0.5412,1.0,rule_zero_shot_agreement,True
424,Develop a targeted email marketing campaign to promote a new AI-powered fitness app among fitness enthusiasts.,"Company: FitGenius, an AI-powered fitness app Target Audience: Fitness enthusiasts (25-45 years old) Constraints: Highly competitive fitness app market Goals: Drive app downloads, increase user engagement, and boost premium subscription sales Workflow Stage: Email marketing and automation","Drive app downloads, increase user engagement, and boost premium subscription sales Workflow Stage: Email marketing and automation","Company: FitGenius, an AI-powered fitness app Target Audience: Fitness enthusiasts (25-45 years old) Constraints: Highly competitive fitness app market","Company: FitGenius, an AI-powered fitness app Target Audience: Fitness enthusiasts (25-45 years old) Constraints: Highly competitive fitness app market","""Unlock Your Fitness Potential"" email campaign: - Create a series of targeted emails highlighting the app's AI-powered features and success stories - Offer a 14-day free trial and exclusive discounts for premium subscriptions - Utilize segmentation to personalize emails based on user interests and fitness goals - Integrate with social media to encourage user-generated content and community engagement",luxury,0.7283,premium|exclusive,0.05937450751662254,0.12759292125701904,0.1471082717180252,0.10288400948047638,0.43508967757225037,0.1279505342245102,1,persuasive,0.4351,emotional,0.2077,luxury,0.1756,persuasive,1,1,persuasive,0.6,0.3333,phi3_tiebreak,True
425,Design an influencer marketing campaign to promote a new line of eco-friendly home cleaning products.,"Company: GreenClean, an eco-friendly home cleaning products brand Target Audience: Environmentally conscious homeowners (25-50 years old) Constraints: Limited budget, high competition in the cleaning products market Goals: Increase brand awareness, drive sales, and establish thought leadership Workflow Stage: Influencer marketing and partnerships","Increase brand awareness, drive sales, and establish thought leadership Workflow Stage: Influencer marketing and partnerships","Company: GreenClean, an eco-friendly home cleaning products brand Target Audience: Environmentally conscious homeowners (25-50 years old) Constraints: Limited budget, high competition in the cleaning products market","Company: GreenClean, an eco-friendly home cleaning products brand Target Audience: Environmentally conscious homeowners (25-50 years old) Constraints: Limited budget, high competition in the cleaning products market","""Cleaning with a Conscience"" influencer campaign: - Partner with eco-influencers and zero-waste advocates to showcase GreenClean products - Collaborate with popular home decor and lifestyle influencers to highlight product benefits - Utilize Instagram and YouTube for product reviews, tutorials, and ""before-and-after"" content - Host webinars and workshops to educate consumers on sustainable cleaning practices",,0.0,,0.07515812665224075,0.1119316965341568,0.11264680325984955,0.09404771775007248,0.496633380651474,0.10958226770162582,1,persuasive,0.4966,emotional,0.1986,persuasive,0.1936,professional,1,1,professional,0.6,0.5,phi3_tiebreak,True
426,Create a social media campaign to increase brand awareness for a sustainable fashion brand.,"Company: GreenThreads, a sustainable fashion brand targeting millennials and Gen Z. Target audience: environmentally conscious consumers aged 18-35. Constraints: limited budget of $1,000. Goals: increase brand awareness by 20% in 3 months. Workflow stage: strategy.",increase brand awareness by 20% in 3 months. Workflow stage: strategy.,"Company: GreenThreads, a sustainable fashion brand targeting millennials and Gen Z. Target audience: environmentally conscious consumers aged 18-35. Constraints: limited budget of $1,000.","Company: GreenThreads, a sustainable fashion brand targeting millennials and Gen Z. Target audience: environmentally conscious consumers aged 18-35. Constraints: limited budget of $1,000.","Launch a social media campaign across Instagram, TikTok, and Facebook, focusing on eco-friendly fashion tips, behind-the-scenes content, and user-generated content. Collaborate with 3 eco-influencers to showcase GreenThreads' sustainable clothing lines. Allocate $300 for influencer partnerships, $200 for content creation, and $500 for paid social media ads.",,0.0,,0.08550352603197098,0.10715030133724213,0.1192830428481102,0.09889905899763107,0.4109872877597809,0.1781768500804901,1,persuasive,0.411,humorous,0.2157,emotional,0.191,professional,1,1,professional,0.6,0.5,phi3_tiebreak,True
427,Develop an email marketing strategy to nurture leads for a B2B software company.,"Company: TechCorp, a B2B software company targeting IT professionals. Target audience: small to medium-sized business owners and IT decision-makers. Constraints: limited email list of 500 subscribers. Goals: increase conversion rates by 15% in 6 months. Workflow stage: email copywriting.",increase conversion rates by 15% in 6 months. Workflow stage: email copywriting.,"Company: TechCorp, a B2B software company targeting IT professionals. Target audience: small to medium-sized business owners and IT decision-makers. Constraints: limited email list of 500 subscribers.","Company: TechCorp, a B2B software company targeting IT professionals. Target audience: small to medium-sized business owners and IT decision-makers. Constraints: limited email list of 500 subscribers.","Create a 6-email nurturing sequence focusing on industry insights, product tutorials, and customer success stories. Use personalization techniques, such as addressing subscribers by name and tailoring content based on their company size and industry. Include clear calls-to-action (CTAs) to schedule demos or trials.",professional,0.7708,industry|insights,0.05503270775079727,0.046224445104599,0.05209879204630852,0.09161269664764404,0.7129945755004883,0.04203677177429199,1,persuasive,0.713,persuasive,0.356,emotional,0.2478,professional,1,1,professional,0.8408,0.6667,three_method_majority,False
428,Design a mobile app promotion campaign to increase downloads for a fitness app.,"Company: FitPal, a fitness app targeting health-conscious individuals. Target audience: fitness enthusiasts aged 25-45. Constraints: limited budget of $5,000. Goals: increase app downloads by 30% in 2 months. Workflow stage: image generation.",increase app downloads by 30% in 2 months. Workflow stage: image generation.,"Company: FitPal, a fitness app targeting health-conscious individuals. Target audience: fitness enthusiasts aged 25-45. Constraints: limited budget of $5,000.","Company: FitPal, a fitness app targeting health-conscious individuals. Target audience: fitness enthusiasts aged 25-45. Constraints: limited budget of $5,000.","Create eye-catching visuals showcasing FitPal's key features, such as personalized workout plans and progress tracking. Develop a series of Instagram and Facebook ads highlighting user success stories and promoting a free 1-month trial. Allocate $2,000 for ad spend, $1,500 for influencer partnerships, and $1,500 for content creation.",,0.0,,0.049070313572883606,0.1185954138636589,0.13419580459594727,0.0906170904636383,0.4589863121509552,0.14853514730930328,1,persuasive,0.459,humorous,0.1957,emotional,0.1905,professional,1,1,professional,0.6,0.5,phi3_tiebreak,True
429,Create a social media campaign to increase brand awareness among Gen Z for a sustainable fashion brand.,"Company: GreenThreads, a clothing brand using recycled materials. Target audience: Gen Z (18-24 years old). Constraints: Limited budget ($1,000). Goals: Increase followers by 50% in 3 months. Workflow stage: Strategy.",Increase followers by 50% in 3 months. Workflow stage: Strategy.,"Company: GreenThreads, a clothing brand using recycled materials. Target audience: Gen Z (18-24 years old). Constraints: Limited budget ($1,000).","Company: GreenThreads, a clothing brand using recycled materials. Target audience: Gen Z (18-24 years old). Constraints: Limited budget ($1,000).","Develop a TikTok-focused campaign featuring eco-influencers showcasing GreenThreads' clothes in creative, 15-second videos. Utilize hashtags #Sustainability and #EcoFashion, and allocate $300 for influencer partnerships, $200 for content creation, and $500 for paid advertising.",,0.0,,0.06565540283918381,0.08512227237224579,0.08344871550798416,0.05155707523226738,0.5431773662567139,0.1710391342639923,1,persuasive,0.5432,humorous,0.2472,persuasive,0.2312,professional,1,1,professional,0.6,0.5,phi3_tiebreak,True
430,Design an email marketing campaign to drive sales for a new AI-powered fitness app.,"Company: FitGenie, an AI-driven fitness coaching app. Target audience: Fitness enthusiasts (25-45 years old). Constraints: Limited email list (5,000 subscribers). Goals: Boost sales by 20% in 2 months. Workflow stage: Copywriting.",Boost sales by 20% in 2 months. Workflow stage: Copywriting.,"Company: FitGenie, an AI-driven fitness coaching app. Target audience: Fitness enthusiasts (25-45 years old). Constraints: Limited email list (5,000 subscribers).","Company: FitGenie, an AI-driven fitness coaching app. Target audience: Fitness enthusiasts (25-45 years old). Constraints: Limited email list (5,000 subscribers).","Craft a series of 4 emails highlighting the app's AI-powered features, success stories, and exclusive promotions. Use attention-grabbing subject lines like ""Unlock Your Fitness Potential"" and include a clear call-to-action (CTA) to encourage sign-ups.",luxury,0.6792,exclusive,0.0020171136129647493,0.008831488899886608,0.015370488166809082,0.012411677278578281,0.9484747052192688,0.012894519604742527,1,persuasive,0.9485,persuasive,0.8243,emotional,0.0584,persuasive,1,1,persuasive,0.8943,0.6667,three_method_majority,False
431,Develop a content marketing strategy for a financial services company targeting millennials.,"Company: Prosperity Partners, a financial advisory firm. Target audience: Millennials (25-35 years old). Constraints: Limited content creation resources. Goals: Establish thought leadership and generate 50 leads in 6 months. Workflow stage: Strategy.",Establish thought leadership and generate 50 leads in 6 months. Workflow stage: Strategy.,"Company: Prosperity Partners, a financial advisory firm. Target audience: Millennials (25-35 years old). Constraints: Limited content creation resources.","Company: Prosperity Partners, a financial advisory firm. Target audience: Millennials (25-35 years old). Constraints: Limited content creation resources.","Create a blog series focusing on millennial-centric financial topics (e.g., student loan management, cryptocurrency investing). Utilize SEO optimization, social media promotion, and guest blogging to increase visibility. Allocate resources for 2 articles/month and repurpose content into social media posts, email newsletters, and a quarterly e-book.",persuasive,0.4867,,0.073167584836483,0.16464658081531525,0.18147887289524078,0.06274466961622238,0.3246878981590271,0.1932743787765503,1,persuasive,0.3247,humorous,0.2267,luxury,0.2008,professional,1,1,professional,0.6,0.3333,phi3_tiebreak,True
432,Create a video marketing campaign for a new electric vehicle model targeting environmentally conscious consumers.,"Company: EcoMotion, an electric vehicle manufacturer. Target audience: Environmentally conscious consumers (25-50 years old). Constraints: Limited budget ($5,000). Goals: Generate 1,000 leads in 3 months. Workflow stage: Image generation.","Generate 1,000 leads in 3 months. Workflow stage: Image generation.","Company: EcoMotion, an electric vehicle manufacturer. Target audience: Environmentally conscious consumers (25-50 years old). Constraints: Limited budget ($5,000).","Company: EcoMotion, an electric vehicle manufacturer. Target audience: Environmentally conscious consumers (25-50 years old). Constraints: Limited budget ($5,000).","Develop a series of 3 short videos (60-second, 30-second, and 15-second) showcasing",,0.0,,0.10634508728981018,0.13204169273376465,0.12682297825813293,0.06849758327007294,0.3718308210372925,0.19446183741092682,1,persuasive,0.3718,humorous,0.2286,friendly,0.219,persuasive,1,1,persuasive,0.6,0.5,phi3_tiebreak,True
433,Create a social media campaign to increase brand awareness among Gen Z for a sustainable fashion brand.,"Company: Green Threads, Target Audience: Gen Z (18-24), Constraints: Limited budget, Goals: Increase brand awareness by 30% in 6 weeks, Workflow Stage: Strategy","Increase brand awareness by 30% in 6 weeks, Workflow Stage: Strategy","Company: Green Threads, Target Audience: Gen Z (18-24), Constraints: Limited budget,","Company: Green Threads, Target Audience: Gen Z (18-24), Constraints: Limited budget,","Develop a social media campaign, ""Threads for a Cause,"" highlighting eco-friendly fashion practices. Utilize Instagram Reels and TikTok to share engaging, informative content, and collaborate with 5 eco-influencers to showcase sustainable fashion tips. Allocate $1,000 for influencer partnerships and $500 for ad spend.",,0.0,,0.07501617819070816,0.17376509308815002,0.08710300922393799,0.06489855796098709,0.4008716642856598,0.19834554195404053,1,persuasive,0.4009,humorous,0.2459,professional,0.2146,professional,1,1,professional,0.6,0.5,phi3_tiebreak,True
434,Design a targeted email campaign to promote a new luxury watch collection to high-end consumers.,"Company: Timeless Watches, Target Audience: High-end consumers (35-55), Constraints: Exclusive brand image, Goals: Drive sales of new collection by 25% in 3 months, Workflow Stage: Copywriting","Drive sales of new collection by 25% in 3 months, Workflow Stage: Copywriting","Company: Timeless Watches, Target Audience: High-end consumers (35-55), Constraints: Exclusive brand image,","Company: Timeless Watches, Target Audience: High-end consumers (35-55), Constraints: Exclusive brand image,","Create an email campaign, ""Timeless Elegance,"" showcasing the new collection's craftsmanship and sophistication. Use personalized subject lines and content based on customers' purchase history and interests. Offer exclusive access to a limited-edition watch for loyal customers.",luxury,0.6625,exclusive|timeless,0.018809447064995766,0.0519510842859745,0.8057026267051697,0.022177409380674362,0.06927967071533203,0.032079800963401794,1,luxury,0.8057,luxury,0.8149,professional,0.0555,,0,0,luxury,0.8463,1.0,rule_zero_shot_agreement,False
435,Develop a content marketing strategy to position a fintech company as a thought leader in the industry.,"Company: Finverge, Target Audience: Financial professionals (25-45), Constraints: Highly competitive industry, Goals: Establish thought leadership and increase website traffic by 40% in 6 months, Workflow Stage: Strategy","Establish thought leadership and increase website traffic by 40% in 6 months, Workflow Stage: Strategy","Company: Finverge, Target Audience: Financial professionals (25-45), Constraints: Highly competitive industry,","Company: Finverge, Target Audience: Financial professionals (25-45), Constraints: Highly competitive industry,","Launch a content hub, ""Finverge Insights,"" featuring in-depth articles, whitepapers, and webinars on industry trends and innovations. Partner with 3 influential finance thought leaders to contribute guest posts and participate in podcast interviews. Utilize SEO optimization to improve search engine rankings.",professional,0.7708,industry|insights,0.06263499706983566,0.2309998869895935,0.17403052747249603,0.06402695924043655,0.32914695143699646,0.1391606628894806,1,persuasive,0.3291,professional,0.2733,luxury,0.1949,professional,1,1,professional,0.5972,1.0,rule_zero_shot_agreement,True
436,Create a social media contest to engage customers and promote a new beauty product line.,"Company: BeautyBuzz, Target Audience: Women (18-40), Constraints: Limited budget, Goals: Increase engagement by 50% and drive sales by 20% in 2 months, Workflow Stage: Image Generation","Increase engagement by 50% and drive sales by 20% in 2 months, Workflow Stage: Image Generation","Company: BeautyBuzz, Target Audience: Women (18-40), Constraints: Limited budget,","Company: BeautyBuzz, Target Audience: Women (18-40), Constraints: Limited budget,","Develop a social media contest, ""BeautyBuzz Challenge,"" where customers share their favorite beauty tips and tricks using a branded hashtag. Offer a grand prize of a year",persuasive,0.6333,offer,0.0661155954003334,0.129678875207901,0.11658583581447601,0.046753451228141785,0.45334699749946594,0.18751917779445648,1,persuasive,0.4533,humorous,0.2498,persuasive,0.1779,friendly,1,1,friendly,0.6,0.3333,phi3_tiebreak,True
437,Create a social media campaign that increases brand awareness and drives sales for a new sustainable fashion brand.,"Company: Verde Clothing, a startup sustainable fashion brand Target Audience: Environmentally conscious millennials and Gen Z Constraints: Limited budget, high competition in the sustainable fashion market Goals: Increase brand awareness by 30%, drive sales by 25% Workflow Stage: Strategy","Increase brand awareness by 30%, drive sales by 25% Workflow Stage: Strategy","Company: Verde Clothing, a startup sustainable fashion brand Target Audience: Environmentally conscious millennials and Gen Z Constraints: Limited budget, high competition in the sustainable fashion market","Company: Verde Clothing, a startup sustainable fashion brand Target Audience: Environmentally conscious millennials and Gen Z Constraints: Limited budget, high competition in the sustainable fashion market","""Green Revolution"" campaign, focusing on Instagram and TikTok. Collaborate with eco-influencers and user-generated content to showcase Verde's sustainable practices. Utilize Instagram Reels and TikTok's ""Reaction"" feature to engage with the audience. Offer a 15% discount to customers who share their own sustainable fashion tips.",persuasive,0.8625,discount|offer,0.05968603864312172,0.10786744207143784,0.07461843639612198,0.09128245711326599,0.4710671901702881,0.1954784393310547,1,persuasive,0.4711,humorous,0.2564,emotional,0.191,persuasive,1,1,persuasive,0.9325,0.6667,three_method_majority,False
438,Develop a targeted email marketing campaign to re-engage inactive subscribers for a B2B software company.,"Company: Apex Solutions, a B2B software company Target Audience: Inactive subscribers (6+ months of inactivity) Constraints: Limited content creation resources Goals: Reactivate 20% of inactive subscribers, increase sales by 10% Workflow Stage: Copywriting","Reactivate 20% of inactive subscribers, increase sales by 10% Workflow Stage: Copywriting","Company: Apex Solutions, a B2B software company Target Audience: Inactive subscribers (6+ months of inactivity) Constraints: Limited content creation resources","Company: Apex Solutions, a B2B software company Target Audience: Inactive subscribers (6+ months of inactivity) Constraints: Limited content creation resources","""Reconnect and Revive"" campaign, focusing on personalized emails addressing the subscriber's specific pain points. Offer a free consultation, a product demo, or a whitepaper relevant to their industry. Use a conversational tone and a clear call-to-action (CTA) to re-engage subscribers.",persuasive,0.2958,offer,0.1590423285961151,0.03811394050717354,0.02554534189403057,0.022492194548249245,0.7081068754196167,0.046699341386556625,1,persuasive,0.7081,friendly,0.441,persuasive,0.33,persuasive,1,1,persuasive,0.3658,0.6667,three_method_majority,True
439,Design a comprehensive content calendar for a health and wellness blog.,"Company: Balance Blog, a health and wellness online publication Target Audience: Fitness enthusiasts and health-conscious individuals Constraints: Limited content creation team Goals: Increase blog traffic by 40%, engagement by 30% Workflow Stage: Post Scheduling","Increase blog traffic by 40%, engagement by 30% Workflow Stage: Post Scheduling","Company: Balance Blog, a health and wellness online publication Target Audience: Fitness enthusiasts and health-conscious individuals Constraints: Limited content creation team","Company: Balance Blog, a health and wellness online publication Target Audience: Fitness enthusiasts and health-conscious individuals Constraints: Limited content creation team","Theme-based content calendar (e.g., ""Mindful Mondays,"" ""Workout Wednesdays""). Allocate content creation tasks to team members, utilizing a mix of evergreen and timely topics. Include a monthly ""Featured Expert"" series, where a guest writer shares their expertise. Use a scheduling tool to optimize posting frequency and engage with the audience through social media.",professional,0.5875,expert,0.07271748036146164,0.2342222034931183,0.1457461565732956,0.06453994661569595,0.31962695717811584,0.16314725577831268,1,persuasive,0.3196,professional,0.2719,humorous,0.19,professional,1,1,professional,0.5139,1.0,rule_zero_shot_agreement,True
440,Develop a social media campaign to increase brand awareness for a sustainable fashion brand among young adults.,"Company: Verde Clothing, a sustainable fashion brand Target Audience: Young adults aged 18-25 Constraints: Limited budget of $1,000 Goals: Increase brand awareness by 20% and drive website traffic by 15% Workflow Stage: Strategy",Increase brand awareness by 20% and drive website traffic by 15% Workflow Stage: Strategy,"Company: Verde Clothing, a sustainable fashion brand Target Audience: Young adults aged 18-25 Constraints: Limited budget of $1,000","Company: Verde Clothing, a sustainable fashion brand Target Audience: Young adults aged 18-25 Constraints: Limited budget of $1,000","Create a social media campaign, ""Wear Your Values,"" highlighting Verde's eco-friendly practices and encouraging users to share their own sustainable fashion choices. Utilize Instagram Reels and TikTok for short-form content, partnering with 3 eco-influencers to showcase Verde's clothing. Allocate $300 for influencer collaborations, $200 for sponsored content, and $500 for a social media contest where followers can share their own sustainable fashion tips.",,0.0,,0.05211740359663963,0.12243892252445221,0.07797747105360031,0.06581207364797592,0.5808970928192139,0.10075710713863373,1,persuasive,0.5809,persuasive,0.2577,professional,0.1838,persuasive,1,1,persuasive,0.3277,1.0,three_method_majority,True
441,Design an email marketing campaign to promote a new product launch for a tech startup.,"Company: NovaTech, a tech startup Target Audience: Tech enthusiasts and early adopters Constraints: Limited email list of 5,000 subscribers Goals: Drive sales of the new product, ""SmartHome,"" and increase email open rates by 25% Workflow Stage: Copywriting","Drive sales of the new product, ""SmartHome,"" and increase email open rates by 25% Workflow Stage: Copywriting","Company: NovaTech, a tech startup Target Audience: Tech enthusiasts and early adopters Constraints: Limited email list of 5,000 subscribers","Company: NovaTech, a tech startup Target Audience: Tech enthusiasts and early adopters Constraints: Limited email list of 5,000 subscribers","Create a series of 3 emails: a teaser email with a countdown timer, a launch email with exclusive promotions, and a follow-up email with customer testimonials. Use attention-grabbing subject lines, such as ""The Future of Smart Homes is Here"" and ""Limited Time Offer: Get SmartHome Now."" Offer a 10% discount for the first 100 customers who purchase within the next 48 hours.",persuasive,0.8661,limited time|discount|offer,0.005102016497403383,0.014996946789324284,0.06017513945698738,0.018277915194630623,0.8408033847808838,0.060644641518592834,1,persuasive,0.8408,persuasive,0.5923,humorous,0.1451,persuasive,1,1,persuasive,0.8155,1.0,rule_zero_shot_agreement,False
442,Create a content calendar for a food blog to increase engagement and drive traffic.,"Company: Delish Delights, a food blog Target Audience: Foodies and home cooks Constraints: Limited content creation resources Goals: Increase blog traffic by 30% and social media engagement by 50% Workflow Stage: Post Scheduling",Increase blog traffic by 30% and social media engagement by 50% Workflow Stage: Post Scheduling,"Company: Delish Delights, a food blog Target Audience: Foodies and home cooks Constraints: Limited content creation resources","Company: Delish Delights, a food blog Target Audience: Foodies and home cooks Constraints: Limited content creation resources","Develop a content calendar focusing on seasonal recipes, cooking challenges, and behind-the-scenes stories. Schedule 3 blog posts per week, including a ""Meal Prep Monday"" series, a ""Wednesday Cooking Challenge,"" and a ""Friday Featured Recipe."" Utilize Instagram and Facebook for social media promotion, sharing behind-the-scenes content, sneak peeks, and user-generated content.",,0.0,,0.09021417051553726,0.1494133621454239,0.15618550777435303,0.12791790068149567,0.28442618250846863,0.1918429583311081,1,persuasive,0.2844,emotional,0.2185,humorous,0.2054,professional,1,1,professional,0.6,0.5,phi3_tiebreak,True
443,Create a social media campaign to increase brand awareness among the younger generation for a sustainable fashion brand.,"Company: GreenThreads, a sustainable fashion brand; Target Audience: 18-24 years old; Constraints: Limited budget, high competition; Goals: Increase brand awareness, drive website traffic; Workflow Stage: Strategy.","Increase brand awareness, drive website traffic; Workflow Stage: Strategy.","Company: GreenThreads, a sustainable fashion brand; Target Audience: 18-24 years old; Constraints: Limited budget, high competition;","Company: GreenThreads, a sustainable fashion brand; Target Audience: 18-24 years old; Constraints: Limited budget, high competition;","Launch an Instagram Reels campaign using eco-friendly influencers, showcasing behind-the-scenes content of sustainable manufacturing processes, and utilizing relevant hashtags. Collaborate with popular eco-conscious TikTok creators to promote the brand's mission. Allocate $1,000 for influencer partnerships and $500 for sponsored ads.",,0.0,,0.04435345530509949,0.16966210305690765,0.06901749968528748,0.05494067817926407,0.5385746359825134,0.12345170974731445,1,persuasive,0.5386,professional,0.248,persuasive,0.2327,professional,1,1,professional,0.318,1.0,three_method_majority,True
444,Develop a personalized email marketing strategy for a luxury car dealership.,"Company: Prestige Motors; Target Audience: High-income individuals; Constraints: Limited email list, high expectations; Goals: Increase sales, build brand loyalty; Workflow Stage: Copywriting.","Increase sales, build brand loyalty; Workflow Stage: Copywriting.","Company: Prestige Motors; Target Audience: High-income individuals; Constraints: Limited email list, high expectations;","Company: Prestige Motors; Target Audience: High-income individuals; Constraints: Limited email list, high expectations;","Create a welcome email series with personalized content based on the recipient's car preferences, featuring exclusive offers, and event invitations. Use AI-powered segmentation to categorize subscribers and tailor content to their interests. Include high-quality visuals and a clear call-to-action (CTA) to schedule a test drive.",friendly,0.2292,welcome,0.10236324369907379,0.042514145374298096,0.09558247774839401,0.018107449635863304,0.6962377429008484,0.045194968581199646,1,persuasive,0.6962,persuasive,0.3469,friendly,0.3035,professional,1,1,professional,0.6,0.3333,phi3_tiebreak,True
445,Design an AI-generated image campaign for a new plant-based milk alternative.,"Company: Bloom Foods; Target Audience: Health-conscious consumers; Constraints: Limited brand recognition, high competition; Goals: Increase brand awareness, drive sales; Workflow Stage: Image Generation.","Increase brand awareness, drive sales; Workflow Stage: Image Generation.","Company: Bloom Foods; Target Audience: Health-conscious consumers; Constraints: Limited brand recognition, high competition;","Company: Bloom Foods; Target Audience: Health-conscious consumers; Constraints: Limited brand recognition, high competition;","Create a series of vibrant, AI-generated images showcasing the product's natural ingredients, nutritional benefits, and eco-friendly packaging. Utilize Instagram-friendly formats and incorporate influencer partnerships to promote the brand's unique selling points.",,0.0,,0.10519411414861679,0.07980232685804367,0.17828597128391266,0.03961820527911186,0.3911800980567932,0.2059193253517151,1,persuasive,0.3912,humorous,0.2523,friendly,0.2258,persuasive,1,1,persuasive,0.6,0.5,phi3_tiebreak,True
446,Create a social media scheduling plan for a non-profit organization promoting mental health awareness.,"Company: Mindful Minds; Target Audience: General public; Constraints: Limited resources, sensitive topic; Goals: Increase engagement, drive donations; Workflow Stage: Post Scheduling.","Increase engagement, drive donations; Workflow Stage: Post Scheduling.","Company: Mindful Minds; Target Audience: General public; Constraints: Limited resources, sensitive topic;","Company: Mindful Minds; Target Audience: General public; Constraints: Limited resources, sensitive topic;","Schedule a month-long social media campaign across Facebook, Twitter, and Instagram, featuring mental health tips, personal stories, and donation CTAs. Utilize relevant hashtags, such as #MentalHealthMatters, and collaborate with mental health advocates to amplify the message.",,0.0,,0.08606548607349396,0.07224032282829285,0.10217580944299698,0.2828407287597656,0.31122761964797974,0.14545001089572906,1,persuasive,0.3112,emotional,0.4479,friendly,0.1497,emotional,1,1,emotional,0.5179,1.0,three_method_majority,True
447,Create a social media campaign to increase brand awareness and drive sales for a new eco-friendly fashion brand.,"Company: GreenThreads, a sustainable fashion brand targeting millennials and Gen Z. Target Audience: Environmentally conscious fashion enthusiasts aged 18-35. Constraints: Limited budget of $5,000. Goals: Increase brand awareness by 20% and drive sales by 15% within 6 weeks. Workflow Stage: Strategy and content creation.",Increase brand awareness by 20% and drive sales by 15% within 6 weeks. Workflow Stage: Strategy and content creation.,"Company: GreenThreads, a sustainable fashion brand targeting millennials and Gen Z. Target Audience: Environmentally conscious fashion enthusiasts aged 18-35. Constraints: Limited budget of $5,000.","Company: GreenThreads, a sustainable fashion brand targeting millennials and Gen Z. Target Audience: Environmentally conscious fashion enthusiasts aged 18-35. Constraints: Limited budget of $5,000.","Launch a social media campaign, ""Wear Your Values,"" highlighting GreenThreads' commitment to sustainability. Create engaging content (images, videos, and Reels) showcasing eco-friendly materials, production processes, and customer testimonials. Utilize Instagram, TikTok, and Facebook to reach the target audience. Collaborate with eco-influencers and user-generated content campaigns to amplify the brand's message. Allocate $2,000 for influencer partnerships, $1,500 for content creation, and $1,500 for paid social media ads.",,0.0,,0.08712062984704971,0.1214156299829483,0.11189530789852142,0.1421394795179367,0.3815891742706299,0.15583981573581696,1,persuasive,0.3816,emotional,0.2594,humorous,0.1783,persuasive,1,1,persuasive,0.6,0.5,phi3_tiebreak,True
448,Develop a personalized email marketing campaign to re-engage inactive subscribers for a luxury travel company.,"Company: LuxeGetaways, a high-end travel agency targeting affluent travelers. Target Audience: Inactive subscribers who haven't engaged with the brand in 6 months. Constraints: Limited email list of 5,000 inactive subscribers. Goals: Reactivate 20% of inactive subscribers and generate $100,000 in new bookings within 3 months. Workflow Stage: Email marketing automation.","Reactivate 20% of inactive subscribers and generate $100,000 in new bookings within 3 months. Workflow Stage: Email marketing automation.","Company: LuxeGetaways, a high-end travel agency targeting affluent travelers. Target Audience: Inactive subscribers who haven't engaged with the brand in 6 months. Constraints: Limited email list of 5,000 inactive subscribers.","Company: LuxeGetaways, a high-end travel agency targeting affluent travelers. Target Audience: Inactive subscribers who haven't engaged with the brand in 6 months. Constraints: Limited email list of 5,000 inactive subscribers.","Create a ""Rekindle the Wanderlust"" campaign, offering personalized travel recommendations based on subscribers' past interests and preferences. Design a visually stunning email template with dynamic content blocks, showcasing breathtaking destinations and exclusive offers. Use AI-powered email marketing automation to send targeted, triggered emails with tailored subject lines, CTAs, and content. Offer a limited-time discount (10% off) for bookings made within 2 weeks of re-engagement.",persuasive,0.6125,discount|offer,0.03157594054937363,0.04748345911502838,0.5208303332328796,0.02488776296377182,0.2948848307132721,0.08033770322799683,1,luxury,0.5208,luxury,0.6135,persuasive,0.1084,persuasive,1,1,persuasive,0.6825,0.6667,three_method_majority,False
449,Create a social media campaign to increase brand awareness among Gen Z for a sustainable fashion brand.,"Company: GreenThreads, a sustainable fashion brand targeting Gen Z Target Audience: 18-24-year-olds interested in eco-friendly fashion Constraints: Limited budget, 3-month timeline Goals: Increase brand awareness, drive website traffic, and boost sales Workflow Stage: Strategy","Increase brand awareness, drive website traffic, and boost sales Workflow Stage: Strategy","Company: GreenThreads, a sustainable fashion brand targeting Gen Z Target Audience: 18-24-year-olds interested in eco-friendly fashion Constraints: Limited budget, 3-month timeline","Company: GreenThreads, a sustainable fashion brand targeting Gen Z Target Audience: 18-24-year-olds interested in eco-friendly fashion Constraints: Limited budget, 3-month timeline","Develop a 3-month social media campaign focusing on Instagram, TikTok, and Twitter. Collaborate with eco-conscious influencers to showcase GreenThreads' sustainable fashion lines. Utilize hashtags #Sustainability #EcoFashion #GenZ, and create engaging, educational content highlighting the brand's commitment to reducing waste and carbon footprint. Allocate $5,000 for influencer partnerships and $2,000 for sponsored ads.",,0.0,,0.061542488634586334,0.1747530996799469,0.06131184846162796,0.0742146223783493,0.5591652393341064,0.06901271641254425,1,persuasive,0.5592,professional,0.2517,persuasive,0.238,professional,1,1,professional,0.3217,1.0,three_method_majority,True
450,Design an eye-catching email marketing campaign to promote a new product launch for a tech startup.,"Company: TechSpark, a tech startup launching a new smartwatch Target Audience: Tech-savvy individuals, 25-45 years old Constraints: 2-week timeline, limited email list Goals: Generate buzz, drive pre-orders, and build brand loyalty Workflow Stage: Image Generation","Generate buzz, drive pre-orders, and build brand loyalty Workflow Stage: Image Generation","Company: TechSpark, a tech startup launching a new smartwatch Target Audience: Tech-savvy individuals, 25-45 years old Constraints: 2-week timeline, limited email list","Company: TechSpark, a tech startup launching a new smartwatch Target Audience: Tech-savvy individuals, 25-45 years old Constraints: 2-week timeline, limited email list","Create a visually appealing email campaign featuring bold, futuristic graphics and animations showcasing the smartwatch's features. Use a mix of bright colors and sleek typography to grab attention. Design a series of 3 emails: (1) teaser, (2) product reveal, and (3) exclusive pre-order offer. Use segmentation to personalize content based on subscribers' interests.",luxury,0.2472,exclusive,0.01631709560751915,0.03735131770372391,0.471126526594162,0.014328522607684135,0.42885300517082214,0.03202356770634651,1,luxury,0.4711,luxury,0.6428,persuasive,0.1827,professional,1,1,luxury,0.5648,0.6667,rule_zero_shot_agreement,True
451,Write compelling copy for a Facebook ad promoting a social cause campaign for a non-profit organization.,"Company: UnityForAll, a non-profit advocating for diversity and inclusion Target Audience: 25-55 years old, individuals passionate about social justice Constraints: Limited budget, high competition Goals: Raise awareness, drive donations, and encourage volunteer sign-ups Workflow Stage: Copywriting","Raise awareness, drive donations, and encourage volunteer sign-ups Workflow Stage: Copywriting","Company: UnityForAll, a non-profit advocating for diversity and inclusion Target Audience: 25-55 years old, individuals passionate about social justice Constraints: Limited budget, high competition","Company: UnityForAll, a non-profit advocating for diversity and inclusion Target Audience: 25-55 years old, individuals passionate about social justice Constraints: Limited budget, high competition","Craft a powerful Facebook ad copy highlighting UnityForAll's mission to promote diversity and inclusion. Use storytelling techniques to share real-life stories of individuals impacted by the organization's work. Include a clear call-to-action (CTA) to donate or volunteer, and utilize Facebook's fundraising features to track donations. Allocate $1,500 for ad spend.",professional,0.5875,organization,0.005269886460155249,0.004606486298143864,0.02684222161769867,0.5501047372817993,0.3959619104862213,0.017214704304933548,1,emotional,0.5501,emotional,0.8354,persuasive,0.111,persuasive,1,1,emotional,0.8354,0.3333,high_confidence_zero_shot,True
452,Develop a brand awareness campaign to increase social media followers by 20% in 6 weeks.,"Company: GreenCycle, a sustainable fashion brand; Target Audience: Environmentally conscious women aged 25-45; Constraints: Limited budget of $1,000; Goals: Increase social media followers, drive website traffic; Workflow Stage: Strategy","Increase social media followers, drive website traffic; Workflow Stage: Strategy","Company: GreenCycle, a sustainable fashion brand; Target Audience: Environmentally conscious women aged 25-45; Constraints: Limited budget of $1,000;","Company: GreenCycle, a sustainable fashion brand; Target Audience: Environmentally conscious women aged 25-45; Constraints: Limited budget of $1,000;","Create a ""Eco-Challenge"" social media campaign, where followers are encouraged to share their own eco-friendly fashion tips and tricks using a branded hashtag. Collaborate with 5 eco-influencers to promote the challenge and share engaging content. Allocate $500 for influencer partnerships and $500 for sponsored ads targeting the identified audience.",,0.0,,0.07736272364854813,0.11348418146371841,0.08520533889532089,0.07169628888368607,0.4207861125469208,0.23146533966064453,1,persuasive,0.4208,humorous,0.2898,friendly,0.1697,friendly,1,1,friendly,0.6,0.5,phi3_tiebreak,True
453,Generate eye-catching ad visuals to promote a new product launch.,"Company: TechCorp, a cutting-edge tech firm; Target Audience: Tech-savvy individuals aged 18-35; Constraints: Limited design resources; Goals: Create engaging ad visuals; Workflow Stage: Image Generation",Create engaging ad visuals; Workflow Stage: Image Generation,"Company: TechCorp, a cutting-edge tech firm; Target Audience: Tech-savvy individuals aged 18-35; Constraints: Limited design resources;","Company: TechCorp, a cutting-edge tech firm; Target Audience: Tech-savvy individuals aged 18-35; Constraints: Limited design resources;","Use AI-powered design tools to create futuristic, neon-lit visuals showcasing the product's innovative features. Incorporate bold typography and abstract shapes to appeal to the target audience. Create 5 variations of the ad visual to test and optimize performance.",professional,0.5875,performance,0.018325813114643097,0.037389300763607025,0.38344117999076843,0.027463465929031372,0.31439006328582764,0.21899017691612244,1,luxury,0.3834,luxury,0.4599,humorous,0.2785,professional,1,1,professional,0.6575,0.6667,three_method_majority,False
454,Craft a compelling product description to drive sales.,"Company: BeautyBliss, a natural skincare brand; Target Audience: Health-conscious women aged 25-50; Constraints: Product has a high price point; Goals: Increase sales, emphasize product benefits; Workflow Stage: Copywriting","Increase sales, emphasize product benefits; Workflow Stage: Copywriting","Company: BeautyBliss, a natural skincare brand; Target Audience: Health-conscious women aged 25-50; Constraints: Product has a high price point;","Company: BeautyBliss, a natural skincare brand; Target Audience: Health-conscious women aged 25-50; Constraints: Product has a high price point;","Write a product description that highlights the all-natural ingredients, cruelty-free testing, and eco-friendly packaging. Emphasize the long-term benefits of using the product, such as improved skin health and reduced environmental impact. Use social proof, such as customer testimonials, to justify the premium price point.",luxury,0.6792,premium,0.03760644793510437,0.22313760221004486,0.20031817257404327,0.09121020138263702,0.3751278519630432,0.07259969413280487,1,persuasive,0.3751,professional,0.2759,luxury,0.2345,professional,1,1,professional,0.3459,0.6667,three_method_majority,True
455,Develop a social media content calendar to engage with the target audience.,"Company: FitFusion, a fitness and wellness studio; Target Audience: Fitness enthusiasts aged 18-40; Constraints: Limited content creation resources; Goals: Increase engagement, drive class bookings; Workflow Stage: Post Scheduling","Increase engagement, drive class bookings; Workflow Stage: Post Scheduling","Company: FitFusion, a fitness and wellness studio; Target Audience: Fitness enthusiasts aged 18-40; Constraints: Limited content creation resources;","Company: FitFusion, a fitness and wellness studio; Target Audience: Fitness enthusiasts aged 18-40; Constraints: Limited content creation resources;","Create a content calendar that showcases a mix of workout tips, behind-the-scenes studio tours, and customer success stories. Allocate 3 posts per week, including a ""Motivation Monday"" series, a ""Wednesday Workout"" tutorial, and a ""Friday Feature""",,0.0,,0.0790681317448616,0.13836178183555603,0.13198302686214447,0.23759622871875763,0.2800995409488678,0.13289129734039307,1,persuasive,0.2801,emotional,0.3808,friendly,0.1392,professional,1,1,professional,0.6,0.5,phi3_tiebreak,True
456,Create a social media campaign to promote a new eco-friendly product line.,"Company: GreenCycle, a sustainable products manufacturer. Target audience: Environmentally conscious millennials. Constraints: Limited budget. Goals: Increase brand awareness and drive sales. Workflow stage: Strategy.",Increase brand awareness and drive sales. Workflow stage: Strategy.,"Company: GreenCycle, a sustainable products manufacturer. Target audience: Environmentally conscious millennials. Constraints: Limited budget.","Company: GreenCycle, a sustainable products manufacturer. Target audience: Environmentally conscious millennials. Constraints: Limited budget.","Develop a social media campaign, ""Eco-Heroes,"" highlighting customer stories of sustainable living. Utilize Instagram Reels and TikTok for short-form videos, partnering with eco-influencers for product showcases. Allocate $1,000 for targeted ads and track engagement metrics to optimize content.",,0.0,,0.06471867859363556,0.17980481684207916,0.10845209658145905,0.2204061597585678,0.28596925735473633,0.14064902067184448,1,persuasive,0.286,emotional,0.362,professional,0.1845,professional,1,1,professional,0.6,0.5,phi3_tiebreak,True
457,Design an email marketing campaign to nurture leads for a B2B software company.,"Company: TechPros, a software solutions provider. Target audience: Small business owners and decision-makers. Constraints: High competition. Goals: Convert leads into trials and demos. Workflow stage: Copywriting.",Convert leads into trials and demos. Workflow stage: Copywriting.,"Company: TechPros, a software solutions provider. Target audience: Small business owners and decision-makers. Constraints: High competition.","Company: TechPros, a software solutions provider. Target audience: Small business owners and decision-makers. Constraints: High competition.","Craft a 3-email sequence: ""Unlock Your Business Potential."" Email 1: Introduction to TechPros' expertise. Email 2: Success stories and social proof. Email 3: Exclusive trial offer. Use a conversational tone, personalization, and a clear CTA. Track open rates, clicks, and conversions.",luxury,0.3192,exclusive,0.12090106308460236,0.06274236738681793,0.03856126219034195,0.08107265084981918,0.6666321754455566,0.030090438202023506,1,persuasive,0.6666,friendly,0.3178,persuasive,0.2946,friendly,1,1,friendly,0.3878,0.6667,three_method_majority,True
458,Develop a content calendar for a fashion brand's blog.,"Company: StyleMaven, a fashion retailer. Target audience: Fashion-conscious women aged 25-45. Constraints: Limited content team. Goals: Drive organic traffic and increase brand authority. Workflow stage: Post scheduling.",Drive organic traffic and increase brand authority. Workflow stage: Post scheduling.,"Company: StyleMaven, a fashion retailer. Target audience: Fashion-conscious women aged 25-45. Constraints: Limited content team.","Company: StyleMaven, a fashion retailer. Target audience: Fashion-conscious women aged 25-45. Constraints: Limited content team.","Plan a 12-week content calendar with evergreen topics: trend reports, styling tips, and designer collaborations. Utilize SEO keywords, optimize images, and schedule bi-weekly posts. Repurpose blog content for social media and newsletters.",,0.0,,0.06078815832734108,0.21055102348327637,0.3131527602672577,0.04021350294351578,0.20590034127235413,0.16939419507980347,1,luxury,0.3132,luxury,0.3261,professional,0.2316,professional,1,1,professional,0.6,0.5,phi3_tiebreak,True
459,Create a video marketing campaign for a new smart home device.,"Company: SmartNest, a home automation company. Target audience: Tech-savvy homeowners. Constraints: High production costs. Goals: Showcase product features and drive sales. Workflow stage: Image generation.",Showcase product features and drive sales. Workflow stage: Image generation.,"Company: SmartNest, a home automation company. Target audience: Tech-savvy homeowners. Constraints: High production costs.","Company: SmartNest, a home automation company. Target audience: Tech-savvy homeowners. Constraints: High production costs.","Develop a 3-part video series: ""Smart Home, Simplified."" Video 1: Product unboxing and features. Video 2: Customer testimonials and use cases. Video 3: SmartNest's vision for the future of home automation. Utilize 3D animations, motion graphics, and a mix of live-action and CGI. Allocate $5,000 for video production",,0.0,,0.10578026622533798,0.21287879347801208,0.14443877339363098,0.08200699090957642,0.30950677394866943,0.14538845419883728,1,persuasive,0.3095,professional,0.2354,friendly,0.2057,professional,1,1,professional,0.3054,1.0,three_method_majority,True
460,Create a social media campaign to increase brand awareness among young adults for a sustainable fashion brand.,"Company: GreenThreads, a fashion brand using eco-friendly materials and production methods. Target Audience: 18-30-year-olds, environmentally conscious, active on Instagram and TikTok. Constraints: Limited budget ($5,000), 6-week campaign duration. Goals: Increase brand awareness by 20%, drive website traffic by 30%. Workflow Stage: Strategy","Increase brand awareness by 20%, drive website traffic by 30%. Workflow Stage: Strategy","Company: GreenThreads, a fashion brand using eco-friendly materials and production methods. Target Audience: 18-30-year-olds, environmentally conscious, active on Instagram and TikTok. Constraints: Limited budget ($5,000), 6-week campaign duration.","Company: GreenThreads, a fashion brand using eco-friendly materials and production methods. Target Audience: 18-30-year-olds, environmentally conscious, active on Instagram and TikTok. Constraints: Limited budget ($5,000), 6-week campaign duration.","""EarthRevival"" campaign: Partner with eco-influencers and user-generated content (UGC) creators to showcase GreenThreads' sustainable clothing in relatable, everyday settings. Utilize Instagram Reels and TikTok for engaging, 60-second ""before-and-after"" style transformations, highlighting the brand's eco-friendly materials and production methods. Allocate $2,000 for influencer collaborations, $1,500 for UGC content creation, and $1,500 for paid social media ads targeting the identified audience.",,0.0,,0.372676283121109,0.043887536972761154,0.00503555778414011,0.08517870306968689,0.31921425461769104,0.17400763928890228,1,friendly,0.3727,friendly,0.5907,humorous,0.1574,persuasive,1,1,persuasive,0.6,0.5,phi3_tiebreak,True
461,Develop a targeted email marketing campaign to promote a new AI-powered software tool for businesses.,"Company: Tech Solutions Inc., a B2B software provider. Target Audience: Business owners, IT managers, and decision-makers in the finance and healthcare industries. Constraints: 3-week campaign duration, existing email list of 10,000 subscribers. Goals: Generate 500 leads, achieve an open rate of 20%, and a conversion rate of 10%. Workflow Stage: Copywriting","Generate 500 leads, achieve an open rate of 20%, and a conversion rate of 10%. Workflow Stage: Copywriting","Company: Tech Solutions Inc., a B2B software provider. Target Audience: Business owners, IT managers, and decision-makers in the finance and healthcare industries. Constraints: 3-week campaign duration, existing email list of 10,000 subscribers.","Company: Tech Solutions Inc., a B2B software provider. Target Audience: Business owners, IT managers, and decision-makers in the finance and healthcare industries. Constraints: 3-week campaign duration, existing email list of 10,000 subscribers.","""Unlock Efficiency"" campaign: Craft a series of 3 emails, each highlighting a key benefit of the AI-powered software tool, such as automation, data analysis, and cost savings. Use attention-grabbing subject lines, concise and compelling copy, and prominent calls-to-action (CTAs) to encourage demo requests. Segment the email list by industry and job function to ensure targeted messaging.",professional,0.7708,industry|analysis,0.0009135921718552709,0.0071019758470356464,0.007724401541054249,0.001264813239686191,0.978502094745636,0.00449313735589385,1,persuasive,0.9785,persuasive,0.9276,luxury,0.0235,professional,1,1,professional,0.8408,0.6667,three_method_majority,False
462,Design an engaging in-store experience for a luxury car brand to appeal to high-end customers.,"Company: Prestige Motors, a luxury car dealership. Target Audience: High-net-worth individuals, 35-55 years old, interested in premium vehicles. Constraints: 2-month campaign duration, $10,000 budget. Goals: Increase foot traffic by 25%, boost sales by 15%. Workflow Stage: Image Generation","Increase foot traffic by 25%, boost sales by 15%. Workflow Stage: Image Generation","Company: Prestige Motors, a luxury car dealership. Target Audience: High-net-worth individuals, 35-55 years old, interested in premium vehicles. Constraints: 2-month campaign duration, $10,000 budget.","Company: Prestige Motors, a luxury car dealership. Target Audience: High-net-worth individuals, 35-55 years old, interested in premium vehicles. Constraints: 2-month campaign duration, $10,000 budget.","""Prestige Lounge"" experience: Create an immersive,",luxury,0.725,prestige,0.04873361438512802,0.07637710124254227,0.5556236505508423,0.07376958429813385,0.1610700786113739,0.08442600071430206,1,luxury,0.5556,luxury,0.5604,emotional,0.1258,luxury,1,1,luxury,0.7345,1.0,rule_zero_shot_agreement,False
463,Develop a social media campaign to increase brand awareness among Gen Z for a sustainable fashion brand.,"Company: Verde Fashion; Target Audience: Gen Z (18-24 years old); Constraints: Limited budget of $5,000; Goals: Increase followers by 20% and drive website traffic by 15%; Workflow Stage: Strategy.",Increase followers by 20% and drive website traffic by 15%; Workflow Stage: Strategy.,"Company: Verde Fashion; Target Audience: Gen Z (18-24 years old); Constraints: Limited budget of $5,000;","Company: Verde Fashion; Target Audience: Gen Z (18-24 years old); Constraints: Limited budget of $5,000;","Create a 6-week campaign, ""Verde Vibes,"" focusing on Instagram and TikTok. Week 1-2: Share engaging, eco-friendly fashion tips and behind-the-scenes content. Week 3-4: Collaborate with 3 eco-influencers for sponsored content. Week 5-6: Launch a hashtag challenge, encouraging users to share their own sustainable fashion choices. Allocate $2,000 for influencer partnerships, $1,500 for content creation, and $1,500 for paid advertising.",,0.0,,0.12548720836639404,0.13332559168338776,0.07544568181037903,0.064316026866436,0.37944546341896057,0.221980020403862,1,persuasive,0.3794,humorous,0.2581,friendly,0.2556,persuasive,1,1,persuasive,0.6,0.5,phi3_tiebreak,True
464,Generate a compelling product description for a new smart home device that integrates AI technology.,Company: SmartNest; Target Audience: Tech-savvy homeowners; Constraints: Product description should not exceed 150 words; Goals: Emphasize AI-driven features and increase sales by 10%; Workflow Stage: Copywriting.,Emphasize AI-driven features and increase sales by 10%; Workflow Stage: Copywriting.,Company: SmartNest; Target Audience: Tech-savvy homeowners; Constraints: Product description should not exceed 150 words;,Company: SmartNest; Target Audience: Tech-savvy homeowners; Constraints: Product description should not exceed 150 words;,"""Experience the future of smart living with SmartNest's latest innovation. Our AI-powered hub seamlessly integrates with your existing devices, learning your habits to optimize energy efficiency and home security. Receive personalized recommendations and voice control your home with ease. With advanced automation and real-time updates, you'll enjoy unparalleled convenience and peace of mind. Upgrade your home with the power of AI – order your SmartNest hub today!""",persuasive,0.6104,today,0.04657348245382309,0.1512380987405777,0.11511711031198502,0.08438289165496826,0.4833371043205261,0.11935129761695862,1,persuasive,0.4833,professional,0.2044,persuasive,0.1931,professional,1,1,professional,0.2744,0.6667,three_method_majority,True
465,Design a targeted email marketing campaign to re-engage dormant subscribers for a fitness and wellness brand.,Company: FitHive; Target Audience: Inactive subscribers (no engagement in 6+ months); Constraints: Limited to a single email campaign; Goals: Reactivate 20% of dormant subscribers and drive sales by 5%; Workflow Stage: Email Marketing.,Reactivate 20% of dormant subscribers and drive sales by 5%; Workflow Stage: Email Marketing.,Company: FitHive; Target Audience: Inactive subscribers (no engagement in 6+ months); Constraints: Limited to a single email campaign;,Company: FitHive; Target Audience: Inactive subscribers (no engagement in 6+ months); Constraints: Limited to a single email campaign;,"Create a ""Welcome Back"" email campaign with a personalized subject line, addressing the subscriber by name. Offer a 20% discount on their next purchase, exclusive access to new content, and a free 7-day workout plan. Use attention-grabbing visuals and a clear, concise message to rekindle interest in the FitHive community. Send the campaign in two waves, spaced 7 days apart, to maximize reach and impact.",persuasive,0.4625,discount|offer,0.07457241415977478,0.09925422072410583,0.07498682290315628,0.026096060872077942,0.6710078120231628,0.05408269539475441,1,persuasive,0.671,persuasive,0.3329,friendly,0.2201,persuasive,1,1,persuasive,0.4912,1.0,rule_zero_shot_agreement,True
466,Develop a social media campaign to increase brand awareness among younger audiences for a sustainable fashion brand.,"Company: Verde Clothing, a fashion brand using recycled materials. Target Audience: Gen Z and Millennials. Constraints: Limited budget. Goals: Increase brand awareness by 20% and drive website traffic by 15%. Workflow Stage: Strategy.",Increase brand awareness by 20% and drive website traffic by 15%. Workflow Stage: Strategy.,"Company: Verde Clothing, a fashion brand using recycled materials. Target Audience: Gen Z and Millennials. Constraints: Limited budget.","Company: Verde Clothing, a fashion brand using recycled materials. Target Audience: Gen Z and Millennials. Constraints: Limited budget.","Create a social media challenge, #VerdeRevolution, encouraging users to share their sustainable fashion choices. Partner with eco-influencers and offer discounts to participants who share their Verde Clothing purchases. Utilize Instagram Reels and TikTok for engaging, short-form content.",persuasive,0.6333,offer,0.04665441811084747,0.041383497416973114,0.04585820063948631,0.05483464524149895,0.5971038937568665,0.2141653448343277,1,persuasive,0.5971,humorous,0.3327,persuasive,0.2732,persuasive,1,1,persuasive,0.7033,0.6667,three_method_majority,False
467,Generate compelling product images for an e-commerce website specializing in gourmet food.,"Company: TasteQuest, an online gourmet food store. Target Audience: Foodies and gourmet food enthusiasts. Constraints: High-quality images needed without increasing product return rates. Goals: Increase online sales by 25%. Workflow Stage: Image Generation.",Increase online sales by 25%. Workflow Stage: Image Generation.,"Company: TasteQuest, an online gourmet food store. Target Audience: Foodies and gourmet food enthusiasts. Constraints: High-quality images needed without increasing product return rates.","Company: TasteQuest, an online gourmet food store. Target Audience: Foodies and gourmet food enthusiasts. Constraints: High-quality images needed without increasing product return rates.",Utilize AI-generated images showcasing products in lifestyle settings. Incorporate customer-submitted photos of prepared dishes using TasteQuest products. Implement a 360-degree product view feature to enhance customer experience.,,0.0,,0.10834053158760071,0.17687708139419556,0.2331530600786209,0.05439569056034088,0.1717485636472702,0.25548502802848816,1,humorous,0.2555,humorous,0.261,luxury,0.2247,professional,1,1,professional,0.6,0.5,phi3_tiebreak,True
468,Craft a series of blog posts to establish a tech company as a thought leader in AI innovation.,"Company: NovaTech, a developer of AI solutions. Target Audience: Tech industry professionals and potential clients. Constraints: Complex topics must be made accessible. Goals: Increase website traffic by 30% and generate 10 new business leads. Workflow Stage: Copywriting.",Increase website traffic by 30% and generate 10 new business leads. Workflow Stage: Copywriting.,"Company: NovaTech, a developer of AI solutions. Target Audience: Tech industry professionals and potential clients. Constraints: Complex topics must be made accessible.","Company: NovaTech, a developer of AI solutions. Target Audience: Tech industry professionals and potential clients. Constraints: Complex topics must be made accessible.","Create a series titled ""AI Insights,"" covering topics like ethics in AI, future trends, and practical applications. Feature interviews with NovaTech's AI engineers and guest posts from industry experts. Optimize for SEO with relevant keywords.",professional,0.7708,industry|insights,0.056288957595825195,0.2343093454837799,0.20312434434890747,0.03382130339741707,0.35943013429641724,0.11302581429481506,1,persuasive,0.3594,professional,0.2931,luxury,0.2405,professional,1,1,professional,0.6081,1.0,rule_zero_shot_agreement,True
469,Schedule a month-long series of social media posts for a fitness center promoting its new group classes.,"Company: FitZone, a fitness and wellness center. Target Audience: Fitness enthusiasts and local community members. Constraints: Posts must engage both existing members and attract new ones. Goals: Increase class attendance by 40% and attract 20 new members. Workflow Stage: Post Scheduling.",Increase class attendance by 40% and attract 20 new members. Workflow Stage: Post Scheduling.,"Company: FitZone, a fitness and wellness center. Target Audience: Fitness enthusiasts and local community members. Constraints: Posts must engage both existing members and attract new ones.","Company: FitZone, a fitness and wellness center. Target Audience: Fitness enthusiasts and local community members. Constraints: Posts must engage both existing members and attract new ones.","Create a themed week structure: Motivation Monday, Tip Tuesday, Workout Wednesday, Throwback Thursday, and Feature Friday highlighting success stories. Utilize Facebook and Instagram for diverse content types, including videos, photos, and testimonials.",,0.0,,0.06048641353845596,0.10075245052576065,0.08004293590784073,0.14028821885585785,0.27994877099990845,0.33848118782043457,1,humorous,0.3385,humorous,0.3653,emotional,0.2415,professional,1,1,professional,0.6,0.5,phi3_tiebreak,True
470,Create a social media campaign to increase brand awareness for a sustainable fashion brand among Gen Z.,"Company: GreenThreads, a fashion brand using eco-friendly materials. Target Audience: Gen Z (18-24). Constraints: Limited budget. Goals: Increase brand awareness, drive website traffic. Workflow Stage: Strategy.","Increase brand awareness, drive website traffic. Workflow Stage: Strategy.","Company: GreenThreads, a fashion brand using eco-friendly materials. Target Audience: Gen Z (18-24). Constraints: Limited budget.","Company: GreenThreads, a fashion brand using eco-friendly materials. Target Audience: Gen Z (18-24). Constraints: Limited budget.","Develop a social media campaign focusing on Instagram Reels and TikTok, highlighting GreenThreads' commitment to sustainability. Collaborate with eco-conscious influencers for sponsored content, utilizing hashtags like #SustainableFashion. Allocate budget for targeted ads on both platforms, leveraging lookalike audiences and interest-based targeting.",,0.0,,0.04595918580889702,0.20441222190856934,0.06217149645090103,0.04142674058675766,0.559514045715332,0.08651619404554367,1,persuasive,0.5595,professional,0.3085,persuasive,0.2496,professional,1,1,professional,0.3785,1.0,three_method_majority,True
471,Design a loyalty program to retain customers for a subscription-based meal kit service.,"Company: TastyBites, a meal kit delivery service. Target Audience: Busy professionals (25-45). Constraints: High customer churn rate. Goals: Increase customer retention, encourage referrals. Workflow Stage: Strategy.","Increase customer retention, encourage referrals. Workflow Stage: Strategy.","Company: TastyBites, a meal kit delivery service. Target Audience: Busy professionals (25-45). Constraints: High customer churn rate.","Company: TastyBites, a meal kit delivery service. Target Audience: Busy professionals (25-45). Constraints: High customer churn rate.","Introduce ""TastyBites Rewards,"" offering points for every purchase, referral, and review. Redeemable points can be used for free meals, premium ingredients, or exclusive cooking classes. Implement a tiered system, unlocking benefits like free shipping and priority customer support.",luxury,0.9083,premium|exclusive,0.051309507340192795,0.12952661514282227,0.17525821924209595,0.06532540172338486,0.4232591688632965,0.15532110631465912,1,persuasive,0.4233,luxury,0.2151,humorous,0.2021,professional,1,1,luxury,0.627,0.6667,rule_zero_shot_agreement,False
472,Develop an email marketing campaign to nurture leads for a B2B software company.,"Company: Proxima, a project management software provider. Target Audience: Business owners and decision-makers (30-55). Constraints: Long sales cycle. Goals: Nurture leads, schedule demos. Workflow Stage: Email Copywriting.","Nurture leads, schedule demos. Workflow Stage: Email Copywriting.","Company: Proxima, a project management software provider. Target Audience: Business owners and decision-makers (30-55). Constraints: Long sales cycle.","Company: Proxima, a project management software provider. Target Audience: Business owners and decision-makers (30-55). Constraints: Long sales cycle.","Create a 5-email sequence focusing on industry insights, success stories, and Proxima's unique features. Use personalization and segmentation to tailor content to each lead's interests and stage in the sales funnel. Include clear calls-to-action (CTAs) for demo scheduling and free trials.",professional,0.7708,industry|insights,0.027001680806279182,0.08906866610050201,0.04539363831281662,0.06126837059855461,0.741016149520874,0.03625145182013512,1,persuasive,0.741,persuasive,0.4109,emotional,0.184,professional,1,1,professional,0.8408,0.6667,three_method_majority,False
473,Craft a compelling product description for an e-commerce website selling smart home devices.,"Company: SmartNest, a smart home device retailer. Target Audience: Homeowners (25-50). Constraints: Technical product details. Goals: Increase conversions, reduce returns. Workflow Stage: Copywriting.","Increase conversions, reduce returns. Workflow Stage: Copywriting.","Company: SmartNest, a smart home device retailer. Target Audience: Homeowners (25-50). Constraints: Technical product details.","Company: SmartNest, a smart home device retailer. Target Audience: Homeowners (25-50). Constraints: Technical product details.","Write product descriptions emphasizing the benefits of each device, such as energy efficiency and enhanced security. Use clear, concise language and bullet points to highlight key features. Include high-quality product images and videos to demonstrate device functionality.",,0.0,,0.02153460681438446,0.34361526370048523,0.1502804160118103,0.0077811842784285545,0.4518375098705292,0.024951009079813957,1,persuasive,0.4518,professional,0.4946,luxury,0.2048,professional,1,1,professional,0.5646,1.0,three_method_majority,True
474,Create a social media campaign to increase brand awareness among young adults for a sustainable fashion brand.,"Company: GreenThreads, Target Audience: 18-30-year-olds, Constraints: Limited budget, Goals: Increase followers by 20% in 3 months, Workflow Stage: Strategy","Increase followers by 20% in 3 months, Workflow Stage: Strategy","Company: GreenThreads, Target Audience: 18-30-year-olds, Constraints: Limited budget,","Company: GreenThreads, Target Audience: 18-30-year-olds, Constraints: Limited budget,","Develop a hashtag challenge, #EcoFashionRevolution, encouraging users to share their favorite eco-friendly fashion tips and tricks. Collaborate with 5 influencers in the sustainable fashion space to promote the challenge and create engaging content. Allocate $1,000 for sponsored ads targeting young adults interested in sustainability and fashion.",,0.0,,0.07881398499011993,0.12519560754299164,0.08764701336622238,0.08098254352807999,0.4450393617153168,0.1823214590549469,1,persuasive,0.445,humorous,0.2314,friendly,0.1752,friendly,1,1,friendly,0.6,0.5,phi3_tiebreak,True
475,Design an email marketing campaign to nurture leads for a B2B software company.,"Company: TechCorp, Target Audience: Business owners and decision-makers, Constraints: High competition, Goals: Convert 15% of leads into paying customers, Workflow Stage: Copywriting","Convert 15% of leads into paying customers, Workflow Stage: Copywriting","Company: TechCorp, Target Audience: Business owners and decision-makers, Constraints: High competition,","Company: TechCorp, Target Audience: Business owners and decision-makers, Constraints: High competition,","Create a 5-email sequence: Email 1 - Introduction to TechCorp's solutions, Email 2 - Success stories and case studies, Email 3 - Exclusive webinar invitation, Email 4 - Personalized demo offer, Email 5 - Special promotion and limited-time discount. Use a conversational tone and include clear CTAs.",persuasive,0.6125,discount|offer,0.22948192059993744,0.10676468163728714,0.1051899641752243,0.08097362518310547,0.3959901034832001,0.08159972727298737,1,persuasive,0.396,friendly,0.43,emotional,0.1381,friendly,1,1,friendly,0.5,0.6667,three_method_majority,True
476,Generate social media posts for a new product launch in the fitness industry.,"Company: FitPro, Target Audience: Fitness enthusiasts, Constraints: Limited brand recognition, Goals: Generate 500 pre-orders in 2 weeks, Workflow Stage: Post Scheduling","Generate 500 pre-orders in 2 weeks, Workflow Stage: Post Scheduling","Company: FitPro, Target Audience: Fitness enthusiasts, Constraints: Limited brand recognition,","Company: FitPro, Target Audience: Fitness enthusiasts, Constraints: Limited brand recognition,","Create a 10-post sequence: Post 1 - Teaser video, Post 2 - Product features and benefits, Post 3 - Influencer endorsement, Post 4 - Behind-the-scenes content, Post 5 - Pre-order announcement, Post 6 - Exclusive promo code, Post 7 - Product demo, Post 8 - Customer testimonials, Post 9 - Q&A session, Post 10 - Launch day reminder.",luxury,0.6072,exclusive,0.041853420436382294,0.10729736089706421,0.11088801920413971,0.05499832332134247,0.5784044861793518,0.1065584048628807,1,persuasive,0.5784,persuasive,0.2623,professional,0.1646,professional,1,1,professional,0.6,0.3333,phi3_tiebreak,True
477,Develop a content marketing strategy for a financial services company targeting retirees.,"Company: SecureFuture, Target Audience: Retirees, Constraints: Complex financial topics, Goals: Establish thought leadership and generate 200 leads, Workflow Stage: Strategy","Establish thought leadership and generate 200 leads, Workflow Stage: Strategy","Company: SecureFuture, Target Audience: Retirees, Constraints: Complex financial topics,","Company: SecureFuture, Target Audience: Retirees, Constraints: Complex financial topics,","Create a Retirement Planning Guide, a comprehensive e-book covering key financial topics. Develop a supporting blog series, ""Retirement Insights,"" and a bi-monthly newsletter with expert advice and industry news. Host a webinar on",professional,0.9743,industry|insights|webinar|expert,0.058799900114536285,0.16584651172161102,0.16627663373947144,0.05558916926383972,0.4328431189060211,0.1206447035074234,1,persuasive,0.4328,professional,0.2169,luxury,0.2059,professional,1,1,professional,0.6577,1.0,rule_zero_shot_agreement,False
478,Create a social media campaign to increase brand awareness and drive sales for a new sustainable fashion brand.,"Company: Verde Clothing; Target Audience: Environmentally conscious millennials; Constraints: Limited budget; Goals: Increase brand awareness by 20%, drive sales by 15%; Workflow Stage: Strategy.","Increase brand awareness by 20%, drive sales by 15%; Workflow Stage: Strategy.",Company: Verde Clothing; Target Audience: Environmentally conscious millennials; Constraints: Limited budget;,Company: Verde Clothing; Target Audience: Environmentally conscious millennials; Constraints: Limited budget;,"Develop a social media campaign featuring eco-friendly influencers showcasing Verde Clothing's products. Utilize Instagram Reels and TikTok to share behind-the-scenes content, sustainable fashion tips, and user-generated content. Allocate $500 for influencer partnerships and $1,000 for targeted ads.",,0.0,,0.06562381237745285,0.14915211498737335,0.11360707879066467,0.08029814064502716,0.45902884006500244,0.13229000568389893,1,persuasive,0.459,professional,0.1939,persuasive,0.1764,professional,1,1,professional,0.2639,1.0,three_method_majority,True
479,Design an email marketing campaign to re-engage inactive subscribers for a B2B software company.,Company: TechCorp; Target Audience: Inactive subscribers; Constraints: Limited content; Goals: Reactivate 10% of inactive subscribers; Workflow Stage: Copywriting.,Reactivate 10% of inactive subscribers; Workflow Stage: Copywriting.,Company: TechCorp; Target Audience: Inactive subscribers; Constraints: Limited content;,Company: TechCorp; Target Audience: Inactive subscribers; Constraints: Limited content;,"Create a ""We Miss You"" email campaign with a series of three emails. The first email will ask subscribers why they've been inactive, the second will offer a personalized product demo, and the third will provide an exclusive discount. Use a conversational tone and include a clear call-to-action.",persuasive,0.6125,discount|offer,0.21017736196517944,0.019960982725024223,0.02778765931725502,0.050073958933353424,0.5979419350624084,0.09405811131000519,1,persuasive,0.5979,friendly,0.4818,persuasive,0.2304,friendly,1,1,friendly,0.5518,0.6667,three_method_majority,True
480,Develop a content marketing strategy to establish a financial services company as a thought leader in the industry.,Company: Prosperity Advisors; Target Audience: High-net-worth individuals; Constraints: Limited resources; Goals: Publish two high-quality articles per month; Workflow Stage: Strategy.,Publish two high-quality articles per month; Workflow Stage: Strategy.,Company: Prosperity Advisors; Target Audience: High-net-worth individuals; Constraints: Limited resources;,Company: Prosperity Advisors; Target Audience: High-net-worth individuals; Constraints: Limited resources;,"Create a content calendar focusing on topics such as wealth management, investment strategies, and market trends. Partner with industry experts to contribute to articles and utilize LinkedIn Pulse for publication. Repurpose content into social media posts, email newsletters, and video scripts.",professional,0.5875,industry,0.07518379390239716,0.2166856974363327,0.1894950568675995,0.06995588541030884,0.26773959398269653,0.18094001710414886,1,persuasive,0.2677,professional,0.2405,humorous,0.2015,professional,1,1,professional,0.4967,1.0,rule_zero_shot_agreement,True
481,Create a social media contest to increase engagement and drive sales for a new product launch.,"Company: BeautyBuzz; Target Audience: Beauty enthusiasts; Constraints: Limited time frame; Goals: Increase engagement by 50%, drive sales by 25%; Workflow Stage: Image Generation.","Increase engagement by 50%, drive sales by 25%; Workflow Stage: Image Generation.",Company: BeautyBuzz; Target Audience: Beauty enthusiasts; Constraints: Limited time frame;,Company: BeautyBuzz; Target Audience: Beauty enthusiasts; Constraints: Limited time frame;,"Develop a ""Share Your Beauty"" social media contest where followers can share their favorite beauty tips or tricks using a branded hashtag. Offer a grand prize of a year's supply of the new product and feature user-generated content on the company's social media pages. Create eye-catching graphics and utilize Instagram Stories and Facebook Live to promote the contest.",friendly,0.1833,share your,0.0681728944182396,0.05938132479786873,0.11219771951436996,0.06486931443214417,0.49534422159194946,0.20003454387187958,1,persuasive,0.4953,humorous,0.2726,persuasive,0.1988,persuasive,1,1,persuasive,0.6,0.3333,phi3_tiebreak,True
482,Create a social media campaign to increase brand awareness and drive sales for a new sustainable fashion brand.,"Company: Green Threads, a fashion brand that uses eco-friendly materials and production methods. Target audience: millennials and Gen Z consumers who prioritize sustainability. Constraints: limited budget. Goals: increase brand awareness by 20% and drive sales by 15% within 6 months. Workflow stage: strategy.",increase brand awareness by 20% and drive sales by 15% within 6 months. Workflow stage: strategy.,"Company: Green Threads, a fashion brand that uses eco-friendly materials and production methods. Target audience: millennials and Gen Z consumers who prioritize sustainability. Constraints: limited budget.","Company: Green Threads, a fashion brand that uses eco-friendly materials and production methods. Target audience: millennials and Gen Z consumers who prioritize sustainability. Constraints: limited budget.","Develop a social media campaign that showcases the brand's commitment to sustainability through engaging visuals and influencer partnerships. Utilize Instagram Reels and TikTok to share behind-the-scenes content, highlighting the eco-friendly production process and materials used. Collaborate with eco-conscious influencers to promote the brand's products and values. Allocate $1,000 for influencer partnerships and $500 for ad spend. Track engagement and sales through Instagram Insights and Google Analytics.",professional,0.6333,insights,0.07674484699964523,0.16736263036727905,0.08546265959739685,0.0725831612944603,0.40939435362815857,0.1884523183107376,1,persuasive,0.4094,humorous,0.2336,professional,0.2067,persuasive,1,1,persuasive,0.6,0.3333,phi3_tiebreak,True
483,Design an email marketing campaign to nurture leads for a B2B software company.,"Company: TechCorp, a B2B software company that provides AI-powered solutions for businesses. Target audience: business owners and decision-makers in the tech industry. Constraints: limited time and resources. Goals: nurture 500 leads and convert 20% into paying customers within 3 months. Workflow stage: email copywriting.",nurture 500 leads and convert 20% into paying customers within 3 months. Workflow stage: email copywriting.,"Company: TechCorp, a B2B software company that provides AI-powered solutions for businesses. Target audience: business owners and decision-makers in the tech industry. Constraints: limited time and resources.","Company: TechCorp, a B2B software company that provides AI-powered solutions for businesses. Target audience: business owners and decision-makers in the tech industry. Constraints: limited time and resources.","Create a 3-email nurture campaign that provides valuable content and showcases the software's benefits. Email 1: Introduction to TechCorp and its AI-powered solutions. Email 2: Success story of a similar business that used TechCorp's software. Email 3: Exclusive demo offer and personalized consultation. Use Mailchimp to design and send the emails, and track engagement through open rates and click-through rates.",luxury,0.3192,exclusive,0.06280411034822464,0.14063383638858795,0.10110878944396973,0.20852655172348022,0.42055532336235046,0.06637142598628998,1,persuasive,0.4206,emotional,0.3831,professional,0.1614,professional,1,1,professional,0.6,0.3333,phi3_tiebreak,True
484,Develop a content marketing strategy for a healthcare company to establish thought leadership.,"Company: MedPro, a healthcare company that provides innovative medical solutions. Target audience: healthcare professionals and patients. Constraints: limited budget and resources. Goals: establish thought leadership and increase website traffic by 30% within 6 months. Workflow stage: content creation.",establish thought leadership and increase website traffic by 30% within 6 months. Workflow stage: content creation.,"Company: MedPro, a healthcare company that provides innovative medical solutions. Target audience: healthcare professionals and patients. Constraints: limited budget and resources.","Company: MedPro, a healthcare company that provides innovative medical solutions. Target audience: healthcare professionals and patients. Constraints: limited budget and resources.","Develop a content marketing strategy that focuses on creating informative blog posts, whitepapers, and webinars on industry topics. Partner with healthcare experts to create authoritative content. Utilize SEO techniques to improve search engine rankings and drive organic traffic. Allocate $2,000 for content creation and $1,000 for promotion. Track engagement and website traffic through Google Analytics.",professional,0.725,industry|strategy,0.0535171702504158,0.5214463472366333,0.1386648267507553,0.03447466716170311,0.20151375234127045,0.050383225083351135,1,professional,0.5214,professional,0.5717,luxury,0.1439,professional,1,1,professional,0.7407,1.0,rule_zero_shot_agreement,False
485,Create a social media campaign to increase brand awareness for a sustainable fashion brand among Gen Z consumers.,"Company: Verde Clothing, a startup sustainable fashion brand. Target Audience: Gen Z consumers (18-24 years old) who prioritize environmental sustainability. Constraints: Limited budget ($5,000), 6-week timeline. Goals: Increase brand followers by 20%, boost website traffic by 30%. Workflow Stage: Strategy, Content Creation (Image Generation, Copywriting), Post Scheduling.","Increase brand followers by 20%, boost website traffic by 30%. Workflow Stage: Strategy, Content Creation (Image Generation, Copywriting), Post Scheduling.","Company: Verde Clothing, a startup sustainable fashion brand. Target Audience: Gen Z consumers (18-24 years old) who prioritize environmental sustainability. Constraints: Limited budget ($5,000), 6-week timeline.","Company: Verde Clothing, a startup sustainable fashion brand. Target Audience: Gen Z consumers (18-24 years old) who prioritize environmental sustainability. Constraints: Limited budget ($5,000), 6-week timeline.","Launch a ""Green Revolution"" campaign across Instagram, TikTok, and Twitter. Collaborate with eco-influencers to showcase Verde's sustainable production processes. Utilize AI-generated visuals highlighting eco-friendly materials and supply chains. Schedule weekly Instagram Live sessions discussing sustainable fashion tips and behind-the-scenes content. Allocate $1,500 for influencer partnerships, $1,000 for AI-generated content, and $2,500 for targeted social media ads.",,0.0,,0.06247442215681076,0.15766648948192596,0.0893130898475647,0.05692293867468834,0.5230782628059387,0.11054474860429764,1,persuasive,0.5231,professional,0.2225,persuasive,0.2181,professional,1,1,professional,0.2925,1.0,three_method_majority,True
486,Develop a targeted email marketing campaign to promote a new line of smart home security devices.,"Company: SafeHaven, a leading smart home security solutions provider. Target Audience: Homeowners aged 35-55 with medium to high disposable income. Constraints: 3-week timeline, existing email list of 10,000 subscribers. Goals: Achieve a 25% open rate, 10% conversion rate. Workflow Stage: Strategy, Copywriting, Email Scheduling.","Achieve a 25% open rate, 10% conversion rate. Workflow Stage: Strategy, Copywriting, Email Scheduling.","Company: SafeHaven, a leading smart home security solutions provider. Target Audience: Homeowners aged 35-55 with medium to high disposable income. Constraints: 3-week timeline, existing email list of 10,000 subscribers.","Company: SafeHaven, a leading smart home security solutions provider. Target Audience: Homeowners aged 35-55 with medium to high disposable income. Constraints: 3-week timeline, existing email list of 10,000 subscribers.","Create a ""Secure Your Sanctuary"" campaign focusing on the peace of mind provided by SafeHaven's devices. Segment the email list based on purchase history and interests. Design visually engaging emails with AI-optimized subject lines and personalized content recommendations. Offer limited-time discounts (15% off for the first 500 purchases) and free shipping to incentivize conversions. Schedule a series of 3 emails: an introductory email, a features-focused email, and a final reminder with a sense of urgency.",persuasive,0.6333,offer,0.012515443377196789,0.044915929436683655,0.0640147477388382,0.012949228286743164,0.8373453617095947,0.028259309008717537,1,persuasive,0.8373,persuasive,0.5835,luxury,0.1429,persuasive,1,1,persuasive,0.7059,1.0,rule_zero_shot_agreement,False
487,Create a social media campaign to promote a new eco-friendly fashion brand.,"Company: GreenThreads, a sustainable fashion startup. Target audience: Environmentally conscious millennials and Gen Z. Constraints: Limited budget. Goals: Increase brand awareness, drive website traffic, and generate sales. Workflow stage: Strategy.","Increase brand awareness, drive website traffic, and generate sales. Workflow stage: Strategy.","Company: GreenThreads, a sustainable fashion startup. Target audience: Environmentally conscious millennials and Gen Z. Constraints: Limited budget.","Company: GreenThreads, a sustainable fashion startup. Target audience: Environmentally conscious millennials and Gen Z. Constraints: Limited budget.","""Earth Month"" campaign: Collaborate with eco-influencers to showcase GreenThreads' sustainable clothing lines. Utilize Instagram Reels and TikTok to share engaging, educational content highlighting the brand's commitment to reducing waste and using recycled materials. Offer a 15% discount to customers who share their own eco-friendly fashion tips using a branded hashtag.",persuasive,0.8625,discount|offer,0.0585172176361084,0.08307360112667084,0.04756738990545273,0.11747930198907852,0.5021812319755554,0.1911812722682953,1,persuasive,0.5022,humorous,0.2527,emotional,0.2477,professional,1,1,persuasive,0.8625,0.3333,high_confidence_rule,True
488,Develop a content marketing strategy to establish a thought leadership position for a B2B software company.,"Company: Tech Solutions, a cloud-based project management tool provider. Target audience: IT professionals and business owners. Constraints: High competition. Goals: Position Tech Solutions as a trusted authority in the industry, generate leads, and drive conversions. Workflow stage: Content creation.","Position Tech Solutions as a trusted authority in the industry, generate leads, and drive conversions. Workflow stage: Content creation.","Company: Tech Solutions, a cloud-based project management tool provider. Target audience: IT professionals and business owners. Constraints: High competition.","Company: Tech Solutions, a cloud-based project management tool provider. Target audience: IT professionals and business owners. Constraints: High competition.","""Expert Insights"" series: Create in-depth, informative blog posts, whitepapers, and webinars tackling industry-specific pain points and trends. Host a quarterly ""Tech Talk"" podcast featuring interviews with industry experts and thought leaders. Utilize LinkedIn and Twitter to promote content and engage with the target audience.",professional,0.9083,industry|insights|expert,0.05320247262716293,0.2960885465145111,0.18233245611190796,0.048563651740550995,0.32103124260902405,0.09878160804510117,1,persuasive,0.321,professional,0.355,luxury,0.207,professional,1,1,professional,0.704,1.0,rule_zero_shot_agreement,False
489,Design a personalized email marketing campaign to re-engage inactive customers.,"Company: Bloom Beauty, a beauty products e-commerce store. Target audience: Inactive customers who haven't made a purchase in 6 months. Constraints: Limited customer data. Goals: Reactivate customers, increase sales, and improve customer loyalty. Workflow stage: Email copywriting.","Reactivate customers, increase sales, and improve customer loyalty. Workflow stage: Email copywriting.","Company: Bloom Beauty, a beauty products e-commerce store. Target audience: Inactive customers who haven't made a purchase in 6 months. Constraints: Limited customer data.","Company: Bloom Beauty, a beauty products e-commerce store. Target audience: Inactive customers who haven't made a purchase in 6 months. Constraints: Limited customer data.","""Rediscover Your Glow"" campaign: Send a personalized email with a special offer (20% off) and a curated selection of products based on the customer's previous purchases. Use a friendly, non-intrusive tone and include a ""We Miss You"" message. Create a sense of urgency with a limited-time offer.",persuasive,0.6333,offer,0.36511555314064026,0.01442293543368578,0.013413386419415474,0.0353037565946579,0.5372965931892395,0.0344478003680706,1,persuasive,0.5373,friendly,0.6986,persuasive,0.1728,friendly,1,1,friendly,0.7686,0.6667,three_method_majority,False
490,Create a social media campaign that promotes a new eco-friendly fashion line while encouraging customers to share their own sustainable fashion choices.,"Company: Green Threads, a fashion brand targeting environmentally conscious millennials. Target audience: 18-35-year-old fashion enthusiasts. Constraints: Limited budget, high competition. Goals: Increase brand awareness, drive website traffic, and boost sales. Workflow stage: Strategy.","Increase brand awareness, drive website traffic, and boost sales. Workflow stage: Strategy.","Company: Green Threads, a fashion brand targeting environmentally conscious millennials. Target audience: 18-35-year-old fashion enthusiasts. Constraints: Limited budget, high competition.","Company: Green Threads, a fashion brand targeting environmentally conscious millennials. Target audience: 18-35-year-old fashion enthusiasts. Constraints: Limited budget, high competition.","""Green Threads Challenge"" social media campaign: Launch a series of Instagram Reels and TikTok videos showcasing the new eco-friendly fashion line. Encourage customers to share their own sustainable fashion choices using a branded hashtag. Collaborate with eco-influencers to amplify the message. Offer a 15% discount to customers who share their own eco-friendly fashion tips. Utilize Instagram's ""Reels"" feature to create engaging, 60-second videos highlighting the brand's commitment to sustainability.",persuasive,0.8625,discount|offer,0.04757009819149971,0.0719582587480545,0.05912935361266136,0.06599710136651993,0.5848333239555359,0.17051179707050323,1,persuasive,0.5848,persuasive,0.2614,humorous,0.2588,persuasive,1,1,persuasive,0.6319,1.0,rule_zero_shot_agreement,False
491,Develop a targeted email marketing campaign to promote a new AI-powered fitness app.,"Company: FitGenie, a fitness app targeting health-conscious professionals. Target audience: 25-45-year-old individuals with a medium to high disposable income. Constraints: High competition, limited brand recognition. Goals: Increase app downloads, drive engagement, and boost premium subscription sales. Workflow stage: Copywriting.","Increase app downloads, drive engagement, and boost premium subscription sales. Workflow stage: Copywriting.","Company: FitGenie, a fitness app targeting health-conscious professionals. Target audience: 25-45-year-old individuals with a medium to high disposable income. Constraints: High competition, limited brand recognition.","Company: FitGenie, a fitness app targeting health-conscious professionals. Target audience: 25-45-year-old individuals with a medium to high disposable income. Constraints: High competition, limited brand recognition.","""Unlock Your Fitness Potential"" email campaign: Design a series of personalized emails highlighting the app's AI-powered features, success stories, and exclusive promotions. Utilize segmentation to target users based on their fitness goals and preferences. Create a sense of urgency with limited-time offers and scarcity messaging. Incorporate social proof, showcasing user testimonials and ratings.",luxury,0.6792,exclusive,0.002305784961208701,0.016914356499910355,0.01796228066086769,0.03179161623120308,0.9186690449714661,0.01235691737383604,1,persuasive,0.9187,persuasive,0.7283,emotional,0.1365,persuasive,1,1,persuasive,0.7983,0.6667,three_method_majority,False
492,Generate a series of Instagram ads promoting a new sustainable energy drink.,"Company: Green Energy Co., an energy drink brand targeting environmentally conscious consumers. Target audience: 18-35-year-old fitness enthusiasts and students. Constraints: Limited budget, high competition. Goals: Increase brand awareness, drive website traffic, and boost sales. Workflow stage: Image Generation.","Increase brand awareness, drive website traffic, and boost sales. Workflow stage: Image Generation.","Company: Green Energy Co., an energy drink brand targeting environmentally conscious consumers. Target audience: 18-35-year-old fitness enthusiasts and students. Constraints: Limited budget, high competition.","Company: Green Energy Co., an energy drink brand targeting environmentally conscious consumers. Target audience: 18-35-year-old fitness enthusiasts and students. Constraints: Limited budget, high competition.","""Fuel Your Active Lifestyle"" ad campaign: Create eye-catching, eco-friendly visuals showcasing the energy drink's natural ingredients and sustainable packaging. Utilize Instagram's ""Carousel"" feature to highlight key benefits, such as "" Plant-Based,"" ""Vegan-Friendly,"" and ""Recyclable Packaging."" Incorporate social media influencers and user-generated content to build credibility and trust.",,0.0,,0.04534078761935234,0.07590075582265854,0.06206798553466797,0.05108319967985153,0.6494390368461609,0.11616834253072739,1,persuasive,0.6494,persuasive,0.3174,humorous,0.1928,professional,1,1,professional,0.6,0.5,phi3_tiebreak,True
493,Create a social media campaign to increase brand awareness and drive website traffic for an eco-friendly fashion brand.,"Company: GreenThreads, a sustainable fashion brand targeting environmentally conscious millennials and Gen Z. Target audience: 18-35-year-olds active on Instagram and TikTok. Constraints: Limited budget of $5,000. Goals: Increase website traffic by 20% and boost brand awareness by 30%. Workflow stage: Strategy.",Increase website traffic by 20% and boost brand awareness by 30%. Workflow stage: Strategy.,"Company: GreenThreads, a sustainable fashion brand targeting environmentally conscious millennials and Gen Z. Target audience: 18-35-year-olds active on Instagram and TikTok. Constraints: Limited budget of $5,000.","Company: GreenThreads, a sustainable fashion brand targeting environmentally conscious millennials and Gen Z. Target audience: 18-35-year-olds active on Instagram and TikTok. Constraints: Limited budget of $5,000.","""Green Revolution"" campaign: Partner with eco-influencers and user-generated content (UGC) creators to showcase sustainable fashion practices. Launch a hashtag challenge, encouraging followers to share their own eco-friendly fashion tips. Allocate $2,000 for influencer collaborations, $1,500 for sponsored ads, and $1,500 for content creation. Utilize Instagram Reels and TikTok for engaging, short-form content.",,0.0,,0.065616175532341,0.07284073531627655,0.0616198405623436,0.06994234025478363,0.5551488995552063,0.1748320609331131,1,persuasive,0.5551,humorous,0.2514,persuasive,0.235,professional,1,1,professional,0.6,0.5,phi3_tiebreak,True
494,Develop a targeted email marketing campaign to promote a new product launch for a tech startup.,"Company: NovaTech, a software development company launching a new AI-powered productivity tool. Target audience: Tech-savvy professionals and entrepreneurs aged 25-45. Constraints: Limited email list of 5,000 subscribers. Goals: Achieve a 25% open rate and 10% conversion rate. Workflow stage: Copywriting.",Achieve a 25% open rate and 10% conversion rate. Workflow stage: Copywriting.,"Company: NovaTech, a software development company launching a new AI-powered productivity tool. Target audience: Tech-savvy professionals and entrepreneurs aged 25-45. Constraints: Limited email list of 5,000 subscribers.","Company: NovaTech, a software development company launching a new AI-powered productivity tool. Target audience: Tech-savvy professionals and entrepreneurs aged 25-45. Constraints: Limited email list of 5,000 subscribers.","""Unlock Your Potential"" campaign: Craft a series of three emails showcasing the tool's benefits, features, and success stories. Use a mix of promotional and educational content, including a demo video and user testimonials. Offer a limited-time discount to subscribers who purchase within 48 hours of the launch. Use personalization techniques, such as addressing recipients by name and highlighting relevant features based on their interests.",persuasive,0.8625,discount|offer,0.03979906067252159,0.0300748310983181,0.06271448731422424,0.13588900864124298,0.6769135594367981,0.0546090193092823,1,persuasive,0.6769,emotional,0.3443,persuasive,0.3166,persuasive,1,1,persuasive,0.9325,0.6667,three_method_majority,False
495,Design an Instagram Reels strategy to increase engagement and drive sales for a beauty brand.,"Company: GlamourGlow, a beauty and skincare brand targeting women aged 18-40. Target audience: Active Instagram users who engage with beauty content. Constraints: Limited content creation resources. Goals: Increase engagement by 50% and drive sales by 20%. Workflow stage: Image generation.",Increase engagement by 50% and drive sales by 20%. Workflow stage: Image generation.,"Company: GlamourGlow, a beauty and skincare brand targeting women aged 18-40. Target audience: Active Instagram users who engage with beauty content. Constraints: Limited content creation resources.","Company: GlamourGlow, a beauty and skincare brand targeting women aged 18-40. Target audience: Active Instagram users who engage with beauty content. Constraints: Limited content creation resources.","""Glow-Up"" Reels series: Create short, engaging videos showcasing product benefits, tutorials, and before-and-after results. Utilize Instagram's shopping feature to tag products and enable seamless purchases. Collaborate with influencers and user-generated content creators to produce high-quality content. Allocate $1,000 for content creation and $1,500 for sponsored ads.",,0.0,,0.09700728952884674,0.07263854146003723,0.14605870842933655,0.08815299719572067,0.31389179825782776,0.28225067257881165,1,persuasive,0.3139,humorous,0.3152,friendly,0.1898,professional,1,1,professional,0.6,0.5,phi3_tiebreak,True
496,Create a social media campaign to promote a new eco-friendly product line.,"Company: GreenCycle, a sustainable products company. Target audience: Environmentally conscious millennials. Constraints: Limited budget. Goals: Increase brand awareness, drive website traffic, and generate leads. Workflow stage: Strategy.","Increase brand awareness, drive website traffic, and generate leads. Workflow stage: Strategy.","Company: GreenCycle, a sustainable products company. Target audience: Environmentally conscious millennials. Constraints: Limited budget.","Company: GreenCycle, a sustainable products company. Target audience: Environmentally conscious millennials. Constraints: Limited budget.","Develop a social media campaign, ""Eco-Heroes,"" highlighting the benefits of eco-friendly living. Utilize Instagram Reels and TikTok to showcase the products in action, leveraging user-generated content and influencer partnerships. Allocate $1,000 for sponsored ads, targeting users who have shown interest in sustainability and eco-friendly products.",,0.0,,0.05225421115756035,0.10297909379005432,0.0831831693649292,0.06816507875919342,0.5731820464134216,0.12023639678955078,1,persuasive,0.5732,persuasive,0.2518,humorous,0.1794,professional,1,1,professional,0.6,0.5,phi3_tiebreak,True
497,Design an email marketing campaign to nurture leads for a B2B software company.,"Company: TechCorp, a B2B software solutions provider. Target audience: Business owners and decision-makers. Constraints: High competition. Goals: Educate leads, build trust, and schedule demos. Workflow stage: Copywriting.","Educate leads, build trust, and schedule demos. Workflow stage: Copywriting.","Company: TechCorp, a B2B software solutions provider. Target audience: Business owners and decision-makers. Constraints: High competition.","Company: TechCorp, a B2B software solutions provider. Target audience: Business owners and decision-makers. Constraints: High competition.","Create a 3-email sequence: ""Expert Insights,"" ""Success Stories,"" and ""Demo Invitation."" Use a conversational tone and include relevant case studies, industry news, and helpful tips. Utilize AI-powered personalization to address each lead by name and tailor content based on their industry and interests.",professional,0.9083,industry|insights|expert,0.36902812123298645,0.11790523678064346,0.04276340827345848,0.06952381879091263,0.31472644209861755,0.08605292439460754,1,friendly,0.369,friendly,0.591,professional,0.1074,friendly,1,1,friendly,0.661,0.6667,three_method_majority,False
498,Develop a content calendar for a fashion brand's blog.,"Company: StyleHub, a fashion e-commerce brand. Target audience: Fashion-conscious women aged 25-45. Constraints: Limited resources. Goals: Drive organic traffic, increase engagement, and establish thought leadership. Workflow stage: Post scheduling.","Drive organic traffic, increase engagement, and establish thought leadership. Workflow stage: Post scheduling.","Company: StyleHub, a fashion e-commerce brand. Target audience: Fashion-conscious women aged 25-45. Constraints: Limited resources.","Company: StyleHub, a fashion e-commerce brand. Target audience: Fashion-conscious women aged 25-45. Constraints: Limited resources.","Create a 3-month content calendar featuring bi-weekly blog posts, including trend reports, styling tips, and behind-the-scenes stories. Utilize SEO keywords, optimize images, and schedule social media posts to promote each article. Allocate one post per month for influencer collaborations and user-generated content.",,0.0,,0.06757510453462601,0.21189254522323608,0.20969632267951965,0.11559607088565826,0.2349880337715149,0.16025196015834808,1,persuasive,0.235,professional,0.2243,luxury,0.2102,professional,1,1,professional,0.2943,1.0,three_method_majority,True
499,Create a social media campaign to increase brand awareness and drive sales for a new eco-friendly fashion brand.,"Company: GreenThreads Target Audience: Young adults (18-35) interested in sustainable fashion Constraints: Limited budget ($5,000) Goals: Increase followers by 50%, boost sales by 20% Workflow Stage: Strategy","Increase followers by 50%, boost sales by 20% Workflow Stage: Strategy","Company: GreenThreads Target Audience: Young adults (18-35) interested in sustainable fashion Constraints: Limited budget ($5,000)","Company: GreenThreads Target Audience: Young adults (18-35) interested in sustainable fashion Constraints: Limited budget ($5,000)","""Green Revolution"" campaign: 1. Collaborate with eco-influencers for sponsored content 2. Share behind-the-scenes stories of sustainable production processes 3. Launch a referral program offering discounts for customers who share eco-friendly fashion tips 4. Create engaging Instagram Reels showcasing eco-friendly materials and production methods 5. Utilize Instagram Shopping and Facebook Marketplace for seamless purchases",,0.0,,0.0644800215959549,0.12567026913166046,0.09122394770383835,0.21068091690540314,0.3985500633716583,0.10939471423625946,1,persuasive,0.3986,emotional,0.3789,professional,0.1412,professional,1,1,professional,0.6,0.5,phi3_tiebreak,True
500,Develop a content marketing strategy to establish a fintech company as a thought leader in the industry.,"Company: Finverge Target Audience: Financial professionals and business owners Constraints: Limited content creation resources Goals: Increase website traffic by 30%, generate 10 new leads per quarter Workflow Stage: Content Creation","Increase website traffic by 30%, generate 10 new leads per quarter Workflow Stage: Content Creation",Company: Finverge Target Audience: Financial professionals and business owners Constraints: Limited content creation resources,Company: Finverge Target Audience: Financial professionals and business owners Constraints: Limited content creation resources,"""Financial Insights"" blog series: 1. Publish bi-weekly articles on industry trends, regulatory changes, and innovative technologies 2. Host quarterly webinars featuring expert panel discussions 3. Create informative videos and infographics highlighting key statistics and findings 4. Offer downloadable whitepapers and eBooks on topics like risk management and compliance 5. Utilize LinkedIn and Twitter for content promotion and engagement",professional,0.7283,industry|insights|expert,0.07752282917499542,0.2972698509693146,0.14229485392570496,0.06777090579271317,0.23741579055786133,0.17772580683231354,1,professional,0.2973,professional,0.3213,humorous,0.1928,professional,1,1,professional,0.6045,1.0,rule_zero_shot_agreement,True
501,Design a targeted email marketing campaign to promote a new luxury watch collection.,"Company: Timeless Watches Target Audience: High-end watch collectors and connoisseurs Constraints: Limited email list (500 subscribers) Goals: Increase sales by 15%, drive website traffic by 25% Workflow Stage: Copywriting","Increase sales by 15%, drive website traffic by 25% Workflow Stage: Copywriting",Company: Timeless Watches Target Audience: High-end watch collectors and connoisseurs Constraints: Limited email list (500 subscribers),Company: Timeless Watches Target Audience: High-end watch collectors and connoisseurs Constraints: Limited email list (500 subscribers),"""Exclusive Access"" email campaign: 1. Personalized email invitations to an exclusive online preview 2. Early access to limited-edition watches with special promotions 3. Showcase intricate craftsmanship and attention to detail through high-quality visuals 4. Offer personalized consultations with watch experts 5. Use segmentation to tailor content to individual interests and preferences",luxury,0.3192,exclusive,0.04906897619366646,0.1033744364976883,0.47562000155448914,0.06589766591787338,0.20597566664218903,0.10006321966648102,1,luxury,0.4756,luxury,0.4966,emotional,0.1164,luxury,1,1,luxury,0.5168,1.0,rule_zero_shot_agreement,True
502,Create a social media campaign to increase brand awareness and drive website traffic for a sustainable fashion brand.,"Company: Verdi Clothing, Target Audience: Environmentally conscious millennials, Constraints: Limited budget, Goals: Increase website traffic by 20% in 3 months, Workflow Stage: Strategy","Increase website traffic by 20% in 3 months, Workflow Stage: Strategy","Company: Verdi Clothing, Target Audience: Environmentally conscious millennials, Constraints: Limited budget,","Company: Verdi Clothing, Target Audience: Environmentally conscious millennials, Constraints: Limited budget,","Launch a social media contest, ""Eco-Chic Challenge,"" where followers share their sustainable fashion tips and tricks using a branded hashtag. Partner with eco-influencers to amplify the reach and offer a discount code to participants who share their posts. Allocate $1,000 for sponsored ads targeting environmentally conscious millennials.",persuasive,0.8625,discount|offer,0.04122784361243248,0.10186690837144852,0.10298275947570801,0.040771376341581345,0.5676153302192688,0.14553578197956085,1,persuasive,0.5676,persuasive,0.2577,humorous,0.2244,persuasive,1,1,persuasive,0.6299,1.0,rule_zero_shot_agreement,False
503,Develop a targeted email marketing campaign to promote a new AI-powered fitness app.,"Company: FitGenie, Target Audience: Fitness enthusiasts aged 25-45, Constraints: High competition in the fitness app market, Goals: Acquire 10,000 new subscribers within 6 weeks, Workflow Stage: Copywriting","Acquire 10,000 new subscribers within 6 weeks, Workflow Stage: Copywriting","Company: FitGenie, Target Audience: Fitness enthusiasts aged 25-45, Constraints: High competition in the fitness app market,","Company: FitGenie, Target Audience: Fitness enthusiasts aged 25-45, Constraints: High competition in the fitness app market,","Design a series of emails highlighting the app's AI-driven personalized workout plans, success stories, and exclusive promotions. Use attention-grabbing subject lines, such as ""Unlock Your Fitness Potential with AI"" and ""Get Fit with a Personalized Plan."" Include a clear call-to-action (CTA) to download the app and offer a 14-day free trial.",luxury,0.2472,exclusive,0.004321539308875799,0.016747649759054184,0.02630738355219364,0.021185824647545815,0.918179988861084,0.013257612474262714,1,persuasive,0.9182,persuasive,0.7377,emotional,0.0922,persuasive,1,1,persuasive,0.8077,0.6667,three_method_majority,False
504,Create a compelling product description for an e-commerce website selling artisanal home decor items.,"Company: Handmade Haven, Target Audience: Home decor enthusiasts, Constraints: Limited product photography budget, Goals: Increase sales by 15% in 2 months, Workflow Stage: Copywriting","Increase sales by 15% in 2 months, Workflow Stage: Copywriting","Company: Handmade Haven, Target Audience: Home decor enthusiasts, Constraints: Limited product photography budget,","Company: Handmade Haven, Target Audience: Home decor enthusiasts, Constraints: Limited product photography budget,","Craft a detailed, storytelling-style product description highlighting the artisan's inspiration, materials, and craftsmanship. Use sensory language to transport customers to the artisan's workshop, emphasizing the unique character of each handmade piece. Include customer testimonials and high-quality product images showcasing the item's texture, color, and intricate details.",,0.0,,0.016747068613767624,0.011852342635393143,0.2129659652709961,0.5941420793533325,0.10836301743984222,0.0559295117855072,1,emotional,0.5941,emotional,0.7418,luxury,0.1572,emotional,1,1,emotional,0.8118,1.0,three_method_majority,False
505,Design a social media advertising campaign to promote a new electric vehicle model.,"Company: EcoRide, Target Audience: Environmentally conscious car buyers, Constraints: High competition in the EV market, Goals: Drive 500 test drive bookings within 8 weeks, Workflow Stage: Image Generation","Drive 500 test drive bookings within 8 weeks, Workflow Stage: Image Generation","Company: EcoRide, Target Audience: Environmentally conscious car buyers, Constraints: High competition in the EV market,","Company: EcoRide, Target Audience: Environmentally conscious car buyers, Constraints: High competition in the EV market,","Create eye-catching ads featuring the vehicle's sleek design, advanced technology, and eco-friendly features. Use bold, bright colors to grab attention and emphasize the car's zero-emission capabilities.",,0.0,,0.013587993569672108,0.03756903111934662,0.19648385047912598,0.03118501603603363,0.6346855759620667,0.08648849278688431,1,persuasive,0.6347,persuasive,0.3281,luxury,0.3253,professional,1,1,professional,0.6,0.5,phi3_tiebreak,True
506,Create a social media campaign to increase brand awareness for a sustainable fashion brand.,"Company: GreenThreads, a clothing brand using eco-friendly materials and production methods. Target audience: environmentally conscious 18-35-year-olds. Constraints: limited budget. Goals: increase followers by 20% and drive website traffic by 15%. Workflow stage: Strategy.",increase followers by 20% and drive website traffic by 15%. Workflow stage: Strategy.,"Company: GreenThreads, a clothing brand using eco-friendly materials and production methods. Target audience: environmentally conscious 18-35-year-olds. Constraints: limited budget.","Company: GreenThreads, a clothing brand using eco-friendly materials and production methods. Target audience: environmentally conscious 18-35-year-olds. Constraints: limited budget.","Launch a social media contest, ""Eco-Chic Challenge,"" where followers share their own sustainable fashion tips and tricks using a branded hashtag. Partner with eco-influencers for amplification. Utilize Instagram Reels and TikTok for engaging, short-form content. Allocate $500 for paid social media ads targeting relevant interests and behaviors.",,0.0,,0.057036492973566055,0.0966622456908226,0.10104921460151672,0.06075434386730194,0.4747155010700226,0.209782212972641,1,persuasive,0.4747,humorous,0.2842,persuasive,0.1894,friendly,1,1,friendly,0.6,0.5,phi3_tiebreak,True
507,Develop a content calendar for a B2B software company's blog.,"Company: CodeCrunch, a developer of AI-powered project management tools. Target audience: IT professionals and business decision-makers. Constraints: limited internal resources. Goals: increase blog traffic by 30% and generate 10 leads per month. Workflow stage: Content Creation.",increase blog traffic by 30% and generate 10 leads per month. Workflow stage: Content Creation.,"Company: CodeCrunch, a developer of AI-powered project management tools. Target audience: IT professionals and business decision-makers. Constraints: limited internal resources.","Company: CodeCrunch, a developer of AI-powered project management tools. Target audience: IT professionals and business decision-makers. Constraints: limited internal resources.","Plan a mix of evergreen and timely topics, including industry trends, customer success stories, and how-to guides. Utilize SEO optimization and internal linking to improve discoverability. Schedule bi-weekly posts on Tuesdays and Thursdays, leveraging LinkedIn and Twitter for promotion.",professional,0.5875,industry,0.07605858892202377,0.2589816749095917,0.09832233190536499,0.06903602927923203,0.35344988107681274,0.144151508808136,1,persuasive,0.3534,professional,0.3063,humorous,0.1711,professional,1,1,professional,0.5328,1.0,rule_zero_shot_agreement,True
508,Design a targeted email marketing campaign for a luxury travel company.,"Company: WanderLuxe, a high-end travel agency. Target audience: affluent individuals aged 35-55. Constraints: exclusive, high-end branding. Goals: increase bookings by 25% and average order value by 15%. Workflow stage: Copywriting.",increase bookings by 25% and average order value by 15%. Workflow stage: Copywriting.,"Company: WanderLuxe, a high-end travel agency. Target audience: affluent individuals aged 35-55. Constraints: exclusive, high-end branding.","Company: WanderLuxe, a high-end travel agency. Target audience: affluent individuals aged 35-55. Constraints: exclusive, high-end branding.","Craft a visually stunning email campaign, ""Escape the Ordinary,"" showcasing unique, curated itineraries. Use segmentation to personalize content based on subscribers' interests and travel history. Include exclusive offers and limited-time promotions to incentivize bookings.",luxury,0.6792,exclusive,0.02571023628115654,0.02996796928346157,0.607060968875885,0.02711593545973301,0.16425998508930206,0.1458849012851715,1,luxury,0.6071,luxury,0.647,humorous,0.1648,persuasive,1,1,luxury,0.7615,0.6667,rule_zero_shot_agreement,False
509,Create a comprehensive influencer marketing strategy for a health and wellness brand.,"Company: FitBliss, a fitness and nutrition company. Target audience: health-conscious 18-45-year-olds. Constraints: limited budget for influencer fees. Goals: increase brand mentions by 50% and drive sales by 20%. Workflow stage: Influencer Research.",increase brand mentions by 50% and drive sales by 20%. Workflow stage: Influencer Research.,"Company: FitBliss, a fitness and nutrition company. Target audience: health-conscious 18-45-year-olds. Constraints: limited budget for influencer fees.","Company: FitBliss, a fitness and nutrition company. Target audience: health-conscious 18-45-year-olds. Constraints: limited budget for influencer fees.","Identify micro-influencers (10,000-100,000 followers) in the health and wellness space, prioritizing those",,0.0,,0.07776563614606857,0.16544735431671143,0.1106080561876297,0.10105396062135696,0.3948957622051239,0.15022920072078705,1,persuasive,0.3949,professional,0.1979,emotional,0.1935,friendly,1,1,friendly,0.6,0.5,phi3_tiebreak,True
510,Create a social media campaign to increase brand awareness among young adults for a sustainable fashion brand.,"Company: GreenThreads, a sustainable fashion brand Target Audience: Young adults aged 18-30 Constraints: Limited budget, high competition in the sustainable fashion market Goals: Increase brand awareness by 20% in 6 weeks Workflow Stage: Strategy",Increase brand awareness by 20% in 6 weeks Workflow Stage: Strategy,"Company: GreenThreads, a sustainable fashion brand Target Audience: Young adults aged 18-30 Constraints: Limited budget, high competition in the sustainable fashion market","Company: GreenThreads, a sustainable fashion brand Target Audience: Young adults aged 18-30 Constraints: Limited budget, high competition in the sustainable fashion market","""GreenThreads Challenge"" - a 6-week social media campaign encouraging young adults to share their eco-friendly fashion choices on Instagram, using a branded hashtag. Partner with 5 eco-influencers to showcase GreenThreads' clothing and promote the challenge. Allocate $1,000 for Instagram ads targeting young adults interested in sustainability.",,0.0,,0.049615681171417236,0.12606588006019592,0.08493657410144806,0.054598331451416016,0.5464723706245422,0.13831111788749695,1,persuasive,0.5465,persuasive,0.237,humorous,0.2037,professional,1,1,professional,0.6,0.5,phi3_tiebreak,True
511,Develop an email marketing campaign to nurture leads for a B2B software company.,"Company: Proxima, a B2B software company Target Audience: Business owners and decision-makers in the tech industry Constraints: High competition, long sales cycle Goals: Nurture 50 leads into sales-qualified leads within 3 months Workflow Stage: Email Copywriting",Nurture 50 leads into sales-qualified leads within 3 months Workflow Stage: Email Copywriting,"Company: Proxima, a B2B software company Target Audience: Business owners and decision-makers in the tech industry Constraints: High competition, long sales cycle","Company: Proxima, a B2B software company Target Audience: Business owners and decision-makers in the tech industry Constraints: High competition, long sales cycle","""Proxima Insights"" - a bi-weekly email newsletter providing valuable industry insights, case studies, and product updates. Create a lead scoring system to track engagement and personalize content. Use AI-powered email optimization to improve open rates and click-through rates.",professional,0.7708,industry|insights,0.07818190008401871,0.2030775099992752,0.15428319573402405,0.09151604771614075,0.31627005338668823,0.15667122602462769,1,persuasive,0.3163,professional,0.2298,humorous,0.1779,professional,1,1,professional,0.5733,1.0,rule_zero_shot_agreement,True
512,Design an influencer marketing campaign to promote a new beauty product.,"Company: BeautyBliss, a beauty and cosmetics company Target Audience: Women aged 25-45 Constraints: High competition, limited budget Goals: Reach 1 million impressions on Instagram within 2 months Workflow Stage: Influencer Research",Reach 1 million impressions on Instagram within 2 months Workflow Stage: Influencer Research,"Company: BeautyBliss, a beauty and cosmetics company Target Audience: Women aged 25-45 Constraints: High competition, limited budget","Company: BeautyBliss, a beauty and cosmetics company Target Audience: Women aged 25-45 Constraints: High competition, limited budget","Partner with 10 micro-influencers in the beauty niche, each with 10,000-50,000 followers. Request they create sponsored content featuring BeautyBliss' new product, using a branded hashtag. Allocate $5,000 for influencer fees and product seeding.",,0.0,,0.09310164302587509,0.17760048806667328,0.14049917459487915,0.08771753311157227,0.3328404426574707,0.1682407408952713,1,persuasive,0.3328,professional,0.2014,humorous,0.1914,professional,1,1,professional,0.2714,1.0,three_method_majority,True
513,Create a content marketing strategy to establish thought leadership in the AI industry.,"Company: NovaAI, an AI solutions company Target Audience: Business owners, developers, and researchers Constraints: Highly technical topic, limited resources Goals: Publish 2 high-quality articles per month on the company blog, attracting 500 unique visitors Workflow Stage: Content Creation","Publish 2 high-quality articles per month on the company blog, attracting 500 unique visitors Workflow Stage: Content Creation","Company: NovaAI, an AI solutions company Target Audience: Business owners, developers, and researchers Constraints: Highly technical topic, limited resources","Company: NovaAI, an AI solutions company Target Audience: Business owners, developers, and researchers Constraints: Highly technical topic, limited resources","""AI Insights"" - a content series featuring in-depth articles, research",professional,0.8167,research|insights,0.018045736476778984,0.38589054346084595,0.27555331587791443,0.03149772807955742,0.2554066479206085,0.03360608220100403,1,professional,0.3859,professional,0.4604,luxury,0.3112,professional,1,1,professional,0.7207,1.0,rule_zero_shot_agreement,False
514,Create a social media campaign to launch a new eco-friendly product line.,"Company: GreenCycle, a sustainable products manufacturer Target Audience: Environmentally conscious consumers aged 25-45 Constraints: Limited budget, high competition in the eco-friendly market Goals: Increase brand awareness, drive sales, and establish thought leadership Workflow Stage: Strategy","Increase brand awareness, drive sales, and establish thought leadership Workflow Stage: Strategy","Company: GreenCycle, a sustainable products manufacturer Target Audience: Environmentally conscious consumers aged 25-45 Constraints: Limited budget, high competition in the eco-friendly market","Company: GreenCycle, a sustainable products manufacturer Target Audience: Environmentally conscious consumers aged 25-45 Constraints: Limited budget, high competition in the eco-friendly market","Develop a multi-channel campaign focusing on Instagram, Facebook, and Twitter. Utilize hashtags like #ecofriendly and #sustainability to reach the target audience. Collaborate with eco-influencers and create engaging content (images, videos, and blog posts) highlighting the benefits of GreenCycle's products. Allocate $5,000 for influencer partnerships and $3,000 for targeted ads.",,0.0,,0.09150633215904236,0.12000392377376556,0.09447755664587021,0.08840768039226532,0.4165954887866974,0.1890089511871338,1,persuasive,0.4166,humorous,0.23,friendly,0.1951,professional,1,1,professional,0.6,0.5,phi3_tiebreak,True
515,Design an email marketing campaign to nurture leads for a B2B software company.,"Company: Proxima, a SaaS provider for marketing automation Target Audience: Marketing professionals and business owners Constraints: High competition, long sales cycles Goals: Educate leads, build trust, and schedule demos Workflow Stage: Email Copywriting","Educate leads, build trust, and schedule demos Workflow Stage: Email Copywriting","Company: Proxima, a SaaS provider for marketing automation Target Audience: Marketing professionals and business owners Constraints: High competition, long sales cycles","Company: Proxima, a SaaS provider for marketing automation Target Audience: Marketing professionals and business owners Constraints: High competition, long sales cycles","Create a 5-email sequence: Introduction to Proxima, Benefits of Marketing Automation, Success Stories, Product Features, and Exclusive Demo Offer. Use personalized subject lines, compelling CTAs, and concise, informative content. Include a downloadable eBook on marketing automation best practices.",luxury,0.3192,exclusive,0.03213905915617943,0.08740601688623428,0.06606235355138779,0.011778853833675385,0.7872897982597351,0.015323931351304054,1,persuasive,0.7873,persuasive,0.4915,professional,0.1847,professional,1,1,professional,0.6,0.3333,phi3_tiebreak,True
516,Generate social media posts for a fashion brand's new collection launch.,"Company: VogueVista, a fashion apparel brand Target Audience: Fashion-conscious consumers aged 18-35 Constraints: High competition, limited brand awareness Goals: Drive sales, increase brand visibility Workflow Stage: Post Scheduling","Drive sales, increase brand visibility Workflow Stage: Post Scheduling","Company: VogueVista, a fashion apparel brand Target Audience: Fashion-conscious consumers aged 18-35 Constraints: High competition, limited brand awareness","Company: VogueVista, a fashion apparel brand Target Audience: Fashion-conscious consumers aged 18-35 Constraints: High competition, limited brand awareness","Create 10 social media posts featuring high-quality images and videos showcasing the new collection. Utilize Instagram Stories and Reels to share behind-the-scenes content, sneak peeks, and influencer partnerships. Schedule posts using a mix of promotional, educational, and engaging content. Allocate $2,000 for Instagram ads targeting fashion enthusiasts.",,0.0,,0.058923155069351196,0.12877053022384644,0.21385301649570465,0.07338714599609375,0.37408098578453064,0.1509852111339569,1,persuasive,0.3741,luxury,0.2486,humorous,0.1861,persuasive,1,1,persuasive,0.6,0.5,phi3_tiebreak,True
517,Develop a content marketing strategy for a healthcare provider.,"Company: MedCare, a healthcare services provider Target Audience: Patients and caregivers Constraints: Regulatory compliance, sensitive topics Goals: Establish thought leadership, build trust, drive appointments Workflow Stage: Strategy","Establish thought leadership, build trust, drive appointments Workflow Stage: Strategy","Company: MedCare, a healthcare services provider Target Audience: Patients and caregivers Constraints: Regulatory compliance, sensitive topics","Company: MedCare, a healthcare services provider Target Audience: Patients and caregivers Constraints: Regulatory compliance, sensitive topics","Create a content hub on MedCare's website featuring informative blog posts, videos, and guides",,0.0,,0.13202378153800964,0.27528563141822815,0.17082689702510834,0.05030341073870659,0.2604813277721405,0.11107893288135529,1,professional,0.2753,professional,0.2934,friendly,0.2475,professional,1,1,professional,0.3634,1.0,three_method_majority,True
518,Create a social media campaign to increase brand awareness among young adults for a new eco-friendly fashion brand.,"Company: GreenThreads; Target Audience: 18-25-year-olds; Constraints: Limited budget, high competition; Goals: 20% increase in followers, 15% increase in sales; Workflow Stage: Strategy","20% increase in followers, 15% increase in sales; Workflow Stage: Strategy","Company: GreenThreads; Target Audience: 18-25-year-olds; Constraints: Limited budget, high competition;","Company: GreenThreads; Target Audience: 18-25-year-olds; Constraints: Limited budget, high competition;","Launch a social media contest, ""Eco-Chic Challenge,"" where followers share their sustainable fashion tips and tricks using a branded hashtag. Partner with eco-influencers to amplify the campaign. Offer a discount code to participants and feature the best submissions on the brand's page.",persuasive,0.8625,discount|offer,0.04306124150753021,0.08952207118272781,0.08974061906337738,0.04385332018136978,0.5935322046279907,0.14029055833816528,1,persuasive,0.5935,persuasive,0.2755,humorous,0.2212,persuasive,1,1,persuasive,0.6397,1.0,rule_zero_shot_agreement,False
519,Develop an email marketing campaign to nurture leads for a B2B software company.,"Company: TechCorp; Target Audience: Business owners and decision-makers; Constraints: High unsubscribe rates, limited content; Goals: 25% open rate, 10% conversion rate; Workflow Stage: Copywriting","25% open rate, 10% conversion rate; Workflow Stage: Copywriting","Company: TechCorp; Target Audience: Business owners and decision-makers; Constraints: High unsubscribe rates, limited content;","Company: TechCorp; Target Audience: Business owners and decision-makers; Constraints: High unsubscribe rates, limited content;","Create a 5-email sequence: Introduction to the software, success stories, key features, free trial offer, and a follow-up. Use AI-generated content suggestions and personalize the emails based on the lead's industry and interests. Include interactive elements like quizzes and calculators to keep the audience engaged.",persuasive,0.2958,offer,0.07221435755491257,0.14687342941761017,0.09844761341810226,0.13173910975456238,0.4205116033554077,0.1302138864994049,1,persuasive,0.4205,emotional,0.2532,professional,0.1763,friendly,1,1,friendly,0.6,0.3333,phi3_tiebreak,True
520,Design an Instagram ad campaign to drive sales for a new online course on mindfulness.,"Company: MindfulLiving; Target Audience: Health-conscious individuals; Constraints: Limited ad budget, high competition; Goals: 500 course enrollments, 20% conversion rate; Workflow Stage: Image Generation","500 course enrollments, 20% conversion rate; Workflow Stage: Image Generation","Company: MindfulLiving; Target Audience: Health-conscious individuals; Constraints: Limited ad budget, high competition;","Company: MindfulLiving; Target Audience: Health-conscious individuals; Constraints: Limited ad budget, high competition;","Create eye-catching ads featuring serene landscapes, calming colors, and inspirational quotes. Utilize Instagram's ""swipe-up"" feature to drive traffic to the course website. Target ads based on interests, behaviors, and lookalike audiences. Set up a retargeting campaign to reach users who abandoned their carts.",,0.0,,0.11318742483854294,0.06889175623655319,0.12843604385852814,0.19500048458576202,0.3485279083251953,0.1459563821554184,1,persuasive,0.3485,emotional,0.3282,friendly,0.2092,professional,1,1,professional,0.6,0.5,phi3_tiebreak,True
521,Develop a content calendar for a food blog to increase engagement and attract new readers.,"Company: FoodieFun; Target Audience: Food enthusiasts; Constraints: Limited content team, high competition; Goals: 50% increase in blog traffic, 20% increase in engagement; Workflow Stage: Post Scheduling","50% increase in blog traffic, 20% increase in engagement; Workflow Stage: Post Scheduling","Company: FoodieFun; Target Audience: Food enthusiasts; Constraints: Limited content team, high competition;","Company: FoodieFun; Target Audience: Food enthusiasts; Constraints: Limited content team, high competition;","Create a content calendar featuring a mix of recipe posts, cooking tips, and behind-the-scenes stories. Utilize Instagram's ""IGTV"" feature for in-depth recipe videos and Facebook's ""Live"" feature for Q&A sessions",,0.0,,0.10061638057231903,0.12883102893829346,0.13830436766147614,0.12857232987880707,0.261941134929657,0.24173477292060852,1,persuasive,0.2619,humorous,0.252,emotional,0.2139,friendly,1,1,friendly,0.6,0.5,phi3_tiebreak,True
522,Create a social media campaign to increase brand awareness for a sustainable fashion brand among Gen Z consumers.,"Company: GreenThreads, a sustainable fashion brand offering eco-friendly clothing options. Target Audience: Gen Z consumers (18-24 years old) passionate about sustainability and social causes. Constraints: Limited budget of $1,000 for ad spend. Goals: Increase brand awareness by 30% and drive website traffic by 20% within 6 weeks. Workflow Stage: Strategy and content creation.",Increase brand awareness by 30% and drive website traffic by 20% within 6 weeks. Workflow Stage: Strategy and content creation.,"Company: GreenThreads, a sustainable fashion brand offering eco-friendly clothing options. Target Audience: Gen Z consumers (18-24 years old) passionate about sustainability and social causes. Constraints: Limited budget of $1,000 for ad spend.","Company: GreenThreads, a sustainable fashion brand offering eco-friendly clothing options. Target Audience: Gen Z consumers (18-24 years old) passionate about sustainability and social causes. Constraints: Limited budget of $1,000 for ad spend.","Develop a social media campaign, ""Wear Your Values,"" highlighting GreenThreads' commitment to sustainability. Utilize Instagram Reels and TikTok to share engaging, educational content (e.g., ""Did you know?"" facts about sustainable fashion). Collaborate with 3 eco-conscious influencers for sponsored content, allocating $300 for each partnership. Create a branded hashtag, #GreenThreadsChallenge, encouraging users to share their own sustainable fashion choices. Offer a 15% discount code for participants, driving website traffic and sales.",persuasive,0.8325,discount|offer,0.049324341118335724,0.12845288217067719,0.062220606952905655,0.04847710207104683,0.5823141932487488,0.12921088933944702,1,persuasive,0.5823,persuasive,0.2634,humorous,0.1984,persuasive,1,1,persuasive,0.6195,1.0,rule_zero_shot_agreement,True
523,Design an email nurturing campaign to convert leads into customers for a B2B software company.,"Company: TechSolutions, a B2B software provider offering innovative project management tools. Target Audience: Business owners and decision-makers in the IT industry. Constraints: Email list of 1,500 leads, with a 20% open rate and 5% conversion rate. Goals: Increase conversion rate by 15% within 3 months. Workflow Stage: Email copywriting and automation.",Increase conversion rate by 15% within 3 months. Workflow Stage: Email copywriting and automation.,"Company: TechSolutions, a B2B software provider offering innovative project management tools. Target Audience: Business owners and decision-makers in the IT industry. Constraints: Email list of 1,500 leads, with a 20% open rate and 5% conversion rate.","Company: TechSolutions, a B2B software provider offering innovative project management tools. Target Audience: Business owners and decision-makers in the IT industry. Constraints: Email list of 1,500 leads, with a 20% open rate and 5% conversion rate.","Develop a 3-email nurturing campaign, ""Unlock Your Team's Potential."" Email 1: ""5 Common Project Management Mistakes"" (educational content). Email 2: ""Success Story: How [Similar Company] Boosted Productivity with TechSolutions"" (testimonial). Email 3: ""Exclusive Offer: Get 14-Day Free Trial and Personalized Demo"" (promotional). Utilize AI-driven email personalization to address leads by name and tailor content based on their industry and company size. Set up automated email sequences using our workflow app, with a 7-day delay between each email.",luxury,0.2472,exclusive,0.02941143326461315,0.10500360280275345,0.06340049207210541,0.09039260447025299,0.6743084192276001,0.037483468651771545,1,persuasive,0.6743,persuasive,0.333,emotional,0.2419,persuasive,1,1,persuasive,0.403,0.6667,three_method_majority,True
524,Develop a pre-launch hype campaign for a sustainable fashion brand's new collection.,"Company: Verde Threads, a fashion brand offering eco-friendly clothing. Target Audience: Environmentally conscious millennials and Gen Z. Constraints: Limited budget for influencer partnerships. Goals: Create buzz around the new collection, emphasizing sustainability. Workflow Stage: Strategy.","Create buzz around the new collection, emphasizing sustainability. Workflow Stage: Strategy.","Company: Verde Threads, a fashion brand offering eco-friendly clothing. Target Audience: Environmentally conscious millennials and Gen Z. Constraints: Limited budget for influencer partnerships.","Company: Verde Threads, a fashion brand offering eco-friendly clothing. Target Audience: Environmentally conscious millennials and Gen Z. Constraints: Limited budget for influencer partnerships.","Create a ""Countdown to Conscious Fashion"" campaign. Collaborate with micro-influencers in the eco-friendly space for teaser content. Utilize Instagram Reels and TikTok for behind-the-scenes insights into sustainable production processes. Offer exclusive early access to customers who share their own eco-friendly fashion tips on social media, using a branded hashtag.",luxury,0.3192,exclusive,0.05092407763004303,0.11751582473516464,0.1052163615822792,0.05505794659256935,0.5275189280509949,0.14376692473888397,1,persuasive,0.5275,persuasive,0.2243,humorous,0.2076,persuasive,1,1,persuasive,0.2943,0.6667,three_method_majority,True
525,Design a social media contest that encourages user-generated content (UGC) for a coffee shop.,"Company: The Daily Grind, a small, independent coffee shop. Target Audience: Local coffee lovers. Constraints: Limited social media following. Goals: Increase brand visibility, drive sales. Workflow Stage: Image Generation.","Increase brand visibility, drive sales. Workflow Stage: Image Generation.","Company: The Daily Grind, a small, independent coffee shop. Target Audience: Local coffee lovers. Constraints: Limited social media following.","Company: The Daily Grind, a small, independent coffee shop. Target Audience: Local coffee lovers. Constraints: Limited social media following.","Launch the ""Cup & Capture"" contest. Customers are invited to share photos of their coffee cups in unique locations around the city on Instagram, tagging The Daily Grind. The most creative submissions win free coffee for a month. Utilize the collected UGC for future marketing materials, showcasing the brand's community involvement.",friendly,0.5875,community,0.0679078921675682,0.0880776196718216,0.06805195659399033,0.0648256167769432,0.5071119070053101,0.20402498543262482,1,persuasive,0.5071,humorous,0.2804,persuasive,0.2052,persuasive,1,1,persuasive,0.6,0.3333,phi3_tiebreak,True
526,Craft a compelling email marketing campaign for an AI software company.,"Company: AI Innovate, a developer of AI solutions for businesses. Target Audience: Tech-savvy entrepreneurs and small business owners. Constraints: Previous campaigns had low open rates. Goals: Increase email engagement, drive demo sign-ups. Workflow Stage: Copywriting.","Increase email engagement, drive demo sign-ups. Workflow Stage: Copywriting.","Company: AI Innovate, a developer of AI solutions for businesses. Target Audience: Tech-savvy entrepreneurs and small business owners. Constraints: Previous campaigns had low open rates.","Company: AI Innovate, a developer of AI solutions for businesses. Target Audience: Tech-savvy entrepreneurs and small business owners. Constraints: Previous campaigns had low open rates.","Subject Line: ""Unlock Your Business's Full Potential with AI"" Email Content: Personalized introductions based on the recipient's industry, highlighting specific challenges and how AI Innovate's solutions can address them. Include a brief case study and a direct link to schedule a demo.",professional,0.9542,industry|case study|business,0.066002257168293,0.14038564264774323,0.09944920986890793,0.0872187688946724,0.541701078414917,0.06524308770895004,1,persuasive,0.5417,persuasive,0.2237,professional,0.1961,professional,1,1,professional,0.96,0.6667,three_method_majority,False
527,Schedule a month-long social media campaign for a charity event.,"Company: Together We Can, a non-profit organization. Target Audience: Potential donors and volunteers. Constraints: Limited staff for social media management. Goals: Raise awareness and funds for the charity event. Workflow Stage: Post Scheduling.",Raise awareness and funds for the charity event. Workflow Stage: Post Scheduling.,"Company: Together We Can, a non-profit organization. Target Audience: Potential donors and volunteers. Constraints: Limited staff for social media management.","Company: Together We Can, a non-profit organization. Target Audience: Potential donors and volunteers. Constraints: Limited staff for social media management.","Theme: ""30 Days of Impact"" Week 1: Share stories of those helped by the charity. Week 2: Highlight volunteers' experiences. Week 3: Share behind-the",,0.0,,0.06284642964601517,0.08351659029722214,0.06541768461465836,0.4151117503643036,0.22265197336673737,0.15045547485351562,1,emotional,0.4151,emotional,0.5843,humorous,0.1328,emotional,1,1,emotional,0.6543,1.0,three_method_majority,False
528,Create a social media campaign to increase brand awareness among Gen Z for a sustainable fashion brand.,"Company: GreenThreads, a sustainable fashion brand Target Audience: Gen Z (18-24 years old) Constraints: Limited budget, must use existing brand assets Goals: Increase brand awareness by 20% in 6 weeks Workflow Stage: Strategy",Increase brand awareness by 20% in 6 weeks Workflow Stage: Strategy,"Company: GreenThreads, a sustainable fashion brand Target Audience: Gen Z (18-24 years old) Constraints: Limited budget, must use existing brand assets","Company: GreenThreads, a sustainable fashion brand Target Audience: Gen Z (18-24 years old) Constraints: Limited budget, must use existing brand assets","Develop a 6-week social media campaign, ""Eco-Warriors Unite,"" leveraging Instagram Reels, TikTok, and Twitter. Share engaging content showcasing eco-friendly fashion tips, behind-the-scenes looks at sustainable manufacturing processes, and influencer partnerships. Utilize relevant hashtags and tag relevant eco-conscious influencers. Allocate $500 for paid social media ads targeting Gen Z interests.",,0.0,,0.07881994545459747,0.13529372215270996,0.10391887277364731,0.14749601483345032,0.35812100768089294,0.1763504147529602,1,persuasive,0.3581,emotional,0.265,humorous,0.1986,professional,1,1,professional,0.6,0.5,phi3_tiebreak,True
529,Design a personalized email marketing campaign for a luxury car brand.,"Company: Prestige Motors, a luxury car brand Target Audience: High-income individuals (40-60 years old) Constraints: Must use existing customer data, limited to 2 email sends per month Goals: Increase test drive bookings by 15% in 3 months Workflow Stage: Image Generation",Increase test drive bookings by 15% in 3 months Workflow Stage: Image Generation,"Company: Prestige Motors, a luxury car brand Target Audience: High-income individuals (40-60 years old) Constraints: Must use existing customer data, limited to 2 email sends per month","Company: Prestige Motors, a luxury car brand Target Audience: High-income individuals (40-60 years old) Constraints: Must use existing customer data, limited to 2 email sends per month","Create a 3-month email campaign, ""Exclusive Driving Experiences,"" featuring personalized content and imagery. Use customer data to tailor messages, showcasing cars that match individual preferences. Include visually stunning images of cars in luxurious settings. Use AI-generated content to create customized email headers and CTAs. Send two emails per month, with a follow-up phone call to interested customers.",luxury,0.6792,exclusive,0.06112245097756386,0.11232952028512955,0.5060511231422424,0.05434367060661316,0.19306743144989014,0.07308588176965714,1,luxury,0.5061,luxury,0.5228,professional,0.1226,luxury,1,1,luxury,0.6932,1.0,rule_zero_shot_agreement,False
530,Write engaging copy for a Facebook ad campaign promoting a new vegan meal kit delivery service.,"Company: GreenBite, a vegan meal kit delivery service Target Audience: Health-conscious individuals (25-45 years old) Constraints: Limited budget, must use existing brand voice Goals: Drive 500 new subscriptions in 2 months Workflow Stage: Copywriting",Drive 500 new subscriptions in 2 months Workflow Stage: Copywriting,"Company: GreenBite, a vegan meal kit delivery service Target Audience: Health-conscious individuals (25-45 years old) Constraints: Limited budget, must use existing brand voice","Company: GreenBite, a vegan meal kit delivery service Target Audience: Health-conscious individuals (25-45 years old) Constraints: Limited budget, must use existing brand voice","Craft a compelling Facebook ad campaign, ""Nourish Your Soul,"" highlighting the benefits of veganism and the convenience of GreenBite's meal kits. Use attention-grabbing headlines, mouth-watering images, and customer testimonials to showcase the variety and taste of vegan meals. Utilize a conversational tone, emphasizing the positive impact of veganism on the environment and animal welfare. Allocate $1,000 for ad spend, targeting health-conscious interests and behaviors.",,0.0,,0.13200291991233826,0.021142620593309402,0.05365154892206192,0.14891038835048676,0.5559471249580383,0.08834538608789444,1,persuasive,0.5559,emotional,0.2997,friendly,0.2918,friendly,1,1,friendly,0.6,0.5,phi3_tiebreak,True
531,Create a social media campaign to increase brand awareness and drive sales for a sustainable fashion brand targeting young adults.,"Company: GreenThreads; Target Audience: Fashion-conscious young adults (18-30); Constraints: Limited budget of $5,000; Goals: Increase brand awareness by 20%, drive sales by 15%; Workflow Stage: Strategy","Increase brand awareness by 20%, drive sales by 15%; Workflow Stage: Strategy","Company: GreenThreads; Target Audience: Fashion-conscious young adults (18-30); Constraints: Limited budget of $5,000;","Company: GreenThreads; Target Audience: Fashion-conscious young adults (18-30); Constraints: Limited budget of $5,000;","Develop a 3-month campaign focusing on Instagram and TikTok, utilizing eco-friendly influencers, user-generated content, and sponsored ads highlighting GreenThreads' commitment to sustainability. Allocate $2,000 for influencer partnerships, $1,500 for sponsored ads, and $1,500 for content creation. Utilize relevant hashtags, collaborate with 5 eco-conscious influencers, and share customer testimonials to create engaging content.",,0.0,,0.08018474280834198,0.20079731941223145,0.09797271341085434,0.14784620702266693,0.3526758551597595,0.12052318453788757,1,persuasive,0.3527,emotional,0.264,professional,0.224,professional,1,1,professional,0.6,0.5,phi3_tiebreak,True
532,Design an email marketing campaign to nurture leads and encourage conversions for a B2B software company.,"Company: Tech Solutions Inc.; Target Audience: Business owners and decision-makers; Constraints: Limited email list of 1,000 subscribers; Goals: Nurture 30% of leads, convert 10% into paying customers; Workflow Stage: Copywriting","Nurture 30% of leads, convert 10% into paying customers; Workflow Stage: Copywriting","Company: Tech Solutions Inc.; Target Audience: Business owners and decision-makers; Constraints: Limited email list of 1,000 subscribers;","Company: Tech Solutions Inc.; Target Audience: Business owners and decision-makers; Constraints: Limited email list of 1,000 subscribers;","Create a 5-email sequence focusing on educating subscribers about the benefits of Tech Solutions' software. Email 1: Introduction to the software's features; Email 2: Success stories and case studies; Email 3: Exclusive webinar invitation; Email 4: Personalized demo offer; Email 5: Special promotion and trial offer. Utilize attention-grabbing subject lines, clear CTAs, and personalize content using subscriber data.",luxury,0.3192,exclusive,0.011387739330530167,0.06321951746940613,0.09768693149089813,0.0320330373942852,0.7740454077720642,0.021627366542816162,1,persuasive,0.774,persuasive,0.4791,luxury,0.1937,professional,1,1,professional,0.6,0.3333,phi3_tiebreak,True
533,Develop a content marketing strategy to establish a health and wellness brand as a thought leader in the industry.,"Company: Wellness Pro; Target Audience: Health-conscious individuals; Constraints: Limited resources for content creation; Goals: Increase website traffic by 25%, establish thought leadership; Workflow Stage: Strategy","Increase website traffic by 25%, establish thought leadership; Workflow Stage: Strategy",Company: Wellness Pro; Target Audience: Health-conscious individuals; Constraints: Limited resources for content creation;,Company: Wellness Pro; Target Audience: Health-conscious individuals; Constraints: Limited resources for content creation;,"Develop a content hub on the Wellness Pro website featuring in-depth guides, videos, and podcasts on various health and wellness topics. Partner with industry experts to create high-quality content, and repurpose existing content into social media posts, email newsletters, and lead magnets. Utilize SEO optimization and internal linking to improve website visibility.",professional,0.5875,industry,0.059115491807460785,0.2751426696777344,0.17891423404216766,0.07273261249065399,0.26945051550865173,0.14464448392391205,1,professional,0.2751,professional,0.3093,luxury,0.1904,professional,1,1,professional,0.5345,1.0,rule_zero_shot_agreement,True
534,Develop a social media campaign to increase brand awareness among young adults for a sustainable fashion brand.,"Company: GreenThreads, a fashion brand offering eco-friendly clothing made from recycled materials. Target Audience: 18-30-year-olds active on social media, interested in sustainability. Constraints: Limited budget, need to create engaging content without high production costs. Goals: Increase brand awareness, drive website traffic, and boost sales. Workflow Stage: Strategy.","Increase brand awareness, drive website traffic, and boost sales. Workflow Stage: Strategy.","Company: GreenThreads, a fashion brand offering eco-friendly clothing made from recycled materials. Target Audience: 18-30-year-olds active on social media, interested in sustainability. Constraints: Limited budget, need to create engaging content without high production costs.","Company: GreenThreads, a fashion brand offering eco-friendly clothing made from recycled materials. Target Audience: 18-30-year-olds active on social media, interested in sustainability. Constraints: Limited budget, need to create engaging content without high production costs.","Create a social media challenge, ""Eco-Fashion Revolution,"" encouraging users to share their own sustainable fashion choices, using a branded hashtag, and tagging GreenThreads. Partner with eco-influencers to amplify the message. Utilize Instagram Reels and TikTok for short-form content, and Facebook for longer-form storytelling. Offer a discount code to participants who share their own eco-friendly fashion tips.",persuasive,0.8625,discount|offer,0.04785094037652016,0.05942562222480774,0.06902806460857391,0.0779581218957901,0.6038060188293457,0.14193123579025269,1,persuasive,0.6038,persuasive,0.2726,humorous,0.2176,friendly,1,1,persuasive,0.6381,0.6667,rule_zero_shot_agreement,False
535,Craft a compelling email marketing campaign to nurture leads for a B2B software company.,"Company: TechSolutions, a B2B software company offering innovative project management tools. Target Audience: Business owners, project managers, and team leaders in various industries. Constraints: Limited time to create and send the campaign. Goals: Nurture leads, increase conversions, and drive sales. Workflow Stage: Copywriting.","Nurture leads, increase conversions, and drive sales. Workflow Stage: Copywriting.","Company: TechSolutions, a B2B software company offering innovative project management tools. Target Audience: Business owners, project managers, and team leaders in various industries. Constraints: Limited time to create and send the campaign.","Company: TechSolutions, a B2B software company offering innovative project management tools. Target Audience: Business owners, project managers, and team leaders in various industries. Constraints: Limited time to create and send the campaign.","Design a 3-email sequence: ""Project Management Mastery."" Email 1: ""5 Common Project Management Mistakes"" (awareness). Email 2: ""How to Streamline Your Workflow"" (consideration). Email 3: ""Get Started with TechSolutions"" (decision). Use attention-grabbing subject lines, concise copy, and clear CTAs. Personalize the emails using the recipient's name and company name.",persuasive,0.4867,,0.016472432762384415,0.1785290390253067,0.06563377380371094,0.010831966064870358,0.6972841620445251,0.03124859556555748,1,persuasive,0.6973,persuasive,0.393,professional,0.3405,professional,1,1,persuasive,0.5352,0.6667,rule_zero_shot_agreement,True
536,Develop a content marketing strategy to establish thought leadership for a healthcare technology company.,"Company: MedTech, a healthcare technology company offering innovative patient engagement solutions. Target Audience: Healthcare professionals, hospital administrators, and medical researchers. Constraints: Need to create high-quality, informative content that resonates with the audience. Goals: Establish thought leadership, increase brand credibility, and drive leads. Workflow Stage: Strategy.","Establish thought leadership, increase brand credibility, and drive leads. Workflow Stage: Strategy.","Company: MedTech, a healthcare technology company offering innovative patient engagement solutions. Target Audience: Healthcare professionals, hospital administrators, and medical researchers. Constraints: Need to create high-quality, informative content that resonates with the audience.","Company: MedTech, a healthcare technology company offering innovative patient engagement solutions. Target Audience: Healthcare professionals, hospital administrators, and medical researchers. Constraints: Need to create high-quality, informative content that resonates with the audience.","Create a content hub, ""The Future of Patient Engagement,"" featuring in-depth guides, whitepapers, and webinars on topics such as patient-centered care, digital health, and healthcare innovation. Utilize SEO to increase visibility, and social media to amplify the content. Partner with industry experts to co-author and",professional,0.1375,industry,0.06738753616809845,0.21665464341640472,0.18588580191135406,0.07733838260173798,0.306447297334671,0.14628638327121735,1,persuasive,0.3064,professional,0.2484,luxury,0.2017,professional,1,1,professional,0.2985,1.0,rule_zero_shot_agreement,True
537,Create a social media campaign to promote a new eco-friendly fashion brand.,"Company: Green Threads, a sustainable fashion startup Target Audience: Millennials and Gen Z, environmentally conscious consumers Constraints: Limited budget, high competition in the eco-friendly market Goals: Increase brand awareness, drive website traffic, and generate sales Workflow Stage: Strategy","Increase brand awareness, drive website traffic, and generate sales Workflow Stage: Strategy","Company: Green Threads, a sustainable fashion startup Target Audience: Millennials and Gen Z, environmentally conscious consumers Constraints: Limited budget, high competition in the eco-friendly market","Company: Green Threads, a sustainable fashion startup Target Audience: Millennials and Gen Z, environmentally conscious consumers Constraints: Limited budget, high competition in the eco-friendly market","""Green Threads Challenge"" - a social media campaign encouraging users to share their sustainable fashion choices, using a branded hashtag and tagging the brand. Partner with eco-influencers to showcase the brand's commitment to sustainability. Utilize Instagram Reels and TikTok for engaging, short-form content.",,0.0,,0.06573204696178436,0.06483744084835052,0.0548151358962059,0.09718505293130875,0.5334218740463257,0.18400847911834717,1,persuasive,0.5334,humorous,0.2529,persuasive,0.2159,friendly,1,1,friendly,0.6,0.5,phi3_tiebreak,True
538,Develop a content marketing strategy for a B2B software company.,"Company: TechSolutions, a software development company Target Audience: Business owners and decision-makers in the tech industry Constraints: Highly competitive market, complex software products Goals: Establish thought leadership, generate leads, and drive conversions Workflow Stage: Content Creation","Establish thought leadership, generate leads, and drive conversions Workflow Stage: Content Creation","Company: TechSolutions, a software development company Target Audience: Business owners and decision-makers in the tech industry Constraints: Highly competitive market, complex software products","Company: TechSolutions, a software development company Target Audience: Business owners and decision-makers in the tech industry Constraints: Highly competitive market, complex software products","""TechTalks"" - a podcast series featuring industry experts and thought leaders discussing the latest trends and innovations in software development. Create accompanying blog posts, social media content, and email newsletters to amplify the reach and engagement.",professional,0.5875,industry,0.0683794841170311,0.15715087950229645,0.1988251507282257,0.07231272011995316,0.28160369396209717,0.22172802686691284,1,persuasive,0.2816,humorous,0.2508,luxury,0.2122,professional,1,1,professional,0.6575,0.6667,three_method_majority,False
539,Design an email marketing campaign to promote a new product launch.,"Company: BeautyBuzz, a cosmetics company Target Audience: Women aged 25-45, interested in beauty and skincare Constraints: Limited email list, high competition in the beauty industry Goals: Create buzz around the new product, drive sales, and increase email list growth Workflow Stage: Email Marketing","Create buzz around the new product, drive sales, and increase email list growth Workflow Stage: Email Marketing","Company: BeautyBuzz, a cosmetics company Target Audience: Women aged 25-45, interested in beauty and skincare Constraints: Limited email list, high competition in the beauty industry","Company: BeautyBuzz, a cosmetics company Target Audience: Women aged 25-45, interested in beauty and skincare Constraints: Limited email list, high competition in the beauty industry","""Unlock the Secret"" - an email campaign featuring a series of teasers and exclusive content, building up to the product launch. Offer a limited-time discount to encourage early purchases and referrals.",persuasive,0.6125,discount|offer,0.04452705755829811,0.096188023686409,0.12705862522125244,0.07838140428066254,0.48281532526016235,0.17102958261966705,1,persuasive,0.4828,humorous,0.2337,persuasive,0.1942,persuasive,1,1,persuasive,0.6825,0.6667,three_method_majority,False
540,Create a social media campaign to promote a social cause.,"Company: CharityConnect, a non-profit organization Target Audience: General public, with a focus on socially conscious individuals Constraints: Limited budget, high competition for attention Goals: Raise awareness, drive donations, and increase volunteer sign-ups Workflow Stage: Social Media","Raise awareness, drive donations, and increase volunteer sign-ups Workflow Stage: Social Media","Company: CharityConnect, a non-profit organization Target Audience: General public, with a focus on socially conscious individuals Constraints: Limited budget, high competition for attention","Company: CharityConnect, a non-profit organization Target Audience: General public, with a focus on socially conscious individuals Constraints: Limited budget, high competition for attention","""Share the Love"" - a social media campaign featuring emotive storytelling, influencer partnerships, and a branded hashtag. Utilize Facebook Fundraisers and Instagram",,0.0,,0.022024672478437424,0.001180350431241095,0.016571613028645515,0.7492061257362366,0.13991397619247437,0.0711032971739769,1,emotional,0.7492,emotional,0.877,humorous,0.0522,emotional,1,1,emotional,0.947,1.0,three_method_majority,False
541,Create a pre-launch hype campaign for a new eco-friendly fashion brand.,"Company: Verde Clothing; Target Audience: Young adults aged 18-30 who prioritize sustainability; Constraints: Limited budget, 6-week timeline; Goals: Generate buzz, drive website traffic, and collect email sign-ups; Workflow Stage: Strategy.","Generate buzz, drive website traffic, and collect email sign-ups; Workflow Stage: Strategy.","Company: Verde Clothing; Target Audience: Young adults aged 18-30 who prioritize sustainability; Constraints: Limited budget, 6-week timeline;","Company: Verde Clothing; Target Audience: Young adults aged 18-30 who prioritize sustainability; Constraints: Limited budget, 6-week timeline;","Launch a social media contest, ""Eco-Chic Challenge,"" where followers share their own eco-friendly fashion tips and tricks using a branded hashtag. Partner with 5 eco-influencers to showcase Verde's designs and encourage user-generated content. Offer a 10% discount to participants who sign up for the newsletter.",persuasive,1.0,sign up|discount|offer,0.04918384552001953,0.058909256011247635,0.08360851556062698,0.044113337993621826,0.5841355919837952,0.18004949390888214,1,persuasive,0.5841,humorous,0.2786,persuasive,0.2662,persuasive,1,1,persuasive,0.96,0.6667,three_method_majority,False
542,Develop a targeted ad campaign for a new AI-powered fitness app.,"Company: FitGenie; Target Audience: Fitness enthusiasts aged 25-45; Constraints: $5,000 ad budget, 3-month timeline; Goals: Drive app downloads, increase brand awareness; Workflow Stage: Image Generation.","Drive app downloads, increase brand awareness; Workflow Stage: Image Generation.","Company: FitGenie; Target Audience: Fitness enthusiasts aged 25-45; Constraints: $5,000 ad budget, 3-month timeline;","Company: FitGenie; Target Audience: Fitness enthusiasts aged 25-45; Constraints: $5,000 ad budget, 3-month timeline;","Create a series of eye-catching ads featuring AI-generated fitness avatars, highlighting the app's personalized workout plans and real-time tracking features. Use Facebook and Instagram ads to target users who have shown interest in fitness and wellness, with a focus on lookalike audiences and interest-based targeting.",,0.0,,0.039447665214538574,0.15092255175113678,0.135838121175766,0.04576631262898445,0.5146074891090393,0.11341777443885803,1,persuasive,0.5146,persuasive,0.221,professional,0.2194,persuasive,1,1,persuasive,0.291,1.0,three_method_majority,True
543,Write engaging product descriptions for an e-commerce website selling artisanal home decor.,"Company: Handmade Haven; Target Audience: Home decor enthusiasts aged 25-50; Constraints: 500-word limit, SEO optimization; Goals: Increase conversions, enhance brand storytelling; Workflow Stage: Copywriting.","Increase conversions, enhance brand storytelling; Workflow Stage: Copywriting.","Company: Handmade Haven; Target Audience: Home decor enthusiasts aged 25-50; Constraints: 500-word limit, SEO optimization;","Company: Handmade Haven; Target Audience: Home decor enthusiasts aged 25-50; Constraints: 500-word limit, SEO optimization;","Craft detailed, emotive product descriptions that highlight the craftsmanship, materials, and story behind each piece. Use sensory language to transport customers into the artisan's workshop, and emphasize the unique character of each handmade item.",,0.0,,0.00225633243098855,0.0037313373759388924,0.1411633938550949,0.8063933253288269,0.032517243176698685,0.013938396237790585,1,emotional,0.8064,emotional,0.8867,luxury,0.0918,emotional,1,1,emotional,0.9567,1.0,three_method_majority,False
544,Design a loyalty program for a popular coffee shop chain.,"Company: The Daily Grind; Target Audience: Frequent coffee drinkers aged 18-40; Constraints: Existing loyalty program in place, 3-month timeline; Goals: Increase customer retention, drive sales; Workflow Stage: Strategy.","Increase customer retention, drive sales; Workflow Stage: Strategy.","Company: The Daily Grind; Target Audience: Frequent coffee drinkers aged 18-40; Constraints: Existing loyalty program in place, 3-month timeline;","Company: The Daily Grind; Target Audience: Frequent coffee drinkers aged 18-40; Constraints: Existing loyalty program in place, 3-month timeline;","Introduce a revamped loyalty program, ""The Daily Rewards,"" offering points for every purchase, with rewards such as free drinks, food discounts, and exclusive promotions. Implement a tiered system, with bonus rewards for customers who reach certain milestones, and offer personalized offers based on purchase history.",luxury,0.3192,exclusive,0.06393054127693176,0.15523666143417358,0.18145065009593964,0.07644886523485184,0.35956335067749023,0.16336990892887115,1,persuasive,0.3596,luxury,0.2064,humorous,0.1971,professional,1,1,luxury,0.3572,0.6667,rule_zero_shot_agreement,True
545,Create a social media campaign to increase brand awareness among young adults for a sustainable fashion brand.,"Company: GreenThreads, a sustainable fashion brand Target Audience: Young adults (18-30) interested in eco-friendly living Constraints: Limited budget ($5,000) Goals: Increase brand awareness by 30% in 6 weeks Workflow Stage: Social media strategy",Increase brand awareness by 30% in 6 weeks Workflow Stage: Social media strategy,"Company: GreenThreads, a sustainable fashion brand Target Audience: Young adults (18-30) interested in eco-friendly living Constraints: Limited budget ($5,000)","Company: GreenThreads, a sustainable fashion brand Target Audience: Young adults (18-30) interested in eco-friendly living Constraints: Limited budget ($5,000)","Launch a social media contest, ""Eco-Chic Challenge,"" where followers share their own sustainable fashion tips and tricks using a branded hashtag. Partner with eco-influencers to amplify the campaign. Allocate $2,000 for influencer collaborations, $1,500 for paid social media ads, and $1,500 for content creation. Track engagement and adjust the campaign strategy using AI-powered analytics.",professional,0.5875,strategy,0.061364270746707916,0.1854383796453476,0.15690769255161285,0.04081439971923828,0.38042643666267395,0.17504878342151642,1,persuasive,0.3804,professional,0.2332,humorous,0.2209,professional,1,1,professional,0.4926,1.0,rule_zero_shot_agreement,True
546,Develop a targeted email marketing campaign to promote a new AI-powered fitness app.,"Company: FitGenius, an AI-powered fitness app Target Audience: Fitness enthusiasts (25-45) interested in personalized workouts Constraints: Email list of 10,000 subscribers Goals: Drive 500 app downloads within 2 weeks Workflow Stage: Email marketing strategy",Drive 500 app downloads within 2 weeks Workflow Stage: Email marketing strategy,"Company: FitGenius, an AI-powered fitness app Target Audience: Fitness enthusiasts (25-45) interested in personalized workouts Constraints: Email list of 10,000 subscribers","Company: FitGenius, an AI-powered fitness app Target Audience: Fitness enthusiasts (25-45) interested in personalized workouts Constraints: Email list of 10,000 subscribers","Design a 3-email sequence: Introduction, Features, and Exclusive Offer. Use AI-driven segmentation to personalize the content based on subscribers' fitness goals and preferences. Include a limited-time discount (20% off) for the first 200 downloads. Allocate $1,000 for email design and copywriting, and $500 for email list segmentation.",persuasive,0.6125,discount|offer,0.08201956003904343,0.19078059494495392,0.1944575309753418,0.06027499958872795,0.34636014699935913,0.1261071115732193,1,persuasive,0.3464,professional,0.2259,luxury,0.218,persuasive,1,1,persuasive,0.6825,0.6667,three_method_majority,False
547,Create a content marketing strategy to establish a thought leadership position for a renewable energy company.,"Company: SolarPioneers, a renewable energy company Target Audience: Business owners and sustainability professionals Constraints: Limited content creation resources Goals: Publish 12 high-quality articles within 6 months Workflow Stage: Content creation",Publish 12 high-quality articles within 6 months Workflow Stage: Content creation,"Company: SolarPioneers, a renewable energy company Target Audience: Business owners and sustainability professionals Constraints: Limited content creation resources","Company: SolarPioneers, a renewable energy company Target Audience: Business owners and sustainability professionals Constraints: Limited content creation resources","Develop a content calendar focusing on industry trends, innovation, and case studies. Utilize AI-powered content generation tools to optimize research and drafting. Collaborate with industry experts and thought leaders to amplify credibility. Allocate $3,000 for content creation, $2,000 for expert collaborations, and $1,000 for content promotion.",professional,0.9083,industry|research|expert,0.05558445677161217,0.41368982195854187,0.11731521040201187,0.03763231635093689,0.25116485357284546,0.12461327016353607,1,professional,0.4137,professional,0.469,humorous,0.1418,professional,1,1,professional,0.7667,1.0,rule_zero_shot_agreement,False
548,Create a social media campaign to increase brand awareness for an eco-friendly fashion brand among millennials.,"Company: Green Threads, a sustainable fashion brand Target Audience: Millennials aged 25-35, fashion-conscious, and environmentally aware Constraints: Limited budget ($1,000), 6-week campaign duration Goals: Increase followers by 20%, boost engagement by 30%, drive 15% more website traffic Workflow Stage: Strategy","Increase followers by 20%, boost engagement by 30%, drive 15% more website traffic Workflow Stage: Strategy","Company: Green Threads, a sustainable fashion brand Target Audience: Millennials aged 25-35, fashion-conscious, and environmentally aware Constraints: Limited budget ($1,000), 6-week campaign duration","Company: Green Threads, a sustainable fashion brand Target Audience: Millennials aged 25-35, fashion-conscious, and environmentally aware Constraints: Limited budget ($1,000), 6-week campaign duration","Develop a #SustainableFashionChallenge, encouraging users to share eco-friendly fashion tips, tricks, and favorite Green Threads pieces on Instagram and TikTok. Collaborate with 3 eco-influencers for sponsored content, and offer a 15% discount to participants who use a branded hashtag. Allocate $300 for influencer partnerships, $200 for content creation, and $500 for targeted ads.",persuasive,0.8625,discount|offer,0.0438922680914402,0.1378147304058075,0.07007753103971481,0.038355372846126556,0.5607194900512695,0.1491405963897705,1,persuasive,0.5607,persuasive,0.2518,humorous,0.2274,professional,1,1,persuasive,0.6266,0.6667,rule_zero_shot_agreement,False
549,Design an email marketing campaign to nurture leads for a B2B software company.,"Company: Proxima Software, a provider of AI-powered project management tools Target Audience: Business owners and project managers at mid-sized companies Constraints: 3-email sequence, 2-week campaign duration Goals: Convert 20% of leads into demo requests, increase sales by 15% Workflow Stage: Copywriting","Convert 20% of leads into demo requests, increase sales by 15% Workflow Stage: Copywriting","Company: Proxima Software, a provider of AI-powered project management tools Target Audience: Business owners and project managers at mid-sized companies Constraints: 3-email sequence, 2-week campaign duration","Company: Proxima Software, a provider of AI-powered project management tools Target Audience: Business owners and project managers at mid-sized companies Constraints: 3-email sequence, 2-week campaign duration","Craft a 3-email sequence: 1. ""5 Project Management Pain Points"" (awareness), 2. ""How Proxima Software Solves Your Challenges"" (consideration), 3. ""Limited-Time Demo Offer"" (decision). Use a conversational tone, include customer testimonials, and add a clear CTA in each email.",persuasive,0.6333,offer,0.16091135144233704,0.12147615104913712,0.043541621416807175,0.04321161285042763,0.589987576007843,0.04087170958518982,1,persuasive,0.59,friendly,0.3875,persuasive,0.2388,friendly,1,1,friendly,0.4575,0.6667,three_method_majority,True
550,Generate social media content for a new product launch in the fitness industry.,"Company: FitFusion, a fitness equipment manufacturer Target Audience: Fitness enthusiasts, personal trainers, and gym owners Constraints: Launch date in 4 weeks, content calendar for 8 weeks Goals: Create buzz around the new product, increase sales by 20% within the first 6 weeks Workflow Stage: Image Generation","Create buzz around the new product, increase sales by 20% within the first 6 weeks Workflow Stage: Image Generation","Company: FitFusion, a fitness equipment manufacturer Target Audience: Fitness enthusiasts, personal trainers, and gym owners Constraints: Launch date in 4 weeks, content calendar for 8 weeks","Company: FitFusion, a fitness equipment manufacturer Target Audience: Fitness enthusiasts, personal trainers, and gym owners Constraints: Launch date in 4 weeks, content calendar for 8 weeks","Develop a content calendar featuring: Weeks 1-2: Teaser videos and images showcasing the product's features Weeks 3-4: Influencer partnerships and user-generated content campaigns Weeks 5-6: Product demos, tutorials, and customer testimonials Weeks 7-8: Special promotions, discounts, and limited-time offers Use a mix of graphics, videos, and images to",,0.0,,0.07259298861026764,0.12546350061893463,0.1309264898300171,0.04812154546380043,0.507678210735321,0.11521729081869125,1,persuasive,0.5077,persuasive,0.2085,friendly,0.1773,persuasive,1,1,persuasive,0.2785,1.0,three_method_majority,True
551,Create a social media campaign to raise awareness about eco-friendly fashion and promote a new sustainable clothing line.,"Company: GreenThreads, a startup fashion brand; Target Audience: Environmentally conscious millennials; Constraints: Limited budget; Goals: Increase brand awareness, drive website traffic; Workflow Stage: Strategy","Increase brand awareness, drive website traffic; Workflow Stage: Strategy","Company: GreenThreads, a startup fashion brand; Target Audience: Environmentally conscious millennials; Constraints: Limited budget;","Company: GreenThreads, a startup fashion brand; Target Audience: Environmentally conscious millennials; Constraints: Limited budget;","Develop a 6-week campaign featuring Instagram Reels showcasing the brand's eco-friendly manufacturing process, influencer partnerships, and customer testimonials. Utilize relevant hashtags, such as #Sustainability and #EcoFashion, to increase visibility.",,0.0,,0.07263869047164917,0.17797312140464783,0.11973177641630173,0.17763660848140717,0.32758837938308716,0.12443143129348755,1,persuasive,0.3276,emotional,0.3074,professional,0.1924,professional,1,1,professional,0.6,0.5,phi3_tiebreak,True
552,Design a targeted email marketing campaign to promote a new fitness program for busy professionals.,"Company: FitCorp, a fitness studio; Target Audience: Working professionals aged 25-45; Constraints: Limited email list; Goals: Drive program sign-ups; Workflow Stage: Copywriting",Drive program sign-ups; Workflow Stage: Copywriting,"Company: FitCorp, a fitness studio; Target Audience: Working professionals aged 25-45; Constraints: Limited email list;","Company: FitCorp, a fitness studio; Target Audience: Working professionals aged 25-45; Constraints: Limited email list;","Create a series of 4 emails highlighting the program's benefits, such as increased energy and productivity. Use attention-grabbing subject lines, like ""Transform Your Body in 30 Days,"" and include a clear call-to-action (CTA) to sign up for a free trial class.",persuasive,0.725,sign up,0.004604674410074949,0.013234026730060577,0.02432500757277012,0.00599242327734828,0.934549868106842,0.017294028773903847,1,persuasive,0.9345,persuasive,0.7948,luxury,0.0663,,0,0,persuasive,0.8634,1.0,rule_zero_shot_agreement,False
553,Develop a comprehensive rebranding strategy to appeal to a younger demographic.,"Company: LuxuryRide, a high-end car manufacturer; Target Audience: Young professionals and entrepreneurs; Constraints: Maintaining brand heritage; Goals: Increase brand appeal, drive sales; Workflow Stage: Image Generation","Increase brand appeal, drive sales; Workflow Stage: Image Generation","Company: LuxuryRide, a high-end car manufacturer; Target Audience: Young professionals and entrepreneurs; Constraints: Maintaining brand heritage;","Company: LuxuryRide, a high-end car manufacturer; Target Audience: Young professionals and entrepreneurs; Constraints: Maintaining brand heritage;","Create a modern, sleek visual identity featuring bold typography and vibrant colors. Utilize Instagram and TikTok to showcase the brand's new design language, highlighting innovative features and exclusive experiences.",luxury,0.6792,exclusive,0.006409766618162394,0.02281520701944828,0.8714441061019897,0.003426025854423642,0.0752841904759407,0.020620793104171753,1,luxury,0.8714,luxury,0.9091,professional,0.0251,,0,0,luxury,0.9056,1.0,rule_zero_shot_agreement,False
554,Partner with a non-profit organization to raise awareness about mental health and promote a fundraising campaign.,"Company: MindfulMates, a mental wellness app; Target Audience: Young adults; Constraints: Limited budget; Goals: Drive donations, increase brand awareness; Workflow Stage: Post Scheduling","Drive donations, increase brand awareness; Workflow Stage: Post Scheduling","Company: MindfulMates, a mental wellness app; Target Audience: Young adults; Constraints: Limited budget;","Company: MindfulMates, a mental wellness app; Target Audience: Young adults; Constraints: Limited budget;","Collaborate with the National Alliance on Mental Illness (NAMI) to create a 4-week social media campaign featuring personal stories, educational content, and donation CTAs. Utilize Instagram's ""Donate"" feature and Facebook Fundraisers to streamline donations.",,0.0,,0.07697585225105286,0.08209972083568573,0.06733056157827377,0.31957656145095825,0.33788102865219116,0.11613635718822479,1,persuasive,0.3379,emotional,0.507,friendly,0.1341,emotional,1,1,emotional,0.577,1.0,three_method_majority,True
555,Create a social media campaign to increase brand awareness for a sustainable fashion brand among Gen Z consumers.,"Company: Verde Threads, a sustainable fashion brand that uses eco-friendly materials and practices. Target Audience: Gen Z consumers (18-24 years old) who prioritize sustainability and social responsibility. Constraints: Limited budget of $5,000 for the campaign. Goals: Increase brand awareness by 20% and drive website traffic by 15% within 6 weeks. Workflow Stage: Strategy",Increase brand awareness by 20% and drive website traffic by 15% within 6 weeks. Workflow Stage: Strategy,"Company: Verde Threads, a sustainable fashion brand that uses eco-friendly materials and practices. Target Audience: Gen Z consumers (18-24 years old) who prioritize sustainability and social responsibility. Constraints: Limited budget of $5,000 for the campaign.","Company: Verde Threads, a sustainable fashion brand that uses eco-friendly materials and practices. Target Audience: Gen Z consumers (18-24 years old) who prioritize sustainability and social responsibility. Constraints: Limited budget of $5,000 for the campaign.","Develop a social media campaign, ""Verde Vibes,"" that showcases the brand's commitment to sustainability through engaging visuals and influencer partnerships. Allocate $2,000 for sponsored posts and $1,500 for influencer collaborations. Utilize Instagram Reels and TikTok to share behind-the-scenes content, customer testimonials, and eco-friendly fashion tips. Partner with 3 social media influencers who align with the brand's values and have a combined following of 1 million. Monitor engagement metrics and adjust the campaign strategy accordingly.",professional,0.5875,strategy,0.12146589159965515,0.12414538115262985,0.08163319528102875,0.15650683641433716,0.3039167523384094,0.21233195066452026,1,persuasive,0.3039,emotional,0.2587,friendly,0.2205,professional,1,1,professional,0.6575,0.6667,three_method_majority,False
556,Design an email marketing campaign to nurture leads for a B2B software company.,"Company: Apex Solutions, a B2B software company that offers project management tools. Target Audience: Business owners and decision-makers in the IT and tech industries. Constraints: Existing email list of 5,000 subscribers, with a 20% open rate. Goals: Increase conversion rates by 15% and boost sales by 10% within 3 months. Workflow Stage: Copywriting",Increase conversion rates by 15% and boost sales by 10% within 3 months. Workflow Stage: Copywriting,"Company: Apex Solutions, a B2B software company that offers project management tools. Target Audience: Business owners and decision-makers in the IT and tech industries. Constraints: Existing email list of 5,000 subscribers, with a 20% open rate.","Company: Apex Solutions, a B2B software company that offers project management tools. Target Audience: Business owners and decision-makers in the IT and tech industries. Constraints: Existing email list of 5,000 subscribers, with a 20% open rate.","Create a 3-email nurture campaign that educates subscribers on the benefits of Apex Solutions' software. Email 1: ""5 Project Management Pain Points and How to Solve Them"" ( awareness stage). Email 2: ""Success Story: How XYZ Corporation Improved Efficiency with Apex Solutions"" (consideration stage). Email 3: ""Exclusive Offer: 14-Day Free Trial and Demo"" (decision stage). Use a conversational tone, personalize the emails using the subscriber's name and company, and include clear CTAs.",luxury,0.3192,exclusive,0.3484223484992981,0.05821937322616577,0.06635890901088715,0.12890185415744781,0.32924026250839233,0.0688573569059372,1,friendly,0.3484,friendly,0.5537,emotional,0.1865,friendly,1,1,friendly,0.6237,0.6667,three_method_majority,False
557,Create a social media campaign to increase brand awareness among Gen Z for a sustainable fashion brand.,"Company: GreenThreads, a sustainable fashion brand targeting 18-24-year-olds. Target audience: Environmentally conscious Gen Z consumers. Constraints: Limited budget of $5,000. Goals: Increase brand awareness by 30% and drive website traffic by 20%. Workflow stage: Strategy.",Increase brand awareness by 30% and drive website traffic by 20%. Workflow stage: Strategy.,"Company: GreenThreads, a sustainable fashion brand targeting 18-24-year-olds. Target audience: Environmentally conscious Gen Z consumers. Constraints: Limited budget of $5,000.","Company: GreenThreads, a sustainable fashion brand targeting 18-24-year-olds. Target audience: Environmentally conscious Gen Z consumers. Constraints: Limited budget of $5,000.","Develop a social media campaign, ""Eco-Warriors Unite,"" leveraging Instagram, TikTok, and Twitter. Partner with 5 eco-influencers to showcase sustainable fashion. Create engaging content (reels, stories, posts) highlighting the brand's commitment to sustainability. Utilize relevant hashtags and run targeted ads to reach 1 million users. Allocate $2,000 for influencer collaborations, $1,500 for ad spend, and $1,500 for content creation.",,0.0,,0.058135997503995895,0.1972881257534027,0.062189023941755295,0.13517941534519196,0.41895920038223267,0.12824824452400208,1,persuasive,0.419,emotional,0.2616,professional,0.2385,professional,1,1,professional,0.6,0.5,phi3_tiebreak,True
558,Design an email marketing campaign to nurture leads for a B2B software company.,"Company: SoftProdigy, a B2B software company offering project management tools. Target audience: Business owners and decision-makers in the IT industry. Constraints: Email list of 5,000 subscribers. Goals: Nurture 20% of leads to schedule a demo within 3 months. Workflow stage: Email copywriting.",Nurture 20% of leads to schedule a demo within 3 months. Workflow stage: Email copywriting.,"Company: SoftProdigy, a B2B software company offering project management tools. Target audience: Business owners and decision-makers in the IT industry. Constraints: Email list of 5,000 subscribers.","Company: SoftProdigy, a B2B software company offering project management tools. Target audience: Business owners and decision-makers in the IT industry. Constraints: Email list of 5,000 subscribers.","Create a 3-email nurture campaign, ""Unlock Efficiency,"" focusing on the benefits of streamlined project management. Email 1: ""5 Signs Your Team Needs a Project Management Upgrade"" (educational content). Email 2: ""Real-Life Success Stories: How Our Software Boosted Productivity"" (testimonial-based). Email 3: ""Get Started with a Free Demo"" (clear call-to-action). Use a conversational tone, personalize with company names, and include a prominent CTA button.",persuasive,0.4867,,0.19551891088485718,0.043860290199518204,0.027893345803022385,0.11107053607702255,0.6020755171775818,0.019581388682127,1,persuasive,0.6021,friendly,0.4355,persuasive,0.2254,friendly,1,1,friendly,0.5055,0.6667,three_method_majority,True
559,Develop a content calendar for a health and wellness blog.,"Company: FitFusion, a health and wellness blog targeting fitness enthusiasts. Target audience: Women and men aged 25-45. Constraints: Publish 3 articles per week. Goals: Increase website traffic by 50% in 6 months. Workflow stage: Content planning.",Increase website traffic by 50% in 6 months. Workflow stage: Content planning.,"Company: FitFusion, a health and wellness blog targeting fitness enthusiasts. Target audience: Women and men aged 25-45. Constraints: Publish 3 articles per week.","Company: FitFusion, a health and wellness blog targeting fitness enthusiasts. Target audience: Women and men aged 25-45. Constraints: Publish 3 articles per week.","Create a content calendar focusing on themes: Mindful Mondays (meditation, self-care), Workout Wednesdays (fitness routines, exercises), and Healthy Fridays (nutrition, recipes). Utilize SEO keywords, optimize meta descriptions, and schedule social media promotions.",emotional,0.5875,care,0.09635154157876968,0.22592999041080475,0.10160335898399353,0.04747645929455757,0.41921311616897583,0.10942554473876953,1,persuasive,0.4192,professional,0.282,friendly,0.2114,professional,1,1,professional,0.352,0.6667,three_method_majority,True
560,Create a social media campaign to promote a new eco-friendly product line.,"Company: GreenCycle, a sustainable products manufacturer. Target audience: environmentally conscious millennials. Constraints: limited budget, high competition. Goals: increase brand awareness, drive website traffic. Workflow stage: Strategy.","increase brand awareness, drive website traffic. Workflow stage: Strategy.","Company: GreenCycle, a sustainable products manufacturer. Target audience: environmentally conscious millennials. Constraints: limited budget, high competition.","Company: GreenCycle, a sustainable products manufacturer. Target audience: environmentally conscious millennials. Constraints: limited budget, high competition.","Launch a social media contest, ""Eco-Challenge,"" where followers share their own eco-friendly habits and tag friends. Partner with influencers to showcase GreenCycle products in their eco-friendly routines. Utilize Instagram Reels and TikTok for engaging, short-form content. Allocate $1,000 for sponsored content and influencer partnerships.",,0.0,,0.06664985418319702,0.07302869111299515,0.07827575504779816,0.07996153086423874,0.5118412375450134,0.1902429461479187,1,persuasive,0.5118,humorous,0.2599,persuasive,0.2059,persuasive,1,1,persuasive,0.6,0.5,phi3_tiebreak,True
561,Develop a content marketing strategy for a B2B software company.,"Company: TechSolutions, a cloud-based project management tool. Target audience: IT professionals, business owners. Constraints: complex product, limited brand recognition. Goals: establish thought leadership, generate leads. Workflow stage: Content Creation.","establish thought leadership, generate leads. Workflow stage: Content Creation.","Company: TechSolutions, a cloud-based project management tool. Target audience: IT professionals, business owners. Constraints: complex product, limited brand recognition.","Company: TechSolutions, a cloud-based project management tool. Target audience: IT professionals, business owners. Constraints: complex product, limited brand recognition.","Create a comprehensive eBook, ""The Ultimate Guide to Project Management,"" and offer it as a free download on the TechSolutions website. Develop a series of blog posts, ""Project Management Insider,"" highlighting industry trends and best practices. Utilize LinkedIn Pulse for publishing and promoting content. Collaborate with industry experts to guest post and expand the company's network.",persuasive,0.2958,offer,0.06401114910840988,0.24546988308429718,0.14866550266742706,0.06460408866405487,0.3471531867980957,0.1300961971282959,1,persuasive,0.3472,professional,0.2939,luxury,0.1685,professional,1,1,professional,0.3639,0.6667,three_method_majority,True
562,Design a targeted email marketing campaign for an e-commerce company.,"Company: FashionForward, an online clothing retailer. Target audience: fashion-conscious women aged 25-45. Constraints: high email unsubscribe rates, limited customer data. Goals: increase conversions, reduce unsubscribes. Workflow stage: Email Marketing.","increase conversions, reduce unsubscribes. Workflow stage: Email Marketing.","Company: FashionForward, an online clothing retailer. Target audience: fashion-conscious women aged 25-45. Constraints: high email unsubscribe rates, limited customer data.","Company: FashionForward, an online clothing retailer. Target audience: fashion-conscious women aged 25-45. Constraints: high email unsubscribe rates, limited customer data.","Implement a segmentation strategy based on customer purchase history and browsing behavior. Create personalized email content, including product recommendations and exclusive promotions. Use AI-powered subject line optimization to boost open rates. Offer loyalty rewards to subscribers who refer friends or make repeat purchases.",luxury,0.3192,exclusive,0.04851792752742767,0.18017196655273438,0.160414457321167,0.04986409470438957,0.43849048018455505,0.12254104763269424,1,persuasive,0.4385,professional,0.2403,luxury,0.2025,professional,1,1,professional,0.3103,0.6667,three_method_majority,True
563,Create a video marketing strategy for a healthcare company.,"Company: MedCare, a medical services provider. Target audience: patients, healthcare professionals. Constraints: sensitive topic, limited budget. Goals: educate patients, establish trust. Workflow stage: Video Production.","educate patients, establish trust. Workflow stage: Video Production.","Company: MedCare, a medical services provider. Target audience: patients, healthcare professionals. Constraints: sensitive topic, limited budget.","Company: MedCare, a medical services provider. Target audience: patients, healthcare professionals. Constraints: sensitive topic, limited budget.","Develop a series of animated explainer videos, ""Healthcare 101,"" covering common medical conditions and treatments. Utilize YouTube and the MedCare website for video hosting. Create a ""Patient Stories"" testimonial series showcasing MedCare's success stories. Partner with healthcare influencers to",,0.0,,0.06373795866966248,0.10429959744215012,0.08102479577064514,0.3179609477519989,0.3059634268283844,0.12701325118541718,1,emotional,0.318,emotional,0.4991,humorous,0.125,professional,1,1,professional,0.6,0.5,phi3_tiebreak,True
564,Create a social media campaign to promote a new eco-friendly fashion brand.,"Company: GreenThreads, a sustainable fashion startup Target Audience: Environmentally conscious millennials and Gen Z Constraints: Limited budget, high competition in the eco-friendly fashion market Goals: Increase brand awareness, drive website traffic, and generate sales Workflow Stage: Strategy","Increase brand awareness, drive website traffic, and generate sales Workflow Stage: Strategy","Company: GreenThreads, a sustainable fashion startup Target Audience: Environmentally conscious millennials and Gen Z Constraints: Limited budget, high competition in the eco-friendly fashion market","Company: GreenThreads, a sustainable fashion startup Target Audience: Environmentally conscious millennials and Gen Z Constraints: Limited budget, high competition in the eco-friendly fashion market","Develop a social media campaign, ""Wear Your Values,"" highlighting GreenThreads' commitment to sustainability. Utilize Instagram Reels and TikTok to showcase eco-friendly manufacturing processes, and collaborate with eco-influencers to promote the brand. Allocate $1,000 for targeted ads on Facebook and Instagram, focusing on interests like sustainable living and eco-friendly products.",,0.0,,0.05371568351984024,0.19450175762176514,0.10048219561576843,0.0759359821677208,0.47945520281791687,0.0959092229604721,1,persuasive,0.4795,professional,0.2616,persuasive,0.1906,professional,1,1,professional,0.3316,1.0,three_method_majority,True
565,Design an email marketing campaign to re-engage inactive subscribers.,"Company: FitZone, a fitness and wellness center Target Audience: Inactive email subscribers Constraints: Limited email content, lack of personalization Goals: Reactivate subscribers, increase email open rates, and drive membership sales Workflow Stage: Copywriting","Reactivate subscribers, increase email open rates, and drive membership sales Workflow Stage: Copywriting","Company: FitZone, a fitness and wellness center Target Audience: Inactive email subscribers Constraints: Limited email content, lack of personalization","Company: FitZone, a fitness and wellness center Target Audience: Inactive email subscribers Constraints: Limited email content, lack of personalization","Create a ""We Miss You"" email campaign, offering personalized discounts and promotions based on subscribers' past interactions with FitZone. Use AI-powered email content generation to create dynamic content, such as workout tips and success stories. Include a ""refer a friend"" incentive to encourage sharing and increase brand visibility.",,0.0,,0.055796101689338684,0.09948704391717911,0.0884636715054512,0.18472163379192352,0.3877878189086914,0.18374377489089966,1,persuasive,0.3878,emotional,0.3376,humorous,0.2105,persuasive,1,1,persuasive,0.6,0.5,phi3_tiebreak,True
566,Develop a content marketing strategy to establish a company as a thought leader in the AI industry.,"Company: AI Solutions Inc., an AI consulting firm Target Audience: Business leaders and AI enthusiasts Constraints: Limited brand recognition, high competition in the AI industry Goals: Establish thought leadership, increase website traffic, and generate leads Workflow Stage: Strategy","Establish thought leadership, increase website traffic, and generate leads Workflow Stage: Strategy","Company: AI Solutions Inc., an AI consulting firm Target Audience: Business leaders and AI enthusiasts Constraints: Limited brand recognition, high competition in the AI industry","Company: AI Solutions Inc., an AI consulting firm Target Audience: Business leaders and AI enthusiasts Constraints: Limited brand recognition, high competition in the AI industry","Create a content marketing strategy, ""AI Insights,"" focusing on in-depth articles, research papers, and webinars on AI trends and applications. Collaborate with industry experts to produce high-quality content, and utilize LinkedIn and Twitter to promote the brand's thought leadership. Allocate $2,000 for sponsored content on LinkedIn and Google Ads.",professional,1.0,industry|strategy|research|insights,0.03927336633205414,0.4533361792564392,0.17768710851669312,0.05752246826887131,0.19824382662773132,0.07393699139356613,1,professional,0.4533,professional,0.4952,luxury,0.1837,professional,1,1,professional,0.8224,1.0,rule_zero_shot_agreement,False
567,Create a social media campaign to increase brand awareness among young adults for a new sustainable fashion brand.,"Company: GreenThreads, a sustainable fashion brand targeting 18-30-year-olds. Target audience: environmentally conscious young adults. Constraints: limited budget, 6-week timeline. Goals: increase brand awareness by 30%, drive website traffic by 25%. Workflow stage: Strategy.","increase brand awareness by 30%, drive website traffic by 25%. Workflow stage: Strategy.","Company: GreenThreads, a sustainable fashion brand targeting 18-30-year-olds. Target audience: environmentally conscious young adults. Constraints: limited budget, 6-week timeline.","Company: GreenThreads, a sustainable fashion brand targeting 18-30-year-olds. Target audience: environmentally conscious young adults. Constraints: limited budget, 6-week timeline.","""Threads for Thought"" campaign: Partner with eco-influencers to showcase GreenThreads' sustainable clothing, encouraging users to share their own eco-friendly fashion choices. Utilize Instagram Reels and TikTok for engaging, educational content. Allocate $1,500 for influencer collaborations and $1,000 for targeted social media ads.",,0.0,,0.049390580505132675,0.10694968700408936,0.09547167271375656,0.12051991373300552,0.3775976896286011,0.2500704824924469,1,persuasive,0.3776,humorous,0.2989,emotional,0.2298,professional,1,1,professional,0.6,0.5,phi3_tiebreak,True
568,Develop a content marketing strategy to establish a B2B software company as a thought leader in the AI industry.,"Company: NovaTech, a B2B AI software provider targeting IT professionals and business owners. Target audience: tech-savvy decision-makers. Constraints: 3-month timeline, limited resources. Goals: increase website traffic by 50%, generate 20 leads per quarter. Workflow stage: Content Creation.","increase website traffic by 50%, generate 20 leads per quarter. Workflow stage: Content Creation.","Company: NovaTech, a B2B AI software provider targeting IT professionals and business owners. Target audience: tech-savvy decision-makers. Constraints: 3-month timeline, limited resources.","Company: NovaTech, a B2B AI software provider targeting IT professionals and business owners. Target audience: tech-savvy decision-makers. Constraints: 3-month timeline, limited resources.","""AI Insights"" blog series: Publish in-depth articles on AI trends, applications, and best practices. Collaborate with industry experts to create informative whitepapers, webinars, and case studies. Utilize LinkedIn and Twitter to promote content and engage with the target audience.",professional,0.7708,industry|insights,0.06120716780424118,0.2742510139942169,0.18922282755374908,0.06937305629253387,0.290924608707428,0.11502129584550858,1,persuasive,0.2909,professional,0.314,luxury,0.2051,professional,1,1,professional,0.6196,1.0,rule_zero_shot_agreement,True
569,Design a targeted email marketing campaign to drive sales for a luxury travel company.,"Company: Luxe Voyages, a high-end travel provider targeting affluent individuals. Target audience: high-income travelers. Constraints: 2-month timeline, limited email list. Goals: increase bookings by 25%, drive revenue by $100,000. Workflow stage: Email Marketing.","increase bookings by 25%, drive revenue by $100,000. Workflow stage: Email Marketing.","Company: Luxe Voyages, a high-end travel provider targeting affluent individuals. Target audience: high-income travelers. Constraints: 2-month timeline, limited email list.","Company: Luxe Voyages, a high-end travel provider targeting affluent individuals. Target audience: high-income travelers. Constraints: 2-month timeline, limited email list.","""Escape the Ordinary"" campaign: Create personalized, visually stunning emails showcasing unique travel experiences. Utilize segmentation to target specific interests and behaviors. Offer exclusive promotions and limited-time offers to encourage bookings.",luxury,0.3192,exclusive,0.02567458711564541,0.01638176664710045,0.5549043416976929,0.04017801210284233,0.21331091225147247,0.14955033361911774,1,luxury,0.5549,luxury,0.6078,humorous,0.1737,persuasive,1,1,luxury,0.5779,0.6667,rule_zero_shot_agreement,True
570,Create a social media campaign to increase brand awareness for a sustainable fashion brand among Gen Z consumers.,"Company: Green Threads, a sustainable fashion brand Target Audience: Gen Z consumers (18-24 years old) Constraints: Limited budget ($1,000) and a short timeframe (6 weeks) Goals: Increase brand awareness by 20% and drive website traffic by 30% Workflow Stage: Strategy and content creation",Increase brand awareness by 20% and drive website traffic by 30% Workflow Stage: Strategy and content creation,"Company: Green Threads, a sustainable fashion brand Target Audience: Gen Z consumers (18-24 years old) Constraints: Limited budget ($1,000) and a short timeframe (6 weeks)","Company: Green Threads, a sustainable fashion brand Target Audience: Gen Z consumers (18-24 years old) Constraints: Limited budget ($1,000) and a short timeframe (6 weeks)","Develop a social media campaign, ""Sustainable Style Challenge,"" where influencers and followers are encouraged to share their eco-friendly fashion choices using a branded hashtag. Partner with 5 micro-influencers to showcase Green Threads' clothing and create engaging content (images, videos, and Reels). Allocate $300 for influencer collaborations, $200 for content creation, and $500 for paid social media ads targeting Gen Z consumers.",,0.0,,0.058729276061058044,0.18292221426963806,0.06910324096679688,0.05197945237159729,0.4895845353603363,0.14768122136592865,1,persuasive,0.4896,professional,0.2514,humorous,0.2037,professional,1,1,professional,0.3214,1.0,three_method_majority,True
571,Design an email marketing campaign to nurture leads for a B2B software company.,"Company: Tech Solutions, a B2B software company Target Audience: Business owners and decision-makers in the tech industry Constraints: Existing email list with 1,000 subscribers, limited content creation resources Goals: Increase lead conversion rate by 15% and boost sales by 10% Workflow Stage: Email marketing automation",Increase lead conversion rate by 15% and boost sales by 10% Workflow Stage: Email marketing automation,"Company: Tech Solutions, a B2B software company Target Audience: Business owners and decision-makers in the tech industry Constraints: Existing email list with 1,000 subscribers, limited content creation resources","Company: Tech Solutions, a B2B software company Target Audience: Business owners and decision-makers in the tech industry Constraints: Existing email list with 1,000 subscribers, limited content creation resources","Create a lead nurturing email campaign, ""Tech Insights,"" with a series of 5 automated emails that provide valuable industry insights, case studies, and product information. Use AI-powered email personalization to tailor content based on subscriber interests and behaviors. Set up email workflows to trigger follow-up emails and notifications for sales teams to pursue high-engagement leads.",professional,0.7708,industry|insights,0.09165585786104202,0.19246253371238708,0.25271710753440857,0.05445525050163269,0.26740846037864685,0.14130078256130219,1,persuasive,0.2674,luxury,0.2655,professional,0.2136,professional,1,1,professional,0.8408,0.6667,three_method_majority,False
572,Develop a content marketing strategy for a health and wellness blog.,"Company: Wellness Wins, a health and wellness blog Target Audience: Health-conscious individuals (25-45 years old) Constraints: Limited content creation resources, high competition in the niche Goals: Increase website traffic by 25% and boost engagement by 40% Workflow Stage: Content creation and SEO optimization",Increase website traffic by 25% and boost engagement by 40% Workflow Stage: Content creation and SEO optimization,"Company: Wellness Wins, a health and wellness blog Target Audience: Health-conscious individuals (25-45 years old) Constraints: Limited content creation resources, high competition in the niche","Company: Wellness Wins, a health and wellness blog Target Audience: Health-conscious individuals (25-45 years old) Constraints: Limited content creation resources, high competition in the niche","Focus on creating high-quality, long-form content (2,000-word articles) that addresses specific health and wellness topics, such as mental health, nutrition, and fitness. Utilize AI-powered content optimization tools to improve SEO and readability. Develop a content calendar that incorporates guest blogging, expert interviews, and user-generated content to increase authority and engagement.",professional,0.5875,expert,0.03467978537082672,0.3252789378166199,0.30209609866142273,0.06499800086021423,0.21230997145175934,0.06063728779554367,1,professional,0.3253,professional,0.3615,luxury,0.3178,professional,1,1,professional,0.5632,1.0,rule_zero_shot_agreement,True
573,Create a social media campaign to increase brand awareness among Gen Z for a sustainable fashion brand.,"Company: Verde, a sustainable fashion brand targeting Gen Z. Target Audience: 16-24-year-olds interested in eco-friendly living. Constraints: Limited budget, high competition in the sustainable fashion market. Goals: Increase brand awareness by 30% in 6 weeks. Workflow Stage: Strategy.",Increase brand awareness by 30% in 6 weeks. Workflow Stage: Strategy.,"Company: Verde, a sustainable fashion brand targeting Gen Z. Target Audience: 16-24-year-olds interested in eco-friendly living. Constraints: Limited budget, high competition in the sustainable fashion market.","Company: Verde, a sustainable fashion brand targeting Gen Z. Target Audience: 16-24-year-olds interested in eco-friendly living. Constraints: Limited budget, high competition in the sustainable fashion market.","Develop an influencer-led campaign, partnering with 5 eco-conscious influencers on TikTok and Instagram. Launch a hashtag challenge, encouraging users to share their own sustainable fashion tips and tricks. Utilize Instagram Reels and TikTok's ""Reaction"" feature to engage with the audience.",,0.0,,0.06098087877035141,0.13283082842826843,0.08064422756433487,0.05415364354848862,0.49274972081184387,0.1786407232284546,1,persuasive,0.4927,humorous,0.2463,persuasive,0.2,friendly,1,1,friendly,0.6,0.5,phi3_tiebreak,True
574,Write a compelling product description for a new AI-powered smartwatch.,"Company: Pulse, a tech startup launching a cutting-edge smartwatch. Target Audience: Fitness enthusiasts and tech-savvy individuals. Constraints: Limited word count, need to highlight AI features. Goals: Drive sales and increase brand credibility. Workflow Stage: Copywriting.",Drive sales and increase brand credibility. Workflow Stage: Copywriting.,"Company: Pulse, a tech startup launching a cutting-edge smartwatch. Target Audience: Fitness enthusiasts and tech-savvy individuals. Constraints: Limited word count, need to highlight AI features.","Company: Pulse, a tech startup launching a cutting-edge smartwatch. Target Audience: Fitness enthusiasts and tech-savvy individuals. Constraints: Limited word count, need to highlight AI features.","""Pulse: The Future of Fitness. Harness the power of AI to revolutionize your workout routine. Track your progress, receive personalized recommendations, and unlock your full potential. Experience the perfect blend of style, function, and innovation.""",,0.0,,0.02793901041150093,0.3160327672958374,0.3537507951259613,0.0458691269159317,0.1763988733291626,0.08000941574573517,1,luxury,0.3538,luxury,0.3697,professional,0.3489,professional,1,1,professional,0.6,0.5,phi3_tiebreak,True
575,Develop a content calendar for a B2B software company's LinkedIn page.,"Company: Apex, a B2B software company targeting industry professionals. !Target Audience: Business owners, IT professionals, and industry thought leaders. Constraints: Limited resources, need to maintain a consistent posting schedule. Goals: Establish thought leadership, drive engagement, and generate leads. Workflow Stage: Post Scheduling.","Establish thought leadership, drive engagement, and generate leads. Workflow Stage: Post Scheduling.","Company: Apex, a B2B software company targeting industry professionals. !Target Audience: Business owners, IT professionals, and industry thought leaders. Constraints: Limited resources, need to maintain a consistent posting schedule.","Company: Apex, a B2B software company targeting industry professionals. !Target Audience: Business owners, IT professionals, and industry thought leaders. Constraints: Limited resources, need to maintain a consistent posting schedule.","Create a content calendar focusing on industry insights, company news, and thought leadership pieces. Post frequency: 3 times a week, including a mix of promotional, educational, and engaging content (e.g., ""Motivation Monday"" quotes, ""Throwback Thursday"" company milestones).",professional,0.7708,industry|insights,0.07218540459871292,0.18182817101478577,0.1162237673997879,0.09839444607496262,0.2915451228618622,0.23982305824756622,1,persuasive,0.2915,humorous,0.2665,professional,0.2013,professional,1,1,professional,0.8408,0.6667,three_method_majority,False
576,Design an eye-catching image for a vegan food brand's Instagram ad campaign.,"Company: Flourish, a vegan food brand targeting health-conscious individuals. Target Audience: Vegans, vegetarians, and flexitarians. Constraints: Limited design budget, need to convey the brand's mission. Goals: Drive sales, increase brand awareness, and promote the brand's values. Workflow Stage: Image Generation.","Drive sales, increase brand awareness, and promote the brand's values. Workflow Stage: Image Generation.","Company: Flourish, a vegan food brand targeting health-conscious individuals. Target Audience: Vegans, vegetarians, and flexitarians. Constraints: Limited design budget, need to convey the brand's mission.","Company: Flourish, a vegan food brand targeting health-conscious individuals. Target Audience: Vegans, vegetarians, and flexitarians. Constraints: Limited design budget, need to convey the brand's mission.",Create a visually appealing image featuring a vibrant,,0.0,,0.13647975027561188,0.10497090220451355,0.31862738728523254,0.042212989181280136,0.2200494259595871,0.1776595115661621,1,luxury,0.3186,luxury,0.315,friendly,0.2506,friendly,1,1,friendly,0.6,0.5,phi3_tiebreak,True
577,Create a social media campaign to increase brand awareness among young adults for a sustainable fashion brand.,"Company: Verde Clothing, Target Audience: 18-30-year-olds, Constraints: Limited budget, Goals: Increase followers by 20% in 3 months, Workflow Stage: Strategy","Increase followers by 20% in 3 months, Workflow Stage: Strategy","Company: Verde Clothing, Target Audience: 18-30-year-olds, Constraints: Limited budget,","Company: Verde Clothing, Target Audience: 18-30-year-olds, Constraints: Limited budget,","Launch a social media contest, ""Verde Vibes,"" where followers share eco-friendly fashion tips using a branded hashtag. Partner with 5 influencers to showcase sustainable outfits and encourage user-generated content. Allocate $1,000 for sponsored ads targeting young adults interested in sustainability.",,0.0,,0.05489206314086914,0.08803797513246536,0.07251498848199844,0.04364714398980141,0.6139572858810425,0.12695059180259705,1,persuasive,0.614,persuasive,0.2871,humorous,0.2016,professional,1,1,professional,0.6,0.5,phi3_tiebreak,True
578,Develop a targeted email marketing campaign to promote a new AI-powered fitness app.,"Company: FitGenie, Target Audience: Fitness enthusiasts aged 25-45, Constraints: High competition, Goals: Achieve a 30% open rate and 20% conversion rate, Workflow Stage: Copywriting","Achieve a 30% open rate and 20% conversion rate, Workflow Stage: Copywriting","Company: FitGenie, Target Audience: Fitness enthusiasts aged 25-45, Constraints: High competition,","Company: FitGenie, Target Audience: Fitness enthusiasts aged 25-45, Constraints: High competition,","Create a series of 4 emails: Introduction, Benefits, Success Stories, and Exclusive Offer. Use AI-driven personalization to address each recipient by name and tailor content based on their fitness goals. Include eye-catching visuals and social proof to increase engagement.",luxury,0.3192,exclusive,0.07079602777957916,0.0854550451040268,0.11879701167345047,0.14043833315372467,0.4716215431690216,0.11289207637310028,1,persuasive,0.4716,emotional,0.2811,persuasive,0.1742,persuasive,1,1,persuasive,0.6,0.3333,phi3_tiebreak,True
579,Design a visually appealing Instagram post to promote a new vegan restaurant.,"Company: GreenBite, Target Audience: Foodies and vegans, Constraints: Limited brand recognition, Goals: Increase followers by 50% in 2 weeks, Workflow Stage: Image Generation","Increase followers by 50% in 2 weeks, Workflow Stage: Image Generation","Company: GreenBite, Target Audience: Foodies and vegans, Constraints: Limited brand recognition,","Company: GreenBite, Target Audience: Foodies and vegans, Constraints: Limited brand recognition,","Create a high-quality image featuring a signature vegan dish with vibrant, plant-based ingredients. Incorporate the restaurant's logo and branding colors. Utilize Instagram's ""Reels"" feature to share a behind-the-scenes look at the dish's preparation, highlighting the chef's expertise.",,0.0,,0.06221054494380951,0.1380600482225418,0.2824143171310425,0.12018893659114838,0.2992420792579651,0.09788405895233154,1,persuasive,0.2992,luxury,0.2991,emotional,0.2153,professional,1,1,professional,0.6,0.5,phi3_tiebreak,True
580,Develop a comprehensive marketing strategy for a new electric vehicle model.,"Company: EcoCycle, Target Audience: Environmentally conscious consumers, Constraints: High competition, Goals: Achieve 10% market share within the first year, Workflow Stage: Strategy","Achieve 10% market share within the first year, Workflow Stage: Strategy","Company: EcoCycle, Target Audience: Environmentally conscious consumers, Constraints: High competition,","Company: EcoCycle, Target Audience: Environmentally conscious consumers, Constraints: High competition,","Launch a multi-channel campaign, ""Accelerate the Future,"" focusing on the vehicle's eco-friendly features and sleek design. Allocate $500,000 for TV ads, $200,000 for social media and influencer partnerships, and $100,000 for targeted online ads. Offer test drives and exclusive promotions to encourage early adopters.",luxury,0.3192,exclusive,0.03980119898915291,0.1456577032804489,0.1786288022994995,0.045591291040182114,0.48763307929039,0.10268783569335938,1,persuasive,0.4876,luxury,0.2399,professional,0.2066,professional,1,1,luxury,0.3756,0.6667,rule_zero_shot_agreement,True
581,Create a social media campaign to increase brand awareness among Gen Z consumers.,"Company: GreenCycle, a sustainable fashion brand Target audience: Gen Z consumers (18-24 years old) Constraints: Limited budget ($1,000) Goals: Increase followers by 20% and boost engagement by 30% in 6 weeks Workflow stage: Strategy",Increase followers by 20% and boost engagement by 30% in 6 weeks Workflow stage: Strategy,"Company: GreenCycle, a sustainable fashion brand Target audience: Gen Z consumers (18-24 years old) Constraints: Limited budget ($1,000)","Company: GreenCycle, a sustainable fashion brand Target audience: Gen Z consumers (18-24 years old) Constraints: Limited budget ($1,000)","""Green Revolution"" social media campaign: Partner with eco-influencers and create engaging, educational content (reels, stories, posts) highlighting GreenCycle's sustainable practices. Utilize relevant hashtags and tag relevant accounts to increase visibility. Allocate $300 for influencer collaborations, $200 for content creation, and $500 for paid social media ads.",,0.0,,0.09545596688985825,0.16079820692539215,0.13445764780044556,0.12327982485294342,0.38854458928108215,0.09746365994215012,1,persuasive,0.3885,emotional,0.2279,friendly,0.1938,professional,1,1,professional,0.6,0.5,phi3_tiebreak,True
582,Develop a personalized email marketing campaign to drive sales among loyal customers.,"Company: Luxe Beauty, a high-end skincare brand Target audience: Loyal customers ( repeat purchases in the last 6 months) Constraints: Limited email list (5,000 subscribers) Goals: Increase sales by 25% in 3 months Workflow stage: Copywriting",Increase sales by 25% in 3 months Workflow stage: Copywriting,"Company: Luxe Beauty, a high-end skincare brand Target audience: Loyal customers ( repeat purchases in the last 6 months) Constraints: Limited email list (5,000 subscribers)","Company: Luxe Beauty, a high-end skincare brand Target audience: Loyal customers ( repeat purchases in the last 6 months) Constraints: Limited email list (5,000 subscribers)","""Luxe Insider"" email campaign: Create 3 email sequences (Welcome, Product Recommendations, Exclusive Offers) with tailored content and promotions based on customers' purchase history and preferences. Use AI-powered email personalization tools to optimize subject lines, CTAs, and product suggestions. Offer loyalty rewards and early access to new products to foster brand loyalty.",friendly,0.2292,welcome,0.0808219313621521,0.09737513214349747,0.4589580297470093,0.03689740598201752,0.24013830721378326,0.08580922335386276,1,luxury,0.459,luxury,0.4881,friendly,0.1597,luxury,1,1,luxury,0.5581,0.6667,three_method_majority,True
583,Design an Instagram Stories Ads campaign to drive website traffic and generate leads for a new product launch.,"Company: FitPro, a fitness equipment brand Target audience: Fitness enthusiasts and professionals (25-45 years old) Constraints: Limited ad budget ($2,000) Goals: Drive 1,000 website visits and generate 200 leads in 4 weeks Workflow stage: Image generation","Drive 1,000 website visits and generate 200 leads in 4 weeks Workflow stage: Image generation","Company: FitPro, a fitness equipment brand Target audience: Fitness enthusiasts and professionals (25-45 years old) Constraints: Limited ad budget ($2,000)","Company: FitPro, a fitness equipment brand Target audience: Fitness enthusiasts and professionals (25-45 years old) Constraints: Limited ad budget ($2,000)","""Unleash Your Potential"" Instagram Stories Ads campaign: Create eye-catching, high-energy visuals showcasing FitPro's new product in action. Utilize the ""swipe-up"" feature to drive website traffic and include a clear CTA (""Learn More"") to generate leads. Target ads to fitness-related hashtags, interests, and lookalike audiences. Allocate $1,000 for ad creative development and $1,000 for ad spend.",professional,0.5417,learn more,0.016604477539658546,0.01885087415575981,0.02664598822593689,0.02227231115102768,0.8306708335876465,0.08495547622442245,1,persuasive,0.8307,persuasive,0.5583,humorous,0.1939,persuasive,1,1,persuasive,0.6283,0.6667,three_method_majority,False
584,Develop a social media campaign to promote a new eco-friendly product line.,"Company: GreenCycle, a sustainable products company. Target audience: environmentally conscious millennials. Constraints: limited budget, high competition. Goals: increase brand awareness, drive website traffic. Workflow stage: strategy.","increase brand awareness, drive website traffic. Workflow stage: strategy.","Company: GreenCycle, a sustainable products company. Target audience: environmentally conscious millennials. Constraints: limited budget, high competition.","Company: GreenCycle, a sustainable products company. Target audience: environmentally conscious millennials. Constraints: limited budget, high competition.","Create a social media campaign, ""Green Heroes,"" highlighting customer stories of sustainable living. Utilize Instagram Reels, Facebook, and Twitter to share engaging content, influencer partnerships, and user-generated content. Allocate budget to targeted ads, focusing on interests like eco-friendly living, sustainability, and climate change.",,0.0,,0.057864122092723846,0.10244286805391312,0.12065216153860092,0.24449992179870605,0.2896691560745239,0.18487179279327393,1,persuasive,0.2897,emotional,0.399,humorous,0.1891,persuasive,1,1,persuasive,0.6,0.5,phi3_tiebreak,True
585,Design an email marketing campaign to re-engage inactive subscribers.,"Company: FashionForward, an e-commerce fashion retailer. Target audience: inactive subscribers. Constraints: limited email content, high unsubscribe rates. Goals: re-engage subscribers, drive sales. Workflow stage: copywriting.","re-engage subscribers, drive sales. Workflow stage: copywriting.","Company: FashionForward, an e-commerce fashion retailer. Target audience: inactive subscribers. Constraints: limited email content, high unsubscribe rates.","Company: FashionForward, an e-commerce fashion retailer. Target audience: inactive subscribers. Constraints: limited email content, high unsubscribe rates.","Create a ""We Miss You"" email campaign, offering personalized discounts, new arrival notifications, and exclusive access to sales. Use attention-grabbing subject lines, dynamic content, and a clear call-to-action (CTA) to drive subscribers back to the website.",luxury,0.6792,exclusive,0.010166846215724945,0.015402491204440594,0.029212741181254387,0.012288318946957588,0.8996344804763794,0.033295124769210815,1,persuasive,0.8996,persuasive,0.6999,humorous,0.088,persuasive,1,1,persuasive,0.7699,0.6667,three_method_majority,False
586,Generate a content calendar for a financial services company.,"Company: Prosperity Bank, a regional bank. Target audience: small business owners, individuals. Constraints: regulatory compliance, limited content resources. Goals: establish thought leadership, drive website traffic. Workflow stage: post scheduling.","establish thought leadership, drive website traffic. Workflow stage: post scheduling.","Company: Prosperity Bank, a regional bank. Target audience: small business owners, individuals. Constraints: regulatory compliance, limited content resources.","Company: Prosperity Bank, a regional bank. Target audience: small business owners, individuals. Constraints: regulatory compliance, limited content resources.","Develop a content calendar focusing on financial literacy, industry trends, and community involvement. Utilize a mix of blog posts, social media, and email newsletters to share engaging content, such as ""Financial Tip Tuesdays"" and ""Small Business Spotlight"" features.",professional,0.5,industry|business,0.1074419841170311,0.14640329778194427,0.12309965491294861,0.11351590603590012,0.24469271302223206,0.26484644412994385,1,humorous,0.2648,humorous,0.2735,friendly,0.1944,professional,1,1,professional,0.57,0.6667,three_method_majority,True
587,Create a video marketing campaign to promote a new gaming console.,"Company: GameOn, a gaming console manufacturer. Target audience: gamers, tech enthusiasts. Constraints: high competition, limited budget. Goals: generate buzz, drive pre-orders. Workflow stage: image generation.","generate buzz, drive pre-orders. Workflow stage: image generation.","Company: GameOn, a gaming console manufacturer. Target audience: gamers, tech enthusiasts. Constraints: high competition, limited budget.","Company: GameOn, a gaming console manufacturer. Target audience: gamers, tech enthusiasts. Constraints: high competition, limited budget.","Develop a ""Game Changer"" video campaign, showcasing the console's innovative features, gameplay, and developer interviews. Utilize YouTube, social media, and gaming forums to share engaging, high-energy content, including ""unboxing"" videos and live gameplay demos.",,0.0,,0.07441582530736923,0.07998394966125488,0.10572244971990585,0.08619435876607895,0.45069897174835205,0.20298442244529724,1,persuasive,0.4507,humorous,0.2592,emotional,0.1756,persuasive,1,1,persuasive,0.6,0.5,phi3_tiebreak,True
588,Develop a social media strategy for a sustainable fashion brand targeting Gen Z.,"Company: Green Threads, a sustainable fashion brand. Target Audience: Gen Z (18-24 years old). Constraints: Limited budget, high competition. Goals: Increase brand awareness, drive website traffic. Workflow Stage: Strategy.","Increase brand awareness, drive website traffic. Workflow Stage: Strategy.","Company: Green Threads, a sustainable fashion brand. Target Audience: Gen Z (18-24 years old). Constraints: Limited budget, high competition.","Company: Green Threads, a sustainable fashion brand. Target Audience: Gen Z (18-24 years old). Constraints: Limited budget, high competition.","Create a social media strategy focusing on Instagram and TikTok, leveraging influencer partnerships, user-generated content, and eco-friendly challenges to engage Gen Z. Share behind-the-scenes content, sustainable fashion tips, and limited-time offers to drive website traffic.",professional,0.5875,strategy,0.07699251174926758,0.10931511968374252,0.1343676894903183,0.07507201284170151,0.40353456139564514,0.20071814954280853,1,persuasive,0.4035,humorous,0.2478,friendly,0.1666,professional,1,1,professional,0.6575,0.6667,three_method_majority,False
589,Generate eye-catching image ads for a new electric vehicle model.,"Company: EcoRide, an electric vehicle manufacturer. Target Audience: Environmentally conscious car buyers (25-45 years old). Constraints: High competition, limited brand recognition. Goals: Increase brand awareness, drive test drive sign-ups. Workflow Stage: Image Generation.","Increase brand awareness, drive test drive sign-ups. Workflow Stage: Image Generation.","Company: EcoRide, an electric vehicle manufacturer. Target Audience: Environmentally conscious car buyers (25-45 years old). Constraints: High competition, limited brand recognition.","Company: EcoRide, an electric vehicle manufacturer. Target Audience: Environmentally conscious car buyers (25-45 years old). Constraints: High competition, limited brand recognition.","Design a series of image ads showcasing the vehicle's sleek design, eco-friendly features, and advanced technology. Use bold colors, dynamic angles, and scenic backgrounds to capture attention. Include a clear call-to-action (CTA) for test drive sign-ups.",,0.0,,0.00656886026263237,0.013649326749145985,0.11161400377750397,0.005251724738627672,0.8468348383903503,0.016081249341368675,1,persuasive,0.8468,persuasive,0.6169,luxury,0.2604,professional,1,1,professional,0.6,0.5,phi3_tiebreak,True
590,Craft a compelling email campaign for a non-profit organization.,"Company: Education for All, a non-profit organization. Target Audience: Donors and supporters (25-55 years old). Constraints: Limited budget, high email open rates required. Goals: Increase donations, raise awareness about educational programs. Workflow Stage: Copywriting.","Increase donations, raise awareness about educational programs. Workflow Stage: Copywriting.","Company: Education for All, a non-profit organization. Target Audience: Donors and supporters (25-55 years old). Constraints: Limited budget, high email open rates required.","Company: Education for All, a non-profit organization. Target Audience: Donors and supporters (25-55 years old). Constraints: Limited budget, high email open rates required.","Develop a heartwarming email campaign highlighting the impact of donations on educational programs. Use storytelling, emotive language, and visuals to convey the importance of supporting education. Include a clear CTA for donations and a sense of urgency to encourage immediate action.",,0.0,,0.009465698152780533,0.0004629376926459372,0.0022631159517914057,0.347949355840683,0.6197665929794312,0.020092280581593513,1,persuasive,0.6198,emotional,0.7145,persuasive,0.2349,emotional,1,1,emotional,0.7845,1.0,three_method_majority,False
591,Schedule a series of social media posts for a new product launch.,"Company: TechPro, a tech gadget manufacturer. Target Audience: Tech enthusiasts (18-40 years old). Constraints: High competition, limited brand recognition. Goals: Create buzz around the product launch, drive sales. Workflow Stage: Post Scheduling.","Create buzz around the product launch, drive sales. Workflow Stage: Post Scheduling.","Company: TechPro, a tech gadget manufacturer. Target Audience: Tech enthusiasts (18-40 years old). Constraints: High competition, limited brand recognition.","Company: TechPro, a tech gadget manufacturer. Target Audience: Tech enthusiasts (18-40 years old). Constraints: High competition, limited brand recognition.","Schedule a series of social media posts (Facebook, Twitter, Instagram) 2 weeks prior to the product launch, gradually increasing frequency and excitement. Share product teasers, demos, and exclusive offers to create anticipation. Utilize relevant hashtags and tag influencers to expand reach.",luxury,0.6792,exclusive,0.07189840823411942,0.14607232809066772,0.14875081181526184,0.07375416159629822,0.3832816779613495,0.17624257504940033,1,persuasive,0.3833,humorous,0.2153,professional,0.1778,professional,1,1,professional,0.6,0.3333,phi3_tiebreak,True
592,Create a social media campaign to increase brand awareness among young adults for a sustainable fashion brand.,"Company: GreenThreads, a sustainable fashion brand targeting 18-30-year-olds. Target audience: environmentally conscious young adults active on Instagram and TikTok. Constraints: limited budget, six-week timeline. Goals: increase followers by 20%, boost engagement by 50%. Workflow stage: strategy.","increase followers by 20%, boost engagement by 50%. Workflow stage: strategy.","Company: GreenThreads, a sustainable fashion brand targeting 18-30-year-olds. Target audience: environmentally conscious young adults active on Instagram and TikTok. Constraints: limited budget, six-week timeline.","Company: GreenThreads, a sustainable fashion brand targeting 18-30-year-olds. Target audience: environmentally conscious young adults active on Instagram and TikTok. Constraints: limited budget, six-week timeline.","Develop a hashtag-driven campaign #EcoChicChallenge, encouraging users to share eco-friendly fashion choices. Collaborate with eco-influencers for sponsored content. Utilize Instagram Reels and TikTok for engaging, 60-second ""green hack"" videos. Allocate $1,000 for targeted ads on both platforms.",,0.0,,0.05190085992217064,0.13193491101264954,0.07012860476970673,0.05202053114771843,0.49562403559684753,0.19839102029800415,1,persuasive,0.4956,humorous,0.2771,persuasive,0.2039,professional,1,1,professional,0.6,0.5,phi3_tiebreak,True
593,Design an email marketing campaign to promote a new AI-powered fitness app.,"Company: FitGenie, an AI-driven fitness app targeting fitness enthusiasts. Target audience: subscribers to fitness and wellness newsletters. Constraints: three-week timeline, limited to two email sends. Goals: achieve a 25% open rate, 15% conversion rate. Workflow stage: copywriting.","achieve a 25% open rate, 15% conversion rate. Workflow stage: copywriting.","Company: FitGenie, an AI-driven fitness app targeting fitness enthusiasts. Target audience: subscribers to fitness and wellness newsletters. Constraints: three-week timeline, limited to two email sends.","Company: FitGenie, an AI-driven fitness app targeting fitness enthusiasts. Target audience: subscribers to fitness and wellness newsletters. Constraints: three-week timeline, limited to two email sends.","Craft a two-email sequence. Email 1: ""Unlock Your Fitness Potential"" with an introductory video showcasing AI-powered features. Email 2: ""Get Fit with AI"" highlighting user success stories and offering a 14-day free trial. Use attention-grabbing subject lines and personalize content using subscribers' names.",persuasive,0.4867,,0.01927204616367817,0.06666310876607895,0.1212126612663269,0.06575725227594376,0.6576933860778809,0.06940147280693054,1,persuasive,0.6577,persuasive,0.3325,luxury,0.1963,persuasive,1,1,persuasive,0.5019,1.0,rule_zero_shot_agreement,True
594,Develop a content calendar to boost engagement on a food blog's Facebook page.,"Company: Delish Delights, a food blog targeting home cooks. Target audience: Facebook followers, predominantly female, 25-50 years old. Constraints: three-month timeline, posting three times a week. Goals: increase engagement by 30%, reach by 20%. Workflow stage: post scheduling.","increase engagement by 30%, reach by 20%. Workflow stage: post scheduling.","Company: Delish Delights, a food blog targeting home cooks. Target audience: Facebook followers, predominantly female, 25-50 years old. Constraints: three-month timeline, posting three times a week.","Company: Delish Delights, a food blog targeting home cooks. Target audience: Facebook followers, predominantly female, 25-50 years old. Constraints: three-month timeline, posting three times a week.","Create a themed content calendar focusing on seasonal recipes, meal prep, and cooking challenges. Allocate posts: Monday (Motivation Monday: healthy recipes), Wednesday (Wednesday Wisdom: cooking tips), Friday (Friday Feasts: indulgent recipes). Incorporate high-quality images, user-generated content, and Facebook Live sessions.",,0.0,,0.08387576788663864,0.11393239349126816,0.17724773287773132,0.05970747396349907,0.3494716286659241,0.21576502919197083,1,persuasive,0.3495,humorous,0.2564,luxury,0.1987,professional,1,1,professional,0.6,0.5,phi3_tiebreak,True
595,Develop a social media campaign to increase brand awareness and drive sales for a new eco-friendly fashion brand.,"Company: GreenThreads, a sustainable fashion brand targeting millennials and Gen Z consumers. Workflow stage: Strategy development. Constraints: Limited budget of $10,000. Goals: Increase brand awareness by 30% and drive sales by 20% within 6 weeks.",Increase brand awareness by 30% and drive sales by 20% within 6 weeks.,"Company: GreenThreads, a sustainable fashion brand targeting millennials and Gen Z consumers. Workflow stage: Strategy development. Constraints: Limited budget of $10,000.","Company: GreenThreads, a sustainable fashion brand targeting millennials and Gen Z consumers. Workflow stage: Strategy development. Constraints: Limited budget of $10,000.","Create a social media campaign, ""Wear Your Values,"" highlighting GreenThreads' commitment to sustainability. Partner with eco-influencers and user-generated content campaigns to showcase customers styling their favorite GreenThreads pieces. Allocate $3,000 for influencer collaborations, $2,000 for paid social media ads, and $5,000 for content creation and campaign management.",,0.0,,0.06389371305704117,0.1908075213432312,0.09266531467437744,0.08123714476823807,0.4584770202636719,0.11291925609111786,1,persuasive,0.4585,professional,0.2479,persuasive,0.176,professional,1,1,professional,0.3179,1.0,three_method_majority,True
596,Design an email marketing campaign to re-engage inactive subscribers for a B2B software company.,"Company: TechCorp, a B2B software company targeting IT professionals. Workflow stage: Email copywriting. Constraints: 30,000 inactive subscribers. Goals: Reactivate 20% of inactive subscribers and drive 50 new sales-qualified leads within 3 months.",Reactivate 20% of inactive subscribers and drive 50 new sales-qualified leads within 3 months.,"Company: TechCorp, a B2B software company targeting IT professionals. Workflow stage: Email copywriting. Constraints: 30,000 inactive subscribers.","Company: TechCorp, a B2B software company targeting IT professionals. Workflow stage: Email copywriting. Constraints: 30,000 inactive subscribers.","Create a ""Win-Back"" email campaign with a series of 3 personalized emails: 1) ""We've Missed You"" with a special offer, 2) ""What's New"" highlighting product updates, and 3) ""Exclusive Invitation"" to a webinar or demo. Use AI-powered email optimization to personalize subject lines, content, and CTAs.",luxury,0.3192,exclusive,0.05102715268731117,0.09882447123527527,0.1397681087255478,0.06970661878585815,0.552431583404541,0.08824211359024048,1,persuasive,0.5524,persuasive,0.2386,luxury,0.1934,persuasive,1,1,persuasive,0.3086,0.6667,three_method_majority,True
597,Develop a content marketing strategy to establish thought leadership in the AI industry.,"Company: AI Innovations, an AI solutions provider targeting business leaders and tech enthusiasts. Workflow stage: Content creation. Constraints: Limited resources for content creation. Goals: Publish 2 high-quality articles per month and increase website traffic by 50% within 6 months.",Publish 2 high-quality articles per month and increase website traffic by 50% within 6 months.,"Company: AI Innovations, an AI solutions provider targeting business leaders and tech enthusiasts. Workflow stage: Content creation. Constraints: Limited resources for content creation.","Company: AI Innovations, an AI solutions provider targeting business leaders and tech enthusiasts. Workflow stage: Content creation. Constraints: Limited resources for content creation.","Create a content hub, ""AI Insights,"" featuring in-depth articles, research papers, and expert interviews on AI trends and applications. Utilize AI-powered content generation tools to streamline content creation and optimize for SEO. Collaborate with industry experts and thought leaders to amplify credibility.",professional,1.0,industry|research|insights|expert,0.037148669362068176,0.49311450123786926,0.11750195175409317,0.04519395902752876,0.22504986822605133,0.08199106156826019,1,professional,0.4931,professional,0.5536,luxury,0.1249,professional,1,1,professional,0.8545,1.0,rule_zero_shot_agreement,False
598,Create a social media campaign to increase brand awareness among young adults for a sustainable fashion brand.,"Company: Verde, a sustainable fashion brand targeting 18-30-year-olds; Target audience: environmentally conscious young adults; Constraints: limited budget; Goals: increase brand awareness by 20% in 3 months; Workflow stage: strategy.",increase brand awareness by 20% in 3 months; Workflow stage: strategy.,"Company: Verde, a sustainable fashion brand targeting 18-30-year-olds; Target audience: environmentally conscious young adults; Constraints: limited budget;","Company: Verde, a sustainable fashion brand targeting 18-30-year-olds; Target audience: environmentally conscious young adults; Constraints: limited budget;","Develop a social media campaign, ""Verde Vibes,"" focusing on Instagram and TikTok. Collaborate with eco-influencers and user-generated content campaigns to showcase sustainable fashion practices. Utilize Instagram Reels and TikTok challenges to engage the audience. Allocate $1,500 for influencer partnerships and $1,000 for sponsored content.",,0.0,,0.12717778980731964,0.12906146049499512,0.145549938082695,0.0602182075381279,0.36065250635147095,0.1773400753736496,1,persuasive,0.3607,friendly,0.2566,humorous,0.2042,professional,1,1,professional,0.6,0.5,phi3_tiebreak,True
599,Design an email marketing campaign to nurture leads for a B2B software company.,"Company: NovaTech, a B2B software company targeting IT professionals; Target audience: leads who have downloaded a free trial; Constraints: high competition; Goals: convert 15% of leads into paying customers within 6 months; Workflow stage: email copywriting.",convert 15% of leads into paying customers within 6 months; Workflow stage: email copywriting.,"Company: NovaTech, a B2B software company targeting IT professionals; Target audience: leads who have downloaded a free trial; Constraints: high competition;","Company: NovaTech, a B2B software company targeting IT professionals; Target audience: leads who have downloaded a free trial; Constraints: high competition;","Create a 5-email nurturing campaign, ""Unlock Your Potential,"" offering valuable content, such as case studies, webinars, and industry insights. Use a conversational tone and personalize emails based on lead behavior. Include a clear call-to-action (CTA) in each email, encouraging leads to schedule a demo or purchase the software.",professional,0.7708,industry|insights,0.32788753509521484,0.013250181451439857,0.019410785287618637,0.03155340626835823,0.5843229293823242,0.023575160652399063,1,persuasive,0.5843,friendly,0.6743,persuasive,0.202,friendly,1,1,friendly,0.7443,0.6667,three_method_majority,False
600,Develop a content marketing strategy for a health and wellness blog.,"Company: Balanced Living, a health and wellness blog targeting women aged 25-45; Target audience: health-conscious women; Constraints: limited resources; Goals: increase website traffic by 30% in 6 months; Workflow stage: content creation.",increase website traffic by 30% in 6 months; Workflow stage: content creation.,"Company: Balanced Living, a health and wellness blog targeting women aged 25-45; Target audience: health-conscious women; Constraints: limited resources;","Company: Balanced Living, a health and wellness blog targeting women aged 25-45; Target audience: health-conscious women; Constraints: limited resources;","Focus on creating comprehensive, SEO-optimized guides on topics like nutrition, mindfulness, and self-care. Utilize AI-powered content generation tools to produce high-quality content efficiently. Collaborate with guest bloggers and influencers in the health and wellness space to expand the blog's reach.",emotional,0.5875,care,0.07333727926015854,0.24765481054782867,0.1863361895084381,0.07889868319034576,0.26828035712242126,0.14549267292022705,1,persuasive,0.2683,professional,0.2738,luxury,0.195,professional,1,1,professional,0.3438,0.6667,three_method_majority,True
601,Create a paid advertising campaign for a new product launch on Facebook and Instagram.,"Company: SmartHome, a home automation company targeting homeowners; Target audience: tech-savvy homeowners; Constraints: high competition; Goals: generate 500 sales within the first month; Workflow stage: ad creation.",generate 500 sales within the first month; Workflow stage: ad creation.,"Company: SmartHome, a home automation company targeting homeowners; Target audience: tech-savvy homeowners; Constraints: high competition;","Company: SmartHome, a home automation company targeting homeowners; Target audience: tech-savvy homeowners; Constraints: high competition;","Develop a targeted ad campaign, ""SmartHome Revolution,"" focusing on Facebook and Instagram.",,0.0,,0.04817846044898033,0.2172648012638092,0.11809618026018143,0.04761528968811035,0.46883776783943176,0.10000746697187424,1,persuasive,0.4688,professional,0.2981,persuasive,0.1901,persuasive,1,1,persuasive,0.6,0.5,phi3_tiebreak,True
602,Create a social media campaign to increase brand awareness among the younger demographic for an eco-friendly fashion brand.,"Company: Green Threads, a sustainable clothing brand targeting 18-30-year-olds. Target Audience: Gen Z and millennials concerned about environmental impact. Constraints: Limited budget of $10,000 for ad spend. Goals: Increase followers by 30% in three months, drive website traffic by 25%. Workflow Stage: Strategy and content creation.","Increase followers by 30% in three months, drive website traffic by 25%. Workflow Stage: Strategy and content creation.","Company: Green Threads, a sustainable clothing brand targeting 18-30-year-olds. Target Audience: Gen Z and millennials concerned about environmental impact. Constraints: Limited budget of $10,000 for ad spend.","Company: Green Threads, a sustainable clothing brand targeting 18-30-year-olds. Target Audience: Gen Z and millennials concerned about environmental impact. Constraints: Limited budget of $10,000 for ad spend.","Develop an Instagram-centric campaign focusing on user-generated content (UGC) and influencer partnerships. Collaborate with 5 eco-conscious influencers for sponsored posts, and launch a hashtag challenge encouraging customers to share their sustainable fashion choices. Allocate $3,000 for influencer fees, $4,000 for ad spend, and $3,000 for content creation. Utilize Instagram's shopping feature to drive website traffic.",,0.0,,0.07301870733499527,0.1542331576347351,0.11705342680215836,0.04834696277976036,0.38689833879470825,0.22044934332370758,1,persuasive,0.3869,humorous,0.2744,professional,0.1913,professional,1,1,professional,0.6,0.5,phi3_tiebreak,True
603,Design an email marketing strategy to nurture leads for a B2B software company.,"Company: Tech Innovate, a software as a service (SaaS) provider targeting small to medium-sized businesses. Target Audience: Business owners, IT managers, and procurement teams. Constraints: 3-month timeline to show results. Goals: Convert 20% of leads into paying customers. Workflow Stage: Email marketing automation.",Convert 20% of leads into paying customers. Workflow Stage: Email marketing automation.,"Company: Tech Innovate, a software as a service (SaaS) provider targeting small to medium-sized businesses. Target Audience: Business owners, IT managers, and procurement teams. Constraints: 3-month timeline to show results.","Company: Tech Innovate, a software as a service (SaaS) provider targeting small to medium-sized businesses. Target Audience: Business owners, IT managers, and procurement teams. Constraints: 3-month timeline to show results.",Create a 3-email drip campaign. Email 1: Introduction to Tech Innovate's solutions. Email 2 (sent 1 week later): Case study showcasing success with a similar business. Email 3 (sent 2 weeks after Email 2): Personalized demo offer. Use Mailchimp for automation and integrate with CRM for lead scoring.,professional,0.5917,case study|business,0.06071623042225838,0.17028088867664337,0.1229298785328865,0.07299281656742096,0.37497827410697937,0.1981019228696823,1,persuasive,0.375,humorous,0.2425,professional,0.2077,professional,1,1,professional,0.6617,0.6667,three_method_majority,False
604,Generate engaging copy for a new product launch in the fitness industry.,"Company: FitLife, launching a smart fitness mirror. Target Audience: Fitness enthusiasts and professionals. Constraints: Copy needs to be concise for social media and expansive for the product landing page. Goals: Drive pre-orders and generate buzz. Workflow Stage: Copywriting.",Drive pre-orders and generate buzz. Workflow Stage: Copywriting.,"Company: FitLife, launching a smart fitness mirror. Target Audience: Fitness enthusiasts and professionals. Constraints: Copy needs to be concise for social media and expansive for the product landing page.","Company: FitLife, launching a smart fitness mirror. Target Audience: Fitness enthusiasts and professionals. Constraints: Copy needs to be concise for social media and expansive for the product landing page.","Social Media Copy: ""Reflect on your fitness journey with our smart mirror. Track your form, access thousands of workouts, and see real-time results. Pre-order now and start your transformation!"" Landing Page Copy: Emphasize the mirror's AI-powered form correction, extensive workout library, and seamless integration with popular fitness apps. Use customer testimonials and showcase the mirror's sleek design.",persuasive,0.7473,order now,0.018917405977845192,0.05010487139225006,0.13661648333072662,0.05088559538125992,0.7110498547554016,0.032425764948129654,1,persuasive,0.711,persuasive,0.3914,luxury,0.2409,professional,1,1,persuasive,0.6516,0.6667,rule_zero_shot_agreement,False
605,Create a social media campaign to increase brand awareness among young adults.,"Company: GreenCycle, a startup offering eco-friendly household cleaning products. Target Audience: Young adults aged 18-30. Constraints: Limited budget of $1,000. Goals: Increase followers by 20% and engagement by 50% within 3 months. Workflow Stage: Strategy.",Increase followers by 20% and engagement by 50% within 3 months. Workflow Stage: Strategy.,"Company: GreenCycle, a startup offering eco-friendly household cleaning products. Target Audience: Young adults aged 18-30. Constraints: Limited budget of $1,000.","Company: GreenCycle, a startup offering eco-friendly household cleaning products. Target Audience: Young adults aged 18-30. Constraints: Limited budget of $1,000.","Develop a social media campaign, ""Green Heroes,"" leveraging Instagram Reels and TikTok to showcase the benefits of sustainable living. Collaborate with eco-influencers to promote products and encourage user-generated content. Allocate $300 for influencer partnerships, $200 for content creation, and $500 for paid advertising.",,0.0,,0.051376789808273315,0.14360328018665314,0.08361534029245377,0.04988645017147064,0.5300086736679077,0.14150945842266083,1,persuasive,0.53,persuasive,0.2265,professional,0.2076,professional,1,1,professional,0.6,0.5,phi3_tiebreak,True
606,Design an email marketing campaign to nurture leads for a new software product.,"Company: TechCorp, a B2B software development company. Target Audience: Small business owners and IT managers. Constraints: Limited email list of 500 subscribers. Goals: Convert 20% of leads into paying customers within 6 months. Workflow Stage: Email Copywriting.",Convert 20% of leads into paying customers within 6 months. Workflow Stage: Email Copywriting.,"Company: TechCorp, a B2B software development company. Target Audience: Small business owners and IT managers. Constraints: Limited email list of 500 subscribers.","Company: TechCorp, a B2B software development company. Target Audience: Small business owners and IT managers. Constraints: Limited email list of 500 subscribers.","Create a 5-email nurturing sequence, ""Unlock Your Business Potential,"" providing valuable content, such as industry insights, case studies, and product demos. Personalize emails using the recipient's name and company name. Include clear calls-to-action (CTAs) to schedule a demo or sign up for a free trial.",professional,0.6383,industry|insights|business,0.053201816976070404,0.04712994024157524,0.045263126492500305,0.02405017428100109,0.7933022379875183,0.037052739411592484,1,persuasive,0.7933,persuasive,0.4749,friendly,0.1895,professional,1,1,professional,0.7083,0.6667,three_method_majority,False
607,Develop a content marketing strategy to establish thought leadership in the finance industry.,"Company: WealthWise, a financial services firm. Target Audience: High-net-worth individuals and financial advisors. Constraints: Limited resources to produce high-quality content. Goals: Publish 2 articles per month on the company blog and increase website traffic by 30% within 9 months. Workflow Stage: Content Creation.",Publish 2 articles per month on the company blog and increase website traffic by 30% within 9 months. Workflow Stage: Content Creation.,"Company: WealthWise, a financial services firm. Target Audience: High-net-worth individuals and financial advisors. Constraints: Limited resources to produce high-quality content.","Company: WealthWise, a financial services firm. Target Audience: High-net-worth individuals and financial advisors. Constraints: Limited resources to produce high-quality content.","Implement a guest blogging strategy, partnering with reputable finance publications to publish articles and attract backlinks to the WealthWise website. Utilize AI-powered content generation tools to streamline the writing process and optimize articles for SEO. Allocate $1,500 for content creation and $500 for promotion.",professional,0.5875,strategy,0.0790177583694458,0.24218878149986267,0.16893568634986877,0.07041217386722565,0.29707974195480347,0.1423659473657608,1,persuasive,0.2971,professional,0.2738,luxury,0.1808,professional,1,1,professional,0.515,1.0,rule_zero_shot_agreement,True
608,Develop a social media campaign to increase brand awareness for a sustainable fashion brand among Gen Z.,"Company: Verde Clothing; Target Audience: Gen Z (18-24); Constraints: Limited budget; Goals: Increase brand awareness, drive website traffic; Workflow Stage: Strategy","Increase brand awareness, drive website traffic; Workflow Stage: Strategy",Company: Verde Clothing; Target Audience: Gen Z (18-24); Constraints: Limited budget;,Company: Verde Clothing; Target Audience: Gen Z (18-24); Constraints: Limited budget;,"Create a social media campaign leveraging Instagram Reels and TikTok, featuring eco-friendly fashion influencers showcasing Verde Clothing's products. Utilize hashtags #SustainabilityInFashion and #EcoFriendlyFashion, and collaborate with popular sustainable living accounts.",,0.0,,0.08387163281440735,0.1630336195230484,0.13512858748435974,0.056531913578510284,0.4084252715110779,0.15300893783569336,1,persuasive,0.4084,professional,0.203,humorous,0.1912,professional,1,1,professional,0.273,1.0,three_method_majority,True
609,Generate a personalized email campaign to promote a new product launch for a tech company.,"Company: NovaTech; Target Audience: Tech enthusiasts; Constraints: Limited email list; Goals: Drive conversions, increase sales; Workflow Stage: Copywriting","Drive conversions, increase sales; Workflow Stage: Copywriting",Company: NovaTech; Target Audience: Tech enthusiasts; Constraints: Limited email list;,Company: NovaTech; Target Audience: Tech enthusiasts; Constraints: Limited email list;,"Design a dynamic email template with a countdown timer, showcasing the new product's key features and benefits. Use AI-powered segmentation to personalize the email content based on the recipient's interests and purchase history.",,0.0,,0.03581210598349571,0.07821571826934814,0.09245876222848892,0.021835964173078537,0.6531165838241577,0.11856082826852798,1,persuasive,0.6531,persuasive,0.3353,humorous,0.2067,persuasive,1,1,persuasive,0.4053,1.0,three_method_majority,True
610,Create a social media content calendar to promote a fitness center's services during the holiday season.,"Company: FitZone; Target Audience: Fitness enthusiasts; Constraints: Limited content creation resources; Goals: Increase engagement, drive membership sales; Workflow Stage: Post Scheduling","Increase engagement, drive membership sales; Workflow Stage: Post Scheduling",Company: FitZone; Target Audience: Fitness enthusiasts; Constraints: Limited content creation resources;,Company: FitZone; Target Audience: Fitness enthusiasts; Constraints: Limited content creation resources;,"Develop a content calendar featuring a mix of motivational quotes, workout tips, and special promotions. Utilize seasonal hashtags #HolidayFitness and #NewYearNewMe, and schedule posts using a social media management tool.",,0.0,,0.0532410591840744,0.05612105503678322,0.07139919698238373,0.2264937162399292,0.38117456436157227,0.21157042682170868,1,persuasive,0.3812,emotional,0.4007,humorous,0.2346,friendly,1,1,friendly,0.6,0.5,phi3_tiebreak,True
611,Develop an influencer marketing strategy for a luxury car brand targeting high-net-worth individuals.,"Company: Prestige Motors; Target Audience: High-net-worth individuals; Constraints: Limited budget; Goals: Increase brand awareness, drive test drives; Workflow Stage: Strategy","Increase brand awareness, drive test drives; Workflow Stage: Strategy",Company: Prestige Motors; Target Audience: High-net-worth individuals; Constraints: Limited budget;,Company: Prestige Motors; Target Audience: High-net-worth individuals; Constraints: Limited budget;,"Partner with luxury lifestyle influencers to showcase Prestige Motors' latest models. Utilize Instagram's ""Reels"" feature to create engaging, high-end content, and leverage the influencers' networks to reach the target audience.",luxury,1.0,luxury|prestige,0.036599982529878616,0.07853853702545166,0.47515952587127686,0.05359366536140442,0.18365399539470673,0.17245426774024963,1,luxury,0.4752,luxury,0.4965,humorous,0.1911,luxury,1,1,luxury,0.8231,1.0,rule_zero_shot_agreement,False
612,Generate a comprehensive SEO strategy for an e-commerce website selling outdoor gear.,"Company: Wilderness Outfitters; Target Audience: Outdoor enthusiasts; Constraints: Limited technical expertise; Goals: Increase organic traffic, drive sales; Workflow Stage: Strategy","Increase organic traffic, drive sales; Workflow Stage: Strategy",Company: Wilderness Outfitters; Target Audience: Outdoor enthusiasts; Constraints: Limited technical expertise;,Company: Wilderness Outfitters; Target Audience: Outdoor enthusiasts; Constraints: Limited technical expertise;,"Conduct a technical SEO audit to optimize the website's structure and content. Develop a keyword strategy targeting long-tail phrases, and create high-quality, informative content",professional,0.5875,strategy,0.022690415382385254,0.612625002861023,0.16159097850322723,0.0078042373061180115,0.17318598926067352,0.022103313356637955,1,professional,0.6126,professional,0.6873,luxury,0.1716,,0,0,professional,0.7424,1.0,rule_zero_shot_agreement,False
613,Create a social media campaign to increase brand awareness among young adults for a sustainable fashion brand.,"Company: GreenThreads, a sustainable fashion brand targeting 18-30-year-olds. Goal: Increase brand awareness by 20% in 6 weeks. Constraints: Limited budget of $10,000. Workflow stage: Strategy.",Increase brand awareness by 20% in 6 weeks.,"Company: GreenThreads, a sustainable fashion brand targeting 18-30-year-olds. Constraints: Limited budget of $10,000. Workflow stage: Strategy.","Company: GreenThreads, a sustainable fashion brand targeting 18-30-year-olds. Constraints: Limited budget of $10,000. Workflow stage: Strategy.","""Threads for a Cause"" campaign, focusing on Instagram and TikTok. Partner with eco-influencers and create engaging content (reels, stories, and posts) highlighting the brand's sustainable practices. Allocate $5,000 for influencer collaborations, $3,000 for content creation, and $2,000 for paid advertising.",,0.0,,0.06981432437896729,0.13569745421409607,0.0959889143705368,0.13308769464492798,0.4020143449306488,0.16339729726314545,1,persuasive,0.402,emotional,0.2521,humorous,0.194,professional,1,1,professional,0.6,0.5,phi3_tiebreak,True
614,Develop a content calendar for a B2B software company's blog to attract potential clients.,"Company: TechSolve, a B2B software company targeting IT professionals. Goal: Publish 2 high-quality blog posts per week for 12 weeks. Constraints: Limited writing resources. Workflow stage: Content creation.",Publish 2 high-quality blog posts per week for 12 weeks.,"Company: TechSolve, a B2B software company targeting IT professionals. Constraints: Limited writing resources. Workflow stage: Content creation.","Company: TechSolve, a B2B software company targeting IT professionals. Constraints: Limited writing resources. Workflow stage: Content creation.","Create a content calendar focusing on industry trends, thought leadership, and solution-based content. Topics include AI adoption, cybersecurity, and digital transformation. Utilize AI-powered content generation tools to supplement writing resources and ensure consistency.",professional,0.725,industry|solution,0.07521224021911621,0.2693983018398285,0.2183127999305725,0.05486403778195381,0.2225145846605301,0.159698024392128,1,professional,0.2694,professional,0.2921,luxury,0.2241,professional,1,1,professional,0.5869,1.0,rule_zero_shot_agreement,True
615,Design an email nurture campaign to encourage abandoned cart recovery for an e-commerce company.,"Company: ShopSmart, an e-commerce company targeting 25-45-year-olds. Goal: Recover 15% of abandoned carts within 2 weeks. Constraints: Limited email design resources. Workflow stage: Email marketing.",Recover 15% of abandoned carts within 2 weeks.,"Company: ShopSmart, an e-commerce company targeting 25-45-year-olds. Constraints: Limited email design resources. Workflow stage: Email marketing.","Company: ShopSmart, an e-commerce company targeting 25-45-year-olds. Constraints: Limited email design resources. Workflow stage: Email marketing.","""Complete Your Purchase"" email campaign, featuring a series of 3 automated emails with personalized product recommendations, special offers, and a sense of urgency. Utilize pre-built email templates and AI-powered product suggestion tools to streamline design and content creation.",,0.0,,0.001830528024584055,0.013871178030967712,0.011779515072703362,0.0030297068879008293,0.9582272171974182,0.01126185990869999,1,persuasive,0.9582,persuasive,0.8645,professional,0.0423,persuasive,1,1,persuasive,0.9345,1.0,three_method_majority,False
616,Create a social media contest to increase engagement and drive sales for a beauty brand.,"Company: BeautyBuzz, a beauty brand targeting 18-35-year-olds. Goal: Increase engagement by 30% and drive 20% more sales within 8 weeks. Constraints: Limited budget of $5,000. Workflow stage: Social media marketing.",Increase engagement by 30% and drive 20% more sales within 8 weeks.,"Company: BeautyBuzz, a beauty brand targeting 18-35-year-olds. Constraints: Limited budget of $5,000. Workflow stage: Social media marketing.","Company: BeautyBuzz, a beauty brand targeting 18-35-year-olds. Constraints: Limited budget of $5,000. Workflow stage: Social media marketing.","""Beauty Challenge"" contest, where followers share their favorite beauty tips and tricks using a branded hashtag. Partner with influencers to promote the contest, and offer a grand prize of a year's supply of BeautyBuzz products. Allocate $2,000 for influ",persuasive,0.6333,offer,0.051591724157333374,0.15623918175697327,0.10203897953033447,0.05318557843565941,0.4861522614955902,0.15079234540462494,1,persuasive,0.4862,professional,0.2159,humorous,0.2091,persuasive,1,1,persuasive,0.7033,0.6667,three_method_majority,False
617,Develop a social media strategy to increase brand awareness among Gen Z.,"Company: Sustainable fashion brand, GreenThreads Target Audience: Gen Z (18-24 years old) Constraints: Limited budget, high competition Goals: Increase brand awareness, drive website traffic Workflow Stage: Strategy","Increase brand awareness, drive website traffic Workflow Stage: Strategy","Company: Sustainable fashion brand, GreenThreads Target Audience: Gen Z (18-24 years old) Constraints: Limited budget, high competition","Company: Sustainable fashion brand, GreenThreads Target Audience: Gen Z (18-24 years old) Constraints: Limited budget, high competition","Leverage Instagram Reels and TikTok to create engaging, eco-friendly fashion content. Collaborate with micro-influencers and user-generated content campaigns. Utilize relevant hashtags and tag relevant sustainability-focused accounts. Share behind-the-scenes content, showcasing the brand's commitment to sustainability.",,0.0,,0.07550618052482605,0.08382951468229294,0.0872160941362381,0.0948212593793869,0.4494129717350006,0.209213986992836,1,persuasive,0.4494,humorous,0.2645,emotional,0.1913,professional,1,1,professional,0.6,0.5,phi3_tiebreak,True
618,Create an email marketing campaign to promote a new product launch.,"Company: Tech startup, QuickCharge Target Audience: Tech enthusiasts, early adopters Constraints: Limited email list, high competition Goals: Drive sales, increase brand loyalty Workflow Stage: Copywriting","Drive sales, increase brand loyalty Workflow Stage: Copywriting","Company: Tech startup, QuickCharge Target Audience: Tech enthusiasts, early adopters Constraints: Limited email list, high competition","Company: Tech startup, QuickCharge Target Audience: Tech enthusiasts, early adopters Constraints: Limited email list, high competition","Design an attention-grabbing email template with a clear, concise message. Offer exclusive discounts to subscribers and create a sense of urgency with a limited-time promotion. Use social proof and customer testimonials to build credibility. Include a clear call-to-action (CTA) to drive sales.",luxury,0.3192,exclusive,0.0019058000762015581,0.05642189458012581,0.016882972791790962,0.0031776318792253733,0.9139822721481323,0.007629406172782183,1,persuasive,0.914,persuasive,0.7532,professional,0.1573,persuasive,1,1,persuasive,0.8232,0.6667,three_method_majority,False
619,Develop a content marketing strategy to establish thought leadership in the industry.,"Company: Financial services firm, WealthWise Target Audience: High-net-worth individuals, financial advisors Constraints: Complex subject matter, high competition Goals: Establish thought leadership, drive lead generation Workflow Stage: Strategy","Establish thought leadership, drive lead generation Workflow Stage: Strategy","Company: Financial services firm, WealthWise Target Audience: High-net-worth individuals, financial advisors Constraints: Complex subject matter, high competition","Company: Financial services firm, WealthWise Target Audience: High-net-worth individuals, financial advisors Constraints: Complex subject matter, high competition","Create a comprehensive content hub featuring in-depth articles, whitepapers, and webinars on topics such as investment strategies and wealth management. Utilize SEO optimization to increase visibility. Leverage LinkedIn and Twitter to promote content and engage with industry thought leaders.",professional,0.5875,industry,0.07090573012828827,0.2774345278739929,0.18972620368003845,0.0687364786863327,0.26201117038726807,0.131185844540596,1,professional,0.2774,professional,0.308,luxury,0.1994,professional,1,1,professional,0.5338,1.0,rule_zero_shot_agreement,True
620,Design a social media campaign to promote a limited-time offer.,"Company: Food delivery service, FastBite Target Audience: Foodies, busy professionals Constraints: Limited budget, high competition Goals: Drive sales, increase brand awareness Workflow Stage: Image Generation","Drive sales, increase brand awareness Workflow Stage: Image Generation","Company: Food delivery service, FastBite Target Audience: Foodies, busy professionals Constraints: Limited budget, high competition","Company: Food delivery service, FastBite Target Audience: Foodies, busy professionals Constraints: Limited budget, high competition",Create eye-catching graphics and short videos showcasing the limited-time offer. Utilize Instagram Stories and Facebook ads to target the audience. Include clear CTAs and promo codes to drive sales. Share user-generated content featuring customers enjoying FastBite meals.,persuasive,0.6333,offer,0.051516853272914886,0.06315651535987854,0.1265474557876587,0.06553872674703598,0.5503234267234802,0.14291705191135406,1,persuasive,0.5503,persuasive,0.2376,humorous,0.2095,persuasive,1,1,persuasive,0.5157,1.0,rule_zero_shot_agreement,True
621,Develop a social media strategy to increase brand awareness for a sustainable fashion brand among Gen Z consumers.,"Company: EcoCycle Fashion Target Audience: Gen Z (18-24 years old) Constraints: Limited budget ($5,000), 3-month campaign duration Goals: Increase brand awareness by 20%, drive website traffic by 30% Workflow Stage: Strategy","Increase brand awareness by 20%, drive website traffic by 30% Workflow Stage: Strategy","Company: EcoCycle Fashion Target Audience: Gen Z (18-24 years old) Constraints: Limited budget ($5,000), 3-month campaign duration","Company: EcoCycle Fashion Target Audience: Gen Z (18-24 years old) Constraints: Limited budget ($5,000), 3-month campaign duration","Create a social media campaign titled ""EcoWarrior Challenge"" that encourages users to share their sustainable fashion choices on Instagram, TikTok, and Twitter. Collaborate with 5 eco-influencers to showcase EcoCycle's clothing lines and promote the challenge. Utilize relevant hashtags and tag relevant eco-friendly brands to increase reach. Allocate $1,500 for influencer partnerships, $1,000 for paid social media ads, and $2,500 for content creation.",,0.0,,0.05896397680044174,0.17815031111240387,0.08290797472000122,0.057349275797605515,0.471192330121994,0.15143616497516632,1,persuasive,0.4712,professional,0.2397,humorous,0.2044,professional,1,1,professional,0.3097,1.0,three_method_majority,True
622,Design an attention-grabbing image for a new plant-based milk alternative product launch.,"Company: Green Earth Beverages Target Audience: Health-conscious millennials (25-40 years old) Constraints: Product packaging is not yet finalized Goals: Create buzz around the product launch, emphasize the eco-friendly packaging Workflow Stage: Image Generation","Create buzz around the product launch, emphasize the eco-friendly packaging Workflow Stage: Image Generation",Company: Green Earth Beverages Target Audience: Health-conscious millennials (25-40 years old) Constraints: Product packaging is not yet finalized,Company: Green Earth Beverages Target Audience: Health-conscious millennials (25-40 years old) Constraints: Product packaging is not yet finalized,"Create a visually appealing image showcasing the product's unique, biodegradable packaging amidst a natural setting (e.g., a forest or meadow). Incorporate a bold, eye-catching headline highlighting the product's eco-friendly features. Utilize a color palette that reflects the brand's natural and sustainable values. Include a subtle background texture to convey a sense of earthiness.",,0.0,,0.04847397655248642,0.1092166155576706,0.0414186529815197,0.0602068193256855,0.6117939352989197,0.12888996303081512,1,persuasive,0.6118,persuasive,0.2824,humorous,0.202,professional,1,1,professional,0.6,0.5,phi3_tiebreak,True
623,Write compelling copy for a fundraising email campaign supporting a local animal shelter.,"Company: Whisker Wonders Animal Shelter Target Audience: Animal lovers and local community members Constraints: Limited email list (1,500 subscribers) Goals: Raise $10,000 in donations within 2 weeks Workflow Stage: Copywriting","Raise $10,000 in donations within 2 weeks Workflow Stage: Copywriting","Company: Whisker Wonders Animal Shelter Target Audience: Animal lovers and local community members Constraints: Limited email list (1,500 subscribers)","Company: Whisker Wonders Animal Shelter Target Audience: Animal lovers and local community members Constraints: Limited email list (1,500 subscribers)","Subject: Help Us Care for the Forgotten: Donate Today! Dear fellow animal lover, As a valued member of our community, we're counting on your support to help us continue providing a safe haven for the furry friends in need. Every donation, big or small, brings us closer to our goal of raising $10,000 to cover the shelter's operational costs. Meet Max, a loving pup who was abandoned on the streets and found solace at Whisker Wonders. Your generosity will help us provide food, shelter, and love to Max",friendly,0.1375,community,0.061818044632673264,0.07999321818351746,0.056989386677742004,0.20939356088638306,0.4601200520992279,0.13168570399284363,1,persuasive,0.4601,emotional,0.3963,persuasive,0.1607,emotional,1,1,emotional,0.4663,0.6667,three_method_majority,True
624,Create a social media campaign to increase brand awareness for a new eco-friendly fashion brand.,"Company: Green Threads, a sustainable fashion brand targeting millennials and Gen Z consumers. Target audience: environmentally conscious fashion enthusiasts. Constraints: limited budget, need to create engaging content that resonates with the audience. Goals: increase brand awareness by 20% in 6 weeks. Workflow stage: strategy.",increase brand awareness by 20% in 6 weeks. Workflow stage: strategy.,"Company: Green Threads, a sustainable fashion brand targeting millennials and Gen Z consumers. Target audience: environmentally conscious fashion enthusiasts. Constraints: limited budget, need to create engaging content that resonates with the audience.","Company: Green Threads, a sustainable fashion brand targeting millennials and Gen Z consumers. Target audience: environmentally conscious fashion enthusiasts. Constraints: limited budget, need to create engaging content that resonates with the audience.","Develop a social media campaign, ""Wear Your Values,"" highlighting Green Threads' commitment to sustainability. Utilize Instagram Reels and TikTok to showcase eco-friendly production processes, featuring influencers and user-generated content. Allocate $1,000 for sponsored ads targeting environmentalists and fashion enthusiasts. Collaborate with 5 eco-conscious influencers for sponsored content. Share educational content (blog posts, videos, and infographics) on sustainable fashion practices.",,0.0,,0.06671206653118134,0.11771533638238907,0.08981379866600037,0.07223930209875107,0.5886453986167908,0.064874067902565,1,persuasive,0.5886,persuasive,0.2578,professional,0.1745,professional,1,1,professional,0.6,0.5,phi3_tiebreak,True
625,Design an email marketing campaign to re-engage inactive subscribers for a software company.,"Company: TechCorp, a B2B software solutions provider. Target audience: inactive subscribers (no engagement in 6 months). Constraints: limited content resources, need to personalize emails. Goals: re-engage 30% of inactive subscribers within 3 months. Workflow stage: copywriting.",re-engage 30% of inactive subscribers within 3 months. Workflow stage: copywriting.,"Company: TechCorp, a B2B software solutions provider. Target audience: inactive subscribers (no engagement in 6 months). Constraints: limited content resources, need to personalize emails.","Company: TechCorp, a B2B software solutions provider. Target audience: inactive subscribers (no engagement in 6 months). Constraints: limited content resources, need to personalize emails.","Create a personalized, 3-email re-engagement campaign. Email 1: ""We Miss You"" - a friendly reminder of the benefits of using TechCorp's software, with a special offer for a free consultation. Email 2: ""New Features Alert"" - highlighting recent updates and asking for feedback. Email 3: ""Exclusive Offer"" - a limited-time discount for re-engaged subscribers. Use the subscriber's name, company, and previous interactions to personalize the content.",persuasive,0.6125,discount|offer,0.3188755512237549,0.04833211377263069,0.10929206758737564,0.05552605167031288,0.36882394552230835,0.09915025532245636,1,persuasive,0.3688,friendly,0.5552,persuasive,0.1079,friendly,1,1,friendly,0.6252,0.6667,three_method_majority,False
626,Generate a social media content calendar for a food delivery service.,"Company: FoodieExpress, a meal delivery service targeting busy professionals. Target audience: urban, working professionals aged 25-45. Constraints: need to create engaging content, manage multiple social media platforms. Goals: increase followers by 50% in 3 months. Workflow stage: post scheduling.",increase followers by 50% in 3 months. Workflow stage: post scheduling.,"Company: FoodieExpress, a meal delivery service targeting busy professionals. Target audience: urban, working professionals aged 25-45. Constraints: need to create engaging content, manage multiple social media platforms.","Company: FoodieExpress, a meal delivery service targeting busy professionals. Target audience: urban, working professionals aged 25-45. Constraints: need to create engaging content, manage multiple social media platforms.","Create a content calendar with a mix of promotional, educational, and engaging content. Allocate 3 posts/week on Instagram, Facebook, and Twitter. Monday: ""Motivation Monday"" - share a healthy meal idea. Wednesday: ""Wednesday Wisdom"" - share a cooking tip. Friday: ""Featured Dish"" - showcase a",,0.0,,0.06790121644735336,0.053726937621831894,0.06091506406664848,0.12239644676446915,0.45486053824424744,0.24019983410835266,1,persuasive,0.4549,humorous,0.3005,emotional,0.2443,friendly,1,1,friendly,0.6,0.5,phi3_tiebreak,True
627,Create a social media campaign to increase brand awareness among eco-conscious millennials.,"Company: GreenCycle, a sustainable fashion brand Target Audience: Millennials aged 25-35, eco-conscious, active on social media Constraints: Limited budget, high competition in the sustainable fashion market Goals: Increase brand awareness by 30%, drive website traffic by 25% Workflow Stage: Strategy","Increase brand awareness by 30%, drive website traffic by 25% Workflow Stage: Strategy","Company: GreenCycle, a sustainable fashion brand Target Audience: Millennials aged 25-35, eco-conscious, active on social media Constraints: Limited budget, high competition in the sustainable fashion market","Company: GreenCycle, a sustainable fashion brand Target Audience: Millennials aged 25-35, eco-conscious, active on social media Constraints: Limited budget, high competition in the sustainable fashion market","""Earth Month Challenge"" - a social media campaign encouraging users to share eco-friendly habits and tag GreenCycle. Partner with influencers and offer discounts for participants who share their own sustainable fashion tips. Utilize Instagram Reels and TikTok for engaging, short-form content.",persuasive,0.6333,offer,0.053323063999414444,0.04907085746526718,0.03104497119784355,0.07756832242012024,0.6044877171516418,0.18450504541397095,1,persuasive,0.6045,humorous,0.2805,persuasive,0.2706,friendly,1,1,friendly,0.6,0.3333,phi3_tiebreak,True
628,Develop a targeted email marketing campaign to promote a new product launch.,"Company: TechCorp, a software development company Target Audience: Business owners, IT professionals, and tech enthusiasts Constraints: Limited time frame for launch, high competition in the tech industry Goals: Achieve a 20% open rate, 10% conversion rate Workflow Stage: Copywriting","Achieve a 20% open rate, 10% conversion rate Workflow Stage: Copywriting","Company: TechCorp, a software development company Target Audience: Business owners, IT professionals, and tech enthusiasts Constraints: Limited time frame for launch, high competition in the tech industry","Company: TechCorp, a software development company Target Audience: Business owners, IT professionals, and tech enthusiasts Constraints: Limited time frame for launch, high competition in the tech industry","""Unlock the Future of Tech"" - a series of emails showcasing the product's innovative features and benefits. Use AI-powered personalization to tailor content based on recipient interests and behaviors. Offer exclusive early access to loyal customers and provide a limited-time discount.",persuasive,0.6125,discount|offer,0.04295213147997856,0.09637221693992615,0.12314042448997498,0.057722270488739014,0.557756781578064,0.12205618619918823,1,persuasive,0.5578,persuasive,0.2467,humorous,0.1833,persuasive,1,1,persuasive,0.5113,1.0,rule_zero_shot_agreement,True
629,Design an Instagram-friendly image to promote a summer sale.,"Company: SunnySide Up, a beachwear brand Target Audience: Young adults aged 18-30, active on Instagram Constraints: Limited design resources, high competition in the beachwear market Goals: Increase sales by 15%, boost engagement by 20% Workflow Stage: Image Generation","Increase sales by 15%, boost engagement by 20% Workflow Stage: Image Generation","Company: SunnySide Up, a beachwear brand Target Audience: Young adults aged 18-30, active on Instagram Constraints: Limited design resources, high competition in the beachwear market","Company: SunnySide Up, a beachwear brand Target Audience: Young adults aged 18-30, active on Instagram Constraints: Limited design resources, high competition in the beachwear market","A vibrant, eye-catching graphic featuring a best-selling swimsuit, with bold text overlay promoting the sale. Utilize Instagram's ""swipe-up"" feature to drive traffic to the website.",persuasive,0.6792,sale,0.006971193943172693,0.019036004319787025,0.09186231344938278,0.008675778284668922,0.8378652930259705,0.03558938577771187,1,persuasive,0.8379,persuasive,0.596,luxury,0.2093,persuasive,1,1,persuasive,0.7334,1.0,rule_zero_shot_agreement,False
630,Create a social media content calendar to engage with a B2B audience.,"Company: FinServ, a financial services provider Target Audience: Business owners, financial professionals Constraints: Limited content creation resources, need to maintain a professional tone Goals: Increase engagement by 30%, establish thought leadership Workflow Stage: Post Scheduling","Increase engagement by 30%, establish thought leadership Workflow Stage: Post Scheduling","Company: FinServ, a financial services provider Target Audience: Business owners, financial professionals Constraints: Limited content creation resources, need to maintain a professional tone","Company: FinServ, a financial services provider Target Audience: Business owners, financial professionals Constraints: Limited content creation resources, need to maintain a professional tone","""Financial Insights"" - a content calendar featuring industry news, expert analysis, and company updates. Utilize LinkedIn and Twitter for professional",professional,1.0,industry|insights|expert|analysis,0.056387998163700104,0.429264634847641,0.1563033014535904,0.018918104469776154,0.19017091393470764,0.14895515143871307,1,professional,0.4293,professional,0.4705,humorous,0.1638,professional,1,1,professional,0.8088,1.0,rule_zero_shot_agreement,False
631,Create a social media campaign to increase brand awareness among millennials.,"Company: EcoCycle, a sustainable fashion brand Target Audience: Millennials aged 25-35 Constraints: Limited budget of $1,000 Goals: Increase followers by 20% in 6 weeks Workflow Stage: Strategy",Increase followers by 20% in 6 weeks Workflow Stage: Strategy,"Company: EcoCycle, a sustainable fashion brand Target Audience: Millennials aged 25-35 Constraints: Limited budget of $1,000","Company: EcoCycle, a sustainable fashion brand Target Audience: Millennials aged 25-35 Constraints: Limited budget of $1,000","Develop a social media campaign leveraging user-generated content, influencer partnerships, and Instagram Reels. Utilize relevant hashtags, such as #Sustainability and #EcoFashion, to increase visibility. Allocate $300 for influencer collaborations and $200 for sponsored ads. Create a branded hashtag and encourage customers to share their EcoCycle purchases, offering a 10% discount for participating.",persuasive,0.6792,discount,0.06277494877576828,0.1209489032626152,0.13887259364128113,0.07017144560813904,0.46571311354637146,0.1415189653635025,1,persuasive,0.4657,humorous,0.1882,persuasive,0.1823,professional,1,1,professional,0.6,0.3333,phi3_tiebreak,True
632,Design an email marketing campaign to promote a new product launch.,"Company: TechGenie, a tech gadget retailer Target Audience: Tech-savvy individuals aged 25-45 Constraints: Email list of 5,000 subscribers Goals: Generate 200 pre-orders within 72 hours Workflow Stage: Copywriting",Generate 200 pre-orders within 72 hours Workflow Stage: Copywriting,"Company: TechGenie, a tech gadget retailer Target Audience: Tech-savvy individuals aged 25-45 Constraints: Email list of 5,000 subscribers","Company: TechGenie, a tech gadget retailer Target Audience: Tech-savvy individuals aged 25-45 Constraints: Email list of 5,000 subscribers","Craft an attention-grabbing email subject line, ""Revolutionary Gadget Alert: Exclusive Pre-Order Offer Inside!"" Use segmentation to personalize the email content based on subscribers' past purchases and interests. Include a limited-time discount (15% off) for pre-orders, and create a sense of urgency with a countdown timer. Utilize social proof by highlighting positive reviews from beta testers.",persuasive,0.717,discount|offer,0.0016435787547379732,0.014961045235395432,0.033268287777900696,0.006698982324451208,0.9095609784126282,0.03386712074279785,1,persuasive,0.9096,persuasive,0.7408,humorous,0.0937,,0,0,persuasive,0.8301,1.0,rule_zero_shot_agreement,False
633,Develop a content marketing strategy to establish thought leadership in the health and wellness industry.,"Company: GreenFit, a fitness studio Target Audience: Health-conscious individuals aged 25-50 Constraints: Limited content creation resources Goals: Publish 2 high-quality articles per month for 6 months Workflow Stage: Content Creation",Publish 2 high-quality articles per month for 6 months Workflow Stage: Content Creation,"Company: GreenFit, a fitness studio Target Audience: Health-conscious individuals aged 25-50 Constraints: Limited content creation resources","Company: GreenFit, a fitness studio Target Audience: Health-conscious individuals aged 25-50 Constraints: Limited content creation resources","Develop a content calendar focusing on trending topics, such as mindfulness and plant-based diets. Collaborate with guest bloggers and industry experts to supplement in-house content creation. Utilize SEO optimization techniques to increase article visibility. Repurpose content into social media posts, email newsletters, and video scripts to maximize reach and engagement.",professional,0.5875,industry,0.05603345111012459,0.18519386649131775,0.1449432075023651,0.06530517339706421,0.36220690608024597,0.18631738424301147,1,persuasive,0.3622,humorous,0.2282,professional,0.226,professional,1,1,professional,0.6575,0.6667,three_method_majority,False
634,Create a social media campaign to promote a new eco-friendly fashion brand.,"Company: GreenThreads, a sustainable fashion brand Target Audience: Environmentally conscious millennials Constraints: Limited budget, high competition Goals: Increase brand awareness, drive website traffic Workflow Stage: Strategy","Increase brand awareness, drive website traffic Workflow Stage: Strategy","Company: GreenThreads, a sustainable fashion brand Target Audience: Environmentally conscious millennials Constraints: Limited budget, high competition","Company: GreenThreads, a sustainable fashion brand Target Audience: Environmentally conscious millennials Constraints: Limited budget, high competition","Develop a ""Second-Hand September"" campaign, encouraging followers to share photos of themselves wearing second-hand or sustainable clothing. Partner with eco-influencers for sponsored content, and utilize Instagram's ""Reels"" feature for engaging, educational videos. Allocate $1,000 for targeted ads and track engagement metrics.",,0.0,,0.04728430509567261,0.15303903818130493,0.057576313614845276,0.07907827943563461,0.4671006202697754,0.19592149555683136,1,persuasive,0.4671,humorous,0.2615,professional,0.2035,professional,1,1,professional,0.6,0.5,phi3_tiebreak,True
635,Design an email marketing campaign to re-engage inactive subscribers.,"Company: Bookworm, an online bookstore Target Audience: Inactive email subscribers Constraints: Limited email content, high unsubscribe rates Goals: Reactivate subscribers, increase sales Workflow Stage: Copywriting","Reactivate subscribers, increase sales Workflow Stage: Copywriting","Company: Bookworm, an online bookstore Target Audience: Inactive email subscribers Constraints: Limited email content, high unsubscribe rates","Company: Bookworm, an online bookstore Target Audience: Inactive email subscribers Constraints: Limited email content, high unsubscribe rates","Create a ""We Miss You"" email series with personalized book recommendations, special promotions, and a ""Welcome Back"" discount. Use a conversational tone and include a survey to gather feedback. Send a series of 3 emails, spaced 2 weeks apart, and track open rates, clicks, and conversions.",persuasive,0.3279,discount,0.4259805679321289,0.011863643303513527,0.02276247926056385,0.09096954762935638,0.266647607088089,0.18177615106105804,1,friendly,0.426,friendly,0.6298,humorous,0.1534,friendly,1,1,friendly,0.6998,0.6667,three_method_majority,False
636,Develop a content marketing strategy for a new AI-powered productivity tool.,"Company: FocusAI, an AI-powered productivity tool Target Audience: Busy professionals Constraints: Highly competitive market, limited brand recognition Goals: Establish thought leadership, drive sign-ups Workflow Stage: Image Generation","Establish thought leadership, drive sign-ups Workflow Stage: Image Generation","Company: FocusAI, an AI-powered productivity tool Target Audience: Busy professionals Constraints: Highly competitive market, limited brand recognition","Company: FocusAI, an AI-powered productivity tool Target Audience: Busy professionals Constraints: Highly competitive market, limited brand recognition","Create an infographic highlighting the benefits of AI-powered productivity, such as ""5 Ways AI Can Boost Your Productivity."" Share on social media, LinkedIn, and embed on the FocusAI blog. Utilize a bold, futuristic design and track engagement metrics.",,0.0,,0.012000363320112228,0.06440553814172745,0.4010838270187378,0.018740901723504066,0.3968786597251892,0.1068907305598259,1,luxury,0.4011,luxury,0.5275,persuasive,0.163,professional,1,1,professional,0.6,0.5,phi3_tiebreak,True
637,Plan a social media campaign for a new restaurant opening.,"Company: Tasty Bites, a new restaurant Target Audience: Foodies, local residents Constraints: Limited budget, high competition Goals: Create buzz, drive foot traffic Workflow Stage: Post Scheduling","Create buzz, drive foot traffic Workflow Stage: Post Scheduling","Company: Tasty Bites, a new restaurant Target Audience: Foodies, local residents Constraints: Limited budget, high competition","Company: Tasty Bites, a new restaurant Target Audience: Foodies, local residents Constraints: Limited budget, high competition","Launch a ""Sneak Peek"" campaign, sharing behind-the-scenes content, chef interviews, and menu teasers on Instagram and Facebook. Utilize Instagram Stories and Facebook Live for exclusive deals and Q&A sessions. Schedule 3 posts per week for 4 weeks, and track engagement metrics.",luxury,0.6792,exclusive,0.09626851230859756,0.10647373646497726,0.18533289432525635,0.10085175931453705,0.30392053723335266,0.2071525603532791,1,persuasive,0.3039,humorous,0.2284,luxury,0.1927,professional,1,1,professional,0.6,0.3333,phi3_tiebreak,True
638,Create a social media campaign to increase brand awareness among young adults for a sustainable fashion brand.,"Company: GreenThreads; Target Audience: 18-30-year-old environmentally conscious consumers; Constraints: Limited budget, high competition; Goals: Increase brand awareness by 20%, drive website traffic by 15%; Workflow Stage: Strategy.","Increase brand awareness by 20%, drive website traffic by 15%; Workflow Stage: Strategy.","Company: GreenThreads; Target Audience: 18-30-year-old environmentally conscious consumers; Constraints: Limited budget, high competition;","Company: GreenThreads; Target Audience: 18-30-year-old environmentally conscious consumers; Constraints: Limited budget, high competition;","Develop an influencer marketing campaign partnering with eco-friendly lifestyle influencers on Instagram and TikTok. Utilize relevant hashtags and create engaging, informative content highlighting GreenThreads' sustainable materials, production processes, and commitment to reducing waste. Allocate $1,500 for influencer collaborations and $1,000 for sponsored content.",,0.0,,0.11461294442415237,0.21401432156562805,0.11659304797649384,0.05345703661441803,0.3773089051246643,0.12401371449232101,1,persuasive,0.3773,professional,0.2525,friendly,0.2378,professional,1,1,professional,0.3225,1.0,three_method_majority,True
639,Design an email marketing campaign to nurture leads for a B2B software company.,"Company: TechCorp; Target Audience: Business owners and decision-makers in the tech industry; Constraints: High email open rates but low conversion rates; Goals: Increase conversion rates by 25%, reduce unsubscribe rates by 10%; Workflow Stage: Copywriting.","Increase conversion rates by 25%, reduce unsubscribe rates by 10%; Workflow Stage: Copywriting.",Company: TechCorp; Target Audience: Business owners and decision-makers in the tech industry; Constraints: High email open rates but low conversion rates;,Company: TechCorp; Target Audience: Business owners and decision-makers in the tech industry; Constraints: High email open rates but low conversion rates;,"Create a 3-email sequence focusing on pain points, success stories, and personalized demos. Use attention-grabbing subject lines, concise yet informative copy, and clear calls-to-action. Incorporate social proof, industry insights, and a sense of urgency to encourage conversions.",professional,0.7708,industry|insights,0.0015893963864073157,0.024807801470160484,0.0047727320343256,0.004968618508428335,0.9598972797393799,0.003964208532124758,1,persuasive,0.9599,persuasive,0.8656,professional,0.0757,persuasive,1,1,persuasive,0.9356,0.6667,three_method_majority,False
640,Develop a content marketing strategy to establish thought leadership in the AI industry.,"Company: AI Innovations; Target Audience: Tech enthusiasts, industry experts, and potential partners; Constraints: Limited resources, high competition; Goals: Increase website traffic by 30%, boost social media engagement by 50%; Workflow Stage: Strategy.","Increase website traffic by 30%, boost social media engagement by 50%; Workflow Stage: Strategy.","Company: AI Innovations; Target Audience: Tech enthusiasts, industry experts, and potential partners; Constraints: Limited resources, high competition;","Company: AI Innovations; Target Audience: Tech enthusiasts, industry experts, and potential partners; Constraints: Limited resources, high competition;","Launch a blog series exploring AI trends, applications, and ethics. Collaborate with industry experts and thought leaders to create comprehensive, well-researched articles. Utilize SEO optimization, social media promotion, and email newsletters to increase visibility and engagement.",professional,0.5875,industry,0.025614680722355843,0.45806869864463806,0.16821089386940002,0.022909078747034073,0.24872104823589325,0.07647564262151718,1,professional,0.4581,professional,0.5394,luxury,0.1875,professional,1,1,professional,0.661,1.0,rule_zero_shot_agreement,False
641,Create a paid advertising campaign to drive sales for an e-commerce company.,"Company: OnlineDeals; Target Audience: Price-conscious consumers; Constraints: Limited budget, high competition; Goals: Increase sales by 20%, reduce cost per acquisition by 15%; Workflow Stage: Image Generation.","Increase sales by 20%, reduce cost per acquisition by 15%; Workflow Stage: Image Generation.","Company: OnlineDeals; Target Audience: Price-conscious consumers; Constraints: Limited budget, high competition;","Company: OnlineDeals; Target Audience: Price-conscious consumers; Constraints: Limited budget, high competition;","Design eye-catching ad creatives highlighting discounts, promotions, and exclusive offers. Utilize Google Ads and Facebook Ads to target high-intent keywords and interests. Allocate $3,000 for ad spend and $1,000 for ad",luxury,0.6792,exclusive,0.02628481388092041,0.08116667717695236,0.2646137773990631,0.02866898849606514,0.48008352518081665,0.11918225139379501,1,persuasive,0.4801,luxury,0.3655,persuasive,0.207,persuasive,1,1,luxury,0.6067,0.6667,rule_zero_shot_agreement,True
642,Create a social media campaign to increase brand awareness and drive sales for a new eco-friendly clothing line.,"Company: GreenThreads Target Audience: Young adults aged 18-30 who prioritize sustainability Constraints: Limited budget of $5,000 Goals: Increase followers by 50% and drive sales by 20% in 3 months Workflow Stage: Strategy",Increase followers by 50% and drive sales by 20% in 3 months Workflow Stage: Strategy,"Company: GreenThreads Target Audience: Young adults aged 18-30 who prioritize sustainability Constraints: Limited budget of $5,000","Company: GreenThreads Target Audience: Young adults aged 18-30 who prioritize sustainability Constraints: Limited budget of $5,000","Launch a social media contest, ""Eco-Chic Challenge,"" where followers share their favorite sustainable fashion tips using a branded hashtag. Partner with 3 eco-influencers to showcase the new clothing line. Allocate $2,000 for influencer collaborations, $1,500 for paid social media ads, and $1,500 for content creation. Share engaging content (images, videos, and blog posts) highlighting the eco-friendly materials and production process.",,0.0,,0.06699854135513306,0.10705742239952087,0.07413966208696365,0.08451307564973831,0.5566097497940063,0.11068152636289597,1,persuasive,0.5566,persuasive,0.233,emotional,0.1917,professional,1,1,professional,0.6,0.5,phi3_tiebreak,True
643,Develop a targeted email marketing campaign to promote a new AI-powered fitness app.,"Company: FitGenie Target Audience: Fitness enthusiasts aged 25-45 Constraints: Email list of 10,000 subscribers Goals: Increase app downloads by 30% in 2 months Workflow Stage: Copywriting",Increase app downloads by 30% in 2 months Workflow Stage: Copywriting,"Company: FitGenie Target Audience: Fitness enthusiasts aged 25-45 Constraints: Email list of 10,000 subscribers","Company: FitGenie Target Audience: Fitness enthusiasts aged 25-45 Constraints: Email list of 10,000 subscribers","Create a series of 3 email campaigns: ""Get Fit with AI,"" ""Success Stories,"" and ""Exclusive Offers."" Use a conversational tone and highlight the app's AI-driven personalized workout plans. Include a clear call-to-action (CTA) to download the app. Use segmentation to target inactive users with a special promotion. Design eye-catching email templates with a bold, modern aesthetic.",luxury,0.6072,exclusive,0.21181620657444,0.012504339218139648,0.08735103905200958,0.04047560691833496,0.6115190386772156,0.03633378446102142,1,persuasive,0.6115,friendly,0.4968,persuasive,0.2411,friendly,1,1,friendly,0.5668,0.6667,three_method_majority,True
644,Design a visually appealing Instagram ad campaign to promote a luxury travel company.,"Company: WanderLuxe Target Audience: High-end travelers aged 35-55 Constraints: Budget of $10,000 Goals: Increase bookings by 25% in 4 months Workflow Stage: Image Generation",Increase bookings by 25% in 4 months Workflow Stage: Image Generation,"Company: WanderLuxe Target Audience: High-end travelers aged 35-55 Constraints: Budget of $10,000","Company: WanderLuxe Target Audience: High-end travelers aged 35-55 Constraints: Budget of $10,000","Create a series of 6 Instagram ads featuring breathtaking, high-quality images of exotic destinations. Use a mix of landscape and portrait orientations to cater to various devices. Incorporate visually appealing graphics and text overlays highlighting the company's exclusive experiences. Allocate $3,000 for ad creative development, $4,000 for targeting and ad placement, and $3,000 for campaign optimization.",luxury,0.6792,exclusive,0.057130370289087296,0.12107773870229721,0.3653673231601715,0.050335485488176346,0.30637678503990173,0.09971225261688232,1,luxury,0.3654,luxury,0.4124,professional,0.1444,professional,1,1,luxury,0.6325,0.6667,rule_zero_shot_agreement,False
645,Create a social media campaign to increase brand awareness among young adults for a sustainable fashion brand.,"Company: GreenThreads, a fashion brand that uses eco-friendly materials and practices. Target Audience: Young adults aged 18-30 who prioritize sustainability and fashion. Constraints: Limited budget, need to leverage user-generated content. Goals: Increase brand awareness by 20% and drive website traffic. Workflow Stage: Strategy",Increase brand awareness by 20% and drive website traffic. Workflow Stage: Strategy,"Company: GreenThreads, a fashion brand that uses eco-friendly materials and practices. Target Audience: Young adults aged 18-30 who prioritize sustainability and fashion. Constraints: Limited budget, need to leverage user-generated content.","Company: GreenThreads, a fashion brand that uses eco-friendly materials and practices. Target Audience: Young adults aged 18-30 who prioritize sustainability and fashion. Constraints: Limited budget, need to leverage user-generated content.","Launch a social media contest, ""GreenThreads Challenge,"" where followers share their own eco-friendly fashion tips and tricks using a branded hashtag. Partner with influencers to amplify the campaign and encourage users to tag friends who share similar values. Offer a discount code for participants and feature the best content on the brand's social media channels.",persuasive,0.8625,discount|offer,0.04820919781923294,0.08606927841901779,0.06415468454360962,0.0451732873916626,0.5370230078697205,0.2193705439567566,1,persuasive,0.537,humorous,0.3225,persuasive,0.2325,persuasive,1,1,persuasive,0.9325,0.6667,three_method_majority,False
646,Develop a content calendar for a B2B software company to establish thought leadership in the industry.,"Company: TechSolutions, a B2B software company specializing in AI-powered solutions. Target Audience: Business decision-makers in the tech industry. Constraints: Limited resources, need to prioritize high-quality content. Goals: Establish thought leadership and generate 50 leads per quarter. Workflow Stage: Content Creation",Establish thought leadership and generate 50 leads per quarter. Workflow Stage: Content Creation,"Company: TechSolutions, a B2B software company specializing in AI-powered solutions. Target Audience: Business decision-makers in the tech industry. Constraints: Limited resources, need to prioritize high-quality content.","Company: TechSolutions, a B2B software company specializing in AI-powered solutions. Target Audience: Business decision-makers in the tech industry. Constraints: Limited resources, need to prioritize high-quality content.","Create a content calendar featuring a mix of blog posts, whitepapers, webinars, and case studies. Focus on topics like AI adoption, industry trends, and best practices. Utilize employee advocacy to amplify content reach and engage with industry influencers to build credibility.",professional,0.5875,industry,0.06547869741916656,0.3785005509853363,0.16335082054138184,0.04430387541651726,0.21734143793582916,0.131024569272995,1,professional,0.3785,professional,0.4137,luxury,0.169,professional,1,1,professional,0.5919,1.0,rule_zero_shot_agreement,True
647,Design an email nurture campaign to re-engage inactive subscribers for an e-commerce brand.,"Company: FashionForward, an e-commerce brand offering trendy clothing and accessories. Target Audience: Inactive subscribers who haven't made a purchase in 6 months. Constraints: Limited email sending frequency, need to personalize content. Goals: Reactivate 20% of inactive subscribers and drive sales. Workflow Stage: Email Marketing",Reactivate 20% of inactive subscribers and drive sales. Workflow Stage: Email Marketing,"Company: FashionForward, an e-commerce brand offering trendy clothing and accessories. Target Audience: Inactive subscribers who haven't made a purchase in 6 months. Constraints: Limited email sending frequency, need to personalize content.","Company: FashionForward, an e-commerce brand offering trendy clothing and accessories. Target Audience: Inactive subscribers who haven't made a purchase in 6 months. Constraints: Limited email sending frequency, need to personalize content.","Create a 3-email series with personalized content based on subscribers' past purchases and browsing history. Offer exclusive discounts, showcase new arrivals, and provide styling tips. Use attention-grabbing subject lines and CTAs to encourage engagement.",luxury,0.3192,exclusive,0.022193225100636482,0.05115951597690582,0.25024518370628357,0.03469734266400337,0.549083411693573,0.09262130409479141,1,persuasive,0.5491,luxury,0.3714,persuasive,0.2544,persuasive,1,1,luxury,0.4479,0.6667,rule_zero_shot_agreement,True
648,Create a social media campaign to increase brand awareness among Gen Z for a sustainable fashion brand.,"Company: Verde Clothing, a sustainable fashion brand targeting Gen Z consumers. Target audience: 18-24-year-olds active on Instagram, TikTok, and Snapchat. Constraints: Limited budget of $10,000. Goals: Increase brand awareness by 20% and drive website traffic by 15%. Workflow stage: Strategy.",Increase brand awareness by 20% and drive website traffic by 15%. Workflow stage: Strategy.,"Company: Verde Clothing, a sustainable fashion brand targeting Gen Z consumers. Target audience: 18-24-year-olds active on Instagram, TikTok, and Snapchat. Constraints: Limited budget of $10,000.","Company: Verde Clothing, a sustainable fashion brand targeting Gen Z consumers. Target audience: 18-24-year-olds active on Instagram, TikTok, and Snapchat. Constraints: Limited budget of $10,000.","""Verde Vibes"" social media campaign: Partner with eco-conscious influencers for sponsored content, utilizing Instagram Reels and TikTok videos showcasing sustainable fashion tips. Allocate $3,000 for influencer collaborations, $2,000 for content creation, and $5,000 for targeted ads. Utilize hashtags #SustainabilitySquad and #EcoFashion to track engagement.",,0.0,,0.16090787947177887,0.11508281528949738,0.1763538271188736,0.05646158754825592,0.2921478748321533,0.19904598593711853,1,persuasive,0.2921,friendly,0.3005,humorous,0.2122,professional,1,1,professional,0.6,0.5,phi3_tiebreak,True
649,Develop an email marketing strategy to nurture leads for a B2B software company.,"Company: Apex Solutions, a B2B software company targeting IT professionals. Target audience: 25-45-year-old IT decision-makers. Constraints: Existing email list of 1,000 subscribers. Goals: Increase lead conversions by 25% and boost sales by 10%. Workflow stage: Email copywriting.",Increase lead conversions by 25% and boost sales by 10%. Workflow stage: Email copywriting.,"Company: Apex Solutions, a B2B software company targeting IT professionals. Target audience: 25-45-year-old IT decision-makers. Constraints: Existing email list of 1,000 subscribers.","Company: Apex Solutions, a B2B software company targeting IT professionals. Target audience: 25-45-year-old IT decision-makers. Constraints: Existing email list of 1,000 subscribers.","""Apex Insights"" email nurturing campaign: Create a 4-email sequence offering valuable IT industry insights, case studies, and product demos. Use AI-powered email personalization to address recipients by name and tailor content based on their job function. Include clear CTAs and track engagement metrics to refine future campaigns.",professional,0.7708,industry|insights,0.08463399857282639,0.21939025819301605,0.20333081483840942,0.06180836260318756,0.29821455478668213,0.13262198865413666,1,persuasive,0.2982,professional,0.2491,luxury,0.2185,professional,1,1,professional,0.5839,1.0,rule_zero_shot_agreement,True
650,Design an Instagram ad campaign to drive sales for a new e-commerce store.,"Company: Bloom Beauty, an e-commerce store selling natural skincare products. Target audience: 25-45-year-old women interested in natural beauty. Constraints: Limited budget of $5,000. Goals: Drive sales by 20% and increase brand awareness by 15%. Workflow stage: Image generation.",Drive sales by 20% and increase brand awareness by 15%. Workflow stage: Image generation.,"Company: Bloom Beauty, an e-commerce store selling natural skincare products. Target audience: 25-45-year-old women interested in natural beauty. Constraints: Limited budget of $5,000.","Company: Bloom Beauty, an e-commerce store selling natural skincare products. Target audience: 25-45-year-old women interested in natural beauty. Constraints: Limited budget of $5,000.","""Bloom Beautiful"" Instagram ad campaign: Create eye-catching ads featuring natural ingredients, customer testimonials, and special promotions. Allocate $2,000 for ad creative development, $1,500 for targeting and ad placement, and $1,500 for ad spend. Utilize Instagram Shopping and track conversions to optimize ad performance.",professional,0.5875,performance,0.05505044013261795,0.11067494004964828,0.2944858968257904,0.12861965596675873,0.27840426564216614,0.1327648013830185,1,luxury,0.2945,luxury,0.3071,emotional,0.2269,professional,1,1,professional,0.6575,0.6667,three_method_majority,False
651,Create a social media campaign to increase brand awareness among young adults for a new sustainable fashion brand.,"Company: Green Threads, a startup sustainable fashion brand Target Audience: Young adults aged 18-30 Constraints: Limited budget of $5,000 Goals: Increase brand awareness, drive website traffic, and generate sales Workflow Stage: Strategy","Increase brand awareness, drive website traffic, and generate sales Workflow Stage: Strategy","Company: Green Threads, a startup sustainable fashion brand Target Audience: Young adults aged 18-30 Constraints: Limited budget of $5,000","Company: Green Threads, a startup sustainable fashion brand Target Audience: Young adults aged 18-30 Constraints: Limited budget of $5,000","""Green Threads Challenge"" social media campaign, leveraging Instagram Reels and TikTok to encourage users to share their eco-friendly fashion choices. Influencer partnerships and sponsored ads will be used to amplify the message. A dedicated landing page will be created to track campaign performance and encourage website traffic.",professional,0.5875,performance,0.04864862561225891,0.13813211023807526,0.06985963881015778,0.05264265835285187,0.5300278663635254,0.16068913042545319,1,persuasive,0.53,humorous,0.233,persuasive,0.2264,professional,1,1,professional,0.6575,0.6667,three_method_majority,False
652,Develop a targeted email marketing campaign to promote a new product launch for a tech company.,"Company: NovaTech, a mid-sized tech company Target Audience: Existing customers and subscribers Constraints: Limited email list of 10,000 subscribers Goals: Drive sales, increase customer engagement Workflow Stage: Copywriting","Drive sales, increase customer engagement Workflow Stage: Copywriting","Company: NovaTech, a mid-sized tech company Target Audience: Existing customers and subscribers Constraints: Limited email list of 10,000 subscribers","Company: NovaTech, a mid-sized tech company Target Audience: Existing customers and subscribers Constraints: Limited email list of 10,000 subscribers","""Exclusive Access"" email campaign, offering subscribers early access to the new product, along with a limited-time discount. Personalized emails will be sent to subscribers based on their interests and purchase history, highlighting key product features and benefits.",luxury,0.2292,exclusive,0.05415761470794678,0.11788085103034973,0.16494973003864288,0.0999760553240776,0.4135344624519348,0.14950120449066162,1,persuasive,0.4135,emotional,0.1997,luxury,0.1948,professional,1,1,professional,0.6,0.3333,phi3_tiebreak,True
653,Create an influencer marketing campaign to promote a new beauty product for a cosmetics company.,"Company: BeautyBliss, a well-established cosmetics company Target Audience: Women aged 25-45 Constraints: Limited budget of $10,000 Goals: Increase brand awareness, drive sales Workflow Stage: Image Generation","Increase brand awareness, drive sales Workflow Stage: Image Generation","Company: BeautyBliss, a well-established cosmetics company Target Audience: Women aged 25-45 Constraints: Limited budget of $10,000","Company: BeautyBliss, a well-established cosmetics company Target Audience: Women aged 25-45 Constraints: Limited budget of $10,000","""BeautyBliss Ambassadors"" influencer campaign, partnering with 5 social media influencers in the beauty space to showcase the new product. Influencers will create sponsored content featuring the product, using a branded hashtag and tagging the company's social media handle.",,0.0,,0.1052122563123703,0.1532757580280304,0.1780967265367508,0.10566626489162445,0.2775973081588745,0.18015173077583313,1,persuasive,0.2776,friendly,0.197,humorous,0.1926,professional,1,1,professional,0.6,0.5,phi3_tiebreak,True
654,Develop a content marketing strategy to establish thought leadership for a financial services company.,"Company: Prosperity Financial, a mid-sized financial services company Target Audience: Business owners and entrepreneurs Constraints: Limited resources for content creation Goals: Establish thought leadership, drive website traffic Workflow Stage: Strategy","Establish thought leadership, drive website traffic Workflow Stage: Strategy","Company: Prosperity Financial, a mid-sized financial services company Target Audience: Business owners and entrepreneurs Constraints: Limited resources for content creation","Company: Prosperity Financial, a mid-sized financial services company Target Audience: Business owners and entrepreneurs Constraints: Limited resources for content creation","""Prosperity Insights"" content marketing strategy, focusing on creating high-quality, informative blog posts and videos on financial planning and entrepreneurship. Guest blogging and LinkedIn publishing will be used to expand the company's reach and establish thought leadership.",professional,0.7708,strategy|insights,0.04686392843723297,0.4445635676383972,0.3471316397190094,0.022760508581995964,0.09169229120016098,0.04698809236288071,1,professional,0.4446,professional,0.4601,luxury,0.3401,professional,1,1,professional,0.6999,1.0,rule_zero_shot_agreement,False
655,Create a social media campaign promoting a sustainable fashion brand's new collection.,"Company: EcoCycle Fashion; Target Audience: Environmentally conscious millennials; Constraints: Limited budget; Goals: Increase brand awareness, drive sales; Workflow Stage: Strategy","Increase brand awareness, drive sales; Workflow Stage: Strategy",Company: EcoCycle Fashion; Target Audience: Environmentally conscious millennials; Constraints: Limited budget;,Company: EcoCycle Fashion; Target Audience: Environmentally conscious millennials; Constraints: Limited budget;,"Develop a hashtag campaign #EcoCycleRevolution, partnering with eco-influencers and user-generated content. Utilize Instagram Reels and TikTok to showcase the new collection, highlighting the brand's commitment to sustainability. Allocate $1,000 for influencer collaborations and $500 for sponsored ads.",,0.0,,0.052353885024785995,0.13871730864048004,0.05298818275332451,0.07318522036075592,0.556894838809967,0.1258605718612671,1,persuasive,0.5569,persuasive,0.2389,professional,0.2013,professional,1,1,professional,0.6,0.5,phi3_tiebreak,True
656,Design a personalized email marketing campaign for a health and wellness company leveraging AI-driven customer insights.,"Company: FitGenius; Target Audience: Fitness enthusiasts; Constraints: Complex customer data; Goals: Boost subscription rates, enhance engagement; Workflow Stage: Copywriting","Boost subscription rates, enhance engagement; Workflow Stage: Copywriting",Company: FitGenius; Target Audience: Fitness enthusiasts; Constraints: Complex customer data;,Company: FitGenius; Target Audience: Fitness enthusiasts; Constraints: Complex customer data;,"Implement an AI-powered email marketing platform to analyze customer data and create tailored content. Craft a 5-email sequence addressing specific fitness goals, incorporating dynamic content, and offering personalized workout plans. Use subject lines like ""Your Fitness Journey Starts Here"" and CTAs like ""Get Your Customized Plan.""",emotional,0.5433,journey,0.08851392567157745,0.1741441935300827,0.16885964572429657,0.059660475701093674,0.41192230582237244,0.09689952433109283,1,persuasive,0.4119,professional,0.2166,luxury,0.1988,professional,1,1,professional,0.2866,0.6667,three_method_majority,True
657,Create a Facebook ad campaign for a non-profit organization promoting education for underprivileged children.,"Company: Empower Education; Target Audience: Socially responsible individuals; Constraints: Limited budget; Goals: Increase donations, raise awareness; Workflow Stage: Image Generation","Increase donations, raise awareness; Workflow Stage: Image Generation",Company: Empower Education; Target Audience: Socially responsible individuals; Constraints: Limited budget;,Company: Empower Education; Target Audience: Socially responsible individuals; Constraints: Limited budget;,"Design eye-catching ads featuring images of children in educational settings, with bold headlines like ""Empower a Brighter Future."" Utilize Facebook's donation feature and allocate $500 for ad spend. Target users who have shown interest in education and philanthropy.",,0.0,,0.006250852253288031,0.039973706007003784,0.08022351562976837,0.03567694127559662,0.7973167300224304,0.04055826738476753,1,persuasive,0.7973,persuasive,0.5118,luxury,0.165,persuasive,1,1,persuasive,0.5818,1.0,three_method_majority,True
658,Develop an influencer marketing strategy for a beauty company launching a new skincare line.,"Company: Glow Beauty; Target Audience: Beauty enthusiasts; Constraints: High competition; Goals: Build brand awareness, drive sales; Workflow Stage: Strategy","Build brand awareness, drive sales; Workflow Stage: Strategy",Company: Glow Beauty; Target Audience: Beauty enthusiasts; Constraints: High competition;,Company: Glow Beauty; Target Audience: Beauty enthusiasts; Constraints: High competition;,"Partner with 5 social media influencers in the beauty space for sponsored content and product reviews. Identify influencers using a mix of metrics, including engagement rates and audience demographics. Allocate $5,000 for influencer collaborations and $2,000 for product seeding.",,0.0,,0.08272430300712585,0.2118164300918579,0.13833534717559814,0.07549554109573364,0.30569353699684143,0.18593481183052063,1,persuasive,0.3057,professional,0.2391,humorous,0.2106,professional,1,1,professional,0.3091,1.0,three_method_majority,True
659,Develop a campaign to increase sales of a new eco-friendly product line.,"Company: GreenCycle, a sustainable home goods brand Target Audience: Environmentally conscious consumers aged 25-45 Constraints: Limited marketing budget, high competition in the eco-friendly market Goals: Increase sales by 20% within 6 months Workflow Stage: Strategy",Increase sales by 20% within 6 months Workflow Stage: Strategy,"Company: GreenCycle, a sustainable home goods brand Target Audience: Environmentally conscious consumers aged 25-45 Constraints: Limited marketing budget, high competition in the eco-friendly market","Company: GreenCycle, a sustainable home goods brand Target Audience: Environmentally conscious consumers aged 25-45 Constraints: Limited marketing budget, high competition in the eco-friendly market","Create a social media campaign highlighting the benefits of sustainable living, featuring influencer partnerships and user-generated content showcasing GreenCycle products in eco-friendly settings. Utilize Instagram Reels and TikTok for short-form videos, and Facebook for longer-form content. Allocate $1,000 for influencer collaborations and $500 for targeted ads.",,0.0,,0.08703065663576126,0.12328365445137024,0.11249914765357971,0.0748555138707161,0.44776299595832825,0.15456807613372803,1,persuasive,0.4478,humorous,0.1963,friendly,0.1937,persuasive,1,1,persuasive,0.6,0.5,phi3_tiebreak,True
660,Design an engaging visual identity for a new wellness app.,"Company: Serenity, a mindfulness and meditation app Target Audience: Health-conscious individuals aged 18-35 Constraints: Unique and calming visual identity required Goals: Achieve 10,000 downloads within 3 months Workflow Stage: Image Generation","Achieve 10,000 downloads within 3 months Workflow Stage: Image Generation","Company: Serenity, a mindfulness and meditation app Target Audience: Health-conscious individuals aged 18-35 Constraints: Unique and calming visual identity required","Company: Serenity, a mindfulness and meditation app Target Audience: Health-conscious individuals aged 18-35 Constraints: Unique and calming visual identity required","Develop a soothing color palette featuring shades of blue and green, complemented by nature-inspired illustrations and simple typography. Create a logo incorporating a stylized lotus flower, symbolizing growth and serenity. Use this visual identity across the app's interface, social media, and marketing materials.",,0.0,,0.5512230396270752,0.13889160752296448,0.07776618003845215,0.08893755823373795,0.08344682306051254,0.05973481759428978,1,friendly,0.5512,friendly,0.688,emotional,0.1011,professional,1,1,professional,0.6,0.5,phi3_tiebreak,True
661,Schedule a social media campaign for a new product launch.,"Company: TechZone, a consumer electronics brand Target Audience: Tech-savvy individuals aged 18-40 Constraints: Coordinated launch across multiple platforms required Goals: Generate 5,000 pre-orders within 1 week Workflow Stage: Post Scheduling","Generate 5,000 pre-orders within 1 week Workflow Stage: Post Scheduling","Company: TechZone, a consumer electronics brand Target Audience: Tech-savvy individuals aged 18-40 Constraints: Coordinated launch across multiple platforms required","Company: TechZone, a consumer electronics brand Target Audience: Tech-savvy individuals aged 18-40 Constraints: Coordinated launch across multiple platforms required","Create a 7-day countdown on Facebook, Twitter, Instagram, and LinkedIn, featuring teaser content, product sneak peeks, and exclusive promotions. Util",luxury,0.6792,exclusive,0.05730720981955528,0.08494284003973007,0.13177280128002167,0.046124573796987534,0.4805992543697357,0.19925327599048615,1,persuasive,0.4806,humorous,0.2753,persuasive,0.1956,persuasive,1,1,persuasive,0.6,0.3333,phi3_tiebreak,True
662,Develop a social media campaign to increase brand awareness among Gen Z consumers.,"Company: EcoCycle, a sustainable fashion brand Target Audience: Gen Z (18-24 years old) Constraints: Limited budget ($1,000) Goals: Increase followers by 20% in 3 months Workflow Stage: Strategy",Increase followers by 20% in 3 months Workflow Stage: Strategy,"Company: EcoCycle, a sustainable fashion brand Target Audience: Gen Z (18-24 years old) Constraints: Limited budget ($1,000)","Company: EcoCycle, a sustainable fashion brand Target Audience: Gen Z (18-24 years old) Constraints: Limited budget ($1,000)","Create a social media contest, ""Eco-Challenge,"" where followers share their eco-friendly fashion tips and tricks using a branded hashtag. Partner with 3 influencers to promote the contest and encourage user-generated content. Allocate $300 for influencer fees, $200 for content creation, and $500 for paid social media ads.",,0.0,,0.07148376107215881,0.12230130285024643,0.09754567593336105,0.053143858909606934,0.4212777614593506,0.2342476099729538,1,persuasive,0.4213,humorous,0.2995,friendly,0.1601,professional,1,1,professional,0.6,0.5,phi3_tiebreak,True
663,Design an email marketing campaign to nurture leads for a new software product.,"Company: TechCorp, a B2B software company Target Audience: Business owners and decision-makers Constraints: Complex product features Goals: Convert 15% of leads into demo requests Workflow Stage: Copywriting",Convert 15% of leads into demo requests Workflow Stage: Copywriting,"Company: TechCorp, a B2B software company Target Audience: Business owners and decision-makers Constraints: Complex product features","Company: TechCorp, a B2B software company Target Audience: Business owners and decision-makers Constraints: Complex product features","Create a 3-email sequence: (1) Introduction to the product's benefits, (2) Case study highlighting a successful implementation, and (3) Exclusive demo invitation. Use clear, concise language and include a prominent call-to-action (CTA) in each email. Use AI-powered personalization to address each lead by name and tailor content based on their industry.",professional,0.5354,industry|case study,0.016383972018957138,0.1416512280702591,0.02387736737728119,0.003803777042776346,0.805569589138031,0.008714082650840282,1,persuasive,0.8056,persuasive,0.5338,professional,0.3176,professional,1,1,professional,0.6054,0.6667,three_method_majority,True
664,Create a content calendar for a wellness blog to attract and engage with the target audience.,"Company: MindfulLiving, a wellness and self-care platform Target Audience: Health-conscious individuals (25-45 years old) Constraints: Limited content creation resources Goals: Increase blog traffic by 30% in 6 months Workflow Stage: Post Scheduling",Increase blog traffic by 30% in 6 months Workflow Stage: Post Scheduling,"Company: MindfulLiving, a wellness and self-care platform Target Audience: Health-conscious individuals (25-45 years old) Constraints: Limited content creation resources","Company: MindfulLiving, a wellness and self-care platform Target Audience: Health-conscious individuals (25-45 years old) Constraints: Limited content creation resources","Plan and schedule 2 blog posts per week, focusing on topics like mindfulness, meditation, and nutrition. Utilize a mix of evergreen and timely content, including seasonal and holiday-themed posts. Allocate 1 day per week for social media promotion and engagement. Use AI-powered content suggestions to streamline the content creation process.",,0.0,,0.086748868227005,0.16508464515209198,0.14765597879886627,0.0833624079823494,0.2618982195854187,0.255249947309494,1,persuasive,0.2619,humorous,0.2771,professional,0.1786,professional,1,1,professional,0.6,0.5,phi3_tiebreak,True
665,Create a social media campaign that increases brand awareness and drives sales for a sustainable fashion brand.,"Company: GreenThreads, a sustainable fashion brand targeting environmentally conscious millennials. Target audience: 25-40-year-old urban dwellers. Constraints: Limited budget of $10,000. Goals: Increase brand awareness by 30% and drive sales by 20%. Workflow stage: Strategy.",Increase brand awareness by 30% and drive sales by 20%. Workflow stage: Strategy.,"Company: GreenThreads, a sustainable fashion brand targeting environmentally conscious millennials. Target audience: 25-40-year-old urban dwellers. Constraints: Limited budget of $10,000.","Company: GreenThreads, a sustainable fashion brand targeting environmentally conscious millennials. Target audience: 25-40-year-old urban dwellers. Constraints: Limited budget of $10,000.","Develop a social media campaign centered around Instagram Reels and TikTok, showcasing eco-friendly fashion tips and behind-the-scenes content. Collaborate with 5 eco-influencers to promote the brand and create engaging content. Allocate $5,000 for influencer partnerships, $3,000 for content creation, and $2,000 for paid social media ads.",,0.0,,0.07342027872800827,0.14518916606903076,0.0993073508143425,0.08015678077936172,0.42038705945014954,0.18153943121433258,1,persuasive,0.4204,humorous,0.2269,professional,0.1808,professional,1,1,professional,0.6,0.5,phi3_tiebreak,True
666,Design a targeted email marketing campaign to promote a new luxury watch collection.,"Company: Timeless Watches, a luxury watch brand targeting high-income individuals. Target audience: 35-55-year-old professionals with a minimum income of $100,000. Constraints: Limited email list of 5,000 subscribers. Goals: Drive sales of the new collection by 15%. Workflow stage: Copywriting.",Drive sales of the new collection by 15%. Workflow stage: Copywriting.,"Company: Timeless Watches, a luxury watch brand targeting high-income individuals. Target audience: 35-55-year-old professionals with a minimum income of $100,000. Constraints: Limited email list of 5,000 subscribers.","Company: Timeless Watches, a luxury watch brand targeting high-income individuals. Target audience: 35-55-year-old professionals with a minimum income of $100,000. Constraints: Limited email list of 5,000 subscribers.",Create a visually stunning email campaign featuring high-quality images of the new collection. Use AI-powered personalization to tailor the content to each subscriber's interests and preferences. Offer exclusive access to a limited-edition watch for subscribers who make a purchase within 48 hours.,luxury,0.3192,exclusive,0.021867668256163597,0.03343592956662178,0.5778746604919434,0.01182750053703785,0.3166983723640442,0.03829583153128624,1,luxury,0.5779,luxury,0.7105,persuasive,0.1216,,0,0,luxury,0.6344,1.0,rule_zero_shot_agreement,False
667,Develop a comprehensive content marketing strategy for a B2B software company.,"Company: TechCorp, a B2B software company targeting IT professionals. Target audience: 25-50-year-old IT managers and decision-makers. Constraints: Limited resources for content creation. Goals: Establish the company as a thought leader in the industry and drive leads by 20%. Workflow stage: Strategy.",Establish the company as a thought leader in the industry and drive leads by 20%. Workflow stage: Strategy.,"Company: TechCorp, a B2B software company targeting IT professionals. Target audience: 25-50-year-old IT managers and decision-makers. Constraints: Limited resources for content creation.","Company: TechCorp, a B2B software company targeting IT professionals. Target audience: 25-50-year-old IT managers and decision-makers. Constraints: Limited resources for content creation.","Create a content hub featuring industry insights, whitepapers, and case studies. Utilize AI-powered content generation tools to produce high-quality content efficiently. Develop a lead magnet, such as an eBook or webinar, to capture leads and nurture them through the sales funnel.",professional,0.9542,industry|insights|webinar,0.07519780844449997,0.24995261430740356,0.1380227953195572,0.05727149546146393,0.3544037938117981,0.12515157461166382,1,persuasive,0.3544,professional,0.2994,friendly,0.1584,professional,1,1,professional,0.6941,1.0,rule_zero_shot_agreement,False
668,Create a social media campaign to increase brand awareness and drive sales for a new eco-friendly fashion brand targeting young adults.,"Company: GreenStyle, a sustainable fashion brand Target Audience: Young adults (18-30) interested in eco-friendly living Constraints: Limited budget, high competition in the fashion industry Goals: Increase brand awareness, drive sales, and position GreenStyle as a leader in sustainable fashion Workflow Stage: Strategy","Increase brand awareness, drive sales, and position GreenStyle as a leader in sustainable fashion Workflow Stage: Strategy","Company: GreenStyle, a sustainable fashion brand Target Audience: Young adults (18-30) interested in eco-friendly living Constraints: Limited budget, high competition in the fashion industry","Company: GreenStyle, a sustainable fashion brand Target Audience: Young adults (18-30) interested in eco-friendly living Constraints: Limited budget, high competition in the fashion industry","""GreenStyle Revolution"" campaign: - Launch a social media contest asking followers to share their eco-friendly fashion tips and tricks using a branded hashtag. - Collaborate with eco-influencers and user-generated content (UGC) creators to showcase GreenStyle's sustainable clothing lines. - Share behind-the-scenes content highlighting the brand's commitment to sustainability and fair labor practices. - Offer exclusive discounts to followers who share the brand's content and tag friends.",luxury,0.3192,exclusive,0.05678831785917282,0.0742870643734932,0.07171490043401718,0.07582513242959976,0.5916607975959778,0.12972384691238403,1,persuasive,0.5917,persuasive,0.2616,humorous,0.1948,persuasive,1,1,persuasive,0.3316,0.6667,three_method_majority,True
669,Develop a targeted email marketing campaign to promote a new AI-powered fitness app to gym enthusiasts.,"Company: FitGenie, an AI-powered fitness app Target Audience: Gym enthusiasts and fitness professionals Constraints: Highly competitive market, need to differentiate the app's AI features Goals: Drive app downloads, increase user engagement, and encourage premium subscriptions Workflow Stage: Copywriting","Drive app downloads, increase user engagement, and encourage premium subscriptions Workflow Stage: Copywriting","Company: FitGenie, an AI-powered fitness app Target Audience: Gym enthusiasts and fitness professionals Constraints: Highly competitive market, need to differentiate the app's AI features","Company: FitGenie, an AI-powered fitness app Target Audience: Gym enthusiasts and fitness professionals Constraints: Highly competitive market, need to differentiate the app's AI features","""Unlock Your Fitness Potential"" campaign: - Design a series of emails highlighting the app's AI-driven personalized workout plans and real-time feedback. - Offer a free trial period and exclusive discounts for premium subscriptions. - Share success stories and testimonials from existing users who have achieved their fitness goals with FitGenie. - Create a sense of community by inviting subscribers to join a private Facebook group for support and motivation.",luxury,0.6923,premium|exclusive,0.029745090752840042,0.07443656772375107,0.07736080884933472,0.16068795323371887,0.5311879515647888,0.12658165395259857,1,persuasive,0.5312,emotional,0.3471,persuasive,0.2118,persuasive,1,1,persuasive,0.6,0.3333,phi3_tiebreak,True
670,Create a comprehensive content calendar for a food delivery service targeting busy professionals.,"Company: TasteQuest, a food delivery service Target Audience: Busy professionals (25-45) with limited cooking time Constraints: High competition in the food delivery market, need to showcase diverse cuisine options Goals: Increase brand awareness, drive orders, and position TasteQuest as a convenient solution for busy professionals Workflow Stage: Post Scheduling","Increase brand awareness, drive orders, and position TasteQuest as a convenient solution for busy professionals Workflow Stage: Post Scheduling","Company: TasteQuest, a food delivery service Target Audience: Busy professionals (25-45) with limited cooking time Constraints: High competition in the food delivery market, need to showcase diverse cuisine options","Company: TasteQuest, a food delivery service Target Audience: Busy professionals (25-45) with limited cooking time Constraints: High competition in the food delivery market, need to showcase diverse cuisine options","""Taste the World"" content calendar: - Monday: ""Meal Prep Monday"" - Share healthy meal prep ideas and recipes. - Tuesday: ""Tasty Tuesday"" - Highlight a new restaurant partner and their signature dishes. - Wednesday: ""Wednesday Wisdom"" - Share cooking tips and hacks for busy professionals. - Thursday: ""Throwback Thursday""",,0.0,,0.08358315378427505,0.1717992126941681,0.10967143625020981,0.10285644978284836,0.25518056750297546,0.2769091725349426,1,humorous,0.2769,humorous,0.2955,professional,0.1827,professional,1,1,professional,0.6,0.5,phi3_tiebreak,True
671,Create a social media campaign to raise awareness about a new eco-friendly product line for a fashion brand.,"Company: GreenThreads, a sustainable fashion brand Target Audience: Young adults (18-30) interested in eco-friendly living Constraints: Limited budget, high competition in the sustainable fashion market Goals: Increase brand awareness, drive website traffic, and generate sales Workflow Stage: Strategy","Increase brand awareness, drive website traffic, and generate sales Workflow Stage: Strategy","Company: GreenThreads, a sustainable fashion brand Target Audience: Young adults (18-30) interested in eco-friendly living Constraints: Limited budget, high competition in the sustainable fashion market","Company: GreenThreads, a sustainable fashion brand Target Audience: Young adults (18-30) interested in eco-friendly living Constraints: Limited budget, high competition in the sustainable fashion market","Launch a ""Green Revolution"" campaign across Instagram, TikTok, and Facebook. Collaborate with eco-influencers to showcase the new product line, highlighting the sustainable materials used, and the positive impact on the environment. Utilize Instagram Reels and TikTok to create engaging, short-form content. Offer a limited-time discount to encourage website traffic and sales.",persuasive,0.8625,discount|offer,0.05036085098981857,0.058461885899305344,0.041404664516448975,0.07870213687419891,0.6510895490646362,0.11998090893030167,1,persuasive,0.6511,persuasive,0.3079,emotional,0.2016,persuasive,1,1,persuasive,0.6575,1.0,rule_zero_shot_agreement,False
672,Develop a content marketing strategy to position a fintech company as a thought leader in the industry.,"Company: Finverge, a fintech company offering AI-powered financial solutions Target Audience: Financial professionals, entrepreneurs, and investors Constraints: Complex subject matter, limited brand recognition Goals: Establish thought leadership, generate leads, and drive conversions Workflow Stage: Content Creation","Establish thought leadership, generate leads, and drive conversions Workflow Stage: Content Creation","Company: Finverge, a fintech company offering AI-powered financial solutions Target Audience: Financial professionals, entrepreneurs, and investors Constraints: Complex subject matter, limited brand recognition","Company: Finverge, a fintech company offering AI-powered financial solutions Target Audience: Financial professionals, entrepreneurs, and investors Constraints: Complex subject matter, limited brand recognition","Create a comprehensive content hub, ""Finverge Insights,"" featuring in-depth articles, whitepapers, and webinars on AI-powered finance, industry trends, and thought leadership pieces. Host a quarterly podcast series, ""FinTalks,"" with industry experts and thought leaders. Utilize LinkedIn to promote content, engage with the audience, and establish the brand as a trusted authority.",professional,0.7708,industry|insights,0.061814431101083755,0.3229658305644989,0.1646457314491272,0.05908158794045448,0.2836562693119049,0.10783614963293076,1,professional,0.323,professional,0.3695,luxury,0.1783,professional,1,1,professional,0.6501,1.0,rule_zero_shot_agreement,False
673,Design an email marketing campaign to re-engage inactive subscribers for an e-commerce company.,"Company: ShopSphere, an e-commerce platform offering a wide range of products Target Audience: Inactive subscribers (no purchases or interactions in the past 6 months) Constraints: High unsubscribe rates, limited customer data Goals: Reactivate subscribers, drive sales, and improve customer retention Workflow Stage: Email Marketing","Reactivate subscribers, drive sales, and improve customer retention Workflow Stage: Email Marketing","Company: ShopSphere, an e-commerce platform offering a wide range of products Target Audience: Inactive subscribers (no purchases or interactions in the past 6 months) Constraints: High unsubscribe rates, limited customer data","Company: ShopSphere, an e-commerce platform offering a wide range of products Target Audience: Inactive subscribers (no purchases or interactions in the past 6 months) Constraints: High unsubscribe rates, limited customer data","Launch a ""We Miss You"" campaign, featuring personalized emails with special offers, product recommendations, and a ""welcome back"" discount. Utilize dynamic content to showcase products based on subscribers' past purchases or browsing history. Create a sense of urgency with limited-time offers and scarcity messaging.",friendly,0.2292,welcome,0.005779772065579891,0.020734937861561775,0.016316786408424377,0.021706033498048782,0.9084860682487488,0.02697647176682949,1,persuasive,0.9085,persuasive,0.7128,emotional,0.0923,persuasive,1,1,persuasive,0.7828,0.6667,three_method_majority,False
674,Create a social media campaign to increase brand awareness among young adults for a sustainable fashion brand.,"Company: Verde Clothing, a sustainable fashion brand targeting 18-30-year-olds. Goals: Increase brand awareness by 20% and drive website traffic by 15% within 6 weeks. Constraints: Limited budget of $5,000. Workflow stage: Strategy.",Increase brand awareness by 20% and drive website traffic by 15% within 6 weeks.,"Company: Verde Clothing, a sustainable fashion brand targeting 18-30-year-olds. Constraints: Limited budget of $5,000. Workflow stage: Strategy.","Company: Verde Clothing, a sustainable fashion brand targeting 18-30-year-olds. Constraints: Limited budget of $5,000. Workflow stage: Strategy.","""Verde Vibes"" social media campaign: Launch a 6-week campaign across Instagram, TikTok, and Facebook, focusing on eco-friendly fashion tips, behind-the-scenes content, and user-generated content. Collaborate with 5 eco-influencers and run targeted ads to reach 1 million impressions.",,0.0,,0.15505807101726532,0.053501054644584656,0.1401231437921524,0.10496450215578079,0.34377697110176086,0.2025761902332306,1,persuasive,0.3438,friendly,0.2926,humorous,0.2182,professional,1,1,professional,0.6,0.5,phi3_tiebreak,True
675,Develop a personalized email marketing campaign for a luxury car brand.,"Company: Aurum Motors, a luxury car brand targeting high-income individuals. Goals: Increase test drive bookings by 25% and sales by 10% within 3 months. Constraints: Existing customer database and limited creative assets. Workflow stage: Copywriting.",Increase test drive bookings by 25% and sales by 10% within 3 months.,"Company: Aurum Motors, a luxury car brand targeting high-income individuals. Constraints: Existing customer database and limited creative assets. Workflow stage: Copywriting.","Company: Aurum Motors, a luxury car brand targeting high-income individuals. Constraints: Existing customer database and limited creative assets. Workflow stage: Copywriting.","""Aurum Insider"" email campaign: Create personalized emails using customer data, featuring exclusive offers, new model reveals, and curated content. Use AI-powered content generation to create 5 unique email templates and A/B test subject lines to optimize open rates.",luxury,0.6792,exclusive,0.06432376056909561,0.1630694419145584,0.24379999935626984,0.0590207464993,0.32209211587905884,0.1476939618587494,1,persuasive,0.3221,luxury,0.2732,professional,0.193,professional,1,1,luxury,0.5559,0.6667,rule_zero_shot_agreement,True
676,Design an influencer marketing campaign for a new vegan food product.,"Company: GreenBite, a vegan food startup targeting health-conscious millennials. Goals: Increase brand awareness by 30% and drive sales by 20% within 2 months. Constraints: Limited budget of $3,000. Workflow stage: Influencer outreach.",Increase brand awareness by 30% and drive sales by 20% within 2 months.,"Company: GreenBite, a vegan food startup targeting health-conscious millennials. Constraints: Limited budget of $3,000. Workflow stage: Influencer outreach.","Company: GreenBite, a vegan food startup targeting health-conscious millennials. Constraints: Limited budget of $3,000. Workflow stage: Influencer outreach.","""GreenBite Ambassador"" program: Partner with 10 vegan influencers on Instagram and TikTok to promote the new product. Offer free products and commission incentives in exchange for sponsored content and product reviews.",persuasive,0.6333,offer,0.07915608584880829,0.12061899155378342,0.1067514717578888,0.09273344278335571,0.4092600345611572,0.19147998094558716,1,persuasive,0.4093,humorous,0.2337,emotional,0.1805,professional,1,1,professional,0.6,0.3333,phi3_tiebreak,True
677,Create a social media crisis management plan for a tech company.,"Company: NovaTech, a tech firm facing a public backlash due to a recent data breach. Goals: Mitigate negative sentiment and restore brand reputation within 2 weeks. Constraints: High scrutiny from media and regulatory bodies. Workflow stage: Strategy.",Mitigate negative sentiment and restore brand reputation within 2 weeks.,"Company: NovaTech, a tech firm facing a public backlash due to a recent data breach. Constraints: High scrutiny from media and regulatory bodies. Workflow stage: Strategy.","Company: NovaTech, a tech firm facing a public backlash due to a recent data breach. Constraints: High scrutiny from media and regulatory bodies. Workflow stage: Strategy.","""NovaTech Cares"" crisis management plan: Establish a dedicated crisis team, issue a public apology, and provide transparent updates on the breach investigation. Utilize social listening to address customer concerns and launch a targeted ad campaign to promote data security measures.",,0.0,,0.024336837232112885,0.15452447533607483,0.1141124814748764,0.092608742415905,0.5010794997215271,0.11333802342414856,1,persuasive,0.5011,professional,0.216,emotional,0.2072,professional,1,1,professional,0.286,1.0,three_method_majority,True
678,Create a social media campaign to increase brand awareness and drive website traffic for a sustainable fashion brand.,"Company: Verde Clothing, Target Audience: Environmentally conscious millennials, Constraints: Limited budget, Goals: Increase website traffic by 20%, Stage: Strategy","Increase website traffic by 20%, Stage: Strategy","Company: Verde Clothing, Target Audience: Environmentally conscious millennials, Constraints: Limited budget,","Company: Verde Clothing, Target Audience: Environmentally conscious millennials, Constraints: Limited budget,","Launch a social media contest, ""Eco-Warrior Challenge,"" where followers share their eco-friendly fashion tips and tricks using a branded hashtag. Partner with influencers and user-generated content platforms to amplify reach. Offer a discount code to participants who share their own sustainable fashion stories, driving traffic to the website.",persuasive,0.8625,discount|offer,0.043076179921627045,0.09244013577699661,0.08438517153263092,0.0632513016462326,0.554394006729126,0.16245320439338684,1,persuasive,0.5544,persuasive,0.2423,humorous,0.2411,persuasive,1,1,persuasive,0.6214,1.0,rule_zero_shot_agreement,False
679,Develop a targeted email marketing campaign to promote a new AI-powered fitness app.,"Company: FitGenie, Target Audience: Fitness enthusiasts aged 25-45, Constraints: High competition, Goals: Acquire 10,000 new users, Stage: Copywriting","Acquire 10,000 new users, Stage: Copywriting","Company: FitGenie, Target Audience: Fitness enthusiasts aged 25-45, Constraints: High competition,","Company: FitGenie, Target Audience: Fitness enthusiasts aged 25-45, Constraints: High competition,","Craft a series of personalized emails highlighting the app's AI-driven features, such as customized workout plans and real-time tracking. Use social proof, showcasing success stories and user testimonials. Offer a 14-day free trial and a referral program to incentivize sharing and drive conversions.",persuasive,0.6333,offer,0.05606465041637421,0.07211142778396606,0.11540216207504272,0.10372302681207657,0.6116089820861816,0.04108976572751999,1,persuasive,0.6116,persuasive,0.2706,emotional,0.2486,persuasive,1,1,persuasive,0.5338,1.0,rule_zero_shot_agreement,True
680,Design a visually appealing Instagram ad campaign for a luxury travel company.,"Company: Odyssey Travel, Target Audience: High-income individuals aged 30-55, Constraints: High ad spend, Goals: Drive 500 new leads, Stage: Image Generation","Drive 500 new leads, Stage: Image Generation","Company: Odyssey Travel, Target Audience: High-income individuals aged 30-55, Constraints: High ad spend,","Company: Odyssey Travel, Target Audience: High-income individuals aged 30-55, Constraints: High ad spend,","Create high-end, aspirational visuals showcasing breathtaking destinations and exclusive experiences. Utilize Instagram's ""Collection"" feature to curate a series of ads highlighting different aspects of a luxury vacation. Incorporate user-generated content and influencer partnerships to add authenticity and social proof.",luxury,1.0,luxury|exclusive,0.009990546852350235,0.03749635070562363,0.7319251298904419,0.023048589006066322,0.1546679586172104,0.04287147521972656,1,luxury,0.7319,luxury,0.7931,persuasive,0.0523,,0,0,luxury,0.9862,1.0,rule_zero_shot_agreement,False
681,Optimize a company blog for SEO to increase organic traffic for a B2B software provider.,"Company: NovaTech, Target Audience: Business owners and decision-makers, Constraints: Limited content resources, Goals: Increase organic traffic by 30%, Stage: Strategy","Increase organic traffic by 30%, Stage: Strategy","Company: NovaTech, Target Audience: Business owners and decision-makers, Constraints: Limited content resources,","Company: NovaTech, Target Audience: Business owners and decision-makers, Constraints: Limited content resources,","Conduct a thorough keyword analysis and create a content calendar focusing on long-tail keywords and industry trends. Develop comprehensive, informative blog posts and optimize meta tags, titles, and descriptions. Utilize internal linking and content clustering to enhance user experience and search engine rankings.",professional,0.7708,industry|analysis,0.04130959510803223,0.42357519268989563,0.20249585807323456,0.028688807040452957,0.24966198205947876,0.054268572479486465,1,professional,0.4236,professional,0.4913,luxury,0.2224,professional,1,1,professional,0.7171,1.0,rule_zero_shot_agreement,False
682,Develop a social media strategy for a new eco-friendly fashion brand.,"Company: Green Threads Target Audience: Fashion-conscious millennials and Gen Z Constraints: Limited budget, high competition Goals: Increase brand awareness, drive website traffic Workflow Stage: Strategy","Increase brand awareness, drive website traffic Workflow Stage: Strategy","Company: Green Threads Target Audience: Fashion-conscious millennials and Gen Z Constraints: Limited budget, high competition","Company: Green Threads Target Audience: Fashion-conscious millennials and Gen Z Constraints: Limited budget, high competition","Create a social media campaign focusing on Instagram and TikTok, leveraging user-generated content, influencer partnerships, and eco-friendly challenges. Utilize relevant hashtags, such as #Sustainability and #EcoFashion, to increase visibility. Collaborate with eco-influencers to showcase the brand's commitment to sustainability.",,0.0,,0.07047531753778458,0.12021112442016602,0.10741261392831802,0.07345394790172577,0.4611038863658905,0.1673431098461151,1,persuasive,0.4611,humorous,0.2188,persuasive,0.1775,professional,1,1,professional,0.6,0.5,phi3_tiebreak,True
683,Design an email marketing campaign for a new smart home security system.,"Company: Safe Haven Target Audience: Homeowners aged 35-55 Constraints: High competition, need to educate customers about smart home security Goals: Generate leads, increase sales Workflow Stage: Image Generation","Generate leads, increase sales Workflow Stage: Image Generation","Company: Safe Haven Target Audience: Homeowners aged 35-55 Constraints: High competition, need to educate customers about smart home security","Company: Safe Haven Target Audience: Homeowners aged 35-55 Constraints: High competition, need to educate customers about smart home security","Create a series of email campaigns featuring eye-catching visuals showcasing the benefits of smart home security. Design a hero image highlighting the system's key features, such as motion detection and alerts. Use a bold, modern design style to convey a sense of safety and security.",,0.0,,0.03242664039134979,0.07006228715181351,0.23878413438796997,0.05321598798036575,0.4974161386489868,0.10809483379125595,1,persuasive,0.4974,luxury,0.3258,persuasive,0.2119,professional,1,1,professional,0.6,0.5,phi3_tiebreak,True
684,Write a script for a social media video promoting a new vegan food delivery service.,"Company: Green Bites Target Audience: Health-conscious millennials and Gen Z Constraints: Limited budget, need to showcase food quality Goals: Increase brand awareness, drive orders Workflow Stage: Copywriting","Increase brand awareness, drive orders Workflow Stage: Copywriting","Company: Green Bites Target Audience: Health-conscious millennials and Gen Z Constraints: Limited budget, need to showcase food quality","Company: Green Bites Target Audience: Health-conscious millennials and Gen Z Constraints: Limited budget, need to showcase food quality","Create a 60-second video showcasing the service's delicious, plant-based meals. Use a mix of mouth-watering food shots and testimonials from satisfied customers. Highlight the service's commitment to sustainability and animal welfare. End with a clear call-to-action, such as a promo code for new customers.",,0.0,,0.018865523859858513,0.03760850429534912,0.028866911306977272,0.02744123712182045,0.8454707264900208,0.04174714908003807,1,persuasive,0.8455,persuasive,0.576,emotional,0.1013,persuasive,1,1,persuasive,0.646,1.0,three_method_majority,False
685,Develop a content calendar for a B2B software company's blog.,"Company: Tech Solutions Target Audience: Business owners and IT professionals Constraints: Limited resources, need to establish thought leadership Goals: Increase website traffic, generate leads Workflow Stage: Post Scheduling","Increase website traffic, generate leads Workflow Stage: Post Scheduling","Company: Tech Solutions Target Audience: Business owners and IT professionals Constraints: Limited resources, need to establish thought leadership","Company: Tech Solutions Target Audience: Business owners and IT professionals Constraints: Limited resources, need to establish thought leadership","Create a content calendar focusing on topics such as industry trends, best practices, and case studies. Schedule weekly blog posts, including a mix of in-depth guides, listicles, and opinion pieces. Utilize relevant keywords and meta descriptions to improve SEO. Share content on social media platforms to drive traffic to the blog.",professional,0.5875,industry,0.06289840489625931,0.2638229727745056,0.20344625413417816,0.038425106555223465,0.31051623821258545,0.12089099735021591,1,persuasive,0.3105,professional,0.3135,luxury,0.2288,professional,1,1,professional,0.5368,1.0,rule_zero_shot_agreement,True
686,Create a social media campaign to increase brand awareness among millennials for a sustainable fashion brand.,"Company: GreenThreads, a sustainable fashion brand targeting millennials; Target Audience: 18-30-year-olds; Constraints: Limited budget of $10,000; Goals: Increase brand awareness by 30%, drive website traffic by 25%; Workflow Stage: Social Media Strategy.","Increase brand awareness by 30%, drive website traffic by 25%; Workflow Stage: Social Media Strategy.","Company: GreenThreads, a sustainable fashion brand targeting millennials; Target Audience: 18-30-year-olds; Constraints: Limited budget of $10,000;","Company: GreenThreads, a sustainable fashion brand targeting millennials; Target Audience: 18-30-year-olds; Constraints: Limited budget of $10,000;","""Threads for a Greener Tomorrow"" campaign, focusing on Instagram and TikTok, featuring eco-friendly fashion influencers showcasing GreenThreads' products, user-generated content, and interactive polls/quizzes highlighting sustainable fashion practices. Utilize Instagram Reels and TikTok's ""Reaction"" feature to boost engagement. Allocate $5,000 for influencer partnerships, $3,000 for content creation, and $2,000 for paid advertising.",,0.0,,0.06381931900978088,0.10556208342313766,0.07711046189069748,0.07016570121049881,0.5344067811965942,0.14893561601638794,1,persuasive,0.5344,persuasive,0.2223,humorous,0.2104,professional,1,1,professional,0.6,0.5,phi3_tiebreak,True
687,Develop a content marketing strategy for a new AI-powered fitness app targeting busy professionals.,"Company: FitGenius, an AI-powered fitness app; Target Audience: Busy professionals aged 25-45; Constraints: Limited in-house content creation team; Goals: Drive app downloads by 50%, increase user retention by 20%; Workflow Stage: Content Strategy.","Drive app downloads by 50%, increase user retention by 20%; Workflow Stage: Content Strategy.","Company: FitGenius, an AI-powered fitness app; Target Audience: Busy professionals aged 25-45; Constraints: Limited in-house content creation team;","Company: FitGenius, an AI-powered fitness app; Target Audience: Busy professionals aged 25-45; Constraints: Limited in-house content creation team;","""Fitness on Demand"" content hub, featuring bite-sized workout videos, podcasts, and blog posts tailored to busy professionals' lifestyles. Partner with fitness influencers and industry experts to create high-quality content. Utilize FitGenius' AI technology to personalize content recommendations for users. Create a ""Workout of the Week"" email newsletter and social media challenge to engage users and promote app downloads.",professional,0.5875,industry,0.05817744880914688,0.1565784513950348,0.18194779753684998,0.06550031900405884,0.3832426965236664,0.15455329418182373,1,persuasive,0.3832,luxury,0.2141,professional,0.1947,professional,1,1,professional,0.6575,0.6667,three_method_majority,False
688,Design a targeted email marketing campaign to increase sales for an e-commerce platform specializing in outdoor gear.,"Company: OutfitHub, an e-commerce platform for outdoor enthusiasts; Target Audience: Outdoor enthusiasts aged 25-50; Constraints: High competition in the outdoor gear market; Goals: Increase sales by 25%, boost email open rates by 30%; Workflow Stage: Email Marketing.","Increase sales by 25%, boost email open rates by 30%; Workflow Stage: Email Marketing.","Company: OutfitHub, an e-commerce platform for outdoor enthusiasts; Target Audience: Outdoor enthusiasts aged 25-50; Constraints: High competition in the outdoor gear market;","Company: OutfitHub, an e-commerce platform for outdoor enthusiasts; Target Audience: Outdoor enthusiasts aged 25-50; Constraints: High competition in the outdoor gear market;","""Gear Up for Adventure"" email campaign, featuring personalized product recommendations based on customers' purchase history and browsing behavior. Utilize OutfitHub's loyalty program to offer exclusive discounts and early access to new products. Create a sense of urgency with limited-time promotions and scarcity messaging. Use AI-powered subject line optimization to increase open rates.",luxury,0.3192,exclusive,0.0013397472212091088,0.010107186622917652,0.009253828786313534,0.009421969763934612,0.9275429248809814,0.04233428090810776,1,persuasive,0.9275,persuasive,0.7767,humorous,0.1204,persuasive,1,1,persuasive,0.8467,0.6667,three_method_majority,False
