CustomerID,Age,Income,AdSpend,ClickThroughRate,ConversionRate,WebsiteVisits,PagesPerVisit,TimeOnSite,SocialShares,EmailOpens,EmailClicks,PreviousPurchases,LoyaltyPoints,Conversion,Gender,CampaignChannel,CampaignType
8000,56,136912,6497.870068,0.04391851074,0.08803141207,0,2.399016528,7.396802581,19,6,9,4,688,1,1,0,0
8001,69,41760,3898.668606,0.1557250711,0.1827246825,42,2.917137755,5.352548601,5,2,7,2,3459,1,0,1,3
8002,46,88456,1546.429596,0.2774903687,0.07642272008,2,8.223619098,13.79490147,0,11,2,8,2337,1,1,2,0
8003,32,44085,539.5259358,0.1376112536,0.08800418669,47,4.540938973,14.68836262,89,2,2,0,2463,1,1,2,2
8004,60,83964,1678.043573,0.2528511066,0.1099401032,0,2.046847118,13.9933704,6,6,6,8,4345,1,1,2,2
8005,25,42925,9579.388247,0.1537946791,0.1613161265,6,2.125849719,7.752831242,95,5,8,0,3316,1,1,0,0
8006,38,25615,7302.899852,0.0409753864,0.06097682028,42,1.753994645,10.69867161,54,14,3,6,930,1,1,4,0
8007,56,57083,5324.283667,0.05287792856,0.1889459249,48,2.62601478,2.987817382,96,9,3,0,2983,1,1,0,2
8008,36,140788,9421.250951,0.02353596831,0.1125850114,13,5.47284282,14.28742058,73,4,8,5,460,1,1,1,3
8009,40,130764,6229.193333,0.06664127477,0.1697856796,22,1.135664698,4.613311984,14,8,4,8,3789,1,0,0,0
8010,28,88319,7283.887364,0.269148089,0.1098675119,47,2.054180722,3.294720457,94,16,5,6,1987,1,0,2,3
8011,28,29605,2898.253003,0.1985574333,0.1566787072,16,9.164109335,1.372299211,23,18,6,5,2403,1,0,3,0
8012,41,131093,5930.920252,0.2242685111,0.01976994297,13,8.88923234,8.480384141,28,16,5,4,2946,1,0,1,2
8013,53,64608,1520.424719,0.1902818229,0.1618503715,8,8.497723392,14.25272496,81,8,1,2,2818,1,0,3,0
8014,57,148788,4104.383137,0.1220963947,0.1095522917,20,7.356534606,2.466029635,70,16,8,1,3247,1,0,1,0
8015,41,39192,429.0792174,0.07288972851,0.09538896176,44,6.953694912,2.252039383,33,0,1,1,4474,0,1,1,0
8016,20,23331,2244.618067,0.2784282294,0.03120583666,1,3.4796423,4.452665667,77,7,8,8,3252,1,1,2,2
8017,39,71330,841.1994313,0.1593006367,0.1508968824,31,4.014950793,10.14821145,83,18,5,2,3463,1,1,0,2
8018,19,117392,3939.010313,0.1495189656,0.03492109398,7,3.122219616,8.443295842,92,8,4,6,2222,1,1,2,2
8019,41,69949,8446.04813,0.2988701857,0.04654038443,35,9.822822688,1.895000924,36,7,7,3,3644,1,1,2,1
8020,61,88382,3841.547653,0.1213396966,0.03402041858,25,6.708743068,6.913353501,41,5,1,6,1651,1,1,2,1
8021,47,119233,8333.232297,0.2576963413,0.01124936547,36,9.691906324,1.470518153,63,14,0,5,2586,1,1,3,1
8022,55,57586,6599.333295,0.2600797775,0.1357636182,14,3.446078038,12.85260044,94,14,6,9,1989,1,0,1,1
8023,19,72243,5144.341522,0.077474361,0.06146036851,33,6.590882005,2.053120799,18,5,5,3,1417,1,1,4,2
8024,38,120566,2445.227763,0.03750351078,0.03839938725,20,7.830556785,7.333825521,22,14,3,2,1563,1,1,0,0
8025,50,144213,9229.345319,0.2929298336,0.07079477168,22,1.852651784,7.901721933,70,17,3,3,2227,1,1,2,2
8026,29,78618,636.5880075,0.1335100906,0.1048260914,8,7.002648583,8.186830948,5,5,5,1,129,0,0,1,1
8027,39,98311,6920.238875,0.01064389338,0.105648379,39,2.521653108,9.332746262,98,17,6,1,2688,1,0,0,3
8028,61,27549,6250.274939,0.1547151718,0.07976724158,25,3.95274201,10.6729451,92,17,1,3,68,1,1,4,3
8029,42,138168,4466.31107,0.1895971055,0.1040371315,42,7.445377035,0.5631910962,54,18,6,2,3079,1,1,4,2
8030,66,72494,2479.177457,0.2350655918,0.09119487698,21,4.960582618,0.9482583272,76,19,9,4,1011,1,0,2,0
8031,44,107973,4363.889775,0.2834532143,0.1663063969,12,9.29045668,9.367495241,38,12,6,0,911,1,0,4,1
8032,59,43958,8740.449983,0.2753994824,0.01562665382,24,3.170819821,3.141059633,24,10,5,6,4683,1,1,4,0
8033,45,109779,8383.984492,0.2826393878,0.1749257253,6,2.384030882,12.56175415,97,14,2,3,467,1,1,0,0
8034,33,127713,9419.674375,0.019316293,0.05634389858,26,4.034547735,9.59891891,82,5,7,5,653,1,0,0,0
8035,32,127960,3147.152746,0.2164144988,0.1471386209,14,8.667309012,14.71581057,3,10,0,1,2429,1,1,2,1
8036,64,114520,3932.331168,0.07549880921,0.0869575271,11,8.626820998,11.05606221,87,3,7,3,1066,1,0,1,2
8037,68,122478,285.3889113,0.06439027929,0.06592326326,44,4.32375022,1.81535898,32,14,6,4,257,1,0,2,1
8038,61,149203,9435.204948,0.2420923849,0.1269160009,32,8.288580862,2.979151167,65,15,1,5,4709,1,1,3,1
8039,69,141835,3360.961909,0.1309676099,0.1560880396,20,1.700094275,1.17495901,1,13,0,0,2885,1,0,4,2
8040,20,57538,4101.221833,0.275814022,0.09548792609,24,1.068414398,11.24705005,13,4,7,3,1476,1,1,1,2
8041,54,25833,9087.265653,0.02230617633,0.09864523018,39,8.783242758,2.338937632,49,14,3,1,3243,1,1,0,2
8042,68,142893,5313.324459,0.2426324406,0.02118273211,46,8.866645176,10.12462866,10,9,9,9,3513,1,1,3,3
8043,24,43386,5705.127963,0.04968197927,0.1855592363,21,2.29058995,8.553267292,33,5,9,0,913,0,0,3,3
8044,38,136981,1844.705098,0.06120738845,0.1709103723,13,3.679429011,9.682815789,37,15,8,8,2136,1,0,4,2
8045,26,120349,5036.734206,0.1484319975,0.08561862963,7,8.655366185,7.875713522,91,15,3,0,284,1,0,0,0
8046,56,119341,9190.265149,0.1247210829,0.1553406165,23,1.753902545,0.6889163081,38,18,7,1,4275,1,1,1,3
8047,35,91778,5631.309072,0.1509899688,0.06952304338,2,8.767835077,4.171662098,21,2,7,8,3388,1,1,0,1
8048,21,114240,2625.65201,0.2826076914,0.1487801407,11,6.172143152,13.33223663,41,19,0,7,883,1,1,4,1
8049,42,127955,408.6905549,0.2006427913,0.1081714261,46,6.915494791,13.97439424,96,17,4,9,3404,1,1,3,3
8050,31,44832,3429.387557,0.09418972073,0.09754567722,21,6.35337051,1.909541931,94,18,3,9,4788,1,1,4,1
8051,67,97857,5768.650049,0.06014352657,0.02073936948,15,6.242790972,14.31311613,56,1,3,9,4720,1,1,2,2
8052,26,58930,521.8715549,0.1318134198,0.1934301651,6,2.665549789,10.22262775,77,8,8,3,2124,1,0,3,1
8053,43,52407,6136.946515,0.1409758979,0.1691077043,17,3.124522595,13.87708482,37,0,2,1,3219,1,0,4,3
8054,19,24073,5281.796888,0.1843753789,0.1607437329,44,6.220482932,6.316877102,8,3,7,7,4930,1,1,1,0
8055,37,37667,7856.011145,0.08714078403,0.06793407755,22,4.612648727,1.975303117,87,3,8,2,1977,1,0,1,1
8056,45,36035,385.9929055,0.2325776817,0.06502213504,25,5.871602255,4.885572327,28,5,7,9,3851,1,0,1,1
8057,64,26732,7830.388714,0.03855347119,0.1189066884,37,3.280294048,10.500382,68,5,3,0,336,1,1,2,0
8058,24,75097,5256.682753,0.1725314754,0.1707824073,1,5.174403875,12.03071173,41,18,1,1,465,1,1,0,3
8059,61,23487,3768.240395,0.1908241794,0.1875793972,1,2.290642001,1.226773102,59,7,9,3,3434,1,0,1,0
8060,25,120488,9657.291466,0.06998115851,0.06109651494,21,1.345558416,7.560799216,38,7,6,0,1035,1,1,2,1
8061,64,77702,1685.183518,0.2495432916,0.1254088121,37,9.560047373,1.433317182,90,19,2,5,2604,1,1,1,3
8062,52,146671,5459.118679,0.1884753163,0.147541532,41,7.507496311,13.02239291,71,12,5,3,716,1,1,2,2
8063,31,114961,3277.716589,0.1972594422,0.05301450758,27,5.482574704,7.406912959,92,8,2,5,3979,1,0,1,3
8064,34,132194,5322.11515,0.1543456167,0.08741903974,16,5.959106045,13.76491648,59,18,3,4,824,1,0,0,3
8065,53,105107,5567.526981,0.273782323,0.04562011201,47,5.600563891,1.639392787,52,6,1,3,125,1,1,4,2
8066,67,49075,985.5376594,0.2112389986,0.1427919648,17,9.089285251,5.291814779,75,19,4,6,643,1,1,1,3
8067,57,127721,6645.237954,0.1207323138,0.1741191759,1,7.962747095,10.30980728,7,7,9,6,4051,1,1,4,1
8068,21,91031,6381.36681,0.07919570746,0.1767315274,34,3.92628437,4.756998175,20,10,6,3,4280,1,1,1,1
8069,19,104217,7717.726019,0.0306078857,0.1373168854,14,2.96368128,12.70259884,55,2,1,3,3849,1,0,0,1
8070,23,34781,997.5190872,0.05795464278,0.07595894843,14,1.598763606,14.80908862,47,16,4,3,1328,1,0,4,1
8071,59,59865,3042.859614,0.2978780561,0.1355976716,43,2.330102106,4.57768419,46,4,5,7,558,1,1,2,2
8072,21,28469,6536.094937,0.1279623998,0.1742106782,44,5.410550209,5.735629036,8,5,5,4,2761,1,0,1,1
8073,46,65167,1453.635177,0.2706192959,0.1289126084,33,2.823132654,14.52651032,77,14,1,4,2918,1,0,1,3
8074,35,144866,6808.222287,0.0594651135,0.08844946866,49,3.811545262,5.691886046,0,8,1,8,3483,1,1,2,0
8075,43,101738,684.3644371,0.1333546527,0.1847625226,14,2.199962015,8.561804443,54,18,1,9,11,1,0,0,2
8076,61,39928,3415.822374,0.2885503554,0.1686911527,17,9.305327353,11.65400416,30,5,2,5,2751,1,0,3,2
8077,51,96521,8482.440111,0.03642835291,0.1776626956,12,1.303525347,6.855998938,79,7,1,3,1964,1,1,1,0
8078,27,59599,7765.483775,0.1822554423,0.181606484,37,4.166296479,5.902815262,90,11,8,6,4031,1,0,2,1
8079,53,36775,6483.131081,0.2765598512,0.08482433846,7,3.323392047,7.686031018,10,15,9,7,65,1,0,3,1
8080,31,86504,8717.538325,0.2854081782,0.1733314114,15,1.0747242,11.8030383,65,19,4,6,1998,1,1,1,3
8081,48,95918,7121.768487,0.2553421684,0.1183664375,19,9.357382268,5.02635302,59,2,8,5,590,1,1,4,1
8082,65,90687,5241.813542,0.2582209854,0.01725020498,25,3.822467174,5.586708708,30,15,7,1,220,1,0,2,1
8083,32,46804,9799.203254,0.1991330567,0.1308089077,34,5.520475764,3.242519905,49,14,4,4,4394,1,1,4,3
8084,25,129122,6979.07519,0.07392270135,0.09941759562,16,6.243458477,10.67345375,59,10,6,5,928,1,0,0,1
8085,31,52259,6053.53505,0.2218967779,0.06227938525,25,6.494317814,13.5420318,87,5,1,1,1884,1,1,3,0
8086,40,145725,4147.818553,0.2937314947,0.1943727966,17,5.142346553,3.193228853,61,1,9,8,1530,1,1,2,1
8087,57,106284,9033.883736,0.1625207193,0.02046346308,43,6.344464544,1.001548287,38,6,9,9,932,1,1,1,0
8088,38,105227,3027.520046,0.08560223413,0.1897167042,6,7.765849038,6.028424545,2,15,6,3,3472,1,1,1,0
8089,33,117556,191.2739827,0.1763066097,0.04026074152,43,9.568801255,6.447244092,57,0,4,4,3242,1,0,3,0
8090,62,63560,2047.731172,0.2102770033,0.08162775407,34,6.913335433,9.865021138,67,12,5,4,3897,1,0,4,1
8091,35,47256,1184.22317,0.07040128973,0.08927468333,11,5.160065706,1.741069485,29,3,8,6,1288,1,1,4,1
8092,64,26125,3258.038364,0.2185649108,0.1488938985,46,5.001440553,12.41172688,66,0,7,8,2324,1,0,2,2
8093,41,24370,8276.198907,0.1803555291,0.05096574966,48,7.388716276,8.822808703,67,4,1,8,2368,1,0,2,3
8094,43,24838,6550.143885,0.1875814737,0.1973593502,43,6.64331692,8.416578322,57,15,9,5,3006,1,1,4,3
8095,42,134479,1772.907833,0.09873649962,0.152312252,40,4.783479312,5.087263989,76,18,5,8,72,1,1,2,2
8096,62,77429,7909.335039,0.05502737493,0.1600910013,0,4.022981312,5.79637894,52,11,0,3,3482,1,1,4,0
8097,58,23134,5091.776674,0.1908004696,0.03022146682,24,9.93833779,1.303695133,13,8,7,4,205,1,0,3,3
8098,46,130995,5175.874779,0.1800075669,0.1004992818,15,7.901172889,11.42944427,9,5,0,4,2595,1,1,2,2
8099,32,63199,3684.910592,0.1080235344,0.1896657766,14,2.860981283,9.26868017,77,8,1,4,3514,1,0,4,0
8100,62,97092,8659.702012,0.09580916359,0.06131255359,10,3.629545047,14.65821336,80,1,3,0,2398,1,0,2,2
8101,18,144925,3251.440308,0.1107008939,0.03762289444,36,9.043198028,5.626645703,21,0,9,6,4525,1,1,1,1
8102,42,53822,1031.983631,0.1520661682,0.1022249474,38,6.947462699,10.16053388,62,9,1,5,1506,1,0,1,1
8103,24,113513,3097.01704,0.2926977232,0.1867746832,2,3.796775535,13.83340681,60,2,4,2,1821,1,0,0,0
8104,26,40113,7182.000108,0.2314337404,0.1024902186,44,4.277892731,10.81937289,45,17,6,7,272,1,1,4,0
8105,41,83594,6610.060679,0.2570045244,0.08691851755,44,4.410168982,1.084502608,36,11,6,5,360,1,0,0,1
8106,18,116102,1961.36982,0.156638375,0.133551763,41,2.67665677,9.667433637,20,14,9,8,4403,1,0,4,3
8107,61,22669,1206.664561,0.1625758474,0.1880079598,38,5.600518556,8.408169707,88,13,4,6,3502,1,0,2,3
8108,25,69427,6642.571008,0.06925415182,0.01932091535,19,7.890135794,7.740043405,2,9,2,7,2395,1,1,4,1
8109,41,101617,6796.130673,0.2191032925,0.03914515364,22,6.076539537,8.519137531,18,5,4,8,2647,1,1,1,3
8110,28,32938,3724.881408,0.1322593617,0.03522331891,14,6.903477547,7.178204489,31,19,3,5,3426,1,1,2,1
8111,68,25717,8443.733697,0.2253095891,0.02621326664,17,6.358477492,10.53156737,78,19,5,7,603,1,1,1,2
8112,34,97818,9784.231518,0.1286260606,0.06740015532,38,1.530058865,0.7162370906,23,11,0,1,3469,1,1,2,2
8113,25,67659,2135.887712,0.04146998429,0.05356871629,34,2.692540546,3.234115832,72,8,0,0,4643,0,1,4,2
8114,52,127601,5812.980285,0.06018556946,0.1142513406,28,4.153135932,5.798091617,73,3,7,8,162,1,0,4,3
8115,52,84575,152.9286571,0.2453553226,0.07218499013,19,9.003115027,7.063675419,47,3,5,9,1669,1,0,1,2
8116,50,99737,7159.238521,0.08499878197,0.08698949368,41,4.138231008,2.392052046,95,1,8,5,1981,1,1,3,0
8117,22,36289,4201.392924,0.08666278254,0.1889542912,14,3.944052745,12.39211667,57,6,9,9,4669,1,0,4,0
8118,59,44406,2013.365346,0.2795167461,0.03957457184,31,1.725279814,13.97617489,39,10,0,9,2597,1,1,3,2
8119,56,142688,7546.997025,0.2007143306,0.08380689209,11,9.7487135,11.3926246,6,15,6,2,4820,1,1,2,0
8120,58,116822,8125.423096,0.04314919063,0.0588455497,47,8.006947029,13.9678617,45,9,0,2,3803,1,1,3,2
8121,45,32873,1200.548362,0.05163972834,0.1143415366,11,7.893345036,11.2767099,90,14,6,7,3336,1,1,1,2
8122,24,145812,505.8580422,0.08898655549,0.149903883,24,4.453349631,6.895312273,14,1,6,2,4108,1,1,0,1
8123,26,102048,3407.376573,0.1822587495,0.1652276959,33,1.705325085,6.200428114,84,11,7,9,3310,1,0,0,2
8124,25,114463,6297.305611,0.2283193863,0.107906372,7,3.371682416,2.912791037,73,14,4,5,4974,1,1,1,0
8125,29,43461,7954.853319,0.0896039686,0.1724341524,23,8.676096801,1.753482095,86,10,7,5,3606,1,1,0,3
8126,51,40710,5506.018717,0.2624861909,0.1591643465,44,2.622681194,3.68446509,4,9,9,4,4652,1,1,1,2
8127,50,105488,5849.412885,0.04166225188,0.03983077167,0,9.048246304,8.215968117,58,2,4,6,2863,1,0,4,1
8128,65,33448,8018.596395,0.07020375873,0.05663146421,24,5.821790638,2.456733691,69,7,8,3,596,1,0,3,0
8129,40,35198,5335.549405,0.2914348271,0.1376269004,33,7.430828762,14.29187142,21,19,7,9,1084,1,0,0,1
8130,41,93158,6150.429453,0.04907601046,0.1952108638,13,5.082772555,3.668285627,27,19,6,5,2530,1,1,4,2
8131,54,126384,5210.551666,0.2675522792,0.08146464311,35,9.390784344,12.58765523,53,4,6,0,3755,1,1,0,2
8132,52,87938,8816.53651,0.2141411719,0.05366348972,5,3.156924986,12.37287496,18,10,2,2,458,1,0,2,2
8133,61,70799,2431.614524,0.03119525629,0.1751345925,44,6.151900872,2.547455548,13,11,5,6,40,1,1,1,2
8134,57,121860,2713.536487,0.1502749804,0.04792627231,8,1.622044117,10.80577129,47,19,5,8,2601,1,0,1,0
8135,39,114003,1366.81847,0.1605040124,0.1425075721,47,5.32384518,12.44965064,6,10,4,0,819,1,1,4,3
8136,44,54961,8212.72084,0.2803204931,0.01650732337,0,9.754429168,13.32216675,78,5,1,3,3124,1,1,2,2
8137,52,63007,4176.595177,0.132120332,0.01360629787,8,1.793183721,14.33270426,31,7,9,6,3120,1,0,3,1
8138,18,85470,3544.150015,0.1395614485,0.09579767565,23,5.560507267,13.98650023,21,12,6,9,189,1,1,2,0
8139,52,72256,9815.352299,0.04262028889,0.1347426242,38,6.420756803,5.011487334,45,14,4,8,2995,1,1,2,0
8140,54,40739,9275.353328,0.1953600434,0.03706254625,17,9.385712714,4.381011226,84,1,1,7,2856,1,1,3,0
8141,64,104054,9722.678053,0.07116012301,0.1551376661,47,3.676727817,6.264191036,82,5,3,1,2962,1,1,3,1
8142,31,78186,1508.760068,0.03248464488,0.03445993166,38,5.526465725,7.242590888,12,19,0,1,1913,0,1,2,3
8143,20,46547,8923.39295,0.29910651,0.1114044835,17,9.88476267,3.891332745,21,1,7,8,1910,1,0,0,1
8144,18,114472,3354.225034,0.08819259211,0.06857684653,40,7.921171012,1.748206342,9,14,4,1,318,0,1,0,1
8145,22,105823,225.3020251,0.05090541789,0.1529281226,27,8.2937312,10.02050313,43,0,7,9,4579,1,1,2,1
8146,43,138301,3973.853526,0.2128522086,0.1627821832,1,8.024601479,3.026491371,23,10,0,6,4662,1,1,0,2
8147,31,126887,5141.043896,0.2482878252,0.02255733552,36,5.637034212,13.76604539,58,7,7,9,3096,1,0,3,2
8148,56,71431,1171.382193,0.02858247301,0.04659486817,40,4.909186607,4.671429645,61,8,4,8,2876,1,0,3,1
8149,44,45476,5423.008407,0.04056405917,0.1796023808,35,3.293318598,3.366450493,71,14,6,7,252,1,0,0,1
8150,26,98411,8212.689483,0.03615040884,0.08896643895,47,5.193701566,3.31529321,71,4,2,4,4,1,0,3,2
8151,32,30686,3838.744413,0.02361819796,0.1005798144,23,1.184521291,4.697293161,54,8,2,1,3395,0,0,1,2
8152,32,37536,3591.183585,0.2012423788,0.04192452992,34,1.873998906,9.376403945,48,3,8,5,2692,1,1,3,3
8153,43,54062,3454.22316,0.180610825,0.1990300113,5,3.585318424,14.68559634,49,9,6,6,3824,1,0,2,1
8154,59,68216,9238.635014,0.2022139304,0.1853790597,16,4.002666178,7.550893895,18,3,5,9,399,1,0,4,0
8155,30,45041,582.705178,0.1566434773,0.01038468749,29,7.367656043,9.195330769,81,4,3,6,858,1,1,0,3
8156,68,51653,4506.253806,0.2470772288,0.1146395897,7,2.544421754,12.71769112,57,18,4,4,2699,1,0,0,0
8157,49,41673,2719.534596,0.1685338077,0.1757308029,41,8.161955439,5.343542947,96,12,7,9,4216,1,0,3,3
8158,56,30367,8948.689551,0.2764366111,0.09180138518,9,8.207214045,3.108211752,47,10,0,8,2497,1,0,3,1
8159,66,39629,1050.917409,0.1508380744,0.09299470913,15,6.283336801,6.787591298,92,11,1,5,2503,1,0,4,0
8160,69,140756,4173.28339,0.2392910118,0.08207595978,37,5.423468671,5.121043747,95,13,2,9,2986,1,1,4,2
8161,49,131641,4127.479905,0.1281345026,0.01547738368,25,5.20658989,13.05888077,71,12,4,8,225,1,0,2,3
8162,21,108636,8895.104734,0.1362149295,0.1601538338,30,4.784852306,14.68012777,95,3,7,7,3180,1,1,1,0
8163,47,92190,2233.385106,0.2562076931,0.09678918864,7,1.797174423,10.48059347,11,12,4,9,3224,1,1,2,3
8164,54,45063,6484.464562,0.04122135225,0.1109024713,34,6.898991923,9.979531018,85,4,4,8,4269,1,1,0,1
8165,40,39322,1430.620656,0.1738261489,0.05858017219,33,6.19567002,10.85620697,19,8,5,0,1775,1,1,3,0
8166,56,104546,9544.359569,0.2206375757,0.1589825135,9,1.141907542,7.281154694,44,0,8,1,4941,1,1,2,0
8167,62,135637,5970.848097,0.2276219785,0.1608122239,39,2.824261889,9.617520481,25,11,8,7,927,1,1,3,0
8168,32,32693,6299.94163,0.1815331229,0.1150549552,43,4.926918619,1.533284513,80,16,8,5,412,1,0,3,3
8169,60,29241,4394.356676,0.1399387004,0.1818793059,11,9.111769767,7.655008803,97,0,4,0,3631,1,0,2,2
8170,46,49778,3488.598855,0.08562690872,0.03201800384,40,9.912508938,5.319315995,30,18,5,9,3666,1,1,2,2
8171,53,122379,2205.496652,0.2737336083,0.1594590663,26,7.761936744,1.271114989,81,4,6,0,3396,1,0,4,2
8172,30,32651,6079.478763,0.1172385048,0.116130987,18,7.744075889,8.399256463,58,11,2,0,3426,1,0,1,1
8173,49,45966,9550.161279,0.2417077057,0.05389250174,25,4.737471509,5.723718917,2,11,0,2,3060,1,1,4,0
8174,24,29275,3661.930446,0.01918302776,0.0351377187,14,6.138552151,9.063900895,17,10,1,8,3550,1,1,1,2
8175,68,65606,8843.253198,0.07732907226,0.06719133766,30,3.095353988,7.94111099,83,15,3,5,3789,1,0,2,2
8176,39,21658,1572.885497,0.1102195899,0.1727000244,45,7.643367908,4.505185018,20,16,8,1,2545,1,1,1,0
8177,45,114499,9367.647607,0.2047564784,0.1596476764,36,1.538061877,8.329760097,56,2,0,7,3047,1,0,0,1
8178,19,92468,3569.814211,0.1026059341,0.1325751609,17,4.755216438,5.992224618,98,10,5,9,1407,1,1,4,3
8179,59,34248,3859.299395,0.02199550224,0.02716213148,28,8.482253919,13.8561831,41,16,3,2,409,1,0,4,3
8180,62,44437,4682.138345,0.06042157966,0.1914178216,43,9.818736346,5.946682886,61,0,5,0,3031,1,0,4,3
8181,23,59727,7210.618272,0.08515795219,0.06803362515,26,7.269027518,1.082173722,29,14,1,9,126,1,1,3,0
8182,45,38201,7224.568994,0.06105376918,0.1253299968,37,2.775390764,11.57180492,60,8,1,5,315,1,1,3,1
8183,45,61150,4847.926989,0.06908012244,0.1625893555,19,6.13966187,14.47340914,35,17,6,3,1148,1,1,2,0
8184,61,135148,5279.213703,0.2329975128,0.03524260855,20,6.044616315,2.956065391,54,0,4,5,2248,1,1,2,3
8185,61,109891,397.103829,0.1294897567,0.133917381,28,9.69188463,14.60535887,3,5,5,7,3438,1,0,3,2
8186,37,34999,3112.537345,0.127501981,0.01613623937,42,8.56168039,9.449310929,14,1,3,3,4419,1,1,4,2
8187,47,140703,3525.569035,0.2903158376,0.02933996919,14,1.441103225,12.78709441,70,4,0,3,855,0,0,3,2
8188,28,26376,5631.39996,0.139543533,0.1473972905,21,2.98083875,7.356982368,95,2,7,5,1886,1,0,1,3
8189,45,71673,5627.167697,0.2790208584,0.03946560956,22,8.577315279,9.526562931,96,4,0,1,4203,1,0,4,1
8190,42,23476,7128.007998,0.09672829848,0.09426627743,3,9.752248225,12.69533899,56,7,7,2,1278,1,1,3,3
8191,56,137393,7198.570233,0.1261816154,0.05718318465,23,3.652049844,14.75060065,62,5,0,1,3056,1,1,2,0
8192,50,89902,2428.58617,0.1249221733,0.09003360665,13,7.216559353,3.179560611,76,10,9,8,1032,1,1,3,1
8193,18,134510,7724.852796,0.1683628614,0.02467184566,36,3.77021661,13.531826,63,10,9,3,1552,1,1,0,2
8194,44,111269,294.0753237,0.1794317143,0.1534311034,20,1.369871238,10.17544254,16,10,3,2,1529,1,0,3,1
8195,69,97994,7190.002658,0.08195625842,0.0250178237,42,8.465323755,14.22948653,52,7,5,1,50,1,1,4,1
8196,30,82878,1110.404925,0.2401394326,0.1692037545,38,7.649646265,5.112548693,39,5,0,0,844,0,1,3,3
8197,58,118331,7323.517263,0.1539925269,0.1358956842,12,1.47972927,4.017612138,69,15,8,1,523,1,0,2,1
8198,20,40615,5318.469097,0.01204263052,0.08915125938,18,2.309159428,5.800090191,49,19,6,3,882,1,1,1,3
8199,56,31164,4428.819557,0.1814887837,0.1746324433,25,9.995795389,13.32523993,67,19,0,3,2141,1,0,0,0
8200,23,59316,6937.597259,0.241437238,0.04536494295,35,6.856851631,7.164674144,14,2,9,6,3012,1,1,4,1
8201,25,88560,460.0712541,0.08263535397,0.06026720321,43,8.203877267,14.29639735,71,7,1,2,1764,1,1,2,1
8202,44,49559,2312.356224,0.02098259271,0.03605349572,45,4.497627264,4.013931371,33,12,4,6,2956,1,1,0,1
8203,26,82968,6202.75741,0.2440818101,0.08249805173,32,5.664220055,3.697861584,29,9,2,3,1014,1,0,3,2
8204,54,86800,8487.432526,0.2931202476,0.1974793051,39,6.5789348,10.33688236,86,7,0,8,780,1,0,0,3
8205,50,29047,3872.965606,0.03220344825,0.04059520178,15,8.254185265,4.72911866,72,9,4,6,155,0,0,1,3
8206,68,64985,2661.738579,0.2820306741,0.1678855323,18,4.05015766,2.372745182,23,12,7,1,4216,1,0,0,2
8207,59,92123,5235.490714,0.1141895795,0.1338572136,36,7.050365141,5.951105788,7,2,0,8,4398,1,0,0,3
8208,61,26577,6260.920999,0.2830174865,0.01300468482,13,7.980920316,4.359403682,56,3,5,8,446,1,1,3,0
8209,41,103171,4259.020011,0.198163404,0.1895291367,43,8.246193084,6.488229936,69,15,0,1,3419,1,1,3,2
8210,32,131100,8779.435758,0.2681708506,0.1945073404,43,5.493170373,3.204409441,24,2,7,7,1404,1,1,4,3
8211,49,23870,5282.043218,0.2378915773,0.1857311334,29,5.26027433,14.37625206,76,8,4,6,3153,1,1,3,0
8212,49,54094,454.6535169,0.01811934542,0.105330535,30,1.940795477,12.12390981,33,18,2,0,2301,0,0,0,3
8213,41,75329,2308.234152,0.02897832567,0.05187128467,19,5.479525547,12.69306833,24,11,7,0,1720,1,1,1,2
8214,58,29217,4561.405606,0.1624659355,0.08434028872,43,7.317400897,4.817973721,17,5,9,7,2906,1,0,3,3
8215,69,135049,7007.482638,0.04758951576,0.1266963938,42,9.285291884,12.92300114,72,3,7,9,2689,1,1,4,0
8216,66,103138,2275.547214,0.1436999294,0.08197891237,46,2.126796267,9.066366917,96,13,2,4,4126,1,1,4,0
8217,66,86141,9764.948653,0.2868427866,0.1445526137,6,9.719967715,1.322604384,69,0,6,8,3798,1,1,0,0
8218,69,42343,3253.726756,0.09547961339,0.1611593541,41,3.106651475,2.722290856,13,7,0,2,2072,1,0,3,3
8219,29,148307,5371.554048,0.151784687,0.04978465074,36,2.582793318,6.966457487,5,18,2,2,3106,1,1,3,2
8220,56,70822,287.7672088,0.1214352927,0.08693896257,46,2.03065911,6.209882114,81,15,6,7,1749,1,1,4,3
8221,19,33003,8860.418142,0.1926498196,0.1919714314,1,9.911227961,12.03153873,89,7,2,4,3873,1,0,3,1
8222,20,128793,7909.46307,0.06621502989,0.05746329224,21,6.049166614,13.16820646,35,4,6,0,2220,1,1,0,2
8223,66,79538,2035.034243,0.08538239414,0.07582502283,12,3.435399805,13.04149187,35,7,2,8,534,1,1,1,1
8224,54,52089,9339.043243,0.2590426769,0.01677549573,45,3.857807697,5.941692204,74,16,2,1,3945,1,1,0,3
8225,66,73595,3226.813662,0.2452875049,0.07314954781,37,9.552440593,9.71873102,17,5,1,6,2138,1,0,3,2
8226,34,103197,6952.644255,0.2388650098,0.08047696564,30,9.09971618,7.707823057,14,2,4,7,3657,1,0,0,1
8227,66,102318,8207.865548,0.2335666867,0.02896875633,0,4.149852238,13.38932913,93,19,0,3,783,1,0,2,3
8228,19,50029,7435.053166,0.1432368731,0.0102740275,46,1.572269087,13.39009277,88,10,3,2,3651,1,0,2,2
8229,19,99023,9184.069562,0.221378324,0.119327042,42,8.501701664,1.281147614,15,12,3,0,625,1,0,3,0
8230,45,71324,8656.320127,0.1222893972,0.06729005425,12,9.229799122,8.796032167,75,18,9,9,397,1,0,3,0
8231,40,71962,9946.65399,0.03920577825,0.01338652908,16,8.537799868,7.800261309,13,19,2,6,3919,1,1,1,0
8232,54,133037,1907.852985,0.1240786461,0.1733894178,3,9.216813504,11.67068623,46,2,4,6,3182,1,1,0,1
8233,49,59042,3117.141832,0.05601228283,0.1210378386,42,6.183118279,3.339216881,53,18,3,8,3922,1,0,1,1
8234,50,107601,6398.636088,0.1233469874,0.04252198659,30,8.556929705,10.57747535,57,19,7,5,4473,1,0,3,3
8235,18,96380,7357.16714,0.09625331246,0.1743968584,32,9.495207101,11.20984067,76,6,7,3,2690,1,1,3,0
8236,36,104859,5392.59004,0.1837565934,0.05818133439,13,9.009129121,0.8878172253,29,10,9,0,2345,1,0,4,1
8237,19,110933,831.8908124,0.1148467205,0.05321468899,20,6.284585372,6.753390394,99,8,0,5,1206,1,1,1,0
8238,61,65957,8431.792745,0.2146210024,0.1799804708,21,7.71877918,14.69472498,45,14,7,1,4289,1,1,3,3
8239,43,102864,9612.656125,0.1585225375,0.0440969971,4,7.491726584,4.858765441,15,11,8,9,1747,1,1,2,2
8240,49,146358,4114.616754,0.2766527608,0.1770073007,36,8.226681715,13.32571685,0,11,3,8,2612,1,1,4,1
8241,23,63739,2325.643569,0.03639737625,0.1625649272,31,3.059647681,9.009905198,40,5,7,6,4505,1,1,0,1
8242,49,58733,291.2061741,0.2094356647,0.06885773276,2,1.019602971,4.799892194,92,16,8,0,4114,1,1,4,2
8243,21,65389,2449.260457,0.2049950945,0.01653544542,40,5.589096358,12.62181273,26,17,1,3,4468,1,0,0,1
8244,28,49715,7029.195871,0.2856816987,0.02568888967,12,7.889957708,14.86459477,76,8,8,4,3953,1,1,2,3
8245,34,59116,9124.734938,0.1177500414,0.03081037088,10,2.1261018,11.25908446,61,10,5,2,110,1,1,0,1
8246,55,76922,1025.779358,0.09857701122,0.1792517787,49,5.795085116,1.388761866,80,18,8,8,865,1,0,1,1
8247,41,76251,5577.265953,0.05999409882,0.08676683583,41,3.829680857,1.259953719,27,9,7,8,2351,1,0,0,2
8248,22,81794,6985.75936,0.08693366945,0.01618065388,37,8.544162139,7.627555321,19,10,3,8,1719,1,0,0,3
8249,69,37580,2836.170129,0.1555483241,0.1157442078,23,1.902286176,0.5879704346,54,5,6,1,156,0,1,4,0
8250,51,135900,5741.980688,0.252936759,0.04951852762,8,8.63104638,10.30125238,50,8,2,2,1588,1,0,2,0
8251,23,20823,7180.959417,0.09244311501,0.0546739481,12,6.496904832,0.7363836966,68,15,0,9,1817,1,0,0,2
8252,39,148001,8393.420507,0.05574521383,0.04055992963,21,9.275002144,14.60944338,87,2,3,6,2976,1,0,1,3
8253,28,112008,4579.748523,0.08891725661,0.1547840779,17,9.420640115,13.26917099,72,15,3,5,1732,1,1,4,2
8254,65,27084,7503.786467,0.03926882276,0.01011644982,9,8.279896434,12.32298624,96,17,4,7,3689,1,0,2,2
8255,33,97991,3087.65142,0.2787416707,0.09340699114,46,5.770991393,12.27997636,33,18,3,0,2632,1,1,2,0
8256,50,30607,2209.162793,0.2630610041,0.02650552162,11,2.283030952,12.59843877,26,15,8,7,474,1,1,3,3
8257,26,102455,1954.406086,0.09946259793,0.1149511742,29,3.028814894,6.796711725,96,3,4,0,3193,1,1,1,3
8258,23,132540,3652.840045,0.08162646662,0.07573854577,46,4.759766817,11.98192155,37,4,4,5,2234,1,1,4,2
8259,33,104930,455.2088497,0.2725652211,0.01538680035,45,7.561192743,5.823679534,28,9,7,7,1498,1,0,4,0
8260,46,134540,2901.619193,0.01051386588,0.09758510392,18,5.903688127,12.80160227,34,18,6,9,3545,1,0,1,3
8261,20,96355,6557.005962,0.1841674831,0.1184112446,18,4.944718891,9.460510057,19,18,1,6,3300,1,1,2,2
8262,37,142225,6514.398567,0.2756410907,0.05705426602,9,5.297809252,5.696002862,18,2,0,2,3202,1,0,0,1
8263,53,31969,828.1826843,0.1574816718,0.1554472604,0,7.673379115,11.3093609,4,7,0,6,3769,1,0,1,0
8264,36,83059,2945.414609,0.01086041828,0.0804992655,6,1.309207912,4.020952128,24,18,0,2,916,0,1,4,3
8265,43,37333,5738.62088,0.07347271452,0.1523758377,10,4.983678433,14.48762711,92,16,9,2,3069,1,0,1,3
8266,20,97236,3253.666161,0.2775080622,0.1200129885,3,6.154328402,10.13880477,25,0,5,4,1636,1,1,2,3
8267,36,147182,4238.081439,0.01493650301,0.1751580829,35,6.298420253,6.317430136,50,12,4,1,1447,1,0,3,0
8268,37,117328,7156.826495,0.1244861322,0.1139157103,20,6.568183943,8.485558669,65,10,8,0,4807,1,1,3,2
8269,49,118847,191.7416116,0.2390259706,0.04526916673,21,1.481044558,11.19473818,60,11,5,3,2629,1,1,0,1
8270,24,56668,2836.296086,0.2530463882,0.1662923269,9,6.021531183,12.06117115,14,1,9,3,4152,1,1,0,3
8271,69,31945,1509.485213,0.1485063005,0.1587766975,22,5.954944621,14.63690111,44,9,9,3,2693,1,0,2,0
8272,58,122528,1363.330909,0.077420288,0.1947476048,4,8.69368467,3.529882882,5,8,4,9,4470,1,1,0,3
8273,50,66526,9594.498143,0.1839143681,0.02778056463,47,7.840693797,7.814360818,57,15,6,9,1722,1,1,3,2
8274,57,67717,3827.947282,0.08649562915,0.1223339208,11,1.281040001,1.826136695,0,3,4,8,3878,0,1,2,1
8275,56,79426,5318.176991,0.08402663482,0.1034171069,29,6.003238276,1.692974809,72,15,0,2,3197,1,0,2,3
8276,35,121170,7364.836682,0.2442039314,0.1374657019,32,7.218496917,2.012823083,42,3,8,5,1604,1,1,2,0
8277,57,104166,569.7300011,0.05473709224,0.1962341711,36,6.221289057,4.262804405,15,6,3,6,3401,1,1,1,2
8278,18,136524,2486.124122,0.01160122874,0.1111316947,17,7.087322958,10.59685118,13,14,4,6,563,1,1,0,1
8279,28,126572,8338.263095,0.1076648129,0.1402903406,3,2.049903863,12.98645231,73,10,3,4,1894,1,1,4,0
8280,45,110480,8633.70707,0.1523824469,0.07597055431,26,2.523176842,6.821936461,18,9,5,1,3109,1,0,3,3
8281,42,108896,3792.214114,0.2144733136,0.06680439266,46,6.244635112,8.550446945,50,9,8,1,3654,1,1,0,0
8282,67,98349,3811.129837,0.2365234247,0.07370634748,22,8.206170226,3.492321524,7,5,0,8,2414,1,1,3,1
8283,40,135036,7593.279083,0.2024205712,0.01733549978,5,1.233900444,11.97067753,47,19,3,0,1609,1,1,0,2
8284,48,24601,3021.195245,0.1916875753,0.06410072263,6,4.92616216,13.38113464,11,4,9,0,184,1,1,4,2
8285,47,32930,1259.231403,0.2030671295,0.04285981482,18,9.928483709,7.54115386,69,19,2,7,3718,1,1,3,3
8286,59,24333,2649.600957,0.0887426901,0.09691131617,45,7.891711871,2.832676974,34,0,2,6,3377,0,1,4,3
8287,52,90935,3934.712843,0.1208847837,0.09755670514,14,5.051678533,0.5739739864,69,14,7,8,1863,1,0,3,3
8288,24,140384,616.826625,0.1887665853,0.1553936679,47,1.882363846,8.277961762,5,13,7,5,295,1,0,1,3
8289,33,37839,4838.934517,0.0290154915,0.1054354131,21,4.232643123,7.715719581,98,3,6,2,4135,1,1,1,1
8290,43,71337,7426.074376,0.09564435152,0.09798550178,31,2.389858897,13.92422532,10,11,9,1,4697,1,1,3,3
8291,65,60204,5186.07693,0.127861494,0.05400899922,14,9.287010426,1.029022372,37,14,4,6,3949,1,0,3,0
8292,69,40195,811.7638711,0.164697798,0.1719712019,5,7.170799452,2.659797145,90,16,1,0,4347,0,0,4,1
8293,66,47848,4457.48135,0.1510798111,0.02729017208,5,8.70127766,3.366455507,25,15,4,7,3664,1,0,2,1
8294,19,109229,7118.15562,0.2182582447,0.1966362333,5,9.077180711,8.4333071,27,14,3,7,1192,1,1,3,3
8295,18,133251,675.1568745,0.1472937359,0.1004542492,11,6.462008515,4.628675194,71,7,7,8,184,1,0,0,1
8296,65,132265,692.4871783,0.2721976953,0.04533752992,1,1.059385389,3.48234578,88,11,5,8,2086,0,1,0,0
8297,29,149703,3768.953891,0.1202923192,0.0773223306,24,6.004648616,7.959024251,82,17,0,8,4761,1,1,0,1
8298,22,60854,2030.143245,0.1623577948,0.01292033471,3,8.222455012,1.089471329,79,13,4,6,2142,1,1,1,1
8299,54,121986,9354.329834,0.01093101298,0.04163930906,5,3.830407477,14.64101455,49,1,7,2,4402,1,1,4,0
8300,49,70998,5855.301677,0.1000386074,0.07371456567,41,9.349763716,12.98476995,57,11,0,9,4678,1,1,1,0
8301,26,87390,2944.521454,0.2613061634,0.115338903,36,9.971372751,4.443439312,25,1,0,5,2105,1,0,0,1
8302,58,51558,7077.289618,0.1067371544,0.03460136048,37,5.943366103,5.374467609,43,17,2,5,4118,1,1,3,2
8303,52,22985,3811.797608,0.08342403667,0.1384330263,13,5.781170008,4.065523599,14,3,0,1,297,0,1,0,1
8304,36,81794,1407.944879,0.1676257191,0.1704125331,46,6.896703834,13.9617863,75,8,5,3,859,1,1,3,0
8305,65,63585,2448.599075,0.03283172855,0.118744526,18,6.09704918,9.971358994,23,7,4,1,935,1,0,4,0
8306,33,104814,6463.198116,0.1641654882,0.06641127497,6,2.444103543,8.057092721,76,6,4,2,701,1,0,2,0
8307,20,60264,613.5734494,0.09806308149,0.03306454184,17,3.439979895,7.874694396,58,12,2,6,2828,1,0,3,2
8308,37,53326,2799.621496,0.1210998381,0.01295166197,43,2.816099029,2.905849214,56,11,1,7,3241,0,0,1,0
8309,41,104816,2162.283629,0.2394958513,0.1490424433,7,1.649128893,14.45837399,16,11,0,0,3649,0,1,0,3
8310,50,79261,2091.237596,0.2019695654,0.12941108,27,2.2635023,13.76166285,76,12,1,7,2602,1,0,0,3
8311,41,54022,6859.347879,0.139370767,0.1004938471,20,9.75094501,14.31010527,80,18,9,7,560,1,1,0,2
8312,69,35667,8275.587476,0.1774797308,0.02937915492,34,5.994822477,4.718517004,0,3,8,6,1675,1,0,3,0
8313,28,38065,7187.07942,0.232389039,0.04933478444,46,2.133130923,7.411403648,10,1,9,6,1269,1,0,4,0
8314,66,134382,6492.705376,0.2262772861,0.1648827377,9,7.417857254,8.024429421,19,12,4,2,2087,1,1,3,3
8315,25,148145,9172.872541,0.06374329606,0.1011717789,27,5.291091206,7.600282817,30,10,7,8,4987,1,0,1,3
8316,53,107191,678.0845662,0.09726657438,0.1929382433,18,3.022040789,0.7782476707,98,6,2,2,507,0,0,0,1
8317,55,30006,1758.082551,0.11098871,0.199994708,43,9.492133342,12.58066481,38,8,4,6,2907,1,1,3,2
8318,57,91819,4202.627871,0.0643872641,0.162134354,34,3.020888424,11.32490991,62,6,6,7,1655,1,1,0,1
8319,37,127158,3787.271271,0.01352682166,0.05905488588,27,1.878307981,7.384573965,5,2,1,1,4095,0,0,1,2
8320,52,65076,4238.710869,0.06045050795,0.05391184281,45,2.851955008,4.377328024,98,2,2,3,4227,0,1,2,0
8321,65,88861,2143.90356,0.2443908549,0.05819052088,48,9.207354986,9.707165241,27,0,2,3,4187,1,1,2,0
8322,42,116319,1580.082824,0.1683169309,0.197489165,2,8.720162252,2.505235409,50,0,8,6,3625,1,1,2,2
8323,52,70393,5141.01315,0.1090808278,0.07371469083,38,9.048921609,14.96052682,52,19,0,5,2268,1,0,0,1
8324,42,23143,9287.719988,0.1864198892,0.1442248813,26,9.24561035,2.31743051,43,13,8,9,2928,1,0,3,3
8325,46,121341,3980.497677,0.2245518964,0.1922133649,16,1.697488052,1.347588959,64,1,0,5,1301,1,0,0,2
8326,35,77505,529.1968198,0.1127840571,0.1657232679,14,7.401988772,9.379926652,79,10,9,5,4163,1,0,4,2
8327,63,32417,7091.056695,0.145161704,0.1235447237,41,6.980691031,7.219467799,11,9,6,8,1607,1,1,3,2
8328,35,51300,2981.938565,0.02862183283,0.04210344969,38,9.936175411,10.92550719,27,14,3,3,4166,1,1,1,0
8329,19,112062,2526.440572,0.1831562555,0.04323826649,21,7.432067988,2.355525097,78,10,9,9,2439,1,1,2,2
8330,52,48896,3310.154207,0.1133580577,0.1035603863,19,8.128282706,5.774312886,71,7,7,1,4625,1,0,3,0
8331,33,136469,7265.773687,0.1357218578,0.1908694542,26,7.43487831,7.764983751,67,0,0,1,2107,1,1,3,3
8332,58,122979,8206.31193,0.1325541792,0.1818538022,34,6.585236091,6.981373663,94,5,0,8,4552,1,0,2,3
8333,53,70629,5921.755067,0.1933986937,0.04157649054,46,5.977210782,8.953986689,29,19,5,3,444,1,1,1,1
8334,50,47606,3292.539662,0.1760149512,0.06466675151,4,9.723343848,1.975377415,34,7,4,9,739,1,1,0,0
8335,21,59916,3173.734508,0.1324107539,0.12187415,1,9.427078499,7.804007076,5,18,4,8,542,1,1,0,3
8336,50,81330,1330.652664,0.01491695623,0.1007117935,40,4.940651475,8.544119418,84,16,1,0,4558,1,1,3,3
8337,31,27551,9339.680378,0.1900791582,0.03267893378,49,3.557384875,13.27482113,29,13,1,1,3824,1,0,2,1
8338,38,134794,6417.58005,0.2650774675,0.08016836553,44,5.581624237,8.780604687,79,3,3,6,1191,1,1,4,1
8339,65,120972,367.0487366,0.2331699558,0.1913957299,19,7.7150313,8.435784968,62,1,1,6,201,1,1,1,1
8340,37,139623,6657.434242,0.2946685334,0.1907740227,6,4.608529476,12.27512836,7,15,3,0,1479,1,1,0,0
8341,25,76422,4526.8189,0.05033184803,0.1162909174,35,5.835078551,1.442463811,90,19,4,7,3672,1,1,1,2
8342,24,135852,9728.323834,0.07453081531,0.1306996479,7,3.688353192,9.895451309,32,1,3,6,3747,1,1,1,0
8343,20,133216,8208.781366,0.1663875649,0.05216219336,26,4.849339316,12.27116439,42,10,5,9,4101,1,0,1,1
8344,34,135845,1796.025963,0.07840569368,0.150971018,5,9.61565859,1.871637808,75,13,2,1,1558,0,1,2,2
8345,50,87782,7229.100077,0.02001943657,0.01997427556,23,2.933725323,12.26780074,42,17,1,0,4707,0,0,2,3
8346,65,85391,4907.103438,0.1266636001,0.05192961575,35,9.898609888,11.91376094,44,9,0,1,3004,1,1,2,0
8347,29,124957,1951.74712,0.0934169729,0.01111790066,4,2.93985895,0.5136753714,86,11,4,6,854,0,1,3,1
8348,68,143546,7017.525083,0.08649064524,0.08328323916,19,3.873123837,4.069278239,53,10,3,9,628,1,0,2,1
8349,39,145006,5519.137029,0.2864201169,0.1715496278,19,1.784484841,2.693244157,64,8,8,3,1315,1,1,3,2
8350,39,83411,400.7013998,0.07915169372,0.1966762307,40,7.7688594,7.914398661,6,15,9,5,1365,1,0,0,0
8351,63,129437,6501.22071,0.04753544564,0.1368736353,39,1.158710372,13.75309581,35,7,0,4,2390,1,1,0,3
8352,47,93185,6386.37219,0.04634258479,0.1515246702,33,8.090568128,9.239243364,24,4,8,7,840,1,1,0,3
8353,55,135199,1526.443094,0.2438339813,0.05992241986,38,6.194199522,9.226143458,84,14,7,6,2332,1,1,0,2
8354,55,126745,3554.978497,0.2173059416,0.1088632118,49,7.738904145,2.281305223,36,14,9,6,3517,1,1,0,2
8355,62,20888,5900.39981,0.04755099671,0.1499498008,9,8.048084177,10.1625,11,16,3,8,4516,1,1,2,3
8356,68,127519,1473.95184,0.07372840447,0.1044824069,2,2.119440227,13.3806484,31,1,1,3,1188,0,0,4,2
8357,25,147574,8541.961441,0.2267294724,0.0268238145,48,1.192522181,6.725540613,48,12,2,8,3360,1,1,2,2
8358,44,77135,372.1118582,0.08963875537,0.1507641967,33,2.518898337,10.38563474,37,10,9,2,1777,1,1,4,0
8359,44,49424,1118.090408,0.2946472018,0.05171723446,34,4.456607917,4.776501148,55,0,8,2,303,1,0,2,2
8360,51,61559,1249.458507,0.1667653193,0.02856255748,36,1.659847977,4.399038586,79,8,9,4,998,0,0,0,1
8361,38,137710,5328.260547,0.06568231142,0.1008310103,44,5.110656137,3.183849119,64,3,1,9,1103,1,0,1,1
8362,47,137218,6239.12872,0.2590544518,0.02417572478,44,3.565804359,4.001789648,25,15,7,2,1043,1,0,4,1
8363,50,31075,4097.033885,0.1026479083,0.1295942967,37,4.274514782,5.469997628,56,15,9,8,73,1,1,1,2
8364,45,42699,2957.801594,0.09375413297,0.1316899176,45,9.463306742,8.717557301,13,2,0,0,7,0,1,0,3
8365,64,67972,8112.242019,0.1049579577,0.0587733749,22,7.518436499,11.81949237,55,17,3,5,4951,1,1,4,1
8366,50,136752,776.0312389,0.232777202,0.1932615401,36,6.923439887,4.698665586,69,6,2,6,1939,1,0,1,0
8367,22,29950,2874.889425,0.06023175542,0.1666458015,20,6.882086822,2.937618443,40,9,9,0,3724,1,0,2,2
8368,65,25413,487.2442302,0.1207178763,0.030821522,26,5.99842892,7.02155983,50,9,1,4,1420,1,0,0,3
8369,36,59305,237.5123362,0.01894150411,0.1522173042,0,5.61682392,11.94796304,83,6,2,8,1256,1,1,2,3
8370,21,148821,3598.460881,0.249721719,0.07708419065,8,8.939372976,6.145319378,66,0,2,5,2974,1,1,2,2
8371,52,23569,2028.754258,0.1088084422,0.1525548191,2,1.675017349,13.74247999,11,16,8,3,1806,1,1,0,2
8372,66,86778,2756.821963,0.08197014674,0.1621510105,37,3.596680095,4.094762911,96,19,2,3,2382,1,1,4,0
8373,34,122633,8227.376859,0.1781690403,0.03876183065,35,1.937144239,11.49555126,48,4,8,4,1761,1,1,3,2
8374,61,50085,1713.502953,0.2144476463,0.1357499771,33,1.099475678,7.282497428,0,10,3,4,46,1,1,3,2
8375,45,96023,7824.310335,0.2457398508,0.1739186925,29,1.124803643,2.053325688,18,1,0,5,4605,1,1,0,3
8376,47,103845,6783.001169,0.1108576342,0.07144098857,30,1.216088031,4.575548612,65,9,7,2,3107,1,1,3,1
8377,46,116307,3331.810699,0.2455672465,0.02526237779,29,7.135637732,12.94423827,57,13,9,3,2911,1,0,1,1
8378,63,112174,5510.905837,0.1448154901,0.01518082119,15,2.002644467,0.585379361,86,5,4,4,1278,1,1,4,3
8379,23,56163,4499.912537,0.03933125759,0.03090018248,28,2.821681744,11.46695446,71,1,1,1,3027,0,1,2,2
8380,52,69592,1371.113623,0.25542917,0.01079912504,5,4.770856601,12.26539463,97,6,8,9,2840,1,1,2,0
8381,58,107151,9081.134685,0.1688140868,0.07211972905,13,3.423252289,2.237643733,3,9,6,3,3124,1,0,0,1
8382,54,77333,5739.217879,0.1847161759,0.06687243171,9,8.35027872,14.45174729,7,17,5,6,1109,1,1,2,2
8383,41,137431,8814.376453,0.2818724682,0.03096484086,23,6.611086781,13.14821575,26,0,1,3,4290,1,1,1,1
8384,46,28039,8255.882467,0.1721539306,0.1337123968,35,3.99977744,3.088703848,25,11,5,7,1960,1,0,1,3
8385,66,28198,889.7816606,0.0116192239,0.198462208,23,3.860046534,4.001126674,96,3,6,0,1704,0,1,0,1
8386,63,54354,2151.979594,0.2624785939,0.1811760188,6,7.153243498,12.36763972,42,0,4,8,4675,1,0,2,3
8387,48,135513,1538.085032,0.09257781329,0.05804161394,48,2.536029718,8.422411719,39,13,4,4,2001,1,0,3,3
8388,52,23824,8324.717375,0.155512407,0.1562965103,36,3.524911223,13.87723576,49,8,3,1,167,1,0,3,3
8389,50,70420,8638.221602,0.06941711474,0.18800402,45,4.180903794,14.69754482,66,9,9,5,3476,1,0,4,0
8390,69,109535,5326.917947,0.09612523485,0.182209205,47,5.091811235,5.479896549,72,11,0,3,4446,1,1,0,2
8391,38,23436,1131.362918,0.2091281659,0.178064409,39,2.714786401,1.906094345,73,13,9,7,1889,1,0,4,3
8392,49,113550,1442.604524,0.1345762718,0.1594255973,47,2.415096998,10.70096586,28,11,6,7,2192,1,0,3,3
8393,40,60857,8154.133243,0.1918678829,0.06566838046,37,9.909640743,13.8852502,84,19,2,9,3444,1,0,3,1
8394,50,36057,9298.982352,0.2488369505,0.02587698258,24,9.218782222,2.890729968,41,1,4,6,3827,1,0,3,2
8395,20,21310,2074.809283,0.1088383864,0.102685677,42,5.712564039,14.7880894,17,2,7,2,2905,1,0,4,0
8396,35,146913,210.2620071,0.1748186111,0.02041031553,33,7.889952822,3.340112464,80,12,1,9,2392,1,1,0,0
8397,42,95355,3376.433761,0.2355004891,0.1997100001,0,7.06603398,1.750996161,20,5,3,3,515,0,0,1,1
8398,59,133769,401.9439575,0.2173857259,0.07807883978,27,1.676028941,7.687620696,66,16,8,2,2107,1,1,1,0
8399,48,143916,8296.951669,0.1665545964,0.1920845845,40,5.661076964,12.18080286,61,15,1,0,2811,1,1,3,1
8400,20,98993,4965.971347,0.1211812181,0.1568929885,28,2.655274731,5.638440015,26,4,7,6,4059,1,0,0,2
8401,57,86013,6454.42171,0.1281755746,0.0881452812,31,6.25652483,5.311695788,95,17,8,9,3493,1,1,0,1
8402,63,80022,4173.700274,0.1356092115,0.03247916842,4,1.556123292,3.358114089,92,3,2,7,3009,0,0,2,1
8403,41,28906,3520.524715,0.1111652034,0.05506668717,33,2.46617878,14.79814842,46,14,4,7,450,1,0,2,3
8404,67,29868,2299.784089,0.2127319341,0.1378784695,45,8.035460654,5.457047727,92,12,3,7,4764,1,0,4,0
8405,49,38546,7728.272216,0.04637042316,0.1676876886,25,8.589226575,10.16382421,25,13,9,0,1637,1,0,2,2
8406,64,118812,6985.921086,0.290561695,0.1960936934,12,9.167145468,2.419524993,8,8,9,0,2822,1,1,4,2
8407,39,92855,3671.216947,0.2359057956,0.03511081496,11,9.070538925,7.021472725,90,7,7,9,1428,1,1,1,3
8408,40,149080,3279.04973,0.09646728513,0.03962999562,21,9.163260534,12.03946146,11,13,7,4,4301,1,0,3,1
8409,19,53149,112.3044986,0.02233879509,0.01806350057,8,1.852380904,14.56995501,15,6,4,9,4211,1,1,0,2
8410,44,144060,729.1660875,0.21627792,0.05946925985,5,6.935397807,3.071366216,46,2,4,2,2091,1,0,1,2
8411,59,133591,6270.229696,0.222964123,0.1660028134,35,7.309483773,1.872427876,55,3,0,0,1238,1,1,1,1
8412,19,87381,5194.612371,0.2894505571,0.04766880278,9,3.413755318,14.81879973,65,16,4,1,3635,1,0,4,1
8413,43,43684,4404.551724,0.0835746117,0.1140943025,36,9.936376797,8.535650658,50,8,0,7,2658,1,0,3,2
8414,34,49858,8292.272184,0.03399027616,0.09481736762,31,3.572456866,5.508602912,26,10,3,4,4700,1,0,4,1
8415,57,65330,5088.592224,0.2753890797,0.07190698604,3,6.173991178,14.42403693,72,0,6,3,3890,1,0,1,0
8416,50,128214,3906.486456,0.08500822004,0.1274858186,3,8.851198801,6.15774194,65,11,1,1,3990,1,1,0,2
8417,26,143980,1696.43784,0.2192441197,0.1054419,12,3.602675026,3.864055612,61,6,0,7,781,1,1,2,1
8418,60,79204,8224.811281,0.02759129497,0.07360500296,15,6.458547876,12.15080228,70,8,1,5,4878,1,0,4,2
8419,65,112203,5804.857676,0.2305695934,0.1408816682,42,7.480132066,5.052485075,7,2,6,7,3197,1,1,1,2
8420,56,45293,1015.353663,0.04683751017,0.0631939563,49,6.64039565,5.168678235,37,10,2,0,4258,1,1,2,3
8421,46,76869,6524.09414,0.2117200409,0.1322048346,25,4.653684204,6.952351009,5,9,4,2,10,1,1,2,0
8422,59,110429,4308.20038,0.1643794839,0.191876715,32,9.502793951,10.54790548,58,18,0,0,3441,1,0,1,0
8423,43,24629,8132.723614,0.2870915578,0.148500876,3,6.510789637,12.70557203,18,0,9,3,3476,1,1,3,3
8424,52,25704,9197.25451,0.02070611649,0.08949591633,25,3.019242226,3.779494708,78,13,9,4,3726,1,1,1,3
8425,67,21776,6044.61155,0.09469413628,0.152036271,8,8.255163213,5.756070094,55,7,9,5,4140,1,1,0,2
8426,42,77255,7342.966911,0.03015758603,0.1637559452,40,6.902905308,7.69444537,27,6,7,5,3814,1,0,2,0
8427,41,68281,660.2493913,0.2649673142,0.07190968873,10,1.985636816,0.871355883,93,9,3,6,3591,1,0,0,3
8428,30,136972,5646.529005,0.1822313346,0.143975121,4,3.503279024,10.60803065,90,11,9,5,4887,1,0,4,1
8429,24,133532,7577.865786,0.1651411876,0.09253527725,37,2.423241859,8.706531213,9,18,1,2,3142,1,1,2,2
8430,53,51236,5017.94528,0.04812278871,0.1655192715,31,1.654057348,2.436626019,44,6,7,1,1816,1,1,3,0
8431,62,86780,5976.145886,0.1518193546,0.06612174308,28,3.071797772,2.389755062,94,8,9,7,3952,1,0,1,2
8432,37,21333,8999.587037,0.12562406,0.1881743373,37,3.503244759,13.48014155,64,18,4,5,3920,1,1,4,2
8433,18,89205,2061.185763,0.1015680418,0.1192095181,39,5.198726495,10.40801622,49,6,1,0,3965,1,1,0,1
8434,25,103120,1072.640425,0.2339347971,0.07712762965,27,9.723367009,6.12687888,31,15,8,9,4446,1,1,4,1
8435,63,70946,6937.37177,0.02777005155,0.08968054106,23,9.489419051,5.402179166,60,6,5,9,126,1,1,3,3
8436,33,133883,8246.204165,0.1975388609,0.07608173653,18,7.783148701,5.094372013,15,11,7,8,3977,1,1,1,1
8437,31,75333,8519.852867,0.248667979,0.03778680381,0,6.818602932,9.992564856,5,2,1,1,4342,0,0,4,0
8438,29,47277,6452.280521,0.273119112,0.02301355541,4,9.525454023,3.091852165,65,4,4,9,3178,1,1,0,3
8439,68,70606,8348.81284,0.2263158125,0.07113795208,22,2.282024824,14.81780652,61,5,2,4,4529,1,0,4,0
8440,40,21933,7036.575637,0.09191214687,0.0971511838,18,3.972974755,10.46230288,65,16,7,1,3313,1,0,1,0
8441,32,53514,965.0314675,0.1841471636,0.07874521849,1,5.979944791,2.343241152,66,16,0,8,4791,1,0,4,3
8442,45,142058,7644.230728,0.05100704717,0.0126447057,47,8.32540752,2.501437195,18,3,8,8,1536,1,0,0,1
8443,51,127336,1875.660927,0.04394758089,0.1200111867,1,6.614079716,9.900252643,3,9,5,2,2153,1,0,1,2
8444,19,109893,2442.432492,0.1952010012,0.03751513118,8,8.279822692,6.056027051,42,7,0,1,1327,0,0,3,1
8445,49,112607,4007.041207,0.2568212198,0.05009100293,17,2.377675477,10.06938717,17,13,2,7,3993,1,1,3,0
8446,40,82958,3214.213957,0.02950195645,0.03294222151,15,2.734613627,10.97649477,81,10,7,8,4825,1,0,2,0
8447,39,26827,3284.352209,0.04074108232,0.1088822187,38,7.665087049,8.299840828,45,5,7,1,1721,1,1,4,3
8448,68,50844,1775.66929,0.1740261192,0.02808026556,8,4.13483997,4.220029038,45,12,2,8,2321,0,0,0,0
8449,42,134501,3009.323366,0.0732814397,0.05870787734,43,4.924849529,8.491836235,84,14,9,2,2754,1,1,4,3
8450,39,111200,294.6596408,0.1874272556,0.09582465635,22,8.12498083,6.61704808,20,11,7,0,1947,1,1,1,3
8451,39,20792,4781.818372,0.07221770932,0.04186468818,32,1.630325983,13.40988737,29,9,5,5,2896,1,0,2,1
8452,66,59695,7709.050492,0.04377977255,0.09478585872,37,2.511815451,11.2330642,63,11,6,1,162,1,1,0,0
8453,69,103187,8636.248955,0.1682167448,0.07511967389,33,3.662297316,9.475269965,40,3,1,0,3480,1,1,4,1
8454,59,62510,8222.242734,0.26003659,0.1735134637,25,8.951441227,1.075982409,16,7,0,3,4664,1,1,0,2
8455,23,59137,4222.931418,0.2086853719,0.1610316104,16,4.643927861,14.85745939,4,19,0,8,4924,1,1,1,1
8456,32,133104,7331.222164,0.2474302899,0.1986423709,13,3.268979644,8.710935309,4,2,2,7,4437,1,1,2,0
8457,60,104610,2950.118664,0.08723720057,0.1104932293,12,7.105846316,4.25517549,72,6,6,2,4305,1,1,0,2
8458,54,93410,650.0684799,0.2669338089,0.1193254478,21,1.27261122,9.077122056,74,2,8,7,3978,1,1,1,0
8459,50,102212,6792.118101,0.1193413606,0.1898627111,42,7.975960881,12.3594913,47,0,1,5,3833,1,0,3,2
8460,25,59632,6523.082031,0.2572098237,0.08592252079,47,7.281034398,8.309076741,77,18,5,4,2616,1,1,0,0
8461,61,56790,8036.131015,0.1466409211,0.1155797101,17,1.495749537,11.76488937,37,13,7,0,3498,1,0,2,1
8462,61,144284,6199.451446,0.08767871773,0.08202624419,19,5.482259627,6.489047197,5,2,8,8,1710,1,1,0,0
8463,22,103568,1653.227087,0.085475061,0.1137135341,29,4.63735374,9.054460403,57,1,9,1,297,0,0,0,3
8464,56,149779,8546.307681,0.1746236865,0.02534562218,34,2.423252909,6.622628583,13,3,2,8,1411,1,1,1,3
8465,21,50885,6309.802601,0.03291297836,0.1589208777,32,2.386402877,8.153047825,71,4,4,4,408,1,1,4,1
8466,23,85214,8095.33602,0.2797162964,0.19720319,45,2.441783912,2.928893052,93,5,4,2,2849,1,0,4,1
8467,62,96544,7763.660492,0.08872441375,0.02249067646,16,6.39696146,9.180309959,58,8,7,9,1591,1,0,0,2
8468,49,64870,3048.858424,0.1073311972,0.1621975487,34,2.539959862,14.69479192,64,9,0,6,68,1,1,2,1
8469,69,148217,838.074451,0.07765745058,0.05592961209,11,1.53636346,11.58983967,88,4,2,0,3624,0,1,2,3
8470,47,68110,1847.39365,0.01087230856,0.04753394012,1,9.618192899,5.140702882,12,17,5,4,3744,1,1,1,1
8471,64,129414,1019.33711,0.2108395687,0.1417403757,33,1.352545794,13.02597461,26,6,5,4,3325,1,0,0,3
8472,52,25171,2509.783078,0.1812603413,0.01838512723,11,6.975064435,13.48801284,24,9,3,6,2603,1,1,0,1
8473,57,29589,4649.369503,0.2447969167,0.09801547598,25,9.424296313,3.063691052,55,10,4,7,2139,1,1,4,3
8474,69,38077,9077.424989,0.0218931243,0.01027444852,31,1.341417998,1.270440981,67,16,9,7,3563,1,0,1,2
8475,33,84874,8732.985684,0.279310137,0.1153348654,20,9.691586938,8.800901151,58,7,2,0,3155,1,0,3,0
8476,30,92246,7214.138169,0.1059572126,0.09779551687,4,5.52105197,7.400301851,94,6,3,3,841,1,1,2,0
8477,67,135725,338.7123595,0.2747902601,0.1839416953,27,8.065766955,10.86295,48,13,9,5,157,1,0,2,3
8478,59,105772,3479.753093,0.0410681298,0.1468516615,22,6.626097298,4.749350982,17,10,9,9,2662,1,0,0,1
8479,47,58227,6855.249422,0.2257369686,0.03394117266,47,6.551622832,6.013073047,80,7,0,1,4190,1,1,1,1
8480,36,34937,1377.386079,0.1780138871,0.07736259235,31,8.098826718,4.325857872,74,0,5,6,3081,1,0,3,0
8481,34,29754,8030.769715,0.1138754524,0.1870001562,4,1.588960205,4.735993503,75,5,4,8,4935,1,1,2,3
8482,36,45688,9154.279432,0.03295129482,0.147813488,34,4.531508912,0.6346666366,2,13,4,9,1748,1,0,1,1
8483,45,27048,3605.634022,0.1853735879,0.1229122718,5,9.726112857,7.905954989,78,4,3,4,3284,1,1,3,0
8484,43,42568,7087.846312,0.01766756609,0.1162236022,18,1.491285525,7.360741532,56,15,8,4,1194,1,1,0,3
8485,54,117583,1567.220913,0.1553718088,0.08563870862,43,3.365162244,5.660183763,5,12,8,4,4909,1,0,4,2
8486,43,95019,6939.082846,0.185220487,0.1211882779,39,7.048962487,8.332759842,68,15,4,8,2270,1,1,2,1
8487,40,37545,312.4085816,0.2224318867,0.1566162388,5,1.903920595,6.180524505,30,13,6,4,1434,1,0,2,1
8488,26,102949,1592.637917,0.2974870439,0.03423215851,13,5.830062126,6.772137191,7,1,2,3,860,0,1,3,3
8489,29,114449,7127.826321,0.08542717692,0.1942678215,2,7.420333774,0.5287745026,9,17,0,7,1997,1,1,4,0
8490,18,65217,7147.317206,0.1034930482,0.05547932513,10,7.816783419,1.461452195,2,1,0,3,1034,1,1,1,3
8491,18,68122,6447.510788,0.1089321506,0.09507110947,38,6.050706338,2.685186629,11,2,2,7,326,1,1,0,0
8492,64,145619,4825.903841,0.2221589864,0.01431596868,40,5.505672782,3.168297006,91,8,2,6,2618,1,0,1,3
8493,51,149832,6781.590103,0.2802275878,0.1145657254,23,7.424998566,7.056792409,75,17,4,7,4178,1,1,3,2
8494,49,53746,7760.627903,0.2925538874,0.08255470098,42,2.305536541,13.18620724,93,19,7,1,814,1,0,2,1
8495,65,28709,9668.168424,0.2842852963,0.05745361573,44,7.12466128,6.387490764,18,12,5,3,111,1,0,2,0
8496,42,147873,8897.546212,0.2650210722,0.1972496082,17,9.273207954,9.594290497,20,9,7,2,2728,1,1,1,2
8497,57,45358,7965.888605,0.2973834384,0.09134681711,30,7.144777629,0.8741420847,80,1,6,6,4490,1,0,0,3
8498,62,134064,6978.099415,0.1190242608,0.08871630908,9,1.41853272,12.89525931,13,18,0,8,3234,1,1,3,0
8499,18,31023,5784.1399,0.2850131828,0.09798962025,25,5.553875639,2.140450168,74,8,9,5,4747,1,0,0,0
8500,33,115387,1294.027351,0.2306957891,0.03206921802,28,7.536477592,4.622189294,28,7,7,3,3709,1,1,3,2
8501,56,48756,1739.012737,0.05885335926,0.08468826086,1,1.389197942,12.3426694,6,12,0,9,1633,0,0,0,3
8502,22,83175,8220.767651,0.02318490448,0.07391680923,29,7.859784433,4.340724111,48,5,4,3,2097,1,0,1,2
8503,39,74281,8052.797831,0.07220034778,0.09837364716,38,3.534425257,4.240996861,64,8,2,2,2738,1,1,4,3
8504,46,69289,6183.143367,0.235837826,0.1727580217,46,6.298958717,9.243298196,6,13,6,5,1912,1,1,3,2
8505,20,78097,4444.517314,0.1931920956,0.04662922497,9,9.697091855,13.59705373,13,1,4,2,2211,1,1,1,2
8506,29,96681,357.7232333,0.07506331463,0.1254704719,11,9.954365364,3.597914833,15,6,1,4,2845,1,0,2,2
8507,43,106728,3339.051731,0.2251572218,0.01715104705,19,6.709669275,9.501865319,98,11,0,4,424,1,0,2,2
8508,33,67259,4264.33261,0.05098344944,0.0701905754,40,5.423353531,9.202727431,15,10,9,4,3681,1,1,0,3
8509,68,38839,4909.581233,0.2483340042,0.09980494763,18,2.599230747,10.06308279,84,18,5,6,4022,1,1,2,1
8510,54,47410,9300.313526,0.240306683,0.02411303865,5,2.875003699,14.22815225,12,18,5,4,3790,1,0,4,2
8511,39,125696,1176.223058,0.2920470315,0.1133539076,22,4.862800112,2.905286262,81,14,7,0,3961,1,1,3,3
8512,46,143459,5236.782506,0.05358107374,0.068961868,18,7.320577032,9.988181229,28,19,8,6,3463,1,1,0,1
8513,31,31447,3742.43074,0.2729177684,0.1986339026,30,7.923728049,3.1445109,84,12,1,6,1842,1,1,3,0
8514,45,137954,9901.97138,0.1089197725,0.1298842054,32,2.997175407,5.057367483,72,14,4,9,2406,1,1,3,0
8515,22,106569,8632.453761,0.1306573608,0.05639328724,1,5.818750972,6.154442236,94,4,4,2,489,1,1,1,2
8516,64,126891,4443.979957,0.1458490682,0.02950791664,14,6.32444558,12.61316755,60,0,9,5,4400,1,0,2,0
8517,66,95665,9996.986533,0.1918021754,0.01773675808,10,9.03770218,1.278795434,36,15,7,4,1096,1,0,3,2
8518,47,115894,5189.22614,0.2984813773,0.02724692023,25,8.887794056,11.13796064,16,10,8,0,1241,1,1,4,2
8519,63,33907,1754.466186,0.1839880529,0.1392113101,17,8.356466812,13.73258449,30,14,4,6,2674,1,1,4,1
8520,69,41637,5603.159449,0.2787476009,0.1724485324,0,5.649953411,1.649006677,58,12,4,3,677,1,1,2,0
8521,22,58196,2339.437081,0.0839581786,0.0397792918,31,1.585748383,11.96558523,87,14,2,1,2909,0,0,2,2
8522,29,42369,6399.497117,0.1255393819,0.08640554618,3,4.010261342,2.060812605,46,17,5,1,3725,1,1,0,0
8523,33,115017,9380.657731,0.1563048635,0.07730471521,21,6.59548433,14.4613779,5,14,6,7,521,1,1,0,1
8524,43,117217,7883.365911,0.103641577,0.1324584373,35,6.738464791,12.32278834,31,1,2,2,3755,1,0,0,0
8525,43,22589,2804.320535,0.2932914599,0.04470879753,28,8.641656881,10.57727293,30,8,1,5,1432,1,0,2,1
8526,65,43560,3038.900387,0.2204482306,0.191130669,35,4.414545695,8.47586232,17,16,1,7,2515,1,1,3,1
8527,38,23034,785.9532106,0.1488755921,0.1484257126,49,9.429599224,13.85185358,8,17,8,6,586,1,1,1,1
8528,56,20169,2930.091573,0.2278783634,0.191463657,32,2.469117412,2.226533849,2,9,5,2,50,1,0,0,2
8529,53,112449,1016.985517,0.1455583247,0.06270015654,38,1.448792486,2.265871096,70,8,1,8,4385,1,1,1,3
8530,50,23239,5044.542321,0.01499534494,0.1216659712,13,2.590220009,12.42609794,25,19,4,1,67,1,1,4,2
8531,47,23415,7112.636087,0.1675260883,0.1491309081,47,5.160908358,7.493638235,12,19,6,7,3252,1,1,2,0
8532,54,105488,7536.693499,0.1913037134,0.1450816823,46,8.406176362,12.75331763,33,19,0,6,3891,1,0,4,2
8533,40,96944,689.3393993,0.2945501514,0.01405575889,36,2.384527069,6.164594977,42,8,7,9,2971,1,1,0,2
8534,27,23484,3465.563393,0.021829926,0.1996749411,44,5.933678141,7.051973178,92,3,5,1,329,0,0,3,3
8535,22,73987,2952.900489,0.1585081177,0.1863313948,4,7.989322676,5.31514071,32,14,0,4,2263,1,1,0,0
8536,53,38225,1132.573198,0.03846487945,0.03275289544,49,1.313754543,14.2857048,68,19,7,4,1413,1,0,1,1
8537,51,100459,3688.465978,0.05320881146,0.1132776871,21,1.373680323,7.241775648,35,9,4,9,4388,1,1,0,1
8538,69,141566,3063.26908,0.1870343683,0.06976572651,4,5.415320689,11.44890755,78,9,6,1,4361,1,0,3,0
8539,48,81104,6381.54237,0.07715463656,0.176989863,36,2.643816515,10.59067783,73,15,9,7,4323,1,1,3,2
8540,27,40936,8844.696371,0.2272604923,0.1425287298,37,5.05512096,3.908760683,67,0,3,1,1192,1,1,2,3
8541,36,59612,4602.933037,0.1591176209,0.05246825978,45,1.395419409,13.75274456,46,18,1,6,3336,1,0,2,3
8542,49,104946,7491.98521,0.0732817367,0.01643361762,33,9.791835852,8.397890309,60,3,7,5,40,1,1,3,0
8543,18,115533,1545.502634,0.1531995865,0.0654309425,14,6.887699689,12.90918769,44,7,3,6,3437,1,0,3,0
8544,22,140877,8960.167149,0.0102557008,0.01724608183,47,7.180263988,12.56672431,95,16,7,8,4209,1,0,1,2
8545,62,122269,1610.687908,0.2601946127,0.03684903547,36,5.587558275,1.350714491,87,2,8,4,1727,1,1,0,3
8546,21,59952,2001.801688,0.01367672935,0.1308662279,26,8.424191627,9.486705524,83,2,3,6,662,1,0,2,0
8547,33,78945,1153.991656,0.01203286882,0.1515661629,47,8.500670065,11.94027477,47,11,7,3,2688,1,1,1,2
8548,41,107399,3165.827065,0.1873361435,0.098923211,0,2.431816043,13.64422495,40,7,3,3,613,1,1,0,2
8549,33,25380,5568.863422,0.2923210685,0.1240546954,28,7.915558288,7.841287406,37,4,7,9,1445,1,1,2,0
8550,19,70298,9881.141703,0.2582207105,0.03961815689,7,6.100073487,11.38533334,67,14,0,8,890,1,0,1,3
8551,66,106246,7954.343543,0.08308548465,0.0701910824,32,7.861465644,14.55964124,74,7,1,6,1795,1,1,4,1
8552,45,100821,3866.314449,0.06703337523,0.145447931,6,9.268295962,12.5037152,10,12,9,7,31,1,1,4,2
8553,49,47260,5800.875973,0.1915725324,0.07932931206,28,4.01586556,12.88913591,15,5,2,8,3227,1,0,2,1
8554,44,52879,6270.749506,0.2485649466,0.07627413248,30,6.138203871,6.40560089,64,9,1,6,3226,1,1,1,2
8555,37,36143,8244.99949,0.1150028146,0.04685860103,37,8.087346205,1.829485736,96,0,9,4,1287,1,0,0,3
8556,41,69744,7390.872676,0.1353828312,0.1230167265,7,9.880917327,14.50741399,70,8,7,3,1046,1,1,0,1
8557,29,92949,5735.982157,0.04349195897,0.1638123351,30,6.513186487,10.58936913,66,4,9,3,4511,1,0,1,0
8558,67,51578,6724.911968,0.05431966216,0.09919455544,36,7.491052111,2.98187787,70,11,8,6,4738,1,1,4,2
8559,52,100262,7484.584349,0.1748219626,0.03195245873,14,8.617105516,14.62056682,0,12,8,0,4651,1,1,1,0
8560,50,77331,1418.126185,0.03977028227,0.1692898121,31,7.76153183,10.8788982,96,5,0,0,4789,0,0,4,0
8561,50,112551,2084.509067,0.06859337619,0.02356544987,25,9.480988172,1.810340744,70,15,8,7,325,0,0,4,3
8562,68,83815,6916.98446,0.07805633696,0.09962820091,47,3.067383744,2.976795221,3,11,7,5,4094,1,1,0,0
8563,60,135926,8519.213064,0.1387381146,0.05960469387,48,9.170161979,13.04845064,81,3,7,0,3504,1,1,2,2
8564,54,91519,4151.696599,0.0232274696,0.1879004497,10,2.863951717,14.33057109,36,2,2,4,4538,0,0,3,0
8565,29,39178,9800.914192,0.1549335818,0.1501332076,22,6.086151714,5.78999601,13,1,7,7,4056,1,0,1,0
8566,20,112526,2239.110153,0.2793155779,0.1176177068,33,5.706068318,6.492297371,78,9,1,0,1596,1,1,4,2
8567,18,95857,4225.322892,0.01709446172,0.1368735337,32,8.481985357,6.234090939,24,11,1,9,1490,1,1,1,0
8568,50,80197,3847.37813,0.1929856109,0.1112181799,16,4.586925009,12.61266483,81,3,3,7,1356,1,1,2,3
8569,57,129365,9309.929813,0.2523942859,0.03804417959,32,2.288645749,7.072213977,3,14,6,2,1064,1,1,2,2
8570,27,148075,2925.247324,0.1006136443,0.1447287492,1,7.361161157,5.941229657,65,13,3,9,2461,1,0,3,3
8571,60,56366,4760.828703,0.04814037806,0.1036080509,48,6.459687991,9.517095095,42,12,1,9,1449,1,1,3,0
8572,61,72955,1953.615012,0.02256853841,0.1305187616,3,8.443614229,7.612727925,25,16,4,2,1315,1,1,4,1
8573,46,119830,5260.535762,0.1967318872,0.01858831616,11,7.827676836,8.234639953,83,4,7,3,1606,1,0,3,3
8574,30,126213,8588.301278,0.1701479703,0.03698661059,28,9.053426926,6.401690909,14,9,6,7,3538,1,1,4,3
8575,29,120273,3109.990673,0.07649554663,0.1219803904,41,8.552058244,7.177455791,5,9,6,9,4173,1,1,0,0
8576,48,61911,8126.841514,0.2511690192,0.09729149159,41,7.174326764,1.021642322,36,16,8,7,1817,1,0,4,1
8577,63,103422,9121.984664,0.2232968421,0.0531059971,46,5.191366096,13.92384366,42,18,4,1,2214,1,1,3,2
8578,19,73619,822.2831082,0.09016434765,0.0557445749,42,1.183278941,0.9433049999,41,11,3,1,1851,0,0,1,1
8579,68,64296,7588.60291,0.2284752766,0.1300150794,38,3.76834254,11.70577981,12,1,9,4,1307,1,1,3,2
8580,67,42791,2627.900018,0.08104832192,0.02120373512,41,7.547701047,4.824896618,15,2,8,0,2219,0,1,2,0
8581,52,28301,1835.743859,0.2058275639,0.0925090854,18,1.535527246,2.127687166,41,14,0,7,1297,1,0,3,1
8582,40,146866,6051.111681,0.04437806191,0.1093896659,49,7.80935193,9.340565944,37,12,5,8,3613,1,0,0,0
8583,34,120658,7085.465901,0.2107494444,0.06854709452,1,5.647451948,10.75079868,65,3,2,3,2277,1,1,4,3
8584,43,123623,4008.133759,0.0792445815,0.1659044674,6,8.810072353,9.63792373,64,13,5,7,2814,1,1,2,1
8585,25,118529,487.8197001,0.1760161127,0.02078622069,45,6.938344538,8.853214406,4,12,6,1,1221,1,1,4,2
8586,46,132824,9096.17479,0.06001452139,0.1744987292,21,8.18597672,8.274704896,29,6,0,6,1477,1,1,4,3
8587,43,55779,7334.394477,0.2205304148,0.1474199686,10,2.543543391,8.345351461,94,13,5,4,130,1,1,3,2
8588,27,56894,2789.501386,0.02765507657,0.094788332,32,2.55622748,13.04860588,42,5,7,9,3590,1,1,1,3
8589,43,118917,5018.952172,0.05797115817,0.1856488041,19,2.899820097,1.807227959,31,4,4,2,4641,1,1,2,2
8590,51,99618,375.1486207,0.06339957916,0.1434252763,4,3.999805904,2.781846844,66,12,4,2,1088,1,0,0,2
8591,68,69250,3458.89954,0.0219896399,0.1868986164,3,9.139848523,12.28343927,66,5,6,0,666,0,1,0,0
8592,58,90994,5273.098832,0.2260536297,0.09979205809,13,7.968767243,4.894079039,41,16,7,0,1102,1,1,1,3
8593,24,61770,5220.51379,0.2944762264,0.09606488919,2,4.281787067,11.68762191,4,7,6,7,2090,1,1,1,0
8594,21,42300,2161.030292,0.2357353586,0.1108411,49,9.26632887,5.614091202,98,6,2,9,4828,1,1,3,0
8595,67,138025,7789.798925,0.259583269,0.02243107376,17,8.010333337,13.91844669,85,13,5,4,3443,1,1,0,0
8596,62,88235,3058.735369,0.0117422215,0.1826139078,26,6.90451689,4.579338231,95,2,8,7,2166,1,1,2,0
8597,28,49485,5846.059229,0.04418228949,0.1368662398,3,4.929100757,6.689997386,58,17,1,3,2855,1,0,1,2
8598,46,140605,2788.070033,0.1721158984,0.1273412788,2,6.864939136,2.803201438,22,14,8,6,2077,1,0,1,0
8599,53,60285,4309.161943,0.2935819766,0.1860280719,26,6.339061551,10.1669257,7,14,2,9,612,1,1,1,0
8600,42,86555,2154.39479,0.20160675,0.1987910637,27,8.036793275,6.341776011,67,18,2,4,1968,1,0,2,0
8601,38,137713,6366.777146,0.1184996412,0.04104474423,21,3.030215784,14.14746064,69,18,9,3,4950,1,0,0,2
8602,53,52471,4313.285165,0.05238329859,0.1523094271,41,8.970199931,0.7283460751,90,12,1,4,4906,1,0,2,3
8603,27,68671,259.5613144,0.05432235137,0.1201895832,28,6.326829738,6.12094501,18,13,2,3,2693,1,1,2,2
8604,54,138216,378.8334408,0.1151984287,0.09758946583,15,8.260827031,0.8426294191,43,18,6,2,4401,1,1,3,2
8605,26,40270,4764.229753,0.2170049572,0.1957463943,34,4.125724929,5.271102141,92,18,2,7,3117,1,1,1,2
8606,41,108151,1913.936082,0.0192275944,0.1715499721,18,4.527228199,6.013555983,37,16,0,5,4381,1,1,0,3
8607,52,139870,5891.916277,0.2571315015,0.142382497,29,9.435593302,4.24297774,43,11,3,0,887,1,0,3,0
8608,66,147897,4141.09864,0.2830499164,0.08270847177,14,6.597595832,4.205201157,5,15,6,9,2333,1,1,3,0
8609,52,33698,6578.756372,0.2677567736,0.1365477528,4,3.85963499,4.270863073,2,18,5,5,768,1,1,4,3
8610,65,134454,9528.712223,0.2747778037,0.1110218835,30,1.739418229,4.360719888,95,12,9,7,1436,1,1,1,3
8611,53,123882,5334.487734,0.01444839103,0.05738000545,42,4.909175425,4.593149377,79,9,2,3,3800,1,0,0,1
8612,35,92265,7895.048176,0.2935597716,0.0955724514,30,8.641745403,12.84382007,32,7,0,1,3806,1,0,0,0
8613,66,59729,7555.105864,0.1162435633,0.05032027394,8,3.262886256,1.066283775,65,16,7,3,3470,1,0,0,2
8614,56,31171,9225.731933,0.2620915243,0.1050798557,12,8.742583326,14.83919207,57,12,1,8,3216,1,1,1,2
8615,49,99483,2218.776886,0.0641745725,0.1468452344,42,2.454822497,4.582085908,25,1,4,6,4408,0,1,0,0
8616,41,80684,8290.537011,0.1394924654,0.01696278253,20,2.169392331,0.9052192565,98,11,2,9,4686,1,1,2,3
8617,40,75165,9064.651747,0.0228076727,0.1554221448,45,6.451228747,3.039807967,27,17,3,6,2715,1,1,2,1
8618,49,69948,3988.353511,0.02162203908,0.01379885848,30,8.24174126,14.15706096,42,18,2,1,1241,1,1,1,2
8619,54,54725,3206.780327,0.2835500692,0.1082827636,0,8.020476313,14.96409042,74,15,2,2,3923,1,1,0,1
8620,29,39450,9525.155506,0.2450759176,0.1189605744,40,5.89247799,4.077919486,87,19,2,6,3614,1,0,4,2
8621,66,33300,6313.564939,0.1636495529,0.1546362573,12,6.748225596,3.769014392,15,1,9,4,2354,1,0,4,2
8622,30,145900,3868.697204,0.1623828703,0.1545954764,33,3.323793616,12.62330879,88,19,7,7,2419,1,1,4,0
8623,40,104600,7939.094437,0.2271388394,0.08931653471,35,5.960988196,13.75607276,22,5,0,6,333,1,0,2,2
8624,42,24441,3114.291626,0.1090839467,0.02261077707,15,2.869313543,9.930236641,58,13,1,3,2332,1,1,4,1
8625,52,131315,1846.435102,0.23094209,0.141765029,9,9.355226547,14.06939457,34,2,1,3,3085,1,1,0,1
8626,58,39332,5485.299394,0.1506524302,0.1070873414,37,7.102510621,14.27518094,88,18,8,7,4051,1,1,0,0
8627,47,40115,5705.499245,0.1949960468,0.07328110677,40,6.081796143,11.5154797,40,7,6,8,3624,1,1,4,2
8628,34,119405,8274.890174,0.2898005405,0.05462601872,33,3.224280589,5.556270848,96,7,9,7,2722,1,1,3,1
8629,66,107404,4624.570815,0.1466815117,0.03275406049,24,4.680803681,2.667165251,21,5,6,4,2820,1,1,4,3
8630,37,61997,8164.406741,0.1313373513,0.06607707447,0,8.021950672,8.00625269,73,9,7,0,1983,1,0,3,0
8631,65,106151,3182.094526,0.2726672604,0.09711302877,11,3.154675084,4.699346351,0,10,1,5,4046,1,0,1,3
8632,42,33615,5796.145202,0.2717483435,0.100745742,21,2.159714781,2.218276556,45,16,9,2,1335,1,0,1,1
8633,39,34732,2163.880511,0.2978014235,0.120720397,21,3.766182763,6.212948539,21,10,0,3,1798,1,1,0,3
8634,30,45367,3915.914914,0.1697502698,0.07886902818,47,8.150245728,7.456603288,31,18,5,9,1803,1,0,2,0
8635,36,130670,8589.643009,0.1098358469,0.1847805952,1,8.948044752,10.0987992,86,12,2,0,1759,1,0,0,3
8636,66,62738,2238.283115,0.07971311832,0.1042152265,44,4.729269987,3.706520917,29,2,1,4,4884,0,0,0,1
8637,53,131296,8121.370683,0.01988794352,0.09050775762,7,8.031319324,13.09315844,86,5,2,7,4131,1,1,2,3
8638,29,20981,2900.429413,0.220751301,0.01915191399,32,3.990016283,3.188905871,42,1,3,1,4640,0,1,0,3
8639,58,82881,441.4482248,0.07770809038,0.1238128656,4,5.579115215,14.95983155,11,0,4,5,3715,1,1,2,3
8640,36,78609,1188.352244,0.1859258567,0.1245450979,9,1.181660198,8.574747703,82,15,9,9,4530,1,1,0,2
8641,29,107090,7484.207499,0.275811786,0.1208250297,2,7.407962878,2.629214249,70,8,9,7,4808,1,1,1,1
8642,26,110855,2694.502172,0.2855619461,0.1786434143,10,7.468398453,12.59870803,26,0,3,7,3622,1,1,3,3
8643,24,101666,6576.041363,0.01127893885,0.1549511582,29,1.901833537,4.179102029,25,17,7,6,4550,1,1,0,1
8644,45,104351,7022.069137,0.1019517591,0.1748070677,27,4.229246288,3.230538827,17,16,5,8,4369,1,1,3,3
8645,31,28566,3516.672798,0.2528396285,0.02129028581,4,5.351920088,2.454495181,91,15,6,6,3130,1,0,4,0
8646,48,111865,4801.697973,0.1655691096,0.07044402213,11,7.966958022,8.487974404,74,5,3,9,3708,1,1,0,0
8647,69,91885,4097.294196,0.2441775327,0.0705552693,43,8.412458786,13.25023404,65,17,6,5,3870,1,0,1,0
8648,36,138585,9478.755064,0.257463752,0.134838561,44,7.472428404,13.50809652,80,13,4,5,4579,1,1,2,3
8649,64,30728,3267.493737,0.1383616038,0.09523685925,28,2.942622567,11.89146947,60,16,1,3,4034,1,1,1,1
8650,33,125852,1914.898118,0.114105052,0.1577197946,25,4.207066541,8.93098525,45,5,8,7,52,1,0,3,0
8651,22,103911,3719.369144,0.1420756472,0.08304180766,28,3.225725838,8.183313513,28,10,1,1,3125,1,0,2,2
8652,52,137616,6728.205505,0.1993106088,0.05210543969,28,6.734667782,5.919690277,31,1,1,9,829,1,1,1,0
8653,29,107350,7003.890635,0.1164761543,0.06528070298,13,6.82614621,1.138962781,14,2,2,1,2195,1,0,1,0
8654,42,56214,9248.167422,0.2347466037,0.04466924797,35,1.145522435,12.63053844,59,7,3,8,4376,1,1,1,2
8655,69,141463,8829.3694,0.2721579102,0.04759961143,34,7.585401451,14.9923475,81,8,6,7,4445,1,1,2,0
8656,38,77935,2954.373152,0.09187024863,0.05119939393,48,3.065594372,13.85228153,27,9,4,4,2738,1,1,1,3
8657,53,107081,4606.116165,0.2898469968,0.01305799519,7,8.212382951,14.02905901,26,12,6,2,2964,1,1,1,3
8658,40,65588,7497.962983,0.1905903216,0.1460567266,15,8.495331185,5.331733986,40,11,0,3,381,1,1,3,0
8659,33,38953,9173.719078,0.2646689437,0.08592444503,42,8.172784449,1.939934663,46,9,3,2,3247,1,1,1,1
8660,56,88408,3437.933627,0.04013576623,0.01430755306,4,4.673017171,13.13795617,32,13,1,4,3834,0,1,1,1
8661,62,94904,4499.970198,0.08293474975,0.08030143345,15,4.134720267,11.57524319,43,5,5,7,4834,1,1,4,0
8662,59,54103,9004.834877,0.103095533,0.1820199442,40,4.916089762,6.160423879,49,1,1,2,3426,1,1,2,2
8663,56,90949,3648.990344,0.09781842384,0.1071364202,12,5.745130012,12.58687458,9,14,3,3,399,1,1,4,3
8664,31,114805,4857.078563,0.05983973541,0.1974828822,7,3.249279329,2.51166729,23,14,4,8,1878,1,0,3,3
8665,48,69264,9054.590998,0.2617782748,0.1125922921,25,9.384727541,9.940720754,33,3,7,3,955,1,1,4,3
8666,22,40156,8042.207858,0.131397521,0.1929318098,4,5.536584641,14.32406634,90,10,4,4,1226,1,1,0,0
8667,52,33423,2509.966158,0.2893077616,0.04834213847,8,1.658773051,13.70106581,19,6,1,3,1675,0,0,2,3
8668,40,58062,3315.471148,0.1792069864,0.06508761442,37,9.974818817,11.53232136,24,14,9,5,196,1,0,1,0
8669,46,62805,3594.291402,0.05013444434,0.1429943209,1,5.356936363,4.365450409,54,19,7,5,3560,1,1,4,0
8670,60,148301,9136.110887,0.1683123659,0.1974961072,6,9.522899825,1.987173529,89,18,7,5,1189,1,0,4,1
8671,28,21987,9989.443997,0.2981280928,0.1668065081,29,4.51255346,5.208673634,42,13,9,4,3605,1,0,1,2
8672,35,82979,7762.642591,0.1738997893,0.1152040026,16,3.022847223,9.451624862,52,9,0,6,3152,1,1,1,2
8673,64,57597,4894.830395,0.01054211009,0.02617899673,43,7.631920991,5.08933564,84,5,8,2,3820,1,1,3,2
8674,29,103905,200.7207989,0.280593172,0.0792320309,30,4.892448822,6.490158195,49,1,7,7,1322,1,0,4,3
8675,26,47868,7005.13176,0.07811937778,0.02642088311,0,8.933127558,6.352291008,54,6,0,2,1226,1,1,4,1
8676,27,96970,3954.675529,0.2096734254,0.06914345875,27,5.180419843,5.36948754,12,2,8,2,582,1,1,0,1
8677,61,83805,6366.566055,0.1593732449,0.05917049913,29,4.045065946,13.89004786,48,7,8,3,4200,1,1,0,0
8678,34,139779,6106.270238,0.1043757895,0.08382550636,46,9.700101637,5.139312303,96,17,7,1,2719,1,0,4,1
8679,55,100084,4860.23736,0.09196546187,0.1690825521,30,8.473371537,14.90614552,9,14,9,5,2703,1,1,0,0
8680,24,36636,9449.435237,0.2793403601,0.03857156755,23,2.850393766,3.535344961,91,10,6,7,4825,1,1,4,1
8681,63,77467,329.148819,0.2744585098,0.06815215028,30,5.399697014,13.15306268,96,9,5,9,1704,1,1,2,0
8682,30,117919,7150.111596,0.1588091036,0.05961227642,10,2.019849331,11.11888851,10,16,4,8,2229,1,1,3,3
8683,57,127732,4157.414696,0.08496360671,0.06626691296,41,1.969700851,10.19767352,77,17,5,3,340,1,1,0,1
8684,59,37007,7166.52546,0.03967918933,0.07851846021,15,8.68060062,6.957549409,83,0,0,3,1355,1,0,4,2
8685,26,121460,6784.674511,0.05540715103,0.05641923249,8,9.386432266,12.34051325,99,1,0,0,1416,0,1,0,0
8686,67,115747,201.3562255,0.1614530005,0.1890904417,29,7.64949403,7.637174067,19,4,8,8,942,1,0,3,1
8687,44,96864,2924.851102,0.09927068857,0.08981932564,11,9.903130312,2.465334696,71,9,5,1,3772,1,1,2,1
8688,19,23389,1972.006053,0.02219976126,0.03168152039,46,1.407509566,4.567210595,78,11,2,3,3194,0,1,1,0
8689,22,138105,1753.164894,0.1419985417,0.09885513591,15,3.983584759,3.145226519,96,12,8,6,1162,1,0,1,1
8690,46,144535,7311.919173,0.2263948948,0.04504206135,32,2.189118792,8.759394427,82,15,2,7,1162,1,1,0,2
8691,54,29458,2471.558356,0.2685915836,0.05106482208,5,8.038166529,10.00337962,47,2,8,9,3536,1,0,4,0
8692,55,88481,4799.902388,0.1797323732,0.06415786935,44,9.013717224,5.371052613,75,3,4,1,112,1,0,3,0
8693,36,94888,2545.191053,0.2197547159,0.03370437264,0,5.024066854,1.072979172,16,15,0,5,3553,0,1,2,0
8694,25,96022,5844.314852,0.1155804366,0.1470125972,12,8.462843383,10.05169536,32,9,4,0,1943,1,0,2,0
8695,65,61400,7233.680304,0.153909072,0.1604698302,36,8.628594531,1.398416614,19,13,9,9,4713,1,1,2,0
8696,62,87628,3377.639913,0.2215917884,0.08491413516,34,2.257214152,14.50226573,45,18,1,6,3575,1,0,1,2
8697,18,71857,6069.906398,0.2210208859,0.1409085825,43,4.392870681,13.36552727,30,4,1,1,4383,1,1,3,0
8698,39,84367,8266.062267,0.1331126167,0.08390131513,25,2.692254081,12.54778334,50,18,0,5,614,1,1,1,2
8699,69,56527,1032.820423,0.1676635291,0.04117469149,41,7.030458648,5.829372914,82,10,9,9,921,1,1,0,2
8700,34,90648,7135.638931,0.2779180485,0.08546193165,8,4.485979852,11.30239706,18,16,3,2,4497,1,1,2,2
8701,24,36937,3299.13495,0.1932793054,0.1158276051,16,7.009973332,1.164863457,61,6,3,8,1739,1,1,3,0
8702,42,57672,1314.23457,0.1963466414,0.01778891967,37,8.8828865,1.79970302,43,3,4,3,3817,1,0,2,2
8703,62,131562,5501.976655,0.2375398848,0.1343520342,45,4.714771093,7.670919211,76,14,3,1,1114,1,0,1,0
8704,21,21112,2339.996961,0.04341463993,0.1510955141,34,9.747313828,9.008097694,37,3,1,1,3444,1,1,1,2
8705,53,55545,8231.481747,0.1616364446,0.173394349,24,4.677526667,11.62078532,48,15,4,7,2657,1,0,1,0
8706,23,117276,524.6695044,0.2882352035,0.02952640645,49,2.923611896,4.81685662,64,18,7,1,3392,0,1,2,1
8707,48,109017,1076.663673,0.1148815137,0.01001778283,6,5.763455483,8.367771833,10,1,5,9,846,0,0,3,1
8708,36,68355,5257.861647,0.09552858246,0.02392061011,40,4.591346804,1.40686735,26,10,4,1,2858,1,1,3,2
8709,61,95561,5930.523662,0.18435031,0.1855821927,46,2.125013574,7.327582319,57,18,6,6,666,1,1,0,3
8710,56,54082,7325.877979,0.07412463312,0.155455587,30,1.208727492,10.2332765,63,13,0,0,3266,1,0,2,3
8711,44,138181,2666.68121,0.1712240954,0.1687327729,31,7.696037553,14.84980309,64,11,5,0,4218,1,1,0,1
8712,27,80482,8433.428041,0.05513908315,0.1082326215,47,9.395735381,11.63542563,14,18,1,5,1023,1,0,0,2
8713,43,99098,9536.109164,0.1781401036,0.1100767762,18,4.964270674,14.934485,81,9,4,9,501,1,1,0,2
8714,36,31304,5040.489106,0.1846899633,0.06671606207,16,1.588663696,7.719776622,88,7,9,7,4730,1,0,0,2
8715,56,142978,7629.260513,0.1313361389,0.1701230799,5,7.665787984,6.777808463,0,16,3,9,830,1,1,1,3
8716,20,76625,5295.99871,0.1209964634,0.1676562208,24,8.803647696,12.59599224,18,7,6,7,4274,1,1,0,1
8717,62,92551,787.7235912,0.08118290074,0.08451255569,32,3.912877775,7.204583901,55,8,8,6,732,1,0,3,2
8718,30,64885,3328.503977,0.1059674693,0.07256074339,18,2.998137456,11.46400269,63,13,8,3,1864,1,0,0,1
8719,67,144359,966.1182273,0.1545203305,0.1502909215,14,4.033509393,14.92029438,33,14,9,5,1294,1,1,1,1
8720,45,91246,9889.903281,0.0818210813,0.01497194628,34,9.174837261,11.00664071,63,15,0,8,3456,1,0,4,0
8721,37,32588,2367.35653,0.2370219944,0.1733902907,48,4.761650155,0.7073914068,9,7,6,3,2596,1,1,4,3
8722,45,135910,6395.414152,0.21562022,0.09478711797,31,6.887421371,3.114108502,75,2,6,7,4617,1,1,4,1
8723,25,148658,2915.016509,0.08809870147,0.09385540684,37,1.669195875,4.505886668,59,1,4,7,4769,0,0,2,0
8724,58,40967,6567.137532,0.0382561973,0.137124791,35,3.533850176,12.42096436,38,0,7,5,4840,1,1,3,3
8725,56,107440,2182.97674,0.01005221131,0.1326923785,31,3.052232896,14.01593266,65,7,9,6,4810,1,1,1,2
8726,18,44256,7874.173653,0.1830484672,0.06053507255,31,1.563618171,9.920615591,31,5,3,0,687,1,1,4,2
8727,20,78348,1197.034868,0.07129548647,0.1892229349,39,2.0855117,1.776538973,50,10,0,1,1973,0,1,1,0
8728,30,45052,8961.988961,0.01364891633,0.1974026961,35,4.749439069,7.743103775,25,2,3,9,3693,1,0,1,2
8729,45,148121,8420.174756,0.1141347285,0.1099379127,33,6.022043643,12.95611458,56,13,1,9,2627,1,0,2,0
8730,66,100972,6820.192702,0.2889795541,0.1166623517,9,3.807269595,5.751691888,83,4,2,4,3913,1,1,4,0
8731,42,107351,767.4048087,0.2100834142,0.1153204131,43,4.775515074,1.446468683,59,19,3,3,2287,1,1,0,2
8732,50,78479,2164.83338,0.2587514738,0.1022996076,32,7.835433246,11.8039198,54,12,6,4,649,1,0,1,3
8733,55,100732,8607.679797,0.0519743385,0.1895855402,43,3.224681467,10.02823558,5,4,8,4,2673,1,1,4,0
8734,23,80200,1307.5469,0.03125356484,0.05650296531,9,1.307101462,7.271084513,6,4,3,9,627,0,1,1,3
8735,61,103625,1643.727753,0.01334363142,0.03051205349,43,3.31289936,12.82218887,65,9,1,2,2416,1,0,2,3
8736,62,135205,5485.632905,0.2871420641,0.186613984,34,9.292611853,12.82082818,80,12,9,5,3817,1,1,2,0
8737,49,103140,2814.356653,0.09705879325,0.0504772797,21,1.162227098,10.6639123,25,9,9,0,3176,1,0,0,3
8738,62,22506,2298.549429,0.1432564333,0.1523395172,22,2.160456846,14.16361538,94,7,3,3,2506,1,1,2,0
8739,64,118120,5800.552975,0.1244118508,0.04873592875,6,1.585725494,7.082188583,97,1,7,9,4006,1,0,4,2
8740,38,40709,3788.509097,0.2218325113,0.192435343,20,4.392342594,11.06946904,81,1,1,9,424,1,1,2,2
8741,33,78535,1491.542978,0.09988981577,0.1603131364,0,6.82973087,12.54488572,77,18,7,3,4490,1,0,0,2
8742,38,64840,5395.052299,0.165281336,0.1845564527,12,9.193097469,9.716118973,4,9,4,8,1071,1,1,3,2
8743,28,134440,3931.422792,0.2987188568,0.1906871158,8,8.146600153,8.520099581,86,14,1,0,3193,1,1,1,2
8744,54,132647,7371.716065,0.1387784299,0.02604063301,47,3.256353218,11.11397497,0,15,7,8,3015,1,0,1,3
8745,53,80587,1117.278879,0.1698687468,0.09234388261,49,6.713559486,5.640326632,83,9,1,7,3832,1,1,4,3
8746,52,79321,6244.071115,0.1557331381,0.133139064,46,6.974601613,5.813239067,1,9,3,9,2360,1,1,0,3
8747,36,123783,4421.283937,0.2429239859,0.1624666598,19,1.814612249,14.66089313,64,19,1,1,3495,1,0,0,1
8748,37,63202,4120.012563,0.08738349967,0.05587963144,46,4.844208209,2.223146902,9,18,5,1,2299,1,1,0,1
8749,35,76588,2399.648111,0.05942702468,0.1837749233,46,3.801249435,12.70896032,49,3,2,3,3900,1,0,1,0
8750,64,23090,401.2176792,0.2286870159,0.05198550253,9,2.414025398,11.93681583,50,1,6,5,2099,1,1,2,1
8751,58,124801,8492.123024,0.130529274,0.1745735163,25,1.528044859,1.28532417,68,8,5,2,3739,1,1,1,2
8752,66,79231,3331.459852,0.2749805426,0.1074153901,49,1.244221958,10.70078446,40,10,0,8,4338,1,1,1,2
8753,31,41552,6842.801293,0.1968061929,0.1079302127,46,8.728557844,1.861309822,57,2,8,6,4172,1,0,1,2
8754,32,114671,9481.115258,0.1736595024,0.08106106694,43,3.975782076,3.552269224,76,6,6,0,2345,1,1,2,0
8755,48,100227,5693.403951,0.0304325459,0.02966599397,0,5.437667626,14.39410587,67,5,0,9,4429,0,1,3,0
8756,18,125297,4031.754335,0.2218194525,0.07594711199,44,3.624690765,5.751182948,23,0,3,3,353,1,1,4,0
8757,20,53741,2755.908307,0.208951706,0.09107997585,16,2.492702768,1.32362635,90,11,3,2,3080,1,1,3,0
8758,33,41661,9347.033547,0.1956208581,0.1010140007,16,3.351703024,8.057372664,55,17,5,3,2310,1,1,3,3
8759,40,61025,6852.560499,0.08769376184,0.1504281052,38,2.529874859,3.492994595,99,8,2,5,35,0,0,1,0
8760,28,26092,6686.285793,0.2845544033,0.07689332099,42,7.820897874,6.681773332,35,4,1,2,1805,1,0,3,0
8761,29,55674,4318.967419,0.1032799868,0.08725264346,11,9.167623414,1.974040552,1,12,2,8,4681,1,0,1,1
8762,27,20570,8465.982257,0.05414697746,0.1821587344,40,4.910514755,1.891548899,95,17,3,9,754,1,0,1,3
8763,49,32084,7165.354651,0.2962883349,0.152987786,14,8.406318923,7.8100735,55,14,7,8,80,1,0,4,2
8764,33,85843,2903.514391,0.2264114209,0.01434259621,0,4.832082189,5.370220515,80,14,7,3,329,1,0,0,1
8765,25,80752,6035.828734,0.1302881959,0.164296864,31,5.021036201,2.751419642,11,5,0,8,3479,1,0,1,0
8766,55,89278,4358.920151,0.281415765,0.1980893456,10,5.366041059,8.915379955,11,6,8,1,806,1,0,3,2
8767,29,127278,165.242612,0.03642403857,0.1885558709,4,8.382126895,1.401785788,84,12,3,8,3326,1,0,4,2
8768,41,114328,8095.471972,0.03542175276,0.1688316209,17,9.426922375,11.41471313,71,11,3,3,2470,1,0,3,2
8769,45,20765,1316.020454,0.2079107954,0.129543012,49,7.699988005,1.244402862,21,9,3,9,4519,1,0,0,1
8770,25,146355,5148.549609,0.06161189403,0.06285650321,17,8.995989744,14.57038021,73,0,6,3,2190,1,1,2,3
8771,45,127268,3428.639312,0.2759704594,0.1343418162,22,6.784531039,11.16655843,83,10,1,9,4749,1,1,0,3
8772,53,44198,3486.681508,0.2537041605,0.1421625695,6,8.553316326,13.5095839,61,15,6,2,2446,1,0,4,2
8773,43,81201,4825.912346,0.09884649499,0.0634960506,45,6.011413081,6.879261707,63,0,9,1,4094,1,1,0,0
8774,25,93271,9970.52873,0.2677634789,0.05851262864,25,7.954352289,1.342175077,27,17,1,7,3473,1,0,0,3
8775,67,101738,4142.958838,0.02243742923,0.08541553323,0,7.347263714,3.82688154,88,10,2,4,389,0,0,4,3
8776,45,67199,1905.059375,0.1691049773,0.1318179241,27,7.743358342,14.580877,27,8,4,9,1287,1,0,4,0
8777,45,31377,6174.702747,0.2813132044,0.06568183116,19,3.10938989,9.473927942,3,13,0,5,3693,1,1,3,1
8778,54,131578,2439.24831,0.2580610639,0.1155766392,40,2.383759068,3.804139111,44,10,7,2,3985,1,1,1,1
8779,58,99833,1144.936453,0.1132612639,0.1808551064,47,6.87726571,7.500854998,89,0,5,3,3294,1,0,2,0
8780,53,28036,596.7243035,0.06303242622,0.06606906173,22,5.345985241,5.102899739,12,10,3,1,3172,1,0,2,1
8781,44,60364,326.5246128,0.07105677064,0.1935350099,31,7.881940558,7.600907296,82,8,2,2,3735,1,1,2,2
8782,34,135227,4368.530018,0.1592072846,0.09993611595,37,2.31853898,12.63105024,97,1,6,9,1498,1,0,0,3
8783,26,109905,4324.585221,0.1830641537,0.02917258415,38,9.529233567,3.727054617,79,9,5,4,3031,1,0,4,1
8784,50,120353,1936.899461,0.01951615182,0.02045748481,17,7.336334061,6.28677648,3,2,8,3,4986,1,1,4,2
8785,37,137971,7861.788632,0.1299299522,0.07434815772,32,1.206901451,6.968304774,60,12,1,9,2036,1,1,4,2
8786,30,57443,1379.779216,0.2508122635,0.05916420178,24,6.188804666,9.012274751,83,10,5,9,3979,1,1,1,2
8787,45,21663,9161.640207,0.1388553956,0.1703055322,31,3.813579809,1.62706336,25,17,9,1,2214,1,1,4,2
8788,65,59244,5917.002179,0.05906086338,0.1501513001,47,3.472084863,3.501668,93,13,0,1,1242,1,0,4,2
8789,46,78391,373.4021234,0.286909485,0.1780637945,49,9.119482079,6.268573939,5,4,3,5,3484,1,0,0,0
8790,30,97564,9633.428995,0.08721990658,0.1219581647,49,8.523537515,12.23544038,76,7,3,8,1024,1,1,3,3
8791,63,105359,3148.61847,0.241544197,0.09273687704,27,1.085982435,3.209210376,55,9,8,6,4224,1,0,2,3
8792,52,35077,4554.7521,0.06620030824,0.06140790634,12,2.635042692,13.28209496,99,5,8,7,4772,1,1,0,0
8793,23,77849,2914.260061,0.1327200915,0.1207906785,18,7.475786541,5.417878138,80,14,7,3,651,1,1,0,0
8794,35,125447,7311.370851,0.1522225365,0.1274247079,2,8.633715659,4.180670543,26,7,7,1,2630,1,1,0,2
8795,68,39631,4908.234185,0.1551842358,0.08466003711,26,7.458433979,6.436043322,34,3,4,6,1260,1,0,2,1
8796,22,72652,1410.492298,0.1597774217,0.1879531301,16,5.727736715,8.528762254,96,8,2,0,3759,1,1,0,3
8797,64,87446,1131.619128,0.0752347868,0.1315913718,42,9.861194512,11.14262523,81,4,9,0,4761,1,1,3,1
8798,42,53500,7281.216592,0.1596155014,0.1691214281,28,8.17551671,7.415659408,57,18,4,4,408,1,1,4,3
8799,19,39897,2447.105909,0.1496966986,0.127874242,48,5.211354846,12.36104306,83,16,9,2,3753,1,0,3,2
8800,27,78915,1464.154409,0.07052865417,0.07014198921,43,6.251288375,12.37177224,62,1,6,5,2584,1,0,4,1
8801,47,57377,5044.33321,0.2965755523,0.14995764,43,1.403371095,0.5252292647,32,12,7,3,3608,1,0,4,3
8802,67,96670,8047.376347,0.2610133839,0.05374836087,47,9.682618062,11.9779549,94,16,7,6,1944,1,0,0,3
8803,62,122760,2859.949184,0.2673971418,0.1233557793,32,4.264648748,6.919926744,82,13,1,0,784,1,0,0,2
8804,22,46897,2836.672956,0.2088156046,0.08644960517,27,6.95367125,14.52276474,96,10,6,5,4426,1,1,2,1
8805,50,67280,8355.424477,0.0563701389,0.03847812507,19,7.00255203,12.39328401,80,6,3,1,3860,1,1,1,2
8806,18,121639,1563.554566,0.1747466985,0.08851570935,44,1.512478295,6.068103594,32,1,3,2,2378,1,0,3,1
8807,35,133849,6205.603159,0.2482174932,0.0689533576,33,3.392675868,9.702176208,99,2,8,9,4484,1,1,2,1
8808,49,131118,9554.633482,0.02123358172,0.03132219552,15,6.905728474,3.316534735,68,10,6,4,4705,1,0,2,3
8809,64,77320,8428.901181,0.1537945,0.1665273634,38,9.209417647,4.710067048,39,2,4,5,2456,1,1,3,0
8810,66,92592,711.9708144,0.1248756352,0.1047306857,1,8.007697313,3.43052875,46,0,4,0,4480,0,1,3,1
8811,28,114486,3267.117678,0.0715161716,0.07580769173,49,6.221245813,11.39176654,44,18,6,4,2039,1,1,4,1
8812,38,88289,1509.507209,0.1196925011,0.1059432074,27,3.092361512,0.6191322756,26,13,8,2,3232,1,1,1,2
8813,43,51941,9497.482313,0.2952142782,0.1533707923,16,9.539582903,6.40546004,6,16,5,8,1997,1,0,0,1
8814,42,119676,9860.821506,0.2197405646,0.01347612471,47,4.633015436,12.64470698,57,18,9,7,3758,1,0,1,1
8815,39,34234,2426.430903,0.0968657532,0.1138828345,19,2.34914509,10.7816604,13,18,6,9,4923,1,1,1,1
8816,44,95172,6730.020544,0.1855529649,0.1010386488,17,1.194749786,6.615438979,3,18,3,2,3114,1,1,0,1
8817,66,23376,8432.154147,0.08153030968,0.1796833364,27,9.55135861,9.679128555,81,18,8,3,644,1,0,1,1
8818,30,50783,2413.434816,0.1871447336,0.1156346152,27,8.00123849,6.761069496,33,0,7,9,857,1,0,2,0
8819,50,61249,1958.03828,0.26988834,0.03609134008,15,2.947458874,12.73810898,79,10,8,3,3774,1,1,2,3
8820,51,63025,210.9891301,0.171494272,0.0838498109,32,2.275993004,8.802723247,90,0,4,8,1793,1,0,0,1
8821,58,36447,4178.428324,0.2226685929,0.1280031807,20,9.635300917,9.672963038,37,6,0,3,2562,1,1,0,2
8822,52,105865,9004.430878,0.1414683096,0.01872742334,4,3.167123328,14.83500788,19,7,7,8,2017,1,1,3,2
8823,18,36713,9039.498526,0.1619959361,0.1780833285,46,5.157432594,11.66655585,45,6,7,3,3816,1,0,3,1
8824,38,148869,1364.656962,0.2115717728,0.02287864474,44,6.497681753,4.646412674,18,14,6,5,1162,1,0,1,1
8825,65,24858,2123.089557,0.2455974515,0.01581231429,36,1.561423704,11.70812484,0,15,6,4,765,1,1,1,1
8826,23,71115,4139.668576,0.2012409021,0.01038295908,17,4.099899209,13.96305785,22,7,4,5,3810,1,1,0,0
8827,45,105008,7828.182997,0.2934726782,0.1399114534,4,9.492761562,4.778606022,61,9,7,7,3186,1,1,1,3
8828,34,79834,6157.329687,0.2477485505,0.09662481657,47,7.303128895,12.35084059,72,3,2,8,3012,1,0,4,2
8829,22,102060,5187.112461,0.2353764593,0.0295353619,42,4.310067104,3.948410816,27,12,4,1,860,1,0,2,0
8830,48,131923,5960.125654,0.2550794579,0.1726796193,10,8.125571798,6.793484373,83,3,9,0,2976,1,1,1,0
8831,22,24539,1052.376969,0.09155117127,0.04851685208,21,8.534681317,10.50750744,79,18,9,1,413,0,1,1,1
8832,55,83983,4828.870058,0.1352936746,0.0720015902,22,2.366014162,4.031149159,76,5,8,3,4940,1,0,3,3
8833,20,38857,9921.426566,0.1736942463,0.04376708003,25,6.279349866,3.215781794,32,15,7,5,3635,1,1,4,1
8834,40,123898,975.6168547,0.1440920323,0.1860836966,26,4.300791405,7.206883044,2,6,8,4,1132,1,0,1,2
8835,54,122207,5240.542109,0.2557627673,0.1540326888,2,5.561767663,11.85642222,78,12,7,3,648,1,0,2,3
8836,54,25364,3026.92769,0.01784987013,0.1475511454,41,5.221566763,9.140016612,15,2,5,7,199,1,0,1,1
8837,27,85985,5445.141639,0.070660871,0.01835924571,1,5.534416243,10.66761168,29,17,6,2,3458,1,0,0,2
8838,27,79169,5780.805724,0.2656948969,0.1093133238,16,5.697532336,10.49451826,24,16,5,0,431,1,1,4,0
8839,36,106366,5816.981691,0.02713903993,0.119335963,2,1.623307765,8.395234379,77,2,1,8,851,0,1,1,2
8840,34,41078,8536.866975,0.07582660805,0.08267895962,2,2.59924911,5.076347547,0,19,0,6,1332,1,1,4,2
8841,38,57574,3958.499405,0.1118625958,0.07113368756,39,6.095778152,6.614812766,32,3,0,3,3137,1,1,1,2
8842,31,20869,5211.90621,0.2277147626,0.1718691434,15,9.42431378,6.018996858,36,10,6,9,1775,1,0,2,3
8843,26,124383,208.1911498,0.1724524019,0.01437315236,11,7.718642519,1.646510828,28,17,7,9,2309,1,0,2,0
8844,63,82624,7916.550956,0.2868353638,0.1288174212,0,3.147788471,13.52770279,36,18,0,0,682,1,0,4,3
8845,18,60075,2668.928303,0.07608375437,0.08490691365,3,4.255462726,9.806896693,60,7,0,8,4833,1,0,3,0
8846,68,113676,8183.894738,0.2629149174,0.1365306294,16,4.018420948,12.92924048,7,12,6,2,2783,1,1,3,1
8847,62,23659,2729.822797,0.09204491203,0.0476043337,18,7.925650077,11.75287676,0,17,4,3,2258,1,1,0,1
8848,30,56370,206.806113,0.08119449515,0.05534527738,3,9.749771506,1.490281654,62,0,8,3,2684,1,1,3,2
8849,21,126888,1632.83005,0.1545288074,0.1215022233,46,4.198652095,3.636452141,87,19,8,0,1373,1,0,4,2
8850,18,78185,9858.260735,0.03064930652,0.1961883238,38,1.132846263,14.28565226,64,16,6,3,3168,1,0,3,3
8851,66,137136,3266.032335,0.1214490338,0.1951898808,19,9.431942068,7.197992844,45,2,6,9,1724,1,1,0,0
8852,57,99921,1177.35663,0.1131460308,0.05730638692,48,7.779053368,12.2731343,42,6,1,1,4777,1,0,1,0
8853,49,63751,1275.712156,0.05642945115,0.02944669576,40,8.509201227,8.844412646,9,5,1,3,1216,0,1,3,0
8854,51,82758,3172.392869,0.2596305051,0.1221652152,38,2.878126807,12.4416473,81,14,9,6,3327,1,1,4,2
8855,45,142280,472.6859071,0.1219079967,0.08979669553,3,6.810915402,11.15181908,84,6,0,7,4375,1,0,4,2
8856,48,104873,5163.737022,0.2947568521,0.1547204755,16,3.09437828,4.556105952,9,6,6,6,4898,1,1,0,0
8857,25,25131,2216.035063,0.2709153052,0.1103169078,14,1.10455572,14.87261078,61,11,4,0,1048,1,1,0,2
8858,56,21358,5241.17535,0.06649510288,0.1070114931,40,2.413597928,7.612553924,85,8,0,3,270,1,0,2,0
8859,43,143870,1493.565765,0.15648543,0.132827375,27,9.305263417,8.982415217,50,8,6,6,4122,1,1,2,3
8860,51,111150,4355.586567,0.1845232001,0.03401950452,15,2.937877925,8.336307979,44,10,6,5,398,1,0,2,1
8861,20,77371,6019.376898,0.2474985459,0.1386607286,5,6.266279347,13.3351396,72,9,9,5,1531,1,0,1,0
8862,67,102307,713.7993895,0.2668363974,0.1028187431,27,9.71211902,4.558404153,72,9,2,5,3945,1,1,4,2
8863,29,99139,4047.618162,0.1909652261,0.1658279425,31,1.681176916,1.394830262,44,14,2,5,726,0,1,2,3
8864,18,36246,3094.985828,0.02018891891,0.0363542984,16,8.271434295,6.707345639,84,15,3,5,192,1,0,4,2
8865,61,37216,2479.562183,0.1495701704,0.06714193933,24,6.378012286,13.8156229,57,7,6,5,3984,1,0,0,2
8866,22,61209,6084.892798,0.2665930255,0.1905468111,38,3.910598324,6.870029963,94,12,6,7,2874,1,1,1,2
8867,47,62987,5926.565659,0.2170859847,0.1150838471,16,4.27829098,4.524641337,65,8,7,1,3338,1,1,0,0
8868,47,128024,6343.928086,0.262341163,0.18656719,45,1.24464474,9.468191367,23,13,8,0,2396,1,1,4,3
8869,34,40577,1672.938437,0.205483139,0.1409166696,14,3.302517133,11.1944421,96,19,4,5,1209,1,0,2,0
8870,65,136526,2928.521524,0.02277015285,0.1860219593,49,4.810604907,7.209972219,74,17,9,6,694,1,1,0,1
8871,64,62320,2175.819902,0.2907219303,0.07038699403,17,7.452222126,6.010401441,64,1,7,9,3697,1,0,3,0
8872,40,148038,5450.985689,0.2762253768,0.02720141409,45,3.473005974,5.785314185,54,8,0,8,2412,1,1,1,1
8873,32,31301,4664.550323,0.04670806657,0.1624259353,19,6.222790805,6.609032537,50,9,1,2,1612,1,0,4,3
8874,54,95051,3369.908002,0.04268043838,0.162849063,22,7.585190365,12.71873675,71,19,7,0,4187,1,1,2,3
8875,38,112338,7881.546608,0.1663327651,0.127577091,4,7.286777978,7.497126683,72,10,7,5,3649,1,0,0,0
8876,31,146560,1030.34007,0.229544742,0.1201183386,38,6.312623626,5.058162617,20,9,8,9,3840,1,1,1,0
8877,19,20891,9751.477219,0.1208302315,0.1838325524,11,6.221722212,3.143566789,46,18,6,4,3564,1,0,2,2
8878,28,41972,1253.78637,0.04955082743,0.04353470873,16,7.49089815,4.597934082,21,0,7,3,2895,0,0,0,1
8879,68,70457,7753.401044,0.1580612686,0.1271422146,29,4.019605859,7.209582109,28,13,1,9,798,1,1,4,2
8880,56,133389,3745.478873,0.1078941795,0.01945641606,18,5.051934122,8.443302348,39,8,7,9,3450,1,1,3,2
8881,55,74435,8666.096068,0.1120138671,0.03676433798,31,9.695501739,9.511594873,2,4,2,6,2065,1,1,3,3
8882,51,40932,834.282493,0.1970458057,0.0930817462,15,7.017416682,1.535001546,48,11,9,4,2221,1,0,4,0
8883,55,24192,3809.744931,0.2668263488,0.1660294002,1,5.679029772,9.390978526,24,19,3,3,1561,1,1,1,3
8884,67,36128,3420.889724,0.1719916019,0.1492952112,11,6.204808745,5.603901057,81,17,6,9,1704,1,1,4,0
8885,51,42836,9932.254678,0.2094047281,0.1950722343,48,1.939859075,4.226061897,10,16,6,9,3439,1,0,0,3
8886,35,44837,9856.935049,0.2013846275,0.01852124321,2,6.327898802,5.300367415,93,19,5,9,3357,1,0,1,3
8887,47,137028,1979.059191,0.1698323958,0.08245692158,7,8.528490717,11.87475018,88,7,0,8,1197,1,1,3,3
8888,32,136481,6336.474911,0.1001198622,0.0401702523,36,5.712541202,12.14767684,74,0,8,7,3259,1,1,0,1
8889,44,145176,5401.642257,0.1195603136,0.01702264397,23,2.592079794,2.004489991,97,3,2,3,2733,0,1,2,3
8890,68,145172,1628.297563,0.1015541016,0.0602355357,48,5.033889212,7.672770214,87,11,9,3,3288,1,1,2,1
8891,51,42778,1761.01909,0.276074448,0.0564496504,24,3.502213926,8.177726844,47,15,3,9,1497,1,1,2,3
8892,69,63130,9893.592112,0.2497194144,0.08980526651,24,4.237667527,0.9381068593,31,4,1,8,2633,1,0,3,0
8893,55,36708,4582.026937,0.1780107381,0.0366154295,13,3.025080993,10.89741683,2,17,4,7,1536,1,1,4,1
8894,50,127481,1345.432791,0.2745506066,0.1028278401,45,4.005201752,5.818513264,44,17,5,6,4498,1,1,1,0
8895,41,44232,2226.421384,0.267058521,0.1848186822,35,8.395284873,6.560966983,88,18,5,0,514,1,0,3,0
8896,32,77266,2756.645866,0.2790313759,0.152155897,14,7.819355481,9.343961297,19,12,0,3,1493,1,1,0,0
8897,47,59412,5158.080907,0.07431441872,0.1700136926,31,5.414852039,7.299636345,19,0,3,0,4965,1,0,0,1
8898,59,24782,3421.926482,0.218075881,0.1628984327,1,8.042516519,11.34527362,50,7,9,4,1126,1,1,2,2
8899,68,81196,4604.61668,0.186675105,0.08402900392,20,9.780086656,9.139949919,80,0,3,3,3062,1,0,1,1
8900,34,46315,1748.345556,0.222810885,0.1447025969,3,4.655300559,3.777506176,19,19,2,6,1656,1,0,2,2
8901,22,30052,3334.614037,0.08638001554,0.1533086855,28,9.819884719,13.1220736,81,6,6,7,2638,1,0,0,1
8902,46,39521,796.1342679,0.2114946307,0.04907314008,48,3.213155346,3.628995265,13,18,3,0,3390,1,1,0,3
8903,21,89434,8908.131707,0.1288502694,0.1734498497,28,9.590840363,10.84622485,97,2,6,4,844,1,0,4,2
8904,27,102755,2067.649524,0.2518866209,0.09697200572,22,8.779904096,11.98703529,79,17,2,9,1403,1,1,4,3
8905,34,89690,7593.311341,0.2406560603,0.01310835051,2,2.792178635,10.48009185,31,17,3,6,2116,1,1,4,2
8906,27,55546,3560.562703,0.07129370715,0.1322429806,20,4.148591527,6.616165263,71,5,2,2,2618,1,1,2,1
8907,34,99345,4796.533458,0.06331803016,0.1385849875,15,7.371289769,13.2303181,41,19,3,8,1451,1,0,1,1
8908,37,45972,2983.484291,0.2181421992,0.1148348364,43,2.724589749,5.251645865,79,13,9,7,2284,1,1,4,2
8909,41,124713,6994.768584,0.1696377195,0.05035890716,19,6.316358801,10.46260584,38,6,3,4,3570,1,0,3,3
8910,22,144556,8461.009551,0.1715897141,0.1016328252,34,5.813264161,13.22611438,37,10,3,2,4963,1,1,4,0
8911,51,98059,2934.074829,0.2282294438,0.08602421555,4,3.626866738,2.753704934,63,4,2,2,506,0,0,2,2
8912,23,84385,2497.954672,0.25794153,0.195190354,47,3.704800958,9.963210572,3,12,5,2,878,1,1,1,2
8913,19,122617,6846.258628,0.07929953118,0.1666889026,25,5.646774435,13.5639089,98,12,4,1,2292,1,1,4,3
8914,30,42030,2032.0153,0.1711064686,0.154760925,6,3.698644615,1.994678382,91,0,5,0,2999,0,1,1,0
8915,60,144717,6434.41368,0.2503968658,0.04440400357,15,2.62229226,2.613422211,62,1,6,0,3223,1,1,3,2
8916,60,60376,1034.837989,0.2631103096,0.07289760331,16,7.960228272,5.984706511,60,17,3,8,974,1,0,0,0
8917,65,105641,6239.357884,0.09334872262,0.08214524876,1,6.235854375,14.91750613,77,3,8,6,1593,1,0,1,0
8918,28,132021,5182.726667,0.04020461841,0.1035992311,11,4.938724365,3.747068886,4,13,0,6,2966,1,1,4,1
8919,68,109831,1227.666584,0.07751874362,0.01574265729,12,2.631228263,5.208443541,65,4,7,9,552,0,1,2,3
8920,64,97400,6526.125985,0.2841948591,0.1226717533,4,6.3492893,12.60890254,44,15,1,1,3514,1,0,2,2
8921,40,129518,4520.915855,0.1441191166,0.07799274335,15,6.657459308,2.395778683,49,19,2,3,2701,1,1,2,2
8922,33,98412,2249.439003,0.1313863993,0.1167186576,27,5.31780059,14.9449925,87,2,1,7,1512,1,1,2,0
8923,48,38055,3598.503141,0.01379446113,0.01170589301,7,4.354654714,11.21349413,2,19,9,5,42,1,1,1,2
8924,28,119220,4971.810846,0.02479425805,0.07107229641,27,8.805220589,14.40797015,22,13,5,3,102,1,0,2,0
8925,33,107508,1006.38685,0.2039218195,0.1560465506,45,7.343288265,2.593770921,10,4,4,9,1418,1,0,0,2
8926,25,45493,9580.333883,0.1810498499,0.105205495,7,4.205542897,3.870341253,37,11,6,2,3157,1,0,3,3
8927,21,94861,6689.065347,0.1769032066,0.1598885924,28,6.337814041,5.876235129,55,12,8,1,3170,1,1,1,2
8928,57,141184,1115.096315,0.04199363405,0.1428024746,17,3.103580217,1.2396646,34,15,6,3,4510,1,1,1,0
8929,21,136524,8246.335625,0.1120977392,0.1724349093,43,1.103229694,1.380028841,64,15,8,3,337,1,1,2,0
8930,42,136826,3293.293816,0.2455838602,0.01141428182,42,8.819625739,13.60541061,5,18,4,0,4141,1,1,2,2
8931,20,56775,6008.315413,0.06072425494,0.05965184345,15,8.37000125,1.119849811,69,3,2,7,3277,1,1,1,2
8932,49,71057,2843.714132,0.2659793028,0.1142723281,25,6.754628763,11.37441564,39,12,2,7,664,1,1,2,0
8933,20,105909,7360.718855,0.0452287071,0.1887934346,21,8.301822691,10.90581385,89,17,3,5,4504,1,1,2,1
8934,44,56253,7257.788853,0.05905330574,0.1391601342,14,8.02740348,1.555811819,34,12,1,4,3289,1,0,2,1
8935,46,106717,5565.230223,0.1485474887,0.09675186939,12,8.742306072,3.220718594,12,11,2,0,1193,1,1,2,2
8936,49,145000,2485.163365,0.2841369723,0.0347268528,21,9.026776227,7.094850933,24,18,8,7,11,1,1,2,3
8937,67,71884,2611.667694,0.1055688267,0.1037109174,20,8.369229195,9.804029202,85,16,8,6,2015,1,0,4,2
8938,68,142402,3890.341687,0.2008832181,0.09380652477,49,8.665738402,13.4894893,80,9,7,2,1573,1,0,4,3
8939,36,96497,1535.620457,0.1807146642,0.1579042222,23,5.51526216,8.139062492,77,6,1,6,4917,1,0,4,2
8940,38,37705,3442.791561,0.05339056459,0.08853624169,0,7.372066928,14.07731822,66,13,8,6,3540,1,1,1,0
8941,22,64676,6875.110552,0.0819684014,0.07057923422,28,3.999219812,3.258704585,67,6,4,1,1424,1,1,3,2
8942,35,121658,8325.368273,0.2797443041,0.02704673967,0,8.750186872,9.530310278,98,0,7,9,1524,1,1,1,3
8943,45,111640,3392.564676,0.06360059086,0.01883520215,0,8.727315726,12.74728631,46,13,5,2,2847,1,1,4,3
8944,59,99045,2412.543557,0.211552868,0.09343554123,8,1.595282311,3.883207474,54,2,1,6,1341,0,0,1,2
8945,39,27101,8343.161526,0.2897614,0.07590377611,20,4.123178626,11.93390741,91,8,0,8,1092,1,0,3,2
8946,38,82495,8917.969871,0.04465673774,0.1155115922,13,2.543003228,6.304193794,42,10,3,5,899,1,0,2,1
8947,23,24743,4159.213081,0.1257627772,0.1452664031,27,2.222199422,14.99455053,1,14,3,9,1132,1,1,0,2
8948,18,28951,366.3511231,0.07494032189,0.01760129458,17,4.734034964,1.827496061,44,4,6,3,1747,1,0,4,2
8949,22,27014,6980.120047,0.07425284005,0.1042812508,32,6.630952575,8.522448475,47,18,1,9,3317,1,1,4,0
8950,58,56180,7861.929038,0.04450589476,0.1737746599,42,4.09353213,11.85400737,61,3,3,3,1017,1,1,3,3
8951,29,76977,278.4401063,0.1983698434,0.09648165137,1,3.782934723,10.30485131,37,19,9,7,3397,1,1,2,1
8952,43,136045,5990.805448,0.2264396179,0.1090360201,33,1.850118329,7.830981464,46,12,0,7,3280,1,0,2,0
8953,63,79534,5924.850707,0.2062702339,0.1024904497,23,4.446278103,7.940080196,3,5,6,9,3434,1,1,0,2
8954,51,83209,3849.208297,0.2781503727,0.08406065451,18,5.238799362,6.378728571,59,6,2,8,4493,1,1,2,3
8955,66,138169,7522.696526,0.05224685453,0.03092270955,1,4.588353923,5.463356165,48,15,7,3,187,1,0,3,2
8956,31,61908,4338.972477,0.1027551583,0.03400768098,5,7.120758902,9.1081649,75,7,0,4,4558,1,1,2,2
8957,43,149067,6800.081923,0.1099261148,0.04402695593,14,3.593423174,11.35132812,33,8,0,7,728,1,1,3,2
8958,62,128575,5219.461316,0.07730381012,0.1605872818,10,7.444383854,4.549422805,43,8,8,7,4492,1,0,4,2
8959,44,70918,2559.799587,0.05123943381,0.06231313711,15,8.94492375,14.22597393,93,18,4,2,4322,1,1,4,3
8960,26,28219,6104.358544,0.151144008,0.1901435185,20,6.321162691,5.789866784,84,18,3,4,2151,1,0,4,0
8961,43,27163,7395.394099,0.2519874921,0.1639323316,26,4.498098915,6.792633296,55,10,3,9,29,1,1,1,2
8962,64,22470,9741.666167,0.2868165204,0.140062727,21,2.617235958,6.461530467,91,15,7,9,3601,1,0,4,2
8963,39,129034,3863.078573,0.04750878334,0.1468747896,2,9.391813545,2.114426744,41,8,8,1,3348,0,1,3,1
8964,64,36543,738.2781922,0.2487155961,0.01905011965,2,7.766700532,2.180710579,49,14,6,5,4952,1,0,0,1
8965,47,39276,9880.91509,0.2491285257,0.1179939797,20,3.217970033,12.03142868,68,10,7,4,3115,1,1,2,3
8966,60,140014,6275.685928,0.1228036553,0.1888008129,42,2.355713071,6.029188189,32,7,1,9,1592,1,1,4,2
8967,65,56881,9469.859536,0.041908591,0.01743093484,5,1.443791916,3.631820138,97,2,9,7,2950,0,1,1,2
8968,34,98950,1127.888152,0.297102322,0.06529313852,24,2.714976798,10.76165634,95,13,6,1,1246,1,1,1,2
8969,43,27749,3486.135015,0.2001219789,0.01978718351,40,7.591376982,14.41624042,90,5,3,6,3554,1,1,3,3
8970,53,44182,1425.973319,0.2948367516,0.1182508998,36,6.665802326,14.08363484,66,4,7,4,4552,1,0,0,3
8971,18,97450,8371.55053,0.1502600995,0.03207811916,29,9.706929859,10.98940245,41,10,9,4,448,1,0,4,2
8972,25,100543,8815.39314,0.12460597,0.1010575297,38,3.897738618,3.278526237,43,9,7,4,2066,1,1,4,2
8973,66,116487,5062.985829,0.08168378803,0.146790393,19,8.07940173,2.734344791,67,19,9,4,3240,1,0,1,3
8974,52,130227,1947.401555,0.2952358805,0.04124332164,0,2.084130591,13.12959379,99,10,1,0,2294,0,0,3,2
8975,69,118144,1358.477793,0.08344460814,0.153519243,34,6.06324428,14.4608068,56,5,8,7,3167,1,1,1,0
8976,32,145351,5922.82469,0.0168911993,0.02143884777,42,5.201116949,9.523621229,35,7,5,1,2448,1,0,1,0
8977,64,41383,5113.125613,0.1586158399,0.03842865125,25,8.543795046,13.56819185,40,13,4,6,1663,1,0,0,3
8978,39,98578,6978.412113,0.119344643,0.063220969,20,7.314429086,12.31590421,55,12,8,4,3758,1,1,3,0
8979,31,136258,3121.5519,0.08580092599,0.1612588228,9,2.748838422,2.733185297,2,2,2,3,1356,0,1,0,1
8980,43,45412,4083.443151,0.1940363538,0.1715260089,44,9.854960178,3.733060029,55,5,4,1,1391,1,1,3,2
8981,45,33181,311.4746311,0.1156378983,0.05187216473,28,8.408290117,1.482508191,55,16,4,3,2592,1,1,4,1
8982,40,64898,6140.416146,0.1266527576,0.02819892685,2,4.191673499,7.373825213,64,0,7,5,1634,1,1,2,1
8983,31,79630,4289.120861,0.01668322513,0.1711112186,42,8.434272293,5.197248975,38,10,8,8,4535,1,1,2,1
8984,41,23405,9205.669875,0.1808305693,0.1333798131,40,9.612195782,6.677667363,39,0,8,4,2302,1,0,3,0
8985,19,116404,6453.684347,0.04540059866,0.03999253292,42,9.012537455,0.625627309,38,13,4,2,3620,1,0,2,2
8986,62,30862,4047.075465,0.07200340908,0.1159661892,40,6.005889935,10.95803821,26,8,1,2,4462,1,1,1,2
8987,43,74679,2709.532891,0.217964168,0.1757505722,12,6.194330451,3.408289447,66,9,9,4,3912,1,1,4,3
8988,31,48688,9062.320932,0.1008403906,0.02320783899,8,1.959389014,5.839855691,99,11,5,3,4644,1,1,4,1
8989,68,68017,261.0242338,0.05733095726,0.02590703439,45,2.482358744,6.334448965,93,3,3,7,2385,0,0,2,0
8990,24,116481,3336.433426,0.1774530026,0.06198547453,15,9.843477747,1.460543047,64,17,8,0,960,1,0,3,1
8991,20,32939,9440.70528,0.07232230353,0.1339298419,48,7.92811154,5.799964156,73,10,7,9,2070,1,1,1,1
8992,64,132271,6574.926769,0.08858368205,0.0438216168,46,1.229563024,13.54778002,2,15,5,2,2621,1,0,3,2
8993,40,114467,5373.918806,0.1901883999,0.1651097688,27,5.927885185,13.45145025,2,17,1,4,870,1,1,2,3
8994,63,124152,2114.993707,0.2245599166,0.1525817336,27,4.107671771,0.8565537023,36,6,2,3,1007,1,0,4,0
8995,60,59585,8350.410265,0.2245013087,0.1165909222,10,3.80361654,0.9319511952,97,19,1,0,2229,1,0,4,2
8996,64,136315,2121.57072,0.1498505894,0.03205286383,43,6.009434147,9.11250232,19,3,5,4,4779,1,1,3,1
8997,62,124447,2557.709962,0.1417461042,0.1977617674,29,3.88135732,3.469933158,10,1,3,0,30,1,1,0,2
8998,35,132813,1999.326314,0.2384171034,0.1031063896,10,3.263990905,13.52841401,82,8,0,7,4105,1,0,3,1
8999,55,128362,1665.67966,0.06598007028,0.09589389809,28,9.440343161,7.501386098,90,11,8,9,2406,1,0,0,0
9000,52,126700,9537.79371,0.05413870978,0.1991581251,49,1.358714846,5.223998615,23,18,5,5,1840,1,1,3,2
9001,68,42942,6060.112802,0.2027615691,0.1741349701,11,4.925539028,14.32251533,69,8,1,6,2811,1,0,0,2
9002,32,130075,6414.587607,0.128757011,0.09670986947,7,5.600674953,5.109957914,64,9,2,8,4907,1,1,0,2
9003,42,25272,9547.82211,0.2158995536,0.08957256733,9,4.959566094,5.152013694,82,8,7,7,2976,1,1,0,2
9004,54,64134,2382.693046,0.0844140648,0.02822278269,34,6.915261143,2.429908507,73,4,8,0,4093,0,0,0,2
9005,45,44265,158.5836321,0.1042128455,0.1860372318,35,1.23108417,3.72265484,31,0,8,1,2606,0,1,1,0
9006,27,143671,6028.948131,0.2700365183,0.1703172211,12,8.964985975,11.52711501,61,15,4,1,2887,1,0,0,3
9007,56,68192,5127.664047,0.1322803928,0.06890047365,26,5.501910135,11.51631405,54,8,3,2,587,1,1,0,0
9008,34,48668,4828.738736,0.1813765062,0.1531310446,39,5.983070066,6.105683704,35,4,4,4,4762,1,0,4,2
9009,56,131732,712.6140913,0.04093783629,0.154918591,1,5.164939766,5.565939323,65,3,0,5,1642,0,1,1,1
9010,39,101560,4598.905179,0.06186045994,0.05330303627,27,5.000576693,6.566722039,36,4,2,2,1466,1,0,0,1
9011,43,117435,2946.839694,0.02040744136,0.1265945393,33,2.680294649,4.862134829,13,3,8,5,2530,1,0,2,2
9012,61,89283,2818.190305,0.1330675354,0.05845547265,20,5.539559563,9.313017683,45,13,7,5,2707,1,1,1,3
9013,42,29297,2301.577644,0.2967868013,0.1600783499,5,4.792125107,12.63044579,76,7,3,9,96,1,1,4,2
9014,34,84005,3392.030762,0.2634232143,0.03922384347,38,5.213075043,0.6359173676,55,12,0,2,4982,1,1,3,0
9015,30,148833,3596.017444,0.1935435853,0.1370921398,25,1.124477926,14.07210254,49,10,2,3,17,1,0,4,3
9016,37,78434,3156.880186,0.2597179827,0.07194222521,35,2.17804134,2.210323986,60,13,3,3,975,1,1,4,3
9017,42,84749,9789.651886,0.1823091133,0.01687459093,39,7.868541731,13.54573879,16,9,3,0,2752,1,0,1,0
9018,21,21607,9334.037747,0.1169429753,0.0335038824,17,4.771935845,3.886580846,26,6,0,9,3814,1,0,1,3
9019,27,79183,5787.649985,0.06032845632,0.1344308363,41,7.686163087,13.79697258,53,18,5,0,3406,1,1,2,2
9020,20,106994,9812.4429,0.1993841351,0.05558371761,42,2.54000135,11.91630072,28,16,8,3,1973,1,0,2,2
9021,58,76305,9912.860302,0.06598487015,0.1298967208,38,7.283892747,4.402955321,12,3,7,7,2318,1,1,1,1
9022,62,47973,3623.803129,0.131054241,0.08881621154,4,3.602004833,0.9100065191,48,19,1,8,3773,1,1,1,0
9023,35,43117,4507.356703,0.2494825342,0.1416155581,25,7.346094655,10.87972652,24,13,6,5,1621,1,1,1,3
9024,64,101986,9594.711592,0.04747649774,0.1036602382,10,1.781053749,12.4155598,87,11,2,2,4773,1,1,3,3
9025,53,101071,6125.399373,0.04741621153,0.06862394846,49,4.00277323,10.35657929,99,10,5,0,3116,1,1,4,3
9026,64,142688,2207.99792,0.07507670052,0.03770564417,15,2.07420773,6.03416146,22,0,1,3,2520,0,0,2,2
9027,39,114891,6924.868617,0.1700560191,0.07480866796,18,6.66679787,2.347186117,25,8,7,1,4668,1,1,2,0
9028,51,27645,2136.887202,0.0829998087,0.1306298748,4,4.53338262,5.53220647,47,0,3,6,4576,1,0,0,2
9029,64,62238,3459.641662,0.1559274018,0.150689966,6,1.668492339,4.394467537,35,9,5,2,3939,1,0,3,3
9030,25,89694,2352.845615,0.09757495721,0.04046453822,2,5.737293596,10.98480077,5,10,2,7,3578,1,1,1,2
9031,57,61773,2525.304138,0.1568102394,0.1362117577,24,1.224072998,2.810733296,79,4,0,8,1598,0,1,1,3
9032,66,36786,146.0902575,0.09051312021,0.04406310683,9,8.366298986,12.3833675,73,8,1,3,777,0,1,3,3
9033,61,60693,8819.017439,0.2942035889,0.05214567526,4,9.445116714,9.373166475,38,2,9,4,2674,1,0,2,2
9034,36,116447,3030.305903,0.1528881913,0.1109502757,31,8.290637106,7.49724573,56,1,7,4,4357,1,1,1,3
9035,59,46578,955.1063573,0.2256565959,0.06494843738,31,9.563552516,5.723366038,90,17,5,7,1480,1,0,0,2
9036,58,66408,961.1753162,0.2131585021,0.1357031338,4,9.074005328,7.858658072,65,13,3,0,333,1,1,2,1
9037,54,89702,5604.580937,0.1522622187,0.1915975586,42,9.054373611,8.332159241,9,4,8,5,890,1,1,4,2
9038,23,104845,9929.91345,0.07926999788,0.03828951825,18,3.208961161,3.93628117,71,13,6,1,1524,1,1,3,1
9039,69,35076,1535.722426,0.1581083006,0.1183970581,11,3.08051947,14.83694115,8,4,0,8,3358,1,0,2,1
9040,43,39377,1086.255631,0.2074817709,0.1854268447,30,8.284807978,13.68844104,76,1,5,6,1058,1,0,4,2
9041,51,29278,4439.208416,0.1433765885,0.04354050556,16,5.422462053,6.166570424,71,6,3,9,2962,1,0,0,0
9042,62,84808,5676.979413,0.03375828114,0.07970167164,21,9.480812972,4.183312978,26,17,5,8,1568,1,1,3,0
9043,23,147220,3014.365553,0.01521513657,0.03348719865,46,9.075328448,4.952157989,45,15,7,9,4312,1,1,1,2
9044,54,145446,3094.968716,0.1050842745,0.1319871665,49,9.038604241,14.71243314,62,4,8,3,4603,1,0,1,2
9045,50,147368,4302.317368,0.05356493857,0.1371371563,40,3.935077588,6.402436022,41,19,2,4,2942,1,1,4,3
9046,39,53539,3210.04159,0.2727951713,0.1361946407,21,2.196120058,13.72298645,84,11,1,9,1645,1,1,2,3
9047,38,146552,9161.782677,0.06099147432,0.1130041392,48,7.101494982,1.355843431,40,12,9,6,4863,1,1,0,2
9048,23,31440,515.3502558,0.1243419871,0.1517895649,25,4.965191245,11.76354707,33,7,6,2,1016,1,1,4,0
9049,23,142059,2422.244583,0.2165024785,0.01681668631,30,9.405482236,11.55082607,92,13,6,7,3178,1,1,0,3
9050,65,46245,8104.672683,0.2464722814,0.1919275626,42,8.684757165,9.93930569,29,4,2,6,1665,1,0,0,3
9051,21,42097,8356.185434,0.1485368144,0.05219827951,5,9.359461332,2.256214742,43,3,4,5,2555,1,0,0,0
9052,47,93703,1204.395282,0.06252915279,0.03309677405,11,6.110796356,14.73028952,79,8,9,7,2200,1,0,3,2
9053,28,87092,9740.258155,0.08855961484,0.1888158482,42,5.736049732,3.585303676,0,14,7,1,3302,1,1,4,0
9054,47,129454,6964.213014,0.1315008498,0.1677830141,26,8.623752074,10.79082517,44,13,2,4,3571,1,1,3,1
9055,48,21151,2798.671254,0.1157324309,0.1553253797,16,5.607010299,11.39640486,46,4,7,8,2030,1,1,2,3
9056,41,41698,4614.774862,0.1111150996,0.0299016847,9,9.100259584,11.51882432,92,14,2,7,2072,1,0,2,3
9057,26,37601,3041.672334,0.04823760251,0.1634305506,44,1.309855287,12.47707264,29,3,3,0,661,0,1,1,3
9058,20,46807,1585.220274,0.2748599731,0.1257144694,4,4.229105426,14.84229917,21,17,2,9,2928,1,0,1,0
9059,68,65302,2982.662841,0.01862941586,0.1490626361,3,8.513502749,1.891856487,14,4,4,7,1152,0,0,1,0
9060,48,105864,5842.910181,0.1376006171,0.1958333532,38,2.889555604,7.346742639,83,16,7,1,4255,1,1,2,2
9061,57,28039,8277.099979,0.2942932328,0.04694382365,14,4.5907027,14.63518777,37,13,4,6,3055,1,1,0,3
9062,54,136730,3698.937841,0.2013199423,0.1058325726,1,1.090383405,13.29023705,22,16,6,0,4558,1,1,0,1
9063,53,67427,3544.225251,0.1130690925,0.1531368698,48,3.715463013,14.86399556,30,18,3,2,4813,1,1,4,2
9064,41,91839,4733.206941,0.05236829949,0.09239470665,7,3.867741827,8.945301058,56,12,9,6,4418,1,0,2,0
9065,48,78049,6481.10044,0.2895230556,0.02038408575,15,7.592912219,10.25631579,80,12,1,9,4161,1,0,1,1
9066,23,39053,7541.000998,0.01405604494,0.03117339079,19,7.095992813,4.325148637,34,12,5,0,1782,1,0,2,2
9067,19,117180,3335.315098,0.2076023955,0.1243974748,23,5.004616888,7.14578754,65,1,4,8,1292,1,1,0,0
9068,37,136801,5904.889431,0.2652398667,0.06415078781,34,7.556528409,0.803757653,52,14,7,3,3315,1,1,0,1
9069,45,121281,3954.672329,0.01729654207,0.03618972299,16,4.855014627,10.93595154,30,0,7,4,1144,1,0,3,2
9070,28,130845,7192.358519,0.2203007106,0.07457947953,4,4.911496998,13.92522197,25,14,0,2,4069,1,1,3,1
9071,21,106298,1730.281713,0.2996629508,0.04818637709,13,6.809989524,2.126164674,30,15,7,8,4434,1,0,4,0
9072,32,109147,2643.556164,0.1954963159,0.01454849865,13,7.505947868,7.088479918,71,10,2,5,427,1,0,2,2
9073,23,75413,4317.998156,0.1302568949,0.03884465783,45,8.622138868,9.535926541,79,2,1,6,3793,1,1,3,0
9074,66,85958,8905.20642,0.2635762086,0.1777848126,42,7.762622811,9.666584402,11,19,9,7,4782,1,0,3,3
9075,47,51275,5775.925315,0.1707119815,0.01228708368,30,7.032836286,4.944709106,52,13,3,0,2205,1,1,2,3
9076,55,46597,9657.421578,0.2273378456,0.1570315577,19,6.053297418,0.7868775652,55,4,9,0,3272,1,1,0,1
9077,68,97521,1122.449084,0.1804559076,0.1531576101,12,3.772977554,13.37332056,82,16,7,5,1186,1,1,4,3
9078,19,114243,4655.736595,0.02110441682,0.1172051608,8,3.349754554,1.830767442,61,1,4,5,3378,0,0,4,0
9079,32,143410,4248.877447,0.07181204658,0.04960507548,33,8.589259012,3.076356182,43,6,6,0,1588,0,0,4,1
9080,28,134778,6042.041146,0.03284143646,0.1768312526,11,7.456098264,14.46041538,57,9,7,7,3556,1,1,3,2
9081,25,88908,8138.449626,0.04093945109,0.1002643581,39,6.988706879,7.755412414,76,9,2,9,905,1,0,0,0
9082,43,101619,8430.335453,0.01446759314,0.04290918352,15,3.329536623,13.17353551,64,19,6,6,2986,1,0,4,2
9083,68,75188,6734.926626,0.1321378439,0.09151429257,0,9.728178357,13.50571054,12,7,6,6,768,1,1,2,2
9084,62,54710,6451.210006,0.06180897321,0.04703427327,15,1.731817197,14.84692765,60,0,8,3,4708,1,1,4,2
9085,61,138493,9495.392466,0.2581519909,0.08144148981,5,8.54427835,1.090170195,67,15,2,4,4740,1,1,1,2
9086,22,111352,3898.505276,0.2275108859,0.1043706765,19,2.897021893,1.268502783,50,8,5,7,2854,1,0,0,0
9087,23,95486,8344.55481,0.1762213285,0.07838116904,5,4.530366653,3.2654702,61,15,6,9,326,1,1,1,3
9088,43,69050,9222.886898,0.1518161902,0.1348384121,34,4.850914985,10.01777536,47,19,8,8,4146,1,0,0,0
9089,21,69249,4966.238518,0.08420190577,0.1878243828,40,6.964311257,4.298505569,94,14,3,3,115,1,0,2,3
9090,36,54247,7318.115528,0.1477359251,0.07614837605,2,5.919961262,7.68656237,62,8,3,8,3457,1,1,3,2
9091,37,90162,3832.496581,0.19595649,0.07759050763,20,2.674755853,11.90218326,71,11,4,9,2795,1,1,3,3
9092,50,46408,1672.902241,0.2368463695,0.1502774694,6,1.27014838,3.19398111,90,1,9,9,4426,1,1,0,2
9093,37,96313,5906.388427,0.03368779922,0.110812277,13,7.454920394,4.645326142,71,9,4,8,2863,1,1,4,1
9094,66,90683,2045.069343,0.2154547597,0.09147949353,29,5.544306712,11.04912178,50,15,0,8,2033,1,1,1,2
9095,29,138335,4630.231395,0.2253916643,0.1646235558,21,4.256072602,0.6114451454,23,4,7,2,2258,1,1,2,3
9096,64,25443,8741.505202,0.1721019383,0.1792968528,13,3.560853633,11.48201632,85,12,7,3,4122,1,1,4,1
9097,18,20079,951.5800569,0.07215256675,0.1222114551,24,8.407398851,10.30603339,39,6,8,4,687,1,1,3,1
9098,43,116818,401.2425031,0.1663635304,0.04516962182,2,8.159781406,2.378997973,28,8,2,5,4607,1,1,4,2
9099,31,58345,6104.130689,0.1557844157,0.09859431891,4,8.434452903,4.035943502,72,16,5,9,1456,1,1,1,0
9100,55,32901,3377.507133,0.147955928,0.1058304258,4,2.971944532,0.7233625446,16,16,9,5,288,0,1,3,3
9101,54,87759,4237.583299,0.1435855755,0.09211939785,41,8.667639245,8.930492069,0,16,8,9,2908,1,0,0,1
9102,28,120873,4116.534828,0.04213941422,0.05986205698,8,9.869859887,6.257853684,95,4,3,0,615,0,1,2,0
9103,53,62732,957.5402672,0.06303882061,0.09974114347,47,6.392374197,6.639780904,83,5,8,3,3909,1,0,2,2
9104,30,99304,135.3076835,0.03822630565,0.0948437689,40,1.42453939,1.996181665,0,5,5,9,1424,1,1,3,2
9105,60,139206,8994.390104,0.08031857002,0.04980376955,37,7.320388321,5.608483991,24,8,3,6,2177,1,0,0,2
9106,20,37507,2256.205753,0.08640826699,0.1816518239,36,5.842961917,13.82547413,40,9,5,7,2317,1,1,1,2
9107,50,149010,4318.182019,0.08107199983,0.1782147807,3,7.408425771,1.438676582,90,16,5,7,1871,1,1,2,3
9108,23,101785,9722.065387,0.07116942977,0.1543271214,19,2.694118597,14.63689282,22,2,3,5,3748,1,0,3,1
9109,67,146691,8284.949562,0.2232723932,0.08617984975,20,6.45218946,12.79613976,17,19,9,2,3048,1,0,2,3
9110,27,146354,1168.515467,0.2473839659,0.0803649625,49,5.852749093,3.443353404,94,8,4,3,3139,1,0,0,1
9111,22,55391,5134.338413,0.1048616728,0.1461284217,47,6.422416839,10.72861754,27,0,0,3,4636,1,1,1,0
9112,40,54171,7327.782362,0.09848737859,0.1255426547,23,7.549727377,1.81872512,84,18,8,5,877,1,0,0,0
9113,27,71730,7014.088571,0.2547693814,0.1241136815,6,5.89795096,2.815153051,11,13,6,3,4241,1,0,4,1
9114,61,135019,7632.334339,0.1909379315,0.03358119022,45,3.89629401,7.575437286,87,7,4,4,4491,1,0,0,2
9115,19,27485,4628.801083,0.09509711419,0.1274739183,48,3.781034293,6.306612977,48,17,4,5,724,1,1,0,0
9116,30,147628,1841.637,0.2169475649,0.1813539721,7,7.255481143,12.3179165,96,5,5,2,1859,1,0,2,3
9117,57,130104,4702.237195,0.109931915,0.02630512943,10,6.974667624,14.11919704,80,1,7,2,3478,1,1,0,1
9118,19,135427,6514.083767,0.1801011282,0.07444254682,48,4.798024345,14.17082339,96,6,2,6,3257,1,0,3,0
9119,37,115320,6125.061657,0.2978638687,0.1067127154,45,4.181851255,2.63154219,15,5,7,0,4240,1,1,2,1
9120,18,148603,798.1683325,0.09746236881,0.140341804,8,6.581150506,10.45030717,26,10,2,3,4062,1,0,2,2
9121,54,131102,743.0290974,0.2798525402,0.02703063662,5,3.809446405,8.776410533,52,9,9,2,4936,1,1,4,1
9122,26,110153,9656.052528,0.1029892001,0.1758331767,39,9.669381225,5.868339651,91,10,4,4,4869,1,0,3,0
9123,34,57748,1602.874005,0.1666831443,0.01770366788,16,6.368279749,14.92501343,35,7,4,1,1608,1,1,0,1
9124,26,23878,3015.178394,0.143395299,0.1729610367,12,6.327483643,7.112654518,6,12,1,9,833,1,1,4,0
9125,28,21949,7699.581373,0.2371162731,0.01525383361,44,2.227000301,10.14730449,33,5,0,8,2618,1,1,3,0
9126,32,105380,4155.803051,0.02771688285,0.03916942782,16,6.486831384,7.791204714,64,9,2,4,4413,1,1,4,0
9127,41,136816,1896.502047,0.1918654682,0.1620615272,1,3.654326136,1.992107088,3,17,9,9,3463,1,1,1,3
9128,55,40881,4725.600585,0.2305934139,0.1734312431,29,5.066464712,2.545953432,25,14,3,3,687,1,1,0,2
9129,52,71306,5732.604711,0.1469220069,0.1966305076,31,5.843794511,11.37707728,19,4,6,3,1385,1,1,4,2
9130,47,107150,4582.389432,0.0405348559,0.03198581739,49,5.301564468,12.12441596,50,10,6,6,4616,1,0,1,1
9131,48,109364,9197.566147,0.08099345391,0.1100257121,35,8.284539261,5.775362655,76,3,8,3,354,1,1,0,1
9132,66,135925,2918.523021,0.2071049873,0.02465960704,6,1.89516996,1.470907692,98,12,3,9,1765,0,1,4,0
9133,22,29958,6647.188391,0.2696768418,0.03971744893,15,2.505959882,14.37657868,9,14,2,7,4811,1,0,4,2
9134,61,79185,1211.717742,0.132266496,0.043153833,18,2.412910232,7.707549755,7,1,2,0,2410,0,0,4,1
9135,67,28697,3983.626031,0.1725194902,0.02204376778,14,8.351500347,2.445150712,17,6,9,9,4333,1,0,4,1
9136,31,107160,7435.833191,0.07623166065,0.1796661631,13,2.064018546,3.377667223,16,5,9,5,4264,1,1,2,2
9137,28,35493,2325.687712,0.1295418611,0.03400754842,44,9.742981883,1.157722686,68,18,0,8,2797,1,0,4,0
9138,26,62801,5938.733352,0.1076690443,0.1295747602,6,9.722487614,10.79291031,29,14,5,4,2562,1,0,2,1
9139,51,41199,1619.026589,0.2001024089,0.1288919423,46,9.926349031,10.70936433,94,13,3,4,2583,1,0,2,0
9140,29,127890,1116.746744,0.295562696,0.04774258902,32,9.817202442,9.236313843,38,15,4,3,2799,1,1,1,2
9141,52,85792,5280.004214,0.2458580011,0.1996981396,33,2.341177556,8.4213541,60,19,1,8,1334,1,1,0,2
9142,52,54488,6782.608861,0.06572772963,0.07599987691,23,6.916756179,6.031617886,23,9,7,1,4074,1,0,2,1
9143,18,50493,1222.333956,0.1775267921,0.1819679305,34,4.597213111,14.28418705,80,5,9,8,72,1,0,3,1
9144,57,131545,9185.984898,0.02925939734,0.1901740991,20,7.586409464,12.10755785,97,14,2,5,3587,1,0,2,2
9145,39,69002,2335.145401,0.08160549118,0.1903078747,23,4.653261461,13.66051512,34,3,6,9,4994,1,1,3,0
9146,46,43731,1287.755551,0.05994312606,0.1530391416,36,4.449147617,5.019059761,78,1,8,7,4936,1,1,1,0
9147,25,27076,2106.719193,0.1073082059,0.05822295101,15,9.135560122,14.68511347,60,18,8,3,4850,1,1,3,3
9148,28,21071,1778.76732,0.206856051,0.03292451684,16,5.450920419,2.897579328,74,6,7,3,2749,1,0,1,2
9149,58,119926,997.6790411,0.1548240619,0.1182781457,28,7.657823723,1.315951725,97,10,2,9,1629,1,1,1,1
9150,54,147872,7998.608424,0.2805436854,0.07840743491,17,6.849254336,5.137686643,71,14,4,0,2877,1,1,1,2
9151,31,87602,5005.82397,0.07169716356,0.1678974122,47,6.919376229,3.418660231,14,15,9,5,3260,1,0,3,1
9152,47,111181,3946.34246,0.1156206524,0.15154811,10,4.142058687,8.0040911,35,4,0,1,3037,0,0,3,0
9153,52,61410,9511.216477,0.1056572473,0.06252897627,2,3.272035072,5.57788933,54,8,6,4,1459,1,0,1,1
9154,38,119201,3772.983032,0.07842945153,0.0132328944,41,8.968883739,2.990318616,36,0,3,2,3255,0,1,1,3
9155,54,74327,1753.029988,0.298019523,0.0550899942,17,1.221308844,12.74174562,86,12,8,1,4609,1,1,0,0
9156,22,114948,2813.02463,0.1222954082,0.117751961,15,2.556330282,7.865572557,61,2,9,9,1785,1,1,1,3
9157,36,81072,2465.768683,0.2827476043,0.02500951972,40,2.195085158,2.088184106,63,4,7,0,326,0,1,4,2
9158,31,117371,5037.538668,0.1232373074,0.1350717939,0,9.544484107,1.592330292,38,13,9,8,2620,1,0,0,1
9159,43,61041,2985.900727,0.06918658683,0.1376222941,42,1.045237355,6.056116541,89,4,6,0,1720,0,1,0,0
9160,21,143616,5209.005605,0.0445698359,0.04218484525,42,1.0722007,13.66575218,97,19,9,7,355,1,1,0,1
9161,42,73326,6726.004907,0.258113326,0.1233004645,26,3.040554142,7.865998544,74,13,3,5,3848,1,0,4,3
9162,62,58549,7795.257979,0.01930831574,0.1253245713,30,3.511787041,2.517463169,11,0,1,3,601,0,1,0,0
9163,59,73096,7130.562035,0.2896744306,0.1008158478,44,6.038421863,4.076168002,71,10,2,8,2590,1,0,0,3
9164,42,75578,2135.348093,0.1312754514,0.1911167034,27,9.651063483,1.217458347,7,4,7,0,105,0,0,3,0
9165,35,66390,1247.407221,0.08173856181,0.03055100426,39,5.185382479,12.56168413,40,2,5,3,2842,1,1,3,2
9166,57,66052,5470.256575,0.1890593783,0.08725887705,26,3.599015567,14.21775794,68,9,2,9,3253,1,1,1,2
9167,25,63167,2069.226733,0.04854476763,0.1777549467,8,8.353002851,1.628300221,73,8,9,6,2189,1,1,1,1
9168,56,74587,940.8438455,0.03092221633,0.08339966332,37,4.472039098,3.008224352,2,14,1,3,4596,1,0,2,3
9169,57,81292,5318.233995,0.2500571721,0.09068152571,35,2.275721622,2.980499095,42,5,7,0,3035,1,1,4,3
9170,31,112114,3335.262433,0.1331545246,0.1369720373,40,8.151212901,12.15373996,36,5,8,3,1095,1,1,3,0
9171,49,95419,7585.875218,0.1602939245,0.1364570744,26,1.021729497,12.66944837,85,7,6,5,1713,1,1,1,2
9172,68,62139,3210.497142,0.06124184257,0.0143513721,46,2.846033621,6.579468487,56,1,4,7,1883,0,1,4,1
9173,55,137623,9789.299657,0.02781303091,0.09658251096,49,6.716198209,14.55528957,24,3,7,1,2556,1,1,0,2
9174,50,107753,7609.379593,0.1166550785,0.07336725049,25,1.922161576,4.262413007,3,1,2,8,523,0,0,4,3
9175,40,30707,671.1628927,0.1567824132,0.129262097,26,3.302364286,8.114243093,57,8,3,6,594,1,1,3,1
9176,32,126392,5137.84013,0.2319748803,0.11558344,3,4.539739186,14.94618295,36,4,2,5,437,1,0,2,2
9177,50,33140,5669.942962,0.1553050801,0.1336637092,47,4.567767948,12.49300563,7,18,2,2,1581,1,0,3,2
9178,42,135149,6983.496836,0.2369270351,0.1342158034,37,9.75522677,7.564177607,93,18,7,3,3268,1,1,1,0
9179,34,31093,5028.188291,0.04347550611,0.05842565365,11,7.079911268,2.07362123,8,8,2,7,843,1,1,1,0
9180,50,102036,4886.091624,0.02854920389,0.05682830527,46,1.333192768,13.61310441,78,4,5,6,1861,1,0,4,3
9181,64,124089,3742.592256,0.0560696796,0.08035365505,14,2.992152179,8.360824304,0,15,6,5,599,1,1,3,2
9182,19,92043,2787.467701,0.2338835168,0.0559721075,46,6.547879364,4.971038155,12,6,0,6,152,1,0,1,0
9183,31,118122,9467.382099,0.2302057669,0.1397335348,47,7.420805456,7.042672109,67,1,7,8,763,1,1,0,2
9184,57,144534,3244.207029,0.05099666331,0.1245445353,29,4.425366253,5.00845923,15,13,7,4,695,1,1,0,1
9185,57,25830,727.8711133,0.01898671089,0.05111353126,13,8.709145344,8.490304616,43,0,3,4,432,1,1,2,2
9186,68,50608,1756.118919,0.2087317615,0.1779799137,7,9.490851912,4.457569061,64,7,7,9,2263,1,0,4,2
9187,56,122865,8587.038697,0.2580317171,0.09752589686,27,6.526560805,6.966761635,13,16,5,6,1366,1,1,1,3
9188,68,144678,5907.671245,0.2286912317,0.03414011243,30,6.061506904,6.680773814,90,18,6,6,1088,1,1,2,1
9189,23,67287,7809.927439,0.06881170438,0.05046346174,1,7.757249078,9.433003451,25,5,2,4,4301,1,1,0,1
9190,23,110047,8106.937307,0.1792926902,0.112571607,14,8.038394093,0.705407276,31,13,2,7,4178,1,1,2,0
9191,20,53427,8250.040748,0.229636059,0.07430056313,39,2.938914713,9.181892391,1,7,9,5,2144,1,1,2,1
9192,24,146117,5551.075707,0.08419032432,0.171732168,42,5.352128644,9.100149754,15,10,9,3,4805,1,0,1,3
9193,68,104042,1853.493897,0.1630390324,0.1039997274,47,5.026893945,6.188180081,91,13,8,8,2337,1,1,1,0
9194,25,48395,1567.504247,0.1011935172,0.1839060121,7,9.473201093,4.080041163,48,9,9,1,918,1,1,1,2
9195,59,149849,5782.445762,0.07541687102,0.02934703138,4,2.005893466,12.66914425,89,16,9,1,2189,0,0,4,1
9196,69,129839,3728.492101,0.2911809048,0.1370326953,3,9.491234236,5.499359614,74,11,8,4,2261,1,1,2,2
9197,32,132306,5624.677588,0.2746487685,0.1782991219,11,6.15335091,5.020076649,22,3,2,2,805,1,0,2,0
9198,64,112662,5034.930658,0.139243642,0.06565679036,9,3.592476488,7.215920988,93,18,8,2,77,1,1,4,1
9199,46,115002,6061.760989,0.04966563771,0.0357806433,3,8.824091184,4.530852945,59,16,2,6,2092,0,1,0,0
9200,50,37970,417.9067283,0.221093118,0.09676250022,9,1.453823965,12.54606847,94,4,3,4,3530,1,0,3,0
9201,69,90218,425.0831382,0.08415332774,0.192653503,28,3.870461662,8.691747341,65,13,2,5,1112,1,1,0,1
9202,47,141487,7243.792191,0.05887016369,0.1303577658,27,7.772829527,11.43849714,19,6,4,2,2689,1,0,4,1
9203,56,134006,2011.959714,0.1206434151,0.1323556245,28,8.449225649,11.30804284,92,2,3,7,520,1,0,2,0
9204,44,96475,6556.764776,0.1636564447,0.1375852384,18,2.507480985,11.92900599,73,4,8,4,945,1,0,2,3
9205,53,94362,5511.101517,0.03825769565,0.01755466136,42,9.475924579,13.10348482,17,4,1,7,546,0,1,1,1
9206,46,43371,9819.765267,0.1758064772,0.09467346225,12,1.483502643,13.83222745,58,7,9,3,3963,1,0,1,0
9207,55,115482,8370.518201,0.01445102868,0.02473868198,33,4.901993808,6.062331394,30,2,7,3,1597,1,1,2,2
9208,50,109895,4190.031761,0.2686420276,0.07001317758,45,1.87702691,6.933903913,3,0,2,4,1976,1,1,2,2
9209,54,39266,6202.486919,0.2770150899,0.1661038146,19,1.879279748,1.225853979,26,1,8,7,978,1,0,1,1
9210,44,123553,1261.165627,0.2225905243,0.1346912904,17,9.225087612,13.92274248,17,6,1,3,2915,1,1,1,1
9211,50,39195,3925.221825,0.1452993285,0.1991588128,47,9.135685391,9.013605539,62,14,6,5,964,1,1,0,2
9212,21,130949,7365.488637,0.08391991846,0.04270934063,35,6.537325182,10.82855994,94,13,5,7,3152,1,1,2,0
9213,39,146895,6264.448683,0.2257925063,0.08544030488,0,9.696598514,6.822076194,70,12,7,2,981,1,0,2,0
9214,19,47315,4896.266111,0.2802211886,0.1638316411,25,5.419479548,7.370794833,18,11,2,5,2122,1,0,4,0
9215,27,140215,1847.63813,0.05597477442,0.05098140445,2,8.045699585,8.37605856,38,17,5,6,3485,1,0,0,3
9216,22,103804,8051.144669,0.1450883769,0.0392071508,43,1.875424379,12.03267331,65,1,1,7,305,0,0,3,1
9217,27,95246,2804.349384,0.1014258745,0.09124638583,2,4.560557417,9.388044569,77,6,9,4,3676,1,0,3,3
9218,50,61581,8222.742908,0.1134551188,0.08290803313,20,5.635827318,12.2625497,99,9,9,3,803,1,0,3,3
9219,55,65537,6154.929722,0.1276697566,0.1962391288,17,8.003346219,3.641947545,45,19,6,9,422,1,0,1,3
9220,30,147955,3790.041137,0.2860209399,0.09668779052,30,4.010332574,3.484663399,91,9,2,9,464,1,0,3,3
9221,48,99697,501.9916974,0.08500477868,0.1735798052,35,9.823027093,3.498797163,37,5,4,9,3125,1,0,4,0
9222,64,117357,2400.946559,0.1528759933,0.1787134487,48,7.61347057,0.5702357828,66,3,2,3,2049,1,0,1,1
9223,53,139761,8901.802162,0.2859313668,0.03999562568,43,5.796711173,3.096422862,28,7,9,2,2307,1,1,1,1
9224,62,95265,8197.946005,0.1480564982,0.1459079122,30,3.976884379,2.22183024,90,12,0,1,3563,1,0,3,3
9225,41,133984,5791.047798,0.2604438614,0.06274535645,7,6.77843791,7.079438223,56,4,0,9,2233,1,1,1,1
9226,69,134451,4716.592393,0.02704178455,0.02800040397,24,7.057567333,2.344990349,47,7,9,5,3830,1,0,0,2
9227,32,112449,6506.712525,0.2863788214,0.1761939331,48,7.112638177,6.529849394,51,7,3,0,3374,1,1,0,0
9228,46,140104,4715.856466,0.06438403264,0.06556227778,45,6.27579314,14.99279517,47,8,4,5,4428,1,0,3,1
9229,25,42184,6478.617923,0.2941811601,0.07561947734,19,4.60435773,7.798822289,60,13,0,4,1861,1,1,4,0
9230,22,43279,3143.300587,0.06091729092,0.07155791694,10,8.349896385,13.90738397,66,10,9,1,2721,1,1,1,2
9231,46,46570,8401.122457,0.1388661249,0.04805613036,39,3.324464929,10.67767,47,9,2,9,1487,1,0,2,0
9232,64,63030,7048.987145,0.09949820256,0.09255564259,0,6.628480407,13.46765059,93,6,2,4,2742,1,1,3,2
9233,21,82245,3366.758721,0.1356371121,0.09137563595,20,5.245046124,9.570919823,81,12,1,6,2254,1,1,1,3
9234,29,75467,8323.594537,0.08265217458,0.08766280889,16,9.035539509,12.24637088,7,8,5,0,4419,1,0,3,1
9235,62,139618,4924.691055,0.2899420496,0.184096572,27,6.314994024,4.890605258,73,7,1,4,4010,1,1,3,3
9236,19,55133,1828.924761,0.09866024538,0.07455280945,17,8.701038265,5.892679178,85,16,3,7,843,1,1,4,1
9237,44,98731,869.3533738,0.1994497245,0.01577199259,28,9.579847147,14.42376723,87,13,4,7,1473,1,1,2,3
9238,48,63805,7026.096902,0.04985977198,0.04390303119,9,2.143217181,4.379240007,66,17,2,7,343,0,0,1,2
9239,68,63998,8664.695962,0.2490723706,0.1470844445,8,5.996732028,6.609894258,13,8,0,0,3343,1,1,3,1
9240,68,37238,8093.675687,0.1673273036,0.1222631352,33,8.955782084,9.941802537,46,14,0,7,2295,1,1,3,3
9241,53,101088,6590.945199,0.2940393761,0.1908296127,19,8.848663288,6.18984632,23,15,0,7,1063,1,1,1,0
9242,53,88264,1499.61305,0.1327866429,0.1419426704,30,2.763183869,0.8037030196,90,19,5,4,3536,1,1,3,0
9243,43,135603,1031.036352,0.06667988374,0.04690591795,2,5.332302951,11.9873408,61,8,3,5,2286,1,0,3,3
9244,60,68245,3515.793268,0.1103455098,0.03292240154,0,3.007868681,5.366911574,57,9,5,1,3655,1,1,3,2
9245,44,43557,8563.617815,0.2237200258,0.1089443573,32,9.071359037,3.801139325,33,13,0,1,4956,1,0,0,3
9246,22,90474,9621.189076,0.2011408911,0.1363999199,49,1.029064087,7.83070277,30,11,4,0,2685,1,0,0,0
9247,37,116738,2489.472463,0.2357207482,0.04147098021,7,2.96559978,0.6222718083,47,7,0,9,3753,0,1,2,1
9248,28,85667,7644.747139,0.03130638474,0.124321672,17,4.68130583,13.02645108,90,16,3,2,990,1,1,4,1
9249,27,111228,5781.305247,0.1783069448,0.1743554499,29,2.990229289,4.289574439,44,16,8,1,245,1,0,1,3
9250,57,105513,414.8929341,0.2803289163,0.1482380963,32,9.762231929,13.87982875,28,18,5,7,4603,1,1,4,1
9251,55,85074,5474.871864,0.04129155665,0.1361963054,21,3.196239351,10.32747278,28,17,3,4,958,1,0,4,0
9252,23,78204,8078.80999,0.03735722508,0.1599729004,16,4.26083444,8.455407988,62,12,9,6,3094,1,1,0,1
9253,25,118597,2833.615555,0.2178152657,0.02977571472,41,2.566644827,12.19070373,47,16,6,1,4234,1,1,2,3
9254,40,112800,8983.880077,0.1014029122,0.0487279766,8,9.340024678,14.90221886,11,3,9,7,534,1,0,4,3
9255,64,45575,2438.978028,0.200987971,0.01723890443,21,4.701488569,4.142530682,77,17,9,0,3772,1,0,4,3
9256,43,100263,857.0840132,0.1681615088,0.03754580963,9,3.356632372,5.648893629,26,9,0,3,1013,1,0,3,0
9257,63,96024,1683.399163,0.2959593309,0.1835046451,32,3.215070164,7.524155985,46,9,0,6,435,1,1,1,2
9258,60,40069,8386.3284,0.2678263609,0.0522075363,47,6.270543985,8.32242593,65,4,4,0,4582,1,0,2,1
9259,29,44400,4231.328598,0.2066411067,0.1357984711,38,9.7988082,8.51807404,36,0,6,2,3388,1,0,1,3
9260,43,44146,7989.76108,0.08588564157,0.1413977773,2,9.767548794,8.46010132,44,13,8,2,1284,1,1,0,2
9261,30,26846,5359.207304,0.08595336702,0.1326118373,16,9.835126901,12.50950345,56,9,8,4,1040,1,1,4,3
9262,57,60352,4857.535335,0.2658507022,0.1152449993,8,4.479788515,6.366709255,17,4,9,2,598,1,0,4,3
9263,35,43694,8088.4402,0.1797489089,0.102364766,46,9.229772623,0.6590825088,12,8,7,3,3361,1,1,1,0
9264,42,41740,4292.527356,0.2388917168,0.08978495994,39,4.999514789,13.19755797,72,16,1,5,4570,1,0,0,0
9265,50,69438,8040.124038,0.1404606199,0.1842107524,35,5.595103096,10.1026567,28,18,0,3,655,1,1,3,2
9266,64,50996,1096.555433,0.03989135463,0.01180772857,18,5.679099924,3.247482141,55,4,2,0,2680,0,0,3,3
9267,57,83874,6399.477074,0.1064790729,0.02016302895,33,1.572327281,0.9292129899,73,0,0,6,1387,0,0,4,1
9268,60,117661,7055.61186,0.05673326634,0.1035773684,1,2.59361047,5.07880793,19,6,0,7,4958,1,1,4,1
9269,29,126945,9001.064222,0.2367315168,0.07279691554,44,8.974844756,2.304492142,28,0,7,6,1075,1,0,2,1
9270,61,79682,2320.806795,0.213148477,0.08756374049,26,9.067208211,13.50396978,5,9,2,4,1455,1,1,1,2
9271,53,64200,6081.776813,0.03563974749,0.1995912187,18,2.817941181,4.529062011,25,2,1,6,4018,0,0,4,0
9272,65,42970,4389.239981,0.1902017656,0.1572755928,32,3.723738736,10.73215831,60,16,5,6,3500,1,0,0,2
9273,21,30895,3889.43939,0.263499297,0.1767075116,25,8.468280904,10.04084286,85,9,0,0,1006,1,1,1,0
9274,22,58071,1156.464197,0.2122356457,0.08002916721,46,2.837512887,10.85263653,42,8,1,7,2268,1,1,2,1
9275,54,72268,1428.909973,0.1582224548,0.0555164836,33,8.927421614,8.185612752,46,8,3,8,3504,1,1,3,1
9276,25,42258,8386.185768,0.1004403526,0.155918189,27,8.408719453,11.0803713,25,10,6,0,743,1,0,2,0
9277,59,108890,7522.55898,0.2672580574,0.1634394579,15,8.267952018,7.92968555,80,12,1,9,4649,1,0,1,1
9278,66,116177,3885.17719,0.1326134158,0.1144807047,21,9.025712732,5.975303872,0,8,3,0,1990,1,0,3,2
9279,45,77300,8302.017156,0.2580641383,0.1802288878,27,8.98228647,12.9473968,94,11,3,2,681,1,0,0,0
9280,48,81915,899.5852298,0.2370699531,0.1937917988,13,9.254871139,7.151529933,72,6,7,7,212,1,1,3,1
9281,26,28444,6285.261779,0.2467058199,0.0994939289,5,8.915879973,8.736537746,25,2,6,8,3170,1,1,3,3
9282,68,95147,8694.942922,0.2970412808,0.05230666688,10,6.462300838,7.24257733,63,11,6,1,3612,1,0,0,1
9283,46,96064,8404.755887,0.2271399696,0.1082514903,45,2.419526474,11.74473059,61,12,8,0,2014,1,0,4,3
9284,31,135923,3790.549323,0.01987187136,0.1980113125,19,6.482265186,8.32643356,5,9,2,9,4458,1,0,4,1
9285,57,86535,7477.815145,0.06957584114,0.06565610334,35,9.479904953,7.326296653,61,5,2,3,2004,1,0,3,3
9286,58,23760,4331.934641,0.02020659359,0.1273438715,48,9.709075032,4.238467679,65,19,9,1,1238,1,0,3,1
9287,39,56884,8417.367827,0.06507493528,0.1418568962,15,7.556172078,13.71735529,41,4,8,8,3038,1,1,2,3
9288,28,122715,5354.543307,0.0278174581,0.05064647093,5,7.244519454,13.01596801,26,12,1,8,3803,1,1,4,0
9289,40,145491,7672.084786,0.1554689419,0.1218072333,7,9.445915357,6.756658078,64,19,2,4,558,1,1,0,0
9290,18,107477,877.8586647,0.01817980181,0.06975633113,44,3.621495277,10.06593138,29,19,8,4,1404,1,1,3,3
9291,63,46022,5941.257119,0.1470479389,0.1722998257,35,2.358833713,7.867640487,81,8,9,8,2570,1,1,3,1
9292,54,74504,5547.813357,0.2706638631,0.1458031784,47,3.610006719,3.0546589,97,8,5,6,4416,1,1,2,2
9293,38,63130,6138.769545,0.2270870436,0.1669906212,48,9.540536761,5.952422365,84,6,4,1,1468,1,0,2,2
9294,43,63881,6986.851918,0.2837472179,0.04793965497,3,2.910768158,12.87165678,64,6,8,5,3238,1,1,2,2
9295,63,82399,9189.278803,0.07572756439,0.01656919408,47,3.022641193,12.06285172,46,0,6,5,3700,1,1,1,2
9296,53,56451,7878.25261,0.1640148868,0.1715998801,33,2.736541882,1.986123731,31,17,1,9,4352,1,0,0,3
9297,40,71413,2274.416115,0.1023880414,0.08348329808,19,5.363197064,1.59215956,33,11,9,0,4872,1,1,1,0
9298,18,112057,8276.373066,0.1532077408,0.04414725826,23,8.167495983,12.87599275,46,13,8,1,4327,1,0,3,0
9299,68,82278,1308.588808,0.1715519906,0.0274601194,44,4.436669175,13.53996897,13,14,5,1,1236,1,1,2,2
9300,57,133286,6259.765998,0.02049397784,0.1081351532,2,1.901088843,4.7663806,4,2,2,0,73,0,1,2,0
9301,32,49639,8839.262702,0.07764427921,0.038524311,27,7.661819111,5.564654591,35,2,0,5,904,0,1,2,3
9302,38,54621,1101.108337,0.214384106,0.1176714846,29,6.488463852,5.369140696,95,18,3,2,1410,1,1,4,2
9303,64,116985,8511.957268,0.2341491271,0.1481882431,28,5.312349976,2.341041532,8,8,7,8,1692,1,1,0,3
9304,26,143479,8006.345269,0.1751408966,0.1116610526,20,9.676888265,11.30265381,34,17,4,7,3925,1,1,1,3
9305,26,33079,5087.376795,0.08854041811,0.1817029587,41,5.233819512,5.86624704,24,0,4,6,3301,1,1,0,1
9306,27,147015,3158.086263,0.1274743938,0.03955822862,26,7.592762003,12.62529368,74,16,1,4,41,1,1,2,3
9307,69,26895,4113.838458,0.03785067545,0.1038511599,49,2.426502396,13.23852915,45,11,3,2,2408,1,1,3,1
9308,43,113515,9689.715543,0.2864220889,0.04100618728,24,4.748822209,13.73550492,12,17,3,6,2141,1,1,4,2
9309,58,72142,2096.805806,0.2619164667,0.176421366,2,2.910404142,12.36016064,60,1,8,5,2804,1,1,0,3
9310,52,131239,5838.08245,0.0290246806,0.1871254625,0,4.13325326,11.93920557,29,6,6,1,1175,1,1,3,0
9311,69,147157,924.083404,0.05828229304,0.08599921751,22,5.317451805,7.017575102,97,3,6,4,3074,1,1,2,2
9312,42,32552,2257.141335,0.1785173879,0.06809216899,42,2.570470598,0.8907383286,31,3,8,4,1068,1,1,2,3
9313,43,112930,7656.832242,0.0774047215,0.06307005813,4,8.227407872,2.12490793,29,10,8,2,665,1,0,2,3
9314,28,68821,3095.7305,0.2809762024,0.1733481957,30,4.384099453,8.197692668,81,3,4,1,4322,1,0,2,0
9315,55,117812,9859.084099,0.2291212685,0.1396639657,24,9.069285495,5.720370236,55,14,0,1,2994,1,1,4,1
9316,19,53630,5058.088727,0.08925453874,0.1773126804,34,7.071909788,12.52168582,66,1,1,4,1758,1,0,4,3
9317,24,90063,5213.739321,0.01176940925,0.0323281976,42,2.589453347,8.665528412,70,1,7,0,3360,0,0,0,3
9318,35,32247,459.5159194,0.2418397434,0.1004453063,0,6.777742336,1.93308737,54,8,5,5,2426,1,1,2,0
9319,44,37603,9569.614821,0.1329860158,0.1384740279,14,1.209228711,7.438700897,97,12,9,8,4002,1,0,4,2
9320,51,122099,1824.911065,0.1962895364,0.1804472445,38,8.26639192,12.41846467,7,14,7,0,1359,1,0,3,3
9321,44,65564,5429.571928,0.09322269937,0.08258365064,23,9.768018393,13.01467682,42,18,2,2,2328,1,1,4,1
9322,34,131038,4017.178639,0.05143324521,0.06948711381,33,7.099817325,2.907830889,47,6,2,9,973,0,1,4,1
9323,60,20527,4214.288537,0.2058403616,0.1834634847,46,9.338445023,1.954346424,57,16,5,4,712,1,1,0,0
9324,61,76521,6468.671644,0.1405941306,0.01903132127,17,3.653191853,6.111363497,31,15,3,2,1929,1,1,4,1
9325,68,88458,6654.677903,0.07819921331,0.1011231431,24,4.812298966,1.449973961,77,3,3,1,3030,1,1,3,3
9326,41,25849,1627.457287,0.04991211987,0.09713904652,35,4.821376558,11.03221291,68,3,3,2,3756,1,0,2,1
9327,42,115836,5045.907866,0.1783390824,0.03775071864,0,2.008265229,6.989224031,6,7,1,6,2693,1,1,1,3
9328,24,113316,7925.726747,0.2204094827,0.08504052112,8,8.167987935,3.374229951,73,19,6,6,2203,1,1,0,0
9329,69,70314,4488.536187,0.09232721902,0.1472939506,40,5.455598161,1.985799505,19,10,4,4,2828,1,0,3,1
9330,23,65724,1741.464261,0.2231913353,0.07970500447,30,5.413850792,13.94660501,61,8,4,1,3660,1,0,0,3
9331,41,113676,3200.847737,0.06310543763,0.06883549113,21,7.016218904,1.124367622,20,13,6,0,1855,1,1,2,2
9332,50,37230,2202.557685,0.1081405504,0.1585601446,37,2.538885419,1.919236691,91,9,4,2,625,1,0,4,3
9333,66,112229,1345.592932,0.2260158632,0.1978559281,45,8.291404946,3.896424887,28,15,0,6,2973,1,1,4,3
9334,46,92495,3838.053162,0.2014416207,0.158076951,40,4.292845222,1.872720661,69,13,1,0,2180,1,0,3,0
9335,60,121390,5455.268808,0.0884518518,0.1708052248,1,1.716768452,9.842120708,37,19,4,6,885,1,1,2,3
9336,39,62730,820.2401002,0.04541915045,0.1885051425,40,2.712927007,3.664174447,41,9,6,5,3801,1,1,1,0
9337,43,105203,6077.851385,0.02231729323,0.1623367686,44,3.275672122,7.458985602,2,18,9,3,1459,1,0,1,3
9338,45,111937,9930.941958,0.2529954022,0.1962673151,19,2.601508716,12.97352545,36,7,1,9,1484,1,0,4,3
9339,67,133723,9644.836827,0.03179116537,0.1519840084,22,3.180033272,12.4591946,16,5,7,5,1200,1,1,2,3
9340,38,23323,8308.817472,0.04330509414,0.1356892847,11,9.962667366,2.620536716,32,19,4,3,481,1,1,2,0
9341,66,20445,2736.777017,0.07893608278,0.1417362244,9,5.839541283,1.786603715,9,0,8,4,3166,0,1,3,3
9342,24,102945,321.8352051,0.1392442142,0.1810155471,31,6.426337681,10.13164334,36,15,5,2,2423,1,1,1,0
9343,34,29963,8352.062859,0.2390382533,0.1397715487,4,2.494240455,3.54942522,32,0,2,9,4956,1,1,3,2
9344,37,70511,651.6302966,0.08176929452,0.1546289825,43,1.396185923,11.83105924,27,2,5,8,4062,1,0,0,0
9345,58,142898,2135.718007,0.167617392,0.0510418874,28,3.793155915,6.800084742,86,7,8,0,2013,1,0,2,2
9346,66,140801,5490.086833,0.03620803139,0.1834034265,32,7.928335881,2.74053731,41,7,0,6,4609,1,0,1,0
9347,37,143440,1865.942588,0.1447081915,0.09497051601,22,6.029036413,14.6261351,57,1,0,4,1593,1,1,3,0
9348,39,35437,8354.50448,0.06151530808,0.04060279287,35,1.097049005,1.306405883,47,11,7,8,4052,1,0,4,3
9349,45,36855,7793.880993,0.07124555208,0.1619595664,12,8.098924124,2.302267127,50,15,6,1,4350,1,0,0,1
9350,57,101947,7582.118107,0.1163802459,0.07771467335,49,1.935996749,12.27453615,9,10,0,5,550,1,1,3,1
9351,66,143439,8179.663397,0.2307908326,0.04498263716,1,4.963428199,7.063935814,7,16,7,2,3602,1,1,4,3
9352,24,30847,2275.047625,0.2257560647,0.05868772024,10,9.995262679,14.10175019,15,13,4,3,4424,1,0,1,2
9353,18,23236,7316.034524,0.1303421632,0.01664030627,27,2.092302856,2.138339442,95,4,8,3,1139,1,0,1,3
9354,49,81897,3617.286876,0.04441463472,0.02721836675,24,8.335237365,2.776263982,61,0,2,1,2323,0,1,0,1
9355,30,143824,6701.76312,0.09140056981,0.1225986997,35,8.192872375,0.5264545995,48,7,4,0,1154,1,1,4,0
9356,47,138636,1308.015113,0.1565531752,0.1745813873,17,5.005368839,3.648178237,88,8,6,2,3656,1,1,2,3
9357,40,33487,7085.307143,0.2621294158,0.09522077855,38,9.894386709,10.03027808,14,1,9,9,4698,1,0,1,2
9358,68,97384,9723.866506,0.2907938383,0.128951047,8,3.771714965,10.98829142,15,12,7,7,2109,1,1,2,3
9359,36,82423,531.6436167,0.1948665712,0.1638492892,1,3.842039949,6.734122711,80,10,2,2,4804,1,1,2,1
9360,49,33155,1028.906122,0.1116990822,0.07778609299,35,2.371551735,4.231694432,26,15,0,0,4547,0,0,3,0
9361,47,31255,1324.003997,0.2111015016,0.1343196734,45,4.327789559,10.8867815,46,3,5,3,2194,1,1,3,1
9362,46,140860,4362.582659,0.1075067394,0.0765821609,16,3.667725614,3.002841304,25,6,4,8,3684,1,0,1,1
9363,66,21979,2978.723831,0.1913873015,0.1321159174,32,6.440401706,11.62274558,71,16,4,5,783,1,0,2,1
9364,62,145596,8088.50952,0.08069230579,0.05134546683,34,1.366594539,11.90555036,40,6,5,8,4303,1,1,3,1
9365,46,41305,4790.493668,0.08742672336,0.1957895343,32,3.792327538,6.895575402,10,1,2,0,1172,0,0,4,0
9366,47,94543,4896.919693,0.03181542082,0.02447377603,31,1.042359424,3.307308689,90,17,4,0,801,0,0,4,1
9367,33,55094,7198.677203,0.1318409341,0.1059942414,19,1.056792681,9.633171495,8,8,9,5,1220,1,1,4,2
9368,57,55098,3683.492927,0.1892706108,0.06439631848,29,8.382696556,12.87508933,53,8,0,2,463,1,1,4,2
9369,36,109566,3596.751749,0.2387505337,0.1241591886,21,7.748343029,8.177856063,10,10,7,7,577,1,1,2,1
9370,35,53770,7593.571238,0.245001078,0.09137832618,24,7.697267322,7.185485095,6,3,8,3,479,1,1,4,2
9371,18,29734,7822.413284,0.2978088904,0.06826646165,44,4.182713732,14.69874642,27,3,3,8,3661,1,0,2,1
9372,31,91984,242.5478481,0.03544916049,0.05750715127,45,7.29319168,8.292670634,93,4,4,5,2196,1,1,1,0
9373,68,59605,1523.525711,0.1530096628,0.0446747367,43,3.30881885,0.9961380194,61,16,6,1,443,0,1,1,0
9374,64,97932,2209.671993,0.1611986269,0.1587470701,10,3.784611726,7.779724898,54,4,9,0,4201,1,1,4,2
9375,67,75619,3580.844641,0.2433146936,0.05221798805,49,6.06235948,6.956434918,35,3,4,9,2477,1,1,4,2
9376,19,144109,2985.336026,0.08724396952,0.1569699773,33,7.296591542,4.735508008,72,2,3,1,4367,0,1,4,1
9377,45,47881,6718.348479,0.03011797278,0.1021573357,27,3.391541786,5.101625033,98,0,7,0,3210,1,1,1,3
9378,66,83401,8298.538815,0.100990055,0.02372332406,34,7.113559356,13.99696824,62,19,5,7,2045,1,1,3,1
9379,67,51177,2001.661125,0.2953390704,0.04143410875,3,9.662438129,2.437155604,50,2,1,1,3104,0,0,1,1
9380,47,60122,5673.5026,0.2708379474,0.1796518824,8,5.444526008,11.57853855,76,7,3,8,4787,1,1,4,0
9381,55,132555,3741.380886,0.1246216187,0.1245350062,42,4.663965063,13.58508599,47,5,2,8,74,1,0,3,3
9382,68,55297,5107.200963,0.2641188796,0.04502330396,21,3.092493903,4.262521089,67,1,1,8,2017,1,0,3,3
9383,21,131513,6245.502634,0.01949880039,0.1437153339,24,4.205338305,1.46881191,9,0,5,9,3752,1,0,0,1
9384,18,136118,8946.638205,0.1011191825,0.1664197314,20,5.759384555,4.953619861,25,19,9,5,778,1,1,2,0
9385,25,56680,2003.697411,0.2207754359,0.07282409804,24,9.496967342,6.776779027,66,3,0,7,3193,1,1,4,2
9386,46,103452,961.3652119,0.07422115279,0.1157530904,40,3.346774133,14.29565204,52,8,9,9,4102,1,1,2,0
9387,56,71044,6309.397999,0.06753337593,0.06575549435,16,3.083169434,6.737041457,42,11,3,2,1747,1,1,0,2
9388,20,116775,4001.895403,0.2599241883,0.02521172637,14,9.645273178,1.834824333,16,18,7,8,2959,1,1,2,0
9389,49,64084,1712.736664,0.1886266487,0.08590672477,40,6.45259521,2.629885805,26,13,4,8,796,1,0,4,3
9390,27,54189,1259.162957,0.2968165883,0.1527720836,6,7.617430568,5.614625721,21,17,2,9,2308,1,0,0,0
9391,27,33510,5633.20689,0.04905420612,0.09714925299,31,8.467261568,3.170723473,35,16,1,4,2772,1,1,2,1
9392,36,110502,3074.658886,0.1132772381,0.08700111152,7,1.736112801,1.378224916,71,17,5,8,3470,1,1,1,2
9393,63,42152,9974.521158,0.1002518778,0.07954136588,2,5.363319749,3.041267991,32,16,3,9,3286,1,1,3,0
9394,51,104738,4118.418111,0.2652383489,0.09719419631,32,2.2609196,2.029616423,89,8,6,7,4530,1,1,0,0
9395,50,46445,2201.637427,0.08403599081,0.07046350091,35,6.618824413,3.439125262,94,11,7,6,1527,1,0,1,2
9396,40,96688,6325.605547,0.1125036893,0.126314997,16,9.583588587,14.94858753,52,18,8,9,620,1,1,4,0
9397,45,91153,2518.123408,0.05142182395,0.02207753611,0,1.506281609,6.958424093,10,14,6,3,3420,1,1,3,2
9398,49,21195,4991.451828,0.234866285,0.163403753,35,3.466942189,10.04969226,92,17,8,4,832,1,1,0,3
9399,67,124533,4877.504219,0.07893395235,0.04290171996,39,9.997133812,2.896587763,28,16,3,0,3844,1,0,3,2
9400,24,79949,4590.220534,0.02981287895,0.1303544984,16,1.049387449,12.8147297,37,13,0,4,456,1,1,0,2
9401,46,45433,7981.248393,0.1361815325,0.09547767938,43,2.256003288,4.370138885,57,9,6,1,992,1,1,0,3
9402,25,25305,2244.468715,0.1235228559,0.1569637739,47,1.726941578,14.74611241,14,19,1,0,2053,1,0,2,0
9403,18,146107,9052.64232,0.06150666925,0.1669665975,36,7.876569731,12.63226353,53,1,9,1,1624,1,1,3,0
9404,20,78860,7934.270982,0.04874329237,0.04879807072,24,7.758364105,14.28763595,61,15,8,7,4285,1,1,3,3
9405,41,93613,3397.911406,0.2700015919,0.138664038,24,7.998263331,10.19037941,56,5,5,5,3793,1,1,1,1
9406,40,68648,1887.964812,0.0296749011,0.04608242629,12,7.973706672,10.04233094,78,4,8,5,1083,1,1,4,2
9407,25,83090,2867.396743,0.03880017744,0.03355966956,12,8.51698252,12.6959084,70,0,7,8,2856,1,1,1,0
9408,64,116921,3393.098844,0.08106371153,0.1867562593,11,7.955912684,10.87275276,57,6,8,1,3021,1,1,2,0
9409,54,62113,5613.638371,0.286323365,0.04123392338,31,5.351917947,9.289736757,48,6,6,0,521,1,0,0,2
9410,20,135530,559.0448713,0.03476143236,0.05334506719,34,7.709359573,5.694898039,52,12,2,4,4688,1,0,2,2
9411,68,123504,9152.155386,0.2466442998,0.03476156148,27,6.378548435,3.731569516,28,4,9,3,325,1,0,2,2
9412,50,140609,1076.881081,0.2686951245,0.09935545898,43,4.298703166,11.84254495,32,19,4,3,3234,1,1,1,1
9413,45,62642,2864.806602,0.119581645,0.1847253913,19,8.529171767,6.097723328,45,17,2,7,1974,1,1,0,3
9414,64,53062,1181.945636,0.09522937595,0.06017059036,27,8.092357151,1.387470946,53,7,2,1,4368,0,1,4,1
9415,25,91633,2641.060983,0.2064395412,0.1129519048,30,2.561423115,7.454520116,79,14,6,0,3590,1,1,2,1
9416,51,124716,8392.970804,0.2137640342,0.08817716005,23,1.219856141,10.03391917,97,15,5,1,4796,1,1,4,2
9417,52,61604,6190.240533,0.2361933772,0.07384178806,10,3.843773577,0.8340577649,84,8,4,8,2318,1,1,0,3
9418,49,130129,2350.499928,0.2508643666,0.1187090113,41,4.633907473,10.7242556,6,15,4,6,4581,1,0,0,0
9419,41,26678,8730.409445,0.08783468224,0.1161896512,15,2.569218031,3.757903757,28,5,7,3,2233,1,1,1,2
9420,31,52121,8027.049386,0.2092188645,0.07827965417,37,8.696136455,3.724180016,8,10,0,9,1526,1,1,3,3
9421,49,68503,7561.127895,0.04912266004,0.1716070263,16,1.302225279,8.661781871,48,12,3,8,458,1,1,1,0
9422,63,145015,8491.563714,0.1581120861,0.02010270047,44,5.352570268,5.390766033,70,1,4,9,298,1,1,4,1
9423,60,106940,6234.531847,0.1877372058,0.02619529508,49,1.499296634,7.033464194,77,16,8,9,3892,1,1,1,3
9424,33,91279,5064.229866,0.05690226164,0.1982484394,43,5.829735145,7.939116963,93,1,0,5,1258,1,0,0,1
9425,21,36494,3801.956759,0.03218689652,0.1520597533,4,5.172843165,13.85483599,87,12,8,7,589,1,1,2,1
9426,69,127079,2315.263802,0.06647642302,0.1627464917,19,8.021369752,3.471058238,50,18,5,4,3706,1,1,3,3
9427,54,64185,5618.375411,0.1319707369,0.1245132043,47,7.207075085,7.232453345,97,0,2,9,1100,1,1,0,0
9428,38,29678,8905.974223,0.2674738836,0.08977348095,34,8.595598267,11.89681253,7,4,2,1,2788,1,1,2,3
9429,31,57632,5980.419711,0.1642551831,0.129553107,47,5.899118684,3.474924553,54,15,3,9,3276,1,1,4,0
9430,48,66235,9204.107931,0.2270629386,0.02759109407,42,8.401934052,1.694534475,64,5,4,8,2158,1,1,4,2
9431,65,21648,3633.481959,0.0605019132,0.153976142,13,7.472219746,0.7575853328,97,13,8,4,1830,1,1,4,2
9432,35,101213,6981.865928,0.04073367744,0.112741179,25,8.015507853,2.004128481,83,7,5,3,4143,1,1,1,2
9433,24,134222,6521.788177,0.07948903371,0.1917790592,44,6.406094197,4.481562812,94,17,4,7,405,1,1,4,1
9434,27,108301,6737.295056,0.1010253197,0.131120299,42,7.476185528,6.434218455,78,4,5,1,4900,1,1,4,2
9435,24,87917,6485.915921,0.1689495855,0.03882158206,45,4.61543469,9.109721696,14,10,5,6,1635,1,1,1,1
9436,50,36489,2294.381282,0.2655605629,0.1007345218,41,1.764838504,3.401312404,50,12,8,2,744,1,1,2,0
9437,40,97281,1521.549893,0.1335668589,0.02098622735,23,4.749268433,4.410588033,33,8,9,5,4344,1,0,0,3
9438,38,25818,9788.419737,0.1604514745,0.1516316163,30,2.560603615,10.63666637,68,14,6,1,4650,1,1,3,3
9439,36,128190,548.4217755,0.01133792544,0.1053479891,17,6.664413468,13.68061518,85,12,6,2,44,1,0,4,1
9440,65,144613,4730.591222,0.01966049824,0.08023414026,38,3.369181157,2.464963842,11,2,3,9,3554,1,1,4,1
9441,36,53149,4308.29514,0.03429306798,0.1940243825,49,9.623273478,7.351469263,44,2,4,6,3705,1,0,4,1
9442,53,47312,3664.187686,0.2127082848,0.1887137186,21,3.440742991,4.783559411,30,14,6,0,2271,1,0,1,0
9443,46,57124,7841.64015,0.1509954969,0.1910380794,20,1.883194301,8.155568705,53,17,7,6,643,1,0,1,0
9444,35,124222,7478.967854,0.06595874757,0.05198434602,33,8.925610982,2.227401451,92,19,5,6,1518,1,0,1,2
9445,19,21316,9061.726743,0.1818538372,0.1484282232,24,4.729701879,4.430066592,21,8,7,8,4586,1,0,3,2
9446,18,90990,4015.326509,0.167937524,0.1896226061,39,4.202079613,10.77849562,71,15,8,4,2721,1,1,0,3
9447,64,80046,5685.377327,0.03575179752,0.1184653488,46,8.968495261,12.3799944,63,19,0,7,2214,1,1,4,2
9448,22,98643,8933.839769,0.1957197041,0.05069046535,29,6.881092703,9.513858952,59,16,3,2,1230,1,1,2,0
9449,37,89610,9939.095822,0.2324749131,0.1653843681,5,5.789544573,14.19465512,27,12,8,0,422,1,1,4,0
9450,28,106724,9696.014187,0.09310077824,0.177184467,44,3.944159292,9.967057482,20,11,4,1,1808,1,0,4,0
9451,59,133115,7206.654326,0.20937177,0.1436147234,24,3.632447337,11.32559981,74,0,3,4,4701,1,1,4,0
9452,19,117504,1517.952822,0.06791865993,0.06577504673,4,6.215601207,5.682694488,74,5,8,9,4732,1,0,4,3
9453,20,135594,329.5415168,0.229451356,0.04623184074,28,5.512551642,2.963089983,86,5,1,8,1803,0,0,0,3
9454,40,84042,8269.661728,0.274414509,0.1286112622,21,3.484024952,10.03922099,76,15,1,3,1285,1,1,2,0
9455,29,125925,8425.326042,0.1381414659,0.1017320997,2,2.65643315,13.82675955,42,13,7,6,2460,1,0,1,1
9456,37,135350,7488.972992,0.08094040268,0.1370687176,46,8.362085637,14.73756449,26,6,7,9,3840,1,1,2,2
9457,22,148295,2871.242511,0.1257612436,0.03122293644,29,7.189722105,7.025682781,22,2,4,6,2475,1,0,4,3
9458,54,43102,6434.19681,0.08252246707,0.0358235747,23,9.939637215,8.325749208,96,2,5,0,4446,1,1,2,1
9459,55,149665,3230.859574,0.01035941897,0.07894901564,40,5.642200954,5.012618299,89,14,4,1,4511,1,1,4,2
9460,47,134430,4561.417636,0.1986324174,0.05916445465,16,9.949491327,10.25146447,35,6,7,7,3168,1,0,2,1
9461,26,126958,3886.107341,0.02233272617,0.1276743399,48,5.147438825,11.59570133,96,3,5,3,4051,1,1,3,0
9462,51,145782,9145.036859,0.07101331466,0.07983270058,44,5.814611021,1.097349845,37,5,5,7,2052,1,0,2,2
9463,61,51957,2418.157574,0.2195103713,0.1399544494,49,2.881963371,12.77611789,15,12,6,7,3839,1,1,1,1
9464,52,32872,5818.347955,0.203060254,0.1560716964,19,2.345582002,7.950075699,73,6,1,6,4496,1,0,1,3
9465,69,70094,3673.717137,0.03126538449,0.04556183834,25,9.461975452,8.905866384,42,12,8,1,1312,1,1,2,3
9466,39,67719,6664.404008,0.2014158749,0.1847665287,4,9.830941201,3.490279,40,17,2,5,681,1,1,2,3
9467,61,93885,5689.175098,0.279866718,0.1595603697,12,5.928037299,0.649357122,43,10,8,0,3990,1,0,0,2
9468,41,141103,9247.379046,0.03160571602,0.1290883524,38,3.450285537,14.30694809,51,6,9,4,4677,1,1,2,0
9469,34,148826,1105.960302,0.130549586,0.1826964824,3,9.562625371,13.96180579,16,11,4,3,1329,1,1,1,0
9470,27,39693,2284.344314,0.2215358281,0.06051506243,44,8.17073125,11.72793261,51,6,0,9,4415,1,1,3,2
9471,47,70478,7686.844842,0.2036396709,0.09012550837,16,2.618275297,7.367161296,42,9,9,1,888,1,1,1,2
9472,63,118163,3750.989715,0.07568805732,0.02629952628,39,3.685066047,5.105504544,22,13,3,4,4069,1,0,0,0
9473,40,63677,1741.259484,0.05728951047,0.09667454602,34,1.037858907,2.76313256,0,4,5,0,4486,0,1,2,3
9474,49,80012,5082.880467,0.2374316312,0.1062161386,30,6.238022161,1.673345921,92,18,2,2,2638,1,0,3,0
9475,34,30760,6556.20641,0.28731095,0.1270527155,15,5.73756603,7.130923578,24,4,5,6,701,1,0,1,0
9476,67,31584,543.7844701,0.2325992056,0.02216745049,33,2.475000521,11.98758484,5,0,0,3,2956,0,1,3,1
9477,68,22106,2987.056705,0.2893292998,0.01616854365,31,4.053939307,11.02587187,73,13,9,6,2876,1,1,4,3
9478,34,33669,8113.283123,0.185448673,0.0897791314,32,9.452985105,11.46104282,53,2,9,6,4994,1,1,1,2
9479,31,139487,5250.421209,0.2794386696,0.04593532933,7,6.840942298,2.220427344,77,6,8,5,3517,1,0,4,0
9480,26,45223,450.2542302,0.2102263514,0.154169785,29,8.766996364,13.00986189,22,3,8,2,2070,1,1,3,3
9481,57,80666,2891.314952,0.2735765776,0.137059894,2,8.544804123,12.15759935,18,5,3,9,3987,1,0,2,2
9482,19,55706,6427.492494,0.05686080071,0.07190712513,16,9.2859351,1.864287503,55,10,1,7,4893,1,0,2,1
9483,62,88019,2073.658749,0.2465139126,0.01869882038,23,1.37386625,5.669725729,52,10,7,9,3821,1,0,2,1
9484,42,81585,8291.174922,0.06705628228,0.04466428853,15,3.362237796,5.940750946,30,3,6,3,714,1,1,4,3
9485,56,47482,6798.10148,0.01795443956,0.1414190751,19,4.740157391,11.1591181,37,15,0,1,915,1,1,2,0
9486,26,80369,4766.652703,0.1600999789,0.1981313297,9,6.760878909,12.9770093,18,16,5,1,3520,1,0,0,2
9487,39,54143,9164.675433,0.1022930164,0.07202747697,23,6.473140608,5.948021752,0,18,9,0,1006,1,1,1,3
9488,60,44240,3978.827632,0.02262409492,0.1623792945,46,3.214955491,2.397163821,76,2,4,0,3268,0,0,1,1
9489,63,30015,2427.226765,0.2942882698,0.1747483334,6,2.735235509,1.697144412,49,5,1,0,865,0,1,3,2
9490,21,102164,6647.889626,0.2032751677,0.01915436571,47,4.93670597,9.76321014,97,15,4,8,3268,1,1,4,2
9491,43,83023,5775.622356,0.2715255302,0.1840821036,48,3.255574238,7.720683106,57,12,5,2,3175,1,1,1,0
9492,46,71500,3418.954219,0.2997339499,0.09857851383,19,9.68600666,13.57969877,80,1,9,6,108,1,1,4,1
9493,62,83925,3502.279157,0.1236703536,0.1932060192,12,9.689132698,14.32615759,31,6,5,4,2503,1,1,3,1
9494,51,110979,4042.282055,0.08387373833,0.1123256072,28,2.020174473,13.5218349,48,18,1,6,4931,1,1,2,1
9495,40,116355,2982.271818,0.06332647388,0.05467726688,9,7.345844179,1.596686986,97,0,0,6,1322,0,1,3,2
9496,54,100596,7131.389923,0.1594042613,0.1951869784,8,3.054051424,4.621825405,96,1,3,5,2019,1,1,0,1
9497,28,112973,6548.44821,0.1857634255,0.05622793368,6,7.456889238,3.962707506,91,16,3,4,3563,1,0,2,3
9498,23,69631,4463.69876,0.1470025934,0.1776708632,43,7.903959832,1.495616058,43,19,8,8,4818,1,0,2,1
9499,35,96190,4038.76129,0.1223030843,0.042894414,32,1.4335022,13.81495182,28,14,0,6,1301,1,1,2,2
9500,38,83652,3714.007567,0.0587990434,0.1382058388,23,7.258134956,13.47439783,87,0,9,0,4827,1,1,3,1
9501,59,71087,2906.336382,0.1381392909,0.08814540569,15,9.07117289,6.166123843,47,5,0,7,1373,1,0,0,1
9502,53,99789,948.3969653,0.03472050975,0.1946834529,31,2.946721633,14.40129442,79,11,7,1,965,1,1,4,2
9503,58,74909,2755.226387,0.2608638501,0.04510679992,3,2.040108991,8.668511619,76,16,4,4,2280,1,1,3,1
9504,55,31565,3279.893352,0.02360176911,0.08767098787,13,6.101420843,6.793458495,25,7,8,2,2428,1,1,1,0
9505,51,47597,5522.071662,0.1203873579,0.1315575016,28,5.65713326,8.469925309,6,17,5,4,4722,1,1,1,2
9506,34,113304,7760.50624,0.03903998202,0.1957478804,21,8.97192917,6.619805693,43,18,9,9,2852,1,1,3,1
9507,54,85623,4017.451234,0.2347443448,0.06773398456,22,5.059773078,4.732364789,13,14,2,9,2715,1,1,4,0
9508,42,29432,9453.093368,0.1006937239,0.0854054997,25,4.721945664,3.125981072,51,12,0,7,3850,1,1,1,3
9509,55,94300,8290.764638,0.04280062767,0.09774047759,25,7.42573055,7.179065156,31,15,9,9,4634,1,1,4,2
9510,29,143693,9849.538294,0.1641324767,0.05801309335,48,1.696851838,8.196263799,74,14,5,0,2378,1,1,2,1
9511,40,85714,8774.410106,0.2757203321,0.1652973931,43,1.513390054,12.41351482,31,13,2,7,2556,1,1,3,2
9512,59,111837,6205.586898,0.2735070126,0.02747916509,46,5.544260192,7.363988524,74,3,3,1,971,1,0,2,0
9513,39,69314,6024.944949,0.08239880193,0.143910087,21,1.801284175,12.52646968,83,19,2,3,1082,1,1,1,2
9514,38,120944,1382.308655,0.218701306,0.1114465043,43,9.45218287,14.34245691,56,12,6,5,1979,1,1,4,3
9515,44,61965,7251.752564,0.01878241592,0.05596612164,2,6.888171228,10.96157014,51,4,8,7,2877,1,0,2,1
9516,48,117449,6042.04789,0.04823702099,0.10363779,41,7.782836708,2.235859867,33,7,4,5,3090,1,0,1,3
9517,23,104268,5118.627824,0.1548469874,0.1676903275,16,3.059854875,7.18834713,60,0,5,2,810,1,1,0,0
9518,44,87957,6963.540038,0.076339366,0.09463390475,13,5.446236982,12.92229108,61,12,4,3,4027,1,1,2,2
9519,57,63715,4496.073644,0.2414959376,0.03316057533,44,2.204615766,7.628809076,85,4,2,1,4179,0,0,0,1
9520,51,73450,5286.210658,0.2800109299,0.0177523728,29,2.827933027,12.25555149,86,7,2,8,3903,1,0,0,1
9521,29,106062,4043.687818,0.01125666178,0.1577812959,12,6.113879515,11.75047203,92,6,3,8,2885,1,0,1,0
9522,62,81902,7201.971844,0.07754559058,0.07278229771,25,3.519212809,2.817749282,75,18,4,6,232,1,1,3,0
9523,24,48317,8778.448608,0.1374704704,0.1869364923,39,9.254153588,5.277580146,30,9,6,9,2522,1,0,4,2
9524,27,139191,8424.364897,0.1732929936,0.1272579644,31,9.95718669,11.5767096,28,9,8,4,2351,1,0,1,1
9525,62,86753,7881.650193,0.2756118055,0.09289393932,45,1.035340175,2.808080221,30,6,4,2,2961,1,1,2,0
9526,34,55242,236.498275,0.2686462122,0.1172483348,33,7.831889374,6.630450748,11,18,1,0,456,1,1,4,1
9527,43,20929,9127.616592,0.1947793288,0.09685520253,22,2.038022436,2.491667597,34,13,8,5,1474,1,1,3,2
9528,38,126262,2821.269635,0.08464252408,0.1821041057,33,6.171606502,3.917709256,56,7,4,3,1553,1,0,1,3
9529,45,143196,8890.942035,0.2371534649,0.09702415518,43,3.056351932,4.641505049,40,3,5,1,3703,1,1,3,0
9530,63,119806,2049.984221,0.06876901367,0.02977225663,11,9.683865364,8.188845714,26,14,8,9,2031,1,1,2,2
9531,19,118724,4452.492939,0.289899974,0.1234467274,22,8.8822629,13.72261694,14,4,3,6,3922,1,1,1,3
9532,60,33580,7519.048064,0.01169357556,0.1283663988,27,6.358581268,6.090586803,93,3,2,1,2713,1,1,2,2
9533,18,134144,6438.761558,0.1752334461,0.1554127138,18,2.584149396,12.82450189,70,11,3,1,352,1,1,4,0
9534,68,124134,4217.627186,0.03563520161,0.1873239869,47,8.044131468,10.58007638,35,5,7,7,2336,1,0,4,2
9535,53,115967,6818.376182,0.1282038638,0.0941855196,33,5.682682178,11.81657854,23,7,6,7,3717,1,1,3,1
9536,68,40742,5534.600149,0.1941307267,0.07689455526,7,6.504068376,11.55199083,81,5,6,7,3513,1,0,3,0
9537,43,37833,2829.789436,0.2099835637,0.103246493,33,7.461488994,4.880711277,23,4,0,3,2232,1,1,4,1
9538,46,116421,6498.66151,0.2378151462,0.1810377914,41,4.74698802,3.925631876,95,8,1,6,4744,1,0,0,2
9539,38,91347,2122.046155,0.1820650338,0.1961966525,15,1.069650857,14.67495693,75,18,2,7,1417,1,0,4,0
9540,28,94155,6970.484014,0.08288261187,0.1945346513,6,4.277544769,11.19849791,27,9,0,8,592,1,1,1,1
9541,57,109791,130.7976885,0.2678834405,0.05364214743,26,4.722635552,5.803785033,74,10,8,1,179,1,0,2,1
9542,28,110508,5532.847886,0.2452211498,0.1044101187,19,4.302328908,8.538543697,2,17,8,9,4947,1,1,4,1
9543,53,33527,4070.569513,0.05641517213,0.05930006491,34,8.479494159,11.75014285,2,4,4,6,140,1,0,4,3
9544,66,78139,3100.727361,0.2496882434,0.07991672865,16,3.991169951,1.30863901,28,10,3,3,976,1,0,2,1
9545,56,134527,5205.508876,0.2920669096,0.01601998005,27,4.747035917,1.935971487,31,16,2,9,754,1,1,2,1
9546,57,118410,6488.585162,0.1947935439,0.04051422406,7,1.554430054,0.8636523707,53,10,8,2,2224,1,1,1,2
9547,52,89585,9656.591436,0.0917235147,0.08544443139,3,7.451720568,2.878970706,37,15,1,5,2250,1,1,2,2
9548,51,61057,8347.33845,0.1859122111,0.07929388012,32,2.938768871,2.23063901,94,8,7,5,2572,1,0,3,2
9549,64,87439,7199.783843,0.1093351701,0.06297818471,49,3.115103921,7.214268178,55,18,6,7,3634,1,1,4,2
9550,41,142337,4841.772426,0.2060244765,0.05375881965,21,6.281687481,4.664392432,64,6,1,5,1529,1,1,2,3
9551,39,138258,3982.226785,0.1679919882,0.1523015857,30,9.851981152,1.1610485,20,19,2,9,243,1,1,1,2
9552,22,64261,422.0435804,0.2795522775,0.06596444296,0,4.691302113,7.01693537,40,2,1,0,871,0,1,2,2
9553,50,90912,3655.05934,0.1891934775,0.14424329,40,3.944417783,8.889363,19,16,2,4,2773,1,1,4,2
9554,53,20042,8498.933673,0.07205468828,0.08003877073,13,1.325856428,5.868338869,59,5,3,6,2008,1,1,0,1
9555,64,42769,3901.843362,0.2202818633,0.1623760554,6,8.08636483,4.275060875,74,19,4,2,4114,1,1,2,3
9556,37,87113,4669.691491,0.09725471218,0.04177433626,7,3.351587181,6.161606057,58,14,1,9,4892,1,1,3,2
9557,36,97918,2791.160798,0.08899337636,0.03994473727,7,7.919559805,8.038524044,73,13,6,8,4694,1,1,4,1
9558,52,42449,2813.914312,0.1236152214,0.1391377307,23,3.540389087,6.822402348,54,5,3,2,962,1,0,1,0
9559,69,58653,712.5304328,0.01347903693,0.1838338959,0,1.269000644,1.852494951,2,15,0,9,658,0,0,4,3
9560,60,48859,6176.658864,0.2910507914,0.03716747392,34,5.483904488,7.124154629,13,7,3,5,4439,1,1,0,2
9561,34,28576,4535.88709,0.1643760223,0.02400387739,40,9.154522345,10.94483203,44,14,8,1,3616,1,0,1,1
9562,62,65874,6099.011994,0.2343132292,0.1875810693,7,2.895319252,12.38995716,94,7,4,3,3768,1,0,0,0
9563,60,97199,5514.18031,0.08477714449,0.03229211933,4,2.385281195,6.873306684,98,0,1,1,1106,0,0,0,0
9564,51,56345,8008.561414,0.2265192582,0.05756971476,31,2.663061762,14.91000055,59,1,5,8,4646,1,0,3,1
9565,26,137926,7535.017932,0.1744794457,0.1866038918,0,7.212488963,12.72144508,48,16,6,1,4654,1,1,2,1
9566,43,134446,7737.393146,0.1330018104,0.1625543997,1,4.306573389,3.623082807,8,4,1,7,4442,1,1,3,3
9567,19,90780,5042.466169,0.2914940756,0.07512398459,41,3.304547464,7.123166635,53,11,9,3,2737,1,1,3,1
9568,26,144576,3603.425378,0.1532146771,0.1913602667,45,4.039277889,4.784227716,69,4,1,1,4640,1,0,3,2
9569,26,120438,9341.022246,0.2006629887,0.1179292175,14,3.781863,8.478478574,92,1,9,6,4784,1,1,1,0
9570,57,89428,637.2707598,0.01444923553,0.0237271699,41,5.893993753,3.749724179,51,13,2,3,4489,1,1,2,2
9571,34,112648,1610.950948,0.09742200988,0.1435827067,8,2.200001853,1.01082486,62,11,9,8,3995,1,1,2,2
9572,18,24321,4254.031013,0.2677205542,0.112082698,11,5.578492461,13.61353632,51,1,3,1,3160,1,1,1,2
9573,42,25776,6178.18076,0.2300981277,0.1187917296,9,3.805734595,8.036530748,21,16,4,7,3580,1,0,3,0
9574,60,128888,181.1837106,0.1656586705,0.1988798064,23,9.393683366,13.76695158,54,3,2,0,3464,1,1,3,0
9575,57,36119,7221.295911,0.2710463151,0.03897771383,40,4.796348219,2.213197668,2,12,3,9,222,1,1,0,0
9576,59,50569,5631.392774,0.1510039488,0.1347912211,49,1.900085362,2.696497321,1,5,6,3,3484,1,1,0,1
9577,42,147493,4898.557311,0.1742870486,0.09716080847,18,9.402480056,3.78401889,58,2,5,2,2179,1,1,4,2
9578,56,58596,4292.600884,0.1208243257,0.06165969373,16,9.437501225,7.128224825,27,3,1,8,336,1,0,0,3
9579,52,72967,5242.921614,0.1898116106,0.1417735104,1,2.579448859,13.26003036,36,7,6,3,4048,1,1,2,1
9580,20,53063,1701.678771,0.102510444,0.1369604334,9,8.347820303,9.9309727,68,1,1,4,2450,1,1,1,1
9581,67,118717,1176.246219,0.1217927315,0.1727340705,4,8.757467514,1.297568956,8,8,2,9,1218,1,0,3,3
9582,54,42340,2967.41104,0.2902346163,0.1769851547,38,4.200367915,6.404334393,61,9,0,2,3833,1,1,4,2
9583,61,95723,7124.097441,0.04227951714,0.1167456961,5,2.435504652,10.98719136,31,12,5,1,2528,1,0,0,3
9584,61,75430,5924.05005,0.04052405012,0.07185878755,1,8.186037532,5.174602176,80,16,9,7,2417,1,0,4,0
9585,68,132620,4853.217874,0.02256164564,0.1106202856,7,1.254754803,7.642143036,74,3,3,8,2513,1,0,1,2
9586,47,26668,5758.057562,0.1028129107,0.07825847407,3,6.574667312,10.81574522,34,9,8,7,4564,1,0,1,1
9587,55,100880,5636.654329,0.1254864803,0.06269765597,49,4.077775857,14.4922841,46,11,3,2,1879,1,1,4,0
9588,51,28195,3139.715062,0.03740953678,0.1147993218,30,6.364240706,5.331595226,17,16,9,0,4751,1,0,4,0
9589,29,102097,1064.813878,0.1692479887,0.1350074931,35,8.099627596,11.29347317,35,0,5,1,893,1,0,4,1
9590,36,143625,8978.14545,0.1791574434,0.1222085445,7,8.458643934,11.33734672,18,2,7,6,3806,1,1,3,3
9591,54,122658,6039.1215,0.2277977411,0.1913397091,30,9.986205777,8.369182537,24,5,4,8,4667,1,1,2,0
9592,61,77995,7007.705197,0.2930307538,0.06674086253,16,6.762028132,12.29378601,45,4,2,1,3266,1,1,0,0
9593,66,107834,4693.572521,0.1896121517,0.08074492016,45,3.011176639,8.273687133,59,11,8,5,191,1,1,0,2
9594,34,58250,7589.157742,0.04237873394,0.1368521364,39,3.484920957,9.562486119,94,10,2,8,4550,1,1,0,2
9595,27,146769,5886.522913,0.03567203054,0.1240681392,13,4.925305719,12.63972013,22,8,8,9,4960,1,0,4,1
9596,66,36076,632.6311088,0.2354885905,0.01035404321,7,8.636235618,7.4058508,77,14,1,3,772,0,1,4,1
9597,64,35376,8911.96065,0.1985968973,0.06933423902,24,4.301695236,7.43035375,26,13,7,4,652,1,0,4,1
9598,29,121575,3124.807853,0.05695517446,0.05821475197,13,7.194429575,9.070065894,34,18,5,7,1757,1,1,3,3
9599,33,75839,1465.118696,0.08347439208,0.1695838285,22,1.405789796,12.16082178,76,12,8,4,653,1,0,3,0
9600,41,84723,971.6059763,0.2275697123,0.1745872589,42,4.870521775,2.344198932,54,6,4,4,2206,1,1,3,1
9601,36,63442,7232.359107,0.1741851767,0.0639396968,40,2.503235129,11.68264637,35,10,3,3,2925,1,1,3,2
9602,25,25392,7069.286831,0.1796500181,0.02939351919,16,9.445986571,4.774007065,87,1,1,6,1583,1,1,1,0
9603,48,134977,7031.605036,0.07090251467,0.04898836994,48,8.122919328,1.529982052,96,0,0,2,62,0,0,3,1
9604,38,143682,9165.95245,0.1924268147,0.04354799579,11,2.248666721,11.98654591,70,6,3,4,3689,1,1,3,0
9605,34,47106,3554.535918,0.2334822927,0.05511271826,19,4.616662064,2.604576169,8,1,7,7,4735,1,1,3,0
9606,40,99845,5655.217258,0.2667231454,0.05458253144,33,1.725325474,3.592307218,20,18,9,8,4867,1,1,0,0
9607,54,44809,6233.006272,0.2236480242,0.1011693433,48,7.719028134,10.73943327,31,13,8,6,4557,1,0,0,1
9608,33,135095,9796.870103,0.1771489388,0.07073186234,10,2.722289766,8.685579489,65,10,0,6,4302,1,0,0,0
9609,23,20693,3192.226823,0.2052451991,0.1163661327,26,8.239005812,13.8471959,43,4,1,6,4664,1,1,2,0
9610,25,119473,9567.678879,0.1506823241,0.07538557862,8,1.666203868,14.3378507,88,10,2,0,3106,1,1,1,0
9611,42,114769,1572.469898,0.0758004905,0.1647886167,17,6.156617076,5.052443045,64,13,7,8,1165,1,1,4,2
9612,35,79821,7663.614415,0.2658400221,0.1906505708,37,6.473810875,5.20086291,74,8,8,2,2636,1,1,3,1
9613,42,94159,6365.57041,0.1644605636,0.08674450614,35,4.009012629,3.541255628,79,0,2,9,2967,1,1,0,3
9614,29,126086,8187.270769,0.1823523102,0.01939902161,45,2.477874006,8.005440121,86,5,3,3,3094,1,1,1,2
9615,32,132160,383.987179,0.297131585,0.055519867,27,3.914462756,5.980820841,14,6,7,4,4473,1,1,3,0
9616,43,145424,873.4973251,0.2956545467,0.0293530512,19,5.459605802,0.7124659535,26,12,2,9,1460,1,0,2,0
9617,58,94710,789.9882177,0.1800301856,0.07550514286,41,9.721968801,6.226851504,15,9,5,4,1138,1,1,4,3
9618,62,31352,5970.298609,0.01984760599,0.1325717045,28,5.02247651,1.394674376,45,19,0,9,3170,1,0,3,3
9619,43,72196,6069.067069,0.124882786,0.1085925027,3,2.704436533,12.0861385,96,8,6,7,1533,1,0,4,2
9620,64,91066,9070.438405,0.2818150512,0.05614637883,14,1.232976059,13.96894941,71,16,4,2,4564,1,0,3,0
9621,49,24992,4729.274794,0.09360891179,0.15577922,40,1.074064889,4.789445623,47,3,3,3,1799,0,0,2,3
9622,27,73076,773.6856445,0.2997879187,0.03498133858,43,4.750641869,9.935341844,64,13,7,5,2720,1,1,1,2
9623,33,43354,2174.341076,0.03445208279,0.05335723527,27,3.66678374,1.783553943,18,5,7,6,3035,1,1,4,3
9624,24,23312,179.9236387,0.1747531125,0.1384489586,39,2.035737372,5.77109606,89,0,6,3,3001,1,1,4,0
9625,34,65833,7789.473799,0.1594803145,0.04747453347,23,2.54957864,8.850739718,36,10,0,1,61,0,0,1,0
9626,40,24318,8174.434425,0.08405234488,0.138964916,36,4.149153877,2.010503236,57,10,9,0,3149,1,1,4,0
9627,43,132363,9979.610121,0.2850960679,0.1956188566,15,7.179671395,5.968528519,54,16,5,8,3357,1,0,0,0
9628,38,119992,4180.725046,0.1895596509,0.1679571246,21,6.486291565,14.35099716,52,6,2,8,2173,1,1,1,1
9629,39,86003,291.0539165,0.0767662022,0.04040200267,46,1.719597976,2.908199576,46,8,7,5,2448,0,1,2,1
9630,24,47192,2423.825827,0.1213739774,0.1088947001,16,2.287238983,9.493328696,2,15,9,6,997,1,1,3,1
9631,31,127841,5918.91179,0.2191565338,0.09024109705,0,9.17562688,12.58354314,87,8,2,6,2754,1,1,3,2
9632,32,120726,9623.235374,0.09633204668,0.1984171885,30,1.639731274,11.68197763,85,4,7,0,824,1,1,1,2
9633,24,109199,1125.42766,0.2650857986,0.1932361333,24,2.789855055,11.68503785,61,5,4,5,3032,1,0,0,3
9634,26,116782,1303.5729,0.05804543041,0.03415129003,11,3.861479614,1.357278495,0,7,4,6,2629,1,1,2,3
9635,68,139195,7047.413954,0.08670647606,0.1826588657,19,3.07107161,14.61722595,38,8,7,7,355,1,1,3,2
9636,65,132908,6705.349845,0.05202059788,0.04674948423,18,3.617545033,11.0435947,72,12,2,8,945,1,0,3,3
9637,25,57489,2580.012918,0.04021186324,0.07069578533,4,7.549663816,14.33794351,32,2,3,5,1090,1,1,0,2
9638,67,140059,8150.133431,0.0970914728,0.07714751615,14,1.855118266,14.69925237,22,17,0,1,4856,1,1,4,1
9639,40,127507,1374.909679,0.2997618364,0.06449618857,40,4.170100611,5.676540829,33,4,8,0,2450,1,1,1,2
9640,46,60309,9264.844263,0.03735552985,0.1721163207,24,6.505563614,8.379044183,48,19,2,6,4426,1,0,0,2
9641,35,128173,2090.21611,0.07177063564,0.07268715712,34,1.439568574,11.0772463,48,0,7,4,4388,1,0,0,3
9642,48,48273,905.38849,0.08876887173,0.1651802996,43,1.398652097,12.81171491,98,12,0,7,4191,1,1,0,3
9643,47,67553,3461.268656,0.1895476085,0.1989315951,46,5.487107389,14.57873828,48,19,0,0,4510,1,0,0,2
9644,69,49473,1959.628756,0.226150252,0.1697446922,2,9.098420936,14.62961239,9,17,5,6,438,1,1,4,0
9645,56,81410,5316.718128,0.2280607657,0.07576715602,17,5.002916042,5.252432808,95,9,5,0,2901,1,1,2,3
9646,52,144772,6899.78072,0.01250443476,0.1451379547,21,4.659801941,10.36693301,65,19,6,8,1094,1,1,0,2
9647,35,148536,4960.123627,0.1990366331,0.1114454549,15,1.091420141,2.630523965,70,17,0,1,3456,0,1,0,3
9648,59,33679,6640.012585,0.192913695,0.1594383789,14,7.594402443,12.2526015,87,3,2,9,4405,1,1,1,0
9649,56,112981,3712.713093,0.1601198577,0.03908850498,4,2.476766308,2.81276568,66,0,3,8,3924,0,0,3,3
9650,34,65310,376.4337127,0.1199704828,0.1312455726,41,7.286442849,13.41486457,75,6,8,9,1779,1,0,4,2
9651,31,103406,9743.23483,0.2412588173,0.1569966869,41,4.136556341,14.69694927,38,14,7,5,410,1,1,0,2
9652,48,80683,8212.193695,0.1097254307,0.1546339537,12,1.404896701,1.752050524,41,13,3,3,4394,1,1,2,0
9653,41,132765,826.8463584,0.07670355891,0.1930826711,49,3.951106397,7.929206725,99,2,9,3,510,1,1,2,2
9654,52,45992,4546.846322,0.09992760062,0.02109816235,27,6.936043031,4.338610099,90,19,6,3,1906,1,1,2,0
9655,61,49433,6386.688794,0.137497896,0.07569808013,9,7.915047891,7.315497241,0,18,8,8,1531,1,1,1,2
9656,62,96574,1986.883279,0.07207664252,0.1005451805,15,6.719896913,4.759733024,45,7,9,9,536,1,0,2,2
9657,51,45933,5822.087252,0.1861956614,0.06885507039,1,7.399547041,1.451883647,35,18,9,4,2628,1,0,1,3
9658,20,65020,5383.121319,0.2664206687,0.0688600076,49,3.123227108,6.2148694,95,17,7,1,2562,1,0,4,3
9659,54,49236,2161.825366,0.182683436,0.04346443527,35,9.687233612,3.466261107,90,13,4,3,707,1,1,2,0
9660,60,78735,1497.982062,0.1395338092,0.1644607666,24,3.042194475,8.464700334,43,5,8,4,2236,1,1,3,3
9661,57,29770,7613.726667,0.2410919422,0.1825331184,4,2.530891721,10.36806991,30,18,4,2,3413,1,1,0,1
9662,43,89285,3293.605817,0.2269312006,0.02564219832,27,3.24830569,6.376953539,96,11,2,0,1419,1,1,4,0
9663,40,130121,2516.001285,0.1164468552,0.03943079323,16,9.748496598,3.452779594,57,14,5,8,2967,1,1,3,1
9664,61,142747,7404.995693,0.1852045065,0.05340606998,1,1.584582589,3.279721045,95,3,2,1,3654,0,1,4,0
9665,56,55271,7387.080051,0.2216544295,0.1067076219,14,7.961007655,0.5346130263,3,18,1,0,4631,1,0,2,1
9666,32,93391,2836.376398,0.08118434483,0.1603226863,37,1.947578529,10.68458313,52,4,6,7,4029,1,1,4,3
9667,66,131682,8738.427766,0.1162194249,0.02357654971,28,7.959623002,4.170328842,88,3,2,1,2820,0,1,4,3
9668,21,129633,6913.676634,0.04067506046,0.1309944673,22,3.493216442,14.57572718,92,8,4,6,2156,1,0,4,2
9669,46,43439,3523.065756,0.2964272807,0.03837373669,17,7.539608337,11.33232892,56,18,8,0,814,1,1,1,1
9670,39,115826,4332.147537,0.03490451862,0.1945768429,13,1.441005389,4.782987717,72,5,3,7,4596,1,1,3,2
9671,42,31101,7294.425891,0.05889577629,0.1807669519,31,4.011358723,2.804713294,77,7,8,0,135,1,0,2,0
9672,30,112776,2194.679946,0.1491512654,0.1904207413,43,5.181620347,9.552986397,49,1,5,4,1074,1,1,0,1
9673,35,102319,4740.731846,0.2609288317,0.03017113674,5,1.18607561,13.03608567,4,7,2,9,2765,1,1,2,2
9674,50,139070,6570.227588,0.1132057867,0.1027269127,27,2.627635116,8.972680197,51,10,0,6,4459,1,0,2,0
9675,33,64917,5441.035625,0.2328928828,0.04139684773,17,2.519183166,0.6591252425,16,1,7,6,2596,1,1,1,1
9676,62,112345,6122.450624,0.2060498813,0.1240675546,34,5.33261541,11.90130163,31,13,9,0,80,1,0,1,2
9677,59,132923,5507.503745,0.1952125824,0.05422043141,37,2.198557104,14.4812312,5,16,3,6,170,1,1,4,1
9678,61,103459,2072.351694,0.2550550028,0.1564198868,3,9.794529839,1.188344508,68,4,5,0,3256,0,0,2,1
9679,19,133289,4161.032915,0.01410938399,0.1323604941,48,8.982368268,12.23239071,92,4,1,2,1472,1,1,3,2
9680,52,100562,5366.656405,0.2794543812,0.1186048729,30,3.019026518,10.92543087,91,0,3,1,688,1,1,1,3
9681,59,61196,7822.621149,0.2504755923,0.16679316,10,3.107890007,6.26369418,60,5,7,1,1318,1,0,1,3
9682,51,43569,6573.651948,0.2819814937,0.1050518759,45,9.526847421,9.694032401,9,6,1,1,4299,1,1,3,2
9683,47,139598,4323.250357,0.2401404863,0.06127183067,10,3.695898101,2.802675753,22,13,5,7,1911,1,1,1,0
9684,30,61887,9746.558338,0.2647915082,0.1279340444,28,4.809600181,10.94137806,52,13,1,2,3804,1,1,3,2
9685,30,40893,1167.175665,0.06889263398,0.1918419001,18,7.313314347,8.928002407,60,15,7,3,335,1,1,0,2
9686,35,107971,2147.368199,0.1025764294,0.124220279,16,4.096329517,1.755462672,18,8,2,3,747,1,1,3,1
9687,49,75304,3478.994839,0.1014140939,0.1296276953,3,9.122111055,13.0894589,3,17,8,5,4942,1,0,0,3
9688,49,143299,2362.863562,0.0416583563,0.1876026294,43,6.301326068,2.361247102,45,8,5,3,1837,1,0,4,3
9689,52,122428,6291.875768,0.221577984,0.1079022691,3,6.105122569,6.855402961,31,3,2,0,4999,1,1,4,3
9690,56,52399,491.5522204,0.04948955888,0.1993079177,11,5.988658954,2.402015675,83,6,1,0,1413,0,1,1,3
9691,63,137083,1856.624164,0.02522765816,0.04033578827,48,2.008424973,9.868763707,45,4,7,0,2234,0,0,3,2
9692,69,45236,3004.137653,0.2348795923,0.1120375702,46,8.113976797,11.19890127,61,16,3,1,2381,1,1,1,1
9693,46,112735,6865.123173,0.2723523192,0.05045115979,6,6.149022749,14.23487024,91,9,7,6,2883,1,0,3,3
9694,66,105870,8771.062338,0.2315957709,0.09613200998,20,1.481672579,4.162757542,53,1,6,2,2670,1,1,1,3
9695,46,134679,8005.068528,0.2493521417,0.04240904281,32,8.653244117,5.811310586,99,2,1,6,4482,1,0,4,1
9696,61,118753,1902.601239,0.1827302866,0.05228046659,36,7.565123444,6.10741181,86,6,6,6,2847,1,0,4,2
9697,33,69531,5697.517009,0.267446438,0.05005200943,11,3.60000262,1.906515158,66,4,3,0,1138,1,1,1,2
9698,61,100570,397.2241889,0.1540440099,0.07080595441,6,3.574353437,12.21465197,23,9,5,2,3901,1,0,3,2
9699,64,116621,3174.314076,0.2966135594,0.03557495656,14,5.542444257,1.699274682,65,3,7,3,1495,1,1,2,3
9700,27,29442,8079.239569,0.0399903624,0.1637750132,36,1.065086219,5.408896502,17,1,8,0,4381,1,0,3,3
9701,47,76437,4620.990566,0.2446624049,0.05192836349,8,8.286585985,3.260567452,95,16,3,7,2187,1,1,1,3
9702,42,145339,1584.419091,0.1960029306,0.08914810908,32,9.478409323,10.13350565,47,18,2,4,600,1,1,3,2
9703,56,80342,4441.678477,0.1783873598,0.01305085626,37,5.019420911,13.63076551,45,8,1,7,3505,1,0,0,3
9704,37,98179,2060.525962,0.2204850539,0.02992749322,15,5.829167118,11.32402606,47,18,3,5,465,1,1,3,0
9705,22,55069,3992.595433,0.2536845439,0.1802916611,30,8.288062845,11.73051749,61,2,1,5,302,1,1,4,1
9706,18,93246,4929.55138,0.2602363794,0.1690604387,14,3.498390683,1.638290414,93,6,2,8,4929,1,1,4,0
9707,47,58560,3560.625314,0.06086047925,0.169775266,1,5.425574326,11.21493512,26,11,0,3,4383,1,1,0,0
9708,66,78070,9375.992609,0.06714041963,0.08815714928,12,1.99894648,1.406692896,61,11,6,8,2397,1,1,3,3
9709,20,62427,5669.049946,0.01468828776,0.03689085178,4,7.317169681,7.520998812,77,18,5,5,3244,1,0,2,1
9710,62,145608,8444.637472,0.04823431276,0.03049995908,47,8.135694821,10.53319672,64,6,0,8,1588,1,0,3,0
9711,31,80496,7631.212616,0.08652592293,0.1250645177,32,1.602150743,4.193653178,51,7,8,1,763,1,1,4,2
9712,47,84557,6645.546462,0.2191003885,0.1673567184,31,8.941775496,10.3972386,0,2,5,1,4763,1,1,4,2
9713,67,92752,5019.198608,0.1479725776,0.1810217516,41,4.370675226,13.26769546,49,4,4,0,1510,1,0,1,2
9714,21,97248,121.5204594,0.2297920253,0.06485901361,47,9.299859513,13.23050038,39,12,0,8,3612,1,1,4,2
9715,35,90441,6173.329245,0.1510953959,0.07099504827,44,9.101552718,3.28550548,71,0,9,5,3004,1,1,1,1
9716,54,68534,3623.978785,0.1711232613,0.0291665648,20,8.118097228,4.480475195,16,17,4,3,685,1,1,4,2
9717,42,124303,1265.845451,0.04220931011,0.15713786,1,8.471346396,10.15754729,0,14,1,8,2369,1,0,4,1
9718,65,47930,4501.80001,0.2352019026,0.06238115151,35,3.604360615,12.69907625,77,12,6,4,4413,1,1,2,1
9719,18,116728,7381.977891,0.2298566943,0.1013765992,32,4.305580408,7.10067104,76,7,5,5,2833,1,0,1,1
9720,63,143295,9620.610168,0.09919286159,0.1864904879,10,3.160552596,13.87189989,29,4,3,0,4069,1,1,1,1
9721,32,109042,3803.638422,0.1052876426,0.1529209888,40,4.190542499,8.831910924,76,6,2,7,2645,1,1,4,3
9722,26,135287,5472.960657,0.07370762067,0.02002020029,22,6.05714642,4.298239595,66,14,4,6,3410,1,1,1,0
9723,32,27288,8527.319395,0.2460135061,0.01154937295,37,8.776274061,0.7895063438,21,6,2,9,333,1,0,4,3
9724,66,129570,3406.594258,0.2266319726,0.1596075059,32,5.924650635,12.20670253,34,2,8,2,274,1,0,4,0
9725,41,115547,1508.346725,0.1866528441,0.114975045,39,7.270175345,1.845660143,55,16,5,4,4652,1,1,3,3
9726,21,149483,2890.630129,0.07925840991,0.1468635378,7,2.222115925,1.637423211,13,8,9,8,3852,1,1,1,2
9727,29,101122,9001.316015,0.05983746646,0.03979491115,35,9.456112191,11.76843299,44,0,1,2,559,0,0,0,1
9728,54,81518,1677.991774,0.02457796684,0.1756890915,35,6.248593983,0.9589212243,85,14,6,7,2832,1,1,1,2
9729,54,52400,3359.288504,0.02322732972,0.156931746,32,7.982286552,12.72002119,32,2,7,3,3743,1,0,1,2
9730,60,142609,4699.939074,0.06426948054,0.1792593937,28,9.987093273,9.181507165,11,5,8,8,177,1,0,2,2
9731,23,21567,8486.420913,0.03915443437,0.0748082557,30,8.737530379,9.729907592,23,4,3,8,3176,1,0,0,3
9732,56,67878,9383.361508,0.1712712251,0.0623839871,29,5.53931898,14.10174057,68,3,0,5,3261,1,0,0,2
9733,63,68850,4315.522065,0.1138461371,0.03882897359,7,8.812366198,13.06702532,56,10,7,8,1422,1,0,2,1
9734,41,21094,9326.345079,0.1390342768,0.1867168165,25,6.930329889,1.601933315,8,10,9,3,4009,1,1,2,1
9735,28,31135,1698.445039,0.1822794832,0.04359754868,22,7.570163243,12.8682906,1,13,0,0,36,0,1,1,0
9736,30,99044,1652.83769,0.2011395062,0.03267027441,49,6.735653201,10.17360297,58,16,4,4,2023,1,1,3,3
9737,51,65113,9497.583114,0.1979784988,0.04660885971,42,3.588703976,5.093212538,94,19,1,6,195,1,0,2,1
9738,42,78791,5145.833322,0.08564841018,0.1565625281,25,4.01029524,12.87373114,28,19,7,5,1317,1,0,0,1
9739,24,29684,1940.48757,0.2447918359,0.1790105546,41,6.025050515,0.837832328,92,8,4,7,4688,1,0,0,3
9740,69,112783,4931.104669,0.2761358043,0.1640735567,37,8.866685144,12.64438555,99,0,5,2,444,1,0,1,2
9741,21,91727,7853.790438,0.1016221207,0.117015325,38,5.072886377,9.492768307,54,13,6,7,1372,1,1,3,1
9742,25,103378,8286.511621,0.0149489708,0.1988380076,1,5.865107124,4.286933168,93,4,3,2,2830,1,1,4,2
9743,37,78552,8653.295641,0.2707547141,0.02308227225,25,4.321869114,0.5863778587,21,7,4,2,2715,1,0,2,1
9744,46,28046,5738.751941,0.2778291326,0.1747664188,17,1.163219196,8.05921511,84,4,8,7,3158,1,0,2,0
9745,68,24934,8682.765542,0.02477446772,0.09126563373,26,6.791854947,6.622717446,48,1,5,7,4628,1,0,1,2
9746,62,79556,5149.299067,0.01143741164,0.09647324625,49,6.093421219,13.00694265,11,1,7,7,2748,1,0,3,1
9747,63,66806,6109.893034,0.2467573871,0.03424302979,16,9.804307334,11.92477366,70,12,3,6,4367,1,1,0,3
9748,27,21354,7611.326042,0.0974243728,0.01635226513,44,5.57170105,9.050039504,88,18,3,7,1322,1,0,0,3
9749,60,124777,4311.809398,0.2752288285,0.07015938195,14,5.814529975,2.687311063,7,17,7,5,3223,1,1,4,3
9750,51,115352,828.4567227,0.07285563625,0.04322217129,42,3.540357697,11.02879811,96,14,2,1,3832,0,1,0,1
9751,43,143092,3566.646933,0.2597348387,0.1018343637,6,1.896391796,9.107525092,15,13,4,9,1781,1,1,2,2
9752,58,73046,6277.047746,0.02990683822,0.03799279995,16,7.36815473,0.8268784623,39,0,2,6,3614,0,1,4,0
9753,66,131098,2004.090459,0.08558468572,0.03620626994,18,8.275740731,11.54620161,44,19,0,6,340,0,1,3,0
9754,20,85064,1569.015099,0.292207375,0.176626007,26,8.827286617,12.55994758,63,10,2,0,1138,1,0,4,1
9755,23,77184,3001.497391,0.07704702976,0.1850459933,39,4.638445806,11.73016431,62,18,5,6,261,1,1,3,1
9756,22,22963,417.9034766,0.04857376538,0.1932010796,16,7.332084793,3.056792961,50,7,5,0,4821,1,1,0,1
9757,22,47424,7459.886691,0.2585458492,0.1392954641,31,3.364228905,7.786258131,9,0,6,6,4686,1,0,1,2
9758,64,100039,2661.284462,0.04416222961,0.1564931359,15,3.275120516,8.14558352,75,10,2,5,81,1,1,4,3
9759,40,23042,1329.960127,0.03826227149,0.1687991035,29,9.961527326,14.04813944,85,9,8,5,4574,1,1,4,2
9760,66,115777,7021.381218,0.1037932889,0.1351951912,13,8.644954018,13.9212562,70,5,9,1,4530,1,1,2,2
9761,26,125277,8444.987324,0.1942452669,0.07274618989,49,3.305918565,1.403051869,44,12,8,6,2136,1,0,2,1
9762,52,27139,296.768399,0.2161164484,0.0397135297,40,4.900593701,14.98835962,84,0,1,7,3281,1,0,3,0
9763,37,31226,2412.63773,0.2655592473,0.05508192836,17,6.084715629,11.9070048,55,8,7,7,1128,1,1,1,2
9764,66,125234,9457.800016,0.1668643425,0.1696786698,21,1.11674592,5.945208543,85,17,1,2,3115,1,0,2,0
9765,59,100298,3914.015946,0.1240911582,0.1422584753,15,9.633462534,11.2775963,72,19,1,5,2061,1,1,2,1
9766,52,103652,9392.061427,0.1140617909,0.09660119507,48,1.978943228,5.961426323,83,10,5,5,2540,1,1,0,2
9767,67,142558,2814.70413,0.2556017913,0.01558696466,48,8.355155313,14.07604892,12,15,7,4,3511,1,0,0,3
9768,35,58108,2258.869592,0.2199064397,0.06057883038,15,9.783371987,5.982641108,63,2,0,8,2771,1,1,2,3
9769,34,90647,2219.673276,0.272574414,0.1484905237,25,7.338062039,11.60842558,87,9,7,8,182,1,1,3,2
9770,41,88617,943.7637382,0.2895702822,0.1073535747,42,9.700213017,2.751476282,29,1,7,2,292,1,0,1,3
9771,20,49815,8974.679656,0.09701474246,0.09275117395,5,1.177209598,12.8586053,51,7,3,7,1185,1,1,2,2
9772,49,27802,9800.366724,0.1636054944,0.06959908615,6,4.190935991,9.496436172,53,17,5,8,4326,1,1,3,3
9773,52,62230,9549.637192,0.1932280341,0.1253170478,8,5.288068044,12.21020864,56,2,1,4,4007,1,1,3,1
9774,55,142215,8535.078584,0.05751619457,0.1936132232,43,8.046459459,6.560411165,17,5,0,5,1983,1,1,2,3
9775,30,83372,8484.190286,0.02547063984,0.1812134922,25,6.89078707,5.521567932,24,12,6,3,1686,1,1,3,3
9776,64,133884,6644.746125,0.2616515351,0.01579460824,1,7.624081934,8.223019624,52,18,6,5,562,1,1,4,1
9777,42,74020,8279.515748,0.1653018181,0.1013812263,35,2.301956296,6.128738801,19,13,2,2,4018,1,1,3,1
9778,26,103449,2162.589407,0.1755245227,0.07259916663,2,8.602889102,7.955140867,10,12,2,5,4735,1,1,2,3
9779,21,37465,3940.335041,0.1709251602,0.1070148858,20,8.400032692,6.744375364,39,14,9,9,2818,1,1,3,0
9780,31,27994,6444.279304,0.2289386044,0.1251806011,43,7.920212293,3.3513293,97,18,0,6,518,1,1,2,0
9781,54,23531,8760.236192,0.05219556396,0.04800533292,2,8.361549244,14.66111979,22,17,0,0,2027,1,0,0,2
9782,51,29343,6638.647677,0.1880740478,0.1584979332,8,2.922353685,0.7332374333,89,11,1,6,1043,1,1,2,3
9783,28,79066,8406.317388,0.1461490584,0.1002629295,11,2.262402386,13.92188749,86,7,9,2,185,1,1,3,2
9784,58,119020,4792.100207,0.2701178663,0.1984811504,7,9.055554011,12.49721249,41,13,2,4,4634,1,0,2,1
9785,20,26229,7201.307003,0.160690072,0.01477420329,36,9.613092935,6.603100009,46,0,3,4,2252,1,1,1,3
9786,45,114311,9801.809983,0.2834511425,0.04604664348,20,4.818397995,5.170406613,55,0,7,5,1443,1,0,2,1
9787,46,112302,1619.536716,0.1124433683,0.1410296621,36,5.022998356,2.887953311,32,0,4,1,3839,1,0,2,3
9788,26,102124,9276.514854,0.2903994649,0.1420841518,39,7.668793605,2.429366855,88,16,1,8,4509,1,1,1,3
9789,20,108704,5271.403084,0.2637958049,0.1206157626,2,5.454991629,8.488320403,97,17,6,6,2778,1,1,1,1
9790,42,64789,6467.858504,0.179436354,0.1946724055,40,3.821999169,2.028687201,25,19,7,3,1830,1,0,1,3
9791,51,64069,8790.903168,0.1125758807,0.08890985166,20,2.710864589,7.408834716,68,14,2,4,3698,1,1,4,3
9792,29,122398,4155.576308,0.1190177737,0.08923699429,25,1.203861061,12.3133005,28,18,5,4,2337,1,1,2,2
9793,59,107402,4245.056491,0.2340981051,0.182990509,23,6.289287922,11.47676505,93,8,9,9,3179,1,0,1,1
9794,26,140428,5319.10018,0.1783830918,0.1123039386,45,2.279385413,2.421422351,59,1,7,5,2415,1,1,1,0
9795,32,29524,289.1106365,0.1264603998,0.0772082557,33,8.725158666,14.43560264,90,7,9,3,1607,1,1,0,0
9796,57,141907,5016.995191,0.1944559388,0.1465982173,31,9.845817877,4.649463377,36,7,5,5,4820,1,1,4,3
9797,42,144928,2981.763923,0.2226376854,0.1277374175,26,5.11966139,10.73251366,24,14,9,3,2560,1,1,2,2
9798,22,108074,9286.746406,0.01664114864,0.06821790955,46,2.040130034,4.857200827,73,10,5,4,4353,1,1,3,3
9799,28,128345,968.5794577,0.03606021232,0.06660647164,29,6.247156873,9.452679286,43,14,7,3,4036,1,0,4,2
9800,51,106762,4647.272574,0.03740077772,0.08516643153,3,6.164907431,8.801085537,33,18,0,8,2121,1,0,4,3
9801,41,83103,9479.934887,0.07726080353,0.02360781248,1,2.200183694,3.085581754,11,10,1,0,940,0,1,0,0
9802,32,28103,9020.248978,0.1338272274,0.1890972115,22,6.822372375,9.962104745,92,0,2,4,537,1,1,2,1
9803,55,78581,7043.34958,0.2430584708,0.04477380764,40,3.844565608,5.227088134,38,16,6,4,2766,1,0,2,2
9804,25,103938,5934.674415,0.1118187201,0.04682661744,3,8.609427138,9.361682181,18,10,0,0,496,0,1,1,3
9805,22,74203,2879.236278,0.01506855863,0.132937297,36,6.291261418,8.349969692,18,13,3,3,1382,1,1,1,3
9806,65,35090,3732.875416,0.1501749374,0.147606939,10,4.896558478,12.71846093,28,11,2,1,358,1,0,4,2
9807,43,35915,992.3351611,0.2990222927,0.1499987373,35,9.669861339,3.597086248,65,11,7,1,3842,1,0,0,2
9808,35,61477,7882.472148,0.1112160887,0.08126425447,35,5.421017949,2.695478878,89,3,6,1,3757,1,0,2,0
9809,23,76987,3306.310702,0.2887638104,0.1759325011,14,8.985649276,12.89602248,97,14,0,9,2429,1,1,0,2
9810,54,119742,6711.0408,0.03939008803,0.1133598217,36,3.378791119,6.945911554,93,8,8,0,3940,1,0,3,3
9811,65,73238,3640.188294,0.06019890079,0.09333163491,2,4.975977176,11.83672468,75,14,3,8,3791,1,1,2,0
9812,30,107047,4696.87137,0.2199954003,0.1639734276,47,1.75499382,14.41380382,19,1,6,5,2390,1,1,1,0
9813,45,136740,5594.524477,0.1553516102,0.05627663735,29,4.80481927,8.392743785,56,15,5,6,2194,1,1,4,1
9814,22,142217,8038.338843,0.231885323,0.1734352343,22,9.050435393,4.859854954,96,0,2,5,608,1,0,0,1
9815,30,35029,2190.448138,0.2604319201,0.112377585,32,8.465159916,12.01632533,8,15,5,3,1100,1,1,1,1
9816,34,116367,4047.77733,0.08281461406,0.18101105,0,9.781354757,13.99867851,1,14,6,9,330,1,1,4,2
9817,67,109067,1387.807562,0.2080204594,0.0483063809,0,7.747604972,4.054662594,27,13,4,1,3626,0,1,1,0
9818,57,73520,850.0289987,0.1862043586,0.1878519844,2,3.443394351,10.48099834,33,2,9,4,3271,1,1,2,2
9819,62,90053,6086.276126,0.2598451585,0.140696581,8,2.447482092,11.81846956,20,5,3,2,548,1,1,0,0
9820,49,71464,1972.001339,0.1347301312,0.1274824201,31,2.615648568,0.8851546923,82,10,5,0,980,0,1,3,3
9821,46,41961,692.0134851,0.02504242491,0.0901928287,12,6.952444124,9.08788856,77,6,9,1,487,1,0,1,2
9822,68,46835,8981.269519,0.1765139769,0.19169985,44,4.440223985,9.680897909,80,13,7,7,3186,1,0,0,0
9823,20,47725,5389.712756,0.2880747125,0.09434472938,30,4.726333953,9.729849394,55,9,6,6,2225,1,0,2,1
9824,57,45357,1432.819253,0.01424304206,0.104723161,20,8.745166276,1.719552,4,3,2,6,2198,0,1,1,1
9825,51,129209,628.9186617,0.07967481664,0.1584846406,22,7.53998612,0.8144778629,84,0,1,8,4357,0,0,2,3
9826,57,21244,1286.614529,0.1016596591,0.06412006163,12,2.883464265,4.758556874,21,3,9,9,1912,1,0,3,2
9827,44,87952,4766.238679,0.2320932775,0.06538410943,25,2.539911579,5.68857055,58,14,4,1,3364,1,1,3,0
9828,30,68061,6717.806026,0.1037503075,0.1573065606,24,8.397394114,2.597045184,39,5,8,1,3672,1,0,4,1
9829,62,26490,6448.672742,0.07933432033,0.03443015995,7,9.582478183,7.889003442,83,18,9,9,1666,1,0,4,0
9830,50,140856,1529.788554,0.1980818242,0.1663632589,39,2.666281926,3.799414634,91,17,4,5,2747,1,0,4,2
9831,23,143855,6371.540623,0.0234575338,0.1287832516,29,9.565852711,5.39420638,62,9,9,1,2082,1,1,2,1
9832,41,97219,4108.16968,0.05947308939,0.1124259156,4,4.867635142,4.745944073,31,3,0,7,2288,0,1,4,3
9833,36,146305,4700.963465,0.1283287663,0.05353078261,23,9.150931671,11.69445608,44,15,8,8,2746,1,0,0,3
9834,33,25839,8034.161022,0.1131239891,0.1594099522,9,7.757714355,13.21758953,82,18,1,5,1923,1,1,2,2
9835,57,44992,3391.74379,0.1106780876,0.162941087,18,9.145996228,4.82785259,91,10,1,5,2102,1,1,2,2
9836,45,133154,1555.290567,0.0414809538,0.1017589549,34,6.806327296,5.961414592,86,9,5,4,1088,1,1,4,0
9837,50,143094,8747.186022,0.1146436056,0.08394210522,21,2.413088287,12.32146317,32,15,2,9,571,1,1,4,3
9838,65,64938,2200.092701,0.2414179039,0.05677074913,38,1.543295242,11.50694475,81,14,4,6,1706,1,1,2,2
9839,58,144015,3010.895718,0.1300148185,0.1533044632,37,6.644010942,10.77750815,34,16,4,5,3080,1,1,3,2
9840,30,76249,7095.241583,0.1799896436,0.1314958654,6,1.525201751,10.7639329,45,1,2,8,2906,1,0,3,3
9841,60,64735,6867.148139,0.0574380287,0.04925989558,38,3.123879175,4.809094411,35,13,7,5,4453,1,0,4,0
9842,62,123313,8023.960211,0.03021629541,0.1609489351,19,2.856073968,14.07966864,61,7,2,0,2489,1,0,3,0
9843,42,70734,1920.27975,0.2651872522,0.1776190095,39,4.843933645,12.23331449,82,14,5,3,911,1,1,0,3
9844,59,67080,3587.570944,0.1060980529,0.02125697992,31,6.376422915,3.573010221,89,0,9,6,4549,1,1,0,3
9845,53,147403,1346.244066,0.1115977976,0.1567599212,1,9.200480445,10.10119671,99,5,4,2,1016,1,1,0,3
9846,44,94460,5456.287557,0.2645294763,0.1720323674,14,9.425728029,2.745951461,25,19,6,5,3361,1,0,2,3
9847,55,145626,2996.448866,0.2152536912,0.1983865009,9,9.841363796,8.875711451,6,18,5,3,4718,1,1,2,3
9848,24,101457,6920.462846,0.2293161862,0.0551442848,20,7.874410887,4.691914501,86,10,8,4,3618,1,1,2,2
9849,22,44260,103.409243,0.2077810104,0.08049060899,14,9.291673188,2.026070702,4,5,1,7,2676,1,1,2,1
9850,60,79607,690.8616847,0.04067975099,0.1935763075,33,8.115630942,9.246049063,86,18,9,5,2015,1,1,2,3
9851,62,81852,4382.346975,0.2878187881,0.02786295456,34,9.195410607,13.32231284,99,3,5,1,3788,1,1,4,1
9852,68,48380,9586.023144,0.2736495233,0.1095044903,4,1.937576961,2.54030574,31,9,9,2,4773,1,1,3,0
9853,48,104347,8919.428735,0.07850383678,0.1062814702,18,9.654174408,13.53643536,78,10,9,0,3575,1,1,4,2
9854,40,91257,9940.689378,0.2431583154,0.1252440704,6,3.111067848,2.353296346,90,7,4,8,3677,1,1,3,1
9855,59,61191,4226.619226,0.1287249651,0.07285059682,45,6.116229687,11.25722733,80,8,8,9,4192,1,0,4,0
9856,27,24930,561.0280141,0.2082924207,0.1859244368,43,5.651447487,14.84917404,83,0,1,5,4509,1,0,0,0
9857,49,24353,3128.965806,0.05802486995,0.06131163958,41,6.080158862,1.858360043,56,18,7,9,4267,1,1,1,0
9858,60,27832,6790.131437,0.1661807327,0.1334421483,41,7.31826595,3.583734306,79,16,6,8,726,1,0,2,3
9859,47,140063,1438.121717,0.04671872687,0.1042261343,35,5.856377979,7.221554126,61,8,0,2,1117,1,1,1,2
9860,56,69554,3069.72457,0.165488478,0.06066795597,17,7.198731777,11.19515717,27,16,2,4,3807,1,0,1,0
9861,48,108487,656.045029,0.08064224726,0.04588222119,5,5.809496767,13.51966532,94,11,3,4,3293,1,1,0,3
9862,35,74017,4802.17368,0.1412152933,0.1917468036,3,1.108388311,11.07208821,79,13,7,4,4982,1,0,1,1
9863,53,77298,2168.314709,0.2037111165,0.1166453777,4,6.646298675,11.68270259,77,8,1,8,1915,1,0,1,2
9864,19,134752,1003.355466,0.2643516287,0.1247962733,13,5.99681154,7.055975074,73,6,7,1,4827,1,1,0,1
9865,31,71389,4171.036514,0.05793381089,0.1587501372,40,6.272597731,5.659324691,65,15,1,5,1911,1,0,3,1
9866,30,93306,3577.131503,0.2690480435,0.02543306513,46,1.014044091,7.862579817,96,13,2,7,4609,1,0,4,3
9867,46,45525,5421.425596,0.1231109179,0.1456152109,32,5.218721146,9.918124809,40,5,7,9,1481,1,0,1,1
9868,29,102092,7515.482688,0.2547010049,0.04137662614,20,8.874794863,7.783961552,85,14,8,9,4451,1,1,2,2
9869,56,100630,1214.430491,0.1586388963,0.1506914062,12,3.992998807,11.95976775,65,12,4,3,1800,1,0,0,1
9870,19,93471,7932.143343,0.2600404858,0.03685244761,1,5.003938325,2.777577853,63,19,3,0,779,0,1,1,3
9871,49,88211,360.2708008,0.2022189796,0.168173803,14,2.101997891,6.244723504,6,4,2,4,929,0,1,3,0
9872,30,51280,4486.708835,0.1575276808,0.1393930895,46,5.052108587,1.464387019,40,14,2,4,3248,1,1,3,3
9873,63,144130,5915.55984,0.1006362036,0.08331915488,15,4.562005588,10.23584612,44,17,8,3,4463,1,1,2,0
9874,44,31240,9574.286864,0.2909836354,0.07817854434,34,8.947365344,11.47696373,43,12,3,1,637,1,1,1,1
9875,66,85092,5781.837966,0.2422603207,0.03829994208,44,1.318964161,10.17708649,29,10,1,6,2053,1,0,2,0
9876,58,89541,1671.617013,0.1205442837,0.1817701376,19,9.560945684,14.34975029,37,10,3,6,2500,1,1,3,3
9877,34,82851,5223.663873,0.05834984199,0.03252056184,0,6.187628665,14.01607381,38,11,2,2,4144,1,0,3,3
9878,57,26544,4018.261077,0.2360652714,0.09969470382,45,5.766709388,4.421029911,18,18,4,9,4425,1,1,4,2
9879,48,77981,4845.620119,0.2970838435,0.05493850641,2,8.975819286,4.026006578,46,11,3,5,2644,1,1,3,2
9880,51,37332,2051.260445,0.0909027366,0.1993022265,16,2.719085015,0.8671855874,37,18,1,1,3803,0,1,0,0
9881,41,46836,5058.187719,0.275600291,0.1213103698,16,2.881120991,7.787238671,16,18,9,0,617,1,1,4,0
9882,62,34388,1585.393666,0.04635750462,0.03842105564,40,8.869833006,12.98623846,73,0,0,8,1421,1,0,2,2
9883,52,133263,7466.026499,0.2861398137,0.1368371595,19,9.364998383,2.78384805,78,13,0,9,3371,1,1,3,1
9884,65,21694,5979.671976,0.2261482846,0.1984057133,19,8.540301701,9.10401695,68,16,0,0,2701,1,1,0,2
9885,23,147727,877.4241468,0.1105129065,0.1249582233,3,1.371384787,10.94530606,98,1,2,9,3312,0,0,4,1
9886,36,106677,8907.183232,0.09834322847,0.09690202797,10,6.868622886,5.831457994,3,6,1,4,2504,1,1,0,0
9887,47,108202,6202.158086,0.1965962526,0.06572132311,14,5.060236789,10.69269605,34,5,3,2,3202,1,1,4,0
9888,24,133057,3229.459846,0.1821170707,0.02750344882,44,8.270422744,12.6410913,0,19,2,8,2007,1,1,4,3
9889,27,69294,551.8597553,0.2764916434,0.05336679681,26,2.423204929,0.6523910521,80,19,6,7,4912,1,1,4,3
9890,58,58769,6359.044288,0.2322105089,0.1151879481,23,9.282993984,11.1608071,84,0,7,3,296,1,0,2,1
9891,49,59420,3797.058587,0.166705813,0.1532192827,19,4.01860684,9.197666465,57,5,4,7,4114,1,0,4,1
9892,51,133289,9085.419238,0.2789940941,0.1768068691,43,3.909063437,12.75012486,21,14,5,4,1398,1,1,4,2
9893,45,122885,445.2905439,0.1818918831,0.1608053276,14,2.605846223,2.509783209,4,16,6,9,2187,1,1,0,1
9894,32,57855,487.1141099,0.2564086023,0.03383838826,5,1.06255297,12.20295503,59,3,8,7,4662,0,0,4,0
9895,47,21460,9498.06294,0.2538733691,0.1569573782,17,3.814688751,2.547113835,35,1,0,1,2405,1,0,2,0
9896,54,122191,9652.252062,0.2765665091,0.1205048638,21,2.334916916,8.980787132,8,15,1,7,1537,1,1,0,0
9897,46,67646,374.648045,0.02960458907,0.09913043593,48,7.643256536,4.427826401,83,12,0,6,795,0,0,4,3
9898,39,61252,7188.729026,0.1793077037,0.1188251825,20,7.80973988,3.980105469,56,10,8,5,681,1,0,0,1
9899,21,29835,2292.799038,0.1458338514,0.01153431247,23,8.451392347,7.731734339,77,10,1,7,3670,1,0,2,1
9900,37,133947,7043.788386,0.1522572912,0.02286874616,16,1.048974974,11.48128526,83,15,1,6,4941,1,0,0,3
9901,49,30910,8700.454687,0.143374075,0.109911363,10,4.163351165,9.855729827,89,9,4,4,2715,1,1,2,3
9902,53,102757,1098.231641,0.2528653399,0.0429876574,17,1.052269665,14.83415184,3,3,8,4,4564,1,1,3,3
9903,67,111149,2463.787526,0.1023455403,0.1136527809,34,5.569435112,2.226383491,50,18,2,9,889,1,0,4,0
9904,21,116889,338.3689164,0.1441978137,0.07730057866,30,9.181069613,10.96551022,38,6,9,6,4994,1,0,2,1
9905,44,124150,533.9154699,0.06819793744,0.1824082839,27,4.671012336,1.304318675,83,17,7,7,1170,1,0,4,2
9906,34,28463,393.2167964,0.08299781862,0.1904398512,23,8.862970523,5.683064017,51,11,9,3,3331,1,1,2,2
9907,29,33336,8026.755329,0.2015218242,0.1961589815,35,9.52820919,5.480772415,74,9,0,2,1878,1,0,1,1
9908,39,46534,3053.097516,0.04391142209,0.1807982192,44,3.140798184,4.21509411,70,14,9,1,4230,1,1,1,1
9909,34,22369,4982.793252,0.06446832519,0.1973192617,23,1.091395419,8.219838755,54,11,1,5,40,0,1,1,3
9910,27,45381,7899.65821,0.1631300223,0.1441679539,32,7.656122625,4.032683364,30,0,7,6,911,1,0,2,3
9911,18,132296,4999.942261,0.02269417811,0.1925030332,29,6.211092654,5.829794616,49,9,0,1,2740,1,0,4,0
9912,39,105094,4349.04102,0.04680882983,0.1319405684,36,4.124340516,12.96268543,7,10,8,1,3929,1,0,1,3
9913,43,107905,214.5747442,0.2603723523,0.1637506993,12,4.30843418,5.193892022,86,19,3,2,548,1,1,4,1
9914,35,119186,5723.591075,0.2553825621,0.03506289862,15,1.728795272,14.79641062,14,18,2,3,4373,1,1,2,0
9915,67,116490,1334.956474,0.1108550705,0.1396939216,47,8.839606223,4.502630643,64,14,2,4,3883,1,0,4,2
9916,31,45407,7670.017584,0.1109174814,0.1869096288,42,3.178581045,13.593556,9,2,0,3,2657,1,1,4,1
9917,64,82552,2651.603466,0.2815894803,0.1126091659,8,1.873940085,6.753496497,40,15,7,3,870,1,0,1,2
9918,46,55939,6774.455367,0.01749393033,0.04549574557,49,8.015807018,13.65916216,87,19,3,2,1581,1,1,0,1
9919,29,112303,6497.612925,0.1782856988,0.1101088265,46,5.365670744,6.68849697,78,15,0,6,281,1,1,3,1
9920,53,87576,6205.088469,0.1832432679,0.1443187889,12,7.86607178,11.67022702,47,9,4,6,1922,1,1,2,0
9921,52,148081,2742.824875,0.2384872495,0.1562598148,6,9.116873748,6.299965262,20,14,9,3,3928,1,1,2,0
9922,69,108652,2744.188794,0.2860076496,0.1095033819,34,4.439142867,9.503103215,85,7,7,0,1718,1,1,2,3
9923,29,46170,8644.17563,0.1131900002,0.0512999246,43,1.490240922,1.246578329,23,1,7,1,3630,1,1,3,1
9924,24,91908,226.792593,0.1369717073,0.1860708698,25,3.27915502,9.185501389,73,3,9,3,4515,1,1,0,1
9925,46,144506,1897.074071,0.2046765594,0.1569873091,49,1.45962986,5.081271283,22,13,2,3,2574,1,1,4,0
9926,28,42369,6140.692085,0.2905087705,0.06143079612,8,2.342392878,14.94616549,79,17,3,7,902,1,0,2,2
9927,50,93098,8188.757919,0.2683297826,0.1642444543,34,8.640523455,12.2540204,68,2,9,1,670,1,0,4,3
9928,23,64544,3647.620536,0.2034453709,0.07609390341,23,9.472781897,1.653820379,32,2,3,0,3245,1,1,1,1
9929,64,25900,6569.09024,0.2584498358,0.06936195549,32,7.092217567,3.374907905,35,4,2,8,1038,1,1,1,0
9930,32,60733,5615.848554,0.03470928496,0.1739845592,20,7.586399675,9.433072295,24,1,5,5,3317,1,1,1,1
9931,49,107236,738.9470344,0.1193668134,0.1759146893,21,7.583371036,4.856205515,57,5,2,0,2197,0,1,2,0
9932,68,126769,6255.32695,0.01379682375,0.08571146654,38,2.110201696,3.587100128,89,3,5,5,945,0,1,3,3
9933,28,20589,8157.644375,0.0614669491,0.01169533297,18,1.424012738,5.657567597,65,1,4,8,1203,1,1,2,2
9934,40,80044,9925.238371,0.1928428456,0.04544746807,43,7.285594082,2.039988205,97,18,1,8,4023,1,1,1,1
9935,43,85311,393.4367193,0.2668128709,0.1827663024,45,1.336750497,8.539849291,30,14,7,4,4034,1,1,1,1
9936,51,77926,6634.575909,0.1935062899,0.180762374,44,8.305793316,4.603605915,43,1,6,0,2835,1,0,2,3
9937,63,90599,4204.040576,0.202600051,0.09613550214,31,6.320241237,13.07164332,62,3,6,4,1618,1,0,3,2
9938,51,105553,196.9000982,0.04010826552,0.06778217438,4,2.02159294,0.9749128355,44,13,5,9,3885,0,1,3,1
9939,46,103910,6182.173343,0.2028095424,0.0675221755,11,6.933636888,5.588657812,82,11,8,4,3741,1,0,4,3
9940,21,108435,1312.030256,0.141760548,0.1804670125,39,6.456763382,8.469205773,81,2,3,1,2302,1,1,0,1
9941,34,69008,3847.811817,0.1989176672,0.07169932909,5,4.386785839,3.909873836,49,7,4,2,4393,1,0,1,1
9942,52,86794,2687.534216,0.1045902018,0.1072002494,17,8.359481014,1.331608599,66,19,8,3,1759,1,0,3,3
9943,30,99134,3675.517682,0.1786309231,0.1488920996,6,3.741474896,1.550608117,70,9,2,2,4136,1,1,1,3
9944,58,22866,4977.686257,0.1329800961,0.04980139791,18,4.401187332,2.810187656,86,18,2,2,4198,1,1,0,0
9945,56,72890,3656.174372,0.1720047461,0.0582294255,14,7.269606962,4.442418368,0,14,7,2,4631,1,0,1,0
9946,32,135259,5572.045519,0.05265596032,0.07803175969,41,7.768280875,10.73315175,70,13,9,1,612,1,1,3,1
9947,46,61504,2462.631933,0.1247892075,0.134302444,8,3.462049959,7.382351645,85,18,5,5,299,1,1,4,3
9948,46,115668,6390.081498,0.1185408106,0.1653232237,19,1.151075795,0.9774070752,66,19,1,8,1168,1,1,2,2
9949,28,73374,8552.253741,0.223554411,0.113874095,47,2.586733872,2.747981825,82,18,2,0,1224,1,0,2,2
9950,69,49404,2318.263764,0.2148587591,0.03525645996,19,3.368769083,5.834913208,93,13,7,1,2131,1,1,3,1
9951,49,85223,5127.984437,0.2735690186,0.09478664938,3,9.145065287,6.58671216,8,5,4,9,1581,1,1,3,0
9952,19,131008,6522.028867,0.1932961218,0.0342612372,9,9.042494921,1.415616126,98,7,1,5,3632,1,0,0,3
9953,64,20637,5689.798699,0.1012186676,0.02677646224,41,6.946278898,2.25535831,34,18,2,0,4396,1,1,1,3
9954,31,110152,3719.929517,0.2371351523,0.1220271863,39,7.3838774,4.301778009,12,2,1,9,2980,1,1,0,0
9955,37,123186,6457.777109,0.1541293166,0.1916803012,0,6.59127592,12.63149172,25,2,4,6,3317,1,1,2,3
9956,39,35828,379.6374415,0.06611303108,0.1691462483,34,8.012665683,3.533386227,44,3,4,2,3610,1,1,1,1
9957,28,73544,3762.071697,0.2267493258,0.1571495399,23,4.160802287,3.788522475,50,6,8,5,2333,1,0,0,3
9958,44,111732,5372.860925,0.04843410476,0.1481406335,43,5.92035458,7.670610281,91,1,5,2,2456,1,0,2,3
9959,20,121976,304.0702725,0.06166446606,0.1804542929,6,7.03593089,13.42630848,24,12,1,5,2535,1,1,1,0
9960,34,65097,5125.723414,0.2300392192,0.153038666,21,5.215861185,8.158719141,55,10,0,3,2139,1,1,4,0
9961,61,133271,6577.119162,0.2333419613,0.1291066956,22,7.954019978,1.650690803,38,12,6,8,3575,1,1,4,2
9962,45,52022,7616.156207,0.239326568,0.07928921525,0,9.393287848,3.203367607,2,1,6,2,46,1,1,0,1
9963,46,52202,1222.403406,0.09506428608,0.02917933907,23,6.974203331,12.90910936,74,3,9,4,2854,1,0,3,0
9964,38,48704,9906.592261,0.2613103626,0.09759633913,19,1.672036788,13.21298879,93,15,5,5,2643,1,0,1,0
9965,64,111411,6101.060243,0.2195737594,0.1857090049,31,6.492128515,12.03407546,52,14,1,9,4726,1,1,0,0
9966,33,149688,3695.618547,0.2518505488,0.1207890504,30,7.266838911,8.356606794,32,14,7,0,4560,1,0,3,3
9967,54,43641,2566.019259,0.2154955906,0.04505579418,32,3.549262415,6.867686764,61,2,3,6,2713,1,1,3,1
9968,37,57479,5771.678931,0.178082973,0.1333144286,35,3.895910213,4.389233615,97,12,6,8,820,1,0,1,1
9969,23,98771,8828.945307,0.04172448376,0.09843782448,17,6.358455327,8.443016119,66,16,7,5,1462,1,1,1,3
9970,36,42027,5253.597422,0.2161715015,0.1869622168,36,7.364020935,10.40089984,68,17,6,9,3980,1,0,3,3
9971,22,118463,6648.57335,0.2102336249,0.04057858291,32,8.84287043,9.189187563,94,15,2,3,1014,1,1,2,0
9972,20,62912,3641.194751,0.1006224287,0.1452822322,32,7.862697882,3.770576842,3,0,7,6,3091,1,1,0,2
9973,18,133097,3942.707652,0.223387733,0.1395044683,4,2.205736538,13.59501599,71,13,3,3,4184,1,0,1,2
9974,55,128227,2933.133547,0.1696318205,0.1968728999,17,4.132822936,6.161290993,58,1,7,8,84,1,0,3,1
9975,32,112558,7085.809214,0.1722278092,0.1173333041,8,2.338890277,13.33094089,16,5,4,7,611,1,0,2,2
9976,51,91474,3655.956779,0.1166053568,0.1755990668,41,7.812471406,6.2630021,21,11,8,0,1015,1,1,4,0
9977,52,148773,1988.0924,0.04386766199,0.01469564813,30,3.398038427,1.05759136,37,7,2,2,393,0,0,3,3
9978,66,129658,3757.065655,0.07290925278,0.03334947396,6,2.111567508,11.20033433,87,6,1,0,3294,0,1,2,1
9979,42,62692,8552.889358,0.2329611795,0.07572832884,14,1.866069983,13.84201828,30,17,3,0,2122,1,1,4,1
9980,41,118884,7408.695231,0.08871804964,0.1276722055,45,2.030462267,4.194021949,48,10,1,6,3983,1,1,2,3
9981,29,52209,3412.94436,0.01065338576,0.09532507554,3,3.224067506,8.366005493,51,19,1,6,3556,1,0,1,2
9982,35,77563,9077.408752,0.2991350521,0.048512287,45,8.04119408,12.21047055,88,1,0,8,3474,1,1,3,1
9983,32,76738,840.8430877,0.07109784782,0.1219487106,38,3.139550524,5.155736831,37,10,7,0,1899,1,0,4,3
9984,61,57242,592.562535,0.2000611132,0.1176728213,7,3.532281244,4.649535554,95,7,0,1,4199,0,1,2,3
9985,33,29941,1361.956512,0.2788073813,0.1096450209,23,8.926243468,6.460445448,48,19,7,8,4646,1,1,4,2
9986,44,27073,1252.902083,0.183916693,0.0272056613,7,4.980835222,8.483335501,89,16,8,8,3420,1,1,0,2
9987,25,127966,969.5597186,0.2417188784,0.1861348436,4,5.579450661,8.51173255,99,12,5,9,815,1,1,3,0
9988,63,57827,6647.291859,0.2931477965,0.1225285077,22,1.024500793,7.55215295,26,19,6,1,474,1,0,1,2
9989,42,66225,6048.339559,0.2595053935,0.06015843197,42,1.73896823,12.39490966,22,11,5,3,859,1,0,4,2
9990,34,57096,6511.294555,0.1717921857,0.1406094562,33,7.665368006,2.717323759,83,10,0,6,2476,1,1,2,3
9991,46,70546,6914.823936,0.1154738498,0.07040251827,14,4.001167974,1.734840437,26,12,0,0,1055,1,0,4,1
9992,25,86457,7593.10955,0.1499146903,0.1061126451,49,2.34584459,2.944146118,80,8,0,1,2129,1,1,2,3
9993,32,149257,2151.051582,0.2541295888,0.0748150365,46,4.859255698,10.70806951,13,6,2,4,4249,1,1,4,0
9994,44,88309,6260.804781,0.2574728369,0.177274865,18,1.405879236,2.606047191,2,9,6,9,4687,1,1,1,3
9995,63,89998,5842.481727,0.2552979275,0.1988563111,24,7.384386348,5.18097575,26,11,7,1,3551,1,1,1,0
9996,67,106496,9442.234255,0.1831950768,0.04062459241,38,1.721731303,13.25537038,61,7,0,5,4522,1,1,3,2
9997,69,50268,2400.44047,0.1483172161,0.01448000061,3,1.493872027,2.533319933,13,11,5,0,819,0,1,1,1
9998,24,105354,681.3570503,0.1002880363,0.05167127633,45,4.777308797,8.158522935,91,11,7,5,2363,1,1,4,1
9999,20,125037,6569.60119,0.010974648,0.1220908768,7,6.283669593,7.837593108,43,13,4,4,1107,1,1,4,3
10000,46,130078,7427.711118,0.2317007285,0.04305071652,28,7.875078944,0.9936696595,24,10,1,8,4990,1,0,1,1
10001,61,62078,2903.640457,0.0903295012,0.1641820407,41,1.638650552,2.173515822,60,13,3,7,4441,1,0,0,0
10002,41,21865,5751.399466,0.1056065897,0.08764740959,12,4.013377743,14.28069015,74,13,3,7,3055,1,1,4,0
10003,20,116242,689.4070488,0.2546095552,0.1260012207,37,3.417092593,14.43487073,51,10,3,9,2603,1,1,3,2
10004,37,48887,9604.443928,0.02515283557,0.09656738991,35,7.693825553,13.18254649,11,1,7,8,3566,1,1,0,3
10005,63,69876,1188.257236,0.2790098961,0.1816323051,36,4.324833859,6.761976551,96,7,5,4,1346,1,0,1,2
10006,32,116047,768.9483079,0.01039495751,0.01667571404,41,6.650684739,9.097650585,83,6,8,9,4903,1,0,2,1
10007,42,53479,536.690579,0.2823590433,0.1485673602,44,5.404404683,12.45019956,33,14,9,9,659,1,0,4,2
10008,47,148863,4329.991874,0.1418799624,0.1339127053,42,6.126925528,10.30409623,22,3,0,6,2456,1,0,2,1
10009,31,60478,1061.88146,0.03961556129,0.1334078559,30,4.290647362,13.4794233,18,0,0,2,1245,1,0,3,0
10010,24,46401,7472.017585,0.2055067965,0.08865798468,18,3.153336437,5.078242562,99,2,1,5,4333,1,1,0,3
10011,34,48502,8998.85419,0.2697983635,0.01297829341,36,1.537660485,9.550179143,0,5,4,7,2886,1,1,2,3
10012,61,139768,2676.16743,0.1370411169,0.1409557372,24,2.561223117,8.722062422,73,18,5,3,4659,1,1,3,2
10013,37,131750,6324.853881,0.2104937922,0.1675995304,36,2.553404164,14.77662611,64,1,2,9,2864,1,0,2,1
10014,53,33394,519.1506254,0.2940151889,0.02619375909,0,9.413571616,13.23211871,4,14,0,0,278,0,0,2,0
10015,26,118694,3926.98827,0.07980323888,0.09390732581,20,9.436426695,2.895268912,56,18,6,2,3519,1,1,3,1
10016,55,29262,3000.126923,0.2479303425,0.04089302225,40,3.302211545,1.353946249,21,18,0,6,1362,1,1,4,2
10017,65,24487,2363.329055,0.09561876171,0.1260781794,38,1.950776175,6.972841266,42,8,6,9,222,1,0,2,1
10018,39,47341,6482.762547,0.133637904,0.1592649265,40,3.535463759,8.409980783,1,18,8,5,2607,1,1,3,0
10019,19,147360,1389.256669,0.09171210186,0.1366742473,25,8.168026465,11.95305945,72,12,0,0,2177,1,0,2,2
10020,41,128924,8621.034181,0.139343407,0.07043141339,41,8.836895201,2.816042662,6,7,7,5,3265,1,1,4,0
10021,25,33570,6681.875473,0.0114758194,0.03654921354,2,5.509915303,13.83894891,20,5,9,5,1226,1,1,3,2
10022,28,77268,7136.278269,0.09799726573,0.1609109477,49,5.861071402,8.7880005,70,9,8,1,706,1,0,2,3
10023,30,141435,9359.908656,0.1391352785,0.07154420311,40,5.128332432,12.7198403,58,8,7,5,977,1,1,1,1
10024,34,49605,9429.491428,0.1933496533,0.01420656803,4,2.645250023,12.62891438,8,14,0,8,2551,1,0,4,0
10025,25,91602,5561.358006,0.1948348034,0.1185700307,42,1.447963924,14.30203505,39,13,3,7,4029,1,1,2,0
10026,38,122798,5004.260191,0.1792978294,0.05686868894,28,6.592572534,10.0516631,72,1,9,2,2654,1,1,0,1
10027,35,46723,3420.277921,0.09497923058,0.1698291397,32,8.188569019,11.86546392,48,0,3,2,207,1,1,3,0
10028,47,89108,7184.158941,0.2847472516,0.03721848883,1,7.744125574,12.39764502,11,10,0,4,2668,1,1,2,0
10029,35,98206,5428.267981,0.1236712489,0.09261216132,17,9.102659183,7.287700616,99,14,6,6,1306,1,1,4,0
10030,63,80098,9335.463289,0.07289924296,0.05809473869,13,8.322831489,6.768058308,72,14,6,0,1987,1,0,4,3
10031,64,113375,2462.396892,0.1708087525,0.1410243077,39,3.588185104,14.22592286,9,5,9,2,4917,1,1,0,0
10032,48,68707,3171.501594,0.2271893143,0.1142208728,29,2.051323287,1.471088861,73,0,8,5,4032,1,0,0,3
10033,55,69028,3229.295429,0.01354773612,0.1602876667,28,4.876604491,14.31769085,16,16,7,1,2605,1,0,2,1
10034,49,113937,8079.3847,0.09013976214,0.09713638929,28,4.134771242,8.888005915,3,2,2,1,3211,1,1,1,3
10035,28,76921,1080.499285,0.2492435773,0.01091360199,18,7.557244424,4.772881392,63,13,1,4,438,0,0,4,0
10036,62,80760,4610.926298,0.1570361171,0.0508873313,45,1.611761543,8.579439946,15,19,9,4,2157,1,0,1,0
10037,42,30249,4333.049296,0.1284616083,0.1998398506,25,9.487091162,9.747975607,48,11,2,2,4793,1,1,1,0
10038,50,87847,824.082248,0.2799613711,0.08701554797,45,9.614513488,2.10640381,99,19,7,9,3562,1,0,2,3
10039,55,117547,4166.890286,0.03596517817,0.1278446705,39,1.795102847,10.21390582,26,11,5,3,301,1,1,3,2
10040,58,63839,5182.442035,0.1885153582,0.1819370055,8,4.905672897,13.58739413,5,4,2,4,1362,1,0,3,2
10041,25,125077,744.5364558,0.1092347277,0.01389959461,45,9.092312607,14.58377497,8,5,1,9,3916,1,0,3,1
10042,28,59673,5147.635072,0.0305387855,0.1353254053,43,2.685531774,9.196935492,57,19,0,5,2541,1,0,0,1
10043,39,23642,9596.455256,0.0719859075,0.06479162506,12,7.229925091,5.242150356,31,14,7,4,72,1,1,4,1
10044,68,26338,9791.251799,0.1921006318,0.06305716852,37,7.400927398,8.670350988,37,1,2,8,533,1,1,0,0
10045,41,134650,5363.629808,0.01820031082,0.05272176662,30,3.102373854,0.5412900215,29,7,2,5,2036,1,0,4,2
10046,58,71761,5199.459633,0.1817521565,0.1663185511,13,1.055497052,13.82896659,77,19,4,9,2968,1,0,4,2
10047,34,29622,2926.530848,0.2874866222,0.08086006916,30,6.980220366,11.8772654,44,5,4,1,4488,1,1,4,1
10048,29,68423,9971.44317,0.2405778581,0.02275214227,14,6.555308903,2.913372681,28,16,8,4,2110,1,0,2,2
10049,63,62873,2814.868793,0.110223153,0.02840172,33,6.847381579,9.335819071,91,17,4,9,3512,1,1,3,1
10050,49,124544,4583.722874,0.05008021744,0.03823672891,49,2.407991857,0.7987166244,21,13,6,8,3334,0,0,0,0
10051,32,67565,129.0471722,0.1448686858,0.1807962416,9,6.433608298,3.632606187,30,19,6,0,2768,1,1,0,2
10052,33,27806,3557.39968,0.1239556265,0.09121425104,20,5.875071342,2.965174424,80,9,6,9,1352,1,0,2,0
10053,39,20757,807.258976,0.2918025584,0.1840493745,38,5.072996968,2.76417337,16,12,4,0,599,1,1,4,0
10054,45,112246,7463.865227,0.2970617358,0.1653210998,24,7.992304747,8.505472943,53,16,2,3,3346,1,1,3,2
10055,37,41470,5654.043085,0.1290695503,0.169197698,36,4.494683093,14.48418452,78,0,6,6,3391,1,1,1,3
10056,50,26220,5764.501585,0.05314735522,0.06449804412,39,4.179404581,2.389888153,46,7,7,8,1262,1,0,1,1
10057,27,128408,2936.46173,0.2740767694,0.06154973841,19,5.869050123,13.15582805,31,15,3,1,695,1,1,2,2
10058,57,111851,8167.473274,0.2401272599,0.1164129922,44,9.497730464,1.692730983,27,12,5,8,849,1,1,3,0
10059,49,74754,132.3821608,0.1582695199,0.08940574278,6,4.098316355,1.701207536,10,6,4,3,657,1,0,1,1
10060,67,113329,3402.651674,0.1159528465,0.1067215308,17,5.007970182,9.607123417,38,18,9,0,3466,1,0,1,0
10061,50,147636,6629.025156,0.13996809,0.02010879835,40,3.396906207,8.830335078,16,7,1,6,3314,1,1,0,1
10062,19,99852,9088.43312,0.2715455408,0.1946021363,43,7.116512068,5.491309201,75,11,0,4,1380,1,0,3,2
10063,50,127630,2422.697974,0.06354659985,0.02105207349,25,4.276766692,8.234133085,38,15,5,0,3007,1,1,1,0
10064,50,42505,5456.890512,0.2439672211,0.04397794656,16,7.23427075,11.44628516,72,12,9,0,2753,1,1,0,1
10065,58,48288,5426.115063,0.01527528352,0.1388580997,41,2.311391848,11.71277333,24,17,5,9,3098,1,1,3,1
10066,30,94492,8754.326254,0.276965878,0.03954529483,6,3.373879168,0.6737809043,25,12,6,1,3801,1,1,4,2
10067,47,39109,600.1172066,0.1550862111,0.03030528626,27,2.856761279,1.632206803,67,18,4,6,4574,1,1,3,1
10068,50,138056,4302.308055,0.07575686964,0.03918787246,20,7.996623986,0.5497427235,61,5,0,6,3171,0,0,2,1
10069,30,23497,1906.41018,0.01082838582,0.02176484621,36,1.806109872,0.7268028253,18,11,5,2,3522,0,1,0,0
10070,69,77326,313.172743,0.1722684759,0.05775056065,22,3.267513696,12.67476034,12,5,3,1,3008,1,0,4,2
10071,43,29864,1555.606311,0.08090148246,0.06151266149,46,5.566512531,1.711516662,28,18,6,9,2691,1,1,0,2
10072,39,117046,9767.059661,0.1930666574,0.1047381966,47,1.790424906,10.80959012,53,15,1,7,1632,1,1,0,0
10073,56,113517,2227.000244,0.09153909162,0.09335727827,47,1.099497065,14.71047601,72,13,8,6,2886,1,0,1,3
10074,19,107562,9356.804656,0.03552696847,0.1000055489,9,7.220281795,12.40318758,41,11,6,8,1102,1,1,3,0
10075,55,94310,2132.017992,0.1564649727,0.1270475058,45,6.52221189,1.462739045,61,17,4,8,4040,1,0,0,0
10076,56,139454,9319.822751,0.1737008635,0.05388267194,16,1.075734066,13.46124941,70,15,1,0,755,1,1,0,3
10077,43,132343,6580.747258,0.1412511074,0.03559378491,37,1.436820451,14.393437,70,16,0,1,2428,1,1,2,1
10078,63,41017,1220.863917,0.1428303108,0.1769868729,0,2.974336964,10.74240792,20,15,4,6,1820,1,1,2,2
10079,67,21821,5860.960036,0.1809985371,0.1304488545,10,9.155610083,9.436506202,8,10,9,7,4342,1,0,2,2
10080,32,70337,3253.288972,0.1626425177,0.02152602585,32,6.874542536,9.226037602,44,15,4,5,702,1,1,0,3
10081,51,65485,3893.216244,0.04844458627,0.1925998135,30,8.245002319,12.39365857,26,8,2,4,4888,1,1,4,2
10082,59,103557,4457.692483,0.06715483748,0.1416830154,43,7.835303365,8.525054102,47,14,8,5,4048,1,0,3,3
10083,61,76388,4284.799523,0.05111940201,0.038823882,23,9.847225437,5.339789261,84,17,9,1,1436,1,1,0,1
10084,66,30372,6674.678016,0.2110557188,0.194135542,19,9.551414099,14.57130326,68,7,0,8,1102,1,0,1,3
10085,57,126684,7706.843879,0.1632935395,0.07942739522,46,1.605756178,1.202643201,4,17,4,9,1753,1,1,4,2
10086,28,120050,3358.859123,0.1346579858,0.1970569152,4,1.204194981,10.14754942,71,2,3,3,4095,1,1,4,2
10087,20,113938,9251.203221,0.2415183086,0.02962236958,41,5.473617728,8.991587485,14,4,1,8,669,1,1,3,3
10088,23,91333,9390.816509,0.1044804513,0.04039415124,25,3.445528506,9.767670386,76,1,0,7,1104,1,1,4,2
10089,26,36283,502.8353278,0.1747509323,0.1349097147,48,5.541098288,9.811997862,96,10,9,9,1100,1,1,3,3
10090,23,60857,247.5970099,0.03157820443,0.01420725838,41,1.816059687,2.29117213,43,18,3,3,4687,1,1,4,2
10091,26,71772,4308.156668,0.2258771843,0.01355103183,6,9.179762812,2.435915402,46,1,5,4,2752,0,0,3,0
10092,56,130441,5947.387985,0.211605809,0.1604767381,26,7.966898214,1.476897375,31,17,7,9,712,1,0,2,1
10093,48,79670,2851.257,0.2426900925,0.04187826303,17,5.96904868,14.10654994,35,6,9,6,3825,1,1,2,2
10094,49,93133,2668.196136,0.2664980278,0.1845700986,37,5.185638848,9.343602834,48,15,1,4,4172,1,1,4,2
10095,58,115856,6815.504914,0.2298281975,0.09092027081,30,5.21644671,1.618085135,52,0,1,1,1335,1,1,4,2
10096,67,51261,6056.872418,0.2549020681,0.1759939473,8,6.548210999,6.78803271,22,12,5,7,4551,1,0,3,3
10097,29,77154,1754.754062,0.1102398337,0.08937508098,1,5.908069423,5.710182522,33,2,3,9,4758,1,0,3,2
10098,25,26107,8856.559536,0.109567835,0.1107437009,43,5.340141724,2.648952666,17,17,9,7,3872,1,0,0,3
10099,25,111296,6831.763095,0.2838472378,0.07013769072,36,7.11331095,12.41926123,11,3,8,7,3421,1,1,2,2
10100,67,55561,3689.504867,0.2752266155,0.1350345194,46,7.884828382,11.7462891,86,19,3,9,4503,1,1,0,0
10101,45,96674,6867.884431,0.1690642289,0.07045822153,44,6.786583732,7.229080364,1,16,1,7,854,1,0,0,0
10102,37,55268,1215.265559,0.1163020477,0.05240231859,28,4.522486048,8.075782707,26,4,0,5,532,1,0,1,1
10103,64,51608,4735.735633,0.2611404438,0.02539898927,33,4.728915766,6.828246495,49,6,5,9,3404,1,1,3,3
10104,24,33138,1772.945655,0.1037892284,0.02095717609,14,1.88678591,8.489789582,30,8,0,1,1393,0,0,1,1
10105,28,126665,510.1693367,0.05455417404,0.06813512711,45,4.730908676,11.12216943,47,3,5,3,2913,1,1,1,2
10106,37,57693,3449.430076,0.1954528758,0.1499299356,8,8.072130655,13.20156997,85,8,7,1,4566,1,0,0,2
10107,33,145625,1592.281286,0.02236032482,0.04906781261,15,1.598234652,9.088638659,68,16,5,1,4837,0,1,1,0
10108,21,103000,6371.827774,0.1199395528,0.06685321553,1,2.57967427,2.324059914,16,9,3,8,3156,1,1,3,1
10109,23,144143,6773.272151,0.2442225066,0.1819825695,0,8.583549328,11.69480352,42,16,1,8,4087,1,1,0,2
10110,39,41248,1572.053832,0.09561269675,0.1314399242,8,6.111527356,5.898043778,70,11,4,4,2837,1,0,3,2
10111,43,122757,343.6687555,0.2800814889,0.184747254,19,7.040790624,9.633229002,17,9,4,2,3048,1,0,4,3
10112,20,38632,7948.82456,0.2871891533,0.1831329465,45,3.894031332,3.379541164,65,10,7,8,3124,1,1,1,2
10113,58,67547,120.3645052,0.2465867272,0.02204802967,1,5.399192687,2.869434244,30,12,2,6,1302,0,1,0,1
10114,59,32100,3504.739583,0.2964165625,0.1914517717,0,7.854186948,1.263774854,62,16,1,3,3605,1,0,2,0
10115,31,67930,4996.374651,0.1639215923,0.01972381222,9,8.884390454,5.059606711,27,14,0,2,2145,1,0,3,0
10116,28,86861,8204.557667,0.1750678701,0.1858675944,22,9.767858658,9.158585674,66,4,1,7,903,1,1,1,2
10117,35,96905,8401.730563,0.2524883764,0.113879353,18,8.659229875,5.122243244,8,10,1,5,4846,1,1,3,2
10118,29,73025,7276.900462,0.1529135242,0.1113060207,17,1.607348646,3.992752421,96,12,0,3,2078,1,0,3,2
10119,40,95876,2547.256463,0.127948802,0.1455201719,23,4.090211372,14.92555165,27,5,7,8,2029,1,0,4,3
10120,29,98944,7229.85065,0.1882785414,0.1770501414,21,7.740006488,14.98320475,91,9,7,0,3557,1,1,3,2
10121,30,70840,2540.738059,0.2007212581,0.1272308656,19,4.76157909,9.271742097,17,19,9,4,1630,1,1,4,2
10122,42,39369,2224.621098,0.2277597883,0.09082597222,10,4.927338087,5.192071743,14,2,3,2,1587,1,1,4,3
10123,62,38460,5516.566747,0.2037782022,0.03125897517,8,8.148822893,12.9936185,74,2,2,1,4533,0,1,4,1
10124,68,111641,6820.658994,0.2262593206,0.1599497681,14,8.500769878,11.18345551,88,0,0,4,4930,1,0,1,3
10125,36,116920,625.2124825,0.2056223046,0.03437576357,15,8.1226749,9.431105001,4,1,7,2,3660,1,0,3,0
10126,63,21461,694.2237511,0.1493291192,0.1480095136,12,4.191621417,13.66968888,40,4,7,6,3115,1,0,3,3
10127,53,62362,7863.289799,0.04913102946,0.1103057397,5,3.052122452,6.957029427,90,13,3,0,2188,1,1,4,3
10128,62,118376,8609.022785,0.2377785364,0.0833088257,24,4.228684209,4.204116583,75,6,4,4,373,1,1,3,1
10129,25,147229,6083.965072,0.0189259539,0.1264674134,46,7.312451797,14.52215234,73,11,3,6,2066,1,0,3,1
10130,46,48610,4345.397296,0.2978250266,0.1567476564,14,4.282431314,12.97354336,72,3,4,5,3513,1,1,4,2
10131,49,124334,8468.633148,0.2502529621,0.1888165275,17,1.498440931,13.72494483,65,17,3,1,700,1,0,2,3
10132,68,40995,7315.288624,0.2045640763,0.06029240774,42,8.206812488,13.81399042,72,8,8,4,219,1,1,2,1
10133,61,104716,5837.982564,0.2903159638,0.1899547304,32,1.570844879,6.047887486,50,11,0,2,3225,1,1,4,0
10134,35,27717,3265.595507,0.1876163816,0.1925801287,13,9.965202376,12.98171567,15,11,9,1,296,1,0,1,2
10135,23,98867,2060.15111,0.02636553542,0.1645897978,33,8.754104452,13.39455156,64,4,9,7,1277,1,0,3,3
10136,35,99472,4244.863089,0.1722208305,0.1774730632,1,9.607036144,8.440001275,84,6,2,1,262,0,1,3,0
10137,36,84022,2939.543502,0.09038921384,0.1415612276,19,8.499306351,9.566236877,56,16,6,3,3417,1,1,2,1
10138,39,73668,3458.660019,0.1171484831,0.01742847179,41,1.909624576,8.87369612,36,19,5,7,3512,1,1,4,2
10139,54,71645,5204.747448,0.1432796952,0.1192649235,15,4.768796399,0.7323981371,38,18,7,9,2071,1,1,1,0
10140,49,49550,1774.030174,0.2346342165,0.151968867,2,9.171413587,8.265226399,64,3,5,8,3600,1,1,4,3
10141,58,106151,8081.149133,0.1558494722,0.1889235956,45,1.817914547,1.048632608,48,0,7,5,4793,1,0,2,0
10142,20,23576,1540.741671,0.1476572843,0.1183858509,29,3.747211522,7.04057046,46,7,0,4,2879,1,0,2,2
10143,45,60868,4861.83703,0.09757191995,0.1608981289,22,5.203888027,1.162448036,39,1,8,3,2317,1,1,3,3
10144,27,118039,7485.116247,0.1665629501,0.1439573563,38,5.049230078,7.102684974,13,0,4,0,3279,1,0,0,3
10145,68,66380,4901.705006,0.08203334779,0.06335254882,22,9.49511211,4.918859709,39,2,9,9,3859,1,1,1,0
10146,52,25728,3674.11843,0.08568820647,0.03939833428,2,4.556067294,11.72191441,47,18,1,4,3045,1,0,1,2
10147,46,52800,4801.423928,0.2296050448,0.1526720124,12,3.150651155,7.44696599,31,13,0,3,4379,1,0,0,3
10148,32,30886,8501.839919,0.1093387067,0.05441598862,45,5.004410715,7.925375869,87,17,3,5,849,1,0,2,2
10149,50,99614,9905.273813,0.02490590515,0.05649139538,39,4.563943706,13.60344609,38,13,9,5,3124,1,1,4,1
10150,24,89909,6348.318564,0.1096664129,0.1323497854,28,6.60972444,7.493329397,32,16,7,6,1528,1,0,1,0
10151,29,67236,7955.096022,0.1951859403,0.1599230082,22,9.947324555,2.767388813,29,9,2,3,3595,1,1,0,2
10152,66,65805,243.437993,0.2460558201,0.1206430976,39,5.962755216,2.132372728,25,19,9,0,484,1,1,3,1
10153,47,138286,8815.607654,0.2889616376,0.1781467992,16,5.160041094,4.934420811,42,6,3,2,112,1,1,3,1
10154,38,52532,9545.092623,0.2264039222,0.05017422116,20,6.344669004,4.347966582,54,10,1,8,4691,1,1,2,2
10155,48,132765,5794.176483,0.1343669667,0.05795874161,28,9.818192108,12.36818155,43,8,1,4,3433,1,0,1,2
10156,41,120696,7562.668134,0.09674459097,0.1310215458,36,6.623199192,11.50381513,77,0,1,2,4281,1,1,4,0
10157,37,48688,5176.172955,0.04759269715,0.1675799551,4,2.106411423,1.350045039,75,17,9,7,2851,1,0,1,0
10158,54,31063,2933.417031,0.192029066,0.1124768423,20,9.214191581,3.414491848,2,16,0,0,1650,1,1,3,3
10159,21,43089,8537.254923,0.1578661611,0.01197249893,1,6.317396004,7.007969499,6,18,9,3,2847,1,0,1,0
10160,45,75942,6008.683449,0.2065334398,0.1386191945,22,2.42294853,1.764375545,84,9,9,2,640,1,1,3,2
10161,61,71829,5835.89253,0.07876861537,0.1645806623,10,3.07442729,2.910157693,57,0,4,1,2485,0,1,0,3
10162,37,70553,6625.408818,0.1038568088,0.0625432893,14,2.084818461,13.67245631,90,0,4,1,4556,1,1,0,1
10163,41,53585,8574.431342,0.09470765135,0.02029766349,22,9.646842324,8.34735013,9,6,2,4,1198,1,1,3,1
10164,67,91739,7345.870645,0.2413190342,0.1084108758,6,1.637649158,12.05136104,9,17,2,6,3919,1,1,4,2
10165,66,79004,2190.129523,0.05965664631,0.01800949187,42,7.879848349,5.292956343,99,10,7,8,1053,1,0,4,3
10166,68,139250,4721.55309,0.1864569139,0.08904318134,33,4.038926459,5.934451039,80,12,9,4,1369,1,1,1,3
10167,49,139411,9804.953487,0.02489295457,0.01338539045,37,1.730013825,12.94611046,41,8,6,1,4818,1,0,3,0
10168,58,22438,5590.151066,0.169362997,0.05274367735,40,4.904625151,10.02912256,33,16,3,3,4232,1,1,2,1
10169,53,113095,9388.628999,0.02853505297,0.08387626586,48,1.002427888,10.33653001,81,10,7,3,4533,1,1,4,1
10170,51,43212,8152.357914,0.06100421133,0.03122411905,43,8.355453818,9.76464043,25,0,9,5,3194,1,1,4,0
10171,53,70362,6693.632074,0.0427773376,0.03168962176,5,5.877232408,8.346444633,59,19,8,1,4873,1,1,0,1
10172,19,92177,3558.715506,0.1105503526,0.1671417307,15,5.065718965,14.87137463,1,15,5,2,2144,1,1,4,0
10173,32,36983,3112.761541,0.1096821111,0.01787053468,1,8.463047534,13.46603017,72,18,6,5,2809,1,1,4,1
10174,51,34026,6469.868546,0.2496615914,0.1409035872,31,5.673882654,10.80809784,44,10,6,3,728,1,0,4,1
10175,53,140168,4382.356284,0.0754493609,0.1647515894,42,6.357684236,10.33328307,4,13,4,5,2841,1,1,3,1
10176,23,70998,8007.660866,0.03505215511,0.03483724729,46,8.333356947,1.72183967,25,11,3,5,4107,1,1,3,0
10177,56,144735,7628.521721,0.1850184193,0.04712043956,37,7.485136139,7.535165613,78,7,1,2,1445,1,1,0,1
10178,59,75744,3190.091819,0.2093607029,0.1318837273,27,6.931353171,7.692100218,24,14,0,6,1311,1,1,1,1
10179,68,77013,7057.014952,0.09549884865,0.06997285642,40,7.337269239,1.253118765,25,0,7,3,3713,1,0,4,3
10180,68,71039,4996.046882,0.1848160937,0.1005203835,8,3.366727012,11.45622076,91,5,1,6,2525,1,0,1,1
10181,29,69831,3300.591798,0.2350564047,0.1688405146,24,2.055230627,0.5285125481,86,11,7,8,166,1,1,3,2
10182,20,105172,4188.369268,0.1107903523,0.03621680256,49,6.604004678,6.665530007,84,8,8,2,4450,1,0,4,1
10183,62,54603,8963.983485,0.1623526136,0.1277339792,25,3.016148793,13.59714197,21,17,3,8,3283,1,0,1,1
10184,35,97758,3659.225152,0.05252364936,0.1890555672,44,1.428582151,5.435202483,18,7,0,1,1942,0,1,1,3
10185,57,87713,2945.252806,0.01685757231,0.02091865964,25,3.288898587,8.948381406,9,19,5,4,3040,1,1,2,3
10186,38,126446,3582.891485,0.2945967127,0.02140128535,4,7.482426284,4.965342476,41,18,7,3,2675,1,1,3,0
10187,32,118452,2224.722518,0.09692194666,0.1154010508,16,7.375794051,3.095232513,99,4,0,9,2491,0,0,0,0
10188,50,136183,5491.886375,0.09088159471,0.1924144013,25,9.129336775,11.08527399,30,19,4,6,4647,1,1,0,2
10189,52,33105,1559.62072,0.2922410886,0.05188999205,25,7.077047806,3.466267924,30,11,0,6,4077,1,0,2,3
10190,43,120048,8192.693486,0.2211877219,0.07285047425,42,4.957540769,1.546818006,98,18,6,2,2924,1,1,1,0
10191,25,87182,2333.244448,0.1797363875,0.02874311516,8,3.344494223,6.809386344,74,4,5,3,1528,1,0,2,0
10192,53,72147,6020.744773,0.2128037846,0.07882697378,22,7.825602991,10.77870937,80,1,3,6,3199,1,1,2,0
10193,65,141331,1337.752439,0.2158787043,0.0184231712,23,4.707738273,8.910100454,96,3,7,2,2113,1,1,3,3
10194,47,95400,9786.686167,0.2313674053,0.08392785957,40,8.339397287,4.043869722,85,4,7,0,288,1,1,4,3
10195,40,66434,4600.297043,0.02948487711,0.1155426772,8,8.664627577,12.35743501,89,6,1,1,452,0,1,1,2
10196,59,46515,8239.496274,0.1297211117,0.1952509171,9,4.164108221,1.907836866,35,11,4,4,4217,1,1,0,3
10197,61,109298,7709.613573,0.09558779217,0.1654937161,5,4.09441961,10.21959848,65,8,0,4,727,1,0,0,3
10198,31,78001,7165.561167,0.03046519517,0.166192428,3,9.222700081,9.296830695,31,10,2,7,4050,1,1,2,3
10199,31,121971,8290.912225,0.1296537091,0.05334742167,0,4.575336639,13.53436959,66,13,2,2,4124,1,0,2,2
10200,19,78397,1094.589726,0.1886903108,0.02657459341,5,7.361247695,8.140436375,62,13,9,8,4200,1,1,2,1
10201,54,81415,6817.122255,0.06176432719,0.1245841938,37,4.400353446,12.37527081,22,6,2,4,363,1,1,1,1
10202,22,36960,2731.689629,0.09845775573,0.1090162571,28,7.581530043,3.621785616,49,2,2,9,3783,0,0,2,0
10203,55,129591,7880.129474,0.1953595384,0.1081357365,43,2.562397349,8.40707151,64,2,9,2,1509,1,1,2,1
10204,62,113143,9573.000722,0.1780041507,0.03071151738,2,8.522969373,8.22312363,68,3,1,7,1073,1,0,4,1
10205,58,101838,9024.746345,0.2619477843,0.1038381299,44,9.848435718,4.782312929,43,6,6,1,579,1,0,1,2
10206,64,65778,1238.027002,0.2394569812,0.03856759071,23,7.891952963,0.5737545382,57,8,6,7,2118,1,1,3,2
10207,31,50941,3758.568965,0.2900272052,0.09020177281,41,4.232121639,11.29161817,56,0,3,8,1752,1,1,3,1
10208,56,116857,3706.795296,0.1831860599,0.0218109002,8,5.996834839,6.251765475,36,3,7,7,4025,1,1,4,1
10209,42,115849,1310.733037,0.2125555363,0.1728095939,16,7.026402227,4.851352178,64,2,9,9,2759,1,0,0,1
10210,37,123083,1071.447928,0.2595468151,0.0125042164,42,2.735852049,3.314316961,17,5,9,0,446,0,0,3,0
10211,19,60955,3910.412336,0.253597809,0.1884713965,37,3.546119488,12.84990576,4,5,7,8,2809,1,1,1,2
10212,56,98565,9921.50835,0.2184292762,0.1739494463,41,8.215936985,5.341199836,81,10,3,0,540,1,0,0,1
10213,23,121276,5732.532246,0.1550743007,0.1529955338,49,9.507566278,3.457304245,98,3,5,8,444,1,0,2,3
10214,34,76908,6255.638123,0.08922999759,0.1966846106,13,3.450548883,8.090114681,95,3,5,9,1748,1,1,1,1
10215,42,84067,4763.087209,0.2643925686,0.02022579945,35,2.328248649,11.83682275,25,12,4,1,365,0,1,0,3
10216,45,138636,6657.072468,0.2352300782,0.1319034501,44,9.834596214,9.235728837,32,16,3,7,3032,1,1,3,0
10217,19,75696,9570.954599,0.2529930161,0.1713673972,32,3.879717284,14.4228009,41,10,8,8,926,1,0,2,3
10218,52,38429,5928.109741,0.05082890226,0.03405724834,19,8.006274993,14.37315129,87,2,5,5,934,1,0,2,2
10219,54,114048,743.8807512,0.1012957347,0.1211072459,33,4.411100584,13.58439904,26,2,6,5,4365,1,0,1,0
10220,22,96676,4979.616635,0.133216661,0.08484516265,2,9.541702959,8.694738163,53,11,4,2,2206,1,1,2,0
10221,18,136315,9928.237605,0.253122072,0.09280715154,19,6.395826924,11.63992631,82,14,1,9,431,1,0,0,1
10222,57,34847,3935.286934,0.2689371351,0.1833795762,2,4.73602767,4.683284692,81,15,5,8,2788,1,1,4,0
10223,29,67191,5979.424248,0.09261888713,0.1123437756,5,2.60499794,8.84273362,78,7,2,7,1305,1,1,3,0
10224,53,54256,1155.703958,0.2090644585,0.02771978852,28,3.30022912,1.464165196,90,13,9,1,4828,1,1,1,3
10225,62,147025,1497.686937,0.03256611978,0.188071073,38,8.71272446,4.319765026,74,5,5,4,2739,1,1,4,1
10226,40,48774,8759.346386,0.1287762489,0.04519012241,42,1.5125174,5.217449919,23,4,2,6,1139,1,0,4,2
10227,64,147343,3073.41182,0.1511340412,0.1796009951,30,2.411586278,5.738003893,2,19,7,0,4127,1,0,1,1
10228,48,29127,3123.967606,0.2320335163,0.194474937,38,2.733661766,2.834737542,38,18,6,7,1971,1,1,0,2
10229,28,138251,3933.40866,0.2686719487,0.176789118,48,1.636117256,1.707328774,70,6,0,2,2429,1,0,3,3
10230,27,48205,9668.138862,0.1078121384,0.1386554178,20,7.170759088,8.886375429,11,0,3,9,700,1,1,1,0
10231,20,128210,935.4659108,0.1630442781,0.1512748458,43,9.83144689,7.624179436,32,1,1,1,3858,1,1,4,0
10232,31,120106,8205.764615,0.1977599845,0.1429747763,0,2.252797975,8.975720928,21,7,5,6,1352,1,1,4,1
10233,33,101163,3481.422977,0.1053192964,0.09749963369,32,8.190393471,2.374926871,34,3,4,4,2452,1,0,1,1
10234,27,78764,8509.733457,0.2958060818,0.06213974656,49,2.58854857,14.24152609,13,14,1,7,3085,1,1,4,1
10235,46,138279,9918.38093,0.2639745701,0.06415051869,9,9.764025296,6.493632141,25,13,0,0,3282,1,0,1,0
10236,27,121824,3551.807361,0.09595682037,0.1489218936,25,5.563460461,7.017355192,82,5,6,8,1844,1,1,1,0
10237,29,58664,1380.628026,0.157304407,0.1289469252,2,8.627644876,8.431009708,84,16,8,5,4295,1,1,3,3
10238,47,76795,1529.31743,0.07694377784,0.1211279665,13,2.535003497,10.50683416,53,5,8,7,3518,1,1,1,2
10239,58,141729,7611.53482,0.1592061365,0.1339956792,7,8.967309884,6.080447264,40,11,9,5,2328,1,1,4,1
10240,18,52333,1534.723368,0.20816638,0.1572093847,47,1.734752772,2.575676372,44,16,2,6,3699,1,1,2,0
10241,22,133548,2678.173528,0.03480111691,0.1521847738,49,1.20602995,11.8552536,30,7,5,7,1553,1,1,3,2
10242,37,56079,2123.543602,0.2623339894,0.0300253171,31,7.380644463,4.278083849,68,0,9,8,2519,1,1,4,1
10243,25,104225,3621.217784,0.1821863018,0.07897665944,40,1.95868994,6.921562859,98,4,0,3,3208,1,0,4,1
10244,60,44259,836.229094,0.2969848406,0.06015375599,35,8.792217595,9.668767071,16,9,0,2,4313,1,1,3,2
10245,29,46571,8581.750576,0.0174215371,0.1122653458,26,6.591467817,14.49781018,59,3,5,9,1919,1,1,3,2
10246,18,71119,8615.448487,0.2511345218,0.02166905565,32,3.978834788,0.9869825003,95,2,5,9,3094,1,0,4,2
10247,37,28009,4188.035695,0.239669284,0.154868169,20,3.495473185,8.023585103,3,14,4,1,2529,1,0,2,0
10248,45,130210,6159.666933,0.04852722849,0.03024019341,25,1.737352323,14.07380015,9,4,5,1,2828,0,0,0,3
10249,60,130531,6455.320552,0.1072386342,0.06156638492,13,7.180452294,4.199627923,93,15,9,3,231,1,0,4,1
10250,54,81829,7517.655342,0.2665908989,0.158720886,42,9.253248427,2.128337922,8,14,4,7,3238,1,1,3,1
10251,64,58230,5254.831867,0.1603517456,0.01979639675,35,7.810947576,9.15417228,60,15,5,5,1933,1,1,1,2
10252,54,131364,5152.32685,0.1263716314,0.135438203,27,6.574550033,2.706797728,89,8,8,2,4828,1,1,1,0
10253,29,76049,6349.907396,0.2725939654,0.1856508716,27,2.068374138,13.2436377,21,15,6,3,4186,1,1,3,2
10254,54,121762,7060.179117,0.0370699121,0.1273511853,20,8.44866386,10.98599436,20,17,2,2,3669,1,1,3,0
10255,66,143273,3532.234733,0.147205607,0.1454049226,47,9.688455227,2.254845027,22,15,8,2,4776,1,0,0,3
10256,66,139466,3370.667685,0.1991884884,0.1605307058,40,3.365355863,8.872994736,60,3,5,8,2877,1,1,3,1
10257,61,56498,2770.212201,0.1864770173,0.05222680122,28,4.783269737,0.8931682115,11,16,4,2,2039,1,1,1,1
10258,45,139053,5533.580898,0.08664017178,0.1203831444,45,1.126459844,12.75496377,94,10,3,1,3498,1,1,2,0
10259,64,48820,3665.541327,0.1733607423,0.06872077605,37,8.487142275,3.478847389,16,14,9,1,3480,1,0,3,3
10260,32,60315,5449.10135,0.2154829116,0.05740412205,33,1.186710463,11.11133899,54,17,0,7,4245,1,1,0,3
10261,23,115018,4119.249182,0.1796167681,0.04656671887,0,5.378574888,2.041672513,20,3,6,9,2124,0,0,2,1
10262,61,52795,8383.668407,0.2084940455,0.1212318169,19,6.18822522,7.350153775,53,14,4,2,859,1,1,0,1
10263,37,133812,823.9893735,0.08426283442,0.160961066,25,1.499877291,13.97385106,46,1,0,9,85,0,0,2,2
10264,67,105411,5764.884877,0.2515261956,0.1764189222,26,2.581011078,1.579929876,40,6,3,9,4781,1,1,3,0
10265,31,59191,5798.675131,0.1404099657,0.09143132977,22,8.117505774,4.782885475,96,11,9,8,3312,1,0,1,1
10266,19,74453,3898.801374,0.2962949148,0.08085081004,6,3.272803191,11.84807608,14,16,0,2,1117,1,0,2,3
10267,26,32453,4268.106856,0.01675274299,0.1405883114,21,7.522499484,7.218770623,95,8,9,9,3496,1,1,4,3
10268,54,140848,8021.300473,0.1202914577,0.158268256,46,7.742685144,9.929381469,58,9,3,1,4094,1,0,0,1
10269,37,70325,2878.669732,0.06233776517,0.05813067397,36,4.665865365,12.27411799,98,1,6,7,4146,1,1,2,3
10270,43,69490,8726.897535,0.1711267628,0.066485268,34,1.573759804,11.86873415,14,6,8,5,3719,1,1,0,0
10271,46,94796,8973.798711,0.08052947737,0.1113447306,46,1.097259799,6.232916853,28,17,1,3,4985,1,1,1,3
10272,18,134165,6541.131114,0.2238686045,0.09443328069,3,5.432622687,6.744040243,10,5,3,0,4785,1,0,0,3
10273,52,69993,7751.291366,0.2657411001,0.1440996693,28,1.643088868,8.781231228,28,18,0,9,159,1,1,0,1
10274,23,130780,6168.180531,0.07115646254,0.1058521483,36,7.538252468,2.28001279,85,16,5,5,878,1,1,4,0
10275,54,65706,5300.065226,0.05659650931,0.03120383009,35,4.427415468,13.10808305,89,12,7,6,1962,1,1,0,0
10276,22,134981,9670.109767,0.2638535839,0.04153110701,2,7.149608636,1.85553176,81,3,2,7,1364,1,0,2,2
10277,50,62817,2898.284146,0.1147688554,0.1813626803,1,4.673455313,3.179811773,88,14,4,6,4309,1,1,0,0
10278,66,84544,1626.094372,0.1360292541,0.05320568932,4,6.655024152,14.1996036,84,1,0,1,1367,1,1,3,2
10279,68,111434,2946.105095,0.07408115571,0.01951635737,17,8.497160826,4.586663082,87,0,4,2,4771,0,0,0,1
10280,31,75710,6184.793523,0.1333413117,0.1489763661,33,8.960076798,4.041122072,55,15,0,0,3779,1,0,3,3
10281,29,70799,1933.316037,0.07707702119,0.1399621173,14,1.151945571,6.667536907,91,7,4,3,3338,1,1,0,0
10282,59,139586,9097.259028,0.2031189578,0.1240144435,49,6.809551413,11.00214449,52,6,8,4,1609,1,1,0,2
10283,37,80964,4169.141567,0.1546741596,0.1054286693,49,6.077211619,5.810230737,2,4,6,8,11,1,1,2,0
10284,67,73678,8514.632495,0.2385375293,0.1942202673,39,6.733343811,13.1835088,12,19,6,0,4432,1,1,3,1
10285,41,91150,2567.441791,0.1006911537,0.03276813622,43,1.52285444,2.665731385,37,1,8,6,1063,1,0,3,2
10286,60,117379,3200.366715,0.1566225545,0.1069309287,40,1.62906616,2.210173974,69,4,4,3,1527,1,0,4,2
10287,51,80438,686.311632,0.08526176366,0.1171685393,0,5.472820911,1.622302805,10,9,7,7,3351,1,1,0,2
10288,42,129987,2651.900153,0.2809974398,0.01427365449,21,1.514034206,4.826198042,22,13,6,9,1361,1,1,0,1
10289,67,97223,4954.106808,0.1613613437,0.08827856071,24,7.987697066,3.393574206,72,1,5,1,2319,1,1,2,2
10290,46,81926,9466.755485,0.06030412393,0.1587324038,16,7.952290972,7.189288209,55,18,5,4,3634,1,1,4,3
10291,56,23801,3950.139442,0.08910204117,0.0995087635,32,2.055916457,14.93765105,16,4,6,1,3087,0,0,4,1
10292,48,61048,6433.464407,0.0340415696,0.1763029055,16,5.095521051,13.09384619,8,4,9,1,2105,1,1,2,3
10293,64,60144,4334.330163,0.01806663872,0.1325117971,37,6.354828497,13.47698323,82,4,2,6,2722,1,1,3,3
10294,60,114478,563.2393226,0.1625173296,0.1555562192,4,8.735011617,12.54571318,98,5,4,3,4321,1,0,1,1
10295,67,30148,5084.972996,0.1077656475,0.1628512257,36,9.895869669,4.439796846,95,16,1,8,2208,1,1,2,0
10296,40,132364,752.5451024,0.289494302,0.1410050455,42,1.154992234,3.781704221,91,13,4,9,726,1,0,3,3
10297,61,102819,8848.629254,0.05968610494,0.1523823254,42,5.287051843,11.11560499,27,3,7,1,3657,1,0,4,1
10298,55,39861,7555.065923,0.2402346693,0.1421090026,10,8.229563075,9.185007437,78,17,6,6,3139,1,1,2,3
10299,37,120048,3848.649565,0.1016317182,0.1145881122,11,8.16278595,3.488791105,18,17,2,7,4827,1,1,1,2
10300,40,81717,6438.164795,0.07482584196,0.1176412635,43,5.87650416,14.52640684,96,10,6,0,1803,1,1,0,3
10301,62,42480,1209.078738,0.2911946775,0.0460781087,33,2.640318553,6.651068883,86,16,1,0,1296,0,0,2,3
10302,69,38637,7055.294371,0.2427472136,0.1672134543,34,6.031866961,12.30916328,91,13,3,6,3551,1,0,1,3
10303,33,64621,8245.050849,0.1928800585,0.06930608962,38,4.523988259,1.570193494,3,5,9,4,4620,1,0,1,2
10304,67,80304,8235.281921,0.2121651008,0.1117900077,45,4.682048977,1.009911051,46,18,1,6,3258,1,0,2,3
10305,59,67431,2914.347722,0.2975006277,0.05741365601,15,3.958015779,7.109179957,46,17,6,0,2478,1,0,3,1
10306,25,119937,2711.087333,0.1820301486,0.142214346,23,2.300382538,2.231174263,30,7,4,8,4182,1,1,2,3
10307,67,108921,5261.83711,0.03955113073,0.1952821009,30,7.644151318,14.69932703,98,4,8,1,2252,1,1,4,1
10308,38,76172,9680.944403,0.02881117674,0.1623686446,13,7.37639271,12.2743024,4,15,6,4,3204,1,1,1,3
10309,18,45437,9213.177478,0.2033159655,0.1276281416,48,5.885489467,7.084077757,32,12,1,3,1768,1,1,1,3
10310,25,28149,3660.420969,0.2007043317,0.1178262414,46,4.193160898,14.70297268,47,14,3,4,3839,1,1,0,3
10311,46,34671,7820.312111,0.2269704,0.1030565389,31,8.404164681,3.954970554,31,0,2,8,687,1,0,1,0
10312,49,123005,9221.045865,0.04154583177,0.04894457204,42,2.439104303,10.34514079,78,0,9,4,2101,1,0,0,0
10313,55,43119,2683.172011,0.2840216597,0.07612190985,12,4.911130745,0.754176894,58,1,1,3,3861,1,1,1,2
10314,22,66117,8319.926931,0.16983594,0.08721487409,37,6.881605017,5.897843124,97,18,1,3,200,1,1,1,1
10315,64,119317,2752.166706,0.1983711011,0.1894681242,16,8.393483448,1.650218808,63,1,7,4,4367,1,1,2,2
10316,39,36279,3498.493046,0.02010719118,0.09086074227,43,6.846492711,5.826919387,46,15,5,9,695,1,1,2,1
10317,64,88835,2068.324839,0.2886825222,0.1213761674,35,2.059338136,6.018675815,8,1,2,0,2225,1,1,4,2
10318,51,119810,5120.090011,0.1731516361,0.1852606627,41,1.911635322,5.939976092,34,6,7,8,2753,1,1,3,2
10319,18,146085,8448.777853,0.1733753028,0.1085010175,17,1.453891075,6.50925914,46,0,2,0,96,0,1,4,3
10320,43,24803,5327.716161,0.2836310417,0.05777545817,18,6.039790668,9.444373453,87,0,4,6,3045,1,0,1,3
10321,60,102897,1322.056096,0.2795115517,0.08239116025,6,3.186454841,3.24668176,81,17,0,3,596,0,1,4,3
10322,27,80805,2592.581729,0.07388659163,0.08135244809,29,2.435772539,3.898749748,16,17,0,8,2637,0,1,2,3
10323,47,38201,5672.332486,0.2800186584,0.1457963373,11,1.764754138,9.858751952,0,15,9,9,4241,1,0,1,3
10324,67,146564,5873.55581,0.2236201739,0.06626293879,10,6.776085977,7.260439974,54,0,1,0,1240,1,1,1,2
10325,35,48634,5811.368445,0.01548121093,0.1487548298,28,7.780725843,2.847832711,10,11,6,3,3015,1,1,4,1
10326,34,34760,862.3345758,0.07955451313,0.1789561153,2,8.719886709,11.91503702,32,10,0,6,2625,1,1,0,0
10327,43,30826,7561.589337,0.1297642422,0.07385387223,33,6.358715494,13.99777762,69,8,6,1,2131,1,1,3,0
10328,25,106821,9103.33917,0.1790185121,0.03571480905,33,4.188124667,7.247361441,55,9,9,4,1464,1,0,4,1
10329,64,132125,5154.137583,0.2133856218,0.1313253267,30,5.2337272,9.403435064,63,10,8,9,2457,1,1,4,0
10330,57,65775,7216.409939,0.07096101425,0.07856234883,21,6.725355014,12.32249538,92,12,4,6,2919,1,1,3,2
10331,66,146546,9148.753371,0.2526431491,0.1114573718,1,7.417022524,14.47440479,57,11,5,9,4595,1,1,1,1
10332,29,134090,6461.965274,0.2552574439,0.13049147,26,6.803570888,14.55265587,19,5,9,9,502,1,0,1,1
10333,44,94676,6775.824672,0.1941496576,0.08747115937,46,9.657137432,13.88114406,17,13,6,2,4199,1,0,0,0
10334,25,26798,7241.903693,0.277117234,0.1856919458,35,7.751879571,12.33216222,77,5,7,7,1117,1,1,4,0
10335,42,135161,2678.974269,0.2457649038,0.08592678429,31,7.755589758,6.673785783,44,11,1,3,558,1,0,3,2
10336,63,86103,5868.51096,0.0742708612,0.06840112218,34,8.378249913,10.20981641,42,17,1,4,4943,1,0,4,3
10337,21,97160,8437.533634,0.2416162912,0.178278292,16,5.143405521,11.5696032,19,19,8,4,4114,1,1,2,1
10338,50,97751,3032.01103,0.2864286028,0.03589732745,33,3.375518784,1.832578538,56,10,5,6,2050,1,1,4,3
10339,18,93502,8981.987946,0.04990586964,0.03359969647,25,8.346150714,2.187286618,81,1,6,7,4236,1,1,4,0
10340,36,71410,6241.781303,0.2938223866,0.1877826594,9,5.177620223,10.72829276,26,11,4,0,808,1,0,2,1
10341,48,60888,4289.431029,0.01724791106,0.04970399868,38,6.464583742,10.1702534,17,14,0,9,2422,1,1,2,3
10342,33,69047,6269.511318,0.161428501,0.03820310669,8,4.866322743,12.15593681,16,5,7,6,1448,1,1,3,2
10343,31,115289,4078.413066,0.2344290103,0.1116819778,24,4.564525696,3.176392509,59,4,0,7,4126,1,0,1,2
10344,65,129640,8396.552458,0.2392270497,0.01888980858,19,7.041344387,14.08185934,88,14,0,1,636,1,0,0,2
10345,22,122614,4874.953943,0.2230550451,0.1278028501,14,6.988094049,3.956161316,4,10,1,0,46,0,1,2,1
10346,58,65955,9022.012262,0.1635118981,0.09605685168,39,3.781217456,2.458945065,5,14,4,8,3214,1,1,1,1
10347,43,132393,5147.1,0.1987796534,0.1316782732,48,2.70086416,5.202861276,99,18,3,8,4551,1,1,3,1
10348,45,21982,6637.647057,0.2129803338,0.06394801167,26,2.181919226,12.22417812,96,0,3,2,4077,1,0,4,1
10349,19,53864,9977.669768,0.153416375,0.1820397207,10,2.024007648,0.9094642507,14,4,0,9,1903,0,0,3,1
10350,67,141298,1554.961826,0.1827486428,0.06141033542,15,8.359298238,3.789047866,38,3,0,8,4060,1,1,3,3
10351,23,99118,7393.618572,0.2554467355,0.1311372903,29,3.575346701,14.35621273,79,8,9,0,3895,1,0,2,3
10352,26,105490,1474.835056,0.1007349161,0.1895674516,21,7.106877243,0.7466413626,38,5,1,0,623,0,1,0,2
10353,50,59265,8404.777021,0.1617298348,0.08615376478,23,3.586820374,4.53473693,87,10,1,1,3121,1,1,2,3
10354,58,66313,6004.888474,0.0124591191,0.04067104038,49,7.000808514,5.22369646,20,2,0,6,1492,1,0,4,3
10355,42,64350,9387.77965,0.2093565559,0.02299267042,23,9.857267978,13.89671598,12,8,9,3,284,1,1,2,2
10356,65,35378,8672.970359,0.06666178474,0.1929734194,35,1.593611569,12.84252397,28,10,7,8,1991,1,1,4,2
10357,30,129168,841.2331709,0.1494903636,0.1551032823,17,6.883803889,7.171286063,97,8,2,5,371,1,1,2,0
10358,26,138334,1459.295163,0.07095951272,0.1846008914,19,3.543243882,5.104574527,4,0,7,7,1541,1,0,0,2
10359,30,137107,6051.592193,0.01682477723,0.1427782801,7,1.746040189,14.19420268,66,12,4,6,720,1,0,1,3
10360,48,89815,5231.314935,0.15013396,0.0750652158,14,1.710783948,3.230358277,20,0,2,8,1892,1,1,0,1
10361,58,47924,1768.794793,0.1332017459,0.03337315134,12,4.344976789,7.413902248,8,17,5,9,3162,1,1,2,2
10362,28,102593,1380.65636,0.1332933589,0.1865683033,35,5.865501247,6.567355633,66,10,1,8,1270,1,0,3,0
10363,21,137490,5683.508756,0.07055378638,0.1030276184,13,6.825646201,14.06047042,43,14,0,1,3798,1,0,1,3
10364,51,27312,584.323325,0.284689331,0.08533670929,46,6.10774867,11.4592522,61,15,8,0,2552,1,0,3,0
10365,55,50353,8749.979499,0.01101707403,0.1197804916,46,9.081597523,7.218960271,93,0,2,8,2315,1,1,0,0
10366,63,133744,8090.120906,0.2685481805,0.03024627107,23,2.381806842,9.302266995,66,10,6,8,4032,1,1,1,3
10367,21,120673,7875.16272,0.2237015577,0.06874872568,36,8.461059093,13.65906467,61,5,8,2,3428,1,1,2,0
10368,55,106450,258.3717557,0.05990088972,0.1311964603,23,5.754045479,12.55281412,61,11,3,6,844,1,0,3,3
10369,36,36192,571.6453398,0.146935676,0.02902335981,46,8.745073239,9.424075542,59,18,8,7,414,1,1,2,0
10370,23,37450,5543.407299,0.2967665236,0.0356961242,17,4.839970046,13.77211802,48,0,3,1,1822,1,0,4,1
10371,51,25432,9944.81432,0.1966724887,0.1070116942,31,5.336201796,6.014160994,38,1,1,2,1183,1,1,1,2
10372,35,77225,3488.93039,0.04693924991,0.1284568537,34,4.80085622,11.13111654,40,19,5,6,3495,1,1,3,1
10373,30,116548,3509.310682,0.1427162493,0.0455303241,19,1.868192921,0.7336691707,49,11,8,2,4867,1,0,0,1
10374,58,118991,1429.351872,0.145778898,0.01628608055,41,2.305052921,8.953119746,97,0,2,8,2406,0,1,0,0
10375,40,98711,6775.924457,0.2426563665,0.1920897096,31,5.657766832,2.486194153,16,6,1,6,3820,1,0,0,2
10376,36,85604,6502.099221,0.2756872505,0.015223605,36,5.798880713,8.102361255,52,9,4,8,3384,1,0,0,2
10377,62,30295,1103.091922,0.03385004755,0.01038988789,36,5.210183503,4.074414049,54,15,6,6,1965,1,1,3,2
10378,28,26774,4727.381642,0.1010708132,0.07143470808,46,1.11560528,6.01990411,77,14,5,5,2480,1,1,4,0
10379,18,135107,6704.041597,0.0965470568,0.05226610207,32,5.550196649,11.98638663,74,8,3,4,4987,1,1,0,1
10380,41,32190,4985.80975,0.2988539562,0.1189814088,0,2.203522375,1.349769768,55,13,8,1,1968,0,1,0,3
10381,24,51286,6776.19946,0.1721758638,0.1798996866,47,6.097360936,8.292320955,0,3,0,7,4349,1,1,0,3
10382,42,96325,8181.076935,0.2651511339,0.1014104578,27,3.594461073,2.600667006,64,5,9,3,1600,1,0,4,3
10383,38,114450,6889.572788,0.1335495263,0.1569272297,26,9.923484367,8.811995563,63,14,0,7,1925,1,0,1,2
10384,32,117480,6199.530935,0.2195897136,0.1827531373,16,4.233236772,9.687101047,51,7,6,5,853,1,1,0,3
10385,18,92427,8550.543544,0.09310983627,0.04598593419,45,8.387262183,3.140246095,14,9,4,9,1309,1,0,0,1
10386,29,107513,9015.826822,0.2744179468,0.1027790684,14,3.210351576,0.5865172604,1,6,3,5,839,1,1,0,3
10387,24,84014,3949.975728,0.1419924099,0.1319932999,13,2.705363723,1.739073031,11,16,4,2,491,1,0,1,2
10388,32,115887,1815.173888,0.2430803942,0.0730578152,30,2.989790954,10.49938674,44,12,2,6,3273,1,1,0,2
10389,38,95852,8196.818,0.08418689617,0.1505529011,33,3.998053318,6.011432987,56,7,0,6,280,1,1,1,3
10390,36,75256,2216.155762,0.2111452592,0.1440098453,2,8.639802452,5.906977457,41,10,8,4,3451,1,0,1,2
10391,46,148477,9296.611631,0.1274959373,0.09000791399,11,7.87564157,10.53241145,1,0,4,5,1351,1,0,2,3
10392,42,138580,326.4916577,0.01911743266,0.02671121315,25,4.918850771,7.708419773,86,5,9,5,1662,1,1,2,2
10393,50,118743,9220.584708,0.1297723936,0.01219806886,23,2.692802902,9.737735537,61,5,5,7,2600,1,0,0,0
10394,66,78630,5932.911627,0.1695062761,0.08017641681,33,1.438363401,13.83026855,33,8,7,8,2799,1,0,3,0
10395,49,135896,7769.946953,0.05401086803,0.02559308057,7,6.566875642,7.849529855,16,1,9,5,3233,1,1,2,1
10396,66,111190,4045.076612,0.06333480051,0.1585086442,11,7.360770091,9.751509776,40,16,5,2,4663,1,0,2,0
10397,52,82771,9917.99129,0.1448102115,0.07352189882,8,6.455249221,9.775843942,77,1,9,4,3141,1,1,3,3
10398,61,71715,2352.759133,0.1093916166,0.1365586724,25,5.5112882,8.253128312,74,6,2,0,4681,1,1,4,2
10399,55,27466,2717.00226,0.137814756,0.07581200759,45,9.755763814,10.13428475,83,18,7,0,4854,1,0,0,1
10400,43,146503,609.181196,0.1436398269,0.1612282992,37,1.221972196,12.59800708,70,19,1,9,3594,1,1,4,3
10401,28,37637,9410.686294,0.05062205267,0.1787983744,48,9.895674233,12.21355155,64,2,6,9,1260,1,1,4,3
10402,52,146237,4614.690106,0.06254642683,0.1691276884,42,3.486831055,1.330408631,14,10,5,0,1275,1,0,1,1
10403,25,88745,6781.038906,0.2559679641,0.1020499772,18,4.448302982,14.30091613,37,12,1,8,4229,1,1,1,1
10404,63,56317,6905.663202,0.0571884199,0.02595080607,20,7.772805504,12.78441126,97,15,3,9,641,1,0,0,3
10405,31,69766,8757.570714,0.2031151566,0.0806251101,12,3.044034068,14.57373561,72,8,2,1,2558,1,0,3,2
10406,27,23078,6682.759981,0.1313731336,0.09064663899,34,7.388646562,3.314151083,64,18,0,9,3522,1,0,1,3
10407,19,47299,5664.009705,0.2907886389,0.1924482621,2,3.992958381,8.277920516,8,11,2,0,1395,1,0,2,2
10408,63,121794,7132.153389,0.02917026495,0.117444488,24,9.465023497,6.878456753,41,15,6,4,4223,1,0,0,1
10409,26,23543,7534.61091,0.2508127711,0.1317607843,31,2.545365721,5.965883197,65,5,5,7,1851,1,1,4,3
10410,20,142790,1940.686668,0.152520277,0.1585806804,20,9.386055448,6.394480798,85,4,2,4,1347,1,1,0,0
10411,38,114627,1185.703686,0.01155218755,0.1179584688,13,8.119660433,13.60249979,88,4,1,4,3179,1,1,1,3
10412,43,71052,841.0036198,0.08646146349,0.1237120757,30,2.532127005,10.62746585,50,10,5,9,3910,1,1,3,2
10413,25,114483,3803.129596,0.1282320872,0.05661228149,7,4.488670511,5.208873437,77,13,6,1,3377,1,1,4,3
10414,65,42064,5030.202374,0.1011164785,0.02118465544,6,1.938667251,5.993735628,98,13,1,6,4351,1,1,3,2
10415,19,92287,6194.933993,0.1151103446,0.147063317,35,6.397485093,7.293558172,79,8,6,0,4366,1,1,0,0
10416,23,100442,9584.541745,0.2758348536,0.1712500925,34,9.644750338,5.820485019,18,7,2,1,2553,1,0,3,1
10417,45,140550,3374.79942,0.1146708694,0.08828003483,18,1.713078166,3.546061549,30,10,5,4,3052,1,1,3,0
10418,46,103632,7632.653116,0.13146052,0.1142937461,1,3.323021172,6.812531773,65,9,4,6,1082,1,0,0,2
10419,43,34425,5360.440434,0.2307281505,0.06838419319,4,7.798211024,1.653131891,31,18,0,6,2280,1,0,4,1
10420,42,71481,2278.890328,0.2402117341,0.09554191276,43,5.12484048,12.88909531,99,19,8,7,3919,1,1,3,1
10421,29,97347,6191.523748,0.03438599902,0.04968904799,1,4.050600925,12.46061374,74,15,3,5,409,1,0,3,3
10422,22,103114,9675.044165,0.21418031,0.1543784935,17,6.410715231,13.43285259,7,4,4,2,2982,1,0,0,0
10423,51,92317,1330.652163,0.1499458666,0.1034632397,14,3.645739466,6.965702906,68,5,2,7,327,1,1,2,2
10424,65,142850,5122.069669,0.04881762904,0.1139597451,15,3.959715847,9.942824202,97,10,6,0,1178,1,1,3,2
10425,54,106826,610.9227061,0.08676606354,0.01704673487,11,8.255003791,12.24490624,31,10,9,2,3698,1,1,1,1
10426,32,70530,3280.041359,0.02306029422,0.1282556945,43,4.524254941,5.06542744,46,15,3,7,3059,1,1,4,3
10427,61,101099,6243.966508,0.1144687848,0.04850460428,35,7.305016037,9.684077375,69,7,3,2,1661,1,0,3,2
10428,53,45888,8426.463667,0.0840678677,0.08284498243,21,2.356864693,6.854367315,7,18,8,4,3496,1,0,0,3
10429,32,47491,7330.251375,0.1208099852,0.08841598302,27,4.589389773,5.918804506,33,0,2,4,3772,1,1,1,1
10430,60,133101,4682.282104,0.1782987588,0.09525919352,39,5.967286113,12.96236575,3,8,4,6,748,1,0,0,1
10431,65,52352,9101.305295,0.2223784701,0.05321291393,42,3.405674366,9.549131545,35,13,2,3,4866,1,1,3,1
10432,40,135437,3096.875184,0.1855520761,0.1715209427,21,4.79441323,9.539235011,43,19,1,9,250,1,0,1,3
10433,23,41676,7564.435761,0.2067294177,0.09129152863,3,7.838413884,2.774524842,24,2,5,1,4240,1,1,4,2
10434,63,85836,4792.689315,0.261035345,0.126305547,11,2.453542446,5.530313965,25,4,7,1,3720,1,1,4,0
10435,67,57463,8996.493971,0.2634090886,0.1266481337,20,5.506760851,12.69824474,32,1,4,6,4977,1,1,4,3
10436,61,130478,7994.584934,0.259608611,0.1253270881,26,3.356037047,3.595635996,8,17,1,2,2566,1,1,2,1
10437,60,68990,9024.549647,0.05441898549,0.1162704217,22,4.69214433,14.57172264,46,12,4,9,3359,1,1,0,0
10438,62,106544,2221.053705,0.08281004874,0.1662988922,41,4.378488353,12.56220515,71,3,9,1,4700,1,0,3,0
10439,38,83627,6714.689278,0.1556743384,0.1643973846,26,6.89806361,4.380411129,16,16,5,4,3025,1,0,1,0
10440,40,40221,7410.78774,0.1140343953,0.08925746879,40,7.904511206,2.069175049,14,13,0,1,654,1,0,0,0
10441,60,134965,7449.901226,0.0481840008,0.1308107491,15,5.497639204,2.958557492,41,11,2,4,4327,1,1,3,0
10442,33,114870,5089.60446,0.09344756804,0.02953755646,31,2.499268986,4.011929391,53,9,6,7,2923,1,0,2,1
10443,64,129054,211.3801712,0.2928743409,0.02724680887,35,8.817622326,3.947335396,12,14,8,5,4532,1,1,3,2
10444,32,148345,2688.16476,0.1106087591,0.101184117,16,2.675818102,0.7360500224,49,6,7,0,954,0,0,0,0
10445,42,105837,3300.678663,0.1314850798,0.1810387645,17,6.206055412,10.87187348,43,2,3,9,4994,1,1,3,2
10446,53,92843,8535.162511,0.01185641234,0.1334999435,26,5.745718775,14.66746795,2,19,5,6,3224,1,1,1,2
10447,28,71313,8424.769589,0.2186303151,0.1371511203,6,3.579945316,4.653296378,52,10,9,3,56,1,0,2,3
10448,68,49251,1136.33303,0.129929519,0.0399579293,40,9.576520371,0.7360425036,55,12,8,3,2022,1,0,1,1
10449,32,66586,9503.37523,0.03991061824,0.09612784441,37,7.089980888,13.81549656,53,2,6,8,761,1,0,2,0
10450,21,119693,1906.329118,0.2908814541,0.08615027955,19,5.229829825,3.489897543,56,12,9,9,4270,1,1,2,2
10451,38,94418,4202.158568,0.2354556316,0.1587658859,34,4.99137737,0.603734724,11,7,1,5,3490,1,1,3,3
10452,30,73884,2230.053964,0.2205835259,0.03618657839,46,1.832094157,3.74977571,92,8,5,9,3973,1,0,1,2
10453,39,72620,8617.291441,0.2877829771,0.1124462914,32,8.02612795,2.008230775,58,6,7,6,408,1,1,2,0
10454,36,30040,7519.080115,0.1281692245,0.1831567855,25,1.752791857,11.02767918,64,7,0,1,1974,1,0,2,1
10455,51,91677,3599.935188,0.2183747267,0.179567379,23,2.806487029,0.5238028858,95,13,0,2,925,0,1,3,1
10456,31,65878,6850.598398,0.06980029024,0.1719440509,23,2.480454285,6.899596893,36,17,0,9,3995,1,1,0,0
10457,21,25969,1925.232153,0.2121649588,0.08124720946,30,1.613402387,7.633305601,19,9,3,0,4802,1,1,0,2
10458,65,33162,3884.741215,0.01408293673,0.1888091312,26,8.466262505,11.87093937,71,2,1,4,1151,1,0,4,3
10459,69,85435,3833.365125,0.04662856033,0.1630070966,48,9.156652268,8.074283633,36,15,6,6,4050,1,1,4,1
10460,63,138504,2455.573149,0.1333250864,0.1717168507,8,6.629658094,2.30869427,30,14,3,5,1360,1,1,2,1
10461,44,94667,8775.489291,0.01350688149,0.1871472209,1,8.899796183,6.683963015,94,12,6,5,2344,1,0,0,2
10462,46,148658,6820.572781,0.1439700981,0.1880302405,5,7.075569002,14.05156828,24,3,9,5,60,1,0,2,2
10463,64,25037,2871.399175,0.1616096072,0.05561234302,30,7.1650509,3.933662479,49,15,1,3,2075,1,1,1,2
10464,45,80526,2496.99553,0.1902659133,0.03426066524,24,9.005241106,4.842290762,48,17,2,6,2451,1,1,0,3
10465,52,107914,277.7393629,0.03911213633,0.1412662393,15,1.827357781,13.1622528,7,18,0,5,3674,1,1,0,2
10466,25,34693,3531.164313,0.06249345481,0.1170106518,44,1.492584385,11.89648922,93,15,8,4,3734,1,1,0,3
10467,33,146189,5315.035705,0.1878521775,0.07221103607,5,1.482324181,4.78499251,93,11,5,6,1078,1,1,4,0
10468,59,112162,2849.338325,0.2008744366,0.1400454063,22,4.761143775,10.77140787,90,1,9,6,607,1,0,3,3
10469,53,79090,7034.536937,0.01751106618,0.02177940669,46,9.517546061,1.734175841,34,7,9,1,1935,1,0,3,2
10470,47,22451,4176.320337,0.166706535,0.01896958013,4,8.829392011,8.373413324,12,10,6,4,2570,1,1,4,3
10471,35,85560,3231.546586,0.2376447023,0.077319011,16,8.037671545,13.12915101,20,11,3,6,2968,1,1,4,3
10472,19,25962,9396.670822,0.03003925456,0.04683085845,8,4.635236953,12.71650129,72,5,3,7,1132,1,1,4,3
10473,66,120860,2701.728685,0.1298201309,0.1465256496,25,8.417642165,3.441257448,23,15,9,8,2083,1,1,3,1
10474,30,116951,4042.750439,0.1046882692,0.1901241492,12,2.966411199,8.230898963,47,4,9,3,237,1,1,2,2
10475,21,109552,3884.678806,0.2749630314,0.1357092086,6,6.268166264,6.277684599,32,9,7,4,1708,1,1,4,3
10476,43,36444,2487.863622,0.06388269403,0.1344090298,47,7.713305457,8.632406312,0,4,0,7,4915,1,1,2,2
10477,42,60443,2253.019724,0.1023245198,0.01125315895,39,1.83196962,1.588556308,71,17,6,7,674,0,1,2,0
10478,47,36506,3093.562186,0.270548976,0.1073326246,17,8.867221442,14.72965684,2,1,3,1,24,1,0,1,3
10479,28,58384,8655.938082,0.1058894588,0.1652492508,36,7.545870805,8.670959364,13,13,3,0,641,1,1,3,3
10480,24,128598,7694.120584,0.1640907578,0.1342828694,44,5.799509314,2.229699959,13,6,7,9,1457,1,0,2,0
10481,48,135874,6841.89519,0.0195802478,0.05327865308,23,1.561675072,9.812892118,48,7,5,9,538,1,1,3,2
10482,61,117229,4625.319627,0.2956217065,0.1712102972,31,7.250668863,0.6118456014,32,3,4,3,2595,1,1,3,0
10483,27,132314,5126.764448,0.2492345453,0.1932315776,6,5.025255581,0.5937725472,3,4,8,1,1897,1,1,1,0
10484,56,139846,2744.67457,0.193976274,0.06300864103,19,7.630094904,3.097625245,37,16,1,9,793,1,1,3,0
10485,30,44248,835.727547,0.0276190292,0.04934792501,44,1.327333453,4.428467951,24,5,6,2,1440,0,0,2,0
10486,48,66162,3377.301512,0.0317122888,0.07432011188,33,6.172835402,4.315826505,46,0,1,1,899,0,0,0,2
10487,24,62690,5006.279184,0.1680423529,0.02200007394,18,5.023182319,6.925989148,12,2,4,3,1729,1,1,2,3
10488,66,147521,667.3991605,0.0926686865,0.1759522079,45,4.868338011,7.941322891,38,9,2,7,3229,1,1,2,0
10489,59,89625,973.5096904,0.1906089398,0.1865669013,13,5.658148713,6.621200636,24,12,8,8,4808,1,0,3,0
10490,59,132752,2703.949806,0.1834758197,0.1303275775,31,2.113019566,5.921386268,72,18,5,6,183,1,1,2,1
10491,53,88008,3734.095699,0.2532089055,0.1552236144,8,9.419064965,10.21702818,42,13,5,1,265,1,1,0,2
10492,37,80309,3993.83643,0.09159934761,0.1370436287,35,7.342318986,4.100886896,37,10,2,6,2471,1,1,3,0
10493,21,63237,1267.072056,0.1775804221,0.08169730357,48,1.763643568,9.603194623,34,17,8,9,3655,1,0,4,1
10494,24,146967,2335.63141,0.2354353625,0.1300880488,25,1.715136527,14.37167933,92,10,6,5,3384,1,1,2,0
10495,18,125754,2690.307795,0.152324166,0.1689008325,19,2.895956819,7.340711318,54,14,4,3,3777,1,1,2,2
10496,61,55732,769.5852744,0.2508866628,0.1638824079,28,3.157502514,7.912365491,49,3,9,0,2908,1,1,1,1
10497,62,28104,3328.387036,0.04807009846,0.02540093002,15,5.429352638,11.06004143,77,10,6,9,3476,1,1,4,1
10498,59,103230,814.9935703,0.2228303519,0.0978941825,30,5.828098707,7.857238962,33,5,9,9,4039,1,1,4,2
10499,64,110266,7064.232647,0.2834648065,0.08549107815,23,2.312270175,2.586658835,24,17,1,0,2359,1,1,0,1
10500,30,54980,3921.872889,0.1062461631,0.1528816617,29,9.761787642,9.35519848,41,11,5,5,3772,1,0,4,1
10501,39,149985,3334.848655,0.1162375683,0.1052614285,7,8.422920457,7.877215231,91,15,4,6,1687,1,0,1,0
10502,38,146133,1352.569498,0.03422940639,0.07644321063,25,6.701389605,14.29641,50,19,5,0,479,1,0,0,1
10503,39,94990,2342.386189,0.1960329061,0.1442064545,14,3.501149519,1.848549903,93,15,7,1,2565,1,0,4,3
10504,45,59560,2403.781568,0.1702107104,0.09997991886,49,9.19305967,8.278790945,36,17,2,8,4139,1,1,0,2
10505,26,29554,9853.521727,0.02170027003,0.05875856527,9,3.837194692,9.445498516,65,13,9,9,2156,1,1,4,0
10506,43,111049,8369.958857,0.2281414878,0.1791792153,35,3.8731349,9.488466558,84,16,7,3,4223,1,1,4,1
10507,26,127007,251.0966872,0.2504925038,0.03147909115,38,4.176334211,1.365660475,33,14,8,3,4115,1,0,4,3
10508,32,65987,6206.682249,0.2730646852,0.01343666431,23,1.43141578,5.253545427,82,9,4,9,2948,1,1,2,0
10509,27,50985,2633.509955,0.168262885,0.0373430962,48,1.556686161,4.306873292,37,6,4,5,680,1,0,4,2
10510,41,110298,1133.331595,0.1412482101,0.04109221816,7,5.282229303,10.35981095,30,4,6,4,4041,1,0,2,1
10511,59,68167,7085.437655,0.2640797748,0.112228018,0,8.93578067,11.16347661,25,10,3,8,2653,1,0,3,2
10512,25,136533,1402.89494,0.1256220775,0.1287244451,9,9.481372879,3.534406225,75,2,2,2,3021,1,1,1,2
10513,41,60428,4493.033717,0.2000785063,0.09523611547,46,7.981463532,12.47816575,93,16,2,7,4700,1,0,0,1
10514,33,87238,6358.435132,0.1884550544,0.0487925366,22,4.639796133,7.532990943,25,18,8,0,4292,1,1,0,1
10515,66,135078,5589.498086,0.1179267189,0.03511627077,37,3.794423936,4.312932005,62,8,9,6,3075,1,0,3,0
10516,43,82723,9778.528073,0.03519808189,0.1035088741,9,2.941341104,4.846419061,47,3,0,7,2911,0,1,4,2
10517,44,37038,7878.85187,0.01621050621,0.1174417866,32,5.846050414,4.321290334,94,14,8,8,154,1,1,1,1
10518,54,42219,7764.514424,0.1341889448,0.06775266062,30,5.342144644,9.264405985,78,8,7,9,716,1,1,3,2
10519,21,24271,3620.394401,0.1495484567,0.05188358999,37,5.202070679,8.142454799,9,15,0,0,1137,1,1,3,1
10520,67,47397,183.1153716,0.2485766978,0.0253126181,12,3.846006631,14.11158443,35,16,7,0,3578,1,1,0,2
10521,41,94491,7370.668204,0.1301793785,0.01498645253,34,6.237341962,4.468490693,39,17,3,7,4901,1,1,2,0
10522,36,138088,9997.347635,0.09153636367,0.03008992186,43,6.471386245,5.128071549,25,4,5,1,4303,1,1,2,2
10523,53,49602,4118.203167,0.1440079757,0.1509950883,46,8.876751348,0.5939214233,8,4,7,5,3670,1,0,4,1
10524,56,74471,9856.63314,0.07901723932,0.07536354353,31,7.852629194,4.825910986,52,8,0,7,1255,1,0,4,3
10525,27,82150,1502.910284,0.03649457722,0.01520959393,21,3.969002592,4.137760457,80,9,3,9,4067,1,0,3,0
10526,42,64227,3035.472281,0.04278247977,0.1065514017,6,4.415832067,6.328938228,69,12,1,5,3411,1,1,4,0
10527,35,117081,1790.196624,0.1025547934,0.1118527807,5,3.155499139,7.686788295,85,16,0,8,2851,1,1,2,3
10528,36,43116,4804.242132,0.01367616109,0.09145086813,40,2.537669946,10.21864234,79,12,3,7,3117,1,1,1,1
10529,53,26674,7990.115875,0.07385895314,0.03102973429,15,1.980024061,3.282383457,85,6,2,6,4355,0,1,0,0
10530,27,37469,3472.550746,0.2383817109,0.1534438055,11,1.307084083,8.568073271,52,19,8,4,4414,1,1,2,3
10531,50,25446,9071.666478,0.0780389858,0.1409255018,8,4.759135284,11.06532155,38,2,0,0,2209,0,1,4,3
10532,67,144809,5493.821092,0.0421115582,0.08499853627,39,9.632096617,3.997140602,60,0,5,1,2972,1,1,0,2
10533,22,40760,4707.701696,0.2852333624,0.08235491778,4,5.842104992,5.592568166,51,9,3,1,214,1,0,0,2
10534,64,21963,7891.654838,0.1905163337,0.03962767184,2,7.679411937,3.474219957,67,14,3,0,2000,1,1,3,1
10535,66,128281,1104.290621,0.02740752534,0.1531743759,35,4.579500647,2.109964927,67,12,2,4,2552,1,0,4,3
10536,52,96002,7760.149465,0.02805075028,0.1239190418,42,4.459648222,11.46495893,72,16,1,2,957,1,1,3,2
10537,61,47262,2505.224802,0.1875154165,0.02630075465,9,2.12682203,3.980922184,77,17,3,7,2929,0,0,0,1
10538,51,25177,2880.044217,0.1666373526,0.0818320571,7,3.698662187,5.829745999,41,9,6,1,786,1,1,3,0
10539,50,31160,6034.592356,0.02982868399,0.1816765791,8,9.358047615,4.091459301,89,19,6,2,1235,1,1,4,2
10540,38,122876,9029.150808,0.07505148774,0.09595117431,12,5.411813712,1.135457684,66,8,0,8,3484,1,0,2,1
10541,34,27543,5826.228803,0.2794224452,0.07173622487,18,2.839084148,11.07035963,95,0,9,1,2170,1,0,1,2
10542,39,127211,6524.598553,0.175883135,0.1323189743,22,6.973783713,9.828284157,74,11,2,8,2646,1,1,2,0
10543,65,102162,7788.286437,0.1376943655,0.04856475176,42,4.649031242,7.403828338,50,10,3,8,282,1,1,0,0
10544,54,59278,2667.315114,0.08254506946,0.1095226457,23,8.446005781,10.27787072,2,10,2,2,17,1,1,2,2
10545,32,49607,8289.613361,0.04877243227,0.1372093232,2,1.835447882,12.7742485,12,14,5,4,4699,1,1,3,0
10546,52,105835,4237.805476,0.1267631884,0.172426899,32,5.696267943,9.467706125,12,19,6,9,2568,1,0,4,1
10547,45,144403,1838.991366,0.2774863022,0.1415758175,22,8.210909179,13.64838577,60,13,3,1,4952,1,1,2,2
10548,24,37221,3566.168987,0.02412630475,0.08303786146,13,8.684047586,3.421680314,23,8,6,0,1383,1,1,2,2
10549,49,23323,2536.698006,0.2973838566,0.1558820329,18,4.567112301,13.30868549,19,1,5,2,272,1,1,4,0
10550,28,72105,2364.264691,0.07026568886,0.1806959863,32,7.669369206,8.352254923,73,1,0,7,4735,1,0,3,1
10551,27,127841,2897.375667,0.1285425345,0.1007750887,22,9.691388486,12.70357324,86,15,0,1,4932,1,1,1,2
10552,26,96151,1891.215066,0.02306487937,0.01085514924,26,6.597350733,11.28523834,96,5,3,4,1782,1,1,2,2
10553,31,144908,6710.247395,0.1795868389,0.1773744249,11,8.304310034,1.33577799,54,12,6,3,3617,1,1,0,0
10554,30,86968,5841.918395,0.150231027,0.04143397841,45,6.163745926,12.64803856,34,5,3,8,1319,1,1,3,0
10555,42,43238,6519.574741,0.2033450401,0.03400184595,46,8.111913523,5.390682971,77,0,6,9,2773,1,1,3,1
10556,19,125959,3502.874766,0.1673766569,0.06845892749,6,9.466286749,6.635461113,79,12,5,4,1181,1,1,2,1
10557,52,83830,7720.360685,0.1254715575,0.08219691162,35,7.403157315,0.6605807756,29,1,3,0,3611,1,0,4,0
10558,24,93967,1383.126535,0.2239494424,0.1618815727,45,2.389857919,11.50146215,82,0,9,6,1323,1,1,2,1
10559,38,28330,5754.253424,0.01725612706,0.08394484317,17,1.737280886,7.270881003,32,0,7,8,3615,1,1,2,3
10560,35,64153,2826.984425,0.1668984161,0.01927602161,15,8.308778902,14.12446551,40,10,0,5,2340,1,0,4,3
10561,20,28611,5323.338017,0.04302409911,0.1308327192,13,3.325297261,4.574470224,65,15,6,9,1245,1,0,0,0
10562,59,33872,3304.008035,0.1364424166,0.1375319945,20,8.877386197,7.69304079,48,8,0,7,4321,1,1,4,2
10563,56,69455,7926.066474,0.2394263419,0.164701975,42,2.765402267,6.461455137,7,6,5,8,1597,1,0,2,0
10564,58,54930,8923.591204,0.05131361642,0.08578455533,26,9.199420315,11.98559517,83,13,6,6,3819,1,1,1,0
10565,66,92022,7451.554111,0.2813850011,0.02635350448,24,8.246939083,8.266831319,2,4,5,4,415,1,1,4,0
10566,28,82714,1838.278757,0.2676663608,0.1150818328,37,8.931366213,7.168230007,84,18,3,2,187,1,0,0,2
10567,56,144906,2821.182294,0.1303224706,0.03298950269,14,3.09436665,14.22888643,64,16,7,3,2136,1,0,4,3
10568,41,122406,9201.644849,0.01173270381,0.01324431137,9,8.906802834,5.980178089,84,7,7,3,4139,1,1,4,1
10569,63,108794,4428.479264,0.2390259997,0.1579308597,29,6.28803833,7.605275594,71,3,1,6,2166,1,1,3,3
10570,36,68716,9417.686053,0.265459783,0.08664801406,43,1.756074114,8.535042154,1,1,0,8,2578,1,0,3,1
10571,21,128722,3985.27172,0.06067404678,0.1097509827,8,9.37936487,1.281040304,86,19,7,1,2942,0,1,2,1
10572,43,86704,9522.56914,0.2756957406,0.1359413485,27,2.751776003,8.134426395,40,12,6,9,1912,1,1,2,0
10573,55,20415,9264.815979,0.2750882104,0.08619525668,48,2.921489066,5.369099821,52,19,9,1,3837,1,1,4,0
10574,59,96441,6639.216211,0.1466743468,0.01971500257,17,7.336278551,9.928578752,74,5,1,3,1386,1,1,1,1
10575,49,131736,187.3877798,0.2414300951,0.05802129496,10,6.247578408,9.832558928,15,17,4,7,3349,1,1,2,2
10576,56,90779,4063.313352,0.1390349137,0.04692482635,37,9.126922924,10.81382936,8,4,4,9,4288,1,1,4,2
10577,62,102069,9121.227784,0.1735734171,0.195704864,1,3.762587763,6.287679005,95,11,6,0,585,1,0,4,2
10578,63,112556,8862.591862,0.1027533128,0.1505060363,21,1.375492992,2.019420447,38,18,1,5,4293,1,1,4,2
10579,53,108444,1955.139221,0.05624611014,0.09579449967,22,9.954994193,6.867721375,63,19,8,0,3445,1,1,4,0
10580,57,91435,4051.90671,0.2264956093,0.02203980533,19,3.814694825,8.506704482,35,18,8,8,2478,1,0,4,3
10581,54,119142,8371.548286,0.01040392491,0.03201159927,44,2.457341098,0.8603286425,22,14,4,4,2108,1,1,3,3
10582,50,124448,5820.990747,0.17807028,0.1644509182,28,9.859430007,8.436763497,46,6,1,2,2636,1,1,0,1
10583,53,29888,8488.262411,0.2607589476,0.1896353278,25,6.066043212,6.289506745,48,18,6,0,2737,1,1,0,2
10584,20,65299,8283.017106,0.07417041317,0.01595653505,40,2.339722919,7.437632418,54,2,3,3,4829,1,1,4,0
10585,26,144790,9084.071869,0.1065408425,0.1829754533,11,8.522393456,4.898375531,93,0,2,9,3240,1,0,2,0
10586,25,78765,1260.483823,0.1803708973,0.08230710554,47,9.508770818,7.63602317,9,9,6,5,1392,1,1,1,0
10587,50,82714,1537.6299,0.08159237149,0.05059020552,28,8.931520206,13.28668972,62,3,6,7,2679,1,1,4,1
10588,23,147854,919.8093868,0.2557711886,0.02942414791,18,2.787574023,11.9238112,94,15,0,8,4906,1,0,1,0
10589,58,35935,9359.161527,0.1163149185,0.156632299,33,1.474191678,9.432640587,25,11,6,3,1914,1,1,3,1
10590,56,93002,4804.107605,0.1786679787,0.09909299218,47,4.341697135,9.585368037,47,9,9,4,3377,1,1,0,1
10591,21,100631,736.8203065,0.0755751328,0.1681605186,26,4.193605185,13.48316044,29,2,4,7,4254,1,0,3,1
10592,30,96729,3283.146035,0.02200203773,0.05296985915,29,4.653271874,7.455594571,1,7,6,2,1914,1,1,2,1
10593,66,21320,3578.985147,0.06037307714,0.138927927,36,8.190825876,8.320526861,28,4,7,3,2538,1,0,2,0
10594,19,66032,8114.642252,0.02339769191,0.03244312392,30,1.086818955,12.97258918,53,15,9,9,4577,1,0,4,0
10595,22,97763,7381.221232,0.1458951309,0.02705262999,27,7.073321153,11.44340026,31,3,6,5,2748,1,0,2,3
10596,61,37907,6924.931791,0.1801248434,0.03534597157,24,9.866386282,6.77938678,37,15,9,4,1743,1,0,2,0
10597,44,58002,316.4491707,0.02295581023,0.1636912471,48,4.592378769,4.926303595,20,2,1,7,1537,1,1,3,2
10598,49,64838,9115.888385,0.03623984425,0.1345677497,5,5.365516932,8.008371011,26,3,3,9,345,1,0,1,2
10599,38,58912,2233.997142,0.1508022578,0.04153313947,6,6.651776108,2.248862156,87,15,5,1,3835,0,1,0,1
10600,25,20552,6327.707906,0.2417621803,0.08310672003,5,3.57025544,10.36635447,33,4,8,8,4205,1,0,2,1
10601,55,40140,712.0085258,0.1921226619,0.1551003419,34,7.46665365,7.23449295,22,17,4,0,4325,1,1,2,1
10602,25,105591,907.1083095,0.04036596383,0.06427813399,24,2.826972775,9.127324689,77,19,1,1,146,0,1,3,3
10603,67,135169,194.8152317,0.2673872594,0.1850401053,20,1.583128069,12.76988311,38,7,3,7,1939,1,1,0,1
10604,20,68737,5702.683681,0.2760605681,0.1837745304,46,8.211959527,5.666647517,68,7,7,7,72,1,0,3,3
10605,61,53367,6330.858729,0.1042374801,0.1150511569,47,2.588667315,7.708935278,72,6,3,7,2276,1,1,1,1
10606,20,100634,599.576802,0.1886451596,0.1300751111,16,7.583442019,8.557513,44,9,7,1,2461,1,0,3,2
10607,39,44061,2975.800359,0.1527748736,0.1341114871,40,8.841769195,4.562535379,62,1,3,7,4256,1,1,0,1
10608,23,116590,8529.3987,0.2831868929,0.05910900697,25,1.411971967,4.485118005,7,19,7,4,3225,1,1,0,0
10609,19,100336,1102.952832,0.1575370746,0.07941106386,40,7.360262377,8.130226048,6,5,2,3,2621,1,1,2,1
10610,40,62124,2243.816929,0.288390086,0.03582881099,16,6.81612025,4.228865648,29,14,3,1,3375,1,1,1,0
10611,61,65638,4301.472964,0.06780933965,0.1857255549,6,6.61491518,12.98743383,11,13,9,8,1144,1,0,4,0
10612,19,130728,8438.513616,0.1102056597,0.1475313934,24,3.658224286,14.92568987,19,7,8,2,1635,1,1,2,0
10613,55,111115,2623.005639,0.2365901196,0.0188076906,33,1.410666524,3.557356603,63,8,4,4,4238,1,1,3,0
10614,34,21982,9971.656452,0.2372471133,0.1143836155,25,1.886374834,8.841246641,28,4,2,3,3470,1,1,3,3
10615,52,136322,3617.09195,0.2223331494,0.0751840096,5,3.456231823,2.607981638,54,4,2,8,972,0,1,0,3
10616,51,126134,3925.841719,0.2592873248,0.1649046966,9,4.655696062,3.19078396,11,8,3,3,1593,1,0,0,1
10617,40,55765,1308.851422,0.2137383902,0.07532201669,16,9.262870198,11.60655026,83,6,1,4,2264,1,0,0,1
10618,47,102606,6833.959218,0.1944646919,0.1323885237,13,7.156679106,3.395361556,21,7,6,7,3549,1,1,4,3
10619,69,116422,2510.30531,0.1430882538,0.04149066336,2,1.235064261,11.36051706,22,14,6,3,4815,1,1,4,1
10620,25,129910,6325.789193,0.1454554456,0.116163543,47,9.277427114,6.358416432,47,2,8,1,2806,1,1,2,1
10621,39,74681,2309.261511,0.127786833,0.06583828919,15,7.483149887,7.452160638,44,16,7,9,191,1,1,4,3
10622,61,83232,3939.935446,0.1898614219,0.04132880025,4,5.433161183,4.261469636,25,18,2,1,2982,0,0,0,3
10623,53,82349,8581.05371,0.1279325395,0.1276592379,47,5.167137951,8.460228589,27,17,4,9,586,1,1,2,1
10624,22,120063,7415.168524,0.05277335109,0.131341828,22,9.398648452,5.307546306,54,9,7,8,4510,1,1,2,3
10625,30,83474,1630.449909,0.0408935887,0.1968372184,26,5.950073462,3.031209091,72,1,7,9,2694,1,1,1,2
10626,46,125327,6116.310857,0.2780969598,0.1371301513,4,5.524987012,2.516559317,68,1,1,5,661,0,1,4,0
10627,48,49513,6323.542452,0.01717428319,0.1079848883,36,7.971620453,14.99502595,1,16,0,0,2491,1,0,3,0
10628,64,42592,996.6278877,0.04058550592,0.1833979602,37,6.338041519,5.51167818,27,14,4,9,1606,1,0,3,2
10629,33,132196,4711.475978,0.1391384136,0.1673733556,17,3.239747061,12.17140862,76,15,0,1,412,1,1,1,2
10630,59,43618,2680.617117,0.0862486174,0.1142617929,11,9.989911711,5.450083989,78,5,6,8,3696,1,0,0,1
10631,47,71632,4724.588413,0.1276961811,0.1071563248,20,3.527016335,9.53290931,52,19,7,7,3021,1,0,1,1
10632,33,35409,7793.002814,0.04405974066,0.1889741453,6,7.14813837,12.69685586,13,1,5,8,1654,1,1,0,0
10633,29,29529,1666.769642,0.04796301169,0.1272541384,16,5.407623266,10.59249394,45,14,2,5,4498,1,0,4,1
10634,34,142164,1320.711635,0.2421907935,0.1456180421,41,2.096505038,1.501604923,77,17,9,2,4166,1,1,4,0
10635,33,44154,2766.233302,0.2301415358,0.02646901801,8,9.630809934,3.295251306,66,7,0,3,4757,0,1,2,1
10636,29,52882,9527.526958,0.04023333106,0.146478068,40,4.021570065,13.16696095,73,3,1,6,4506,1,1,2,1
10637,25,64917,7503.459691,0.2036592203,0.06028955002,23,6.91315296,7.332736089,69,4,1,7,4043,1,1,2,0
10638,37,102488,292.6130419,0.1867002838,0.03195220541,10,7.639363617,9.177809681,19,7,9,9,3064,1,1,2,2
10639,20,35701,4069.947941,0.2168751896,0.1714365607,24,4.552442473,0.8545659876,34,16,1,8,1440,1,1,3,2
10640,33,95281,2648.239993,0.1475901823,0.1413263065,45,3.346638575,7.566091408,47,5,9,9,1480,1,1,2,1
10641,47,109871,6417.631227,0.08829617998,0.08743721933,36,1.530126589,6.747418686,42,14,4,7,1809,1,0,2,2
10642,62,88225,4646.99529,0.2024669591,0.09196917798,6,9.564079877,10.44984233,19,0,1,1,465,0,1,2,1
10643,40,139278,9648.535396,0.1176936537,0.04745236722,16,6.238730243,4.479487429,55,10,8,1,433,1,1,0,3
10644,45,72492,2267.886665,0.07349634129,0.01181468914,40,7.447704565,11.28641812,2,5,5,4,3016,1,1,2,3
10645,68,22988,5919.778518,0.128502414,0.07637823652,18,5.219668986,10.22798997,67,5,6,1,1258,1,0,1,3
10646,57,55919,7032.079148,0.2313482523,0.03819872834,20,3.098873134,7.890819582,10,19,2,0,2154,1,1,2,2
10647,22,130023,8273.088445,0.147980027,0.09012809118,44,9.958714333,5.946938307,61,19,9,9,1734,1,0,2,2
10648,37,68426,4129.013201,0.0969606364,0.1684267667,8,9.706563886,4.878877527,60,17,6,3,992,0,1,3,0
10649,57,72167,6900.526886,0.2512418983,0.03180332905,44,8.739944943,8.258943162,94,17,3,0,681,1,1,2,2
10650,61,29013,3101.694567,0.265676689,0.02743318441,45,9.245162213,8.863946817,57,6,7,3,2848,1,0,0,1
10651,18,59113,4411.213314,0.1356426229,0.1813994218,7,6.175366869,6.997914951,28,15,8,3,3814,1,1,4,0
10652,47,23574,8966.708599,0.118659526,0.1515765169,45,4.310094066,5.148329786,37,18,4,5,4416,1,0,2,2
10653,38,118016,9504.085332,0.1876826946,0.02008327447,44,4.088372088,13.25855568,83,11,2,9,4257,1,1,2,0
10654,37,27838,7216.291735,0.02681258936,0.0251183922,26,9.403522913,4.998087463,87,17,5,4,319,1,0,2,2
10655,23,113899,3806.083719,0.2104837166,0.1401356033,22,9.629790277,10.24640554,86,3,2,8,4188,1,1,3,1
10656,39,51368,8218.572121,0.2368634056,0.08036539841,9,4.96436481,13.61996934,21,1,5,9,1401,1,0,4,3
10657,35,52228,356.0841091,0.1252581589,0.1475929262,1,6.463810613,9.879320835,85,8,6,7,4066,1,0,3,3
10658,25,136296,1117.184514,0.0606385965,0.08684627317,43,8.247427135,5.805885095,40,6,5,5,1581,1,1,3,1
10659,56,69711,6647.59999,0.01835732879,0.1938794706,47,7.322572601,4.809514375,83,11,3,5,3218,1,0,3,0
10660,49,66097,2983.360895,0.1948012239,0.1419391563,6,8.827106645,12.87432531,62,4,6,5,3290,1,1,0,3
10661,50,75773,9518.723562,0.08800808792,0.01885699532,1,6.477691721,7.604367668,37,11,1,3,1831,1,0,4,2
10662,33,48639,4417.00006,0.1445279803,0.07279533723,15,6.242334293,9.103835443,49,15,4,4,3194,1,1,0,2
10663,29,34823,4350.711722,0.1220431013,0.1170851754,5,4.382028805,9.146347186,6,18,5,3,1065,1,1,0,0
10664,55,43510,6812.987151,0.06071659082,0.03695599126,15,1.659502507,8.240125103,23,11,5,1,511,0,1,4,0
10665,69,149802,7698.928767,0.1574269139,0.01047885701,24,1.49987925,14.00423172,45,0,4,4,4651,1,1,0,1
10666,51,58333,4808.031507,0.1432821216,0.02506854514,44,2.365758265,13.99999555,24,0,9,0,1453,0,1,4,3
10667,31,24435,2218.608927,0.1910028106,0.1096100608,9,1.519957787,1.086111604,77,18,4,8,851,0,0,2,0
10668,53,58418,7755.755563,0.08304664841,0.1301284673,8,5.816296502,7.832157733,28,19,7,9,4264,1,0,3,3
10669,50,77955,3271.477621,0.07224533316,0.02765164138,31,4.632194061,8.700731305,66,11,4,8,4750,1,1,0,3
10670,40,79507,1833.596616,0.2461600673,0.1363797395,31,1.236479439,13.92059776,92,4,5,8,2448,1,1,4,2
10671,67,71033,6353.23788,0.213635751,0.1272535899,1,1.197040728,1.510036078,79,8,9,1,4403,1,1,1,0
10672,62,106089,995.4913032,0.233939871,0.1885804266,20,5.707140345,11.94158054,84,11,0,2,3969,1,0,0,1
10673,19,138551,9716.391483,0.04575404541,0.1697283434,47,5.942019005,9.815071009,21,1,0,7,390,1,0,0,0
10674,58,92972,6360.732918,0.07497149656,0.1892159541,2,1.335571354,11.12123865,84,12,0,1,1938,0,0,4,3
10675,38,122012,9860.365657,0.1769041397,0.1935604484,33,7.029889605,4.729727821,85,3,3,5,3253,1,1,1,2
10676,19,67219,3455.044892,0.2585883906,0.09375362184,28,2.132812645,11.32588465,8,18,2,8,4683,1,1,1,0
10677,44,54477,9714.931096,0.2687132465,0.1027030294,41,5.450655886,4.59874816,86,7,4,6,2429,1,0,2,0
10678,26,109780,1541.066253,0.2512538891,0.06350817397,19,2.429317256,10.29717981,48,12,6,2,4,1,1,0,0
10679,18,62721,502.8782462,0.02258540436,0.1066021565,22,1.351554465,11.91182574,72,0,5,7,3737,1,1,3,1
10680,28,87228,426.5421985,0.2480549636,0.03863579266,36,2.911286819,11.85794649,95,16,2,8,201,0,1,0,1
10681,20,35523,4702.216669,0.2707364415,0.1375718825,7,5.177311954,8.393405427,35,16,1,4,1268,1,0,3,1
10682,69,52326,921.741555,0.02645723614,0.01473718159,43,7.695183513,6.496724821,99,3,1,7,3339,0,1,3,1
10683,40,132626,5170.462053,0.1307214592,0.05476927369,35,3.390020468,4.031533465,4,7,2,7,1606,1,1,4,2
10684,43,62205,3342.254985,0.1656169938,0.04953362266,13,7.165580911,0.9856815781,89,19,9,0,791,1,1,0,2
10685,21,20125,3422.727025,0.07749760814,0.1881989236,22,8.764242576,1.208978453,3,4,2,1,512,0,1,4,1
10686,35,131248,6392.529066,0.1598388403,0.03753133282,26,3.428000256,6.568476804,23,15,2,6,2417,1,0,2,3
10687,23,86735,1714.670261,0.2669271785,0.1792473356,14,5.700034311,1.876580679,40,1,7,0,139,0,0,3,1
10688,52,124396,7688.878366,0.2614133268,0.03362806206,34,4.68491635,2.123469918,13,8,2,3,4675,1,1,1,1
10689,39,36375,5862.106106,0.2825528116,0.1336326174,21,1.24719783,3.323169291,90,12,5,6,54,1,0,3,3
10690,60,22711,9157.951826,0.1503918415,0.07077833395,46,4.526859604,7.478958028,11,18,8,9,2809,1,1,2,0
10691,32,52437,3711.922472,0.1290644141,0.07004045002,35,4.394803398,9.080384082,81,8,7,4,4280,1,1,3,3
10692,39,48022,9828.878421,0.2030784675,0.199671509,14,6.597070874,10.56686376,43,2,5,1,4741,1,1,4,3
10693,54,29182,5800.693702,0.1308605675,0.05294814298,31,8.797882114,7.550190114,8,0,9,2,2347,1,0,0,2
10694,69,113177,9736.679366,0.02216393284,0.04848641291,40,7.046817258,10.13868091,65,17,4,7,4672,1,0,1,0
10695,59,115066,367.9004751,0.2187772211,0.1219736023,17,4.198449816,13.0005685,37,14,4,0,1230,1,1,4,3
10696,29,144401,7306.965592,0.09148534297,0.1507429554,44,5.039834831,5.92536384,95,0,7,4,4684,1,0,0,1
10697,64,108148,8184.55309,0.02423474056,0.1966758595,30,8.984429503,10.47946458,76,14,6,2,4118,1,1,1,3
10698,66,91531,626.4155381,0.01598011219,0.1432686171,40,6.751019618,10.04833417,56,17,4,8,4273,1,1,2,2
10699,59,60950,5831.799674,0.2800947679,0.1167555026,35,4.508571526,9.729187052,46,18,9,5,2890,1,1,3,3
10700,55,123806,8039.228707,0.08310204251,0.08773502637,24,6.40148068,8.960691411,54,19,5,4,3289,1,1,1,1
10701,35,32920,5654.28338,0.1398907658,0.1230714337,44,6.798991117,11.02928834,87,18,4,2,4785,1,0,2,0
10702,62,42144,731.754545,0.2856671713,0.1241586494,9,5.340478487,12.36887792,1,19,8,3,3323,1,0,0,2
10703,52,140270,6965.127685,0.1455799238,0.05136518383,39,8.788427254,6.185877443,82,12,5,7,689,1,1,1,0
10704,47,104418,699.9094553,0.03279670382,0.1375296267,13,8.314504477,9.994066353,17,4,2,0,1972,1,1,2,2
10705,41,22565,8192.942061,0.1700614537,0.04884052023,47,5.719697492,4.103408158,65,4,2,6,2464,1,1,0,1
10706,59,108909,526.0384147,0.0355776095,0.1030914164,25,9.62518446,11.46209043,89,10,9,0,374,1,1,4,2
10707,47,73942,1460.234072,0.03757548473,0.0593752074,18,9.578939522,13.26570311,56,9,9,0,4754,1,1,3,0
10708,31,129093,2823.565146,0.2569283514,0.06943219451,29,9.694568672,11.54135274,63,5,3,3,51,1,0,2,0
10709,23,90560,6370.311443,0.09393224758,0.1266366338,38,2.984560835,7.620815693,87,5,4,1,444,0,0,4,3
10710,20,44691,9765.955086,0.206814358,0.0222521718,11,1.930368049,2.434844736,26,12,8,0,868,0,1,0,0
10711,33,53799,1266.446241,0.1575880572,0.01228661491,30,6.571862301,13.15999472,52,5,9,7,3749,1,0,1,3
10712,24,86777,1512.805925,0.07447474045,0.03481780181,44,7.548115241,12.31201353,58,6,1,9,1111,1,1,3,0
10713,69,54510,3751.816927,0.1601678866,0.04205432583,46,3.762973982,10.62105525,28,7,1,9,4457,1,1,0,3
10714,31,124013,8378.569464,0.03000812541,0.04759586393,46,5.839106433,12.84653069,71,9,0,6,1940,1,1,2,1
10715,26,107919,4725.586432,0.1106915814,0.1570469033,17,6.830758854,8.228888575,94,10,7,8,3803,1,1,3,3
10716,32,133043,3283.944943,0.1616225053,0.09490301374,1,5.170273253,14.86634435,97,4,0,1,4576,0,0,4,0
10717,38,97366,5655.917939,0.07623435804,0.09928786543,13,5.872072249,12.63755453,13,7,5,9,2483,1,0,3,1
10718,52,48975,2679.179655,0.2014545578,0.1324234909,19,1.676748556,2.872145997,67,0,1,9,1778,1,1,4,2
10719,19,73242,4071.483082,0.02502545729,0.148530666,38,9.946906877,6.331230097,42,6,8,5,3863,1,1,0,0
10720,44,66546,3392.790977,0.1505948704,0.01066658642,19,4.408082455,2.966957886,28,17,3,2,1446,1,1,1,3
10721,19,112087,8060.996122,0.2173487766,0.1727778138,33,2.847092488,3.751780538,56,11,9,4,2258,1,1,3,2
10722,52,126464,9250.131692,0.1346843571,0.197802621,33,5.320137482,7.764100812,32,18,4,8,156,1,0,1,3
10723,35,43267,7619.764702,0.2636300604,0.03314341213,36,3.857168949,5.740290021,20,7,1,2,2953,1,1,1,2
10724,31,97911,4446.927403,0.1933359066,0.1337053109,2,4.523714617,13.69123694,40,2,4,8,1440,1,1,3,1
10725,37,107049,5092.916277,0.2879629457,0.01045861334,34,6.065806999,0.5016840269,0,9,6,7,1066,1,0,3,0
10726,35,89939,1338.22957,0.0923953257,0.01931560237,32,3.505905724,0.6501524259,26,13,4,9,2515,1,1,1,1
10727,27,141265,7493.96064,0.2822489059,0.06415019382,18,6.998325823,13.84531924,1,18,0,8,1638,1,1,2,0
10728,42,24897,6005.109226,0.1859785511,0.170816776,30,4.885601358,3.965764508,63,18,8,1,2349,1,1,2,2
10729,19,20163,9034.155962,0.2261018808,0.1339751713,43,1.75731033,0.5358388772,50,8,1,3,1408,1,0,3,1
10730,42,121614,2086.050321,0.2716267239,0.09470597707,21,8.982278161,6.845435484,53,4,3,2,4835,1,1,1,0
10731,50,72540,7621.288607,0.1698471845,0.09333370998,26,5.29647853,3.336903885,73,6,5,5,1187,1,0,1,2
10732,53,102915,6878.249451,0.2600324297,0.09855017913,37,9.30638941,1.273283532,73,12,0,7,4413,1,0,0,1
10733,48,133295,2731.870785,0.1670921125,0.06909629048,27,4.425779565,8.191813246,29,17,8,6,3186,1,1,1,1
10734,31,50030,6707.048531,0.183767689,0.1767657583,20,5.883808444,2.532580935,0,12,8,1,276,1,1,2,1
10735,18,75313,9251.296468,0.1390785861,0.1178951349,19,8.862056242,12.63473883,94,6,7,4,526,1,1,0,1
10736,63,148070,9192.516278,0.05223518003,0.1019504931,37,5.159940656,4.881355762,98,7,8,3,1073,1,0,2,3
10737,33,49870,7224.303088,0.1705159377,0.0983645546,12,6.69815688,3.714031044,28,3,3,0,2245,1,0,4,2
10738,63,136565,575.9238141,0.2934599868,0.1878070287,28,3.223526656,11.22647489,12,16,8,4,3483,1,1,3,3
10739,69,144703,8735.416939,0.2382839388,0.1474957664,20,3.143117836,12.80540104,72,9,3,4,3326,1,0,4,2
10740,20,49482,6612.008209,0.2267745606,0.0375147654,41,5.883836866,1.849958441,42,3,4,4,1517,1,0,3,2
10741,52,51058,3173.299107,0.1965595528,0.09302433229,32,6.518691525,2.697792401,40,4,5,2,4153,1,0,2,2
10742,58,77255,1953.778581,0.1108935153,0.06479071998,31,6.901987295,7.380976816,74,4,6,0,1317,1,1,2,0
10743,23,112407,1250.418244,0.0591884064,0.197505045,47,7.917751732,9.058201684,87,17,2,9,2239,1,0,4,2
10744,42,137952,597.3453027,0.07511996448,0.0889251842,45,9.303212774,1.70732923,88,1,1,6,4781,0,1,3,1
10745,30,84930,7565.622155,0.01183340597,0.02289531958,27,3.161294285,5.937664823,57,10,4,8,4651,1,0,3,3
10746,51,70500,2434.84569,0.2053093221,0.08813028028,49,6.575175027,13.51522702,76,0,9,9,4106,1,0,0,1
10747,25,149329,340.1040668,0.245444492,0.07105655332,13,4.988145187,13.20317971,13,6,2,5,1628,1,1,1,1
10748,38,46379,4032.979453,0.08798429185,0.1239207029,41,1.803052702,5.012759054,40,11,2,3,2430,1,0,0,3
10749,51,87787,4877.810098,0.0366366159,0.05295485329,21,5.082024806,3.797735793,66,7,6,4,2525,1,1,2,1
10750,21,129396,1775.379286,0.1073608497,0.01683499344,36,8.11622413,8.950113381,53,11,5,2,4109,1,0,4,0
10751,42,43674,536.078528,0.09469485653,0.02821727128,33,1.71209262,1.893802023,5,14,2,3,1237,0,1,3,1
10752,32,144473,1972.342283,0.1407541446,0.06379804201,16,6.455963131,3.883874063,45,13,6,9,2112,1,0,0,1
10753,21,142706,6823.117342,0.08658959575,0.07618129999,32,4.690642804,2.917974567,76,19,9,2,1234,1,0,4,3
10754,62,26590,914.2124048,0.1085224846,0.1685456026,32,6.886591852,3.512262719,0,0,9,9,3055,1,1,4,1
10755,29,51432,5594.866603,0.273190886,0.06131323996,37,8.392327329,3.614805444,28,2,5,6,3213,1,1,1,3
10756,49,60426,1549.47868,0.1071022523,0.01598368016,25,5.874811506,9.598520171,77,0,0,3,2430,1,0,3,2
10757,49,69584,2037.322818,0.2378002336,0.1583393618,38,3.7355887,7.577632722,75,10,4,9,67,1,1,4,2
10758,45,107663,3991.471044,0.1914917731,0.1750943383,6,1.811356034,13.00324645,25,8,3,5,324,1,1,3,0
10759,30,58015,1098.170827,0.1078860042,0.1035381851,24,3.598307486,11.1664411,57,3,2,7,4025,1,1,0,3
10760,48,93251,1814.714678,0.2471585982,0.06413617384,47,4.281871996,7.733380513,86,7,2,7,1053,1,1,4,3
10761,31,89353,3554.628873,0.1825720602,0.1567065772,29,6.77146617,4.957596112,2,16,7,5,1893,1,0,4,3
10762,37,115029,3363.723154,0.012499431,0.01169069727,40,4.495167384,12.56345412,59,13,2,8,2674,1,1,0,0
10763,35,102990,7517.787708,0.02993117846,0.1855653635,32,4.624317423,1.653281507,13,19,1,5,405,1,0,3,0
10764,46,24600,840.3448208,0.2282654722,0.1744510125,49,3.614423196,10.37449856,97,15,4,8,3657,1,0,3,1
10765,23,44690,8618.462283,0.139493059,0.1135183099,38,4.2659467,2.138547561,22,19,9,5,3223,1,1,4,3
10766,49,144319,8180.69849,0.1275972596,0.0627404257,27,3.394248822,8.225548003,61,1,2,8,1392,1,1,0,0
10767,46,128286,7683.317233,0.05228988342,0.01624052772,17,7.607160478,13.57340874,9,7,9,7,1010,1,1,2,2
10768,60,53762,3162.786388,0.05562239225,0.1999665125,9,9.846653867,3.951976924,3,14,2,6,2822,1,1,3,2
10769,19,139006,8246.529677,0.2413482105,0.1547940074,1,7.611816492,1.638687853,38,3,7,7,4064,1,1,2,3
10770,40,57499,1909.740595,0.2504149688,0.0743548764,42,1.66266039,5.422734826,73,14,8,3,789,1,0,4,2
10771,36,107988,1331.651138,0.1724007368,0.01366167461,49,6.694377154,7.434731693,87,0,1,6,2389,1,1,2,1
10772,48,27670,545.0677015,0.09558706484,0.1314654284,42,7.326046463,11.00972651,33,12,0,1,670,0,0,2,1
10773,68,106687,9399.172594,0.2804832368,0.1975117611,13,8.004201567,0.9311309548,87,6,7,2,442,1,1,3,3
10774,22,37341,3149.307887,0.1909490934,0.1443438146,12,7.864176782,2.397801655,24,15,9,2,4325,1,1,4,0
10775,36,115140,9184.417014,0.2410262146,0.02590573763,0,5.575495167,6.455644093,51,3,9,4,4184,1,0,2,0
10776,51,93823,2798.874259,0.01095204688,0.08643289071,31,3.361803528,1.877807977,14,2,5,3,4955,1,1,3,0
10777,27,104074,9084.902997,0.1405926843,0.03074485792,24,2.085321746,14.36041319,11,11,8,0,2832,1,0,2,0
10778,42,37015,9048.897623,0.262575235,0.1833105044,9,1.075353375,7.909337646,0,17,0,6,455,1,0,3,3
10779,19,130180,9244.392846,0.1080876521,0.07277874948,14,1.013655899,5.965536093,8,13,4,9,1795,1,1,4,1
10780,28,85126,5011.919049,0.2206998413,0.1493415406,28,9.425860903,14.70604606,58,0,4,1,2298,1,0,0,3
10781,67,144581,8672.868239,0.2007256993,0.02609116802,16,6.47158624,9.868374733,13,6,2,7,407,1,1,3,3
10782,48,75197,9512.582372,0.05414332624,0.0343987922,41,6.167765308,7.979431931,30,18,1,3,2344,1,1,3,2
10783,32,69849,3313.707725,0.2347221099,0.1391026558,39,4.389917348,3.996450724,87,2,8,9,2160,1,1,2,1
10784,26,134719,4246.856616,0.04263276919,0.1702611902,22,8.186738024,4.169640222,52,14,6,4,1636,1,1,4,0
10785,40,35852,7220.477855,0.221095088,0.0482754917,6,2.981617792,5.752876352,62,18,8,3,2819,1,1,1,1
10786,36,75361,3073.562235,0.2973808177,0.08948407674,49,7.64272703,11.38552523,9,8,2,3,3739,1,1,1,2
10787,26,131794,7562.712158,0.2878146152,0.1276892366,35,4.265172249,12.33207146,42,17,0,5,1261,1,1,0,3
10788,52,41258,831.5322376,0.2420701055,0.1612925045,5,7.369821017,3.285081528,17,0,1,4,4465,0,1,4,1
10789,38,123866,5282.634004,0.165010053,0.129357356,1,7.357558659,12.35246808,66,6,5,5,2116,1,1,3,2
10790,26,82355,1310.903492,0.205699127,0.02813092492,44,3.837751503,5.298604398,58,14,5,1,2211,1,0,1,3
10791,45,61508,3003.902417,0.2211514332,0.1131356724,31,9.408311998,3.404283428,75,6,1,0,4650,1,0,0,0
10792,63,87784,2660.391386,0.01243644204,0.1780752695,43,5.568957498,3.324347312,98,8,8,2,1029,1,1,4,1
10793,68,144773,8405.427528,0.03968620408,0.174924507,4,3.319618716,7.219741863,22,15,9,9,3123,1,1,0,0
10794,24,91728,2015.820829,0.1831471483,0.1211529655,18,7.064139023,11.6233926,85,18,0,7,3878,1,1,1,0
10795,33,47410,8103.63441,0.01189501664,0.1991822793,1,7.75778082,8.775374679,74,11,3,0,621,1,1,2,2
10796,33,149974,7960.207424,0.2735826387,0.02997350725,42,9.556158841,7.237381233,45,17,3,7,3213,1,1,2,2
10797,50,29895,5038.94225,0.1520021868,0.1009331179,22,1.65946441,0.7612373616,48,15,0,1,4464,1,1,4,3
10798,21,91942,2415.04823,0.08475245193,0.1572734915,39,5.859482901,8.671639009,22,4,4,9,4697,1,1,0,0
10799,21,53924,2346.273766,0.1242081392,0.03679724244,3,5.413376168,10.283237,11,1,5,3,762,1,1,3,2
10800,56,132622,4702.754006,0.2567251591,0.1948224547,3,3.79222335,1.922033013,28,15,8,2,1452,1,0,1,2
10801,57,148809,187.2091732,0.2788859334,0.07726884358,10,7.910316667,14.36456807,88,5,7,0,2033,1,1,2,0
10802,34,126839,5360.372471,0.04370814434,0.07652655326,45,2.748401053,1.827350712,87,7,3,7,783,1,1,2,3
10803,54,90831,9532.517305,0.2356085838,0.05050691722,40,3.94981647,10.51481109,58,18,5,0,3176,1,0,0,0
10804,56,32264,1631.59813,0.1776858643,0.06472331817,19,7.895367911,8.106045185,52,0,6,6,3452,1,1,2,3
10805,69,48038,5776.121653,0.1797957997,0.119741891,13,5.295429286,13.32074253,67,4,5,2,4672,1,0,0,3
10806,46,124458,9621.609018,0.2360411153,0.09157731492,34,2.224857088,6.504360963,62,18,4,2,1150,1,1,1,2
10807,69,136936,8619.169181,0.07462495917,0.04674185388,44,9.048374525,7.87387577,28,6,0,8,1509,1,1,0,0
10808,53,29136,8518.763152,0.1640030407,0.1637365887,13,7.577270141,8.517392948,2,9,6,7,3122,1,1,2,0
10809,55,33213,8236.314311,0.1026122585,0.02182546835,48,6.064679085,13.1852809,94,15,6,9,1854,1,1,0,2
10810,56,97608,3159.3337,0.03740858004,0.1685840215,2,6.483930197,12.09488714,88,12,4,2,4596,1,1,2,1
10811,67,128546,8917.10663,0.04047303921,0.06223835768,14,6.633877139,4.561590821,36,6,8,8,4310,1,1,4,1
10812,54,121589,9419.269477,0.04957672648,0.1042216333,20,5.493647593,14.35120953,62,4,2,5,1153,1,0,2,0
10813,69,47431,5008.344991,0.1883209562,0.08240226233,1,7.702669383,11.41951935,22,17,0,2,3843,1,1,2,2
10814,52,62290,3610.253368,0.04069075753,0.1184144015,20,7.437922701,0.6746450139,48,9,4,6,601,1,0,2,3
10815,24,87539,4200.867254,0.1753301144,0.1612380991,9,1.025110895,3.164311525,85,7,3,3,61,0,0,4,3
10816,44,105535,3408.643774,0.1806061468,0.1979707608,26,1.994957363,12.90918926,92,3,5,5,107,1,0,3,0
10817,45,116815,2202.942576,0.2721299879,0.06815123767,46,1.227799708,9.8650185,99,0,1,1,2637,1,1,2,2
10818,39,62747,6222.639856,0.1916492129,0.1152228383,18,2.520146936,4.242870547,76,12,4,8,384,1,1,3,0
10819,31,95974,5669.709174,0.2958204739,0.09854143427,11,1.650533633,2.985621127,2,9,7,2,4179,1,1,1,0
10820,24,99763,4679.592203,0.01898784818,0.1997963503,48,2.744136666,2.627902954,21,11,7,9,2066,1,0,0,2
10821,54,89208,1048.869328,0.2142023796,0.1636935898,15,5.846607312,5.112528983,35,19,1,3,3394,1,0,3,0
10822,39,149132,7989.240351,0.01767922264,0.08544593313,7,7.02727116,13.52868554,9,1,2,8,2035,1,1,1,3
10823,22,92994,1831.842271,0.2215194976,0.1006070206,36,9.267254387,5.604671845,8,5,8,6,701,1,1,0,1
10824,19,104075,1234.16423,0.1218965607,0.05673175294,24,7.653656207,10.08015819,55,9,6,1,3149,1,1,2,3
10825,44,89015,6268.406815,0.187279252,0.1534969908,23,1.28347754,2.117701943,54,9,8,0,1031,1,0,2,1
10826,38,34887,4046.579176,0.09976604091,0.1705902394,46,5.218385668,8.205293736,18,2,3,6,2662,1,0,2,2
10827,55,145900,692.103906,0.05614046135,0.1933474965,39,7.080728723,5.471679188,71,5,6,1,509,0,1,4,0
10828,32,20051,3620.126714,0.2198186302,0.1175074904,17,3.836159746,2.827554931,32,14,6,5,880,1,1,4,1
10829,38,87695,7740.625488,0.2723399103,0.1374297704,20,4.320064646,12.06779172,19,11,6,5,3511,1,0,4,2
10830,27,89926,6190.967132,0.06323890867,0.09475117802,7,8.225216719,12.32532333,93,8,9,4,3708,1,0,4,2
10831,40,105571,3691.581628,0.2770038703,0.125734417,18,1.423314227,4.940930995,34,3,4,1,1902,1,1,1,2
10832,56,142044,1998.867437,0.05065281167,0.07626231575,48,5.856996646,9.979606945,30,5,5,8,2265,1,1,1,3
10833,22,48491,6354.776646,0.2233419459,0.1501609321,29,8.240435884,6.214047711,82,17,3,0,717,1,1,2,3
10834,18,36080,8886.797479,0.2882390959,0.01431306949,26,8.176724147,1.144904482,49,5,8,9,3350,1,0,0,1
10835,30,54880,6498.099908,0.05273755571,0.01540680144,35,2.085183775,6.702774182,45,0,3,0,4657,0,0,4,1
10836,38,79965,8147.748161,0.1361761136,0.1460629691,35,8.60378446,8.849980524,77,11,8,1,178,1,1,0,3
10837,43,131056,5263.125602,0.1078626699,0.1868297326,25,1.695479867,4.836032817,9,2,8,7,4676,1,0,1,1
10838,67,67361,7207.913957,0.1226585476,0.1301272975,19,9.316583341,14.25898786,66,11,4,4,3161,1,1,4,1
10839,62,107685,8972.64506,0.2284105243,0.1480403768,40,2.946691579,8.591626666,33,2,8,2,3342,1,1,1,0
10840,38,100875,7754.471885,0.2017447904,0.1665475153,13,2.037135801,5.886311212,50,9,8,3,690,1,0,1,1
10841,35,114841,9107.554139,0.2909192197,0.07871811025,32,1.665591452,11.15779123,91,5,2,3,340,1,1,3,2
10842,54,86890,4368.282061,0.06378905597,0.03054159494,8,4.090666963,5.443343531,82,16,2,8,3016,0,1,1,0
10843,62,91156,9051.780526,0.1675456521,0.1872875346,22,4.137161147,0.8582392986,38,0,3,4,3712,1,1,2,1
10844,49,89290,6253.515621,0.1402465822,0.1883284074,44,5.735346762,0.6197807944,89,1,7,3,4190,1,1,1,0
10845,53,36593,8713.482784,0.2764682716,0.09394970556,29,7.596520082,4.878559529,67,18,2,6,1107,1,0,4,2
10846,34,36167,489.8276513,0.01307957742,0.05126223483,49,5.587764261,2.761768704,11,19,1,5,1076,1,1,2,1
10847,52,140920,6612.738581,0.2968594162,0.1795473327,41,9.81052462,5.610717099,25,5,5,1,3843,1,1,1,0
10848,66,142534,8494.953281,0.1491229512,0.1446010724,27,2.892899389,11.66007953,70,9,2,3,2657,1,1,2,1
10849,28,108091,1824.600133,0.1914064977,0.0115633866,30,2.895012554,4.981233053,66,9,8,2,2438,1,0,1,0
10850,38,53005,6651.690641,0.1144152412,0.03046674328,25,7.344420934,8.61488666,89,17,9,8,385,1,1,2,0
10851,69,126831,8267.051671,0.2572327342,0.1968079321,35,3.827595352,13.834862,1,7,8,5,4228,1,1,0,2
10852,43,149086,2950.698759,0.1729765041,0.01724435397,46,2.544422249,10.62524647,11,19,9,1,2755,1,1,3,2
10853,21,85471,4111.938646,0.2022151715,0.06368545197,35,8.132010743,8.64549313,58,6,5,4,194,1,1,2,1
10854,51,146718,5738.225413,0.1981823653,0.1142143055,10,3.035988265,13.07230814,31,9,4,5,766,1,1,4,3
10855,69,126379,5239.76012,0.1155548206,0.04502756708,11,7.740250498,5.294337066,50,0,1,0,2859,1,1,3,1
10856,65,70728,487.9749911,0.03203738878,0.05409027641,44,2.860216564,3.368748835,10,14,7,9,2919,1,1,3,0
10857,35,28691,1076.853771,0.2442348056,0.07706382245,1,9.454742583,11.33395771,31,9,2,5,674,1,0,1,2
10858,57,29756,1094.619135,0.09401761656,0.06121531098,39,3.655911051,1.352510973,63,2,4,2,4615,1,1,2,2
10859,52,143670,2696.452264,0.2561897663,0.1626376833,3,7.747520351,6.650644866,44,8,9,7,908,1,0,3,0
10860,58,56308,2534.054717,0.1865064725,0.1050521499,31,8.572954412,4.662609237,78,12,3,4,4203,1,1,4,3
10861,46,84079,7448.001599,0.1125741478,0.06293782804,40,2.10373805,14.58421254,53,5,2,5,1558,1,0,4,2
10862,69,85524,5770.169422,0.1823316732,0.06948824636,33,1.612285849,5.967886643,5,18,2,3,4137,1,1,4,3
10863,46,80466,7663.363238,0.1971928808,0.01757434232,4,6.385157004,10.11972234,25,1,8,0,2476,1,0,1,2
10864,55,29327,791.9709684,0.2149381883,0.01938449447,4,6.58085073,4.393026663,7,11,1,3,4644,0,1,0,0
10865,59,48520,4903.620951,0.248478059,0.1464024376,3,6.604794571,14.75600213,7,10,2,9,2110,1,1,2,1
10866,38,63308,3305.378235,0.05632893324,0.03145305904,40,5.105547459,3.115679699,37,12,4,3,112,0,0,3,1
10867,59,125561,8514.399176,0.2838018716,0.1004013872,11,9.412375293,13.64719039,7,2,3,3,3895,1,1,2,3
10868,30,114436,7107.112653,0.1291437782,0.1700494721,34,7.228914403,6.957888512,16,16,8,2,1054,1,1,3,1
10869,66,36533,8705.658861,0.2595305865,0.08000616609,36,1.667950055,6.695495391,82,8,4,2,1626,1,1,1,0
10870,58,148754,559.6285118,0.07393908266,0.07569292313,33,8.065069714,10.66880985,2,14,9,0,4968,1,1,2,1
10871,34,117417,7236.152547,0.01841840194,0.1758791724,44,3.47942921,1.853103868,40,14,4,7,4269,1,0,1,3
10872,26,113318,5446.082686,0.1762697727,0.1743215754,27,7.507299455,8.427037894,72,3,6,6,3576,1,1,1,0
10873,58,64488,8267.500287,0.1041532209,0.1772259923,6,1.532887172,3.689574525,52,13,3,2,1601,1,0,2,0
10874,18,87160,5120.88985,0.2954939814,0.1186636524,39,7.900228316,2.778264485,96,13,4,6,1363,1,1,2,2
10875,19,60429,5448.069871,0.04029150187,0.190937812,10,5.884897224,13.22338053,95,13,0,8,4763,1,1,3,2
10876,65,71726,612.4970713,0.02371783114,0.1656031501,43,7.486763646,14.9606584,95,17,6,6,4814,1,0,4,1
10877,46,106348,6718.376364,0.02305516738,0.08897054112,31,5.44828918,14.58235443,69,2,3,3,3767,1,1,1,3
10878,50,93065,2804.084768,0.07289337161,0.129615477,49,8.21002722,12.40683914,61,5,1,0,3072,0,0,0,0
10879,27,40653,294.9698296,0.1779654237,0.03313992572,49,9.523239916,13.8395742,52,7,6,8,983,1,1,3,1
10880,67,76921,757.7279088,0.1566133784,0.1147531153,31,7.682375864,13.90108187,58,18,7,7,3484,1,0,3,1
10881,57,113396,9577.127529,0.1115219834,0.05999832588,30,7.697503424,3.057241166,92,1,8,2,3114,1,1,4,2
10882,38,33654,3526.165167,0.03575000115,0.06387397304,47,2.950277183,1.742627775,80,4,7,9,2137,0,0,4,1
10883,45,22108,8693.948723,0.07778375749,0.03388646426,19,4.190209933,2.338391132,82,8,7,8,1106,1,1,1,1
10884,28,89483,9600.804617,0.06340264879,0.07805785248,5,2.125378812,2.857763588,94,10,7,4,801,1,1,3,2
10885,51,27899,9438.345169,0.2262433828,0.1014641628,49,5.791862527,12.4254813,82,15,6,3,4416,1,0,3,1
10886,25,33372,8829.079883,0.2361844511,0.1240673438,48,5.019021187,14.14848544,22,19,1,5,2511,1,1,0,1
10887,39,57682,8958.954733,0.2353340638,0.06792517389,17,3.652306889,5.601662799,46,1,1,6,1527,1,1,1,0
10888,25,115909,2961.179639,0.2910217579,0.1605271645,20,1.622711248,0.9982730749,34,6,8,5,2135,1,1,1,1
10889,66,124971,1599.551914,0.2664290044,0.1089823927,2,9.382540898,4.958462859,13,4,0,8,855,0,1,4,2
10890,32,87799,6428.699365,0.1543633767,0.1312299007,40,6.448705766,10.73900894,64,0,0,0,4888,1,1,1,2
10891,34,111724,4932.24536,0.1303314461,0.06284728571,27,3.924955794,14.17212025,96,3,6,3,3170,1,0,0,0
10892,40,56583,1077.592515,0.2755728701,0.164685817,27,4.129496294,7.020562977,48,8,9,0,4092,1,0,1,2
10893,41,49295,6807.659029,0.1872553231,0.1286121456,31,4.558721414,5.372975569,35,14,5,9,2470,1,1,2,2
10894,62,86113,5672.314074,0.09537561344,0.1738462624,38,8.304677895,9.971738924,0,17,5,6,3664,1,1,2,2
10895,36,100565,8644.367268,0.173694568,0.0403908,23,2.89394704,3.561337572,83,9,7,3,4542,1,0,0,1
10896,22,69574,6130.919577,0.2977233326,0.08232602072,6,8.708221511,11.60430308,21,10,3,0,4327,1,0,4,0
10897,49,121067,5782.067179,0.2563463174,0.03147307497,18,3.80249221,6.50348541,34,16,4,0,2918,1,1,3,3
10898,61,84934,4463.442061,0.09157111766,0.05095018907,0,8.839542781,14.67043523,2,17,4,7,1208,1,1,1,0
10899,18,50066,4681.591992,0.2863567835,0.08496402585,32,9.062982343,14.04472251,11,11,5,3,1229,1,0,4,0
10900,40,103149,9548.374147,0.2946240123,0.1799705625,32,7.269983923,10.14784726,36,12,0,9,3944,1,1,4,0
10901,54,133949,1470.615493,0.07703841823,0.1158377271,10,9.052567846,9.895730107,57,17,3,2,4023,1,1,1,3
10902,25,105096,4517.566304,0.2697217144,0.07277188284,22,7.723929102,2.285680234,76,16,2,8,3466,1,1,3,3
10903,30,28945,6592.689616,0.2661287881,0.1519108409,49,2.300857984,4.573706952,11,9,6,1,4729,1,0,1,2
10904,25,49418,4386.805391,0.02152853624,0.01373971418,44,9.605499031,12.99797545,1,14,0,4,239,0,1,3,1
10905,40,102607,2903.834708,0.204209866,0.08031752014,27,2.710960425,5.763267354,83,19,1,1,2382,1,1,0,2
10906,60,69874,2944.837971,0.09853140678,0.1241580224,46,5.451657813,6.649827411,64,7,7,2,2420,1,0,3,2
10907,18,132158,2413.194858,0.2056376617,0.1208150877,16,4.451235539,12.67743453,57,10,1,4,3435,1,1,4,3
10908,62,37130,3504.641686,0.2749320213,0.1254359977,9,4.133311814,6.690424115,59,17,8,1,4752,1,0,0,2
10909,68,106257,8729.580278,0.1546459819,0.05018514531,7,8.052562483,12.82516921,40,3,3,6,4378,1,0,2,2
10910,41,88248,5101.723048,0.1301797209,0.07404503907,8,3.618626063,1.506720784,34,18,2,1,82,0,1,0,3
10911,52,102627,2478.363408,0.2772440686,0.1869974359,18,5.839096518,10.5205912,87,1,3,9,4066,1,1,3,0
10912,41,101393,3906.814499,0.2924933261,0.1950553509,49,4.029541826,1.413634877,89,19,8,4,1577,1,0,0,0
10913,34,61394,1147.72108,0.02804853506,0.06928728675,7,9.041283087,11.95518096,10,2,6,4,181,0,1,0,3
10914,22,131372,9049.953823,0.2776259401,0.1324557036,4,2.396065085,8.507161381,51,15,3,2,1138,1,1,2,1
10915,37,69635,4141.158538,0.03400287472,0.05584638804,13,2.579434265,8.560151572,51,0,6,1,3154,1,1,3,2
10916,38,146398,9805.872925,0.1078130019,0.08002044673,44,2.001022896,5.961980807,61,16,7,7,2300,1,1,4,0
10917,57,133023,3540.633855,0.2311464955,0.1605435924,32,7.820187879,13.59837649,62,11,7,5,2366,1,0,0,3
10918,48,119837,8379.924868,0.2353407248,0.1052239587,42,2.453432903,7.881876772,14,18,5,9,3207,1,1,1,1
10919,63,102089,2638.214602,0.2204883483,0.1714220924,43,5.797943965,4.276338543,69,9,0,4,3317,1,1,4,2
10920,53,37404,853.9136444,0.02134262154,0.1294606467,37,7.901025548,12.44988312,39,19,9,2,3256,1,1,0,3
10921,28,92629,414.1602806,0.04856015393,0.1294950252,11,2.039706989,14.2479345,8,12,2,9,744,0,1,4,3
10922,69,33156,6101.067424,0.2815027845,0.01643720535,2,9.374253075,4.01322161,69,13,5,0,1820,1,0,1,3
10923,32,75618,3184.57935,0.03362380263,0.1524373683,39,3.55629169,9.276334441,16,15,0,9,1163,1,0,4,2
10924,36,69999,4490.846817,0.03277831592,0.1957946403,28,8.13075004,9.034290946,22,0,4,4,314,1,1,4,0
10925,24,33785,8204.605652,0.2523373219,0.09987542645,21,8.1420419,9.33949212,57,17,1,0,2029,1,1,1,2
10926,68,68359,2556.270048,0.1959670684,0.04013020284,33,4.135095223,8.681389428,94,2,0,0,2510,1,1,1,2
10927,45,110807,3155.65952,0.1119802562,0.1956257576,5,5.955224003,1.952571317,79,13,9,2,214,1,1,1,0
10928,68,34694,8468.828232,0.05805604125,0.06512391622,34,6.677535593,6.481055673,50,16,2,1,3356,1,0,2,3
10929,60,56114,4978.346506,0.2664094218,0.08774761159,38,4.739975671,14.79287726,56,13,1,4,759,1,1,1,1
10930,22,89549,8293.885154,0.2966759497,0.02469961868,15,4.220939444,1.778953885,85,7,5,4,2791,1,1,4,1
10931,22,77230,3807.312434,0.02449180125,0.03105900448,30,8.669185072,10.2097053,15,11,5,6,3626,1,0,1,0
10932,47,52799,4043.86281,0.1706928808,0.05114747741,48,2.817368928,13.46733989,44,13,6,4,1796,1,1,0,0
10933,49,110288,1754.669782,0.08577803962,0.1142085524,43,8.154409795,3.40953689,60,1,6,6,1506,1,1,1,3
10934,25,31156,9171.823951,0.2513921817,0.1159799484,14,2.833528459,12.13508406,11,5,4,7,2038,1,1,1,1
10935,27,30304,8978.158571,0.1103611966,0.1251863263,45,7.301068813,4.005733062,72,11,2,0,1317,1,0,3,1
10936,55,60645,9843.748444,0.2172424939,0.1209252218,0,3.588690146,0.9404942994,5,3,5,3,149,1,0,4,3
10937,64,58938,4084.226559,0.1664617922,0.1040950268,43,9.34640041,8.056416551,3,3,2,0,2956,1,0,4,0
10938,49,76982,8204.287923,0.1670417807,0.1623987444,19,6.448416762,10.80766865,80,15,4,5,1817,1,1,0,0
10939,65,97614,4208.041944,0.258819835,0.1874409425,22,5.8016551,3.355643515,73,19,2,3,2549,1,0,2,3
10940,45,111614,4597.55801,0.1464172835,0.06125465332,19,3.656755741,1.521231501,34,15,5,8,2665,1,1,3,0
10941,34,22315,8316.993997,0.2552238649,0.03473679964,31,5.577981831,8.525143521,46,7,3,0,111,1,1,0,2
10942,48,112756,1855.931032,0.1153937801,0.09076658584,45,1.592799832,2.641960571,84,2,8,6,894,0,1,0,0
10943,25,117267,2281.078251,0.06068705331,0.01502025127,47,2.290122922,3.172570637,18,7,1,7,2810,0,1,4,2
10944,57,118369,3215.80958,0.1420884395,0.177830586,24,3.655310903,10.70011244,26,12,6,0,3616,1,1,3,1
10945,42,32420,7902.972422,0.1545231766,0.05554418945,46,9.543334936,9.375551498,10,6,4,3,3576,1,1,4,1
10946,26,38312,3789.250339,0.1487311273,0.1143663597,7,5.210879542,14.23110831,69,1,8,0,4919,1,1,2,0
10947,19,41395,3645.865262,0.2444158194,0.03186804808,32,4.603782009,5.189529172,58,4,9,5,1621,1,1,4,3
10948,32,60301,9988.281818,0.173756893,0.1151188945,44,7.953013948,3.608661518,40,13,4,2,3132,1,1,1,0
10949,67,140913,3899.680817,0.2676487808,0.01740875605,29,7.243209377,10.00822744,42,4,4,4,4358,1,1,4,3
10950,20,66972,2552.92831,0.1591137935,0.1560732722,2,6.97557988,14.59396387,27,3,1,0,4849,0,0,1,1
10951,66,83294,6269.815414,0.07516737404,0.1915300779,23,6.451259727,8.525444814,62,16,2,0,3844,1,1,0,1
10952,53,100853,8038.611524,0.04755379368,0.06832545234,11,2.169689234,4.760338928,66,19,5,6,3897,1,1,2,1
10953,21,140135,789.1175539,0.2618252181,0.05906077599,30,4.515185503,13.70181133,44,0,3,5,800,1,0,1,3
10954,31,68225,6227.033088,0.02629011168,0.0951190446,6,9.110583628,9.350739683,23,15,2,8,3905,1,0,2,3
10955,58,102504,453.7810132,0.04410678746,0.1277949954,39,9.63702918,3.58456284,76,10,4,4,3302,1,0,4,1
10956,58,42854,5310.690275,0.02846097049,0.04590286778,16,4.8941125,14.26942516,63,10,8,0,1016,1,1,4,0
10957,42,141373,2644.216481,0.1328829172,0.1626285195,49,1.009495833,4.458650701,78,16,2,7,470,0,0,0,3
10958,67,90780,3135.752807,0.1644585288,0.04772161454,9,5.493920437,13.52801425,72,3,6,0,3030,1,1,4,2
10959,27,50929,4724.250043,0.015763672,0.0110401018,14,3.044590545,9.411502355,38,15,8,0,500,0,0,1,1
10960,38,126458,9278.363861,0.1595199884,0.1096076109,20,2.692625323,7.788386989,98,11,3,9,1987,1,0,0,3
10961,53,77103,7135.606335,0.1241902467,0.03187844512,20,3.554131101,5.322223941,44,4,6,8,133,1,1,2,1
10962,29,136436,9374.771403,0.2343571029,0.1426653578,28,2.103652241,2.223352683,60,12,6,6,69,1,0,0,2
10963,44,83620,6633.712945,0.2506874203,0.04181929922,41,1.412771996,4.049781365,81,12,2,4,859,0,1,2,0
10964,57,109590,170.3666962,0.2086405566,0.1653022751,40,5.002306654,5.299624011,42,2,0,4,4684,1,0,3,2
10965,19,104124,2729.293454,0.1473137052,0.09936994525,0,3.362960182,4.686689035,66,8,3,9,1862,1,1,1,0
10966,30,64590,9067.148519,0.07268309256,0.1175928019,20,3.305747412,1.563241568,91,17,8,7,805,1,0,1,0
10967,49,120196,6470.110658,0.2556633115,0.04545118141,4,2.99400044,8.906831316,79,17,9,2,4703,1,0,2,3
10968,48,92554,9818.307642,0.1090840506,0.03787073473,14,5.469771234,7.390104309,41,14,6,0,3445,1,1,4,0
10969,33,30621,1644.04379,0.1133246473,0.1299455686,45,7.599036775,2.04371165,40,14,9,4,3055,1,1,4,0
10970,49,137781,3037.803548,0.2756433487,0.05853751691,25,6.912160926,7.225882385,46,6,5,4,1749,1,0,3,0
10971,49,20973,3687.439829,0.2929232041,0.08332585798,10,9.783424412,1.644986027,42,8,4,6,1122,1,1,2,1
10972,51,138712,3332.9224,0.2704579774,0.1010953392,48,9.226020036,14.00717531,22,15,9,9,3311,1,1,3,3
10973,28,129138,2594.716148,0.2994880698,0.05363038506,20,4.756050946,4.256641849,31,1,9,7,1205,1,0,2,3
10974,27,78786,4490.310586,0.2619835647,0.161130524,45,8.316820203,11.00995305,73,19,0,6,3479,1,0,3,0
10975,32,124919,6458.751421,0.2142636801,0.1884906377,5,2.66024115,4.143114613,56,12,3,6,2656,1,1,2,1
10976,34,57097,3181.443537,0.09520762588,0.09205970079,3,2.910774498,7.380437682,37,3,2,8,1024,0,1,1,0
10977,57,141403,889.0292408,0.2863575442,0.1843341931,44,7.308310909,14.03236067,76,13,2,0,1875,1,1,3,3
10978,35,54245,7114.472016,0.2642217812,0.1777097353,20,2.950377356,13.13946345,14,8,0,7,1070,1,1,3,3
10979,26,85211,4644.263902,0.0798165698,0.04154897346,16,5.06072139,11.79377019,27,13,2,8,4737,1,1,2,3
10980,42,74841,5609.17483,0.1518571172,0.04294256971,30,3.898410775,11.95777241,12,10,9,1,753,1,0,0,3
10981,57,45346,4608.466506,0.03031614158,0.1007069617,43,3.093743912,12.44020007,34,19,9,3,2335,1,0,0,1
10982,31,125633,8914.539284,0.2864595703,0.1099128641,22,2.390044296,11.26822028,1,12,7,7,296,1,0,1,2
10983,42,91980,5631.575472,0.176102815,0.07481464787,31,6.506642203,13.50440694,60,16,3,7,882,1,1,4,2
10984,67,110417,9240.440715,0.08110815832,0.06945498617,43,1.505700534,5.578411409,64,4,6,2,3441,1,1,4,1
10985,39,69153,5154.695881,0.09479580095,0.09195978506,35,7.322970583,8.128851058,40,3,1,0,3797,1,1,1,0
10986,69,110382,2996.622806,0.2943903481,0.1411910635,33,9.052549378,9.87300663,95,12,6,6,1734,1,1,4,3
10987,47,147396,3618.881613,0.1885281446,0.02603479027,5,4.091246273,3.36804042,93,11,5,0,2503,0,1,2,3
10988,37,96942,5269.080006,0.131998106,0.1450105807,37,4.718965297,7.797316086,85,2,7,6,3582,1,1,0,3
10989,38,125147,5346.895434,0.1549551839,0.1859856497,21,6.315244137,2.299150523,3,3,7,7,4702,1,0,1,1
10990,61,110975,6904.643245,0.03857952099,0.1550662747,32,6.996151065,9.368789853,52,16,7,2,3099,1,1,2,1
10991,49,25972,2322.499235,0.03175660042,0.04641860271,10,5.903294019,1.915508673,87,17,9,9,375,0,1,1,3
10992,68,68063,6622.54471,0.1818852456,0.02662142587,22,7.213144466,7.798618583,13,14,3,1,1733,1,0,0,3
10993,63,85488,7808.021283,0.1584811706,0.1031722777,43,8.277031628,7.193874201,16,6,8,3,4643,1,1,4,0
10994,66,77055,6798.260696,0.1141544255,0.1917171569,35,9.910403973,2.120968737,13,8,7,0,2991,1,1,2,2
10995,38,123409,4870.098287,0.1741730462,0.1656212646,27,4.534652498,6.870368443,40,13,3,1,3943,1,0,0,1
10996,52,84366,9917.638446,0.03107602534,0.1169193914,47,6.262129997,10.32819879,61,9,1,8,1190,1,0,1,2
10997,49,30931,4107.650275,0.2837574397,0.03716647045,18,4.385678949,9.123355089,51,9,0,7,2998,1,1,3,3
10998,47,27702,1155.247084,0.09517638946,0.1456289886,42,3.141358903,7.141682682,26,18,1,8,185,1,1,2,2
10999,56,104834,8232.891733,0.03081584929,0.1644696653,42,9.978209189,5.791703845,84,12,4,0,1256,1,1,1,2
11000,66,41540,2200.792067,0.05915623905,0.1876631359,12,1.124948994,1.332130438,39,2,4,9,3827,0,0,1,1
11001,29,77450,7161.527172,0.0376874352,0.1263020845,12,1.582292716,14.36051432,34,15,9,5,3768,1,0,0,1
11002,58,117576,1871.865199,0.06179530626,0.1077485048,7,6.247395408,6.339262076,89,10,1,0,1232,0,0,1,0
11003,64,85252,267.0861695,0.1308586759,0.1276445883,42,7.388612326,6.538919288,94,3,3,6,754,1,0,2,3
11004,35,66904,1682.006178,0.2240347592,0.1892179759,47,7.559529655,2.36097088,58,2,7,9,1167,1,0,2,0
11005,38,72320,3832.188096,0.08898102076,0.1293441464,12,7.329819284,8.223689102,96,1,0,4,2143,1,1,1,1
11006,30,51000,1155.520647,0.1364187204,0.05894245138,34,8.097404944,14.69870446,48,14,1,7,76,1,0,0,0
11007,38,115341,2057.022934,0.2793396135,0.1308687675,26,7.701900632,4.168869445,62,0,1,5,4452,1,1,2,2
11008,25,147524,7669.800149,0.0957883044,0.1771514688,10,5.913794179,5.043375219,10,0,4,0,1301,1,0,3,2
11009,63,22599,7721.847719,0.2404687284,0.1177303854,20,5.23102398,3.925110434,79,0,1,6,1148,1,0,4,1
11010,57,107636,8193.133449,0.05576689302,0.1055127773,7,7.482443241,13.06549098,5,9,7,5,3372,1,1,0,2
11011,63,116045,8427.436842,0.06171330641,0.1493401574,41,7.590959275,7.390544043,97,0,2,2,906,1,1,0,3
11012,24,120539,4262.315357,0.1422843333,0.1355878521,25,3.992949681,12.44109058,40,15,2,7,1553,1,1,4,1
11013,40,104719,8688.741641,0.07788965264,0.0207706438,29,1.026593762,12.82625923,31,4,7,2,3331,1,1,4,3
11014,61,76165,5306.775063,0.2718781414,0.1478091168,21,3.828770013,11.36180023,20,19,0,7,2531,1,0,2,1
11015,49,78855,4758.911458,0.02471816443,0.08743439172,49,5.812643862,4.285140498,92,17,3,4,4794,1,1,1,1
11016,28,123777,7213.509657,0.1832090442,0.1887706732,48,5.734992,1.01132367,74,2,6,9,178,1,0,1,2
11017,39,20018,2216.802272,0.1852265249,0.1944525678,38,4.418799641,2.57769609,56,7,4,2,1252,1,1,3,1
11018,39,20858,7916.024031,0.02914751898,0.09526037544,49,9.390991481,10.60576989,4,14,2,7,3553,1,0,1,1
11019,60,45992,4351.711683,0.2224436223,0.1940710209,9,5.287191966,11.23797699,90,2,7,1,227,0,1,3,0
11020,42,52580,1360.224599,0.1459802879,0.06905589784,25,2.251446346,11.61246224,27,18,4,9,4728,1,0,3,2
11021,39,90916,1281.187944,0.2196912783,0.1397024401,26,2.741999935,4.037554716,94,1,5,0,1350,0,1,0,3
11022,45,55800,1732.576764,0.2498082459,0.02426039511,21,1.851267623,2.719022173,74,11,0,7,4712,0,1,0,1
11023,46,139193,8916.670069,0.1036408121,0.03754797622,12,3.41451108,13.88439172,76,17,2,7,2270,1,1,2,3
11024,30,78770,9910.28444,0.1505009061,0.1742599215,38,3.742539434,10.13106808,69,9,9,3,3916,1,1,4,0
11025,35,74941,3634.040612,0.08562062613,0.1798189675,6,4.007471082,11.25846062,26,9,3,6,4192,1,1,4,1
11026,19,104451,2992.224137,0.06843890442,0.1111961265,42,8.525566058,1.86162112,93,12,9,2,1756,1,1,3,3
11027,46,125775,2265.832629,0.01017247983,0.07455695112,41,7.889308776,6.480653078,52,11,9,8,2634,1,0,4,2
11028,38,57487,8255.783124,0.2894531385,0.09569454704,11,5.464994857,1.417964503,47,6,3,0,4427,1,0,3,0
11029,32,32943,2171.154076,0.1378692561,0.1752286529,12,4.999134077,10.03740003,82,15,4,7,694,1,1,4,0
11030,69,123167,9248.492286,0.01379023419,0.0500887503,11,4.402872448,7.59569505,77,8,8,6,666,1,1,2,3
11031,44,122342,6706.768752,0.01259218749,0.06602534395,11,1.122082944,7.046226837,57,4,3,7,2286,1,0,0,1
11032,67,81457,8981.565138,0.09362224488,0.1592341575,37,9.277542589,13.59215636,8,3,6,4,780,1,0,0,1
11033,48,145111,5584.697559,0.01404192683,0.1877011947,2,3.623449565,11.23171976,54,8,7,7,4291,1,1,3,2
11034,32,38836,6937.730636,0.1186092391,0.0276561946,7,8.577073727,14.48167181,44,17,6,6,3530,1,0,4,2
11035,68,121150,6232.635197,0.02825216542,0.1627167373,48,7.667508283,1.170905662,27,13,1,6,4368,1,1,1,1
11036,40,126368,8328.835018,0.02138296143,0.1325629783,30,2.029694869,9.427324514,27,0,0,4,4775,1,0,2,0
11037,41,31394,8375.022031,0.2041206043,0.05384659345,12,3.819081804,9.638149262,45,5,4,6,3766,1,1,4,2
11038,61,92158,5938.950698,0.2729839739,0.1536052674,7,5.361884098,0.8848754699,24,5,7,9,378,1,0,1,2
11039,30,144696,6361.825728,0.1287221092,0.1483040523,36,3.359441346,11.91267505,25,13,0,0,2445,1,1,2,0
11040,39,144660,9226.571613,0.2526634248,0.03698566419,23,4.618988387,2.727415831,61,15,1,7,909,1,0,2,1
11041,60,130599,9305.678191,0.01848698373,0.1054277009,27,3.541868871,10.66844445,67,5,8,8,476,1,1,0,3
11042,54,45280,6676.072861,0.2355301162,0.1540753057,3,6.721472221,1.048447149,66,19,5,9,346,1,1,3,2
11043,50,144221,176.7673539,0.02821199777,0.04639338409,15,4.245947711,9.39846796,33,10,0,3,2903,1,0,4,0
11044,20,138150,1133.671026,0.2531474327,0.09792554425,17,4.116670575,8.051321552,20,13,7,4,3043,1,1,2,2
11045,36,97318,8593.631065,0.26588624,0.03294081369,3,3.444147697,7.507515766,80,8,2,6,745,1,1,4,0
11046,40,21159,938.6697521,0.2379324143,0.06829863557,42,8.213731407,5.816647803,33,6,3,5,3074,1,0,2,2
11047,46,90162,2213.83989,0.2480172171,0.05140953117,39,6.813410504,6.593450121,43,7,9,5,2052,1,1,0,1
11048,47,43440,2382.412134,0.1728305242,0.1059635141,32,7.488683324,7.414967026,75,11,4,6,3892,1,0,3,0
11049,56,122026,6042.324221,0.08681663335,0.03683091362,44,4.544794215,4.816497901,88,9,8,8,460,1,1,1,3
11050,61,97166,5808.664699,0.1965369908,0.08279864352,26,8.555256775,14.06168848,20,10,4,1,353,1,0,1,3
11051,64,72712,2965.233482,0.1374670782,0.06228095195,35,4.747370379,14.49252278,17,19,5,4,2543,1,0,0,2
11052,42,149712,2155.352519,0.01154760267,0.1517492937,3,2.588474322,4.848590778,35,5,6,6,2886,0,0,2,3
11053,54,129578,7668.867096,0.1482794549,0.1429372569,35,5.595965075,11.79103022,69,11,4,0,4379,1,1,0,2
11054,64,140805,9361.01594,0.1988444981,0.02803680064,12,5.004184687,11.39847285,83,12,4,6,1593,1,1,3,0
11055,25,67656,622.7762312,0.01402626131,0.1911619387,47,1.825657308,13.19594486,52,6,1,8,667,0,1,1,0
11056,59,26589,1418.486581,0.1901944975,0.1514897544,13,6.964059393,0.5557637173,19,8,1,8,3318,1,0,4,3
11057,33,68241,6457.423488,0.1992342528,0.1270321522,41,8.30796187,5.402710924,95,2,5,6,1580,1,0,1,3
11058,25,144595,8063.970372,0.05585119769,0.100763284,36,4.205425436,2.602323236,94,2,9,9,771,1,1,3,1
11059,18,43233,7932.767821,0.1350115137,0.04380525995,46,7.83292004,6.167444667,83,15,5,5,1148,1,1,2,0
11060,61,55011,7224.863216,0.2896564543,0.1927830356,5,6.272672409,8.846607496,93,17,9,9,2175,1,0,0,3
11061,22,28177,8885.53675,0.2664148761,0.01149309157,13,3.456987237,13.67830928,2,12,5,0,4311,1,1,1,3
11062,20,149883,2251.753908,0.1291382126,0.1415714155,42,4.095791495,12.67440358,83,8,2,5,321,1,0,1,3
11063,18,54528,1162.18037,0.1114554177,0.1064144217,2,9.515128628,7.73582438,7,5,8,3,933,1,1,4,2
11064,21,134506,6192.093404,0.04598339748,0.1814905591,24,2.942107719,0.8407808002,84,14,6,3,3308,1,1,0,1
11065,57,123746,8240.531326,0.02020483452,0.08233248308,33,2.367269971,4.862957494,47,8,3,1,3130,1,1,4,0
11066,52,81351,5862.231427,0.09626420546,0.1085424396,5,1.681041958,2.045846228,22,17,8,7,2583,1,1,4,3
11067,49,111908,9633.675126,0.2826821707,0.1510444845,39,8.880271865,9.934179466,0,19,3,8,481,1,0,2,3
11068,59,76831,7976.088168,0.2879979009,0.01903764323,0,7.049086084,10.5837086,1,12,2,0,2512,1,1,1,3
11069,51,71827,7037.838829,0.2456306088,0.02035029579,45,2.049986222,9.907635492,73,0,0,6,2093,1,1,0,2
11070,60,43508,696.5471796,0.1117391959,0.05021782228,47,7.890911331,4.483396041,36,5,3,6,744,1,0,2,0
11071,42,74933,1166.648163,0.05165166554,0.03782067087,48,6.664717656,13.83287643,93,18,2,6,339,0,1,2,3
11072,27,100501,7869.892563,0.1827047079,0.01122425898,7,9.875929532,9.033340575,50,0,2,3,1750,1,1,2,3
11073,38,88772,2062.555463,0.1974864521,0.1283680662,16,5.60275295,9.160105785,43,11,5,5,4798,1,1,3,2
11074,63,35611,385.4682432,0.1331263351,0.1612282138,12,5.647775253,12.32558107,23,15,8,9,3064,1,0,3,2
11075,56,42282,9116.530789,0.2105775707,0.1918518455,18,3.243407864,1.504047595,31,3,0,8,2013,1,1,2,1
11076,44,61003,8918.9732,0.2265377468,0.09377106036,40,2.718314338,3.539313201,55,3,8,8,1428,1,1,3,1
11077,44,101365,2262.98989,0.2370878824,0.06314692507,34,7.601798497,9.04893116,49,9,1,3,229,1,0,0,0
11078,19,94216,7824.041955,0.1556664523,0.1741414653,49,4.353953463,9.351275648,63,13,2,1,274,1,1,1,1
11079,58,138964,574.998646,0.2395758255,0.1704351664,32,7.519392454,7.268098959,29,19,8,1,657,1,1,0,0
11080,65,31340,2922.074238,0.01738816362,0.1287202101,44,7.969972675,11.80910704,37,17,7,1,3123,1,1,1,1
11081,30,116629,6274.302392,0.2073172664,0.06189831734,44,9.129615845,5.51154003,77,2,8,0,2987,1,0,3,3
11082,26,106643,7655.472062,0.07833384754,0.182618343,43,4.84694445,0.662891573,54,5,7,9,2433,1,1,0,1
11083,69,94684,202.951969,0.08845088459,0.04389625397,32,1.862571115,5.429409539,2,17,5,6,2910,1,1,4,3
11084,53,128610,3329.465271,0.03647749492,0.01829283569,41,1.195496955,14.50526659,24,8,9,5,4432,1,1,2,0
11085,39,140332,2222.021045,0.06579375644,0.1613574741,38,3.62692965,11.79601636,44,12,8,4,2794,1,1,1,1
11086,59,103035,9987.926017,0.2976823876,0.1170952215,45,9.3922929,5.114647275,61,18,2,2,4969,1,0,1,1
11087,43,38165,6742.724101,0.1304631379,0.05682888525,37,7.730196495,3.725516001,6,9,3,2,4052,1,0,4,1
11088,29,129322,4116.147384,0.2790519656,0.1374701758,37,6.032340205,12.24888627,80,15,0,0,3452,1,1,4,3
11089,34,110762,848.9607596,0.05724086318,0.1556761395,8,3.156544392,3.398516776,26,18,6,0,3026,0,0,2,3
11090,31,38260,6026.835549,0.06917706421,0.1704637308,47,7.415505935,8.912874922,22,5,1,9,2382,1,1,3,1
11091,31,74515,6452.844562,0.1717658726,0.06360394303,36,7.667627678,7.865427703,31,1,0,7,3430,1,0,0,0
11092,51,110452,8182.418682,0.1113644369,0.01486161574,46,3.07401391,6.628702266,1,15,7,5,1128,1,1,0,3
11093,37,129446,2956.910844,0.1967354105,0.1069073758,0,7.373127251,6.676439782,74,19,9,4,3208,1,0,0,2
11094,28,50480,9816.137997,0.132393507,0.1726549336,35,2.0820992,10.68423184,33,13,8,3,693,1,1,3,0
11095,33,72527,4450.710819,0.2453631989,0.04948605408,41,1.915138025,1.991136419,51,0,3,7,224,0,0,2,0
11096,68,79789,3029.843171,0.1351521306,0.09001383989,37,1.497095594,6.230774597,60,3,8,9,1465,1,0,0,0
11097,48,71902,3549.648407,0.1759812629,0.05871993967,1,8.291787089,14.54152918,33,4,2,8,1007,1,0,1,3
11098,23,52191,5243.901924,0.103111228,0.01253890377,9,3.435502096,11.78331188,6,9,7,0,4482,1,1,1,1
11099,36,79488,9373.345489,0.2141718864,0.1807195783,22,6.437584871,0.8049795003,9,17,9,1,1587,1,0,1,1
11100,54,95082,7378.072099,0.1998729206,0.03566011307,8,2.300346895,6.982318017,88,8,4,3,978,1,0,4,2
11101,21,56044,5813.38553,0.1251302995,0.155685752,10,4.981831005,2.199315588,1,6,1,5,893,1,0,4,1
11102,64,69600,1711.822841,0.09004930981,0.07585461404,35,1.249310087,7.528327886,29,3,4,9,4195,1,1,3,2
11103,21,107457,1578.597778,0.1880902687,0.06275956269,41,8.739565456,2.001954844,80,14,5,2,3369,1,0,0,2
11104,37,68776,5071.749447,0.2835139783,0.1887954884,37,5.857736124,6.143609336,28,16,4,0,55,1,0,4,1
11105,27,122476,7314.216176,0.04846647697,0.1348679025,34,9.014592827,8.402439313,81,4,6,2,3915,1,0,1,2
11106,41,131487,7535.02051,0.2417438193,0.1405153058,12,5.210051003,5.825976221,59,10,3,7,1617,1,1,4,0
11107,52,32836,2336.5524,0.1674676141,0.1543340545,18,3.846946921,8.889351318,98,5,9,4,1534,1,1,1,0
11108,43,94525,1090.985177,0.1624123116,0.07477733384,34,4.607222374,14.78319865,16,4,9,0,428,1,1,0,0
11109,54,72648,3906.163794,0.2888884028,0.1170962513,29,3.194648684,4.063906213,55,12,6,4,2622,1,1,3,3
11110,55,33740,9189.908178,0.1857036913,0.06134243537,17,8.97006003,8.685365122,85,5,8,9,1198,1,1,2,2
11111,38,115716,5499.135801,0.25085017,0.1685628879,11,3.660548673,7.334212409,50,14,1,7,1825,1,0,2,2
11112,57,33102,3268.987692,0.1591984022,0.1238684021,11,3.629866438,12.23433342,24,12,8,8,3200,1,1,1,0
11113,56,100893,3304.012917,0.0824574765,0.05624729695,20,6.684568061,5.065791666,83,12,9,5,1505,1,1,4,3
11114,38,71334,1407.661748,0.2114021787,0.1809540972,11,2.104560604,9.751209385,15,9,1,3,1617,1,1,4,1
11115,27,149677,4784.914987,0.2777213023,0.1203596001,27,2.972616222,10.54789793,24,1,6,4,686,1,1,1,0
11116,55,133917,7934.490517,0.2539567277,0.1040557956,28,4.869115278,14.64707055,14,1,4,2,1523,1,1,0,3
11117,63,50255,9688.731046,0.06752544581,0.01655264142,38,2.643484748,2.693338595,78,8,3,6,2939,1,1,1,1
11118,21,121630,5065.7905,0.1018978445,0.182862381,40,3.31592415,14.97521581,56,19,6,9,717,1,1,0,3
11119,62,45221,1755.427667,0.1598953955,0.190932044,43,7.29935128,10.95754019,14,9,0,3,3317,1,0,3,1
11120,37,83265,6861.208958,0.1757649556,0.1168937393,3,3.518569779,7.116901301,55,10,2,9,1239,1,0,3,2
11121,34,20719,7592.234293,0.06620609319,0.09407753719,30,6.734765032,4.321666905,81,7,1,6,2860,1,0,1,2
11122,24,103442,809.8275193,0.0767035786,0.07831736254,23,5.44966439,9.616178304,36,17,1,9,330,1,0,3,3
11123,21,43140,8516.377383,0.23006101,0.06092911668,41,7.908620213,2.555998377,64,1,4,3,632,1,1,4,3
11124,46,75779,8310.291661,0.2217920508,0.1191605742,48,7.756503357,14.22828122,32,3,9,0,3261,1,0,0,1
11125,31,21069,4778.156435,0.2533705562,0.03433806007,17,2.777926415,3.174164502,2,17,1,8,1300,0,0,2,3
11126,20,74714,5648.182934,0.2805496441,0.1846429856,41,9.489160525,11.72739955,48,15,2,9,1443,1,1,2,3
11127,41,93285,7162.739831,0.09939572448,0.04343216023,25,8.21986341,5.504623631,21,1,6,6,769,1,1,3,1
11128,54,32935,6799.806438,0.2592825374,0.1516475198,43,5.793540362,3.629760826,53,6,1,9,892,1,1,0,1
11129,33,123191,263.7061841,0.2031434195,0.06830867675,19,6.037822115,12.22564568,20,3,3,7,1171,1,0,4,2
11130,69,139362,1312.109508,0.2877534229,0.05295350476,7,8.459529489,13.37363957,26,4,1,4,1462,1,0,2,0
11131,21,64035,1709.646502,0.08890150525,0.1159951441,32,5.357371731,0.5815062279,3,17,7,1,1789,1,1,4,3
11132,41,146687,7581.191302,0.08820473548,0.1553737464,3,5.306384268,14.6251967,98,9,5,1,2145,1,1,4,1
11133,51,116256,4456.827273,0.2142451001,0.1480799671,37,6.67166167,6.6178281,0,8,7,9,577,1,0,2,2
11134,47,47937,5500.476001,0.2792391245,0.05441370667,21,1.794772386,1.893109665,3,15,5,0,4780,1,1,2,0
11135,35,38540,7749.605625,0.2491211892,0.07279544655,35,6.239261257,7.072056351,54,18,0,8,3212,1,1,3,3
11136,36,93480,3475.724464,0.2208414718,0.1750781148,47,3.01517203,2.219237035,23,16,8,6,3572,1,1,0,2
11137,48,68702,7514.01325,0.1223196674,0.1474163115,30,2.050338661,4.252331472,28,3,8,3,1311,1,1,1,0
11138,36,98283,4478.762819,0.2181525271,0.145411842,7,8.338728737,8.583904022,21,0,4,4,3639,1,0,0,3
11139,66,96041,3834.083859,0.2423177172,0.0610919645,8,4.436351093,5.708363184,22,5,9,3,1326,1,1,1,2
11140,63,131753,3397.068914,0.2284528471,0.1604808185,46,5.525328985,3.803739519,84,15,6,2,1909,1,1,2,3
11141,36,97233,9652.953673,0.2062751315,0.07809938113,17,3.641112787,3.348996218,77,12,2,8,1933,1,0,4,0
11142,39,56907,7742.536766,0.02366806299,0.08626419883,34,1.278154232,9.730544438,7,3,1,6,2746,1,1,0,1
11143,41,35221,299.9398137,0.2013173306,0.06463660691,23,4.981526399,13.69049218,57,19,7,1,2452,1,0,4,2
11144,62,74781,9578.413317,0.1487054501,0.03306414694,16,7.752347669,1.318163875,79,8,2,1,3232,1,1,0,0
11145,29,27087,7776.852334,0.2888550887,0.08987477697,0,7.82497846,4.041266074,98,3,1,6,2159,1,0,0,3
11146,47,106998,1576.829673,0.1860850662,0.01321850537,38,9.298411974,10.14843104,87,4,6,8,85,1,1,4,0
11147,55,42789,855.7474416,0.1863859043,0.09662294549,41,8.563631436,14.81654637,58,3,8,3,1674,1,0,3,0
11148,48,76023,3151.121527,0.2982760043,0.1477512232,14,9.841000216,10.37956755,89,10,5,5,2524,1,1,2,1
11149,53,53400,6279.397141,0.03714045904,0.1925415562,12,6.144656658,1.263044931,6,16,1,5,3801,1,1,3,2
11150,36,22199,6203.812223,0.09013172268,0.02493649747,22,1.458426821,3.093519133,24,6,1,8,3732,0,1,3,0
11151,65,67316,2830.916239,0.2002630373,0.06344523379,28,8.77056095,5.541166318,44,8,0,1,1938,1,1,0,1
11152,62,129559,4512.182289,0.1014185142,0.1038848998,30,9.568312688,2.782340228,89,16,8,9,1263,1,1,2,1
11153,53,107273,2197.712542,0.1103835429,0.04237371025,36,5.177556919,3.143007819,25,18,3,1,2214,1,1,0,1
11154,47,72062,600.7289832,0.2688670325,0.03219741919,27,2.025427662,4.467985764,29,12,3,4,3891,1,0,1,3
11155,66,135310,5218.007628,0.1780126325,0.09594044004,31,1.221614312,5.905251759,65,3,9,2,542,1,0,0,1
11156,50,91609,3535.212229,0.03983101901,0.1203388005,6,6.521591581,6.181744742,52,8,3,4,2170,1,0,4,1
11157,35,36744,5474.53608,0.1001501499,0.165839468,13,7.00861296,7.740968382,72,10,0,6,317,1,0,0,1
11158,69,96095,9470.422492,0.03205692918,0.1995826501,13,1.145937516,13.95941941,38,12,9,9,2234,1,1,1,1
11159,66,75517,1519.366086,0.1712776807,0.1571114482,31,9.543348475,14.90356387,10,15,7,0,1521,1,0,0,2
11160,45,118231,119.4239813,0.06024777695,0.05205468587,8,5.880132776,0.785857867,78,9,8,3,944,1,1,1,2
11161,64,68865,861.0943115,0.2585633935,0.1521158331,5,6.510464941,7.659642922,11,3,8,3,3486,1,1,2,1
11162,28,93937,4680.812131,0.1774210677,0.1120591886,14,6.077355516,11.40516948,98,2,8,3,3016,1,1,0,0
11163,62,97195,7098.627095,0.02721893616,0.09565381938,29,3.852420353,1.562775263,49,6,5,2,3405,1,1,1,3
11164,50,127426,5849.559673,0.09725394245,0.1877884138,29,9.105235255,14.14723164,55,11,6,3,2560,1,1,2,0
11165,34,33894,4999.456613,0.1887379235,0.1433975915,15,1.034288222,14.09681236,39,17,0,6,3904,1,0,4,0
11166,23,49160,3604.234998,0.1072945123,0.139521684,22,7.724740993,3.521696946,15,4,4,2,1770,1,0,3,1
11167,21,73095,3168.744298,0.1588212339,0.0122336333,30,4.247478595,11.89330757,48,16,5,9,316,1,1,1,0
11168,37,49272,3825.233134,0.2737150655,0.1743635834,11,2.712014208,8.931255128,31,4,7,8,3799,1,1,4,2
11169,65,74021,6155.186045,0.1115104314,0.1607270907,20,4.924955737,0.9915503178,81,19,0,9,940,1,1,2,2
11170,64,110048,1760.764163,0.1074031301,0.06679895681,2,2.782314253,4.810883652,44,11,7,7,2641,1,1,4,3
11171,44,53645,7736.484622,0.247729484,0.06550154838,2,8.819476658,4.318950233,84,15,6,7,531,1,1,0,2
11172,32,132079,5795.007077,0.1024393916,0.02016090741,37,8.160454442,13.25591403,79,15,1,4,185,1,1,3,2
11173,23,41179,2764.648138,0.0326079198,0.01966272051,21,8.712971438,13.5137615,70,6,6,2,4571,1,0,1,1
11174,64,142479,5061.414332,0.06247403673,0.1370329576,20,8.522838112,0.9997710695,4,19,3,1,4261,1,1,2,2
11175,31,30691,9631.509008,0.2851520727,0.04538514645,43,8.4233235,11.25046974,43,12,9,3,1148,1,1,3,0
11176,28,149436,302.8661385,0.2806549098,0.1854740915,15,6.232812781,2.237872584,40,4,9,9,2215,1,0,2,0
11177,56,148933,2075.274145,0.07519550633,0.1700568413,17,9.117698011,11.96839562,96,18,5,1,2592,1,0,4,2
11178,26,101646,4538.964375,0.1705155432,0.07628818041,3,1.532346862,12.76135213,94,19,8,8,4862,1,1,2,3
11179,43,120827,6420.553246,0.04983674912,0.08221302484,19,3.572872483,1.359122028,84,15,3,1,63,1,0,2,3
11180,33,65311,2201.059836,0.2056565123,0.07218254656,44,2.913078498,5.230775647,66,9,9,3,1707,1,0,4,3
11181,22,115381,9320.899089,0.06373868084,0.02755503351,12,2.08972375,6.005568246,73,11,1,6,2468,1,1,4,2
11182,69,59038,6461.462923,0.02443922265,0.01597172995,30,1.057156507,14.34965505,74,5,8,2,2059,1,0,3,3
11183,27,44967,8786.576295,0.2492200741,0.09590530008,1,4.623800117,5.878324106,21,18,0,0,1620,1,1,1,2
11184,67,48478,3360.247509,0.104366111,0.1891776218,29,7.516008326,4.211954842,16,1,5,9,1029,1,0,4,0
11185,20,75775,8306.64395,0.04147149703,0.184277371,30,6.803975525,9.4856146,88,7,6,5,1343,1,1,3,3
11186,30,90624,3844.370247,0.2518321458,0.1638693608,27,6.859417292,2.803954137,91,19,7,0,495,1,1,2,3
11187,60,60332,2602.242547,0.2310952685,0.1294330362,8,8.993090464,9.56373809,49,8,3,1,769,1,1,2,3
11188,66,27066,9125.387858,0.2082899506,0.1726822573,10,9.616176549,7.149330995,83,2,0,5,767,1,0,0,0
11189,47,59313,1012.962909,0.2742621259,0.1078630184,34,7.125322957,11.10586411,93,6,0,1,2774,1,1,4,2
11190,62,87857,9434.599081,0.1518755652,0.04423042527,48,1.764315808,8.8928948,30,2,0,4,2481,1,1,3,0
11191,23,65900,4639.300538,0.0471363843,0.1399923661,43,7.090329305,3.060445864,12,10,2,3,2026,1,1,3,0
11192,34,110069,9926.992188,0.02779045887,0.1849227467,36,5.992974797,14.09196391,73,11,8,7,2149,1,1,1,1
11193,62,110045,5441.987072,0.1023478952,0.01372496851,45,1.579597803,7.007323794,50,12,5,1,1808,1,1,3,3
11194,68,146861,7599.132904,0.03518094074,0.05777436992,16,3.314049311,11.29614768,32,3,6,1,9,1,1,4,2
11195,36,61098,170.0030617,0.1652977377,0.06043325634,25,3.139301299,8.213153295,19,1,6,3,2378,1,0,3,2
11196,59,28294,5017.001518,0.01420471517,0.02881751234,3,7.955253718,13.0464364,47,5,1,0,935,0,0,0,1
11197,52,131857,7400.789369,0.1386913574,0.05284390207,32,4.106862828,5.386867657,77,11,5,9,4254,1,1,2,1
11198,63,82580,7849.987498,0.06175348406,0.0829565948,16,5.505979756,9.763523802,71,9,8,2,4802,1,0,2,0
11199,43,58101,1664.680968,0.1167977327,0.1885687307,41,8.071529148,1.651100632,71,19,3,7,1182,1,1,3,1
11200,68,45059,4247.812409,0.2057598817,0.1734504961,7,9.42862728,1.627228993,91,3,7,8,2533,1,1,3,2
11201,22,116784,4248.812385,0.1117794936,0.1897411826,25,5.843926564,12.73129746,73,16,7,2,2784,1,1,3,2
11202,46,60626,1126.044004,0.1089885673,0.03290863758,42,5.997671766,12.36646834,13,11,2,6,4590,1,0,3,2
11203,54,40703,4486.150526,0.2973177125,0.01532920771,19,1.862796266,5.709754166,61,18,6,3,3607,1,0,0,0
11204,37,123693,8090.220291,0.2184562696,0.03087780124,41,5.448861422,10.30219923,50,14,7,2,2869,1,1,4,3
11205,66,81417,3071.789302,0.1590198964,0.1837161706,37,7.178200317,12.52028053,77,1,5,4,2887,1,1,0,3
11206,38,136536,4382.487767,0.1780189388,0.03992284132,42,2.701467361,2.585885882,69,6,3,8,97,0,1,0,0
11207,27,79228,9613.490982,0.1898529631,0.1188009742,47,2.001354304,14.77868274,97,18,7,3,4472,1,0,0,2
11208,22,23205,413.9099513,0.01712686569,0.05324065027,41,8.770026266,13.34484832,80,7,3,7,3086,1,0,2,2
11209,53,54929,5956.065502,0.03327673125,0.01392073073,32,2.033889031,10.51828165,20,17,5,1,1743,1,0,0,0
11210,23,103384,7460.017309,0.1982649119,0.02607805501,39,9.217686378,8.376815074,91,13,1,8,2266,1,1,3,0
11211,43,53411,7632.736097,0.1156959691,0.1448614344,16,3.46290641,13.47642955,37,7,1,9,1365,1,0,0,1
11212,21,100522,7187.786446,0.02607877167,0.04464962588,8,3.969673021,11.22031306,14,5,3,0,1236,0,0,3,0
11213,56,31628,7291.86929,0.09627884135,0.05353644903,19,5.730216473,8.978385164,35,2,5,7,2820,1,0,4,3
11214,56,123655,684.2253902,0.04778219192,0.08167873516,7,2.692933389,13.42803929,99,11,2,7,3996,0,0,2,0
11215,67,90089,5387.952529,0.2757310142,0.1348758964,40,7.196981043,3.553982879,8,0,2,2,709,1,1,4,2
11216,52,26518,7851.393809,0.06884836384,0.09918075466,47,5.715030704,4.043430477,98,16,5,0,3609,1,1,4,2
11217,18,58491,1031.243985,0.05167044724,0.189475941,45,9.515016238,13.98662892,58,4,9,3,1486,1,0,2,2
11218,41,27946,219.2942316,0.191588957,0.09249461624,5,9.200953901,1.472898935,81,11,7,2,4067,1,0,3,3
11219,53,20610,8164.162133,0.1613544598,0.04783487484,8,7.927418587,1.169303069,53,17,5,1,56,0,0,3,3
11220,23,89838,7151.714437,0.1770204117,0.1118671395,10,2.663315133,11.98316114,16,12,7,5,2019,1,0,3,1
11221,58,54311,4180.843527,0.1364249629,0.09566902687,46,2.924125868,6.50295284,81,8,3,2,3583,1,0,2,0
11222,63,146419,9409.924682,0.1454791002,0.1595562843,46,3.416263381,13.78570824,3,2,4,6,2607,1,1,0,1
11223,61,119770,7689.321137,0.2358512912,0.1876730338,4,8.507299197,4.860000754,83,3,2,1,215,0,0,1,0
11224,48,61876,9681.823322,0.0737774336,0.1688960933,7,6.831509894,4.664861555,12,9,6,3,4723,1,0,0,0
11225,37,100192,9300.22107,0.1249934978,0.08391754774,34,2.580221963,14.37964503,74,9,6,7,151,1,0,0,3
11226,41,124540,4864.806669,0.2877693616,0.05106206324,24,5.124322235,8.529632658,42,1,5,2,2642,1,1,4,2
11227,42,132023,7571.618889,0.06509585334,0.183752898,35,9.774102758,9.398776354,96,17,3,0,2466,1,1,1,0
11228,53,70333,6724.994749,0.09519434256,0.08332853377,38,7.590257034,13.5221218,91,2,6,4,1976,1,1,3,3
11229,38,149895,8133.30758,0.06555440804,0.1563392585,48,9.408571703,6.02188541,7,10,2,6,1525,1,1,0,1
11230,47,71298,7898.115182,0.01594369394,0.1980101948,43,8.279539654,4.093990134,19,4,5,4,4142,1,1,2,2
11231,41,104192,1616.996503,0.08825067826,0.1197141095,5,7.525535361,8.780546098,81,14,3,5,4952,1,0,0,1
11232,61,61811,2413.981765,0.02347555933,0.101177289,23,8.469278235,6.44531529,70,16,4,9,4215,1,1,3,1
11233,59,90072,2730.742614,0.05485868666,0.1429754487,20,7.233129172,2.872058896,60,1,5,0,370,0,0,0,3
11234,47,135407,8203.135736,0.1151778003,0.04684688635,35,6.10630056,2.219715286,43,4,6,1,4520,1,1,4,2
11235,39,139368,8126.342869,0.01600915295,0.1027655504,17,7.622975285,11.01915171,96,16,6,0,1846,1,1,4,0
11236,45,62974,5003.819935,0.2283574041,0.06934284385,47,3.065181837,0.9959573987,50,10,6,2,4079,1,1,0,1
11237,24,39856,5850.239367,0.240720814,0.04120329543,0,5.413141856,8.149373442,57,9,4,2,3622,1,1,4,0
11238,52,121946,8286.529314,0.1293100027,0.1259259443,28,9.56251275,5.279903474,74,18,9,9,1647,1,1,2,2
11239,45,64830,3194.676647,0.295553134,0.1193841562,16,8.277511833,2.688180145,29,5,6,3,2320,1,1,1,3
11240,31,101983,596.7698915,0.2069082353,0.154628684,4,9.336702867,13.41466925,98,9,4,5,1195,1,1,0,3
11241,27,65823,4877.704739,0.2256793069,0.1758643236,49,9.707035887,11.23784657,83,10,4,1,2166,1,1,2,3
11242,33,118863,9145.799724,0.06576712286,0.05187143734,5,6.28448922,11.70993338,9,6,2,0,280,0,1,2,0
11243,33,142134,7925.635784,0.2528569106,0.1581435039,44,2.765582307,6.820373658,93,15,8,0,3985,1,1,2,0
11244,48,120037,3729.511301,0.2840634554,0.07980318054,7,7.669451474,9.901036758,17,12,8,9,2027,1,1,3,2
11245,59,94397,741.2364688,0.07852994831,0.1294730643,24,1.065982103,1.81287659,24,10,0,2,4049,0,0,0,0
11246,42,105814,6405.503103,0.2090746454,0.1715456052,18,1.802273443,2.519508194,95,2,3,3,1520,1,0,0,3
11247,30,87078,8361.458879,0.2266129041,0.0586751719,47,3.575029797,5.177248888,33,7,2,1,1062,1,1,0,1
11248,23,127767,6682.990808,0.09849905982,0.124182644,49,1.136686337,7.137752687,43,3,3,4,1998,1,1,1,1
11249,61,87951,4308.239181,0.1477526107,0.1012605867,38,7.150178877,1.860372699,38,6,1,4,3492,1,1,2,1
11250,26,129287,1321.20077,0.03828633714,0.1602096858,8,8.349259468,8.692125331,94,9,5,8,3085,1,1,0,3
11251,62,32905,9116.665017,0.06019749315,0.1424758468,27,7.783917405,3.977137232,91,11,5,6,1346,1,1,4,0
11252,53,140778,2831.987425,0.02785545186,0.1562300488,30,2.300325726,11.73109105,89,10,6,0,3326,1,0,3,1
11253,60,41601,2320.441661,0.1724479923,0.06470919462,0,8.235149447,0.5068032521,67,4,5,6,4637,1,0,1,0
11254,37,123691,8178.16899,0.1913262402,0.1438276959,40,8.456410458,13.05813786,42,4,7,2,3310,1,0,3,0
11255,35,107099,9814.077393,0.2756746792,0.1251031161,9,1.868753826,11.1223979,19,18,3,9,209,1,0,2,3
11256,60,60955,6635.586562,0.1672335951,0.09676928665,49,5.43148339,8.419500366,71,14,1,2,1404,1,1,4,0
11257,38,92179,6285.623841,0.08557729753,0.08188530117,21,7.193126424,11.19423723,1,6,9,3,2500,1,1,2,0
11258,21,68435,3262.365605,0.02724732851,0.07300400585,0,4.660167262,5.786407738,26,3,6,1,1536,0,1,0,3
11259,67,44044,302.0931618,0.2666363853,0.01183812865,12,9.003394296,2.857500252,33,6,0,8,3706,1,1,3,2
11260,50,31246,1998.798872,0.1488688428,0.04221612475,13,5.762274157,0.632114813,54,6,0,5,2389,1,0,4,1
11261,44,22458,5885.861322,0.2238233769,0.02120586032,22,2.099077248,8.454050694,35,9,4,9,4478,1,0,3,1
11262,24,145945,1598.032972,0.01424831109,0.1711879331,38,5.773907618,4.733165462,84,3,4,5,4324,1,1,1,0
11263,23,78507,8849.974489,0.1515602876,0.1734168854,27,6.196954293,3.583993273,71,17,4,8,1898,1,0,4,2
11264,32,26028,1962.63241,0.1044595607,0.170776734,28,9.582669341,13.07164103,86,5,2,1,1835,1,0,1,3
11265,35,123751,5268.834085,0.01879606906,0.1654047552,39,4.79789453,11.014933,71,0,5,5,3019,1,1,4,0
11266,49,139247,5168.931133,0.2349451141,0.05205278617,32,9.03729377,14.85754547,68,1,1,8,1801,1,0,0,3
11267,28,71901,6079.061738,0.1587414793,0.1034393732,1,3.879731895,10.09268815,64,2,9,6,1927,1,1,3,1
11268,37,148636,3341.59729,0.1066222705,0.1824903167,42,5.070733295,13.48280967,84,6,7,8,1591,1,0,3,3
11269,41,120252,8747.988591,0.2436815603,0.1543585409,32,7.077436082,2.215873543,43,1,7,0,4663,1,0,2,1
11270,32,26306,4498.585206,0.139607801,0.01034585433,23,8.969549767,10.98006077,42,13,4,8,3311,1,0,4,3
11271,65,126555,7031.520429,0.01101440735,0.09729104952,11,7.967053623,1.750254635,73,4,5,5,4362,1,0,4,3
11272,24,126396,6395.517524,0.2838898133,0.01202733786,39,2.399148132,1.871271839,65,4,1,5,311,0,1,1,2
11273,38,47678,1259.845223,0.08414799473,0.06332559893,27,2.743278098,12.93861449,20,15,4,4,2896,1,1,4,3
11274,59,110444,6264.129592,0.2508669014,0.09279486383,34,1.61395215,5.721236364,60,14,7,1,1649,1,1,3,0
11275,43,32363,5551.956512,0.2467604614,0.1796508656,9,6.593310179,5.088271315,12,15,9,5,4344,1,1,4,2
11276,61,34066,8996.180226,0.05708844009,0.134333014,46,4.96298965,3.164854437,27,8,6,0,3423,1,0,2,0
11277,31,83804,8820.678701,0.1474607776,0.07887206744,43,8.88252648,7.531666557,29,7,8,0,4297,1,1,2,3
11278,54,134433,1594.452395,0.02165770376,0.1032244315,33,9.904677916,3.451948035,81,1,8,6,466,0,0,3,3
11279,38,68544,908.6829413,0.1128199851,0.1653040028,4,8.907016771,8.298789623,1,9,7,0,2662,1,0,3,2
11280,35,118247,3016.46297,0.2219838646,0.06693456383,40,1.419608508,10.07635202,57,17,1,4,4620,1,1,3,1
11281,22,20189,9867.467281,0.07875014633,0.1268566073,17,9.499228824,9.996212431,82,17,3,5,2552,1,1,4,2
11282,20,31752,313.5803864,0.04396709992,0.05982690794,5,1.926900384,5.787419375,20,18,3,3,1984,1,1,4,1
11283,40,140696,6761.633172,0.1570658298,0.1011930531,10,5.024844758,10.7085483,89,4,7,4,1224,1,0,0,1
11284,43,27482,6124.285965,0.1657260515,0.01468511568,45,3.675971006,4.358218145,45,0,1,1,3379,0,0,1,3
11285,54,36679,6501.124977,0.2059903901,0.1719323107,0,2.408004845,12.21137703,88,10,9,9,2126,1,1,4,0
11286,41,145428,2261.030309,0.2301499466,0.01918627799,22,2.541136863,0.5016690842,82,10,8,6,4505,1,0,0,2
11287,66,143056,2344.501723,0.2117847641,0.05262849497,3,4.112505631,14.51519413,24,2,1,9,1944,1,0,0,2
11288,36,110088,4363.356614,0.2551695404,0.073367257,6,1.228546723,6.78681148,56,2,3,0,2468,0,0,2,3
11289,68,20799,1048.99229,0.07464287464,0.1287806122,40,1.581907908,5.342940127,19,15,2,1,1512,0,0,4,3
11290,42,110917,838.6707693,0.1752323564,0.1468063585,48,7.428519061,9.554994431,5,19,9,7,4270,1,0,0,2
11291,38,141691,974.7585895,0.1144276537,0.02528569803,16,6.636094065,13.24690889,17,14,7,9,2860,1,1,2,2
11292,29,29934,5772.493796,0.2890125835,0.01825844232,10,1.894219833,5.612283805,48,12,0,1,2374,0,1,1,0
11293,58,77558,4037.644383,0.1376810618,0.1618080785,26,4.891099899,1.515616819,81,9,6,0,3676,1,1,2,3
11294,50,79223,3006.806129,0.2883170406,0.1453116414,11,6.469383978,5.630586215,19,18,6,4,1696,1,0,1,0
11295,67,104620,3226.611859,0.2330290397,0.1679945673,46,1.87879142,0.5737567047,33,9,8,1,2163,1,0,3,3
11296,21,61556,2152.104728,0.21835452,0.1385422704,33,9.747970803,3.183111217,9,15,9,9,2724,1,1,3,3
11297,59,29909,4173.90282,0.1525534765,0.1526923314,7,8.636527024,1.254109567,32,5,7,2,4981,1,1,2,0
11298,24,111467,2110.274885,0.1385796589,0.08201729278,22,3.045219605,6.11998721,54,4,5,5,4883,1,1,3,1
11299,39,130719,7010.655819,0.1626989744,0.1221350209,25,5.669770085,1.366362954,18,14,5,5,2086,1,1,4,1
11300,50,111404,1326.931875,0.09515358825,0.1630245451,33,5.56915874,14.76692821,65,16,5,2,4624,1,0,2,1
11301,34,63558,9487.596637,0.2723078826,0.04270233154,31,4.007897537,11.83778422,46,3,4,9,3712,1,1,0,3
11302,41,99382,989.2075073,0.24035589,0.09033636256,5,7.836723197,6.583233326,48,7,0,9,476,1,1,4,0
11303,51,107793,9440.261071,0.2424047978,0.150693056,0,6.924573673,11.96111946,66,11,1,2,3457,1,0,2,1
11304,45,48013,8349.620218,0.1356145427,0.1112009486,49,8.777955989,6.551746106,29,12,5,6,3500,1,1,1,2
11305,60,123018,6839.049994,0.03061579499,0.1395149161,3,1.045902748,9.882682096,82,8,1,5,4066,1,1,3,1
11306,58,42875,9131.78639,0.2080924222,0.06564514722,24,6.436024847,12.41198369,84,14,4,0,2315,1,0,3,0
11307,56,110253,1478.266056,0.1185799394,0.01614506575,7,9.934816054,10.42383609,58,10,9,4,4105,1,0,3,3
11308,39,31408,1845.516264,0.2624247906,0.01553769815,39,8.102840477,1.725407218,77,14,0,6,1958,1,0,2,0
11309,66,55607,2596.310661,0.2362981472,0.1891284235,45,4.098843298,1.130540777,30,14,0,5,3352,1,1,4,3
11310,34,81684,2523.634115,0.05214516118,0.1894626084,19,2.404905663,8.763621506,20,3,5,3,3391,1,0,1,0
11311,51,56281,3177.397882,0.1844975619,0.05014364459,13,4.854515987,3.348214297,16,15,0,0,4677,1,0,3,0
11312,23,47326,5798.745893,0.2107420385,0.03801847501,32,4.818424873,14.76934894,52,9,3,6,282,1,0,4,2
11313,63,33601,378.9088519,0.1747598981,0.01344656844,2,6.267462142,0.7362658322,50,1,1,3,3171,0,1,0,1
11314,23,144594,3884.498691,0.1590722311,0.0539388027,14,1.594592965,11.35362737,23,11,8,3,1286,1,1,0,1
11315,51,21135,2539.212766,0.07608029175,0.07352677382,26,4.48472369,1.115429081,39,7,0,4,1388,1,1,1,0
11316,18,42741,6105.635496,0.07841298488,0.05583610039,18,8.693147589,9.357651481,97,16,2,6,2501,1,0,3,1
11317,27,31913,9853.176377,0.2327223602,0.1615029867,0,6.792601299,6.59063321,46,4,6,8,464,1,1,0,2
11318,38,30101,5224.780661,0.01542003781,0.1523917949,34,4.912275473,9.675936513,19,18,0,3,2502,1,1,4,0
11319,22,38631,4314.283867,0.2358839182,0.02539268749,32,3.79224875,11.54839667,15,10,0,0,4464,1,1,4,1
11320,19,92084,3745.611097,0.1627716336,0.1424911055,16,3.518021755,0.9814060345,57,16,5,2,4110,1,1,0,1
11321,39,122820,7870.997267,0.2815045692,0.1089111728,12,7.73576854,8.058278272,48,5,5,6,1962,1,1,3,3
11322,65,56870,812.6112233,0.2992232488,0.03511156021,47,4.858111086,14.16392674,41,11,3,9,2161,1,1,1,1
11323,19,68985,9601.728093,0.2024105239,0.1505117318,11,3.216036403,3.657857031,11,6,9,9,2910,1,0,3,1
11324,27,136236,4237.387071,0.1295545864,0.02634865738,38,8.314494252,1.623290998,40,15,2,6,3530,1,1,2,3
11325,51,47215,3205.637186,0.1477749135,0.0436586265,25,3.390467738,11.67899262,57,2,9,1,2176,1,1,0,0
11326,33,149309,9743.274352,0.06922247402,0.0383530315,26,1.579955543,11.25090596,59,11,0,5,1834,1,1,2,0
11327,65,82110,9365.200746,0.03877795396,0.1884163468,23,5.932835369,6.157240301,23,7,7,2,4566,1,1,0,2
11328,68,141220,6455.147984,0.1778413841,0.1426496406,16,3.511471583,12.53858451,12,2,7,9,4158,1,1,1,3
11329,56,122815,283.223011,0.2435935784,0.08814432654,10,1.043951774,8.386565813,33,14,6,6,3068,1,0,3,0
11330,39,39215,7510.496264,0.08591229014,0.1662187887,21,5.514030362,7.392724322,60,5,3,0,796,1,0,3,1
11331,29,111118,3422.01826,0.131699315,0.05103228781,7,9.050896497,12.41690133,26,7,1,1,4733,1,1,0,1
11332,41,34024,3943.974285,0.1708843619,0.186907723,41,6.79720626,1.92302889,84,11,6,5,347,1,1,4,1
11333,64,96949,1671.547077,0.2732903678,0.142429491,47,1.163388981,3.746547976,66,12,7,8,3961,1,0,2,2
11334,57,101855,5282.23503,0.05020305602,0.1163203218,31,4.408898431,6.939966702,13,16,4,1,3123,1,0,3,0
11335,55,104982,7471.070702,0.07869611893,0.1609832053,28,3.22336965,1.738779602,40,16,8,3,747,1,1,3,3
11336,27,65483,2802.810069,0.276373831,0.1325083865,41,7.033982683,14.94013809,56,13,9,4,3248,1,1,0,0
11337,52,126279,9393.45579,0.02146532201,0.1785507623,31,5.112188277,5.046199511,29,15,7,1,3990,1,1,4,3
11338,68,137740,2027.894874,0.2002735339,0.1675390054,39,2.554603107,14.24229601,44,10,3,7,209,1,1,2,3
11339,66,117572,755.9971719,0.1954625061,0.04758779596,4,5.106590965,7.379548338,73,5,9,2,2771,1,1,4,0
11340,49,98157,6479.202346,0.1211437858,0.0555361221,48,9.38254791,13.9055191,0,9,8,3,4257,1,1,4,1
11341,24,30511,8508.255446,0.1457677569,0.02236850862,12,4.697185791,6.87978145,91,6,0,8,466,1,1,0,1
11342,38,141898,9536.015307,0.2579262059,0.05183779426,24,8.832980556,12.31350694,82,8,8,9,4079,1,1,4,3
11343,37,39923,7694.993004,0.05784479837,0.07526288434,41,5.27896066,11.39092979,93,9,0,4,3792,1,1,2,1
11344,43,30558,2076.535114,0.0771545687,0.01547719748,9,7.818844718,14.22998159,83,11,4,2,951,1,1,1,2
11345,21,117771,9778.84573,0.1585816193,0.06984288378,25,8.072643849,9.743047338,51,18,4,6,2417,1,1,1,2
11346,63,20526,9202.415173,0.1288261727,0.1565937099,25,7.846706867,3.792733057,19,11,7,0,4442,1,0,2,3
11347,69,137495,1715.357485,0.1765680243,0.1696622436,20,6.746485684,8.357573531,22,18,4,2,2688,1,0,0,1
11348,39,144075,5631.979686,0.277043364,0.0116859251,22,9.572394551,2.615183429,94,14,7,3,4080,1,0,3,3
11349,32,21753,5599.622517,0.2759595851,0.01135793727,43,9.357200672,5.355616009,95,19,0,7,3167,1,0,0,2
11350,57,46248,4481.094303,0.07670531852,0.03779835057,11,3.725053562,11.94322509,89,5,9,5,1619,1,0,2,2
11351,38,34656,9844.38517,0.09762193773,0.1757896415,38,7.251950617,0.7025349239,77,14,2,2,4675,1,0,4,2
11352,32,43266,690.2601481,0.05699991758,0.09916282972,42,6.983110674,9.502530368,5,19,6,8,4263,1,0,1,0
11353,39,84555,6309.368194,0.2790592077,0.1967513945,24,2.802349462,10.54830192,32,15,5,7,3996,1,1,4,2
11354,69,82995,2132.505865,0.1253805978,0.1785929785,11,3.385612832,13.54696743,7,1,4,9,2436,1,1,0,1
11355,45,95756,5320.578927,0.140414492,0.1791243416,35,3.796785976,11.46875717,62,17,6,0,1944,1,0,2,0
11356,31,103574,7819.433641,0.2427658264,0.03441052207,31,3.984277216,6.340926408,3,4,4,4,1915,1,1,1,2
11357,44,98277,2542.595351,0.1587623071,0.1002935764,17,8.689264345,11.60088107,12,7,6,0,2508,1,1,2,1
11358,58,90377,3994.25951,0.04472908984,0.1987822135,41,7.816178691,9.569441864,34,10,9,9,592,1,1,1,2
11359,57,122345,9512.603935,0.1369761257,0.03831840375,19,8.269609803,9.007887222,92,14,2,8,2205,1,1,1,1
11360,45,116111,7638.659303,0.1928519726,0.1191043562,1,9.217223922,1.569270061,88,4,5,1,2086,1,0,1,1
11361,43,85402,5769.959527,0.2185706354,0.07541319847,32,5.629078517,8.325394847,33,13,1,3,4089,1,0,0,2
11362,66,74176,2297.774139,0.1971520373,0.0836930466,45,8.518888148,13.0729052,55,9,0,0,2507,1,1,2,2
11363,19,143727,4310.523831,0.04456240858,0.1792505758,16,7.258048864,6.834338689,10,5,1,3,2583,1,0,3,0
11364,42,143747,7763.207059,0.0982599123,0.1217014881,35,5.18314047,10.7102911,37,13,3,8,1950,1,1,3,2
11365,20,61733,8223.376473,0.222733747,0.154167514,29,2.744685975,13.60419928,92,19,9,9,954,1,0,3,1
11366,25,34418,2521.601362,0.2652551564,0.1379145355,8,4.872443383,8.245450512,44,3,5,4,2238,1,0,2,3
11367,61,143422,6654.396083,0.02368406037,0.1105129812,30,2.859207122,1.77780384,85,13,4,4,4248,1,0,4,0
11368,50,57185,1040.529622,0.02224644134,0.1604251278,38,3.584494468,1.286612668,57,2,7,1,1418,0,0,2,1
11369,59,61745,329.8018438,0.1965873135,0.1944392521,20,3.551630749,12.06671113,33,17,1,9,4587,1,1,1,1
11370,69,113417,5531.871842,0.1689333847,0.1936957153,21,7.849299908,0.97419545,74,19,2,5,1673,1,1,4,3
11371,52,73787,2321.360557,0.05504832465,0.1599958802,16,5.570100341,14.98430349,91,10,1,0,1672,1,0,1,2
11372,23,100123,881.2291093,0.1690045587,0.1025926536,2,8.138285191,2.348878867,71,11,9,9,1731,1,0,1,1
11373,56,72035,7325.300298,0.2926013296,0.04100020225,31,8.896665747,11.73950007,23,15,1,0,3588,1,0,2,3
11374,69,107804,5029.948425,0.1929610639,0.0184493967,32,6.505027363,13.08189094,73,19,3,3,3087,1,0,3,3
11375,40,85984,7983.142408,0.1402509353,0.05397454399,9,4.664844895,4.943214292,78,8,1,6,2380,1,1,4,2
11376,42,72462,6673.047973,0.2499844215,0.07464901992,4,8.710949715,8.35353647,62,10,1,4,4865,1,0,0,3
11377,67,57353,7325.068905,0.07171852084,0.03467142702,3,6.107816976,14.30944423,38,8,2,2,4881,1,1,3,3
11378,60,144785,3142.869755,0.1301546649,0.05270541263,37,8.712430634,14.34974608,20,8,0,8,292,1,1,0,3
11379,36,131055,2706.430674,0.1630526886,0.02587363827,31,3.388800236,13.98662305,99,6,4,8,3812,1,0,2,3
11380,22,93644,6048.661432,0.1563165687,0.1094986247,37,6.091828717,4.486146968,35,8,3,2,2824,1,1,4,3
11381,68,139097,2080.81319,0.2770820161,0.03400045632,40,2.905734317,1.363378284,47,0,0,8,2241,0,1,2,3
11382,28,68302,8172.579945,0.0948737511,0.1511260397,19,7.285214606,1.990455271,83,3,5,2,669,1,1,0,1
11383,29,142561,5276.909673,0.02638607901,0.07320345785,8,6.282019051,2.557211486,12,5,6,5,4881,1,1,1,0
11384,27,96979,2347.20033,0.2757493893,0.1376919157,14,6.003997807,10.23933333,1,10,3,1,2215,1,1,2,2
11385,25,42435,6289.1655,0.07294962057,0.1776786927,7,6.75197184,12.13534105,26,16,2,1,2155,1,1,4,0
11386,41,77728,9455.853777,0.1199181125,0.02634314308,33,4.378626232,1.229722941,6,0,8,5,4901,1,0,2,2
11387,45,118598,912.7377932,0.1639585711,0.1979101496,29,2.727788574,13.41087687,89,13,2,4,1036,1,1,3,0
11388,58,21238,1182.517552,0.2930053365,0.132596235,9,8.257714347,11.33590368,93,16,4,4,2172,1,1,2,2
11389,53,100857,8454.007554,0.1652278481,0.02013952773,13,4.459327951,8.189143757,18,16,4,6,4055,1,1,0,3
11390,54,101610,1184.978368,0.1398455589,0.06966042407,33,9.900425189,14.85442463,39,8,6,0,30,1,1,2,0
11391,38,33049,489.8161566,0.1792551591,0.1783865783,21,5.329019618,4.345199119,20,9,0,5,4086,1,1,4,0
11392,25,77193,3544.512752,0.2915343664,0.1232843848,12,5.41012695,3.661113607,57,17,2,8,319,1,0,2,2
11393,26,55584,4720.388261,0.2472039336,0.06457224978,28,7.100365959,5.354641402,25,8,2,4,1927,1,0,2,2
11394,64,86634,5737.499923,0.05900075953,0.188693971,28,7.000634612,8.134550595,73,12,9,9,2520,1,1,4,1
11395,32,34679,5122.272302,0.2429454043,0.1595779884,6,2.624668742,6.109139847,35,10,9,9,3703,1,1,2,3
11396,65,54505,9140.52717,0.2539187273,0.1497523143,43,3.45079265,12.52776592,43,1,7,6,4052,1,1,4,3
11397,63,71341,7709.814194,0.2103012901,0.1788011528,5,3.083647574,13.47011124,63,3,2,2,1054,1,1,0,1
11398,57,121069,9839.721533,0.2005977032,0.1562581895,34,1.480646068,14.51668128,26,10,6,9,141,1,1,4,2
11399,35,70374,4816.90869,0.1378543302,0.06448028711,36,1.201700142,12.36464161,7,8,8,7,56,1,1,0,3
11400,59,66998,934.8631374,0.1960916623,0.1209383543,3,6.804923345,9.317630584,89,11,7,0,215,1,0,0,2
11401,37,96970,9559.753365,0.2238967419,0.1700343719,13,5.487323069,9.397420381,0,16,5,9,1869,1,1,4,3
11402,23,75701,140.7202997,0.04561787194,0.04436114028,5,9.051360625,3.204125791,22,1,4,6,75,0,1,2,0
11403,29,64859,7783.350537,0.08462568845,0.04097442311,16,3.706940882,4.31657776,72,13,6,5,254,1,1,3,0
11404,19,147203,409.6921046,0.0662837449,0.04020548704,48,8.08762185,14.96026206,30,19,8,9,990,1,1,4,3
11405,24,53178,7636.020487,0.2539514327,0.04690850219,23,1.928386305,4.288826712,6,8,5,5,2225,1,1,2,3
11406,33,47575,9385.595504,0.2072007515,0.02961385497,12,8.347974949,7.269666305,8,3,1,0,1936,1,0,0,3
11407,20,39329,3953.676944,0.1407257765,0.1691495138,11,9.290487434,6.086995984,70,4,7,1,166,1,0,1,1
11408,62,77254,2485.552027,0.2495561676,0.1654804619,28,6.646035553,10.47974754,91,16,3,5,3543,1,1,3,3
11409,20,123090,2340.16361,0.2178665886,0.03876010845,23,7.623641072,5.364701734,97,12,5,1,4777,1,0,2,1
11410,44,127373,4968.004677,0.2749419936,0.1440520636,33,9.890153011,10.40277441,52,13,1,3,1654,1,0,3,1
11411,67,135474,1791.781654,0.03227402887,0.1291253562,13,4.403683411,14.43162847,15,17,5,5,985,1,0,1,0
11412,60,104029,6761.943944,0.1576556406,0.06247691047,26,1.26425092,4.159606769,73,8,1,1,790,0,1,1,3
11413,57,107366,3746.688339,0.214956892,0.0532000024,4,7.143427422,5.874817967,23,9,0,5,3311,1,0,1,0
11414,55,124139,3298.783975,0.07017302417,0.0576113125,39,1.119967904,5.461539404,73,11,4,8,3982,1,1,4,0
11415,50,120290,4666.727205,0.1048666073,0.1488198155,46,6.114801397,4.855180502,45,8,3,5,728,1,1,3,1
11416,45,93662,5471.616274,0.1315031129,0.0706702426,8,6.377301398,4.419130586,28,11,3,9,1935,1,1,4,2
11417,18,127374,1505.109596,0.2403544293,0.06281226275,15,6.260506403,9.635618881,88,9,0,6,3099,1,1,1,1
11418,25,60068,7106.857302,0.1531370983,0.01427140898,12,2.493270121,8.447593602,29,5,8,2,4283,1,0,2,0
11419,54,78951,8841.176289,0.1529323095,0.1825649338,14,1.690084739,7.875666527,50,8,7,3,2971,1,1,1,1
11420,49,107629,2852.07047,0.1349574094,0.1530137875,35,9.169693186,12.10851847,82,19,0,3,4503,1,1,4,1
11421,65,133852,1885.869928,0.0762908359,0.0998288984,24,5.874412056,2.624688183,30,13,4,0,4965,1,1,1,1
11422,60,55171,7629.003695,0.2776907453,0.1891561149,15,3.90775675,2.961017457,29,13,8,8,662,1,1,1,3
11423,54,28262,1917.063065,0.102162325,0.06577112024,43,7.945707635,7.939385445,33,12,0,8,465,1,1,4,1
11424,21,63270,508.4260876,0.1745650416,0.1381939582,43,9.294888519,5.62904373,91,3,9,6,3929,1,0,4,0
11425,47,40785,6230.507882,0.0531461233,0.06797857176,30,4.637946572,3.019939094,18,6,9,1,956,1,0,2,1
11426,23,59469,2473.539021,0.1359305837,0.06976876085,46,1.884746938,10.5141736,74,4,2,2,3942,1,1,4,3
11427,63,88831,1800.923048,0.2721030197,0.1704947417,36,7.233549782,7.693088008,27,3,3,6,2650,1,0,2,0
11428,36,101223,9817.867143,0.2986849192,0.1595341712,32,9.167748753,3.432454373,5,17,1,0,2860,1,0,0,1
11429,49,143641,2989.463336,0.1149080385,0.06588041182,19,9.823663589,4.333876657,16,1,8,2,1243,1,1,0,0
11430,26,65643,9044.088573,0.05465725843,0.02546400798,25,8.321877039,10.98426357,90,19,0,3,1431,1,0,4,3
11431,29,87657,1864.365782,0.1011909428,0.07794098652,34,3.413950173,5.248361722,35,9,3,4,3411,1,0,1,2
11432,28,23582,8207.873607,0.1049001128,0.1544109317,39,4.223982144,3.465518114,0,7,9,6,1953,1,1,3,3
11433,63,132781,5069.986843,0.1969075503,0.02910342863,6,2.230657383,14.50121536,15,19,2,8,2352,1,1,1,3
11434,33,50280,878.0882142,0.1538854501,0.1376991643,44,7.414710178,1.77664797,67,8,9,1,3342,1,0,4,0
11435,18,138885,7362.692407,0.2328533212,0.1790550194,41,2.523289619,2.630253491,46,2,8,5,1036,1,1,2,0
11436,62,62589,8931.52638,0.2133779525,0.04405315956,30,4.887694819,10.90053895,22,17,2,1,28,1,1,1,2
11437,38,124004,1713.868204,0.08287952994,0.1738188216,16,5.785800364,6.672813632,95,19,6,9,1835,1,1,0,2
11438,47,60000,7283.343399,0.2374341501,0.01975913767,42,4.44279447,11.4175039,66,12,1,1,4494,1,0,4,2
11439,30,122592,4506.019939,0.2557639414,0.136707249,7,2.34726432,8.515281947,61,10,7,9,2075,1,0,1,3
11440,51,117208,7563.317487,0.183533155,0.1602973949,22,3.608384004,1.083124649,84,19,1,4,4944,1,1,1,3
11441,21,21085,7167.886687,0.2790236357,0.09450556236,46,6.694885312,10.42014508,87,9,9,4,832,1,0,2,2
11442,45,101427,363.3422816,0.2370549556,0.04870845201,43,7.541412928,12.18356879,14,12,8,0,4345,1,1,2,2
11443,55,35600,1869.338256,0.182664813,0.1856986048,17,6.531725028,8.513785623,74,2,8,7,3819,1,1,2,2
11444,48,117994,4763.169705,0.2727881392,0.01379408503,41,9.691768034,4.959609746,66,2,8,7,3411,1,1,3,1
11445,44,79801,9342.582302,0.1841039593,0.1154635336,11,6.522672329,0.7250667622,82,19,5,0,4154,1,1,4,1
11446,22,81739,3486.527222,0.1611454269,0.08084138765,29,3.028055804,13.64689515,42,19,6,5,3441,1,1,4,2
11447,42,146146,6325.847356,0.1133149187,0.09760086714,35,5.419476248,10.75120613,7,16,3,8,4706,1,0,0,3
11448,20,94181,219.6290806,0.2660303659,0.1119473607,14,8.526064387,1.149554766,97,11,1,4,1293,1,0,0,0
11449,50,137309,7140.156523,0.04559087955,0.1116022382,17,3.932214622,12.68858133,97,12,2,6,1058,1,1,4,3
11450,21,127114,6070.375801,0.1473157871,0.04868849611,24,7.633276881,1.269386696,43,15,2,5,514,1,0,1,0
11451,42,61596,7182.407991,0.1658498662,0.1391434414,12,8.066727372,10.8164037,25,18,0,0,1520,1,1,4,2
11452,37,137036,9056.140069,0.170877241,0.01363817533,23,9.405687009,10.56397422,66,6,2,2,2532,1,1,3,1
11453,51,90410,1550.339438,0.1990480508,0.0140249779,16,4.610578485,13.78414761,31,6,3,6,326,1,1,0,1
11454,43,99303,2689.737,0.156680731,0.1009125948,0,3.334818176,2.898730558,63,16,3,7,4952,1,1,0,0
11455,22,72188,9958.230832,0.08447726282,0.1129615473,36,5.571534311,8.725433126,42,14,2,6,4701,1,1,0,2
11456,52,46825,1647.211189,0.2585138749,0.06222900152,48,9.943149767,8.398206065,73,3,9,0,3676,1,0,4,1
11457,45,30913,7234.207365,0.2006823451,0.1148183514,26,9.119169738,1.007198667,73,12,3,2,3088,1,1,0,2
11458,46,101751,7278.251514,0.258874466,0.1080607543,19,3.555595573,9.755462638,61,16,3,1,3220,1,0,0,2
11459,26,104269,6861.638088,0.09005261238,0.07635190541,17,2.770441619,4.183425535,10,0,2,3,2959,0,1,4,0
11460,69,34332,2351.661834,0.1947464995,0.1338371809,8,5.292621576,5.321127721,77,7,4,2,4856,1,0,1,2
11461,55,74895,2229.827226,0.2171103861,0.1920080711,9,2.491970609,3.999631873,94,17,2,8,920,0,1,0,2
11462,67,24432,6696.776574,0.1211874965,0.1032525119,24,7.822281705,1.310886315,8,15,7,5,732,1,0,0,0
11463,23,108095,1943.876826,0.2455507943,0.1593496443,48,1.329513404,2.916107936,47,15,2,5,4486,1,0,0,1
11464,36,46570,6649.476984,0.0107275447,0.05704334708,0,3.022531693,3.505966753,5,8,9,5,2435,1,1,3,3
11465,61,125569,4976.029992,0.1825267276,0.1547706128,35,1.163987268,8.871220694,53,16,2,8,1595,1,1,4,2
11466,28,26103,3927.62579,0.1879348564,0.1332921314,17,3.040644284,2.456866015,61,8,7,8,3838,1,0,0,0
11467,19,148758,3072.300259,0.164814497,0.1315425782,46,1.470810262,13.85035148,53,16,0,8,1596,1,0,3,1
11468,64,129316,9481.01164,0.1927140612,0.1796767147,14,7.061970907,3.860905351,98,9,3,3,197,1,1,1,2
11469,61,142046,5130.127212,0.05849578854,0.05433654844,32,6.13246444,9.950297599,97,14,2,5,798,1,1,1,3
11470,61,35900,5656.394429,0.2085866297,0.08000552225,21,2.925224899,2.784930781,55,7,0,8,968,1,0,3,1
11471,26,78415,9497.635238,0.1073787992,0.02578281683,23,2.845694653,12.02942411,81,16,0,5,1763,1,1,1,0
11472,38,87567,6573.385449,0.1410955853,0.1479627956,0,3.620741574,1.536934487,86,7,6,7,4382,1,0,2,2
11473,41,82713,9582.743985,0.1066017156,0.1703347842,10,8.183916281,11.19510311,29,16,3,7,2010,1,1,1,0
11474,51,103169,1153.030731,0.147441499,0.08710836569,42,2.354529414,6.200898821,2,12,4,4,2933,1,0,2,3
11475,39,78639,8481.732355,0.1902550757,0.07779709551,25,2.095307348,7.250029917,60,7,1,2,3543,1,1,3,3
11476,20,108728,3420.604817,0.2531196066,0.1351438526,25,5.572453014,5.811628088,14,1,2,5,3906,1,0,2,0
11477,29,105476,8123.826498,0.1501961667,0.02436218755,5,8.784551205,6.329687989,2,14,0,4,4856,1,1,1,2
11478,45,126823,8570.80258,0.10373491,0.06582996027,32,3.01699904,0.5772154891,14,5,3,2,1800,1,0,0,0
11479,47,28988,2787.730073,0.1515031449,0.07958043172,13,1.956306624,0.8791655052,66,7,7,5,4468,1,0,2,1
11480,43,123603,4147.423104,0.2097530626,0.108532154,23,5.425197059,12.01207535,28,2,2,3,300,1,0,1,0
11481,65,145741,7287.542108,0.1105432079,0.1005481517,37,7.589393937,3.595532742,30,15,0,5,2838,1,1,0,3
11482,38,98488,1080.650746,0.1301418017,0.04964928033,48,6.564901043,9.305811856,70,1,3,6,561,1,1,3,2
11483,45,112905,7579.78199,0.1732235469,0.112749696,40,4.763490989,9.973218533,70,9,8,0,702,1,1,3,2
11484,43,121398,1193.681968,0.09526268651,0.1859150513,16,1.363582502,10.62072725,54,2,9,5,1490,1,1,4,3
11485,50,22977,9153.111749,0.07063455127,0.01514669916,13,3.705339602,9.161454711,74,10,7,7,189,1,1,3,3
11486,38,135650,2835.759004,0.05071376232,0.1392582488,18,9.27326281,9.617408913,91,14,9,9,4107,1,1,4,1
11487,52,124029,5798.433534,0.1122568951,0.1286947152,7,3.005762148,8.931818446,99,1,2,2,2309,1,0,3,3
11488,69,74641,1259.819651,0.02401944287,0.1856411214,22,6.525591793,13.9585906,42,8,3,1,1055,1,1,3,3
11489,51,21268,2767.982231,0.1792099327,0.1326155387,43,9.166984623,10.13648562,24,18,4,6,3207,1,0,3,3
11490,58,134465,4099.154931,0.06101371614,0.1287201154,1,5.392985241,5.617556949,80,16,6,9,1954,1,1,4,2
11491,68,74431,4921.783879,0.1194444898,0.1562630754,2,5.016509796,5.671227542,54,0,0,3,2011,1,1,4,3
11492,64,36756,100.6682267,0.08807461647,0.06088313028,12,2.269575548,1.654298122,49,7,2,6,3605,0,1,2,0
11493,35,40764,8897.692048,0.1928130902,0.1231891299,4,9.825504751,14.88088653,37,0,0,8,813,1,1,1,0
11494,28,79912,175.9806146,0.2566002418,0.1086900108,17,2.59002649,13.4161015,59,10,2,7,2602,1,1,1,2
11495,40,60385,7759.477174,0.1936573025,0.09330977626,0,5.333119812,1.124499042,84,15,5,1,1218,1,1,1,1
11496,65,35032,4758.731232,0.1673264293,0.0251025618,36,2.541964689,12.99579481,51,6,8,9,4593,1,0,3,1
11497,39,115014,5286.412247,0.2040342844,0.06559948302,20,4.135451373,2.507150007,83,14,5,5,4050,1,0,1,2
11498,34,65702,2161.828245,0.01869728495,0.06319652566,43,8.956079332,3.966209674,73,6,7,2,1219,1,1,4,0
11499,22,31885,6112.946668,0.04562495168,0.1476076819,18,6.789886459,10.37139056,69,5,3,1,2379,1,1,2,2
11500,61,29796,5418.595901,0.03752889843,0.1849246657,37,1.088598234,11.08810968,75,3,4,9,3425,1,0,0,3
11501,28,124583,1725.940426,0.03847717807,0.05384957235,33,9.700862226,7.833371206,80,3,7,2,2010,1,0,2,2
11502,47,52863,2457.378113,0.08554027741,0.02417854839,1,8.055167451,14.53228118,44,9,0,6,4808,0,0,1,1
11503,32,101014,762.3459272,0.1642951555,0.1999918213,19,9.977823848,7.599417225,96,18,7,5,2296,1,0,1,0
11504,44,52117,756.2073637,0.04325765781,0.1413290127,30,7.865800338,4.246224088,99,9,1,8,1239,1,1,4,1
11505,52,40753,236.3802809,0.2811837099,0.1784294609,12,7.88368292,0.6313684396,18,11,5,2,405,1,1,2,1
11506,50,40325,2282.695822,0.2577344728,0.03733708901,13,7.294409201,13.07586158,4,19,3,2,2532,1,1,4,0
11507,37,27021,6828.646151,0.2917768626,0.1621459278,37,4.809214899,6.231988526,41,8,9,7,1121,1,1,4,3
11508,33,100721,3230.532343,0.02232501308,0.1645315117,11,3.83450721,11.846796,92,6,9,2,372,1,1,0,0
11509,51,144080,3493.069272,0.2569067097,0.03878289594,12,5.726683883,11.7208794,29,0,3,3,1382,1,0,4,0
11510,19,73096,1405.863393,0.2430828819,0.04066679422,23,2.604138121,1.131717431,64,19,4,9,4241,1,0,4,2
11511,52,91404,5797.15961,0.2716107007,0.06613573106,39,7.501880322,12.41282232,75,5,0,9,4833,1,1,0,0
11512,57,33071,3487.222051,0.1631038086,0.05118961505,30,9.975872171,4.692643229,78,15,3,7,4485,1,0,3,2
11513,45,140084,6795.536354,0.2384878305,0.1953278825,13,6.408410522,12.69784717,4,15,7,2,3904,1,1,3,1
11514,64,84649,7440.448742,0.02487319501,0.07895932839,49,8.708117739,7.63649305,37,1,8,6,338,1,0,0,0
11515,56,28041,5888.459465,0.03200455895,0.1546482182,29,2.550958912,9.078068751,10,2,1,4,2705,1,0,4,3
11516,23,102051,2833.088414,0.04437434988,0.1629596527,26,8.42563405,1.969873356,83,18,5,8,4325,1,0,1,2
11517,26,129611,5135.217213,0.2752887704,0.08332876856,35,9.166900644,5.999690079,28,5,4,0,3504,1,1,2,2
11518,37,60058,2594.114966,0.02773911132,0.1396912553,5,8.549808064,14.5779664,13,9,7,3,899,1,0,1,3
11519,18,68263,9038.83707,0.03904336274,0.03048202677,5,6.645335822,13.92541178,89,7,7,2,1117,1,1,1,2
11520,25,111502,7687.218926,0.2798190168,0.08542278978,14,9.337420496,14.9159193,97,0,7,8,3699,1,0,4,2
11521,40,124820,4980.758469,0.04114384873,0.1937890254,23,9.653203029,7.898126769,73,2,9,6,1431,1,1,2,3
11522,20,127645,9658.025717,0.2622293266,0.04202082424,12,8.338272812,12.36497645,90,0,0,4,1482,1,1,2,1
11523,21,64470,5512.878923,0.2388885285,0.08328514789,6,5.924031717,7.098211144,88,7,9,9,4575,1,1,3,0
11524,42,107826,3352.501222,0.02168177667,0.1601990869,44,8.517691745,14.15031878,9,6,3,0,2442,1,1,0,0
11525,64,116238,1045.126278,0.0163357451,0.1364304184,20,4.34746635,14.79686226,38,10,1,7,4924,1,0,4,0
11526,55,48223,5483.081884,0.1649726312,0.1299885343,37,4.119322813,13.22799655,59,9,3,0,734,1,0,2,0
11527,32,53575,8618.124455,0.2991808671,0.1721189173,37,4.131166974,9.506867336,95,19,5,0,3986,1,1,4,0
11528,38,65799,8680.515409,0.2648607464,0.01552783017,13,2.792964122,14.83983207,97,10,3,2,1542,1,0,3,0
11529,52,134738,6085.21396,0.09990737568,0.15652123,2,6.606503771,14.76426943,22,19,4,0,1980,1,0,1,2
11530,63,129704,3995.039796,0.1220296779,0.1776843175,42,6.953303375,7.388646474,96,16,2,2,4931,1,1,2,0
11531,69,41661,6537.93345,0.1224927389,0.01307315072,44,8.736756563,4.904685496,95,13,1,4,4562,1,1,3,2
11532,31,101975,7645.18951,0.2229118566,0.1162029607,34,7.25059671,3.217600797,21,3,6,1,1738,1,1,4,3
11533,53,56432,4175.085366,0.1089284983,0.07623181219,11,8.019434279,10.31668004,85,0,5,4,2539,1,1,3,1
11534,29,119047,4814.916275,0.0528611478,0.01964491467,20,7.199489047,1.004565929,86,4,2,9,1981,0,1,3,2
11535,34,51147,6838.101443,0.2266611485,0.08937214267,19,7.273409568,11.57550351,82,1,9,5,4194,1,1,3,1
11536,56,49114,8778.8608,0.1428245293,0.1323657268,26,4.064935955,1.244146317,22,9,8,4,707,1,1,3,3
11537,26,26030,7931.002744,0.03226582987,0.18461259,4,9.692962972,4.347893176,21,17,5,7,849,1,0,3,0
11538,52,110051,321.6745563,0.2391151579,0.1279007924,44,6.749117762,7.720960668,61,8,4,5,2126,1,0,3,1
11539,30,67429,1331.286203,0.1797402665,0.1727811855,10,6.284228706,1.912777504,93,17,7,3,2038,1,1,0,1
11540,32,67743,8542.503985,0.1519171043,0.03309858627,48,8.624950415,1.026316205,18,4,1,1,4498,0,1,4,3
11541,35,115869,8354.845998,0.2052695185,0.04999902183,41,4.78860444,7.457134185,21,11,5,7,2913,1,1,1,3
11542,68,145756,3949.187153,0.156556628,0.1943556442,43,1.866272462,13.35796543,0,15,5,8,1784,1,1,4,3
11543,50,85615,5884.351431,0.1980418429,0.1786061311,5,3.160923166,6.420559168,33,1,6,7,478,1,1,2,2
11544,23,67577,9067.865326,0.2615716782,0.05469312107,4,8.272825219,3.404050491,25,1,2,9,3409,1,0,2,2
11545,44,114584,9124.430942,0.1879191668,0.1279850375,21,7.586329458,6.421084876,3,15,5,8,463,1,0,4,1
11546,40,130436,7852.619173,0.2012841444,0.07890022412,0,2.054699059,10.97819991,47,3,2,0,1882,0,1,3,3
11547,44,22966,2174.93049,0.1880182601,0.09903371666,19,1.626874512,1.099758259,44,2,7,4,4114,1,1,0,1
11548,51,149356,7329.799793,0.1640421355,0.1735668483,23,6.597155747,0.945809009,11,19,4,2,1779,1,0,1,0
11549,63,133838,1100.87448,0.05987199918,0.1497853959,19,9.447834251,7.210338428,91,1,5,3,2198,1,0,3,3
11550,55,23728,8949.990749,0.1073465166,0.05530408673,46,2.574286153,10.31206639,36,1,8,4,4841,1,0,4,2
11551,31,57304,1576.573155,0.2110016005,0.07003868419,47,5.941199436,9.399478914,2,19,8,9,4419,1,1,4,3
11552,53,69277,6657.251537,0.1333880709,0.06504498737,28,8.307706991,9.748408459,27,11,4,0,974,1,1,0,1
11553,25,124117,6141.408415,0.1277774135,0.1583259279,41,5.75823385,2.902909872,92,12,9,1,2904,1,1,0,2
11554,52,110330,7791.306593,0.2301880924,0.1031168,23,4.160137645,8.311661966,83,18,6,7,1197,1,0,4,0
11555,36,20947,5560.617273,0.01161496958,0.1906376183,7,8.115157994,5.979879659,1,0,5,9,589,1,1,3,0
11556,47,98101,689.7090962,0.2069083993,0.1651705637,33,7.941033536,2.102182859,55,6,9,5,395,1,1,3,1
11557,31,101380,7087.877915,0.151875688,0.05012694186,21,8.47436853,2.356908612,64,18,3,8,120,1,1,3,3
11558,37,86130,3893.230132,0.1192611486,0.1593291311,38,9.505916929,9.857479516,45,12,0,1,2675,1,0,1,0
11559,66,41414,3270.821512,0.1087556174,0.106155076,32,2.355680025,14.37969924,99,3,3,5,1301,1,1,1,1
11560,42,116226,9917.56814,0.06013389364,0.05820492397,29,4.067027338,2.041346323,43,15,1,8,1088,1,1,3,2
11561,57,102060,5944.957683,0.106933104,0.07903303114,5,9.873885827,7.67591128,17,17,7,0,3868,1,0,4,2
11562,41,113005,7136.118825,0.1235113569,0.1947039622,12,6.350826296,4.094933202,72,14,1,9,2258,1,0,0,1
11563,31,39439,5310.628756,0.1368601866,0.1019526741,43,7.031169429,4.583319354,36,10,8,9,3541,1,1,2,3
11564,43,111742,7722.729195,0.2049671852,0.1467251114,18,8.956857295,3.754586867,53,4,9,7,4837,1,1,0,3
11565,55,78220,7545.520081,0.1415355956,0.1006462061,25,7.219396923,8.412526461,24,13,5,3,2680,1,0,0,3
11566,40,66785,6605.746545,0.2409224482,0.08059588203,16,7.149102751,1.322338166,82,10,4,4,1388,1,0,2,3
11567,39,56973,9977.656308,0.1955240192,0.1613198035,36,1.940526921,11.26621217,61,17,8,4,3853,1,0,3,1
11568,65,107091,4651.955987,0.06498315305,0.1711816268,26,5.561568329,9.297584325,24,7,1,3,4672,1,1,0,1
11569,36,93318,7091.304248,0.0903802201,0.02365894148,23,7.058740909,6.080049232,51,8,0,2,3713,1,1,2,2
11570,63,88196,7998.001832,0.03298226407,0.06300574194,46,8.265625654,3.65882894,62,11,8,2,3452,1,1,4,2
11571,68,134317,3822.743625,0.2842593089,0.106495499,13,4.71914287,8.276630158,14,17,9,4,836,1,1,4,3
11572,20,125160,4626.032773,0.2670996396,0.07013457201,2,2.111815479,14.34971511,45,10,3,0,2126,1,0,4,0
11573,59,26089,9694.755937,0.03459090538,0.1588807709,4,4.292430627,10.76753908,55,4,1,3,4817,1,1,3,0
11574,36,146270,419.6810696,0.1764820446,0.03179933854,13,4.867618163,4.550656748,25,8,5,8,2171,1,1,0,2
11575,26,90854,3419.426974,0.2885165275,0.1615816744,7,7.759080617,11.27230868,63,7,0,1,3627,1,0,0,2
11576,45,82235,4913.508327,0.2266714091,0.1273984193,42,1.178028115,7.808593097,19,17,3,0,709,1,1,1,1
11577,37,112141,114.5034314,0.1526255363,0.06497986652,24,4.472180408,1.196255768,66,16,3,8,736,1,1,4,2
11578,62,49400,9001.3583,0.07991986678,0.0754463908,14,5.030952546,9.454273606,24,12,9,9,3642,1,1,3,2
11579,24,35405,2933.819562,0.09092075177,0.04475083947,44,5.951040362,3.891472427,20,5,6,6,2073,0,0,2,3
11580,31,137240,2651.277838,0.2235090069,0.05798894606,36,9.72999544,6.440053492,33,6,2,4,1660,1,1,3,0
11581,26,72763,8221.229334,0.2363668292,0.1462810851,44,7.665418561,7.437780127,87,1,7,7,1017,1,1,0,0
11582,36,50209,2852.033962,0.1633210641,0.0814179867,2,3.001863355,12.08996424,24,1,1,7,3994,1,0,4,1
11583,64,93598,6610.46368,0.04507512344,0.1406219864,44,6.702960787,8.910992136,64,11,3,4,2702,1,0,1,0
11584,69,37424,8232.881125,0.2808218284,0.1076804328,10,4.115152464,5.431398014,28,1,7,1,1130,1,0,3,3
11585,31,126810,7945.520792,0.254981193,0.03760657243,8,8.302731166,10.03010467,31,0,3,2,2336,1,1,1,3
11586,55,109523,7841.312301,0.05075624592,0.1048234231,3,2.539627536,3.285378651,0,1,4,1,2767,0,1,0,1
11587,53,129955,977.5119417,0.02645099925,0.1537292707,48,2.30052779,12.43049423,34,4,9,5,4042,1,0,2,2
11588,57,40556,890.484979,0.165401628,0.0665583459,14,1.912544905,3.420739215,55,10,7,1,3778,1,0,3,2
11589,34,113137,3137.023354,0.09240135914,0.1331355163,26,5.896942155,8.598711515,15,13,7,2,4179,1,0,0,3
11590,47,39330,455.8840238,0.09214241573,0.04781620436,30,2.109295614,3.474358086,31,7,4,3,2687,0,1,4,1
11591,26,101266,5054.254392,0.0352942619,0.035782802,49,1.375782441,5.220663891,78,16,5,1,4247,1,1,3,3
11592,50,23236,4008.342456,0.2864818922,0.07844296482,15,3.992104368,6.626082796,4,12,8,0,2709,1,1,1,0
11593,69,89216,5614.556534,0.2507482733,0.0839486828,31,8.183499248,5.827583291,9,7,1,6,1600,1,1,3,0
11594,42,50312,3058.006533,0.04301203164,0.1545918298,33,2.404664292,14.04106492,85,14,2,0,542,0,1,0,3
11595,31,133687,4908.96463,0.2642136426,0.09741496274,5,4.221012387,3.740615824,71,6,8,9,2612,1,0,0,2
11596,28,41191,3413.973182,0.2080572562,0.02543463011,43,4.92164231,3.112172622,78,14,2,6,551,0,0,1,0
11597,52,129602,2032.560113,0.1043779282,0.1304599047,4,8.883731281,8.004276943,19,8,4,4,1636,1,1,0,1
11598,58,103457,6528.730143,0.2626626608,0.09915811937,23,5.287270246,14.2592819,88,13,2,1,3367,1,0,3,2
11599,31,56640,6767.015425,0.1834264345,0.07301220811,48,5.607598714,7.798267693,11,14,9,8,3683,1,0,1,0
11600,47,120171,8309.393758,0.2561142549,0.1624215736,18,3.291622803,14.41092992,89,10,3,5,2348,1,1,0,3
11601,58,82293,8760.042653,0.1460876981,0.03933311014,29,7.016886776,3.260153355,67,3,2,6,3196,1,1,0,2
11602,21,134124,7074.172853,0.1551888016,0.1835103454,11,1.230961559,0.6487175059,62,13,9,8,4563,1,0,3,2
11603,21,135849,6906.231058,0.09439290853,0.07347168316,4,9.679959104,4.892705468,25,14,3,7,2672,1,0,0,0
11604,45,56688,661.0890868,0.1224308807,0.09757887452,27,5.48308255,9.753878444,59,3,0,7,575,1,0,3,1
11605,25,91229,1186.81449,0.1746481,0.1865542692,38,1.556319268,9.084725143,73,13,7,2,3363,1,1,4,0
11606,19,105802,8144.370833,0.2846471749,0.154635568,33,6.032534015,4.005004739,60,3,9,7,4352,1,0,3,0
11607,58,129252,2406.21749,0.1840341504,0.02411746242,11,5.625839513,10.09282519,14,8,6,3,893,1,0,2,0
11608,63,112024,3620.094096,0.05273967562,0.1198764032,22,3.166322407,12.5385861,4,0,5,6,4783,1,1,0,0
11609,39,44122,1538.443801,0.01202889379,0.06896894562,4,2.879286511,10.46434736,31,7,6,5,1641,1,0,4,0
11610,58,61224,2032.004489,0.2567864781,0.1066127675,39,3.436892492,11.05393455,95,14,7,0,839,1,0,1,3
11611,33,114540,7776.63063,0.1156543728,0.1511641179,36,2.167588087,4.960298409,21,5,0,3,491,0,0,2,0
11612,46,26331,2692.410233,0.1013401225,0.1042728536,15,5.782801615,8.173520498,21,0,6,8,1174,1,0,1,1
11613,66,107102,4545.446166,0.2422120257,0.02349415662,8,8.910423763,1.119227048,11,5,8,8,3315,1,0,2,2
11614,65,131411,1601.546593,0.2841556467,0.1106962985,32,9.30814831,5.706679411,63,19,3,6,4210,1,0,4,3
11615,47,62262,6811.506073,0.2269330756,0.01458463665,36,9.576883559,12.3279799,74,13,1,2,340,1,1,4,1
11616,29,132157,7309.870368,0.06041572074,0.0761977779,32,6.40336775,11.95658907,87,7,0,2,3776,1,0,4,0
11617,52,127690,3680.753947,0.1234997051,0.1008257994,48,6.593941506,14.14160057,79,6,7,7,147,1,1,2,1
11618,28,136214,7868.991797,0.2302255802,0.132487977,0,3.794650797,14.54706673,15,15,8,8,1210,1,1,3,2
11619,63,126435,2475.075854,0.2730084863,0.1061792896,46,8.968110142,14.6037515,64,0,2,2,4197,1,1,1,1
11620,67,130100,6949.848235,0.2995940185,0.038869894,36,5.393309861,2.78202888,50,9,7,7,1198,1,0,3,0
11621,38,106314,7326.649356,0.1583526631,0.1871213372,8,3.513777646,2.249187122,86,11,7,5,3120,1,0,3,2
11622,38,79592,9689.70804,0.2485321973,0.1335569378,17,9.691010746,13.18869293,91,8,0,4,399,1,1,0,0
11623,22,53926,2399.984485,0.02352317641,0.07022387917,37,7.348403312,6.055493923,31,9,7,6,3351,1,1,1,0
11624,65,106287,1027.733752,0.09288917743,0.1935285421,20,5.181863023,5.679158821,52,9,1,1,3164,1,1,2,3
11625,37,139318,2704.050681,0.117738887,0.1776897457,43,1.617731503,8.238247544,99,2,1,0,1291,1,0,0,2
11626,54,138201,1316.335746,0.2929019151,0.03726311685,13,2.261454523,7.045480595,2,1,3,1,3906,1,1,0,2
11627,20,144958,1779.973654,0.01098415798,0.1345315281,38,2.76829023,3.734087181,12,8,9,1,577,0,0,4,0
11628,61,37528,3407.733667,0.09932601395,0.1164131959,38,9.125566822,12.74688013,91,16,6,3,2725,1,0,2,1
11629,50,20068,4198.508393,0.2798195553,0.04663369535,5,9.744299104,13.68428499,91,4,1,1,3131,0,1,3,2
11630,26,89253,9046.869835,0.09893668816,0.05436027669,2,3.402808702,11.33884233,57,11,4,3,3934,1,0,3,1
11631,26,100754,2036.596138,0.07526936209,0.117117017,47,5.484835134,1.197045707,44,3,3,3,732,0,1,3,1
11632,21,63968,9720.413862,0.2217256683,0.07104477402,47,8.126967828,2.209789693,23,9,5,0,1491,1,1,4,2
11633,52,110938,8120.516778,0.226148279,0.1686179719,17,4.461737688,5.51716095,50,16,2,8,4803,1,1,3,1
11634,34,68623,8826.56676,0.146931586,0.02857045471,36,5.431395535,8.572298734,12,1,8,2,348,1,1,1,2
11635,51,117179,9301.495498,0.2846060663,0.1836658469,19,8.988611685,9.337961542,23,19,0,3,1737,1,1,3,3
11636,41,62129,7557.087852,0.06878505307,0.1697049843,28,2.867599484,1.94993113,4,5,7,2,307,1,1,3,2
11637,49,143863,7908.920333,0.2748905919,0.1503384618,35,9.944672171,14.42349819,80,4,5,0,4157,1,0,1,2
11638,18,133996,4434.401136,0.2290973422,0.05988777768,15,5.106755602,8.178770595,49,7,3,9,162,1,1,4,2
11639,25,114688,5153.457323,0.1167804188,0.1458419926,3,3.324726593,6.76033245,75,15,8,6,2970,1,0,0,3
11640,62,81321,9331.605725,0.2440034997,0.09336625813,44,9.032445301,3.271208674,48,2,0,7,256,1,0,2,1
11641,40,31526,3844.733524,0.04862863116,0.1304140005,13,1.688536158,14.28723051,17,8,8,0,2968,1,0,4,3
11642,64,112452,515.2760233,0.04798492303,0.06938533927,16,6.780872991,6.987239604,32,3,1,8,2198,1,1,3,1
11643,57,128511,7651.268416,0.2796817889,0.1688129922,34,1.555202878,2.207889178,57,0,5,8,4627,1,1,0,2
11644,29,111564,5774.259366,0.03748634728,0.01770945887,34,9.515733468,9.408291046,30,5,7,0,1290,1,1,2,2
11645,29,46709,8167.272027,0.01118308599,0.1413773519,48,6.757474751,5.577210561,33,17,1,7,600,1,0,2,3
11646,63,127535,847.9575394,0.1228188426,0.1674399357,44,4.581735482,12.21594735,93,3,4,3,1350,1,1,2,3
11647,64,35063,6250.196706,0.04011678259,0.1328213419,31,4.819627403,8.409252882,95,11,9,2,387,1,1,1,3
11648,32,24723,2552.288291,0.260280583,0.0464784386,9,2.486229143,2.032638448,73,13,9,6,4280,0,1,1,3
11649,58,24213,9042.359085,0.2775811189,0.06414634816,28,4.240073021,11.38377964,30,2,3,1,901,1,1,0,2
11650,36,42797,1188.108403,0.1499036457,0.107832006,11,9.134190768,4.917665847,98,18,4,2,2529,1,0,3,2
11651,43,121770,8446.3858,0.1333867446,0.07259532316,8,8.248374614,6.419538082,78,1,9,8,915,1,1,0,0
11652,69,104946,976.6870945,0.1663213903,0.01093412012,25,6.953339184,11.74684215,26,1,3,4,3697,1,1,3,3
11653,46,108918,348.4638194,0.07559644121,0.01772884136,20,9.7100396,2.043571235,58,16,2,5,4157,0,1,4,3
11654,39,65217,2427.088357,0.09641009981,0.1558760019,0,6.16093009,14.6777982,26,4,3,2,2081,1,1,2,1
11655,57,88283,3397.140955,0.03928337944,0.02590436452,35,2.586503165,10.68025162,0,0,4,2,1141,0,1,2,1
11656,38,43655,6302.634841,0.1394705264,0.1863241526,18,7.422536373,3.292609512,75,15,0,7,3165,1,1,1,2
11657,68,115884,1404.073514,0.1873905705,0.09411992472,5,6.327234801,1.342815544,67,5,3,2,2330,1,0,4,0
11658,55,97990,4429.566343,0.279764883,0.1540554613,46,4.928923626,8.395764833,22,4,8,9,4744,1,0,4,3
11659,37,32587,2122.209661,0.2243312195,0.03384587325,17,2.32283516,5.999240299,97,11,7,3,4994,1,1,3,0
11660,46,42555,8567.502883,0.2196884827,0.1860364098,36,7.098931232,0.9278204011,51,16,4,6,3105,1,1,4,0
11661,68,48071,545.1684287,0.09931969901,0.01642367767,7,4.996592543,9.333671906,56,10,2,8,4150,1,0,1,2
11662,21,40239,3623.783494,0.2676050563,0.01800606054,10,6.207700881,4.976851482,86,18,1,2,1392,0,1,3,0
11663,24,143441,6350.603392,0.284617152,0.02037129824,4,3.838620611,5.168748201,50,1,7,5,3872,1,1,0,3
11664,45,117138,9139.572963,0.2803562516,0.02964755058,20,2.401548159,2.851491148,82,15,7,2,559,1,1,3,2
11665,45,69151,8693.134885,0.02125287769,0.1024980123,39,4.239167802,2.535484733,83,18,4,2,172,1,1,0,0
11666,21,22203,8962.400795,0.1852616845,0.159772524,42,8.668943452,2.592959283,62,7,6,5,450,1,1,3,2
11667,39,33635,722.2476075,0.1965352807,0.06414008798,20,2.436093392,13.34787003,83,3,0,0,2974,1,1,2,2
11668,29,72571,8425.140288,0.09556889646,0.1516975961,19,5.241099705,8.229629413,92,5,5,0,1029,1,1,0,1
11669,62,21144,7821.134528,0.2977995331,0.1570715852,41,3.678475989,7.306677559,76,19,9,3,1194,1,1,1,2
11670,20,52699,9034.073328,0.09444436306,0.1825726927,8,9.66099014,10.71478255,27,2,8,2,1868,1,0,0,0
11671,39,104619,3184.605046,0.07281738087,0.03837686483,1,1.762061804,5.136632058,23,8,6,6,4832,0,0,0,1
11672,61,111663,9126.474552,0.1504022386,0.03575155672,48,3.208140799,12.42225469,21,18,4,6,2240,1,1,3,3
11673,19,149844,4086.146742,0.1037127401,0.03319806055,3,5.046010673,3.359335454,85,0,5,3,4604,0,1,2,3
11674,41,32213,6377.586887,0.2779685434,0.07826901572,25,3.225502991,12.13862117,39,2,6,6,1205,1,1,3,3
11675,51,36944,4299.372013,0.1376222521,0.1029884062,11,7.359334727,1.312685693,74,0,5,3,2261,1,1,3,3
11676,44,86723,4333.719462,0.1289433709,0.09770577745,18,4.337966175,2.774171743,7,14,4,7,3761,1,0,2,3
11677,58,88669,5511.706486,0.1915000177,0.05883925897,18,8.026992397,13.44349085,95,4,1,3,3708,1,1,3,0
11678,18,88947,3623.674425,0.03352325466,0.1281761288,18,5.961461025,2.080621434,87,15,2,1,1185,1,1,2,2
11679,25,54457,7948.096243,0.2294525546,0.07427198983,28,4.84141612,4.060582167,11,4,3,9,4532,1,1,1,1
11680,40,122711,6373.023481,0.2328356583,0.07955576774,38,4.28388508,1.119106505,48,18,4,3,3008,1,1,2,2
11681,55,55191,6928.582039,0.1474674921,0.03005071193,44,2.998168039,9.180635767,20,11,0,9,2596,1,1,4,2
11682,23,136057,2387.244522,0.2871524029,0.1225239537,33,3.273025538,5.251806181,66,12,9,2,2838,1,1,2,0
11683,39,149173,9698.795356,0.1780083421,0.1345032713,7,2.587417335,9.685555248,38,7,6,4,3979,1,1,2,0
11684,42,140695,6635.743368,0.2116185717,0.1540105419,5,8.665707248,1.74381814,61,16,7,3,4717,1,0,4,0
11685,35,92264,2052.239059,0.2780600371,0.1817617505,31,5.934553265,6.229027887,81,11,6,9,4883,1,1,2,1
11686,34,77924,7529.85341,0.2032401496,0.1555408466,27,5.345876611,5.889320312,57,13,4,5,2554,1,1,0,0
11687,29,53744,1819.769622,0.1352295422,0.05479129657,10,3.900259355,8.284063352,61,10,0,2,4434,1,1,3,2
11688,23,73424,727.5104734,0.01718364093,0.0547744803,27,5.651820331,4.777980827,69,0,8,2,4278,1,0,3,1
11689,43,108417,5322.778622,0.2212068015,0.1838665672,31,8.942987295,14.77895889,35,1,1,3,705,1,1,1,0
11690,44,98337,5579.887146,0.2898111434,0.1601253782,40,8.704887702,5.082441713,44,15,9,2,4551,1,1,1,0
11691,25,96084,1970.75919,0.1463681858,0.1586268218,7,6.391819424,10.59738282,78,1,0,2,4769,1,1,4,0
11692,36,52886,3548.951548,0.108532905,0.1467455954,19,5.769613395,5.811354978,14,0,1,3,1140,1,0,0,2
11693,59,119846,9463.116027,0.1605852337,0.06076837834,23,3.032037272,8.237692943,61,0,3,9,1063,1,1,1,0
11694,18,139550,2921.531998,0.2212467896,0.1710079651,26,7.236353221,3.786685738,37,9,1,7,1489,1,1,3,2
11695,46,104963,1640.123802,0.0102002376,0.03714808884,46,8.679860806,3.00547247,63,17,5,6,3638,1,1,1,1
11696,62,20972,9926.363391,0.2672913996,0.07650334577,10,3.751221769,14.59967977,87,1,7,0,2826,1,0,1,0
11697,66,119219,3092.82481,0.2670452293,0.07583016259,46,4.919867021,8.343619408,70,2,8,3,2503,1,0,2,3
11698,52,26621,6834.511364,0.1669764007,0.1164251069,22,1.960393411,7.181767214,8,13,7,5,2497,1,1,1,3
11699,57,111549,2392.445796,0.04548984219,0.09805427564,21,8.723777954,9.802813111,74,11,7,6,1766,1,0,4,2
11700,31,69738,5546.19985,0.2048236804,0.09736354529,4,1.879376091,3.740063612,79,8,8,9,1576,1,0,3,0
11701,52,77694,3924.191667,0.04997524226,0.1151787619,47,7.33903673,12.41860512,70,12,7,8,2972,1,0,4,0
11702,65,74777,9619.634685,0.1571886739,0.08892950643,33,2.682817156,4.09942031,24,9,1,0,1037,1,1,4,3
11703,62,34530,4384.778158,0.03715269187,0.05749681395,30,7.6028382,8.366680467,77,5,6,0,3662,1,1,0,1
11704,37,27354,5883.324423,0.1808289481,0.1361829364,46,6.784109094,2.344116185,64,4,2,1,4786,1,0,2,1
11705,66,66529,9453.186032,0.1022401043,0.160220342,36,7.213558968,8.831206852,19,17,0,3,814,1,0,4,2
11706,30,122895,9893.419569,0.2509875103,0.101009217,46,6.722181325,7.502866764,27,6,9,1,1782,1,1,0,3
11707,55,71714,1106.417804,0.2419843766,0.1334018055,25,4.570035608,4.569376489,48,15,8,6,4015,1,1,3,2
11708,66,108759,8359.775049,0.2995574239,0.1117190235,22,6.58173888,4.959125645,33,10,7,9,4398,1,0,3,2
11709,63,144750,3882.953292,0.08467592066,0.02120932332,42,3.111883653,0.6422664535,72,9,5,7,1924,1,0,0,1
11710,66,61232,5988.804191,0.02792231691,0.0903860857,37,3.465435327,0.8960910897,19,7,1,0,4426,1,1,4,3
11711,25,72079,3812.975982,0.1384709469,0.01187197491,37,1.586198931,9.212434071,94,4,0,9,868,0,1,4,2
11712,60,140883,4071.050436,0.03418696714,0.1357570629,31,6.515448895,10.91645028,84,0,9,7,4438,1,1,2,1
11713,37,32550,1672.689606,0.06176491737,0.1065506793,4,8.567154883,8.43007738,21,2,5,9,2672,1,1,2,1
11714,50,146319,5770.387938,0.183217041,0.03409799168,24,4.406049845,1.68771275,76,14,4,8,73,1,0,3,0
11715,43,108196,5512.487865,0.1817179469,0.1130163911,32,2.87810445,14.14261804,43,9,1,8,4474,1,1,2,3
11716,56,80385,1974.622307,0.02256496854,0.1807009406,6,8.415366563,10.84476639,46,0,0,1,761,0,1,0,3
11717,38,84736,5463.13125,0.1384423779,0.07469324531,15,6.797137872,3.941934144,24,9,2,2,2094,1,1,3,0
11718,66,116565,9733.708638,0.1637634209,0.1966500656,48,9.041766903,10.23656763,21,15,4,8,3781,1,0,4,2
11719,59,50268,7172.645099,0.08772702897,0.1922821823,28,1.056192882,2.116136644,60,11,8,7,3580,1,1,3,1
11720,60,146828,4861.72734,0.2628925227,0.1592088701,14,4.610408079,11.80113296,51,4,7,3,3915,1,1,1,1
11721,58,132655,9169.231457,0.05671860782,0.1646219958,19,9.108622599,7.473400891,19,10,8,4,3973,1,0,3,1
11722,26,111876,5795.612129,0.08363152345,0.08800361844,21,7.078446395,6.435842674,95,4,4,3,3841,1,1,2,0
11723,41,24290,1436.975187,0.05552838036,0.08648280811,9,5.219795365,0.6326215758,79,5,3,4,4856,0,0,0,1
11724,54,75034,5520.345513,0.04379852382,0.1913354981,7,4.730939368,9.960899748,19,1,2,0,4738,1,0,4,2
11725,66,50138,1891.633842,0.2649039634,0.07957728742,31,9.056444295,12.52051812,85,9,2,1,4248,1,0,4,2
11726,58,91982,7698.297904,0.09057915787,0.02840584892,27,8.486155897,4.680308024,44,3,3,1,2989,0,0,2,0
11727,34,139855,9675.024722,0.2195319656,0.03901320676,8,1.110806069,0.6706457501,36,11,4,4,5,1,0,2,2
11728,41,144650,3672.103987,0.1341148843,0.1449758034,30,2.089810517,11.74208999,14,4,9,1,2015,1,1,2,3
11729,38,33432,4405.687013,0.1944033094,0.08276637767,22,5.610837851,9.717136828,75,15,6,0,2163,1,1,1,3
11730,68,87058,4272.815022,0.2791710969,0.04787513955,18,2.031725835,11.76488623,8,18,8,9,1220,1,1,0,1
11731,56,78175,2924.46976,0.2549362814,0.1646193644,31,3.472876399,8.305590763,43,14,3,4,1611,1,0,1,1
11732,58,53329,7962.381652,0.0300060538,0.1028479632,9,8.514178383,7.183705796,14,18,4,1,1620,1,1,2,3
11733,56,89076,6215.510494,0.2551087352,0.1178518289,19,4.475253406,3.680709366,43,11,4,1,2798,1,1,0,2
11734,30,32328,734.1104129,0.1410288194,0.03925037738,34,5.058231144,1.643152788,85,0,3,0,2239,0,1,2,0
11735,28,54247,8404.182717,0.1115422608,0.04662329827,30,2.567719107,7.335961644,11,9,2,9,3937,1,1,0,1
11736,63,26677,1952.173488,0.2049924984,0.03391264703,10,6.420826285,13.09176566,26,7,6,2,4686,1,1,4,1
11737,36,81810,9793.596501,0.2855602832,0.1077631319,42,2.082791354,1.360523894,18,2,4,1,3768,1,1,1,3
11738,28,70357,3828.965076,0.0372992943,0.1573748322,39,6.671992525,14.8418767,24,11,1,6,4880,1,1,2,3
11739,30,75812,6202.851507,0.2327423388,0.1491341963,9,7.720622559,14.23138096,73,6,8,7,3909,1,0,2,0
11740,63,61616,870.4538271,0.06901732892,0.0596338559,8,8.862480203,9.790703185,98,19,0,8,789,0,1,3,1
11741,62,81284,3512.166419,0.1202394756,0.1717945357,41,6.242030977,13.7560565,63,5,3,7,2789,1,1,4,2
11742,18,69741,8043.304178,0.2634086747,0.03007556115,9,3.987590078,8.526154941,11,4,6,5,4141,1,1,2,2
11743,57,73478,4824.36407,0.1682817634,0.03166949432,49,8.665090654,6.366469229,49,13,7,7,197,1,1,1,3
11744,61,74056,9055.574487,0.02956242791,0.1713678137,36,6.369618459,8.789511871,71,6,9,0,2528,1,1,4,0
11745,36,111483,5793.870566,0.1573340795,0.05643971662,36,4.223238423,13.21006086,10,14,5,8,1470,1,1,2,3
11746,29,65534,9292.864734,0.2389961515,0.1445420105,6,3.902854124,14.38405156,82,15,6,7,4325,1,0,1,0
11747,25,99056,9827.838079,0.1633753705,0.01172512247,19,3.885527424,12.65226725,22,18,8,2,125,1,0,3,2
11748,25,84162,4593.556139,0.0583978793,0.02778420684,19,1.507091015,3.105384619,87,1,5,1,3843,0,0,3,0
11749,62,64711,5695.050069,0.1390619118,0.1257648547,7,1.912009381,9.080192609,14,1,6,8,3143,1,1,1,2
11750,29,42805,8365.714368,0.2780601567,0.04465903143,16,1.807364592,6.948954466,62,8,1,2,823,1,1,4,0
11751,65,115980,2293.176755,0.2008791571,0.0153606004,37,3.809691723,7.478337599,19,9,6,5,731,1,1,1,3
11752,50,40143,8630.13278,0.2216670869,0.09871988377,24,5.26579019,6.70945715,88,3,6,1,2986,1,1,1,2
11753,62,95828,5960.00939,0.2379215872,0.07279889486,12,2.328220076,1.479577739,77,0,1,4,3027,1,1,3,1
11754,43,128380,7282.45134,0.03630109302,0.1624288163,44,8.451561415,12.7655751,9,4,4,5,1394,1,1,3,1
11755,56,82473,890.5548244,0.1786456022,0.1655775083,12,1.590547496,14.6863193,60,18,3,8,1527,1,1,3,2
11756,45,36017,7685.258066,0.119015406,0.126740393,47,9.50780495,3.541121645,92,0,6,3,306,1,1,2,1
11757,22,83202,3176.790355,0.05035615746,0.06567641181,1,1.669906315,9.518356229,46,16,3,9,153,1,1,2,2
11758,25,110859,8071.799541,0.06878577191,0.09770906374,36,9.051995811,8.280261135,48,18,8,8,4466,1,0,0,3
11759,42,61423,5140.610129,0.2365365374,0.1434286451,41,3.346374008,13.49917968,48,2,8,6,4957,1,1,2,3
11760,44,61713,2818.681915,0.05683184053,0.0231686251,41,9.880720857,10.70947556,75,2,4,8,4245,1,1,4,0
11761,63,107856,9532.321001,0.1006013961,0.07317444678,10,5.691950438,11.37009713,32,11,7,2,4658,1,0,4,1
11762,40,94310,7674.117737,0.0926132681,0.1662502432,19,1.164769138,14.30261098,86,18,2,8,4212,1,1,3,1
11763,47,22205,9858.292131,0.02410280554,0.08714542303,8,3.544021272,10.12041058,77,10,3,6,2771,1,1,1,1
11764,62,73266,3708.251994,0.1440259503,0.1286869221,44,9.461470621,7.076585036,22,9,1,6,1549,1,1,3,2
11765,64,32342,6527.274372,0.2321196542,0.02830353014,44,3.696992367,1.252638028,52,9,2,5,4555,1,0,1,3
11766,40,89563,6154.727911,0.0164242635,0.1576387353,28,4.236474414,13.64228086,36,2,3,9,0,1,1,3,1
11767,66,83190,6906.811737,0.04263992064,0.02908844309,33,1.397333865,9.051046757,21,17,8,1,874,0,1,3,0
11768,64,101863,479.3340038,0.2188541371,0.1736897984,4,3.279307661,10.39358751,92,4,3,6,22,1,0,4,1
11769,37,41200,2988.021306,0.1821384873,0.03025419853,30,3.333881387,7.826807064,99,5,0,7,4245,1,1,1,0
11770,35,27188,9102.441981,0.2174218081,0.179269625,25,7.443764445,6.207536765,1,17,1,9,3248,1,0,0,1
11771,35,146233,4295.818543,0.07673014691,0.0791162761,36,5.551914504,7.806368231,19,12,6,0,1468,1,0,0,1
11772,19,22808,9610.372423,0.2430929472,0.128660839,43,2.449069127,1.20330731,4,0,1,7,2723,1,0,3,3
11773,21,33851,2213.681409,0.1491626074,0.1708446048,19,8.160394532,12.0697298,90,3,2,7,4952,1,0,3,0
11774,47,100890,9974.497337,0.1869875725,0.01194586999,7,6.503668749,2.790574419,2,9,9,4,2335,1,1,4,1
11775,50,84928,7006.050999,0.03672449099,0.06048170067,5,3.416133745,5.323603172,81,15,2,3,2966,1,0,1,0
11776,53,149831,7786.294898,0.06945915917,0.182584281,17,3.014052795,1.761422386,76,15,7,1,722,1,1,3,0
11777,35,35058,4028.925605,0.2342737857,0.08375345151,7,9.324172611,12.38922204,85,16,6,2,4342,1,1,0,3
11778,54,34620,9079.3804,0.07493344794,0.1442114259,24,6.733506449,2.940984861,76,10,0,2,4525,1,1,1,3
11779,36,72755,5500.082719,0.03683364998,0.03660229067,1,8.266750705,6.28433176,11,7,7,5,3764,1,1,3,0
11780,64,82995,6841.289964,0.1831889519,0.1388906043,27,3.0296569,6.524423194,31,13,2,5,1392,1,1,1,3
11781,45,116766,1038.601886,0.1689015897,0.02390058915,41,6.298624359,5.088180837,57,17,4,8,819,1,1,4,1
11782,57,56681,6353.638939,0.1862892394,0.1462917766,24,1.481406277,12.97181746,99,0,6,7,3505,1,0,0,1
11783,37,84509,8802.881984,0.1893085939,0.07152294133,19,6.352483173,11.69083581,70,8,2,8,4905,1,1,1,3
11784,66,103339,1865.003959,0.1550572303,0.09851105463,5,2.832243184,11.2833275,69,19,7,0,3185,1,1,0,0
11785,50,87703,7403.486753,0.153194437,0.04158943438,36,7.021835154,3.764197006,39,10,7,9,3133,1,0,3,1
11786,29,87680,351.467514,0.2780080139,0.1292913134,15,9.387697628,3.248036714,5,3,8,0,23,1,0,2,2
11787,68,87703,9269.409864,0.1648257002,0.07413784947,34,5.128387679,4.075613753,62,1,5,3,389,1,0,1,0
11788,32,128056,9830.879449,0.1890170587,0.08284125115,35,3.748566943,6.099352672,24,17,1,4,3154,1,1,0,0
11789,58,62136,3606.382661,0.08742112366,0.1339166557,0,2.109404841,7.441970489,90,4,7,6,2674,1,1,1,2
11790,56,111380,1160.031112,0.2626170282,0.04398371563,13,7.035325523,4.127516693,68,1,9,2,2674,1,1,3,2
11791,19,140579,6619.906045,0.01706674687,0.1718816898,13,6.257599896,7.137549985,82,10,1,0,4171,1,0,3,0
11792,46,113699,395.3616901,0.1715957611,0.1504644171,23,5.901136267,3.173531592,72,1,8,7,159,1,1,0,2
11793,58,108456,4876.614185,0.1213165856,0.1197687006,18,9.423694585,4.399793375,49,11,1,4,664,1,0,4,3
11794,27,103086,2790.613834,0.1851322167,0.03438328275,37,9.803397853,4.280771853,39,9,6,4,63,1,0,1,3
11795,19,56343,4786.056634,0.1144498944,0.1405508419,43,7.452854116,11.04322753,0,18,2,5,735,1,1,1,0
11796,68,137529,280.9275959,0.2181294944,0.0134388807,17,2.763904508,7.148180659,45,3,0,8,515,0,0,3,3
11797,28,38254,610.9606124,0.01589611846,0.1628352023,8,9.520870774,9.420645463,72,6,7,1,4225,1,0,1,1
11798,30,81273,258.1607055,0.1277079372,0.06772156239,12,4.104339953,10.20494419,38,13,6,3,1430,1,0,0,3
11799,27,79611,6229.405513,0.2510664439,0.0322701946,44,1.712394402,1.49345504,9,12,2,3,3155,1,1,2,3
11800,31,137574,5644.919885,0.08255820816,0.04125290127,18,3.169763103,12.02515804,48,0,0,6,3619,1,1,3,2
11801,35,134847,2408.264186,0.02529775473,0.1929955357,9,8.473387949,4.617593904,13,19,9,5,699,0,1,2,3
11802,68,125547,6501.766976,0.1539919816,0.1570277794,37,2.833883265,7.891411352,45,0,3,5,3508,1,1,1,0
11803,26,80002,8853.651843,0.2931947036,0.05519567493,2,4.555606558,5.406610637,39,1,4,9,16,1,0,4,3
11804,56,105683,2845.4888,0.02860598285,0.1930585863,47,3.461554624,11.71703439,88,15,2,0,1621,1,1,0,3
11805,45,32926,8336.738698,0.0303163829,0.03662235743,40,1.430358295,3.809717558,18,1,4,8,3910,0,1,1,0
11806,20,119359,6658.840446,0.1825838038,0.1493701703,16,6.055472127,14.47459469,16,11,0,6,250,1,0,0,0
11807,37,84264,434.8223874,0.08251963673,0.1347805291,22,6.658813154,6.301782714,81,18,6,2,4711,1,0,1,2
11808,23,135021,3813.983969,0.1289670578,0.1660805868,26,8.120325033,10.81870356,45,14,1,9,4950,1,0,1,1
11809,44,138284,5126.796437,0.2508470744,0.08252275693,8,4.731944601,9.800992644,72,15,4,3,1485,1,1,1,3
11810,19,109527,7343.821981,0.06766611841,0.08634873708,4,2.271974346,11.26751278,64,15,9,0,4077,1,0,3,1
11811,46,127387,2942.592527,0.2185969817,0.1286677335,18,6.869402188,8.490505613,69,10,1,1,3832,1,1,2,2
11812,55,47563,9829.028038,0.1563007988,0.08565909382,28,9.010586767,6.065025326,37,5,7,5,1901,1,0,4,0
11813,20,50688,6876.943431,0.2724377308,0.01785666961,14,2.078392282,3.104103427,16,16,2,6,3536,1,0,2,0
11814,33,114559,3790.855404,0.2921589801,0.148644526,41,2.643552172,8.031919285,72,6,0,4,295,1,1,2,0
11815,47,54130,1060.547887,0.1506386278,0.131779752,35,3.962783052,1.382429779,10,10,5,1,4400,1,1,0,2
11816,57,20925,1895.540827,0.1795476471,0.09050543442,11,6.852668172,1.35295425,52,12,7,6,823,1,0,3,3
11817,19,140207,4927.316825,0.2262943368,0.06753761657,13,5.714311254,9.394182453,17,15,6,6,3408,1,0,3,2
11818,34,71595,4997.484014,0.1024155011,0.07093790928,14,7.411316598,7.467096906,6,12,5,2,3849,1,0,1,0
11819,58,36321,7700.415772,0.07575470165,0.1507954385,30,1.282038865,7.838519807,34,7,4,0,4258,1,0,2,3
11820,29,30769,7289.148593,0.2897587,0.148540567,4,8.294119973,5.12106215,43,8,7,0,1417,1,0,4,0
11821,52,56748,2092.603081,0.1354584635,0.1655944999,43,9.887342779,11.9632032,70,4,9,7,4906,1,1,0,0
11822,60,60028,5990.070544,0.01046133969,0.1548142814,2,1.419980378,3.417180986,38,13,3,6,4115,1,1,3,2
11823,18,36151,304.1558274,0.2529383066,0.1540093984,46,5.458739261,8.998875224,10,10,6,3,719,1,1,1,2
11824,62,96133,4045.619254,0.1839026068,0.05783691447,29,7.659227969,12.97693258,9,11,1,3,1574,1,0,4,1
11825,32,54187,7664.641882,0.05888198319,0.02930638537,46,5.287594408,12.59403216,97,19,8,0,2097,1,0,2,0
11826,43,63835,4055.135074,0.01874051102,0.1547329305,11,6.336457965,0.9151061246,87,19,7,0,3912,1,0,4,3
11827,54,20059,8372.402774,0.094529905,0.02873742373,14,9.288342596,4.545299629,75,9,3,0,1996,1,1,3,0
11828,38,120828,9763.937372,0.2790872577,0.196601167,37,5.858592292,10.86363031,8,0,6,7,4271,1,1,0,3
11829,66,105717,6111.404767,0.2807124393,0.1762669608,27,3.129353727,11.24080105,85,15,0,1,4512,1,0,2,1
11830,48,47235,1535.540356,0.100191011,0.1113577044,48,7.647641561,7.499806315,95,6,4,6,2850,1,1,0,0
11831,42,114208,3858.804358,0.2524199879,0.07691487737,22,4.378863506,3.435932281,7,15,1,9,1112,1,1,4,3
11832,40,87114,193.8852152,0.1381351437,0.1101001768,46,3.566035704,4.545506642,47,13,1,6,4323,1,0,4,3
11833,41,65366,6066.986646,0.1997599772,0.1495173483,14,3.235648928,12.11388215,20,3,1,6,886,1,0,1,1
11834,55,149191,8233.52816,0.106988724,0.1537026959,10,1.714272492,3.286323657,79,2,1,4,4444,1,1,2,2
11835,45,132831,6336.406781,0.1596320529,0.02399653974,29,9.396166059,14.1635399,96,18,4,5,3236,1,1,4,1
11836,38,141889,7882.253669,0.0951960395,0.162922278,11,6.070218,7.762592685,88,16,3,7,2505,1,0,3,3
11837,60,145985,8019.04888,0.02772316508,0.1318844455,18,9.595905527,4.609596103,5,11,0,3,2633,1,0,3,1
11838,35,101583,8525.024505,0.050419674,0.01771012664,31,8.756099389,6.149413589,58,16,5,2,2363,1,1,0,2
11839,53,52160,2739.971452,0.0942956034,0.0695006291,0,1.272056293,4.219432138,67,0,2,1,1969,0,0,3,0
11840,52,119011,8725.558376,0.2931135974,0.1070218601,15,3.22556726,6.072856799,22,0,7,3,2668,1,1,4,1
11841,62,110085,6575.530585,0.2900449236,0.04580578352,10,3.838251129,2.396545853,72,10,1,0,4364,0,1,3,1
11842,26,25277,2968.28301,0.2500223693,0.03949570049,30,5.408396284,12.43584709,99,2,7,3,2194,1,0,2,0
11843,55,21780,9874.217678,0.07742675482,0.01271342127,32,7.445157361,14.47302056,74,3,5,3,3350,1,0,0,1
11844,47,66579,9506.805698,0.1380646208,0.1831946204,35,7.126915742,10.05752481,34,6,4,8,3126,1,1,2,2
11845,61,137101,5786.965734,0.1375370232,0.02066051146,29,9.88544747,12.22442291,11,17,9,9,3593,1,0,4,3
11846,51,148339,8447.762946,0.122222241,0.07954217008,37,9.309903406,3.807151308,98,19,5,8,1207,1,0,4,1
11847,49,131449,2688.795438,0.02301528848,0.04909661108,3,2.676400467,1.409930499,70,6,5,5,1139,0,1,3,0
11848,20,80750,4218.766266,0.1650129385,0.1507962894,24,8.738804194,9.593125988,56,10,3,2,2976,1,0,1,0
11849,20,76902,1921.320431,0.03111547772,0.1443650849,33,8.58641736,12.35489497,28,13,0,9,567,1,1,1,1
11850,45,100198,5249.016162,0.2425564174,0.1631822583,16,6.173185559,12.59797065,84,7,1,8,1644,1,0,4,0
11851,61,136849,5010.414158,0.2104790714,0.1271935772,32,4.043087005,8.225070671,66,19,7,5,3651,1,1,4,3
11852,32,117052,2206.850937,0.1122937319,0.1224141005,29,2.877551156,9.520460458,60,15,8,8,1155,1,0,0,3
11853,58,147894,6760.736768,0.1976695508,0.08735103594,12,2.912116227,5.83964665,60,17,3,9,4238,1,1,4,0
11854,40,52161,1266.123926,0.0775807319,0.130908153,11,4.040435567,12.54469991,87,11,7,8,3742,1,1,4,1
11855,57,64499,710.7453656,0.08692251884,0.03188906114,31,5.535518564,10.61528101,29,8,9,3,4865,1,0,0,1
11856,28,51886,3910.55919,0.1010987199,0.1400574413,22,6.254387929,3.195130581,26,19,5,2,1739,1,1,2,0
11857,65,28800,4157.2653,0.241133364,0.02974057399,28,3.925360704,4.551857163,92,8,0,0,2208,0,0,2,3
11858,49,69460,3265.432005,0.07110049059,0.1737305815,33,4.209212208,2.70191332,29,12,5,4,1457,1,1,0,3
11859,53,149424,2653.671712,0.173206556,0.1060797331,18,1.121674324,7.832995988,99,5,6,3,2497,1,1,0,1
11860,50,90975,3453.885816,0.06813546318,0.1107678119,11,1.019075631,3.43246131,54,4,0,2,4947,0,1,2,3
11861,41,89843,1717.418182,0.09266085327,0.1211229444,3,9.164642083,2.802136368,22,9,8,7,1015,1,0,2,2
11862,56,22364,4094.179444,0.07828957497,0.1574499748,24,1.126123531,2.82628632,36,10,5,9,535,0,1,2,3
11863,51,36568,9055.573398,0.1970513546,0.100909418,25,1.298092784,4.355136774,25,13,7,6,2189,1,0,2,1
11864,45,58092,2321.826124,0.1627513939,0.09124173399,17,2.850717771,12.23092394,35,15,7,1,3632,1,1,3,3
11865,54,91019,6876.065933,0.2191767523,0.06478335679,29,7.690586379,14.10522378,91,6,8,8,1960,1,1,0,3
11866,24,82679,1503.666653,0.07378359683,0.03432747664,33,7.110283735,14.93995056,62,17,0,7,2847,1,0,1,0
11867,21,85781,3603.675578,0.01265307536,0.0461650828,32,6.82459368,1.084074828,36,7,5,9,186,1,0,3,2
11868,54,28430,3279.630327,0.2073477745,0.0101002903,30,6.174578468,8.749142462,50,13,8,3,3711,1,1,1,0
11869,18,93719,9376.591005,0.04330764796,0.1751901131,30,2.815290972,4.36343861,67,9,7,3,2021,1,1,1,3
11870,18,58692,4337.022352,0.08142851508,0.155342095,12,4.581403664,14.83917791,92,13,3,6,503,1,0,4,3
11871,64,50086,6935.612843,0.09864898421,0.05154966148,23,5.302900218,14.7727628,77,19,4,6,2646,1,0,0,0
11872,37,69671,6064.381809,0.2265726068,0.01045411721,4,6.241985278,14.04454458,62,12,8,3,732,1,1,3,2
11873,36,118262,1496.197745,0.1915086251,0.1035020979,0,2.785863786,0.7062499384,36,16,4,0,2622,0,0,0,1
11874,46,33901,9401.450465,0.06343697659,0.08838890787,33,7.561302982,2.740559923,96,5,8,5,2758,1,0,2,0
11875,27,23907,3524.105989,0.1833874651,0.1574412581,45,3.780231475,8.510533329,30,14,0,5,4004,1,0,0,3
11876,35,118580,543.1077223,0.2153629186,0.08655014627,8,6.94201663,3.215680758,77,7,9,2,3460,1,0,1,3
11877,45,48604,3074.392698,0.1227801888,0.1741814334,7,5.625848486,12.89535025,24,4,8,4,2089,1,1,2,1
11878,52,57869,3422.773886,0.08132634507,0.02820926352,42,6.329930146,10.64619545,72,7,9,7,2284,1,1,0,3
11879,60,34537,1018.178741,0.2069050041,0.07951303639,35,4.718335656,3.169199524,24,8,8,3,2259,1,1,0,3
11880,64,32501,6237.776323,0.187158448,0.1874487707,28,5.005621491,12.36696417,45,6,5,8,2759,1,0,1,1
11881,48,143485,3532.965635,0.03259452596,0.01222862824,34,8.813688956,7.724970517,88,17,6,9,599,1,1,2,3
11882,44,139261,6328.432603,0.2033370957,0.08424999056,4,5.282878036,10.79081982,29,13,5,4,1432,1,1,1,3
11883,28,57371,166.7315795,0.1516702005,0.05934361941,45,8.144999412,2.527516306,19,7,3,4,1325,1,0,0,2
11884,66,134639,9822.27915,0.2284769975,0.1110535373,9,4.555221262,8.008863522,22,0,6,6,1818,1,1,3,0
11885,66,131690,1788.11195,0.06530808715,0.06296569205,37,7.304789278,11.75690183,0,16,1,0,95,1,1,3,2
11886,55,56821,6627.376768,0.08488276119,0.1752825286,9,3.096056785,5.511015133,14,5,2,5,4524,1,1,4,2
11887,22,108732,7186.264602,0.1675606943,0.188056268,10,9.253171007,3.208941523,20,13,3,1,2179,1,1,3,3
11888,25,145592,1798.922663,0.1497027231,0.1713355164,7,9.705487001,9.772285806,29,16,2,2,3483,1,1,2,0
11889,51,26073,1205.951593,0.1220459576,0.08572789059,3,9.111919344,9.839026485,10,16,8,7,2093,1,0,4,0
11890,65,134829,1610.514199,0.2263496612,0.1980874155,17,4.11775627,3.463040392,89,11,3,3,700,1,1,2,3
11891,69,81005,2543.500733,0.1737779535,0.1496569002,19,3.488410628,1.505575633,51,15,9,6,4975,1,0,3,2
11892,29,96097,1765.497968,0.2159788376,0.07756569796,45,2.641956616,2.913541731,29,2,0,9,4647,1,1,3,2
11893,55,38101,6772.594327,0.05444393907,0.02780163603,2,8.85694848,4.49514579,8,16,7,9,3873,1,1,0,2
11894,18,131052,4266.248717,0.2214066056,0.1367388191,43,2.06754804,1.02603274,68,1,3,4,2419,1,1,2,0
11895,48,51426,5424.136786,0.1438431513,0.1484278144,14,6.780972606,13.87960809,46,12,8,1,1945,1,1,1,3
11896,21,114877,568.6342092,0.01979270135,0.03326723525,7,3.983175845,3.842297275,33,13,8,0,394,0,1,0,0
11897,66,27313,8626.364735,0.07800255066,0.1144499068,45,2.691261954,11.21432854,32,3,8,4,4244,1,0,2,2
11898,62,50773,1788.658377,0.0174693536,0.197546717,5,2.660367681,6.512533927,97,5,8,3,1723,0,1,4,0
11899,67,48003,3665.508081,0.1424936114,0.07198599947,45,8.838730819,7.778765434,64,19,6,5,1603,1,1,2,0
11900,22,79668,811.8262343,0.1045051306,0.06736005426,35,8.738384824,8.285670266,50,8,8,2,3713,1,1,4,3
11901,47,111956,1454.252033,0.2963603724,0.1816274116,19,3.448258921,11.70553915,78,13,6,1,3411,1,1,4,3
11902,41,91250,6691.414159,0.2618661939,0.03230904849,31,1.303902411,11.92473913,30,16,7,2,4059,1,0,3,0
11903,20,135087,6956.611322,0.2494445495,0.1873702256,5,8.821781007,2.548457619,55,7,1,3,4586,1,0,1,1
11904,28,139451,6801.958298,0.1553237992,0.1581025415,15,1.515928093,4.898479874,75,18,3,5,3268,1,1,2,3
11905,62,112675,5566.1542,0.2440553748,0.0842596777,48,1.76248167,8.809062848,70,1,3,8,3721,1,1,1,1
11906,21,111634,9529.964474,0.08739219776,0.02587404787,1,8.397286313,5.290888097,44,16,3,1,2120,1,0,4,3
11907,43,62294,5121.053892,0.1725883457,0.01364316284,17,8.354976395,2.42558991,32,6,2,5,1822,1,1,3,2
11908,44,33582,4549.17909,0.1239462378,0.08140792732,44,2.822407233,6.42229645,95,2,0,8,4194,1,1,1,1
11909,63,129119,2550.701101,0.05968915434,0.1440171811,25,1.343965087,3.667147037,50,3,5,1,4742,0,0,0,2
11910,60,33760,1078.61034,0.0310578951,0.1026305506,19,1.566839783,2.580370919,4,17,4,0,2395,1,1,4,2
11911,44,91791,5526.733807,0.1718833311,0.1503438596,15,5.080503172,4.908410824,37,13,2,7,2662,1,1,0,0
11912,59,102158,3217.412848,0.03831534912,0.1374084613,20,4.764111239,4.845479238,4,19,6,3,2417,1,1,1,2
11913,68,55983,5287.851294,0.218220898,0.118852366,44,2.640600649,1.909361548,55,12,5,1,4364,1,1,1,2
11914,67,60309,2140.578875,0.2772258588,0.1938248253,13,9.181362355,8.96970372,80,16,3,7,747,1,1,1,2
11915,23,49715,8397.909455,0.05701077182,0.1483930425,17,5.97168294,5.057984111,70,11,8,4,759,1,0,2,2
11916,32,56415,9997.002376,0.1465721878,0.1837765553,7,8.266050317,3.012663555,88,6,3,7,4759,1,0,4,0
11917,47,107328,3291.79475,0.224244632,0.05601050722,4,1.933534133,12.36965857,24,2,8,3,4319,1,0,4,0
11918,59,128112,8439.043312,0.0931835017,0.1455915291,23,9.761126827,0.5373471182,66,4,2,3,3157,1,1,4,2
11919,54,108260,8742.56275,0.2770217107,0.123582544,40,8.287638821,7.087225931,51,19,6,4,3051,1,0,2,1
11920,54,71581,9961.130509,0.2676550121,0.1856162584,46,3.59041638,6.806716937,35,0,6,0,3943,1,0,1,3
11921,59,23652,3492.929285,0.04008876316,0.1069860733,28,1.187069959,10.23166336,91,13,0,9,3231,1,0,1,1
11922,54,46297,7584.809798,0.01794593374,0.06313186202,8,2.480579088,6.146298681,22,8,0,2,87,1,0,0,2
11923,52,117958,2365.209136,0.2931729601,0.08311940247,41,4.766555491,7.934386072,7,14,1,7,3428,1,1,2,0
11924,40,34028,6285.480413,0.2873777572,0.05157766303,17,1.026869072,13.67254231,30,1,3,3,1671,1,0,3,2
11925,23,33803,7077.941438,0.1324628253,0.05179486988,45,1.367564579,2.940094465,62,17,1,0,4526,1,1,2,2
11926,21,26307,7437.094856,0.02466336399,0.09938010135,17,1.887724196,2.029861859,20,3,9,5,4843,1,1,0,0
11927,35,51325,2151.004469,0.1894739103,0.1795880787,47,8.287448139,11.32799574,98,1,9,5,1921,1,0,0,1
11928,26,78616,8502.383148,0.09508893114,0.04645517514,27,5.921792245,11.2720732,49,12,4,1,4928,1,1,0,3
11929,66,80483,4267.621418,0.2816496662,0.0646953023,36,2.718826825,13.83485988,28,17,1,7,1652,1,1,1,2
11930,46,51574,2242.058226,0.2404519583,0.1720677443,9,3.380196449,14.75577746,59,19,7,3,2835,1,0,3,0
11931,30,139828,5471.057775,0.1983821974,0.07445869274,19,6.779608739,6.073592825,66,3,5,7,2546,1,0,0,3
11932,64,104798,8647.235583,0.09250611578,0.1928585464,37,3.867491397,5.972694452,43,2,2,7,4460,1,0,4,3
11933,69,87071,9674.170307,0.213367888,0.06109485253,40,7.139192541,13.61753518,88,6,1,2,2656,1,0,1,3
11934,34,34932,7507.257435,0.09385879736,0.09400725012,22,8.004054191,12.98031692,1,1,8,4,3413,1,0,3,0
11935,62,35749,155.6665741,0.0209129854,0.02816588845,47,3.759619898,5.943890318,97,13,0,7,3230,1,1,4,2
11936,49,28727,1433.537529,0.1574460304,0.1985134011,42,4.29861422,1.606298831,14,4,5,0,4322,1,1,3,0
11937,65,75406,855.1124657,0.151718518,0.1791269885,19,1.450667984,8.927748607,38,1,6,9,777,1,1,3,2
11938,39,37332,1102.016056,0.2312717322,0.165336828,22,8.37818505,4.396149232,39,8,8,3,3413,1,0,4,1
11939,21,115070,3892.046065,0.2610454259,0.03989506941,49,6.454633235,13.67462568,46,15,6,2,3536,1,0,2,3
11940,22,30834,3451.083817,0.1127958617,0.194178031,4,8.994416453,12.18870002,75,7,3,5,4666,1,1,3,2
11941,54,40325,1225.481315,0.140347173,0.1865387443,26,2.700276547,13.56411724,51,5,1,9,2410,1,0,2,1
11942,58,29213,8834.129981,0.1464161217,0.09277757398,8,9.645403977,1.673253012,87,2,5,7,4325,1,0,3,0
11943,66,141291,6192.733006,0.1040249845,0.1395110356,42,7.360621054,13.03688596,5,6,9,8,1158,1,1,4,3
11944,30,133741,7984.986759,0.2255822079,0.1985671013,40,2.769493064,9.099745312,69,17,6,6,4388,1,0,3,2
11945,51,143313,3778.33895,0.1614093437,0.0878515917,35,5.166746318,3.623683132,47,15,5,2,2933,1,1,0,3
11946,62,21403,4161.336561,0.2750471746,0.03147868092,39,7.290558517,4.868300882,57,3,3,4,3074,1,0,0,3
11947,39,76971,3244.449984,0.1985901238,0.1748780166,36,1.152753832,7.121209352,89,3,6,4,2854,1,1,3,3
11948,40,138199,4440.42346,0.07145000208,0.1005321725,2,8.022579787,9.600837931,2,15,9,0,905,0,1,4,0
11949,68,137623,6142.734897,0.05779450814,0.1975241965,35,9.529122562,3.874549424,95,17,5,1,4004,1,1,4,3
11950,20,74030,4980.541678,0.117991458,0.1146696435,47,1.733467288,3.502118695,45,1,5,6,3862,1,0,1,2
11951,59,93042,8395.378361,0.1106086967,0.01560074468,44,9.08305985,13.43633027,17,11,1,3,4897,1,1,4,0
11952,51,115195,9011.377769,0.1280682292,0.1034281231,34,5.179995362,12.7557198,55,8,1,2,771,1,1,2,1
11953,49,27591,4749.870148,0.06324141039,0.1464318046,35,5.640388454,11.6182641,91,6,5,3,1951,1,1,3,2
11954,62,147144,2473.505005,0.2936845743,0.01494570536,28,8.560972111,11.5329156,32,7,0,6,3241,1,1,0,0
11955,68,32996,9457.404953,0.05225583413,0.08855525573,32,6.306923013,11.60662103,16,5,7,3,4497,1,1,4,2
11956,66,123364,7376.882566,0.1992681445,0.03955643809,25,4.162831799,13.89944731,31,11,8,8,819,1,0,0,2
11957,38,72485,6437.258152,0.01379007817,0.132188396,7,7.593319959,12.73394573,75,7,7,6,4224,1,1,1,1
11958,63,67830,7479.595963,0.1280187011,0.1918957113,8,2.244944385,6.134326068,84,9,9,1,4182,1,1,3,0
11959,61,54370,852.2196457,0.09966318574,0.1286711319,21,6.9964763,7.333885968,1,3,5,9,2508,1,0,4,3
11960,38,77572,769.5006436,0.1207871449,0.1420267642,4,7.971614001,9.266167411,25,9,9,3,899,1,0,0,2
11961,61,99008,1615.894461,0.15444243,0.08534695108,43,4.012927226,7.396195716,38,6,0,3,4325,1,1,4,2
11962,28,49098,1559.764578,0.1841087504,0.1169967651,40,9.732094206,4.805587382,62,18,7,2,2733,1,1,1,2
11963,56,81561,4264.637701,0.17921829,0.1133329648,35,6.765416787,12.98667614,16,2,1,0,1089,1,0,0,2
11964,21,22196,1658.300415,0.1929069643,0.1543252056,31,1.861108291,12.15001368,99,11,3,8,1969,1,0,0,2
11965,68,31091,8559.803878,0.2549188279,0.1728132129,29,9.69655984,6.152961304,33,18,0,4,1359,1,0,3,0
11966,18,100576,5823.159616,0.2671479751,0.1359483294,48,7.695937596,2.162665719,18,9,0,8,4456,1,1,3,2
11967,45,85254,3745.792774,0.2238025872,0.1961636724,43,7.260802904,0.5706086844,61,5,4,7,2301,1,0,0,2
11968,41,69262,789.2631284,0.03289325045,0.1673747946,44,3.279247736,1.840468867,31,19,5,9,2753,1,1,3,2
11969,52,134320,5951.17518,0.2887747935,0.03368288229,42,5.258321986,2.743776143,49,14,8,6,291,1,0,0,3
11970,30,144124,1253.674924,0.284745445,0.1064203257,16,9.109458142,10.03796775,85,18,2,0,3910,1,1,2,3
11971,64,26023,7457.880479,0.2163941004,0.181614855,29,3.773389403,3.684375302,44,10,1,3,1422,1,1,4,0
11972,51,40543,8047.305158,0.1600573307,0.1893476251,46,4.809986554,9.704969389,53,7,1,3,3172,1,0,2,2
11973,28,80029,5485.364954,0.08267932392,0.0822391283,8,3.310767838,5.260676129,81,9,7,3,2376,1,0,2,2
11974,53,113913,1581.068305,0.2293418305,0.1478837717,3,2.94311499,13.47826364,87,13,8,7,1535,1,1,4,1
11975,68,122171,7889.940965,0.2645794518,0.08800364189,11,1.39343549,7.30161028,0,19,7,5,1751,1,0,0,3
11976,34,62337,3147.495114,0.2029044043,0.03349534721,34,7.63209778,10.25632907,65,13,2,0,2029,1,0,0,1
11977,52,60409,2304.266113,0.1924310635,0.1780761479,19,1.816832818,7.18372958,39,14,9,3,2543,1,1,3,2
11978,35,90540,4758.510746,0.06597136433,0.1870710933,16,5.781918049,13.73181262,23,11,9,9,4106,1,1,1,2
11979,57,29963,9234.19779,0.1137609916,0.1059026009,21,1.448159325,10.46745489,51,16,7,6,167,1,1,0,1
11980,39,33796,3043.995592,0.2197095044,0.01347841186,6,9.854892459,9.811297387,1,9,9,8,2437,1,0,4,0
11981,41,60972,9065.22716,0.01490063427,0.1650468876,38,7.385011947,9.088362859,60,11,5,1,3562,1,0,1,0
11982,36,92613,631.1677565,0.1959666404,0.1006224696,43,6.673461692,14.83486704,26,18,5,1,4785,1,0,4,1
11983,54,115384,926.8846797,0.2323343873,0.02425538793,41,2.677540793,10.42898643,65,7,8,4,3783,1,1,4,2
11984,56,98062,7015.754149,0.107064301,0.04598438175,7,5.752486559,11.43503265,86,15,7,4,1487,1,1,4,1
11985,38,23261,1986.867348,0.03208865307,0.03890267464,8,5.532022715,1.684824164,32,17,0,6,2992,0,1,1,3
11986,25,37046,3234.544764,0.2475446199,0.1403929846,45,4.227838163,12.3062264,33,19,6,3,3092,1,0,2,0
11987,45,33397,1450.092512,0.05113268055,0.06688780364,5,2.405007509,9.152391948,61,9,5,3,878,0,1,4,1
11988,22,80436,3389.257864,0.1175323207,0.03426119829,18,4.304178415,5.381597993,31,10,4,1,346,1,0,3,0
11989,34,110805,2876.55394,0.2151036905,0.184353277,21,6.481936633,8.934511534,2,5,2,1,4386,1,0,0,3
11990,54,121694,7389.742626,0.2469259364,0.1917409012,46,5.386153406,9.570476906,54,17,0,3,1659,1,1,0,2
11991,53,45757,7050.031543,0.2600907564,0.03632941583,19,6.130398187,4.272747084,26,12,7,1,3712,1,0,0,2
11992,36,137706,9553.779047,0.1638209856,0.05374481213,19,6.148161008,6.837437736,75,10,2,1,3471,1,1,1,2
11993,44,35299,7271.774683,0.148002792,0.1225029367,26,3.202073085,10.9595374,7,13,6,9,1566,1,1,3,0
11994,51,144384,6978.695755,0.2560120103,0.0385964914,26,1.998776796,3.774796805,19,13,5,3,3813,1,1,3,3
11995,28,21902,6972.618502,0.1732923576,0.04013242165,6,5.695762646,12.6238174,51,3,1,2,3209,1,1,3,1
11996,62,138859,8841.377811,0.1778087112,0.07394944793,23,9.031349493,1.624134398,16,9,1,9,4912,1,1,3,2
11997,64,135016,3032.743655,0.1358522767,0.1903423632,7,9.958293632,8.927657775,32,19,2,3,2550,1,1,3,0
11998,29,62399,3070.911881,0.1181160519,0.1928640173,2,8.073096001,6.005458373,54,17,2,9,2857,1,0,2,2
11999,38,68330,7438.016716,0.1493568486,0.1699397675,10,2.990051196,1.273044316,74,8,1,6,2781,1,1,3,3
12000,28,66308,2364.180858,0.1158057732,0.1421854544,35,6.672910253,11.73005977,72,12,7,2,1957,1,1,3,1
12001,56,140983,9128.998041,0.1096284705,0.1469279395,1,3.149797711,8.424856693,97,18,0,0,1320,1,1,1,2
12002,45,23846,5394.339078,0.2981626592,0.09921884019,0,6.188070749,10.87222446,70,7,2,3,2858,1,1,1,3
12003,22,32359,3071.236788,0.1075019133,0.1107293793,6,5.326192387,6.011786268,15,10,0,6,4459,1,0,3,0
12004,34,69376,7783.389304,0.08435128678,0.1305460054,23,4.434001251,12.96449525,90,7,3,1,2257,1,0,2,3
12005,37,88056,3191.974236,0.1126379861,0.1489444611,11,6.774753375,1.713744389,78,17,0,9,778,1,0,3,0
12006,58,60832,9636.455339,0.1813265888,0.02840077278,7,8.719407655,3.883624865,63,16,0,9,2991,1,1,3,2
12007,63,40098,9831.593176,0.2741872411,0.05272853184,12,4.03728854,12.02174567,87,9,3,1,2689,1,1,3,2
12008,29,137095,6701.282795,0.2384806326,0.1929592063,5,5.376290063,14.34284921,39,9,5,5,4187,1,1,4,3
12009,23,124987,1224.975509,0.2542499303,0.07367703044,38,5.102423879,12.77346294,57,3,5,4,3539,1,0,2,0
12010,34,69962,2705.767614,0.2591124971,0.06101010005,23,3.243015774,3.847475738,82,7,3,3,3214,1,0,0,3
12011,68,108672,5202.627926,0.276953235,0.0901631493,23,4.790004031,5.553808754,22,1,6,5,2260,1,1,3,3
12012,36,55885,8529.329756,0.07817065754,0.06527494258,37,1.194260597,11.59969443,94,13,7,8,2561,1,1,0,2
12013,43,116256,1930.37632,0.142926149,0.02732423658,43,5.656888193,14.22094335,93,7,1,3,2738,1,1,2,2
12014,65,41157,1133.594244,0.1217073233,0.04951261506,6,7.487134738,4.694086047,6,13,8,4,1911,1,1,3,2
12015,61,68372,837.3270836,0.1207443284,0.1316303615,9,4.308502787,6.101960533,58,7,4,8,4847,1,0,0,3
12016,61,39674,5118.978867,0.199162259,0.05240468584,29,7.719167619,0.8316512911,58,17,5,0,4683,1,1,0,3
12017,69,52357,8858.539599,0.1265228875,0.1330567674,38,7.755905035,7.813827059,2,7,0,9,3063,1,1,2,1
12018,49,32578,519.3565022,0.1887357887,0.02901537003,23,9.857038265,1.778345187,29,9,3,2,4028,1,1,3,1
12019,23,148457,2201.983187,0.1208610155,0.01795650642,26,5.913497287,1.741097547,9,3,6,0,2833,0,1,4,3
12020,53,22251,6963.244457,0.100227173,0.1736978597,29,4.636576938,11.53908398,97,10,5,4,2164,1,1,2,1
12021,55,99049,8276.048008,0.1123923817,0.1544049772,14,6.755718921,5.486838577,12,13,1,4,364,1,1,4,3
12022,28,57429,8093.25534,0.2430895462,0.1365452597,1,6.639186541,14.06677643,38,15,6,2,706,1,1,3,2
12023,50,112641,7872.173767,0.1843048005,0.01587085426,7,9.886079681,10.88321179,76,9,8,4,3362,1,1,0,0
12024,41,66871,1385.018028,0.2924593426,0.05547724768,16,7.369245051,4.774052472,63,14,8,0,93,1,1,2,2
12025,40,106526,4032.652064,0.2514703057,0.1643397222,47,3.759224148,10.3872893,24,7,2,1,2882,1,0,2,3
12026,32,45499,9848.972162,0.1508763764,0.03748685636,12,2.687588707,13.05119764,40,14,5,1,1169,1,1,2,2
12027,44,26421,9889.986959,0.08028913718,0.1644421536,17,8.134535639,6.822538357,97,18,0,9,482,1,1,1,3
12028,28,72204,6064.03118,0.2054336423,0.1210043744,20,2.617836279,8.645689381,39,7,3,0,1033,1,0,3,3
12029,68,44591,7121.745327,0.2207273479,0.1506699899,35,6.646983152,3.653581679,61,16,4,5,42,1,1,1,1
12030,67,80940,9517.709583,0.1446110341,0.1324563449,11,2.190846221,6.332026177,39,17,8,6,2663,1,0,2,3
12031,34,112515,4554.285826,0.0766774184,0.08922802022,42,7.468348777,8.896215562,33,1,2,1,4935,0,0,2,0
12032,68,106371,1454.981893,0.1715991122,0.06547569629,1,8.046053142,9.424435332,78,4,8,0,1908,1,0,4,1
12033,31,123229,6722.593868,0.08361048318,0.1378185439,19,9.914859148,10.94049872,2,15,4,4,4891,1,1,1,0
12034,44,32202,9605.012819,0.2825995121,0.1633134475,22,9.587952944,14.38162125,51,16,2,8,1592,1,1,0,3
12035,35,120950,7002.340329,0.1923764319,0.01849920087,20,7.424263101,12.65879185,45,14,1,6,224,1,1,3,2
12036,45,143981,8052.879158,0.09465997888,0.08218269741,30,3.497770039,12.84801487,85,18,8,4,4304,1,1,0,3
12037,68,145855,4285.213159,0.07256189962,0.07663865899,15,1.393463126,8.583924394,97,14,5,4,140,1,1,0,3
12038,64,111202,1054.985226,0.2178497522,0.1162994597,12,5.997173622,2.590515811,68,12,5,8,1510,1,0,3,2
12039,64,39290,1771.932657,0.2152600513,0.03164576071,3,7.893823712,9.714634308,40,16,1,9,365,1,0,2,2
12040,21,38130,9828.282811,0.1831683471,0.1873496879,1,1.095613774,6.390745447,85,19,7,5,4532,1,1,4,0
12041,24,57077,4982.524738,0.1881472973,0.114216951,49,5.72321148,0.9616917489,59,11,4,9,1102,1,1,2,1
12042,62,144600,219.0038428,0.1851220108,0.1855130328,0,8.945991142,3.325378901,28,2,9,5,4900,1,1,2,1
12043,52,135136,9558.136079,0.1144299996,0.1652187755,25,6.734960609,11.5065786,7,9,5,2,266,1,1,1,1
12044,65,39396,5028.021129,0.2818501789,0.04641138384,29,7.154029212,9.649575221,97,9,8,2,203,1,1,0,0
12045,26,80848,8379.057143,0.1489907546,0.03514441234,37,5.268989638,14.6872573,3,12,7,8,399,1,0,0,0
12046,25,103488,5529.735606,0.01589509104,0.1736375456,19,9.488350071,13.88996175,24,6,8,8,896,1,1,0,2
12047,69,80530,1106.852608,0.1110247893,0.1118590423,24,4.371825176,9.116761288,49,4,6,4,4501,1,1,4,1
12048,62,84274,6194.138863,0.04778194781,0.0137511221,18,4.411872361,2.746651076,22,8,0,9,185,0,1,4,3
12049,34,138179,9974.262736,0.1153812994,0.1875030822,26,5.659639559,5.377013748,24,3,0,5,687,1,0,4,0
12050,34,47122,443.9040482,0.1863961207,0.09987539588,9,6.273389702,3.878655058,97,2,3,6,4654,1,1,3,3
12051,66,49381,8433.762555,0.01657269761,0.06717789733,40,5.836826021,7.322486141,69,10,1,8,1845,1,1,4,1
12052,50,65435,2431.259877,0.2623581541,0.1081535955,16,8.367684079,12.10831483,97,16,8,6,1682,1,0,1,1
12053,49,125614,3999.275605,0.1869896444,0.1663544942,46,8.510616888,12.41680178,20,1,3,4,4214,1,1,1,0
12054,25,43267,3789.824167,0.09565784412,0.03095561966,1,2.184987769,3.081952919,93,8,4,7,3391,0,0,2,0
12055,36,133271,8998.092223,0.1002495004,0.07819725162,16,6.365474597,8.461771301,55,5,1,8,577,1,1,2,2
12056,55,140672,5094.413269,0.1450437712,0.07058466792,6,9.855092914,10.31262331,2,11,8,2,3476,1,1,2,3
12057,20,127543,4527.02544,0.08194662374,0.1695334088,15,6.3969244,6.251158386,78,18,7,2,1961,1,1,2,2
12058,22,81978,8198.448577,0.01125915905,0.1579087824,48,7.193476901,13.62883085,20,3,6,4,3542,1,0,1,2
12059,30,27088,584.1806296,0.01770165997,0.08601976657,26,8.752326835,5.705776658,82,10,6,1,4873,1,0,2,3
12060,64,117354,955.9175194,0.1137447949,0.1362527788,0,8.799416959,7.606954565,82,4,7,7,1107,1,0,1,1
12061,63,147728,314.7196831,0.04602428622,0.08494464164,21,1.154716841,9.009119421,48,19,9,9,779,1,0,4,3
12062,48,32822,6911.03075,0.01648546565,0.1185496293,21,3.154892195,6.696611478,45,5,9,4,350,1,0,4,1
12063,33,139456,5303.599757,0.2591880883,0.198330906,26,8.765903907,14.47270928,97,19,6,4,2088,1,1,3,2
12064,67,70216,8772.619046,0.08949982096,0.1117591488,15,7.003906039,11.52674759,77,15,9,5,2615,1,0,2,1
12065,49,56589,5035.475739,0.1559055474,0.1978291992,35,6.685352098,12.52171176,67,10,6,7,205,1,1,4,1
12066,39,85262,2296.01377,0.06202863442,0.1519678302,15,8.739497275,11.41313874,30,8,5,7,36,1,0,4,1
12067,46,77911,8070.958994,0.02355024195,0.03293723515,23,8.258950863,9.027547675,45,1,8,7,3737,1,1,0,3
12068,39,21436,3013.806157,0.2260112269,0.161233572,34,7.762155436,0.9083794257,74,3,3,0,3790,1,1,0,1
12069,60,81854,9363.328843,0.04623748785,0.04064427188,32,1.426175395,11.58877899,43,15,4,0,447,0,1,1,3
12070,20,81888,2579.19649,0.0174579017,0.1111424356,16,8.034893807,9.384065894,44,3,5,9,1280,1,1,3,0
12071,27,131201,1760.434463,0.1802967952,0.1265165945,4,2.805483728,1.670623322,74,8,6,0,2646,0,0,0,0
12072,59,47281,4983.907516,0.013905596,0.1795237865,34,1.234078838,2.219435104,48,7,4,7,3586,1,1,3,2
12073,38,108017,600.0996679,0.136522924,0.04998059995,18,5.427008832,7.477301789,3,6,4,9,3093,1,1,4,2
12074,33,116005,460.476112,0.09376245406,0.1764289937,42,9.481241123,12.86615765,79,17,9,3,2616,1,1,1,3
12075,29,104403,5010.543998,0.1026312156,0.1875538174,46,8.978078601,8.529349091,56,8,9,2,587,1,1,3,1
12076,19,126023,2229.55812,0.0111307225,0.02700259674,33,9.838515074,13.83442861,55,9,5,1,1708,1,1,0,1
12077,58,73952,192.5911201,0.2896603633,0.1782041724,31,3.218789259,12.32696262,37,10,9,9,2207,1,1,4,0
12078,41,42766,3030.963423,0.1599192997,0.05924420924,24,7.258536131,9.64636264,5,1,8,8,4869,1,1,2,3
12079,52,115273,4825.936803,0.1760285186,0.02539018038,21,1.502616517,5.043750391,81,18,5,3,1400,1,1,4,1
12080,47,41213,4003.458144,0.2031755206,0.1921291276,38,8.231075209,12.8646393,88,9,7,7,37,1,1,0,1
12081,47,113891,1441.147715,0.2412813194,0.08451866258,49,5.713877188,10.05830276,23,14,3,0,4390,1,0,0,3
12082,64,82239,5838.780796,0.1862936437,0.128366866,26,9.966574707,8.515097483,51,17,6,0,3444,1,0,2,2
12083,52,42537,7132.296612,0.2310374506,0.1150458928,32,3.159950113,7.759038682,38,4,4,5,1555,1,1,4,3
12084,36,22794,6787.837705,0.1401332354,0.05050456569,7,8.061834139,3.585776263,72,11,3,8,4615,1,1,3,3
12085,67,79204,3998.243021,0.1176697907,0.1372174884,29,2.538601229,0.7282109537,36,7,1,0,1306,0,0,3,1
12086,25,129832,1462.201897,0.2487088332,0.01876184791,47,3.584638664,10.88935137,97,5,8,4,602,1,0,4,0
12087,43,52324,5044.919058,0.260940052,0.048588036,25,3.660067512,13.83435357,33,0,4,8,4691,1,1,3,1
12088,66,76764,8915.274374,0.04996393424,0.1894861127,14,6.200803122,3.16310246,39,12,5,7,4201,1,1,4,1
12089,57,50858,4740.356205,0.1673714542,0.1911664297,35,4.285986256,14.05349298,39,14,0,7,713,1,0,4,1
12090,24,62850,2037.242392,0.2082563048,0.1017044864,44,4.9484354,1.542721475,36,10,3,8,3060,1,1,0,3
12091,47,33018,1021.227701,0.03424363362,0.04212363039,11,5.696253918,8.510744915,91,3,4,6,576,0,1,1,3
12092,24,147171,9444.873717,0.2795830769,0.0901078116,40,1.50598067,2.175607089,49,7,3,8,2922,1,1,0,1
12093,20,103017,7455.793148,0.1608318341,0.1766434583,44,6.988260936,13.39201464,10,6,1,7,3147,1,1,3,1
12094,18,70790,3198.37303,0.197182651,0.02335207034,42,6.843402185,1.996982753,77,12,0,5,2441,1,1,1,0
12095,53,101120,3023.988821,0.06169039695,0.03429502966,11,9.683216588,4.140291999,58,4,8,4,2640,1,0,4,2
12096,42,29850,8962.663019,0.08668606009,0.1801740407,3,2.20048462,12.18604339,25,0,3,2,4549,1,1,3,1
12097,54,111237,1857.925525,0.04509035284,0.08892284613,2,1.278701058,10.48305763,59,15,7,2,1150,1,0,2,3
12098,18,126759,5396.869168,0.08655962934,0.02585713498,36,2.199041858,6.127853686,7,10,7,6,3469,1,1,3,2
12099,32,129488,7163.692324,0.1527950619,0.03644972466,37,4.802183656,12.63315269,27,17,3,0,829,1,0,1,2
12100,54,65975,4024.264484,0.2517525838,0.1776651538,31,2.925401202,9.71764919,83,8,7,9,4305,1,1,1,0
12101,30,85510,495.0331912,0.1647797904,0.1031196406,25,2.946861564,4.266773457,59,3,3,5,1113,1,0,4,2
12102,57,85696,2354.812256,0.08089444349,0.04096891849,3,8.824582019,11.23390581,88,6,5,4,3399,1,1,2,1
12103,25,45832,9027.900561,0.02294011172,0.1798713534,0,3.914479206,5.329365925,9,6,4,0,2903,1,0,4,1
12104,22,116746,5278.877772,0.1903712524,0.1706029889,4,4.751175417,12.32820732,62,12,0,4,3341,1,1,2,3
12105,26,107826,8172.86834,0.1318463702,0.01437443665,1,7.15735751,11.83308676,60,18,8,2,2663,1,1,2,1
12106,18,114977,5601.286874,0.2954626214,0.1203881205,45,4.059478367,4.973514184,74,6,5,5,383,1,1,4,1
12107,53,44886,9441.660748,0.2361303668,0.05642396357,10,5.989207714,2.002954364,25,6,9,0,960,1,1,3,0
12108,52,117930,9100.427348,0.2444252176,0.1112958043,8,5.70589,12.4014339,22,12,8,8,3806,1,0,0,2
12109,19,28418,4880.591616,0.01354815664,0.06306098312,7,3.353668282,5.784508207,62,3,3,1,3676,0,1,2,0
12110,57,143152,3250.912852,0.2355606465,0.07001649337,38,7.453847929,5.217174754,18,11,3,7,2315,1,1,1,2
12111,40,27081,6056.520995,0.0664378601,0.1243519812,14,8.507022331,0.7638017921,17,7,3,5,2244,1,1,4,0
12112,26,122716,6781.388049,0.179880803,0.1123832438,8,8.05109988,11.02515966,49,15,1,2,2046,1,1,3,3
12113,51,30114,5033.715414,0.139752256,0.08508655558,41,4.557607122,4.473989267,18,10,2,1,1292,1,1,2,0
12114,63,137845,8240.603889,0.1757651167,0.03043791465,49,9.396626558,6.820148081,14,3,4,8,3769,1,1,3,0
12115,31,38722,1914.952366,0.04869862353,0.1941905407,29,9.090680539,13.54703129,15,14,3,1,566,1,1,4,3
12116,21,107508,3410.677123,0.1424985876,0.04317505459,28,3.401521242,2.31694788,19,11,0,3,597,0,1,1,1
12117,47,149752,6895.125938,0.02071395893,0.1302922765,24,2.115471926,1.051566641,18,1,7,1,4713,0,1,2,1
12118,48,148870,2542.170267,0.02188981097,0.02572150491,21,9.04427077,8.627368155,74,5,3,4,631,0,1,2,3
12119,55,37985,4454.462972,0.2007440579,0.1407794382,33,7.703709926,10.64787755,70,17,3,1,3108,1,0,3,3
12120,28,25888,9640.962112,0.2859925283,0.02801955884,21,3.798914772,8.158471394,18,11,6,0,2091,1,0,4,0
12121,52,89254,6296.17213,0.2354439464,0.05360658489,45,3.743890855,5.423875165,87,15,5,2,4106,1,0,0,3
12122,25,117683,9495.666623,0.1460551764,0.1329271879,29,3.899513699,5.740744209,30,0,1,3,2423,1,0,2,3
12123,20,140234,7252.169892,0.02620251463,0.06375768647,9,8.75200562,2.669896987,51,18,3,4,159,1,1,1,2
12124,31,128918,7274.20102,0.02305584334,0.1112416549,4,3.162081466,5.019875736,47,3,1,3,2217,1,1,2,2
12125,30,103845,5959.38602,0.05578875572,0.03365602473,4,6.859780456,11.50384496,7,9,2,1,1767,0,0,2,1
12126,62,143446,1507.865089,0.2929850461,0.04845610246,1,8.509994315,7.737545371,49,9,9,1,3738,1,1,0,3
12127,49,39299,5245.17148,0.1256117093,0.1494174226,29,4.486108536,13.41598562,60,6,5,1,4652,1,1,0,0
12128,51,76050,2601.395385,0.2545881146,0.01667638345,21,1.553421008,2.936022554,87,5,8,5,1413,0,1,4,1
12129,62,126747,9986.858288,0.2144913073,0.03124203987,12,7.829686061,6.915128184,7,11,0,9,2937,1,1,2,1
12130,36,42036,2742.923207,0.1855743112,0.05084164354,38,1.178825149,10.67331541,12,9,3,2,1154,1,1,2,1
12131,55,145234,2383.78985,0.2848695724,0.01383620623,24,8.477905196,4.448171838,73,11,7,2,458,1,1,3,3
12132,33,105421,6276.443236,0.07681935548,0.02812195272,26,4.247745775,4.369268041,18,12,3,5,3102,1,0,3,3
12133,19,49346,5158.393251,0.1419180021,0.06346438075,46,8.211888539,2.031228255,49,14,5,0,3,1,0,1,0
12134,57,133507,311.3938412,0.26076966,0.0276543158,26,5.908250572,13.44750215,22,12,0,5,1345,1,0,1,0
12135,34,145191,1382.378472,0.1700107792,0.1745626917,20,4.232946027,3.001667277,56,18,9,4,3886,1,0,3,1
12136,51,134673,8129.325124,0.08146909049,0.0225540202,30,9.093956492,14.56684228,96,15,3,2,2227,1,1,1,3
12137,59,46691,4888.550356,0.07058576088,0.1735869028,14,7.903400433,7.008148651,29,10,6,8,727,1,1,2,0
12138,33,125578,1545.550627,0.2283354903,0.1663434164,37,1.726366938,14.73588986,93,0,5,7,642,1,1,0,2
12139,55,134063,4705.901372,0.01370877933,0.02914470297,38,9.375322846,1.08512431,28,17,8,2,4318,1,1,2,2
12140,19,37986,2606.175923,0.2751157024,0.01478634971,35,5.203068954,8.722849747,60,6,2,4,2121,1,0,3,1
12141,19,47846,2313.555465,0.01534121655,0.01949848283,35,2.340669866,10.5171641,34,11,4,0,457,0,1,4,2
12142,43,142047,9581.480237,0.1929868236,0.1221718323,0,7.940904627,7.987060869,8,17,6,4,4068,1,1,4,1
12143,30,69665,3684.042816,0.1853769088,0.1373671887,10,5.658518296,8.76649052,71,11,0,1,4234,1,0,3,3
12144,64,133408,559.6679363,0.1777392338,0.1279241443,4,7.05460422,8.306803326,24,8,8,3,3532,1,0,2,1
12145,48,61401,9706.234059,0.1475594848,0.1128806019,33,7.246339873,2.667128833,63,16,8,2,3309,1,1,1,1
12146,51,93728,7968.91179,0.2572047965,0.04318997722,36,2.774721407,8.21266093,36,3,2,8,58,0,1,1,3
12147,56,124805,2618.691735,0.2012065324,0.16978124,4,9.73779218,8.355081558,37,3,7,4,3902,1,1,4,0
12148,20,148114,4148.029164,0.2367400616,0.07223543791,19,1.949887771,5.655933442,7,19,1,7,26,1,1,3,0
12149,25,70054,8636.666788,0.04350132373,0.1973738573,44,6.452150611,9.308510832,89,19,3,0,249,1,1,3,0
12150,40,58487,3638.393841,0.02447060486,0.0831229816,43,2.316972974,6.47260952,74,0,6,5,4566,1,0,0,0
12151,31,29412,5717.300016,0.01827326759,0.05997092036,41,8.895692623,11.44974568,39,2,8,6,1516,1,0,4,1
12152,44,142836,5395.08301,0.05268973579,0.1799076546,12,2.559215818,1.054046756,22,18,3,3,4692,1,1,3,0
12153,46,101499,4072.816031,0.2034322882,0.117808691,8,4.96933377,0.6442881512,95,7,0,6,251,1,1,0,2
12154,56,71473,6431.068828,0.1532663092,0.1471515836,4,1.781847637,8.096853644,44,19,6,5,1131,1,1,1,2
12155,56,119159,4785.578299,0.2281531543,0.08759576883,37,5.032299956,14.8437339,0,0,2,5,2887,1,1,4,0
12156,18,86553,310.1818676,0.06560179766,0.1785139461,31,1.036560557,6.959186731,48,5,9,2,2069,1,1,4,2
12157,34,25279,8162.392766,0.1164192822,0.1843677905,29,4.991231593,0.6722481093,8,8,8,2,1134,1,1,3,2
12158,58,95948,1220.242249,0.2676642891,0.09298609691,48,7.191030726,5.098035753,39,17,9,1,3783,1,1,3,3
12159,47,27712,4694.490316,0.2813572183,0.05573752872,27,2.6454702,7.275137992,27,8,8,2,3038,1,1,2,3
12160,30,35817,5841.01783,0.2773014549,0.133057563,36,5.976871681,13.56637403,96,19,1,6,1922,1,0,1,0
12161,38,73832,7084.509937,0.2473084628,0.1913710234,27,5.269452636,2.258595143,95,9,6,1,2769,1,1,1,1
12162,36,113616,4166.885699,0.2095884048,0.1282648273,42,4.014827924,13.9036571,7,15,7,4,3019,1,1,0,1
12163,36,76224,7381.930022,0.2749665893,0.1913022633,5,7.03719057,14.13222327,36,11,0,3,121,1,1,0,3
12164,42,26624,1400.365839,0.2171126616,0.07532351334,40,9.956243822,9.793880077,81,5,4,3,2662,1,0,2,3
12165,39,49126,6569.110928,0.2866415121,0.1838650235,43,9.44001198,3.765149937,70,13,7,6,2462,1,1,1,1
12166,48,102115,8280.755383,0.01718861629,0.03138769816,28,9.730927718,8.282270359,17,7,9,0,3559,1,1,0,0
12167,34,100667,8905.495331,0.2772762049,0.0781785396,3,1.181916898,12.34143133,75,14,1,0,2018,1,1,1,1
12168,40,57462,5837.70831,0.1711647555,0.1039495346,17,3.30755333,5.691681826,67,9,0,6,1452,1,1,1,1
12169,49,78676,3197.662461,0.04242134803,0.1340909643,14,9.304805577,13.6270199,76,4,9,3,3556,1,0,0,2
12170,27,66815,1717.229466,0.07232426822,0.06588645654,24,1.434635761,1.760377038,74,19,3,0,1135,0,1,3,1
12171,27,122955,3521.031653,0.2571261923,0.1856054671,3,4.283280832,4.954172393,79,15,0,1,4435,0,1,3,3
12172,53,108911,5445.746294,0.1567739169,0.1816642797,13,6.869819726,14.90136972,43,7,4,3,4881,1,1,0,0
12173,25,46093,2043.669218,0.2950171398,0.1618739565,49,9.846882692,8.966176615,77,10,7,4,1052,1,0,2,1
12174,69,131030,9529.897566,0.04408402176,0.03172887975,16,3.481948166,9.059954691,15,2,7,6,2129,1,0,4,2
12175,37,137385,8981.640746,0.1296260045,0.02487528072,33,7.877654288,3.978116137,51,1,8,9,2660,1,1,1,3
12176,49,52525,426.2762292,0.1062435885,0.1046449765,18,6.943321407,12.93458187,52,0,4,1,1225,1,1,4,3
12177,67,49030,5663.421802,0.1596792765,0.1554153136,28,6.52121444,6.721686183,85,0,7,3,68,1,1,0,2
12178,31,64067,7914.157023,0.1936969675,0.03341481965,21,7.686411146,12.00630254,17,19,9,4,2081,1,0,1,3
12179,67,135745,2529.380403,0.2018725461,0.1318731187,13,3.285330652,12.25492012,39,9,4,3,4455,1,1,4,2
12180,45,25207,5286.572701,0.01037580517,0.1102925243,35,4.048160646,3.035430146,60,17,6,9,4785,1,1,3,3
12181,63,96433,4119.319636,0.0357985258,0.1479379897,1,6.044175326,7.775924163,24,15,7,6,558,1,0,2,3
12182,69,46639,2045.808016,0.02016851176,0.09272129297,44,4.950830189,6.067864514,34,18,7,1,703,1,1,4,3
12183,41,22792,6185.9001,0.2607337525,0.1417263535,6,7.497930263,2.745262323,70,15,1,5,1574,1,1,2,3
12184,32,20420,9937.552537,0.1008547534,0.04032564758,27,8.205652785,2.289248326,83,2,0,9,2389,1,1,3,2
12185,39,114760,3716.343877,0.1164483981,0.05077291191,7,5.752089999,1.16409306,26,6,7,2,1539,1,0,4,1
12186,47,39198,5568.552182,0.1406076622,0.1816334721,28,4.545607099,10.67847044,92,5,8,3,993,1,1,0,3
12187,21,55608,3345.761348,0.2562982752,0.07258126431,9,9.206613838,11.84118446,9,10,6,7,3759,1,0,1,2
12188,30,66205,8781.791306,0.01410821568,0.1972461048,20,7.748640859,7.335137076,74,4,7,5,3391,1,0,3,2
12189,40,102951,8659.566734,0.04439929957,0.01877887355,34,7.059185088,8.67683253,19,8,8,9,2297,1,0,2,2
12190,25,125943,1869.856541,0.2086973054,0.1042164048,3,1.515693972,4.29893875,32,3,9,6,568,0,1,2,1
12191,35,37875,9009.493855,0.2895288316,0.07174756124,20,5.750597356,10.8646062,76,11,9,2,3073,1,0,3,0
12192,29,90511,1599.936239,0.1964080622,0.199233357,37,2.093518144,8.967371288,79,9,9,8,3542,1,1,0,2
12193,48,111997,1044.8556,0.08572580586,0.1981066037,24,6.944559833,13.29358214,10,2,3,0,2771,1,0,0,2
12194,31,41331,6564.052695,0.1607606843,0.05469622545,19,3.696642137,11.31914149,68,6,2,0,4620,1,0,2,2
12195,51,36893,3920.450648,0.2927443379,0.06077880714,6,7.64654043,0.7745635554,66,1,3,4,1250,1,1,3,1
12196,35,84913,5354.331875,0.1631421985,0.1524377216,6,8.003368925,12.24282286,58,7,9,3,3432,1,0,3,3
12197,51,38243,6560.450741,0.1183172126,0.179038142,31,3.703685083,0.8933768308,65,12,2,4,1170,1,1,1,1
12198,28,35535,623.0886542,0.1211934109,0.1361024277,31,9.786400172,12.30076057,52,14,1,0,1428,1,0,2,2
12199,58,83203,3000.236394,0.2904397175,0.1742947015,21,5.650252682,14.8153813,37,0,0,5,2376,1,0,0,0
12200,29,90597,4662.972487,0.2184857928,0.02202556653,48,2.960832623,7.472738853,9,1,3,3,650,1,0,4,2
12201,66,87394,2739.215357,0.2092801281,0.1317004115,24,7.976771398,3.790015642,5,17,4,0,2889,1,1,0,3
12202,32,45489,584.8167044,0.07729575329,0.1430324689,5,7.846689691,0.6387826779,84,18,7,4,1832,1,0,0,0
12203,48,99214,958.098075,0.172250545,0.04616062198,26,4.725046673,2.679248533,94,6,6,3,3258,1,1,4,0
12204,66,140295,8037.303901,0.1134561076,0.1578143398,17,6.927510293,7.804839666,33,1,5,1,2309,1,1,2,1
12205,46,120369,9122.728916,0.0796584425,0.1894103822,11,1.195539766,12.19549474,48,15,5,4,3814,1,1,1,1
12206,43,132695,1607.109694,0.2697101629,0.1806136335,27,3.621068971,13.13643224,31,15,4,1,1911,1,1,0,3
12207,35,104886,2567.693377,0.1211151845,0.0565438094,18,8.933259076,10.41163304,28,3,3,2,532,1,1,0,1
12208,49,33346,6557.269107,0.09200827712,0.07155860121,42,3.089008798,1.758904023,64,16,7,5,2348,1,1,2,3
12209,39,68005,9547.290583,0.280198915,0.1049261601,16,9.15027537,14.87448744,32,13,7,0,3183,1,0,2,0
12210,55,26773,3065.93812,0.06723045497,0.04008862501,34,6.218887283,11.3330078,16,7,9,6,4683,1,0,3,0
12211,34,115001,8566.6149,0.2261963876,0.191251101,14,9.126201747,6.683628872,97,8,2,1,3937,1,0,2,0
12212,40,146717,5109.64398,0.1992966719,0.04070335965,4,2.177840254,12.29829539,48,7,7,7,2854,1,0,2,3
12213,41,142580,9569.930527,0.2769404842,0.154670362,35,5.17535908,9.034307104,15,17,4,2,1213,1,0,0,1
12214,67,95324,1448.960758,0.2512936699,0.07487134872,32,3.66813181,9.240348317,6,6,0,8,3977,1,1,1,1
12215,25,52343,9739.356742,0.2145356132,0.1190069516,20,8.982296595,14.58388245,99,12,7,0,933,1,1,0,1
12216,58,132398,4465.688416,0.1012257816,0.01896302663,34,4.074032067,12.11635591,12,0,6,3,1651,1,1,2,2
12217,23,122746,9534.090065,0.1537150133,0.04895225293,41,6.296166319,4.30118525,83,7,6,5,704,1,0,3,0
12218,22,94783,4641.033149,0.2839037708,0.09443433528,26,8.448781102,3.03979033,3,8,4,6,2777,1,0,1,0
12219,61,65963,5347.813128,0.01672876287,0.1386663313,44,3.061207421,2.998476789,62,18,4,7,4620,1,1,3,2
12220,46,61983,8067.272597,0.2403562289,0.157736766,29,1.41166552,7.090304752,68,14,6,6,4882,1,1,4,0
12221,45,55972,7254.022157,0.08302500163,0.01572669838,38,5.447257524,6.134174721,79,2,8,1,612,0,1,3,0
12222,28,36959,6234.072872,0.06365491356,0.03897314105,45,7.152987291,7.065046838,72,10,9,4,758,1,1,3,2
12223,18,134886,4228.102234,0.07734513818,0.1486604304,29,7.473359008,1.409116127,75,13,0,2,4919,1,1,2,0
12224,60,109343,7945.139837,0.02732778753,0.1644805309,44,4.754765963,3.430115748,77,11,7,7,4828,1,1,2,1
12225,36,54133,9487.4605,0.297674149,0.05494859018,20,1.7075749,12.06376327,14,4,9,3,2202,1,0,2,2
12226,26,109754,197.1278797,0.2622620515,0.05363407893,25,4.628330632,11.48521802,4,1,8,8,1931,1,1,2,0
12227,44,71150,5919.666455,0.1611062309,0.0267255935,23,2.097915931,6.203020372,41,6,6,9,1851,1,1,2,1
12228,51,41734,8673.211197,0.2173799218,0.03855585536,21,1.649974726,6.161721299,17,4,1,6,4439,1,0,3,3
12229,61,108364,6565.81412,0.1714126552,0.01152301946,36,3.730917091,13.31543652,71,2,4,3,2406,1,1,4,0
12230,21,37400,8028.209653,0.2453578939,0.1220679356,42,7.994979337,3.137209815,7,9,3,4,2877,1,1,2,2
12231,53,40002,8961.104928,0.2549819056,0.1817393554,25,7.915100853,5.679610541,88,10,6,9,2150,1,1,4,1
12232,35,118329,7534.415057,0.07750922416,0.03841945891,21,6.472331932,11.57040206,67,7,2,7,3468,1,0,4,3
12233,32,144438,7198.472274,0.1433268535,0.1527742961,45,8.436156855,8.83150552,25,5,7,6,3311,1,1,0,3
12234,68,56492,9650.984325,0.1941058429,0.1189951504,32,5.507409981,1.373834953,74,11,4,7,3105,1,1,0,0
12235,30,117753,8650.478113,0.2937478409,0.1885851596,23,3.191000389,0.671446638,69,12,5,4,4570,1,1,1,3
12236,36,121762,8172.240909,0.2079799199,0.1616432793,4,6.129739953,0.7774493927,32,1,3,0,1017,1,0,0,2
12237,66,113468,955.3932687,0.2703141531,0.1720185143,23,9.309212784,10.0117444,21,15,6,8,3738,1,1,2,3
12238,23,141281,2466.395843,0.2553724948,0.131437009,34,1.32516347,9.526098993,92,12,8,3,3011,1,1,4,0
12239,65,128863,5611.884641,0.1787982885,0.1641538627,21,9.68372657,1.145416264,68,8,3,0,2523,1,0,1,3
12240,29,50875,7124.645039,0.2691600544,0.07666520566,32,7.698854397,2.413460783,0,12,5,8,2649,1,0,0,0
12241,68,45046,3101.827444,0.1194523011,0.04971334302,16,7.17617585,10.9770998,85,14,5,3,4017,1,1,3,3
12242,54,145347,1023.94832,0.1199922238,0.1833787945,11,6.524505191,4.989052554,34,7,0,2,2324,1,1,1,1
12243,34,43664,3179.881949,0.2364800365,0.1495238168,29,3.319632455,14.87943918,55,16,8,5,1951,1,0,2,0
12244,40,44453,7733.188888,0.04901766303,0.02723355042,25,8.971690534,5.031027501,94,9,1,5,4506,1,1,4,2
12245,43,24746,8786.27019,0.09868931306,0.1747128103,12,9.743149503,5.367461373,66,8,9,5,4971,1,1,2,2
12246,46,109509,9137.746119,0.1864860108,0.0762917486,5,9.317202932,6.582333573,2,16,0,1,3312,1,0,2,3
12247,50,143765,3850.780124,0.1318190237,0.0666727802,2,1.979319815,12.50101591,70,16,4,6,2265,1,1,3,1
12248,44,33217,3788.131891,0.2828098759,0.1284295778,10,7.628611157,8.580724867,0,18,1,4,1492,1,0,3,3
12249,42,83184,4126.403963,0.2879667602,0.1180337409,42,6.009898699,12.9300632,41,18,9,7,3814,1,1,4,3
12250,27,108898,3820.513747,0.1557485796,0.112268777,9,8.095032534,6.694504661,57,1,4,4,1753,1,1,0,1
12251,64,61835,6695.346414,0.1663279482,0.05842666485,10,4.170577558,9.320071185,87,10,0,3,1541,1,1,2,0
12252,40,29133,3647.400295,0.2201418566,0.1923570127,15,9.612715691,0.5669801089,93,7,6,4,449,1,0,0,2
12253,38,121345,301.4049725,0.1426068283,0.1905229755,19,3.813474513,8.845442973,95,16,3,3,1105,1,0,4,1
12254,38,60533,4446.343547,0.0651285557,0.01079081609,41,7.64180722,1.667578682,95,0,7,3,4805,0,1,2,3
12255,60,25404,2319.105455,0.2266210589,0.07418724954,43,5.534292388,3.298699435,84,17,7,8,3841,1,1,0,0
12256,30,53339,385.1906641,0.2239579079,0.01865424617,18,6.551968234,14.9643063,63,6,6,4,662,1,1,2,3
12257,54,48725,4761.34522,0.08104451998,0.1715472656,8,2.041006157,9.739106499,79,8,0,5,1460,0,1,3,0
12258,50,94332,2138.950136,0.2515457907,0.1784384653,35,6.497538169,13.10420296,3,8,2,8,4990,1,1,3,2
12259,41,65380,4582.143967,0.187958267,0.1084766739,14,6.071815038,1.331215297,16,9,5,9,3073,1,0,1,2
12260,61,68073,2849.724867,0.07852746699,0.1695388265,22,7.470338752,6.076136476,76,15,5,4,705,1,0,4,0
12261,28,80873,6076.717816,0.1990913518,0.14363846,20,3.589333268,13.00539346,98,10,5,3,245,1,0,0,2
12262,34,106900,9909.68613,0.07774676262,0.1049190492,38,8.490557947,6.456375218,39,5,1,7,179,1,1,2,3
12263,21,147240,5517.596015,0.08691755668,0.07912416581,4,9.507479382,4.177637702,33,11,7,2,1900,1,0,1,0
12264,64,61341,6504.269577,0.255922699,0.06058275481,21,8.938179455,7.474310364,55,9,2,9,3301,1,0,4,3
12265,42,21236,9200.830002,0.2795525551,0.05929153611,30,4.522170925,7.328622168,10,15,4,8,1089,1,1,4,0
12266,47,87916,3802.604135,0.08449597092,0.116792233,14,7.859848415,14.86494632,99,13,8,4,4111,1,0,4,3
12267,26,125481,1748.829653,0.2791348008,0.04169367703,27,4.285262583,5.640313132,88,16,6,4,1459,1,1,0,2
12268,38,148357,2899.693101,0.07925166549,0.04321045647,37,8.768021243,14.38153149,39,19,8,8,2289,1,0,3,1
12269,37,34538,4087.669913,0.04400753601,0.01197473466,14,4.378502876,13.72447407,93,4,3,1,4757,0,0,1,3
12270,36,31971,6485.675044,0.02688492464,0.1265323313,48,2.674374629,7.017910577,12,3,0,0,4282,0,1,0,0
12271,36,128601,145.4214914,0.08021283984,0.1989253953,18,5.401557647,14.20222612,23,12,9,0,3438,1,0,2,2
12272,29,119821,8548.493826,0.1217214968,0.1789516813,34,2.215787486,11.06874154,99,6,2,0,551,1,1,0,0
12273,54,103453,853.3303332,0.2789890302,0.1440810628,17,6.282312128,13.33266121,33,10,4,7,3543,1,1,2,3
12274,59,58655,9016.485974,0.08022581991,0.1592498066,9,6.189088663,13.43068158,7,10,9,4,4760,1,0,2,0
12275,34,97022,9499.40176,0.11598495,0.08920201609,14,5.41730397,1.739182944,81,11,0,1,1704,1,0,4,0
12276,54,80784,9902.017662,0.2229052037,0.06663511543,49,6.43357113,13.50396013,6,2,6,9,1546,1,1,0,3
12277,65,142547,8114.150826,0.09760148552,0.08003937356,23,9.777837852,7.598918851,61,11,0,6,4518,1,0,3,2
12278,56,138177,1504.369707,0.208466764,0.02547019553,46,4.44949562,9.737017016,45,2,7,7,2571,1,0,2,2
12279,45,81289,7091.053728,0.1353025676,0.1304210876,19,4.80497191,4.857503518,85,0,6,4,133,1,1,4,3
12280,58,57410,2112.880777,0.06696903627,0.04322435422,36,3.466251607,9.860028406,70,9,1,4,309,1,1,3,2
12281,52,110982,8981.565572,0.2228770813,0.1549468601,10,2.660092556,0.8926375737,12,0,6,3,3404,1,1,0,1
12282,64,71302,3234.398664,0.01784126167,0.04609552783,8,3.602684791,5.88211234,1,0,5,6,1455,0,1,3,0
12283,65,146112,3335.280173,0.09477709927,0.0533435648,4,2.913742729,9.614538265,1,10,6,7,4929,1,1,0,3
12284,35,41703,9184.76763,0.1132926464,0.1918880715,10,4.89222205,3.354659017,28,15,0,8,4042,1,0,2,1
12285,31,64191,230.9876008,0.1428832939,0.03002522328,38,3.099821852,10.25301432,90,2,6,5,3068,1,1,1,0
12286,52,138454,2020.2649,0.2071620773,0.1047800825,26,5.656136677,12.51878609,81,2,8,1,2778,1,1,1,3
12287,61,74112,4277.129439,0.1432274483,0.02191043641,1,3.576791233,1.041390465,57,7,7,1,4845,1,0,2,2
12288,58,31399,7037.143516,0.1823539926,0.0271742885,19,4.822103857,9.257270732,1,12,6,2,1847,1,1,3,3
12289,24,124365,6510.905044,0.1827759327,0.1303650688,20,2.163326897,8.919089684,58,15,1,4,4602,1,0,0,3
12290,58,32685,6727.177564,0.1182487785,0.12983818,49,2.475566841,11.84021777,52,14,6,7,1623,1,0,1,0
12291,30,107777,8812.218081,0.2808516671,0.04669285345,29,6.527047313,10.6138894,67,9,1,7,853,1,1,0,0
12292,35,24487,1298.201082,0.287197611,0.1757724379,47,6.087934176,7.091990435,60,16,3,8,35,1,1,2,0
12293,54,32018,5269.400793,0.1787367564,0.1434155292,0,2.540956929,5.640565654,48,2,0,0,2775,0,0,3,1
12294,30,50825,7282.229122,0.03079035529,0.06711601075,34,3.653285302,14.79191021,45,13,2,4,2892,1,0,0,2
12295,53,27750,6397.572585,0.1524269936,0.05719344602,25,2.993317415,7.775775668,71,0,4,7,4870,1,1,3,3
12296,48,78956,4538.309787,0.06348160477,0.1533141981,31,8.177112146,6.414970586,99,8,5,9,4263,1,1,1,3
12297,19,70229,269.4344001,0.1501322113,0.1493885456,8,4.283301244,14.89851693,58,18,2,2,4819,1,1,0,2
12298,33,103220,698.4774299,0.0646601148,0.03827806319,48,4.65366969,3.117280053,47,9,2,2,365,0,1,4,3
12299,26,63118,1277.519136,0.2141180212,0.07634569125,39,6.984065862,3.198932841,8,10,9,5,4937,1,0,1,0
12300,26,79615,3497.954753,0.03332444482,0.05116867687,20,3.929925483,14.65885161,17,13,5,3,3014,1,0,3,3
12301,55,99946,1264.769181,0.2864581822,0.06588739726,15,4.400257274,10.03650965,49,15,8,7,2214,1,1,2,2
12302,28,141337,4318.214899,0.06665900794,0.06463715287,11,8.181112311,8.0362153,85,6,1,6,2986,1,1,4,1
12303,39,141869,1868.555707,0.2015903375,0.195444503,35,8.150780327,1.482750979,74,8,1,0,4603,1,0,0,1
12304,50,77290,7813.745356,0.2759190817,0.1525401609,36,6.441132839,5.659985968,26,12,6,7,536,1,0,1,2
12305,53,35105,8727.727405,0.08188703106,0.1582098893,26,6.030797938,6.783353927,31,6,3,4,427,1,1,0,3
12306,62,38913,3957.510329,0.2809461007,0.0627104014,6,2.629085564,7.915357215,65,0,0,5,3431,0,1,0,3
12307,40,121564,5162.184477,0.122715653,0.01010014616,29,5.258647719,6.83021789,65,6,5,6,3710,1,1,4,1
12308,62,69515,9539.612791,0.288553937,0.02104983094,23,3.46922046,6.852578332,93,1,8,4,595,1,0,4,3
12309,62,67342,5401.526778,0.2916955189,0.1150699557,49,7.567761549,14.92511395,21,1,9,8,923,1,1,4,1
12310,51,132016,9951.224837,0.06454317247,0.06424141639,29,6.651458324,14.62286754,85,0,5,7,252,1,1,4,2
12311,26,135533,1507.096838,0.2510153277,0.04666137412,19,4.399016285,1.749869493,23,8,5,6,1895,1,1,2,2
12312,41,72184,8636.041564,0.06609209372,0.01943177511,45,5.815850666,2.945031496,90,9,3,7,2363,1,1,3,3
12313,25,103247,5022.309726,0.0756677799,0.1764175305,39,4.78967727,14.15334259,74,9,0,2,3097,1,1,4,0
12314,24,80506,324.8697014,0.03439668617,0.1240241959,44,2.317927215,5.125483837,12,4,6,3,640,0,1,1,0
12315,53,44967,9725.00712,0.05539571448,0.03040091075,27,8.026937612,9.367331143,90,6,3,1,266,1,1,0,1
12316,35,56023,9653.974207,0.1933435008,0.1556167631,3,9.0842581,12.06902427,14,9,8,0,2860,1,1,4,2
12317,20,74288,3894.381318,0.1402832917,0.1536068623,11,9.37311812,7.327673421,48,2,3,2,2900,1,1,1,1
12318,45,141796,9546.006504,0.2393738288,0.06498669179,2,8.102730159,0.7409724271,16,11,8,7,1728,1,1,2,2
12319,23,144939,1495.995458,0.1062790763,0.0458011094,36,8.394712151,12.50709994,38,19,0,7,2445,1,1,1,1
12320,61,121541,6833.090397,0.2909011245,0.1646565565,3,1.501523795,11.46548129,72,15,9,0,985,1,1,1,1
12321,61,46622,2000.09697,0.02446303684,0.0726172992,14,8.037019781,1.10076387,86,17,3,7,98,1,1,2,1
12322,38,65201,2541.80764,0.02825142678,0.1710113354,27,3.730721446,13.51188571,3,15,1,2,3188,1,1,2,3
12323,45,95033,7815.440628,0.2133987207,0.01829380648,36,2.240389237,12.92669349,56,9,5,6,1624,1,1,0,0
12324,57,36350,3835.845037,0.2673862766,0.1048649003,8,5.697072214,4.488162679,14,0,8,0,1815,1,1,4,2
12325,18,74820,170.562278,0.2406950556,0.04412310347,13,6.133484969,1.662024352,42,15,1,3,837,0,1,1,1
12326,53,68709,4200.9604,0.1520469555,0.1376885145,31,5.363288375,6.346019101,30,4,1,2,577,1,1,3,0
12327,38,108232,2357.886274,0.08819599478,0.1994706147,47,6.875058505,13.18608734,5,11,0,1,3421,1,0,3,1
12328,60,47470,6864.966144,0.0139009435,0.08837709609,2,7.42797218,7.494985411,89,15,8,9,1395,1,1,0,1
12329,52,50889,2025.042098,0.1577409216,0.02905900391,46,2.2340186,4.58285946,58,13,0,9,3331,1,0,3,2
12330,30,30224,8438.309932,0.1479344972,0.0703578927,17,6.552316387,3.860602148,64,9,1,4,4435,1,0,0,3
12331,66,127260,2744.22082,0.1098313108,0.1793862349,49,1.490067389,5.64800689,85,15,4,3,738,1,1,4,1
12332,27,25465,3990.979757,0.1776411085,0.1554945946,13,5.038882682,14.91226439,29,14,6,0,625,1,0,0,2
12333,61,102418,3050.564922,0.2213562622,0.05412021576,24,1.900446224,13.23715216,57,10,8,8,1937,1,0,2,3
12334,64,117739,6474.841143,0.2132575885,0.1911837567,38,5.046540464,8.432116101,85,5,0,6,2020,1,0,2,3
12335,27,113480,1101.519058,0.08634332412,0.1282157076,25,2.578988797,12.2220061,96,18,7,5,3726,1,0,2,0
12336,63,75214,4833.18379,0.1797380697,0.04192938606,5,7.609872477,5.085936373,55,14,0,6,231,0,1,2,0
12337,30,115373,3411.102671,0.05314459879,0.1187412071,25,9.096226197,9.420557624,68,12,8,9,1057,1,1,2,1
12338,54,22944,8852.965837,0.04526453473,0.09574260486,47,2.525860173,13.15488877,35,18,9,0,3111,1,1,2,0
12339,55,44336,826.7797264,0.2378981925,0.1657425582,40,7.629906412,5.831451811,45,0,1,5,4498,1,0,2,2
12340,41,58624,8313.981143,0.2111863116,0.07539040563,0,2.315396034,12.10575164,73,9,2,0,4475,1,0,2,2
12341,19,85206,1760.036718,0.2326993812,0.1762458808,49,4.903469253,9.407681338,0,10,9,7,319,1,0,2,0
12342,39,64764,976.9188333,0.05421405952,0.1642743734,20,6.629811902,9.422699547,11,11,3,3,1236,1,1,4,2
12343,34,117332,2102.996295,0.2752393909,0.1381746557,13,5.83953578,1.095897518,66,13,2,5,67,1,1,2,2
12344,53,114325,1116.264522,0.04860236783,0.05913537225,45,1.514366444,13.53927906,9,15,1,1,1310,0,1,0,1
12345,31,65420,5257.741087,0.2623107208,0.1943626195,7,4.263812933,11.75409021,0,6,4,9,3785,1,1,4,1
12346,27,109758,9883.328034,0.1121899945,0.1142466883,24,5.231451449,1.028841242,18,3,1,1,4999,1,1,3,2
12347,52,124381,439.8407841,0.04057588698,0.1824276559,48,4.522581295,9.355821067,81,15,1,1,115,0,1,1,0
12348,42,85671,4665.170658,0.09316299856,0.05098868086,17,6.989487014,11.3155773,94,18,7,5,1146,1,1,4,2
12349,20,35773,3922.096258,0.06261992412,0.1968418774,14,8.993558173,12.02927219,54,2,1,2,1929,1,0,2,3
12350,64,127596,3462.103501,0.1522942184,0.1650512535,41,7.008954142,1.783942874,48,8,7,8,4455,1,0,4,3
12351,55,46447,3385.449743,0.2854261509,0.1903531079,19,6.309661993,9.779140576,54,16,7,2,3450,1,1,1,3
12352,34,24033,8960.626291,0.1050826369,0.05034948913,15,2.341590341,3.878150822,85,3,0,2,3150,1,1,1,1
12353,29,75852,287.8638871,0.1875087058,0.09182503493,6,4.139630337,7.045846591,67,8,4,2,1662,1,1,2,0
12354,69,40497,7771.672235,0.268599054,0.02855044515,28,5.934585381,8.133595205,40,13,8,6,1249,1,1,2,2
12355,41,99714,2604.03847,0.1927214396,0.03602422525,30,9.406415036,0.8964923787,54,11,7,0,3235,1,0,0,0
12356,46,146892,3894.625557,0.1150377509,0.06395214608,28,3.743037535,4.843328218,73,18,9,2,3571,1,1,1,0
12357,60,92082,4259.484137,0.2973433469,0.1908088755,16,4.041620383,12.06291579,73,10,8,7,4774,1,1,2,0
12358,42,93932,3116.844365,0.06434994442,0.1367664194,4,6.30603517,12.71406891,78,3,2,2,585,0,0,1,3
12359,53,40978,1026.232732,0.1617442443,0.06978013834,17,9.097300783,5.285153592,68,12,1,7,4987,1,1,0,2
12360,43,128867,1231.875403,0.2410445946,0.1913689306,13,5.888798292,6.906062588,42,13,0,0,3062,1,0,3,1
12361,55,32882,3051.498128,0.01018817218,0.1505489673,30,2.569705019,12.55232541,80,9,7,3,568,1,0,1,0
12362,18,36945,8235.909624,0.2135925431,0.1823260125,49,1.679308401,3.411431173,81,15,7,1,3732,1,1,0,0
12363,37,107320,1432.813763,0.08728468004,0.1861719508,17,9.000936076,11.09914194,56,19,7,7,1799,1,1,0,3
12364,45,76485,7452.134348,0.05922074958,0.1526462525,46,7.029484744,6.40615877,47,19,2,7,1671,1,0,0,3
12365,33,88850,2959.810321,0.08951639438,0.05619535166,24,2.984716156,14.81300681,49,5,0,4,2832,1,0,4,2
12366,64,138648,8846.302858,0.2903767635,0.1993519015,10,7.520506329,9.225829914,68,11,8,2,1318,1,1,2,1
12367,34,79870,4340.451906,0.2686612252,0.07176725961,25,7.476188781,2.647061998,7,15,6,9,1919,1,0,1,1
12368,57,38595,1800.060802,0.07198879237,0.1376240924,4,7.949120454,2.992036429,55,7,5,1,122,0,1,4,3
12369,45,104291,9859.860056,0.0439377642,0.170514222,15,9.029567175,0.8959441898,90,2,6,6,1675,1,1,1,2
12370,29,117847,1848.68174,0.1156042553,0.04327868894,7,2.368290355,10.86500012,88,14,5,6,4917,1,0,4,0
12371,44,84038,5719.43623,0.1817775792,0.1257179192,12,9.610698058,6.928324293,25,17,3,4,787,1,1,2,2
12372,59,76126,5735.936133,0.2614719423,0.08128282762,31,9.986701607,0.6590480944,22,7,1,4,809,1,1,0,1
12373,64,131231,3790.853167,0.2901661363,0.05641492323,26,1.130378893,1.970597604,40,8,0,5,2302,1,1,1,3
12374,47,116134,9519.737066,0.2278344768,0.01223664442,48,1.821732712,4.696592543,86,19,8,5,3935,1,0,0,0
12375,58,55449,8454.358168,0.1837120917,0.1756750721,25,4.905569924,6.649701571,92,11,1,6,3451,1,0,2,0
12376,51,121110,8315.213652,0.05127628758,0.03581749397,8,1.3097597,14.10747307,96,14,5,9,3343,1,1,1,1
12377,54,130265,9744.104161,0.03146822915,0.1768422605,46,7.614076835,8.348738953,58,11,7,9,187,1,1,3,0
12378,23,38639,4625.382448,0.1828477948,0.1241312138,6,6.856571094,13.46641591,17,14,6,4,128,1,0,3,2
12379,24,65370,1062.139179,0.1663285907,0.1280005554,49,7.982711561,4.132687841,70,17,8,4,3601,1,0,3,1
12380,49,116559,7678.013662,0.2553655512,0.1674438409,45,9.985750546,5.317372683,95,2,8,2,344,1,1,2,1
12381,49,94628,3870.044537,0.1035556967,0.1067938179,7,9.400747879,13.2715973,70,17,3,3,4535,1,1,3,0
12382,42,91918,1984.417003,0.02151034863,0.07788406795,1,3.698644114,7.62474519,7,7,8,1,4319,1,0,1,1
12383,50,62710,4884.148698,0.132875398,0.03637326996,17,4.568178631,9.057338477,57,17,9,1,1513,1,1,3,3
12384,24,74051,9264.617508,0.2910628681,0.1183789224,35,7.983704222,8.825581082,84,9,1,9,3465,1,0,1,2
12385,69,80639,1796.434488,0.2407167224,0.1151017403,23,4.493364227,9.857947172,16,6,0,0,1638,1,1,2,1
12386,29,23159,8502.118271,0.01979393036,0.06584033228,33,7.287711276,9.039811271,50,1,5,0,3128,1,1,0,3
12387,33,91192,4240.228922,0.2636568821,0.1240108159,41,9.267603406,10.56830917,32,17,3,6,1310,1,1,4,0
12388,33,86988,1454.339609,0.146789952,0.09347970833,37,4.652898969,2.635526799,29,9,3,8,1940,1,0,3,1
12389,60,127739,8498.984809,0.1157827292,0.1630507292,10,6.044671151,10.804118,65,18,9,9,486,1,1,4,3
12390,53,38706,9699.241378,0.1105544668,0.1163023889,9,8.573148397,2.683660908,59,2,9,3,636,1,0,0,0
12391,30,29862,2983.580087,0.1825918334,0.1873989314,28,5.299029302,5.436061978,45,5,0,8,2848,1,0,2,3
12392,24,30219,3105.008477,0.1638738313,0.108416764,48,3.602184233,12.55452968,99,9,5,3,89,1,1,2,0
12393,53,109017,3966.405232,0.2004219008,0.1786241076,39,3.323521252,9.312870074,21,19,2,8,1937,1,1,0,2
12394,64,54536,8159.890608,0.1763560249,0.1088997762,5,1.646954347,14.52389976,31,9,6,8,2911,1,0,4,1
12395,68,91632,203.1302477,0.0517439267,0.1160266127,47,3.973261946,4.158318882,24,12,0,6,354,1,0,3,2
12396,26,123489,2317.169862,0.08459844254,0.07969351914,9,7.172733009,13.8507573,7,9,7,6,1661,1,1,1,2
12397,49,97391,7088.40813,0.2538985759,0.08603213346,29,1.529573998,9.80789414,96,18,8,8,1463,1,1,2,1
12398,28,82886,4115.83056,0.2023449693,0.1872892826,27,3.468620662,5.853967553,62,13,3,6,3484,1,0,0,2
12399,25,128798,3369.926667,0.1400361814,0.05242365638,28,2.004414638,11.90843945,28,10,4,6,258,1,1,4,2
12400,50,99996,8735.6006,0.06295441523,0.03307696712,24,4.640302324,14.34559648,80,19,7,2,2194,1,1,3,3
12401,40,53937,9181.605809,0.01223040043,0.1677400732,35,1.84051092,11.80362824,39,15,4,6,3372,1,1,4,0
12402,42,41094,9485.06357,0.1004473469,0.119613052,26,7.714458033,0.5938693845,44,2,9,4,1930,1,1,3,2
12403,25,145312,2798.250273,0.02590561751,0.06408298975,33,9.352219191,0.6488994631,1,12,3,1,466,0,0,1,1
12404,62,124894,9133.874834,0.1498623986,0.09215604186,33,2.730992915,2.329433313,48,13,4,6,2865,1,1,1,3
12405,39,135074,7395.958992,0.2483224213,0.1097319931,31,3.25519852,12.83551237,30,8,1,0,691,1,1,0,0
12406,21,137118,1626.72601,0.0927656118,0.1225066488,43,2.441394418,11.37858046,67,3,9,4,3826,1,1,0,2
12407,57,47924,6141.67328,0.2558487069,0.1659996944,3,2.686873985,9.776715827,89,13,1,6,664,1,1,3,2
12408,20,103325,360.7147111,0.2143236749,0.08492694222,47,3.804099353,10.57033456,8,10,0,6,2004,1,1,3,1
12409,46,20123,7112.943742,0.04632607551,0.1385355915,33,3.530537841,9.487188274,94,11,3,4,3274,1,0,3,2
12410,58,73149,7362.318474,0.1969229485,0.168605725,15,4.46653293,5.54433663,9,16,9,6,3727,1,0,3,1
12411,46,133930,7914.451235,0.05398714412,0.1703169566,46,5.724485319,10.94652093,50,15,7,7,4981,1,0,1,2
12412,51,91445,1807.998036,0.1998893669,0.05830658896,45,7.547807609,14.058927,69,0,9,9,4633,1,1,0,2
12413,51,51854,6319.674415,0.05138720057,0.07653287841,10,8.960398278,11.37022927,43,15,9,4,4937,1,1,0,1
12414,45,80796,1870.68118,0.1238282961,0.1230321465,14,5.134414637,13.07580522,25,17,9,9,3398,1,1,2,0
12415,30,89432,9471.835826,0.1743123384,0.1782967543,37,9.180760673,3.938781472,74,10,9,5,644,1,0,0,3
12416,32,78968,6782.605858,0.02460850971,0.1601847565,29,7.117804097,5.56463759,78,1,1,6,1024,1,1,0,1
12417,40,60834,1043.725895,0.05445942001,0.1209529513,26,7.560179093,7.862199433,83,15,6,6,1949,1,1,4,0
12418,61,127677,1951.619077,0.1029185593,0.1969093898,15,5.700191986,7.336657836,77,15,7,4,252,1,1,4,0
12419,43,37111,6668.254971,0.1440728249,0.09340757359,0,5.708979887,7.256813758,20,3,9,1,3047,1,0,2,1
12420,21,92575,4819.037912,0.2589613152,0.1700656085,24,5.78775769,9.788030819,90,0,0,5,1043,1,0,3,3
12421,43,130380,7389.346895,0.06430919562,0.1654998722,27,5.427800056,12.90317179,29,10,2,4,1882,1,1,2,1
12422,57,44099,2879.809109,0.1107665756,0.1825272792,42,5.1299066,13.36384935,70,6,5,5,229,1,1,2,2
12423,26,89206,6613.383615,0.1479751085,0.1976588875,13,7.971038376,2.682274269,14,5,6,2,654,1,0,1,2
12424,22,70293,1851.905664,0.09577578124,0.1041823725,33,4.489137145,1.807206627,79,5,4,0,4654,0,1,0,0
12425,49,128871,5482.731607,0.1914668558,0.04716963325,47,2.860615434,5.012625376,58,19,6,8,3398,1,0,1,2
12426,37,138719,9582.215956,0.08441470609,0.0975701178,3,2.220123498,11.18978817,83,17,5,9,4576,1,1,0,3
12427,67,35029,6319.4001,0.2339816221,0.1722381266,13,8.916216423,12.00507336,83,7,6,0,1964,1,1,2,1
12428,28,51811,594.9368133,0.1564946875,0.1688602605,15,8.765950097,6.057514779,85,5,3,9,54,1,0,0,3
12429,32,35793,9888.745164,0.0350284162,0.07383428244,14,3.192784281,5.001497383,69,7,1,8,1411,1,1,3,0
12430,49,126854,1652.976664,0.1918296796,0.01898829332,33,2.063843777,2.392169663,19,2,7,9,4509,1,0,3,2
12431,45,68106,7208.884117,0.1750806161,0.1068699986,12,9.644130259,3.954371833,68,3,0,3,2018,1,0,2,2
12432,39,105662,5372.047387,0.1081932327,0.1000791765,16,5.338152051,1.961244928,52,5,3,7,194,1,1,4,1
12433,58,104764,3014.170809,0.01323555273,0.02629515578,27,1.84039437,4.905857688,74,16,3,5,2373,0,0,3,3
12434,34,147418,1855.373806,0.06820344723,0.1610290916,9,2.937771839,10.30378231,1,0,0,7,439,0,0,2,3
12435,43,104131,1859.253406,0.1276557634,0.06388215205,46,7.333828669,2.369834499,29,14,7,7,2662,1,0,1,1
12436,61,20972,8598.156844,0.0679750698,0.1326928975,16,1.731846765,5.158891441,7,14,5,1,1922,1,0,4,2
12437,24,20360,8741.83389,0.1774724251,0.0292826939,7,4.897577058,8.165270355,39,11,1,2,455,1,0,3,0
12438,59,22632,4704.940664,0.2165742192,0.1735336029,1,4.84824711,5.243050181,7,5,3,8,2649,1,0,2,0
12439,43,55958,1125.852483,0.2582451205,0.1504621556,0,7.171103394,6.873829413,16,19,6,1,2994,1,1,2,1
12440,42,123252,8853.234528,0.1976249594,0.08380031471,4,2.794634011,7.704588233,98,4,8,3,4489,1,0,1,1
12441,27,100882,4921.463213,0.2098126742,0.1296029004,34,9.853936441,11.73762954,29,6,6,0,1376,1,1,1,1
12442,62,133858,4443.747986,0.1864481409,0.04561623961,21,2.397511266,12.72488728,0,7,1,3,2680,1,0,4,3
12443,36,38008,4132.834542,0.2957909567,0.1972302733,42,6.385297062,3.289652434,68,9,0,2,3093,1,0,3,2
12444,28,97656,3713.640321,0.08569016503,0.161260528,15,3.952920368,5.855349299,63,6,9,3,3930,1,0,2,2
12445,30,50283,5307.453496,0.08721501735,0.1598986006,8,2.195920688,8.839816062,79,6,6,2,2406,1,1,4,1
12446,25,70908,6084.958143,0.04663675601,0.03914224134,35,5.849951884,7.74100613,35,13,8,4,101,1,1,4,0
12447,57,27818,4717.678815,0.1508484545,0.01336936973,8,2.525622036,1.666066454,78,3,1,3,2190,0,1,1,3
12448,21,90655,8976.816818,0.03788689405,0.1212205599,13,7.118638329,5.50197971,48,9,2,8,4532,1,0,2,1
12449,64,50579,3244.846162,0.0883425131,0.03738291625,9,1.291877876,3.799073082,80,12,3,4,4826,0,1,0,3
12450,48,75178,5825.287382,0.1499774693,0.1582823567,21,5.593551329,6.550377789,76,6,8,4,1024,1,0,1,1
12451,45,77584,3069.54381,0.2877027286,0.08905446663,15,2.970845707,5.400739907,23,2,6,1,1790,1,0,2,3
12452,28,85020,7558.165236,0.2895057682,0.07433290731,40,9.549950893,10.5830476,3,4,1,3,872,1,1,4,0
12453,60,131257,1110.998883,0.2256846679,0.02399335987,2,7.394786946,6.320946701,76,17,3,3,4660,1,0,4,0
12454,18,133204,1968.120068,0.1228825469,0.1992523652,27,7.797536981,4.002129988,61,6,3,4,4486,1,1,3,0
12455,66,115373,8031.893958,0.2608967693,0.1916420483,29,7.348151193,9.484934065,8,5,3,4,1062,1,0,0,0
12456,64,141663,1913.656193,0.2638821826,0.03500341248,28,6.993059084,11.0399229,25,7,9,3,216,1,1,1,2
12457,69,20975,6294.888827,0.2739572404,0.07323420479,0,2.242432045,2.069889312,46,6,6,9,3352,1,1,3,2
12458,55,83479,9705.410174,0.195607264,0.08424963222,27,9.976855286,4.142915784,15,19,5,1,4816,1,1,3,3
12459,41,36265,5276.617076,0.06851991073,0.06639220484,21,6.916380257,3.527707355,36,10,1,6,3188,1,0,0,1
12460,64,83518,1955.224819,0.0364134241,0.1875490263,31,9.076411368,3.415765956,69,9,9,9,4771,1,0,1,2
12461,48,24318,3274.841352,0.2752848962,0.1470549475,10,5.534254095,13.57876298,10,5,1,1,828,0,1,1,1
12462,58,140611,8252.234957,0.02610837136,0.1916241171,25,3.573739891,2.32739723,1,17,2,6,488,1,0,4,3
12463,63,55081,3581.44304,0.09580811724,0.1761560265,30,4.935064184,13.13144838,93,5,9,8,2155,1,1,1,1
12464,67,78649,7262.762454,0.1512189124,0.1533628887,19,4.592434909,6.211614131,82,9,0,7,4546,1,1,3,0
12465,43,135475,7795.765623,0.01637324093,0.1424237503,19,1.143634381,9.791617346,22,8,8,8,3816,1,0,4,0
12466,66,137116,5061.710188,0.273004555,0.1745708733,32,7.07444324,6.893759498,46,7,6,7,428,1,1,1,2
12467,67,127051,7853.812505,0.09326508851,0.1399884804,4,7.638826011,9.181818845,61,11,6,1,1909,1,1,0,3
12468,22,63069,3237.339744,0.01826639169,0.04585676181,40,1.368215089,8.499004937,75,9,8,8,1078,1,0,3,2
12469,37,133352,5209.980502,0.2981410992,0.1331440381,2,3.213490319,6.777762101,38,11,6,6,4638,1,0,2,2
12470,69,98670,6896.926813,0.1003040224,0.1078503116,43,6.979926769,4.487857999,5,17,0,3,4503,1,1,0,2
12471,58,124968,1763.924158,0.2642618232,0.1965599886,49,3.897053155,13.99764085,35,18,3,9,1007,1,0,0,3
12472,28,131686,2808.857477,0.1415075916,0.1068934539,33,9.404648464,13.78152654,61,13,8,6,334,1,1,1,0
12473,50,96377,6555.162374,0.2023065113,0.0173064468,30,2.013362699,1.531174999,59,12,5,8,2638,1,0,4,0
12474,67,111671,6588.065186,0.07991614337,0.06019600705,41,9.352782255,3.741056881,78,6,7,0,3105,1,1,4,2
12475,55,32427,4983.6962,0.1558338448,0.1843025345,6,9.225634821,8.823962499,35,7,2,3,3357,1,0,3,1
12476,44,60251,7976.295032,0.0847188458,0.1928477028,29,9.601890382,14.71652335,76,14,5,8,2209,1,1,1,0
12477,51,119667,4872.34353,0.2858143256,0.1484147296,17,1.695049513,11.04785838,71,8,3,9,2483,1,1,4,0
12478,32,122263,8825.090428,0.0276741696,0.02080414077,15,3.451612729,12.36588052,88,2,7,3,96,1,0,2,3
12479,49,45165,7385.443966,0.08965543898,0.01447286367,12,3.261879389,5.056226494,87,4,2,6,4688,1,0,1,0
12480,38,87285,3215.479147,0.2690015742,0.1011230505,32,8.967643593,3.674234554,30,3,4,1,2209,1,1,1,0
12481,63,141359,4013.014684,0.1492104277,0.1999377382,6,8.264586466,3.776451858,39,19,1,2,3303,1,1,4,2
12482,22,118844,6710.098189,0.1840243925,0.1751663801,29,2.4300526,7.507587327,59,19,6,7,1910,1,0,0,2
12483,23,84927,8955.080926,0.1989910777,0.187290448,10,2.27330168,12.94796326,12,5,8,0,2258,1,1,1,3
12484,55,93170,1869.216454,0.03056897841,0.1284728859,5,5.267180802,3.637363798,92,7,4,2,3002,1,0,0,3
12485,39,96150,5195.169034,0.01514423486,0.1732336984,20,2.560055048,8.769613002,95,2,8,7,4565,1,0,3,1
12486,35,44866,1275.965771,0.281973905,0.07074269114,31,5.28310433,12.22752398,36,3,1,5,3744,1,1,3,0
12487,31,30282,2866.606038,0.08873582514,0.01519916066,4,8.602251555,7.755165315,60,16,7,9,2050,1,1,4,2
12488,27,40319,6891.215457,0.120290802,0.1844676194,41,5.499228285,6.545087044,17,16,2,8,497,1,0,3,2
12489,63,56726,869.572889,0.2078070195,0.05150181868,28,7.520006591,5.524715173,89,4,9,4,1326,1,1,4,0
12490,30,35412,6657.349961,0.07852812435,0.1484124074,34,3.250646167,9.206504157,17,16,4,8,2265,1,0,4,3
12491,48,122163,9018.030097,0.2225906973,0.1352037898,46,3.39208877,12.35652149,33,11,2,8,2977,1,1,0,2
12492,47,93586,9696.765881,0.1428902328,0.0400510742,11,6.344048484,14.94389437,53,2,4,9,3618,1,1,0,3
12493,20,144135,2244.65879,0.2584168435,0.04719800934,36,8.67186825,13.10571182,30,1,4,7,173,1,1,3,2
12494,47,140019,7514.08977,0.09077678437,0.07252377147,45,5.779991193,7.064877851,78,10,0,9,4228,1,1,0,2
12495,23,44583,9271.067442,0.06910851933,0.1538168241,43,2.78453146,1.649009058,36,5,7,0,437,0,0,1,1
12496,46,103577,1004.556177,0.2511896226,0.01745640649,21,2.960485401,2.247790275,83,16,6,7,1041,1,1,2,2
12497,25,81922,4198.833724,0.1046345588,0.08734306065,10,6.553133782,0.9252132002,91,18,7,7,2224,1,1,1,0
12498,61,26185,9202.156692,0.1294419073,0.1363715092,22,1.930539036,5.758616971,67,12,2,9,3863,1,0,1,0
12499,62,106348,2107.596233,0.2401752715,0.04257947973,44,1.589293959,7.482493194,71,4,6,9,3793,1,1,4,0
12500,60,111368,9344.230769,0.1943171958,0.03268928179,9,1.925135479,12.39883455,57,4,6,2,2705,1,0,2,3
12501,61,76389,5319.201504,0.1381005082,0.0841403258,41,4.531100473,1.743141507,81,18,1,8,4346,1,1,4,2
12502,50,146830,1088.941517,0.08246824758,0.06444625139,23,4.18933201,3.807731093,95,14,2,7,2726,1,0,0,3
12503,34,37423,4553.785436,0.231618281,0.1333281762,45,1.019319332,7.904452134,52,3,5,9,1481,1,0,0,1
12504,65,71268,3329.985835,0.062325,0.1942180219,15,2.455048545,12.82175685,86,5,3,6,136,1,0,2,2
12505,28,132692,2893.821189,0.2792010842,0.01084909783,11,4.127608896,1.770770593,61,2,3,1,4724,0,1,3,0
12506,30,61644,5460.608199,0.05359166005,0.1814521834,49,4.869645504,4.029821316,78,10,0,0,1424,1,1,0,1
12507,67,56786,4887.567638,0.2434307707,0.09231237691,31,4.620675183,8.386619749,6,18,7,4,2274,1,0,1,1
12508,28,115201,4871.47488,0.1330321714,0.1361614686,23,3.876562247,5.203292495,30,3,1,0,2210,1,0,2,2
12509,48,95525,972.6031379,0.06394180755,0.1716951362,3,8.307292382,14.8897664,95,6,5,3,969,1,0,2,0
12510,45,142234,8042.949992,0.1266898921,0.1189571456,41,4.744182826,7.055927138,39,2,9,3,1011,1,1,0,3
12511,61,103744,4866.249222,0.0742500267,0.02848924717,32,6.800257567,13.71467684,77,4,9,1,703,0,1,0,2
12512,23,138222,8226.967704,0.04943815874,0.03671308338,17,8.492442926,14.14287304,82,15,0,3,4552,1,0,4,0
12513,58,108590,8263.486951,0.07935506569,0.159963208,46,8.68347057,4.261773666,49,18,0,0,3354,1,0,4,1
12514,33,50477,3239.639716,0.261545557,0.05352866397,16,8.713146795,5.234261653,79,17,9,1,681,1,1,1,2
12515,21,115910,143.0284077,0.04072329237,0.1181171471,20,5.45182535,5.199984107,8,2,1,7,2943,1,0,2,1
12516,52,142942,9121.332207,0.2920364805,0.09133529737,0,6.951891035,6.82652404,64,4,5,3,607,1,0,3,0
12517,65,126756,7630.877462,0.01144955157,0.06769140673,45,3.832039368,1.415684616,24,6,3,3,615,1,0,3,3
12518,43,23571,1161.794373,0.2008890648,0.1595238372,43,8.756597243,12.20663219,7,6,7,7,4176,1,1,2,3
12519,29,39576,7047.097637,0.2583884756,0.1489311639,24,2.919787357,2.397387734,38,2,6,8,3904,1,1,1,1
12520,28,139641,298.2303598,0.280847718,0.132760688,30,8.089343047,13.4581436,31,8,3,7,1933,1,1,4,1
12521,54,82703,374.8147853,0.0517558221,0.08080756,42,5.228085995,8.860435932,7,7,3,0,3271,1,0,4,1
12522,42,29680,5305.650072,0.212480464,0.05302936156,19,3.689083731,7.481570858,12,17,4,7,2444,1,1,4,2
12523,35,45706,1050.770549,0.04113127269,0.1080200407,25,4.416924386,10.08143303,66,9,6,8,4228,1,0,3,0
12524,36,99854,9646.931573,0.1122573332,0.1652497791,18,6.294425463,14.02996059,65,19,9,3,3867,1,1,3,1
12525,40,106195,8948.929144,0.2222586437,0.1193763444,29,9.369851076,4.801671467,27,7,8,7,105,1,1,1,1
12526,55,84527,6533.139109,0.1103322356,0.1943265322,24,1.877886876,4.417693894,3,7,4,9,3435,1,1,3,1
12527,35,135042,730.7188113,0.1008786712,0.01293312273,35,9.27529639,5.863231806,22,16,2,4,1951,1,0,0,3
12528,43,90565,3315.869052,0.04365583945,0.1996858885,48,8.341376674,7.558725559,33,16,8,0,1933,1,0,3,1
12529,23,68436,3780.057679,0.02926704736,0.1413677188,17,6.285910972,1.597716582,54,3,0,6,4158,0,1,4,0
12530,21,22774,4860.710375,0.04343061747,0.1682080633,3,2.173147545,10.3598145,70,5,1,1,2818,0,1,1,3
12531,61,36972,1772.138453,0.2638876847,0.07364094988,26,8.312097395,8.052969984,93,18,3,4,1272,1,0,2,0
12532,68,34048,5817.365264,0.01324757236,0.1065848523,32,7.215686873,8.328809524,57,0,5,0,3014,1,1,2,3
12533,46,118908,4414.129414,0.2109311022,0.1614279571,5,5.475868155,4.119871524,72,3,2,4,3501,0,1,1,3
12534,51,128724,9478.239938,0.2329010267,0.1545233997,6,8.972805356,12.68869674,18,10,9,5,721,1,1,0,2
12535,34,126669,9368.332773,0.1746876082,0.07346654149,0,6.980089668,6.271855448,8,5,2,8,3668,1,1,2,3
12536,60,100225,5698.192158,0.2219248547,0.07163794465,37,3.597697274,9.957810624,22,11,8,9,1502,1,0,4,3
12537,60,102273,6479.058426,0.199158204,0.1359341286,34,1.392579792,3.980884461,74,4,2,2,2731,1,0,2,0
12538,33,146170,1464.185031,0.1421119618,0.1873952445,22,7.834006307,12.33623986,12,13,4,2,1549,1,0,2,0
12539,19,101550,2310.900065,0.1209860241,0.09336933823,15,3.299223054,4.845884233,92,16,2,0,3061,1,1,4,1
12540,51,107354,9017.082502,0.2829862766,0.07705894187,33,3.524676491,13.86446,30,3,0,5,2521,1,0,3,2
12541,25,118737,7021.742637,0.2918620178,0.1799905369,33,5.047423942,7.094492739,71,14,4,3,1176,1,1,0,3
12542,30,96680,1975.358953,0.1988687071,0.1397806517,30,7.749708894,2.604676209,18,5,4,1,565,1,0,4,2
12543,59,116537,5745.08203,0.06721666357,0.08377243614,42,9.318878525,9.362316852,4,12,2,3,2689,1,0,4,1
12544,25,77602,9354.13638,0.1398907571,0.02088248386,30,2.946446959,8.571194052,90,11,8,8,4128,1,1,1,2
12545,47,86403,3517.193951,0.1539958721,0.1470829617,10,8.938146346,6.610798099,38,9,9,2,1835,1,0,0,3
12546,49,47182,1939.621718,0.2298113152,0.07704843323,7,6.439352719,12.38580936,13,5,3,7,1764,1,0,3,0
12547,53,99876,9426.050241,0.2036553681,0.02340757758,23,8.700211909,6.608686072,21,8,2,4,442,1,1,4,2
12548,64,97373,4666.527067,0.1592961845,0.1263349266,22,8.633870398,2.47522634,21,15,4,4,1151,1,0,3,3
12549,47,67059,4230.695787,0.2073057218,0.07137130539,31,4.531457399,0.9144543192,4,7,6,6,340,1,0,4,1
12550,18,28787,2748.915278,0.01697648555,0.07430673658,14,7.103204319,13.43635919,61,6,1,4,951,1,0,4,3
12551,60,140452,8926.69442,0.2352242433,0.1010423248,27,9.51945686,7.267197075,51,13,4,6,261,1,1,1,2
12552,56,20393,8471.605992,0.07137334786,0.1463202058,19,7.051460453,8.662946916,79,3,2,1,2613,1,1,2,3
12553,34,81775,4089.604954,0.2003586505,0.06250279075,13,5.123433918,2.163744903,38,2,8,0,1377,1,1,0,3
12554,37,79454,403.071471,0.04305224312,0.025379724,25,4.347652344,7.596479443,25,2,7,9,626,1,0,1,2
12555,41,32056,4521.849162,0.04319364242,0.09064088707,49,2.289822306,8.233790953,79,18,8,6,3246,1,0,3,2
12556,67,81483,1890.494364,0.02034071671,0.02043583039,36,9.989170355,7.246165356,55,9,5,4,4345,1,1,4,1
12557,39,128696,1513.067294,0.2739675149,0.1424810169,1,6.920366217,14.3347365,11,13,3,6,891,1,1,4,3
12558,46,64957,3991.626758,0.1853220397,0.1922562589,33,3.489013079,8.785083939,79,5,8,0,3631,1,0,0,0
12559,39,48429,1080.86168,0.1149689615,0.1351641735,33,1.670038367,14.62861516,48,11,3,6,3970,1,0,1,2
12560,61,65909,9578.898619,0.2384555449,0.06232418545,33,7.78527631,2.723331615,11,11,3,0,3406,1,1,1,3
12561,26,72906,570.6378996,0.1915638382,0.04452345363,8,8.695644215,13.75574619,95,3,1,2,798,0,1,3,0
12562,54,117435,4073.559311,0.1898233502,0.05422887855,43,4.850169607,8.517359757,4,9,0,2,1942,1,0,1,0
12563,27,117757,1710.75675,0.1512424104,0.0521059006,49,9.60473182,4.793978716,99,11,9,2,207,1,0,1,3
12564,53,106290,6919.232083,0.01229876581,0.06962779615,2,3.956321323,11.31325197,91,16,3,4,3545,1,0,2,3
12565,54,64389,880.2333472,0.08495412686,0.02849586884,29,7.804550022,8.565801298,50,6,5,1,3562,1,0,0,3
12566,45,40905,5513.375185,0.04163224143,0.180186621,18,3.366841959,8.847307894,3,9,3,0,3248,1,1,1,0
12567,45,109619,7753.704802,0.2020988572,0.1781728941,30,4.023434812,2.993116372,92,0,3,5,348,1,1,3,3
12568,59,73730,9505.592367,0.08210003832,0.1268948882,15,6.448513125,10.35913515,82,18,1,9,3439,1,1,4,2
12569,60,77557,7015.422873,0.1405483326,0.02176486971,42,1.329995693,4.765025293,24,19,2,9,1096,1,0,1,0
12570,38,136814,1084.968401,0.1124947865,0.1627601407,23,2.897374267,5.658578713,98,4,2,3,3071,1,0,1,2
12571,41,126634,976.3534422,0.051527634,0.02173983091,14,2.587111848,13.64535779,23,5,6,0,3615,0,0,4,2
12572,59,115157,7342.820681,0.2879273675,0.03022003251,21,3.951889726,3.10272367,55,0,3,8,3517,1,0,2,3
12573,57,106113,2231.76111,0.2806916004,0.0718063146,31,7.997183268,13.35635504,18,14,2,6,2835,1,1,0,2
12574,19,122264,4527.669155,0.03453637395,0.09197936036,10,9.168413848,7.756061835,22,1,4,5,2795,1,0,2,3
12575,25,86199,9768.548903,0.2499359525,0.07723890178,28,1.114053005,3.088397962,94,17,3,3,4411,1,0,3,0
12576,65,67301,8217.077304,0.151628368,0.04139365839,41,3.315180494,12.26818348,82,12,0,6,1674,1,0,1,2
12577,44,104752,8481.274237,0.2343834065,0.03130464636,23,1.228500505,9.961202028,95,1,5,6,1185,1,1,2,3
12578,39,67259,8621.622057,0.05383556796,0.1732888931,18,8.751190019,5.528898341,76,7,4,7,4191,1,1,0,1
12579,54,94801,6233.498867,0.04835949996,0.07900443293,4,2.788601906,4.860528061,45,4,6,8,2224,0,1,3,3
12580,44,24574,7464.945846,0.2683196753,0.05153388184,45,7.936279855,6.603675293,17,14,7,9,4928,1,0,2,1
12581,46,108291,3653.713055,0.2703676526,0.1025283578,40,1.299744915,2.475095219,60,12,2,0,1446,0,1,1,3
12582,20,146902,9984.617643,0.1451145272,0.0169964461,37,4.585457106,12.23411755,70,16,3,2,3167,1,0,0,1
12583,61,76776,2868.25948,0.2623457613,0.1240534246,0,4.227623449,4.54051755,44,3,4,5,1987,1,0,1,2
12584,30,116777,5941.073293,0.2035630959,0.0572130215,29,3.964006438,12.48957623,87,6,7,4,1942,1,1,1,1
12585,62,108212,2892.410615,0.06365282536,0.1236573187,11,6.131589859,11.10390021,45,1,9,9,2300,1,0,3,2
12586,27,107097,1209.503401,0.1053967368,0.1266837812,45,4.521780137,14.15661624,16,8,6,8,3032,1,1,0,2
12587,53,44737,5719.099567,0.04945758865,0.1637525964,3,4.629075144,1.937549928,14,1,6,9,2211,1,0,4,3
12588,26,43390,3598.151842,0.234445114,0.05368190357,14,2.702831191,5.563137421,72,16,4,1,2099,1,1,1,2
12589,44,111612,5873.870748,0.2957227102,0.09805828134,16,4.730550897,9.546320154,33,17,3,3,1147,1,1,0,0
12590,51,72330,5630.916919,0.1684497147,0.1927585943,11,7.669820179,12.9493619,98,5,0,4,3986,1,1,1,1
12591,68,91082,5468.341619,0.2002006801,0.1481537204,0,3.907783705,2.756623292,7,17,5,5,2510,1,1,2,3
12592,18,73642,1320.681108,0.2263668448,0.1953153235,12,8.713766186,12.99027822,49,5,8,9,2207,1,1,2,2
12593,49,41280,4457.789666,0.0750351397,0.1861994855,29,2.495182689,1.47114321,10,1,1,2,672,0,0,0,1
12594,42,118489,8138.839,0.1074403618,0.1260422334,9,8.619699135,7.378174402,87,1,0,1,4923,1,1,3,1
12595,46,41037,3219.920606,0.1295731513,0.06014676762,35,6.541901963,1.724441433,41,5,9,7,452,1,1,4,0
12596,24,136668,4493.931902,0.1824306105,0.1538155898,5,4.813995878,2.673118213,93,8,4,8,3822,1,0,2,1
12597,66,139229,4988.932744,0.2566428477,0.1426426567,8,1.317130539,11.73634263,84,3,3,1,1413,0,1,3,3
12598,20,60576,8641.039995,0.08371902793,0.1218891229,49,2.13911006,0.7701500353,42,9,3,2,3041,1,1,4,3
12599,37,48564,6590.437715,0.1465577522,0.1425875534,1,4.72832551,8.552776301,34,19,0,5,640,1,1,2,2
12600,37,119133,1092.005095,0.2279448342,0.1265814188,5,8.901352697,1.925377581,58,1,0,4,2292,1,0,4,2
12601,47,105439,8665.192759,0.03534164986,0.1086820144,10,9.611483533,12.26329145,11,12,0,7,1386,1,1,1,3
12602,52,116342,8337.453157,0.1587391029,0.08903154152,25,9.367089698,12.21842139,72,3,7,4,1173,1,0,0,1
12603,52,131864,7561.095208,0.05187011398,0.01849459117,27,3.466743654,10.69045864,11,10,0,8,2821,1,0,2,1
12604,66,109928,4713.974381,0.1663531801,0.1744807046,12,3.308821196,11.46110657,27,9,4,0,4539,1,1,2,0
12605,56,48087,7599.699297,0.2326686008,0.1744527107,37,7.655623477,9.066266791,92,12,9,5,3324,1,0,1,2
12606,44,129824,4839.54642,0.0787147492,0.1228689908,11,9.464975745,7.53962151,45,6,5,6,438,1,1,2,1
12607,43,129844,7392.57299,0.2563487492,0.06089801798,18,2.200115,6.447078488,39,3,6,1,3777,1,0,2,1
12608,31,107829,8813.090633,0.1070931919,0.01534489837,17,4.398254362,10.0890919,98,4,4,5,1069,1,0,2,2
12609,34,96213,8916.361693,0.06532761043,0.01027147279,18,8.527605763,6.050586594,28,6,8,0,433,1,0,2,3
12610,35,32803,4600.327884,0.1449437846,0.02385240405,27,5.427880845,0.5404851345,69,10,0,2,2585,1,1,2,1
12611,62,132192,8607.492526,0.2640617738,0.07837840201,11,8.581267611,1.960868347,15,2,6,1,3832,1,1,3,0
12612,69,66002,1104.428067,0.02999058774,0.04579522974,31,2.05077326,9.951323998,45,12,5,6,1795,1,0,2,1
12613,46,86761,1108.012233,0.1049957252,0.06036103627,12,7.993260107,5.791359018,91,2,8,8,2402,1,0,1,1
12614,37,148574,5527.842774,0.199417319,0.1429354717,22,4.506446015,14.84850436,64,4,5,2,4276,1,0,2,0
12615,44,91310,6553.261723,0.1136984519,0.1922384571,35,7.237488448,5.631836152,28,13,1,2,4124,1,1,4,3
12616,35,98579,1614.638382,0.03053895847,0.04928741017,29,3.638375658,2.072153135,51,19,8,8,2006,1,0,4,0
12617,21,36163,4774.582444,0.1062797009,0.09847234749,21,7.227093589,5.261535488,39,4,3,8,1207,1,1,1,0
12618,18,88380,1034.190411,0.248078222,0.1983810863,37,7.318939036,10.4593124,5,16,8,7,102,1,1,3,2
12619,67,92883,6060.784907,0.2907308815,0.1870181357,44,4.774034046,8.160003111,26,13,2,2,2756,1,1,1,1
12620,18,71885,8565.430964,0.02153596725,0.07694009758,41,9.722681686,9.349286803,36,15,2,9,3603,1,1,3,3
12621,43,106340,7402.625863,0.1750923071,0.07074091889,2,1.004400711,2.112936671,21,19,4,5,4034,1,1,0,1
12622,62,56764,3845.086369,0.04053799558,0.05601242166,8,7.067866727,12.49123154,6,5,7,3,4090,1,0,4,3
12623,37,112782,9938.558587,0.2073149935,0.03952654147,14,9.178474994,13.58461414,0,4,8,5,3493,1,1,4,0
12624,69,82126,6663.056267,0.01228874554,0.09740989503,29,8.717351869,2.607574813,76,17,3,7,4451,1,1,4,2
12625,40,127994,8170.959501,0.01427507146,0.07481289755,25,6.082459283,9.578981669,47,17,7,4,1259,1,0,3,0
12626,27,87224,6730.004134,0.2352951497,0.1515191428,29,9.061774685,3.83159374,50,14,9,3,3727,1,1,1,1
12627,28,67055,9895.221282,0.03158624358,0.05500463573,4,1.971392616,3.142962578,13,18,4,9,4482,1,0,3,2
12628,58,71599,8231.461695,0.09850268554,0.1499031254,30,5.891319538,3.46623676,78,3,8,1,2111,1,0,4,2
12629,58,102787,5242.289857,0.287831723,0.06474785134,21,9.831796811,8.059141269,11,5,2,0,92,1,0,4,1
12630,22,98040,3732.107672,0.2957216641,0.1226184691,40,9.924012772,13.34555271,48,8,7,0,1081,1,1,4,3
12631,18,59720,6853.332809,0.05680682995,0.1313017183,14,7.11243123,12.36976285,40,8,4,8,925,1,1,4,2
12632,34,113120,5943.195907,0.1726615572,0.1376384708,44,2.508865137,2.579059518,67,18,7,8,1577,1,1,0,3
12633,39,64484,6330.570851,0.1721531603,0.04331440735,34,2.016321532,7.893837338,84,16,9,9,2496,1,0,4,3
12634,51,147976,3495.816486,0.1411904003,0.06371516025,18,9.302008476,2.687827214,1,19,0,1,1534,1,1,3,3
12635,62,134067,4344.411364,0.2781630459,0.05676198023,33,8.925926234,6.851703152,84,13,8,0,199,1,0,4,2
12636,58,58852,5625.156091,0.2286698336,0.1194704781,17,3.838609286,8.656624924,61,7,4,5,2811,1,1,2,0
12637,46,33219,8408.905679,0.2317128113,0.02439181643,13,9.384052992,12.26789581,56,8,2,4,2828,1,0,0,2
12638,21,128508,7652.798286,0.08817513521,0.1084687255,21,2.174737578,12.9889109,13,1,1,1,1064,0,0,4,0
12639,22,110351,1274.693118,0.1359527339,0.02661874057,23,3.650421418,0.9016490587,43,7,2,4,80,1,0,2,2
12640,28,68865,2530.987075,0.1513528726,0.07404063809,12,6.797137326,10.49362322,65,8,0,1,864,1,1,3,0
12641,68,74457,363.9114768,0.09668449195,0.1404741577,7,2.536028878,6.447306043,74,12,5,1,3183,0,1,0,0
12642,38,110159,178.8096229,0.0374971548,0.08838717045,41,9.901573027,7.676829994,36,9,6,6,212,1,1,4,2
12643,52,56817,2321.317146,0.04664417524,0.06326494948,1,3.003109765,3.716722689,77,12,9,7,4469,1,1,3,3
12644,29,88993,8013.277385,0.06239462717,0.1270128634,41,3.207885542,0.9969099677,46,4,6,8,2639,1,1,2,3
12645,43,113391,9057.001816,0.06905946697,0.1506511314,26,5.271368357,12.61315815,60,14,1,4,3870,1,1,0,0
12646,68,72380,3978.506822,0.08025592467,0.05837113761,33,8.00649621,3.844106356,83,19,2,4,2667,1,1,4,1
12647,36,70400,5675.666106,0.0840834084,0.06688598121,28,2.084420242,13.26431411,98,6,3,7,3417,1,0,3,1
12648,62,135855,7089.920759,0.1421577402,0.1316558442,25,7.007001458,1.510679916,26,11,9,0,2664,1,0,0,2
12649,24,56258,9534.073323,0.1577762253,0.1933924194,22,1.894342546,6.422273017,48,19,6,4,784,1,1,2,2
12650,64,101006,9138.029149,0.09957497036,0.05063559197,35,1.852490611,11.26401433,59,15,9,8,4639,1,1,4,2
12651,24,68957,666.2038035,0.2731159618,0.1343070508,8,1.372559081,4.222839692,69,1,7,3,1432,0,0,0,1
12652,43,131466,2556.841848,0.1704105198,0.1822520698,20,5.90156788,14.52749489,70,9,8,3,1367,1,1,2,3
12653,57,38281,586.5309852,0.2383683091,0.09777368536,41,4.923721736,9.743696452,44,8,5,8,100,1,1,2,2
12654,22,97264,6203.769968,0.2780289714,0.07020040303,35,3.766201084,3.652188591,0,19,6,6,1701,1,0,3,2
12655,38,71331,7133.883833,0.05730918323,0.1367055024,2,5.744002157,12.00737402,12,2,7,1,2744,1,1,2,3
12656,31,65680,3152.005782,0.1340836003,0.01597204323,6,5.516638995,14.77623533,37,10,6,1,1160,1,1,2,0
12657,21,58723,8553.133891,0.1356310165,0.0784305046,22,5.264932449,4.11185628,16,9,6,7,4803,1,1,1,2
12658,40,30162,4582.846229,0.1127969526,0.0590150651,31,2.55206362,12.42632082,99,12,8,3,4846,1,0,2,1
12659,59,114808,9983.976999,0.0125827013,0.05267812353,22,9.072555011,14.67033069,37,1,9,9,1472,1,1,4,1
12660,37,121024,103.9569566,0.2466319113,0.04415426007,15,6.580221865,3.700596823,0,15,5,4,4104,1,1,0,2
12661,32,128877,1183.948113,0.04235220325,0.1500420273,4,2.145622895,3.900679,0,7,0,0,2881,0,1,4,1
12662,67,71095,3087.753105,0.2986893734,0.1914689611,12,3.299163594,10.89814544,82,19,2,3,1392,1,1,4,3
12663,69,31338,352.5252197,0.2341579627,0.08310642261,9,7.881267657,14.28455688,29,9,4,5,708,1,0,3,0
12664,62,107832,7845.160632,0.1782029051,0.01932962831,1,7.987703324,10.58149508,76,16,8,6,355,1,1,1,0
12665,46,31675,622.4406999,0.05483586115,0.1465932446,15,7.531657345,7.816899491,6,17,0,5,4463,1,0,1,2
12666,25,109606,7514.89837,0.1594639617,0.1122588235,0,8.114196386,2.025827413,19,19,1,1,1290,1,1,4,2
12667,58,40080,620.427742,0.08572153485,0.1474924766,5,6.383822023,13.90344046,43,9,2,6,2193,1,1,0,0
12668,65,132675,2601.99992,0.08317353212,0.1331017912,18,3.598937352,1.501961435,72,1,3,3,4129,1,1,1,0
12669,36,137513,8428.640475,0.2505634823,0.1820328364,32,4.218969247,3.567283499,12,1,5,6,4783,1,1,1,2
12670,65,33936,9515.843413,0.1203868829,0.03668363662,27,5.586746389,7.03584211,38,9,6,9,4357,1,1,4,1
12671,56,30019,4203.810792,0.140709903,0.0421407506,4,3.214206343,7.759021625,19,1,6,1,2170,1,0,1,2
12672,63,126718,9702.395747,0.254459774,0.07489815256,11,8.679823501,1.300088484,88,13,1,2,3067,1,1,3,3
12673,45,87282,6306.121145,0.03545928146,0.103363875,29,7.722595372,1.693322413,4,18,2,4,4888,1,0,4,2
12674,63,69681,4216.767712,0.1824391774,0.1858856184,16,9.820054988,2.314317987,51,8,0,3,761,1,1,1,2
12675,44,108304,8047.733305,0.1776825476,0.1823232036,18,4.737315658,1.075595038,24,15,0,4,2008,1,0,1,2
12676,21,93861,3023.752349,0.1333122251,0.1756557027,39,8.8368894,14.67297547,11,2,5,9,2413,1,1,1,2
12677,32,130299,2731.382987,0.250634646,0.05228011745,41,8.012131241,3.950263235,89,10,3,9,4768,1,1,4,2
12678,52,24486,6599.822001,0.2834381178,0.1486385117,24,8.487442524,13.2530589,55,11,9,3,4005,1,1,0,2
12679,54,102021,3965.824883,0.1449474,0.08286343138,34,7.193336317,11.87287552,85,6,3,2,3549,1,0,2,1
12680,18,99864,1445.588467,0.1422826448,0.1869247562,8,4.14131409,10.73533143,0,4,8,4,4446,1,1,1,2
12681,20,138411,762.9459294,0.1555984816,0.05076180891,31,3.195307339,10.03978142,71,19,7,2,3673,1,1,2,0
12682,64,39112,7899.641505,0.2197059689,0.03683901111,38,3.450810412,7.729966408,99,1,2,6,50,1,1,2,2
12683,41,71697,6791.516245,0.2037374843,0.1700531832,37,6.102869848,8.67551962,48,3,2,4,153,1,1,1,1
12684,44,137246,4176.802424,0.07462213527,0.1462124431,14,8.916888136,13.4145464,66,16,7,4,561,1,1,1,3
12685,57,75998,8972.653588,0.02852965109,0.1660701189,44,5.041736821,11.77411179,21,17,1,8,1054,1,1,2,0
12686,53,129537,4167.481849,0.2852836976,0.04000924366,45,6.389642366,3.846998372,84,1,9,4,3678,1,0,0,2
12687,51,117816,7131.925168,0.08571023032,0.1781106107,36,7.604208511,2.011346423,84,8,4,4,674,1,1,2,2
12688,46,46576,9100.241225,0.1951930386,0.1387478678,25,8.697388874,4.75915848,30,17,5,0,4419,1,1,0,0
12689,41,70100,8423.083041,0.2502470208,0.1337965526,30,6.836363495,2.42163599,0,11,4,2,3812,1,1,3,2
12690,41,128064,5159.937286,0.09708025766,0.120690934,29,6.663756724,14.33971096,26,9,0,0,263,1,0,0,1
12691,59,101238,6838.300285,0.19427569,0.1553265323,1,9.888331793,6.049632728,1,6,4,5,1861,1,1,4,2
12692,21,41320,4195.29119,0.04129106993,0.08896557964,6,8.761742126,3.011813982,92,2,8,1,2127,0,1,1,3
12693,20,103973,6507.252006,0.2912801189,0.03523603673,29,7.600759667,9.52433539,0,17,9,4,3120,1,0,3,1
12694,51,145885,2649.76914,0.02686589976,0.1124603246,32,8.48747951,6.274343599,41,1,1,8,2155,1,1,2,2
12695,66,85729,4403.946926,0.1370706554,0.152139372,47,9.999055371,3.660457454,7,2,2,5,1613,1,0,0,3
12696,40,110853,2174.502802,0.1656775802,0.03919301605,38,5.551474582,1.336235003,34,14,5,6,2029,1,0,3,0
12697,69,141992,478.0310315,0.2392397158,0.05256392685,46,7.34979724,1.840783488,34,8,2,8,3973,1,1,4,1
12698,40,114018,5926.544521,0.04512726995,0.1423436682,37,8.320700427,8.668105878,6,2,5,5,4412,1,1,0,2
12699,62,104879,8657.850519,0.1378343124,0.06123367748,19,4.997718332,11.3800189,22,5,6,6,1873,1,0,2,2
12700,22,49144,353.2249188,0.09691635517,0.04228876351,18,9.594433646,13.92387997,22,10,2,2,2527,1,1,2,0
12701,48,145143,2040.694433,0.1004831076,0.1789844947,8,4.439954175,8.988793374,45,1,3,3,4074,1,1,0,0
12702,58,77326,4655.832087,0.2358484957,0.04057011765,21,3.187643066,9.964352671,18,16,5,2,4651,1,1,4,1
12703,23,97148,6692.378487,0.01158367406,0.07538823002,31,7.093823626,4.008797956,78,2,0,5,2275,1,1,1,1
12704,54,39307,1795.169017,0.227234256,0.09140175556,29,1.726730315,4.47826579,71,6,0,4,4958,1,1,1,1
12705,27,80598,661.2788068,0.2450155447,0.1004665973,5,2.139782674,6.554682464,96,9,4,0,2279,1,1,2,2
12706,57,39623,5238.582305,0.2713950507,0.07864888591,16,9.734336104,13.09665719,98,18,7,9,2659,1,0,4,2
12707,24,40249,8205.226159,0.1917957229,0.1833823149,36,3.534856174,6.812569555,12,2,0,9,4059,1,1,2,1
12708,56,93765,448.8256022,0.1067020452,0.135138792,14,1.298326855,3.974700411,49,19,0,6,2681,1,1,1,2
12709,55,111810,3558.757559,0.1338980724,0.07830398335,6,5.271791667,13.83271525,30,0,0,1,2141,0,1,2,0
12710,38,122870,6668.795954,0.2912234639,0.07796674671,13,8.806098252,6.465816592,70,9,9,4,3814,1,0,0,3
12711,37,92131,1394.34586,0.2655441797,0.1055609748,19,3.999842353,1.652899211,83,12,0,8,3097,1,1,0,2
12712,20,114138,2435.873091,0.1444225136,0.01639600879,29,4.773913971,8.409388717,37,7,8,3,2497,1,0,4,1
12713,68,58377,5401.377173,0.2834882721,0.1860621394,17,2.411638489,9.58331664,56,14,1,5,1964,1,1,1,2
12714,39,72365,9536.993794,0.2486569139,0.05242878177,21,4.114835449,14.35306904,7,0,5,3,238,1,0,4,0
12715,64,123412,2944.691921,0.2713160599,0.1425425875,24,9.688717951,12.19568074,99,11,1,6,2164,1,1,4,1
12716,21,54551,4926.52147,0.208063398,0.1577673219,23,8.894905201,1.966140368,13,2,4,8,4756,1,1,1,3
12717,45,62926,4059.315544,0.2587196726,0.1672027729,30,7.658656761,7.922912809,93,5,4,5,3939,1,1,3,1
12718,29,110214,8984.227053,0.268612181,0.04147203887,48,8.075963613,6.794650645,50,9,8,9,3269,1,0,3,1
12719,55,107750,811.7096539,0.03668480952,0.1119716833,17,7.024129705,6.204932842,8,5,3,9,4925,1,0,2,1
12720,68,58599,5704.861154,0.2899129232,0.02589812881,33,2.061571822,2.527291131,12,16,5,2,4858,1,0,3,2
12721,53,118345,8476.585022,0.1067477986,0.1629105456,17,2.057012067,5.942395875,75,6,3,7,4511,1,0,0,3
12722,64,129490,9882.364013,0.1375708578,0.1024257915,13,5.834681778,7.316301064,65,13,5,8,1268,1,1,4,0
12723,58,113330,7017.382425,0.2396520902,0.0401129212,3,6.359058218,3.67366146,37,1,2,0,4687,0,0,2,2
12724,22,42593,3861.361209,0.2028199286,0.1465489997,6,9.746397991,8.849908221,20,13,3,7,920,1,1,4,3
12725,30,80334,4177.06109,0.2689873746,0.07292227126,6,5.060583186,3.708583679,28,5,8,5,1960,1,0,1,3
12726,40,114400,3581.653975,0.1261663877,0.03175625471,0,9.257298854,2.259114696,83,0,0,0,2519,0,1,3,2
12727,67,129865,6075.769688,0.1182535675,0.09760402675,39,9.913018746,14.76778526,49,17,6,8,300,1,1,1,1
12728,47,135749,7420.11713,0.01918976637,0.05469685375,23,8.600511118,10.48181456,63,5,2,0,1665,1,0,2,3
12729,54,79893,8212.72888,0.1441903592,0.1905421488,31,4.590824475,9.124572453,8,17,8,7,3075,1,1,0,0
12730,42,62636,4224.271786,0.2199805234,0.07865871498,9,7.780942022,5.248805239,14,3,6,0,4569,1,0,3,2
12731,65,89225,7195.414172,0.09734182811,0.118766052,8,5.909156318,3.52093088,52,13,1,7,3337,1,0,1,3
12732,44,60363,9170.603661,0.144190689,0.1901885897,38,2.789352581,2.406692715,96,2,4,1,480,0,1,3,0
12733,68,75959,9216.165465,0.07362535286,0.08480702545,2,2.167314832,1.408047228,52,13,0,1,1638,0,1,4,0
12734,31,100223,7069.887127,0.2341084637,0.07804410602,43,1.630745799,10.64583324,70,4,0,9,2196,1,1,0,0
12735,65,105917,6405.331709,0.02754835279,0.04085707167,34,3.937898394,4.504936948,2,13,6,7,388,1,1,3,0
12736,64,118629,5362.108148,0.214561086,0.1882776773,4,7.198847761,5.112817622,86,18,6,3,812,1,1,0,2
12737,53,109125,1913.656915,0.1198926034,0.1621415079,6,9.224706196,2.83435992,21,7,7,6,1199,1,1,4,0
12738,56,21120,1323.933561,0.02206286012,0.05199208791,11,3.883937901,2.198876206,38,4,7,9,4377,1,1,4,2
12739,33,36491,4908.538967,0.2575061803,0.07320814127,22,5.779193025,7.67742489,76,9,6,9,1170,1,1,1,0
12740,39,63638,1678.497146,0.1514393403,0.1838332378,24,5.219305634,11.04896384,8,12,2,9,3498,1,0,2,0
12741,38,59062,5812.299264,0.1838025012,0.1120831232,16,1.978868507,14.86851977,33,5,2,4,2838,1,0,1,2
12742,38,25193,6492.45703,0.2222889005,0.1157035145,13,7.842509904,5.42271159,11,19,1,1,4392,1,1,0,1
12743,25,109144,5303.594415,0.1999715856,0.1331474516,34,5.674345573,10.12566095,33,9,0,1,4562,1,1,1,3
12744,66,35213,460.6244539,0.2219484925,0.1548111254,0,9.255775252,2.182958423,44,12,7,7,747,1,0,3,3
12745,33,143214,671.5067921,0.2310616885,0.1884642537,21,8.519042883,8.557309517,96,19,5,2,2957,1,1,1,2
12746,48,133915,1222.077728,0.1808539439,0.162422764,27,3.504459919,8.012195329,49,9,4,9,1392,1,0,2,0
12747,59,99766,1621.093469,0.116034971,0.1875643477,22,3.813574524,0.9648377923,98,0,0,7,404,1,1,2,2
12748,27,103959,9899.837876,0.08051122342,0.165915854,17,5.832874485,7.503303368,27,3,4,2,2626,1,0,0,0
12749,49,37187,3510.500667,0.2718419386,0.01882247152,45,2.126314062,7.683784659,38,12,9,4,2128,1,1,4,2
12750,51,30040,2990.536399,0.2912782049,0.0323315779,44,3.260072391,5.894278639,2,5,7,2,2318,1,1,2,3
12751,26,86302,617.4396931,0.113722199,0.1781296559,43,8.38983698,8.816424667,46,7,7,0,4090,1,0,0,2
12752,34,49949,6389.671868,0.04257011143,0.01526232532,36,2.377037755,1.160699938,11,8,9,8,13,0,1,2,3
12753,28,132000,6556.688773,0.07453582486,0.1608931833,2,5.916174504,12.74447202,42,8,5,4,2786,1,1,2,3
12754,49,23527,1836.942027,0.2044935303,0.1714703091,13,4.545690129,8.047431501,76,13,1,2,4259,1,0,4,3
12755,27,136994,9200.491255,0.06015067729,0.0889382668,38,2.808378011,0.9661664295,66,0,1,3,4693,1,0,3,2
12756,39,96557,8024.886111,0.2362354592,0.07742240304,6,9.727963283,14.7646365,17,4,1,5,2431,1,0,0,1
12757,34,103408,2380.161236,0.2776787696,0.04693680163,16,8.426111078,6.035412525,89,16,7,7,3087,1,1,2,2
12758,21,122433,4909.912336,0.2894589394,0.01929458562,5,3.40015198,14.80755282,9,5,7,1,3472,1,1,2,2
12759,65,97294,4638.069476,0.01270439673,0.1516227617,46,8.067541715,3.114816282,3,16,7,1,901,0,0,1,1
12760,69,38757,3550.352399,0.2878647078,0.02400814605,18,1.057759724,0.9345965633,11,4,0,2,548,0,1,3,1
12761,64,45412,8194.583657,0.2246563815,0.1894872293,14,3.498092067,10.8440657,52,1,8,5,3287,1,0,4,3
12762,42,137997,1181.718408,0.03437456736,0.06638125793,38,1.971982643,14.20866703,50,17,9,8,4759,1,1,0,0
12763,38,141522,4211.610974,0.1304197359,0.1609064203,4,4.816737032,1.625081383,15,5,3,8,2911,1,0,2,0
12764,54,34312,4337.508192,0.2130131876,0.0213397037,14,6.741215952,11.16513144,16,13,8,9,3583,1,1,0,3
12765,55,42119,4740.383486,0.2874387929,0.1118929501,44,2.541798173,1.50348092,94,0,6,8,66,1,1,4,2
12766,66,31804,8627.364912,0.05760100415,0.07632891205,25,3.151663845,12.01166189,25,10,2,8,2085,1,1,3,0
12767,18,73986,2259.852015,0.04704265176,0.01570020998,38,4.534335883,8.928344847,1,9,9,5,4921,1,1,1,2
12768,42,66545,1118.939418,0.1469806454,0.1346018773,44,6.67698322,11.83643853,28,14,9,9,3287,1,1,3,1
12769,68,96519,6216.303782,0.2907486792,0.189200917,12,3.796537161,5.886508172,93,8,2,2,4954,1,0,1,1
12770,53,49999,1820.961302,0.2916999724,0.01204302577,30,6.413525663,13.62807315,46,6,1,4,4883,1,1,0,3
12771,34,116093,841.82765,0.07609527491,0.06138301597,12,4.143251203,4.888594977,10,11,6,5,3410,1,1,3,2
12772,58,59758,4323.827284,0.1026106729,0.1436850911,22,3.320750242,4.606451209,33,7,7,8,2019,1,1,3,3
12773,41,114324,2274.499665,0.2733292758,0.1755382076,39,8.695448875,14.42919735,70,9,0,8,4221,1,1,3,0
12774,19,117486,3676.044527,0.2231040323,0.04624804297,31,4.446774943,2.280835174,28,1,6,2,0,0,1,4,0
12775,57,89519,2671.139693,0.2919717643,0.02343618906,36,9.265368292,9.09207654,96,13,1,6,2452,1,1,0,0
12776,32,23768,1017.100981,0.2690130253,0.01164186606,3,3.750171831,8.823093682,48,8,6,8,1585,1,0,1,2
12777,49,21504,5647.437309,0.07237785459,0.05088922011,16,5.885849463,3.932700644,90,0,5,2,521,1,1,3,3
12778,56,141481,367.4823386,0.2303207892,0.02355028549,19,1.482365424,5.097656186,15,15,8,9,3357,1,1,0,3
12779,23,87986,9667.115945,0.02408391715,0.07828259693,45,7.122457804,4.655530229,80,4,6,4,4380,1,1,4,0
12780,18,96772,3479.172165,0.2471715058,0.09362389724,10,8.159254372,12.76797901,74,7,8,0,3074,1,1,4,3
12781,64,136721,6982.059354,0.1844514611,0.1011855231,41,9.742722949,6.148519897,13,19,4,8,1259,1,1,0,1
12782,40,28002,8122.592438,0.2872692792,0.03704256895,32,8.529502639,5.701168601,12,0,5,9,139,1,0,1,1
12783,56,95427,2863.137476,0.2884094121,0.09815772928,38,3.812678159,9.73245154,34,16,5,0,3676,1,1,0,1
12784,34,58787,7512.51322,0.02473638162,0.01171981193,5,6.009424456,7.684847433,89,6,2,3,964,0,1,0,1
12785,51,33898,8340.966469,0.05655123081,0.05549000674,38,6.326864914,6.676613314,51,10,2,3,211,1,1,2,3
12786,58,30472,2489.040615,0.1504200437,0.08012634937,46,1.511072112,10.78659703,24,6,0,7,2091,1,0,4,1
12787,46,100800,9925.697301,0.2650531222,0.03248679943,37,1.653912478,6.482979741,58,6,3,4,1538,1,0,1,1
12788,26,103227,304.8179601,0.2461890913,0.1646608735,17,3.932259669,3.721293774,75,3,2,2,4497,1,0,2,1
12789,30,129023,2248.304754,0.2896673076,0.04823035454,1,7.699816137,11.2567732,67,19,6,0,3897,1,1,0,1
12790,23,52632,7822.205487,0.189244394,0.1534290452,40,3.569802955,1.483304455,41,0,5,0,1607,1,1,4,1
12791,23,146718,2021.897148,0.08440342067,0.1000396775,37,8.867127081,14.99531141,47,14,8,3,2982,1,0,2,2
12792,37,53743,7012.772647,0.01728092546,0.1011511877,16,6.804915337,9.151149677,90,1,9,6,3640,1,1,2,2
12793,69,128552,8569.751009,0.07464868231,0.1325869239,23,5.213242399,3.636383368,44,8,2,7,4860,1,1,1,1
12794,20,98538,9596.221299,0.2058292274,0.01841276521,29,5.865028306,3.37362861,71,13,5,0,3856,1,1,0,1
12795,34,132517,4795.050402,0.2786196988,0.0249642746,42,3.982861119,4.468879358,71,15,8,7,3343,1,0,1,3
12796,66,63386,9713.980318,0.1030620635,0.07210026306,23,9.765241014,13.24944272,28,16,9,4,4077,1,1,2,1
12797,29,113786,4175.060737,0.2639542558,0.0891962751,3,2.583603922,12.48698339,2,6,2,5,243,0,0,2,0
12798,65,63388,2259.467593,0.124520492,0.09168875147,6,8.743571387,2.595657934,20,1,8,7,4707,1,1,1,2
12799,64,41323,5187.826346,0.09939866232,0.1386085549,14,7.103356387,9.200589391,30,5,2,9,1087,1,0,2,1
12800,62,89269,6533.250119,0.1575648304,0.01013395225,29,7.404054777,13.70809256,12,2,0,0,3191,1,1,3,2
12801,18,61319,4633.836829,0.1382593128,0.1922299675,28,8.522297568,11.13044834,94,5,2,0,1349,1,1,4,1
12802,34,87759,5713.027195,0.2750019619,0.04315260809,48,2.226008655,9.018132859,80,5,4,7,452,1,0,0,0
12803,20,36868,4222.450958,0.1457945147,0.0572400185,43,7.256447198,3.525139258,47,7,7,7,2702,1,0,4,1
12804,43,119732,5295.143345,0.09042726229,0.1820691651,44,7.986431812,14.18116162,95,7,0,3,3906,1,1,0,2
12805,32,22080,9530.697152,0.2543440175,0.01104336617,12,9.861522911,13.43116009,23,8,3,4,3041,1,1,2,2
12806,53,33776,5048.32841,0.2996373584,0.1983481555,39,7.728030891,5.157761519,1,14,9,8,4795,1,1,1,2
12807,49,86231,2606.478365,0.1979697116,0.01683189377,38,9.565778975,7.7164324,2,16,7,1,2591,1,0,1,3
12808,49,75452,7611.591553,0.08263379699,0.0329036487,28,8.64760212,1.686689408,25,3,5,0,255,0,0,2,2
12809,21,73812,3442.086132,0.07925637233,0.05562027538,25,8.881131821,9.656105283,1,0,3,6,3170,1,1,0,1
12810,35,83271,8180.450991,0.0267349419,0.09335711162,35,9.252288295,1.288499373,32,5,2,9,4687,1,0,2,0
12811,66,118505,662.7356909,0.03241498117,0.1085057914,34,5.780430562,13.63724289,33,18,0,3,2624,1,1,0,0
12812,36,97585,3388.561973,0.2753450976,0.02989650952,48,7.399179078,13.26569397,89,4,9,6,2201,1,0,2,1
12813,60,78542,1034.163092,0.03798126104,0.02399804074,47,2.115630941,4.581068969,97,10,7,2,2986,0,1,2,3
12814,69,144147,944.64646,0.150459716,0.01605321692,18,4.208034104,11.25970856,37,9,1,3,1977,1,0,2,1
12815,52,35628,6618.056636,0.2124553161,0.05878263313,1,8.914640737,6.870681493,77,8,6,9,2869,1,0,1,2
12816,57,145850,3914.814533,0.256602887,0.185091265,13,9.79913573,12.75774343,94,15,2,7,3720,1,1,0,3
12817,31,148445,8727.641526,0.05966857557,0.08407007859,15,2.00502533,1.391312151,19,18,4,0,925,0,1,2,1
12818,50,28265,5212.410865,0.1369558169,0.1551614045,48,6.275159318,7.832754072,9,17,5,6,4524,1,0,4,3
12819,31,44671,3023.89789,0.08292925655,0.04613575696,35,7.611381979,6.262121044,83,12,2,6,3984,1,0,4,0
12820,51,148872,7236.799991,0.08418869609,0.02228905289,39,5.644716776,4.275338338,32,6,5,5,3821,1,0,1,1
12821,21,32460,6277.766237,0.09811339917,0.1153131598,40,3.096658383,3.534569107,44,16,6,0,97,1,1,3,1
12822,41,148898,8015.986746,0.1802637022,0.1661975561,30,1.375471216,10.30972217,59,8,9,9,1356,1,1,1,0
12823,46,23477,6471.523936,0.01480746679,0.1807073842,47,9.5634762,3.427518293,65,9,6,3,4116,1,0,3,3
12824,36,22202,1753.432829,0.128542223,0.1137788747,47,3.131464392,9.666843703,60,19,1,7,1705,1,1,1,0
12825,23,133846,6736.069373,0.06418073922,0.06586613397,48,3.691948929,6.150804091,50,12,1,1,2932,1,1,4,3
12826,50,109410,3976.337056,0.2904643675,0.0308072316,34,6.785066887,4.017877243,11,15,2,9,3705,1,1,2,1
12827,66,132928,4685.116,0.1789914562,0.1368863423,21,4.857661781,11.86386771,79,3,6,1,854,1,1,0,3
12828,57,126753,9223.4893,0.261747686,0.06328299525,20,4.811215417,5.776463551,8,9,0,4,4402,1,0,2,3
12829,36,31850,3663.644058,0.06675009616,0.1703528606,27,1.743429036,0.7167465013,10,0,7,0,3882,0,0,4,2
12830,18,124621,6158.395516,0.2449045528,0.1249730125,16,9.926893455,12.84160571,20,7,3,7,2336,1,0,0,2
12831,22,40809,3698.469161,0.1302869138,0.173186927,49,3.559630301,5.060652655,75,19,5,9,987,1,1,3,2
12832,44,90886,1037.802105,0.06153145977,0.1176640719,17,1.99016876,12.42352882,67,17,4,3,3092,1,1,3,0
12833,33,22806,4589.900886,0.2307611087,0.1566310489,31,7.134134398,8.421839386,25,4,0,5,914,1,1,4,0
12834,23,27163,6010.908894,0.2309832183,0.06591797867,22,7.769854944,13.27923393,62,10,4,5,3181,1,0,0,2
12835,57,114368,4134.282591,0.298807493,0.1055811702,5,1.228195278,6.561983588,18,18,4,3,4334,1,1,2,1
12836,30,20185,3967.595228,0.2364718059,0.01368721085,28,3.423230982,2.957394632,16,8,6,4,3289,1,0,4,1
12837,65,126374,8221.747288,0.0521275019,0.1254880312,5,2.74929244,0.7611013598,43,14,8,5,2622,1,0,3,1
12838,52,44718,393.8832057,0.1035379751,0.111410476,32,8.0987924,11.78869432,60,4,8,0,2314,1,1,4,0
12839,36,97081,3026.295428,0.141000806,0.1535036413,47,2.653781276,11.79953038,0,4,0,5,1432,1,0,2,3
12840,29,76202,8136.396927,0.04672931366,0.1485016334,31,3.117080598,3.336501718,71,11,4,6,4798,1,0,1,0
12841,33,45215,9213.248471,0.2385313026,0.1292472303,16,9.881499427,14.35413125,57,8,3,5,3878,1,1,1,2
12842,60,48325,4181.7659,0.162742576,0.02077022859,3,7.31899887,14.2618081,93,4,6,3,3785,1,0,2,3
12843,27,38458,8899.063008,0.283890375,0.1815718444,47,4.488936412,5.799750459,40,9,4,5,1339,1,0,0,1
12844,42,142342,2069.408209,0.1808993619,0.01342364627,30,7.784731645,2.640041101,23,5,1,1,2560,0,0,4,0
12845,37,36006,2292.127972,0.1616407343,0.1626208555,21,5.198267835,4.616544004,42,9,3,0,890,1,1,2,0
12846,48,114080,8477.294628,0.03071329435,0.1010758067,26,2.914006047,13.97497392,80,5,9,5,49,1,1,1,2
12847,21,52969,9042.251639,0.05331031243,0.1654187769,20,5.391753131,9.33683499,93,19,3,0,4166,1,0,3,1
12848,61,96820,2305.777103,0.2563625623,0.09836327601,19,7.948219218,13.75854332,8,9,9,9,3728,1,1,2,0
12849,40,124014,687.3094807,0.2972960336,0.132918183,33,2.605036353,0.8308611914,65,8,2,3,3296,1,0,2,0
12850,19,149693,994.2089568,0.1304019494,0.0790204461,22,5.369790858,14.86825087,89,2,4,5,1169,1,1,2,3
12851,39,137853,2687.67027,0.2449249643,0.1512989599,43,2.07388974,9.60592418,31,10,7,5,1643,1,1,1,0
12852,68,47655,7638.345864,0.1919998722,0.05829347327,15,8.584132896,3.193093827,90,10,1,7,72,1,1,1,3
12853,54,114679,5148.919095,0.2881271894,0.1466776233,5,8.369248806,7.848246272,40,3,1,0,3030,1,1,2,0
12854,25,101234,4610.329538,0.07905979828,0.0467427037,15,7.061102023,12.39139977,10,16,8,0,1049,1,1,2,1
12855,24,149282,5882.985319,0.1680023655,0.1472118599,6,9.280201421,2.54576011,64,8,4,7,2516,1,1,0,2
12856,31,120406,8913.208823,0.1285507873,0.065797548,13,4.599547876,9.324587838,17,5,1,4,2420,1,1,3,1
12857,20,29102,995.2607577,0.167097633,0.06294003669,2,2.187791349,10.55660127,7,10,1,4,2159,1,1,4,2
12858,67,87107,6977.768864,0.08796884419,0.1641838481,32,9.780690636,6.485931612,26,18,2,9,4191,1,0,4,0
12859,33,123429,9275.229372,0.1543463872,0.164601601,48,5.617679232,8.353214778,81,17,8,2,3356,1,0,4,1
12860,36,146328,2212.165413,0.1911932026,0.1413664502,35,5.279635679,12.64145158,8,7,5,9,610,1,0,1,3
12861,68,125001,8393.945928,0.03355260636,0.1855426398,38,1.573512017,14.30051304,1,13,0,9,2871,1,0,1,2
12862,35,41553,7010.444637,0.2254663039,0.03967680174,28,6.133391635,8.535747891,80,18,9,8,750,1,1,0,2
12863,69,104079,243.2385071,0.2148916593,0.06117105084,38,6.802669752,10.68804027,74,15,2,9,3395,1,1,1,0
12864,33,149169,2392.955636,0.2653327044,0.06586267646,3,5.258692805,5.180688922,45,2,4,7,4126,1,1,2,2
12865,25,114437,6097.863133,0.1334984,0.06800440411,38,9.193679769,5.343836151,69,12,3,9,652,1,0,3,2
12866,50,99570,5073.763361,0.02788404846,0.07232607694,39,7.681396776,13.38186737,4,16,4,7,3904,1,0,3,2
12867,66,112656,5326.5689,0.1438237274,0.1424317437,40,1.347587288,1.930537327,11,18,0,2,1747,1,1,3,0
12868,29,86865,2396.111204,0.0499066599,0.06144404723,21,5.883124356,3.479572588,43,4,0,8,1057,0,0,3,1
12869,28,138301,6782.53436,0.1977595759,0.06432520942,14,9.943058443,4.413464049,41,15,1,4,1310,1,0,4,0
12870,22,61420,2737.541872,0.023668142,0.1183787709,3,2.797729252,1.868166434,98,13,8,0,1961,0,1,4,3
12871,44,45382,3955.406168,0.1184589578,0.04673818246,17,6.554573023,10.18044363,87,18,2,1,4981,1,1,2,2
12872,29,89235,3752.267567,0.03402444056,0.07932862624,43,3.461455845,13.64095669,29,19,7,6,4954,1,1,0,2
12873,34,58795,6753.047719,0.01097626588,0.02100867384,22,4.343350961,0.8914269891,51,3,9,0,2522,0,1,1,1
12874,23,71425,993.5023407,0.2885615949,0.1909839505,37,1.302710361,4.158267537,80,5,2,1,4137,0,1,1,2
12875,50,77402,2134.86482,0.2988769309,0.07028845865,3,7.191253481,13.84887429,46,8,2,4,831,1,1,4,1
12876,22,82539,2084.921,0.1710958559,0.1715080054,3,7.891526871,7.251650643,35,7,8,4,2726,1,1,3,2
12877,45,96203,1173.404274,0.07929719648,0.1106896629,17,7.956250676,13.34163837,69,11,8,5,1911,1,0,2,2
12878,31,123127,2155.19029,0.2742187207,0.05336030988,0,9.734884391,14.18856715,31,10,1,5,640,1,1,0,0
12879,22,127651,6109.896652,0.2776806132,0.04675123906,31,8.540899034,14.86857663,97,6,7,8,730,1,0,4,0
12880,50,43459,7348.464892,0.2578075784,0.1420425415,20,2.868453926,6.237874244,43,7,8,6,3016,1,0,2,3
12881,67,69649,6637.004125,0.1678672955,0.1933250735,37,3.075008069,5.47314626,15,9,6,7,3421,1,1,2,1
12882,65,92495,4804.362566,0.03166362666,0.0447832469,25,7.911908869,11.35525579,70,2,7,4,2635,1,1,4,3
12883,58,115117,619.1022539,0.03564728899,0.03193003117,40,7.992157362,9.121109262,95,5,0,8,4616,0,1,2,0
12884,36,66384,9594.169406,0.2700197384,0.08354887563,48,2.107380186,10.05845334,16,10,1,1,3358,1,1,3,1
12885,39,91746,1763.956962,0.2639897858,0.08482400392,20,1.059690933,8.219260856,31,3,7,6,2215,1,1,2,0
12886,22,98053,6717.371567,0.1359752023,0.163188065,42,4.612423742,7.95505166,13,11,2,1,1026,1,1,0,1
12887,19,76278,9137.617093,0.1051648396,0.09908896595,28,7.252065149,5.067034981,25,2,6,7,511,1,1,2,2
12888,47,98156,7007.99325,0.1967959368,0.02186762579,40,8.799979859,9.136205418,72,9,6,4,498,1,0,1,3
12889,64,56744,2258.691438,0.244026505,0.1849268614,42,2.487971147,4.389119191,12,6,7,7,1953,1,0,2,3
12890,56,108340,3226.383358,0.2221886332,0.08090569977,31,8.337619804,5.657052967,88,1,7,4,169,1,1,4,1
12891,21,50568,399.0380834,0.188524852,0.1370210288,3,7.16008998,9.643619999,11,11,7,2,1771,1,0,1,3
12892,50,37991,6166.306584,0.07713820289,0.1368227716,12,2.493597496,9.731074149,44,13,4,2,2408,1,1,4,0
12893,30,28912,6168.630511,0.08612641207,0.02070499493,34,8.859546002,8.86819636,15,6,0,5,3498,1,1,0,3
12894,37,52527,7282.455756,0.2199795696,0.01068488524,26,9.396897556,10.28357428,93,16,8,6,10,1,1,3,1
12895,24,116399,208.8632638,0.2427597572,0.02672703539,0,3.392261547,6.472744596,51,14,8,6,1031,1,1,0,3
12896,32,70426,8196.628759,0.04367920455,0.1917409153,48,2.338220819,9.118113266,20,17,5,2,2788,1,1,1,3
12897,40,130363,7413.238478,0.06431614384,0.1608586603,48,9.708636146,1.881647508,23,4,8,1,4890,1,0,3,0
12898,31,118994,1494.777434,0.207336376,0.03508233258,38,1.205959264,7.514003549,42,10,6,4,3400,1,0,2,2
12899,40,40407,3541.503432,0.1228061104,0.1268252743,13,9.53559639,8.997642663,4,7,3,2,1608,1,0,1,0
12900,36,141935,6421.39644,0.1733549315,0.1262750126,36,2.946023588,6.621990653,32,13,9,6,2177,1,1,3,3
12901,46,32344,5008.389062,0.1882963363,0.01010622784,29,4.943172412,0.745992023,30,1,9,2,1084,1,0,4,3
12902,37,121741,1239.433213,0.2350990055,0.09152221101,13,3.77516639,10.66452092,8,19,3,7,2512,1,1,3,2
12903,46,22355,964.7192139,0.2436579157,0.1452373394,10,2.383372906,7.104600472,34,6,0,6,3329,1,1,4,2
12904,41,116429,7836.417361,0.09122791113,0.04549064095,30,4.172292772,2.75755655,7,7,8,7,1529,1,0,4,0
12905,35,74733,1644.074468,0.1669760514,0.1716717281,27,5.853230445,14.60150593,74,3,5,0,1239,1,0,3,2
12906,27,86285,1803.717472,0.0458219422,0.1354579299,26,1.844441541,14.16500142,16,9,6,6,4837,1,1,0,0
12907,58,104971,8326.138941,0.2541843989,0.01131561644,2,8.282596172,2.800952548,79,13,1,3,3522,1,1,0,1
12908,25,65733,6160.182382,0.2551799021,0.1724336942,5,8.203433784,10.75449902,19,14,2,8,3989,1,1,4,3
12909,43,76915,6086.684521,0.09685665851,0.01368600561,38,8.177334994,8.003970762,90,9,3,3,3232,1,1,1,2
12910,46,72716,4845.523136,0.05657986015,0.1787064728,18,7.178038848,4.694802926,77,15,2,3,3894,1,1,3,1
12911,27,131151,5733.050643,0.03032661568,0.07340658294,40,5.097361358,10.42339276,21,2,9,2,1989,1,1,1,1
12912,34,58526,6057.519935,0.1767431682,0.1427435485,33,8.503517819,6.993476322,53,1,8,0,4789,1,1,0,0
12913,19,38088,9681.479725,0.03651414912,0.1596118841,27,8.666640903,13.52834945,70,0,7,2,1961,1,1,1,0
12914,23,85377,2307.435744,0.2073725049,0.06344107579,11,3.56911297,10.70267961,74,10,1,9,3879,1,0,2,2
12915,22,64405,2224.167955,0.2066566563,0.07772299835,38,5.328552259,7.859994121,80,15,8,4,1867,1,1,2,0
12916,45,58842,666.4630283,0.1880563481,0.1068129312,9,2.826665835,7.052321536,76,11,7,9,1296,1,0,0,1
12917,58,81788,6616.168108,0.2642025455,0.120711391,46,3.302113816,0.9578478413,80,4,3,0,544,1,0,1,1
12918,22,131682,5535.51759,0.1197014009,0.06548796215,24,3.150583667,2.832393526,74,19,2,1,1002,1,0,3,3
12919,35,71529,1201.268118,0.271658179,0.1985551201,22,8.442524696,1.153610037,67,14,3,0,111,1,1,0,1
12920,43,109939,3708.935458,0.02070835697,0.1500308879,25,3.257339197,1.419729161,79,16,1,7,2416,1,0,2,2
12921,37,132833,1868.765733,0.0426995265,0.06208888187,18,5.916824514,1.472838331,30,7,7,8,2361,1,0,0,3
12922,58,123578,3381.66923,0.1295396131,0.1316821163,37,6.654215653,0.7041938442,84,18,5,6,1887,1,1,1,0
12923,66,72383,9517.515277,0.1822579754,0.09272052822,19,7.702144334,11.97452217,96,18,9,0,4941,1,1,1,3
12924,44,132311,6864.856505,0.01938893463,0.1734624894,44,1.261065478,7.439288744,12,11,0,3,2477,1,1,1,1
12925,66,59177,174.9340979,0.1745559967,0.07250051345,43,5.281727041,11.36264125,28,6,6,7,4959,1,1,4,2
12926,29,136903,2599.82993,0.09914551178,0.04569225775,17,3.63347832,2.932003902,78,5,3,8,133,0,1,1,0
12927,24,59056,202.5793161,0.2672725743,0.01876588917,47,8.505765265,12.69760725,9,1,3,3,2397,1,1,2,0
12928,20,108249,7177.198138,0.1646525316,0.1970187541,10,1.330741278,1.864554246,32,2,4,1,1653,0,0,2,1
12929,27,86421,4747.27584,0.1804892334,0.07825211799,24,2.862946932,5.169916048,14,8,7,1,2037,1,1,4,2
12930,51,53632,9940.785049,0.2842303252,0.051898509,42,3.841828648,5.875195753,76,10,9,3,741,1,1,2,1
12931,42,59685,7362.474284,0.2316095977,0.10343601,0,1.700572741,3.91809921,34,17,1,7,3693,1,1,2,1
12932,52,97222,5227.338133,0.1370992472,0.06541147119,31,4.558760483,2.490903113,53,15,6,5,2605,1,1,0,2
12933,33,88590,8066.583739,0.1482950883,0.05425100652,32,7.693915632,9.607230223,20,9,8,9,2854,1,1,1,1
12934,19,28977,7077.556147,0.1978979219,0.127113055,6,2.910827085,0.623094109,29,15,7,7,1511,1,1,0,2
12935,41,110568,2513.384159,0.06805777283,0.02422119741,30,7.790218375,11.97873986,45,8,9,1,4978,1,0,0,2
12936,27,68967,5349.556921,0.03570874374,0.1067086604,25,5.761127884,1.113652006,41,19,9,2,460,1,1,2,1
12937,55,94072,5604.387376,0.1002585896,0.08361194726,6,4.102514762,14.47868637,70,1,1,9,3428,1,1,3,1
12938,39,35070,4567.193816,0.2357310114,0.1111805668,35,4.319254568,13.09004595,48,17,3,5,109,1,1,1,3
12939,43,102473,1874.006966,0.08462390164,0.0708837184,45,2.046746117,6.511106013,23,15,0,9,902,0,1,3,0
12940,60,41500,2311.353611,0.0479201681,0.118360975,23,3.248029071,2.569252331,79,19,3,0,4960,1,0,2,0
12941,56,125987,2882.369269,0.07351655355,0.02554552343,4,7.581019535,13.12422319,68,13,4,5,3913,1,0,4,2
12942,44,135475,201.5259788,0.2069021445,0.08147020166,21,8.764710594,9.840149683,5,11,5,5,3917,1,0,0,3
12943,46,30011,9177.744532,0.1880449364,0.05512473557,43,3.390383679,7.819265338,1,3,1,0,2358,1,1,2,2
12944,64,68039,6892.350317,0.2096113492,0.09323704552,35,6.298023555,5.131407719,2,16,4,2,296,1,1,2,3
12945,55,28896,6927.211426,0.1033678556,0.08568386032,2,1.312540385,8.638601734,52,19,4,0,1562,1,0,3,2
12946,37,115335,5766.073077,0.2712482768,0.1299248957,49,1.696656169,6.519588067,9,19,3,5,4540,1,0,4,0
12947,44,100118,6924.177001,0.1410134036,0.1294639684,36,9.679305454,7.247813981,23,6,7,8,3863,1,1,0,3
12948,58,139595,9820.439244,0.1589767793,0.08853930201,37,9.068554873,12.75905534,32,3,9,5,3643,1,0,4,1
12949,37,59958,3913.087343,0.285154313,0.04450839983,45,1.731541029,14.31083386,83,14,6,5,1613,1,1,4,1
12950,61,61912,7154.00331,0.2939904077,0.1205635932,5,8.400951728,14.45893105,21,13,1,1,1457,1,0,4,0
12951,36,20814,3659.337143,0.2018473905,0.1936379203,24,1.922528885,13.66504562,60,19,7,0,2953,1,1,1,3
12952,37,95276,8557.459108,0.2839958258,0.04523411763,22,8.45653897,12.13280642,95,0,7,3,1887,1,0,4,1
12953,52,44719,8594.483208,0.167037142,0.023121244,11,9.221506373,7.078027785,93,8,4,8,1906,1,1,2,1
12954,64,121081,9032.437612,0.09911205421,0.06026662524,27,2.377770194,1.779531382,66,3,6,0,3421,0,1,1,1
12955,19,40150,154.08691,0.1013769282,0.0884548636,43,2.325096114,9.643867601,3,19,3,6,113,1,0,1,0
12956,47,90494,3052.095305,0.1720927711,0.06817580015,39,9.339150103,6.329350547,50,8,4,2,3965,1,1,4,2
12957,51,23825,1425.851077,0.185460475,0.1685948448,31,3.71288626,10.46229657,3,8,2,8,4693,1,1,2,1
12958,39,70368,4594.463359,0.1374889503,0.1036752578,24,5.253899435,3.701383322,38,11,3,1,889,1,1,0,1
12959,20,34800,5004.951463,0.2662937302,0.05676429752,33,3.739956393,11.58858412,30,15,3,1,3997,1,1,4,2
12960,23,95535,2633.450024,0.1337418744,0.1905378208,29,7.744024045,2.974551033,56,4,6,6,1751,1,0,1,1
12961,32,106390,7262.120271,0.08929285763,0.03376193575,36,2.899778809,12.22433125,72,16,9,7,1273,1,1,0,3
12962,44,131268,2770.7202,0.01231474472,0.03335317396,17,5.447080849,13.71977085,29,5,9,0,4004,0,1,0,1
12963,27,112851,8553.524615,0.2914650907,0.05660412325,34,8.65417253,13.55447811,92,8,9,8,1997,1,1,1,2
12964,26,125076,1858.827745,0.2490508521,0.02458670311,47,9.483832229,5.525688423,88,10,0,6,1032,1,1,0,0
12965,50,95017,3735.629418,0.1885122796,0.1528140101,36,4.174621115,6.152266254,38,1,6,2,2537,1,0,2,0
12966,49,68505,6260.153808,0.2508572536,0.06943405849,40,2.025732665,12.65252518,98,6,4,6,3828,1,1,2,3
12967,65,142405,6092.817198,0.2449838768,0.1486692185,5,8.287178879,10.53628751,24,16,7,5,3033,1,1,4,1
12968,23,77899,872.4882089,0.2802367263,0.1549201189,18,1.996752485,8.136851178,57,10,7,7,1667,1,0,4,1
12969,58,102782,8477.960261,0.1219596282,0.05512852464,21,8.013586946,14.42837215,35,9,5,7,963,1,1,0,2
12970,53,42601,6020.842841,0.1709071502,0.1084890914,31,7.200888777,7.985828498,10,0,2,0,206,1,1,1,2
12971,19,30677,8711.609532,0.03860212688,0.1087225135,26,6.198036255,4.035349487,89,18,1,3,2507,1,0,2,3
12972,46,49552,8689.592224,0.2899414735,0.1755592383,15,9.455405396,10.35863604,45,0,8,1,286,1,0,3,3
12973,21,149249,5504.595035,0.2956868501,0.0148698615,25,3.901538833,7.927413644,88,19,7,7,1136,1,1,4,1
12974,18,107858,9116.736427,0.2388344319,0.07019206529,38,1.839963869,3.457025112,20,19,9,7,1449,1,0,2,1
12975,36,87891,8499.237208,0.1416950851,0.1776729823,3,9.834437322,2.710247226,1,5,4,2,777,1,0,0,3
12976,43,94693,9585.417151,0.1540043578,0.05499261232,15,4.970330535,5.648482095,73,15,9,3,3508,1,1,2,0
12977,42,120699,8519.934146,0.1362564106,0.03600719805,48,4.900519269,14.57428632,38,11,2,0,880,1,0,2,0
12978,27,143355,8229.918125,0.09506008459,0.119466428,18,1.805767692,2.613578328,98,10,6,3,1430,1,1,0,0
12979,32,111450,4746.668759,0.1630595076,0.06811658477,27,7.691971872,7.335655461,32,17,1,4,2767,1,1,4,0
12980,39,53292,2199.107498,0.02549907016,0.09878595372,16,7.481058332,5.240445551,30,6,4,7,2370,1,1,4,3
12981,68,148424,9116.016457,0.297647248,0.1658024255,44,2.307666894,14.17379703,3,13,3,3,3887,1,1,3,2
12982,65,145451,7253.236946,0.1329745392,0.1089324253,1,3.104260257,5.973644613,66,12,4,4,194,1,1,3,0
12983,38,86097,2889.303856,0.2789363094,0.1080190587,1,1.147730193,3.780710364,68,19,9,2,25,0,0,4,3
12984,39,93703,3475.857655,0.2200387236,0.06285470838,23,9.007559921,7.434186858,80,7,4,2,4929,1,1,4,0
12985,53,36184,6892.177267,0.09408344589,0.1606444573,26,3.200752832,2.728451211,12,13,0,4,3125,1,1,4,1
12986,51,110033,4830.391353,0.07439525927,0.1505647786,3,9.343368088,6.001872072,64,17,9,1,1374,1,0,4,0
12987,47,109336,906.6773623,0.2987458758,0.05448289779,47,6.140526584,11.12071285,44,3,7,0,991,1,1,2,3
12988,42,81046,1500.334663,0.233916643,0.07080085875,35,4.828668739,9.190449849,38,3,1,4,2886,1,1,3,1
12989,62,122968,7481.921967,0.0824018275,0.1598393567,19,1.070474415,0.6587100903,86,8,8,9,2591,1,1,0,1
12990,45,86741,3352.838332,0.02955906397,0.07796638235,11,1.830450553,7.719803457,88,1,3,0,4376,0,1,1,0
12991,18,81377,5125.729341,0.2121057981,0.08667632702,27,2.42815668,12.29059738,52,13,7,4,3188,1,1,0,0
12992,66,32039,7689.552635,0.09787477248,0.07923833154,28,1.951266318,8.660594729,30,11,9,3,753,1,1,1,1
12993,62,65161,7536.638378,0.07418593566,0.04071018004,45,3.305830155,7.32078725,12,18,2,9,885,1,1,2,2
12994,21,55006,1753.448766,0.2231318504,0.07477034167,32,2.391264831,6.51859412,0,17,4,7,3022,1,0,3,3
12995,24,37544,1074.099258,0.2069857836,0.1625577076,48,6.974503682,8.281489112,97,11,0,1,4882,1,0,1,3
12996,66,32987,5952.4077,0.1496096757,0.1033043173,17,3.673283122,1.572627227,28,0,5,6,3704,1,1,4,3
12997,26,25239,7442.165452,0.2833702205,0.09706132182,11,7.464624561,12.09517833,60,9,7,7,1638,1,1,2,3
12998,53,64785,1575.495228,0.2070951262,0.03970672349,9,2.219434704,12.91993404,94,1,3,4,467,0,0,1,3
12999,36,43358,3782.357345,0.2690916726,0.04373826932,23,2.881967608,9.088664036,71,13,0,2,3725,1,0,4,1
13000,18,134759,8715.75216,0.06526035328,0.01816053123,46,8.087046627,14.69543713,1,19,9,5,4633,1,0,2,3
13001,27,102674,9447.809101,0.09602731392,0.01265155099,16,6.706692125,8.550759332,11,15,9,0,1414,1,1,1,2
13002,53,76450,4595.290633,0.04031083877,0.1027226672,42,1.86802345,0.8938886714,55,18,7,2,4873,1,1,4,2
13003,26,108520,887.2077469,0.09832819938,0.08775414749,31,9.634752831,7.225884681,96,13,5,8,1753,1,1,3,0
13004,62,48428,2651.194916,0.2918157155,0.06232173864,24,7.862810838,6.298310605,93,13,9,9,3,1,1,2,0
13005,63,29096,2406.402211,0.2892283114,0.1981088427,6,5.973808678,3.314348188,40,3,7,4,3189,1,1,1,0
13006,59,67582,2465.740833,0.2305120428,0.08561927717,19,4.086196809,8.249483646,26,10,1,5,534,1,1,4,0
13007,49,44536,4989.428883,0.1611039962,0.1598809108,28,1.845470729,7.094397803,88,1,5,8,3928,1,0,3,1
13008,49,77395,5873.933952,0.2364261416,0.05000366273,18,4.223816374,2.981790452,37,6,1,1,4810,1,0,4,2
13009,23,131595,1312.844928,0.1705112159,0.05693782964,10,3.907205757,7.838464338,96,12,5,6,1117,1,1,3,1
13010,65,88157,8904.624465,0.01101746635,0.1179943598,32,1.705344409,12.59921656,51,7,5,5,2693,1,0,1,2
13011,55,121494,6237.74085,0.1554486514,0.01076537124,49,8.053825492,7.884205341,79,11,9,8,3347,1,1,4,1
13012,34,89484,6012.79213,0.1836877993,0.01331083776,14,4.738020136,3.652616282,31,6,6,0,2539,1,1,4,2
13013,27,21287,9874.062084,0.08706702368,0.03702155702,30,9.005640008,10.44538535,87,1,0,3,2792,1,1,0,0
13014,67,74510,6318.625377,0.06895513363,0.0523929978,12,2.421669946,13.11208592,1,5,0,2,2700,1,1,2,2
13015,44,43902,9296.695578,0.08940463749,0.110291408,47,3.858151947,5.504406699,65,10,0,0,890,1,1,4,0
13016,67,76188,2933.944026,0.1908520474,0.1403835919,18,3.511329197,1.53046193,19,16,4,3,3292,1,0,3,2
13017,52,132894,2477.281954,0.05235859333,0.06925694616,5,8.786453656,13.76521824,56,14,0,9,3940,1,1,2,1
13018,69,41164,5213.535,0.2188952074,0.05542347784,27,5.569601863,10.39218007,61,19,2,5,20,1,1,1,3
13019,38,101204,5135.228582,0.1325756981,0.1663341239,21,2.27639674,14.87586775,90,10,0,0,4924,1,0,2,2
13020,42,21772,2342.18813,0.1124708792,0.04092762709,27,4.217021482,10.57088578,85,8,6,8,2003,1,0,0,1
13021,45,73054,7026.591003,0.2440970746,0.1388820455,15,9.488642773,2.301075415,47,16,7,4,4626,1,1,1,3
13022,64,74878,393.3748104,0.1567583423,0.1869527981,49,5.963385755,6.780597389,82,19,3,2,2849,1,1,4,1
13023,32,146800,6937.241678,0.1197361627,0.05412007295,32,1.33060199,1.121515326,6,9,8,8,652,1,1,1,3
13024,21,52238,4626.061073,0.2646648675,0.02652341945,49,1.520604871,5.451667191,66,3,7,9,4157,1,1,1,0
13025,46,124504,6921.174357,0.1167929733,0.1961541899,40,3.121126477,11.88675236,49,3,6,0,3127,1,1,0,2
13026,26,78293,4823.098243,0.2591100821,0.06144702126,44,6.591919596,8.556616449,33,15,8,1,3185,1,0,3,1
13027,44,101298,9775.604451,0.1562176226,0.06237600972,47,3.207346328,7.154644627,86,0,9,7,4802,1,1,1,2
13028,43,121442,3413.381016,0.07032205826,0.1019167354,25,8.651030969,12.79372192,68,6,2,2,2724,1,1,3,0
13029,36,27213,9827.472076,0.1877172746,0.05390095522,22,6.664796789,3.068006997,66,1,1,9,1086,1,0,2,0
13030,45,34941,743.2420305,0.09274382262,0.1986457475,0,3.706575355,8.3100417,87,3,9,8,1135,1,1,0,2
13031,34,115881,6869.23167,0.05267498833,0.01816351832,28,4.545412231,9.887046936,90,1,4,4,4243,1,1,4,1
13032,60,120720,4596.770147,0.03509351771,0.095779885,7,4.377319499,13.92360364,33,15,9,8,3132,1,0,1,1
13033,58,35964,8239.162493,0.08009222738,0.1141858797,41,3.827654061,2.873054437,42,3,8,0,4743,1,1,3,1
13034,59,46855,7917.19909,0.2236008462,0.09872066301,38,6.668976571,10.74696294,20,9,1,4,3639,1,1,1,2
13035,67,78769,8022.08081,0.2530197745,0.1088993648,2,2.815068234,1.16441137,11,9,1,3,4777,1,1,0,1
13036,37,141739,1037.912133,0.2598990453,0.1976400374,12,3.628990701,8.725305228,31,2,4,6,3862,1,0,4,1
13037,62,103504,8241.420429,0.08834299938,0.1766113009,19,1.76712784,9.852333748,46,8,8,0,1159,1,1,2,3
13038,57,21046,2218.997559,0.2016821506,0.06860429907,42,4.384329442,12.67888181,85,6,8,2,2358,1,0,2,1
13039,56,34909,354.2346122,0.07680267738,0.1147806393,4,1.579460485,5.195565406,97,18,9,4,4173,1,0,3,0
13040,66,99114,2255.613325,0.1906010131,0.01005909238,44,1.161149386,10.60205444,86,7,3,7,2935,1,1,2,1
13041,40,43368,4844.922537,0.267291188,0.08781811026,11,6.813817363,1.844081609,54,17,8,7,149,1,1,3,2
13042,64,136853,7446.902463,0.02185916795,0.04113610234,47,2.46209414,3.727040765,64,3,0,2,1433,0,1,4,2
13043,49,114135,2264.46156,0.2957154436,0.1451585122,16,1.316779237,11.71564463,67,4,8,4,4621,1,1,1,1
13044,69,91255,1218.774726,0.2498554845,0.05200701975,13,1.614999888,13.44346716,16,15,6,8,4241,1,0,0,2
13045,64,101496,6495.075825,0.2308820137,0.1522901726,25,2.792893365,0.7356099729,25,17,8,1,3719,1,1,4,2
13046,50,109142,9840.59056,0.2104952392,0.06950036846,29,7.487929253,2.913198999,94,5,9,6,1333,1,1,4,1
13047,63,135864,6048.615991,0.2333794278,0.185907438,41,1.106760803,3.547348717,32,11,4,6,1514,1,1,2,3
13048,22,133902,6941.467905,0.2984326533,0.09462915432,44,7.538679779,8.031131522,63,19,5,1,4769,1,1,2,3
13049,60,35624,5655.557693,0.2333554762,0.1695083667,31,6.373523356,2.735585505,91,4,0,5,4033,1,1,0,3
13050,65,124715,7845.249598,0.1119642276,0.1293515406,29,5.625183257,14.65292574,9,18,1,7,4818,1,1,1,3
13051,51,126378,9760.46376,0.1880373374,0.1957056608,11,9.183550621,6.124000654,99,12,0,2,1974,1,1,4,0
13052,57,30352,5486.879371,0.1077076747,0.1511173226,35,8.466289693,2.570856073,45,12,0,8,1859,1,1,2,1
13053,28,116421,4226.226066,0.2913189785,0.1482636312,18,4.768934642,11.72638769,72,3,6,7,417,1,1,4,2
13054,67,100539,8617.396305,0.2710405225,0.06032453667,43,1.06030256,8.646266111,89,10,2,2,4015,1,0,1,2
13055,20,29223,9700.310603,0.174609866,0.1059233527,24,7.395188021,13.75448509,50,5,0,6,4825,1,0,3,1
13056,50,116969,1378.898245,0.2365693888,0.06512160085,32,1.429535287,14.06615101,33,8,0,7,1231,1,1,1,2
13057,28,137976,5823.892558,0.2738092135,0.01366575303,41,3.502485312,12.9103564,13,19,6,0,1426,1,0,4,0
13058,33,98254,7945.353926,0.08064407646,0.1450112132,20,5.437310768,8.682938456,40,6,4,2,1941,1,1,4,3
13059,35,86851,5380.060111,0.1780497385,0.05480893494,1,1.89407116,3.72771074,89,11,0,9,3458,1,0,0,1
13060,47,70044,4151.049985,0.1496977326,0.08549156577,36,7.113444355,6.714441391,94,9,7,8,287,1,0,4,2
13061,65,107089,6586.775229,0.2337614929,0.06408136956,20,3.892321285,7.49693408,37,2,5,6,2168,1,1,2,0
13062,27,110218,2774.268136,0.1199339312,0.04793081273,25,4.254946437,14.645101,47,6,4,0,2956,1,1,0,2
13063,35,105000,3556.424055,0.2156040955,0.02275267163,31,6.834923381,4.162860509,42,9,5,4,2722,1,1,4,0
13064,55,127240,9923.538923,0.1268679958,0.07419908267,26,4.584177102,6.80353655,27,0,7,9,3762,1,1,1,2
13065,36,51419,6401.00681,0.04221171075,0.02553153547,16,3.021127601,8.653987758,40,11,8,2,1654,1,1,4,3
13066,53,33767,8741.980253,0.04106521517,0.1126606367,3,2.590823049,6.171470607,55,0,8,1,4489,0,0,1,1
13067,30,92002,8096.908279,0.04452633412,0.01372857971,38,7.51637739,2.249001385,80,12,2,0,1747,0,0,1,3
13068,63,51028,6557.498289,0.01943076402,0.1886037771,14,7.755264239,13.41140449,75,6,0,1,4872,1,1,4,3
13069,20,67953,8423.217916,0.1645622198,0.1936302537,32,2.761301995,12.11757877,90,17,9,0,3445,1,1,1,2
13070,27,77965,2942.869105,0.2048517778,0.06788423118,13,3.871058838,4.219186213,64,7,5,5,4746,1,1,3,3
13071,55,123394,6407.452843,0.04675123653,0.05943698175,25,9.609473103,6.988410218,59,5,6,8,3583,1,1,0,1
13072,18,89776,5946.974546,0.1874388201,0.02983698794,46,9.858064141,11.16124572,96,14,5,2,2743,1,0,4,0
13073,44,51459,6261.954048,0.1833446227,0.1819345961,1,6.267770924,14.61677343,12,17,4,9,4815,1,0,3,0
13074,63,110932,1769.456079,0.05265727491,0.1215041458,19,7.812509996,2.928922659,68,3,9,9,2561,1,1,1,2
13075,25,102331,2844.706096,0.127183954,0.1259237354,25,7.734279071,9.750802401,51,11,4,0,3855,1,1,1,1
13076,68,44689,2937.917356,0.2289893558,0.1802127279,1,4.560053261,12.3544937,42,7,9,5,3429,1,0,0,1
13077,63,100446,6059.267009,0.01485924741,0.1830494908,47,1.435859593,0.8756013758,91,4,2,5,4177,0,0,3,0
13078,59,87982,9728.214116,0.05261488633,0.1673849172,1,7.666334924,12.25930635,87,1,3,1,2885,1,0,3,0
13079,34,23346,9545.268757,0.2987902286,0.1569538966,47,2.221960442,11.95357641,83,17,9,3,606,1,1,4,3
13080,26,65179,2349.176575,0.2227280202,0.1766758322,16,3.614485894,13.89049434,39,3,2,4,4739,1,1,1,2
13081,23,134773,3117.967906,0.144597781,0.1764344153,17,3.839891897,1.724141102,41,18,8,5,1175,1,1,2,0
13082,60,60517,457.0127336,0.1926424095,0.08004252269,47,4.141829013,2.302164743,36,7,2,5,4489,1,1,4,0
13083,42,89678,4048.27434,0.2554040815,0.1949443318,3,5.191136923,8.020910409,83,0,4,1,3500,1,1,4,1
13084,56,101606,8363.273805,0.2542683298,0.1447351205,16,5.51449625,13.13856495,22,11,5,4,2178,1,1,4,1
13085,66,132491,9165.942216,0.1041634163,0.08033979246,32,5.351715508,13.18040327,66,5,7,4,4561,1,0,0,1
13086,45,92623,2441.315148,0.1524745125,0.09398940828,22,2.465657363,10.65092445,68,19,9,9,3190,1,0,0,0
13087,50,109288,2731.365288,0.195035978,0.1405549011,12,6.839226506,7.00675933,78,6,5,1,4917,1,0,4,2
13088,54,101171,2286.413183,0.03085010579,0.07860879283,6,8.112029835,3.851445103,68,10,5,6,4445,1,1,2,3
13089,26,78916,3566.025319,0.2842810138,0.1670459653,40,5.155666844,7.382865154,97,8,5,9,2176,1,1,3,2
13090,35,107754,8067.118046,0.1354951294,0.03813208803,45,8.544877507,3.647431937,57,7,0,1,2757,1,1,3,0
13091,38,117409,6503.888952,0.1175500749,0.1824429168,0,4.998311616,11.70878554,45,16,9,0,4012,1,1,1,3
13092,19,68575,7880.815087,0.2730591048,0.06722752725,39,6.114870505,6.611852912,86,10,5,5,2317,1,0,3,2
13093,60,128501,5872.007953,0.04430312814,0.03901542922,41,1.625947864,8.320750515,46,15,0,0,2856,0,1,3,0
13094,55,65039,2651.557473,0.02138563124,0.1730246135,30,2.321611309,10.37353486,16,8,1,3,2053,1,1,2,2
13095,57,69955,2357.142384,0.2086506996,0.0554980154,35,7.905999125,8.13317661,8,11,7,3,872,1,1,3,0
13096,53,100260,189.1069881,0.1216508608,0.1702451902,24,3.242606038,11.45196335,67,3,7,5,1857,1,0,2,1
13097,67,75871,7831.723155,0.2316979846,0.06629023666,44,1.843988683,11.89790453,93,2,1,4,2181,1,1,0,2
13098,60,80678,8486.500139,0.02987793734,0.1874342147,49,6.114226706,4.019649065,77,11,2,3,222,1,1,2,1
13099,54,140773,7705.997736,0.1212895716,0.05162475156,40,1.849527676,4.823031223,29,17,5,5,1227,1,1,0,1
13100,32,51351,836.5803715,0.07824431149,0.0232334983,39,7.156666012,1.360157312,94,3,3,9,4736,0,1,2,3
13101,45,80693,7645.994109,0.2244858946,0.187940921,29,7.20257096,1.793328648,60,15,8,4,2082,1,1,4,3
13102,35,51433,553.0977862,0.07587933202,0.04146889103,37,5.077521502,12.52740343,64,6,6,6,4666,1,0,0,2
13103,51,94797,1145.37135,0.1428041471,0.1893851829,20,7.171903101,3.602995323,57,9,9,4,1234,1,0,0,0
13104,39,99015,4460.706192,0.2474744898,0.1665556965,18,8.1943639,12.60262115,26,0,8,8,2808,1,0,3,3
13105,28,35804,4813.855388,0.2754632553,0.02556582405,15,2.779077803,14.79523434,65,13,6,2,3333,1,0,0,3
13106,30,112781,8179.574503,0.2195556802,0.0945756878,32,6.845798833,4.020770029,44,17,5,1,2305,1,1,2,1
13107,21,65101,6827.316231,0.1344762393,0.02394593505,46,7.231125559,7.175412934,39,0,3,0,2422,1,1,4,1
13108,39,80115,1617.869768,0.1758759037,0.07265944728,5,2.750061987,8.287390462,60,6,7,4,1196,1,1,4,0
13109,24,98363,2338.853154,0.2100100847,0.07678558487,41,7.54188956,14.17086805,40,17,5,7,881,1,0,3,3
13110,60,138870,2928.184364,0.2637304617,0.1239303328,36,7.47591825,3.090137339,73,16,9,8,3035,1,1,2,3
13111,41,149826,1324.359111,0.2676864556,0.1954201579,7,2.415273668,12.62171439,87,10,4,2,277,1,0,2,0
13112,21,127904,2947.684375,0.2799811525,0.04225505362,0,3.856848698,14.38784307,83,1,5,6,4259,1,0,1,3
13113,45,64700,7313.12174,0.2451062187,0.0725386833,12,9.470371484,8.539040294,41,7,5,3,2561,1,1,0,2
13114,32,134952,2489.874554,0.05257140142,0.1215494739,25,1.640291524,2.709699968,61,4,1,6,4618,0,1,3,2
13115,18,97576,8370.060506,0.2268154647,0.04256996251,15,3.060520798,5.340165947,79,3,2,4,149,1,1,4,0
13116,20,39477,4748.218252,0.2462317883,0.1450348358,48,6.20920626,14.40684984,37,2,9,5,2420,1,0,1,1
13117,31,36127,3297.064036,0.264582714,0.08669534602,38,9.718307213,2.939236237,59,10,8,7,2056,1,1,2,0
13118,55,106718,4182.939235,0.2781968994,0.1904187362,46,3.314303685,7.570674934,48,14,7,9,1908,1,0,0,2
13119,67,46049,7124.017732,0.1576563459,0.1296754796,45,8.351028774,3.252963461,17,6,7,9,4086,1,0,4,3
13120,18,110063,5216.247762,0.1999768816,0.07898533513,27,4.306187963,13.60981637,98,2,0,8,581,1,1,1,3
13121,55,149255,172.0587734,0.01277030522,0.146699893,48,4.17237394,9.061320998,93,16,8,7,868,1,0,2,1
13122,55,32473,9231.006081,0.1761072346,0.1693633698,22,9.964512512,13.88853533,4,19,3,5,428,1,0,4,1
13123,38,102245,753.3604297,0.1472275305,0.1620911552,6,8.354953474,14.21946704,10,16,1,4,1610,1,1,4,2
13124,65,119510,9392.351353,0.289068753,0.05992523488,23,3.236758702,7.590045015,3,19,6,3,3082,1,1,2,1
13125,46,81836,378.7129538,0.2714956966,0.08922683691,45,2.670869204,14.08798736,60,10,5,1,2356,1,1,2,0
13126,22,62464,7732.695416,0.2413051395,0.0959137556,7,1.75672845,0.5102689885,74,17,8,7,213,1,1,3,2
13127,66,33714,5393.279611,0.02652831351,0.08379284451,44,5.34431379,3.28553746,11,5,1,2,1048,1,0,4,3
13128,27,80878,5106.689188,0.1265883643,0.06906408074,0,4.010581424,11.14297692,48,13,5,5,453,1,0,2,3
13129,45,54208,820.5071752,0.2118522444,0.1530220819,3,4.427394188,8.134079106,27,4,7,0,4936,1,0,1,3
13130,38,117481,2463.575602,0.01860161563,0.01232260625,42,4.882684011,14.86880342,89,14,5,4,1707,1,1,0,1
13131,67,107104,7797.718439,0.07838599961,0.06577340348,40,9.919391778,11.87210299,33,1,7,2,1142,1,1,3,2
13132,24,94683,8923.472316,0.2673770851,0.03690727882,18,1.02585307,10.12981523,55,18,1,0,1079,1,1,2,1
13133,20,101803,5338.274942,0.04763642252,0.03446617002,21,4.834580417,13.72644574,64,14,8,6,1680,1,1,0,0
13134,62,61514,3598.099624,0.02489831626,0.06262214671,35,1.584756796,5.389414597,5,8,5,7,1806,1,0,3,2
13135,64,116988,693.4377598,0.1783698693,0.1548090873,0,7.057143195,2.929893517,32,4,6,9,4892,1,1,4,1
13136,37,25136,6853.567408,0.2844747385,0.1941901551,18,1.45385919,8.43265797,46,1,1,8,412,1,0,0,3
13137,36,118115,2856.621446,0.2520411746,0.1077775086,28,7.90148114,3.957873556,23,0,9,3,1362,1,1,3,3
13138,52,51516,644.6357784,0.2926840264,0.07440464534,18,8.810065584,3.869593697,33,2,7,1,679,0,1,2,0
13139,21,96982,6691.932118,0.2285217146,0.1675423886,42,9.737214195,4.94136143,71,4,8,7,2212,1,1,2,0
13140,22,83878,4908.625956,0.1368372345,0.0227496508,5,2.087836066,10.28951165,15,19,2,8,3397,0,1,3,0
13141,18,65099,218.425282,0.2845187675,0.02770190896,24,9.810023299,0.8420568208,79,15,3,3,3529,1,1,4,3
13142,21,110060,1198.147987,0.1337236508,0.0756195998,38,4.711021878,12.82483256,15,5,5,5,4716,1,0,3,1
13143,29,33188,7022.0991,0.1115274387,0.0951976149,22,6.69320937,9.374677982,97,7,2,4,1435,1,0,1,3
13144,44,124123,730.3461974,0.1399768162,0.1615891952,0,1.000427851,4.914587758,83,2,9,8,4926,0,1,3,3
13145,59,126373,8673.034342,0.2460524468,0.1858001485,14,4.332329375,2.140015793,13,11,6,3,1683,1,0,3,3
13146,40,131073,3182.130146,0.2761311295,0.1109425416,24,4.1760695,11.95535616,58,0,7,6,864,1,1,2,1
13147,42,71188,977.7980573,0.1137278119,0.1041724872,3,5.534252551,6.828287151,61,19,4,1,2750,1,1,4,3
13148,38,144166,7621.598044,0.1440517624,0.05047209363,44,2.193331606,6.811936217,89,13,4,0,2607,1,1,3,0
13149,69,144077,5291.829621,0.2705149238,0.0957244933,43,7.211672776,7.318344442,65,10,2,0,4258,1,1,0,0
13150,41,25560,3135.736321,0.02364266271,0.1854924039,0,6.361322823,6.502267828,18,19,3,4,1843,1,0,2,0
13151,42,131157,4120.373583,0.2373219213,0.08465091189,39,2.912390447,7.942777074,60,6,2,6,237,1,1,2,0
13152,62,128763,311.9827165,0.1417231499,0.05002967268,20,9.852725026,9.644458949,65,3,7,4,1652,1,1,3,3
13153,63,56397,6660.715522,0.1191903218,0.07408605555,42,1.050337149,6.749680987,25,5,2,3,4515,1,1,0,3
13154,49,97193,3721.159521,0.1396071746,0.1077729764,9,4.023262629,14.60564181,88,13,1,8,3981,1,0,3,3
13155,49,143651,7168.97194,0.1314202959,0.1237311558,1,3.355523685,6.265153645,48,9,5,1,626,1,1,0,0
13156,22,58082,6318.894345,0.2294193993,0.09216167713,16,6.040353636,3.609374078,18,3,7,1,3269,1,0,2,1
13157,53,104376,6547.416441,0.2791047815,0.1541218741,12,8.995596779,14.71153421,48,12,9,9,3290,1,1,0,2
13158,63,61430,7949.637839,0.1525221894,0.1210461426,26,6.919976376,4.793596512,80,7,7,0,1699,1,0,3,2
13159,59,70522,6348.464976,0.2514927979,0.1363591455,40,1.428348928,9.501726308,29,17,5,4,4747,1,1,1,2
13160,66,60397,4245.386699,0.2222639154,0.1739545957,47,8.770584347,12.51469736,75,4,5,4,1600,1,1,1,1
13161,59,96860,3960.282861,0.1058974278,0.1744808284,27,3.385720494,0.5573438512,56,11,5,0,2501,1,0,0,3
13162,56,149189,1283.862857,0.1803210062,0.04866657934,48,1.992918725,4.601082942,84,4,4,5,4176,1,0,3,2
13163,33,45247,7816.48979,0.2033765458,0.1284355015,9,4.892985744,8.211367708,35,6,3,4,4036,1,1,4,2
13164,50,103094,7634.973573,0.01681481785,0.1461617636,48,9.088402509,7.110287986,39,18,1,6,2534,1,0,1,3
13165,66,134798,2538.353834,0.1248271099,0.03771206112,9,1.311253886,1.555561866,27,13,4,0,2888,0,1,2,2
13166,38,39943,8640.550936,0.297865071,0.170126269,45,6.630951591,6.98231733,96,10,1,2,15,1,1,3,3
13167,26,59460,5931.132252,0.1948043639,0.04428927378,46,3.992470802,2.0362706,45,19,8,9,3537,1,1,3,2
13168,23,61986,4838.99974,0.1069307801,0.1618630904,8,6.60315557,4.123110874,72,10,3,8,1852,1,1,1,3
13169,68,64514,273.2133861,0.08250697143,0.04067849376,33,3.397113895,11.35742709,81,2,0,5,1720,0,0,4,0
13170,62,100908,3889.13774,0.07074966461,0.150937922,45,9.703865259,3.089289533,87,12,9,1,2001,1,0,2,1
13171,52,72385,6442.640606,0.1264760086,0.03814811599,38,2.024472568,10.14656428,31,5,0,8,1453,1,0,4,2
13172,56,32631,988.5035931,0.06604705028,0.08197756906,3,2.421945814,14.60748796,86,15,9,2,809,0,1,2,3
13173,39,87008,4649.716358,0.0492039928,0.03726806536,44,1.411009185,4.08125609,57,5,4,2,3733,0,1,1,0
13174,58,46955,9935.015918,0.1155783525,0.0614358683,3,8.154980555,4.263434901,75,5,7,1,3443,1,0,3,3
13175,22,67367,7193.732508,0.1860299109,0.1970578077,3,1.845611276,14.3198403,97,5,6,4,1209,1,0,2,2
13176,59,50802,5514.021786,0.0524557628,0.03045837465,40,3.489611644,10.14451582,25,12,6,2,2387,1,1,3,2
13177,40,90408,5377.025561,0.02285954942,0.08722831702,10,2.850411939,11.66650681,69,7,4,5,113,1,1,0,2
13178,34,113083,533.2743144,0.02004351724,0.1386146748,0,4.181803515,11.97694631,68,16,8,4,1875,1,1,0,2
13179,29,63341,9577.41293,0.08754143321,0.02797372838,44,7.892034869,11.0829419,86,1,4,8,2102,1,1,1,2
13180,40,33691,9288.958837,0.06513836425,0.03071626761,20,9.551728251,14.66356512,49,5,0,9,528,0,1,1,0
13181,33,129786,6855.806636,0.1663840545,0.03721994578,24,8.909830141,4.483808218,78,5,4,9,1985,1,0,1,3
13182,20,24753,1080.215332,0.1421588542,0.1325474118,8,8.570491683,8.016356782,31,6,2,2,4257,1,1,0,3
13183,47,21833,2157.555578,0.1041823182,0.1827740144,24,4.757236134,10.12913721,57,0,2,2,4389,1,1,2,2
13184,39,124232,1920.704405,0.2517274219,0.1669379963,17,8.216368314,10.75528643,63,7,4,3,1650,1,1,4,3
13185,26,28645,5243.827003,0.156434628,0.1967804955,6,7.994358441,3.286246802,76,2,0,4,4351,1,1,1,0
13186,46,125120,2157.258358,0.0365436977,0.1198461981,45,3.227776242,13.19485615,27,3,7,9,3587,1,0,4,2
13187,64,135428,6988.425559,0.09577166268,0.1926806879,25,3.361559197,12.31380074,96,16,8,7,1489,1,0,4,1
13188,54,115977,5497.775871,0.2922683872,0.06793749139,48,5.490944269,4.330443538,71,2,9,1,2185,1,1,0,0
13189,40,60024,274.8159527,0.293323423,0.09008587283,17,9.671298659,8.387510406,79,1,3,9,3642,1,0,2,2
13190,30,137068,7466.166647,0.08385477431,0.08524785991,0,1.971115561,4.773279569,38,13,0,0,4939,0,1,0,3
13191,49,128853,1969.404493,0.05849847735,0.01899792125,8,9.89559812,5.805369374,95,5,1,6,1666,0,1,1,0
13192,63,100598,8266.362685,0.1537495624,0.167644001,9,2.430365961,8.236753127,79,17,6,7,1571,1,1,0,2
13193,69,29635,3614.949828,0.1496248263,0.01469645585,47,5.370493989,8.322506633,44,1,0,4,1723,1,1,0,3
13194,64,40064,3452.334832,0.1289399293,0.1486764877,10,3.735746575,8.214853193,12,11,2,7,2380,1,1,0,3
13195,65,29940,216.9916242,0.163513596,0.0873423087,31,4.777783557,8.391756968,19,4,6,7,4674,1,0,1,2
13196,40,55169,9878.516931,0.07733665977,0.01118706605,20,9.62050177,9.723894935,57,9,3,3,2315,1,1,1,0
13197,62,98647,6158.842958,0.04332950905,0.06508991154,35,6.68622013,0.7277499463,18,14,9,9,4490,1,1,0,2
13198,34,129667,4285.028645,0.175433823,0.07576426222,31,3.677607066,2.527424799,74,12,3,2,2442,1,1,0,2
13199,57,65200,1056.551904,0.2804534191,0.1932934695,18,6.655843255,7.319019776,90,9,0,8,3242,1,1,4,2
13200,38,76329,7021.565835,0.04994729022,0.1356050285,7,5.069387496,10.77166222,79,16,7,3,1772,1,1,2,2
13201,19,71158,2899.031653,0.21439627,0.1132786024,34,9.490239478,7.884375257,8,12,3,5,942,1,0,4,2
13202,54,49739,9883.980102,0.1369900393,0.0341396072,21,4.175604746,9.619664836,76,6,8,1,4688,1,0,2,3
13203,23,128282,9510.418856,0.09525321102,0.08430982451,3,6.260271589,14.57506852,18,3,4,6,397,1,1,2,2
13204,61,37793,7379.43712,0.2574016733,0.01679522718,28,8.644795654,11.08595416,93,1,5,6,4288,1,1,0,0
13205,35,103682,9713.61211,0.1423825914,0.1547202295,30,9.62958285,14.12806655,54,4,5,5,3699,1,1,4,1
13206,47,53677,1145.775238,0.1791604841,0.04092757342,7,8.19251241,0.7755796541,38,9,8,0,1701,1,1,2,2
13207,39,86296,2871.162069,0.1384863232,0.1229427832,11,9.419811602,6.983799243,16,18,2,1,4401,1,1,2,0
13208,50,43022,2607.108559,0.03356237868,0.1428843923,4,5.173978125,5.640476822,61,8,5,2,797,1,1,1,1
13209,47,91148,812.9253187,0.1825223592,0.07963673426,29,7.880505324,10.73010076,93,1,8,2,3617,1,1,2,0
13210,34,121544,9725.04332,0.1314638828,0.1301926989,34,1.851846675,13.97682824,92,8,7,5,4788,1,1,0,3
13211,60,47265,693.7434578,0.03515941576,0.1552042437,36,6.344320772,1.084091126,59,12,6,7,3984,1,1,3,3
13212,49,20530,8581.22015,0.182785403,0.04498352107,3,1.121526586,1.330920777,41,0,3,2,2261,0,1,1,1
13213,59,29551,7704.798103,0.01286257029,0.1241634625,42,3.340418723,10.25611572,1,14,4,3,445,1,0,3,1
13214,68,48394,3821.084166,0.07047091259,0.1494377957,20,6.990037275,5.517790497,49,12,6,8,4364,1,1,0,1
13215,31,62987,286.19289,0.2365101657,0.07783913699,15,2.544059142,3.443802451,66,13,5,7,2639,1,0,3,3
13216,27,68984,160.3494593,0.02099895321,0.04087332004,17,2.801281525,14.34335875,19,10,4,7,283,0,0,2,3
13217,64,88096,2119.539023,0.1975378084,0.06436204401,30,1.555465782,0.7035642989,0,1,8,0,232,0,0,3,0
13218,68,104097,4989.378142,0.2854150144,0.1872841867,37,7.72649191,4.472705703,4,0,4,8,2554,1,0,4,3
13219,53,90639,4633.308784,0.05964581287,0.07791511141,31,5.031505228,5.309585054,96,10,5,6,871,1,1,0,1
13220,51,44090,5894.396508,0.1309624395,0.03046311167,47,8.991547089,11.85033667,38,15,9,9,2792,1,0,4,2
13221,26,103457,7742.397166,0.1768943322,0.02571803645,32,4.260332879,8.645245537,86,4,6,3,4939,1,0,3,2
13222,59,127769,3835.810687,0.1406205932,0.04429406249,18,4.917312956,5.261415592,17,18,1,5,1006,1,1,4,1
13223,45,22781,1687.600586,0.189909529,0.03422734378,19,5.454288579,2.961424862,67,9,4,0,2386,1,1,1,3
13224,28,37330,8020.484277,0.1271882823,0.1040582954,47,8.748191075,3.659270301,96,19,5,7,4219,1,0,3,1
13225,31,25257,3393.637745,0.05306619742,0.07603477439,9,3.629677635,1.060775809,89,14,2,8,2467,0,1,4,3
13226,56,78642,2940.130788,0.03582286435,0.1698670744,25,1.464216111,12.63453397,21,1,3,8,3044,1,1,2,2
13227,64,74249,7666.68918,0.2258885153,0.1774049212,45,6.644722523,2.199188795,29,2,1,8,3218,1,1,3,0
13228,36,71663,9347.980437,0.07920094536,0.0999230837,17,8.431308045,12.43417482,89,13,6,0,4055,1,1,1,3
13229,32,54956,9158.116692,0.2557605907,0.1788201499,44,6.006316502,2.518056449,0,16,1,9,1380,1,0,2,0
13230,45,124367,1460.680016,0.2254779007,0.09558771136,44,3.884302931,13.63566447,69,6,1,9,812,1,1,3,2
13231,41,35615,5081.265719,0.02434142346,0.1319728035,14,6.674224308,10.33840654,80,13,4,9,409,1,1,2,0
13232,25,20881,1019.415809,0.06835122395,0.0408816182,35,9.919029056,5.604475599,94,9,4,8,386,1,0,3,0
13233,60,21847,9613.661993,0.0946778704,0.01999068675,17,6.166375912,6.194061687,50,15,5,9,1099,1,1,3,1
13234,26,124903,2230.75607,0.1823998522,0.04041618352,30,3.836947754,4.626121306,67,13,1,5,3223,1,1,0,0
13235,64,71127,2054.55279,0.2448498301,0.05785059481,14,3.192539923,3.563705594,73,13,8,5,2899,1,1,4,2
13236,50,141265,8899.968163,0.027496644,0.1526865597,37,9.984040236,13.71048889,60,9,1,0,1842,1,1,3,3
13237,50,107646,9681.720496,0.08238659605,0.04296599607,28,8.653797223,3.174100885,47,14,0,1,1486,0,1,1,0
13238,36,147148,7006.559367,0.1191008311,0.03482439215,41,3.515369776,3.051253067,52,17,3,9,2835,1,1,4,3
13239,20,57336,1297.949834,0.06317937483,0.186245782,14,3.362014826,5.723826724,33,0,1,7,4246,1,1,0,1
13240,27,101850,4909.970544,0.1681347083,0.1408724602,0,8.233031743,14.77262069,85,2,6,1,1722,1,1,4,2
13241,57,115654,8184.390431,0.148620719,0.09992806129,36,9.930568135,7.241299778,85,8,3,9,242,1,1,4,2
13242,64,59931,5767.524119,0.1017837362,0.02804399471,40,5.190428889,5.65253137,6,9,1,8,1585,1,1,3,3
13243,59,63924,1412.689062,0.1598971972,0.1718402732,22,3.045390151,14.97898245,38,4,9,3,1823,1,1,1,2
13244,18,42966,1801.68872,0.1131882537,0.03056910185,45,3.073092346,11.23060611,36,4,4,3,4981,1,1,3,1
13245,46,64023,8655.002591,0.1095262796,0.126098841,10,8.176165057,14.19706702,62,14,8,4,3898,1,1,1,3
13246,67,31320,5317.588721,0.08696470235,0.1368585336,37,6.445152382,4.109383851,54,3,3,6,2781,1,1,1,2
13247,51,77841,7087.78406,0.166727001,0.08602637298,15,6.703761299,11.43584711,14,3,0,0,3922,1,1,2,1
13248,68,85125,3793.31901,0.1387934644,0.1831311778,29,2.748929542,13.41436774,82,17,7,8,1515,1,0,3,1
13249,30,87752,5371.607271,0.0669341874,0.01963311622,28,2.174261356,8.175754319,73,6,7,5,4789,1,1,0,0
13250,18,111100,9773.32109,0.01376021566,0.1654422121,40,1.095767569,6.646301218,61,19,9,4,3587,1,0,4,2
13251,51,124005,3364.060066,0.05376956678,0.1152209357,2,9.236820332,4.791381911,67,0,9,4,4499,0,0,2,3
13252,46,109937,6780.406422,0.02242203443,0.1261287076,39,4.194907752,8.725498663,49,13,4,0,2120,1,0,0,0
13253,65,137296,1807.805016,0.1351636618,0.1974968569,16,7.821784286,3.286030531,40,6,7,0,4907,1,1,3,3
13254,64,145355,1305.224864,0.07527808763,0.1207030826,25,8.960122324,6.761770902,60,18,0,6,1817,1,1,1,0
13255,30,81858,7858.037101,0.1319320464,0.1614353173,8,6.387087898,10.39685471,24,8,1,1,530,1,1,3,1
13256,65,78714,8456.671279,0.1055404633,0.03917084549,16,4.818313651,9.959162697,27,11,3,3,510,1,1,3,0
13257,66,31780,6716.285784,0.1660242951,0.1637650225,36,1.348011424,10.64845663,81,9,2,7,1266,1,1,2,0
13258,46,96230,1666.138792,0.2199213803,0.1546038524,30,4.034153637,9.004975874,34,5,2,5,934,1,1,0,0
13259,56,90345,2481.82086,0.1490010421,0.1939409139,30,3.894647335,0.5381401939,82,2,8,3,969,1,1,2,2
13260,41,141033,9120.63951,0.02797073767,0.1877850206,10,6.097118805,0.8876637379,52,10,8,6,1623,1,0,0,0
13261,43,102098,2958.170083,0.01507803961,0.05065744365,37,7.876604032,8.913772547,83,0,7,6,4260,1,0,2,1
13262,34,132696,8206.71911,0.07183703822,0.09833729456,21,7.399909491,14.50644816,38,0,6,0,2211,1,1,4,3
13263,24,117977,2930.77916,0.1332405783,0.1831818039,45,8.829278325,3.319517398,96,6,7,0,2804,1,1,1,2
13264,30,126075,9400.679436,0.0230224583,0.1317453632,2,1.421615768,10.90205089,58,10,3,4,616,1,1,1,1
13265,22,142659,9153.083837,0.1050428034,0.09810307491,48,6.445030771,6.781485213,64,9,6,6,4914,1,1,1,2
13266,43,21929,528.3054189,0.2672374553,0.0306983647,27,2.701065474,2.516892389,0,1,7,5,1367,0,0,4,3
13267,66,115153,7727.09847,0.03610551634,0.07683393777,31,9.7528477,0.9825380315,44,6,3,0,909,1,0,4,3
13268,20,132610,1777.671426,0.2850697878,0.1363955903,3,4.682005086,10.84393965,18,0,4,6,2254,1,1,1,3
13269,24,137236,2231.189096,0.2584348149,0.1576137516,39,6.614698344,2.587075756,47,4,7,0,52,1,0,1,2
13270,66,139522,4652.467602,0.2512165352,0.09496171366,37,4.164242053,4.827228119,48,17,1,1,2837,1,0,0,2
13271,56,34244,5805.549683,0.2604609682,0.02061045367,10,2.981586753,6.319983824,72,2,3,9,243,0,0,0,3
13272,18,118415,3325.417218,0.03321457692,0.1303027146,0,7.190881142,10.73515972,13,4,3,6,1592,1,1,3,3
13273,66,129715,5796.295319,0.05383874725,0.1851014145,46,9.453332862,6.120513548,66,9,9,0,4,1,0,2,1
13274,34,142636,1789.517876,0.0489680037,0.1043180423,15,1.535319083,6.101209261,29,4,3,4,3723,1,1,0,3
13275,60,135402,321.1427784,0.04226012512,0.1864006932,33,8.42716409,12.01639029,64,17,0,2,691,1,1,0,0
13276,42,144281,5755.121445,0.1050362537,0.0772791375,44,4.074335095,0.6012265198,68,13,5,3,513,1,0,0,2
13277,20,31116,5222.411074,0.2507628961,0.1784094963,31,2.088310985,11.43092614,86,3,2,7,3493,1,1,0,1
13278,32,107954,6927.574244,0.08306902165,0.159404553,43,7.419467028,8.06435422,5,6,1,8,4920,1,0,4,2
13279,46,101243,6533.238413,0.08082428691,0.1927308945,45,1.74222544,8.354382426,83,18,9,5,1051,1,1,3,3
13280,60,103301,8985.115164,0.2060077397,0.1602940347,32,7.549629246,5.510577483,45,19,7,1,4164,1,1,0,0
13281,49,55895,4648.73934,0.03810827962,0.07108115243,10,4.922177348,1.841059725,41,6,6,1,1696,0,0,2,3
13282,43,98636,182.8577995,0.1144811978,0.1811078302,35,2.482641815,1.817085461,71,10,6,8,1897,1,1,0,2
13283,33,43867,6343.461548,0.09567362898,0.1372489045,12,2.414730014,5.442183491,60,16,6,8,2834,1,1,4,1
13284,42,129507,6783.811053,0.2557172506,0.04079317189,19,7.733821383,10.94597208,30,13,1,9,2267,1,1,1,2
13285,45,21208,5262.800395,0.1592053705,0.01873336515,24,8.454480073,13.42887354,78,7,4,6,4579,1,1,1,1
13286,26,64085,6924.118215,0.1974773336,0.07951066479,5,7.17062683,12.27725749,25,18,0,3,4701,1,0,3,0
13287,18,85572,3303.479751,0.04741995808,0.1595041884,36,7.487606865,12.06981513,57,1,1,3,2802,1,1,1,3
13288,46,85234,1573.202202,0.2793862956,0.1274607731,25,8.633307192,0.5831318481,32,7,9,1,3403,1,0,0,3
13289,39,103748,6679.081273,0.1035111247,0.1101541603,3,4.856981228,3.278441747,51,10,0,9,990,1,0,4,0
13290,33,31252,2527.345649,0.214983263,0.01070825057,44,2.509147707,14.20377467,31,18,5,5,2676,1,0,3,2
13291,58,105261,4617.527502,0.2868415922,0.0927451334,25,4.39543053,13.11741257,53,5,8,6,1944,1,0,0,0
13292,68,27006,4967.065033,0.1575081699,0.03996744386,17,9.813573653,2.337594161,0,10,7,6,4311,1,1,1,3
13293,61,133371,4824.27555,0.157185225,0.09636780545,12,5.036400396,9.724413277,4,16,5,5,443,1,1,2,1
13294,68,109595,6024.646522,0.04400233283,0.1984363612,7,9.315010835,6.780338259,21,15,6,5,4255,1,1,0,3
13295,58,90883,391.5917184,0.1231799114,0.1771123764,46,7.324607736,0.6114115603,94,19,2,4,1501,1,0,2,2
13296,24,52171,9897.8567,0.2572148323,0.06901981478,32,7.639700957,12.10221104,4,8,9,7,2979,1,1,2,1
13297,31,48517,7191.473692,0.04918088706,0.1227664047,42,2.711911699,14.17545528,7,12,1,4,1192,1,1,3,2
13298,46,44274,4311.33904,0.2760761979,0.1053980943,15,4.318576841,13.85128026,69,6,7,8,2190,1,0,4,3
13299,36,53577,1994.1673,0.2035197302,0.03470893099,41,7.591471138,6.072010068,62,15,4,6,2098,1,0,1,3
13300,36,47648,893.7554922,0.1320783522,0.198063238,38,6.900081279,11.9233158,9,3,6,1,1139,1,1,1,1
13301,19,89654,6754.685164,0.1684845414,0.09078327976,30,8.763463959,7.720688045,61,10,3,2,4286,1,1,0,2
13302,58,37910,3237.860588,0.05364401624,0.106075217,39,2.889921923,14.70983965,39,18,3,7,4445,1,1,1,1
13303,62,146399,2371.836737,0.07307015501,0.1330438693,22,7.734780982,14.4676452,46,13,4,8,2074,1,1,3,1
13304,32,98619,3861.548432,0.09305844385,0.04639346129,15,1.354986761,11.71361944,79,14,3,7,2468,1,1,1,2
13305,20,69647,5969.938569,0.1216053743,0.05222305445,9,3.698204061,7.334297944,55,7,4,1,3062,1,0,0,1
13306,28,98723,6749.881645,0.2755013785,0.04658610079,35,6.674443003,13.57808311,27,11,6,9,1564,1,1,1,0
13307,63,20424,6487.183687,0.1165950172,0.08304845326,30,9.820402051,3.747375824,55,10,5,4,4862,1,0,4,1
13308,47,71899,8646.329277,0.1619122197,0.04793862173,43,9.904361026,3.606203159,0,5,6,8,1840,1,1,2,3
13309,57,46641,2265.698568,0.05698758681,0.1860152339,31,4.952335338,8.594422029,51,12,6,7,2627,1,1,2,2
13310,35,54750,6403.787016,0.2234322283,0.1457196688,20,7.88208687,12.3761712,81,17,8,3,492,1,1,2,3
13311,68,136156,1101.032324,0.1724814462,0.1805887582,15,6.404478334,1.400481213,61,2,1,6,3170,1,1,4,0
13312,65,142416,5524.55343,0.1375731628,0.1712119848,28,7.381864513,11.87811244,41,19,2,2,1041,1,1,3,0
13313,19,101454,5881.188185,0.284684075,0.1435988708,49,7.58752936,14.26518881,46,1,2,2,4647,1,1,0,1
13314,49,43154,2240.749259,0.2682887448,0.05612177592,47,5.925865641,8.416970581,36,2,5,2,48,1,1,4,3
13315,25,68166,3977.761987,0.201258269,0.1269105842,44,8.325440073,3.596579252,10,7,0,5,1056,1,1,0,1
13316,39,31992,8289.209607,0.2773255978,0.04539678352,15,6.260440655,9.659237832,66,2,8,8,2566,1,1,3,1
13317,23,54001,1569.249632,0.1737867205,0.03517044922,14,1.905540651,3.354005758,28,9,4,2,2474,1,0,4,3
13318,29,128293,4401.611356,0.249811774,0.130189296,7,9.902835423,6.161825162,3,6,5,2,2795,1,1,1,0
13319,64,34546,9334.057405,0.1287434476,0.1286788628,14,3.734672577,10.64464022,94,8,6,7,2038,1,1,3,0
13320,57,61524,5090.678384,0.03515581549,0.03975820698,20,9.677689801,6.029696034,10,17,0,7,2859,1,0,2,0
13321,53,88555,7278.823747,0.298303091,0.07696126252,20,3.63357272,7.523313798,29,15,2,9,3289,1,1,4,2
13322,32,21304,8285.973792,0.05803314104,0.02259342303,6,8.678368428,8.406166868,78,16,8,6,1280,1,1,3,2
13323,45,142722,2117.366311,0.08293791139,0.1459892916,18,7.20627356,5.421628623,78,19,4,3,4202,1,1,3,1
13324,69,132448,2260.350632,0.05729998293,0.1976241738,21,4.2118309,1.606655524,57,6,1,0,4492,1,0,4,2
13325,66,69284,7610.055415,0.1078690602,0.1505821695,45,9.442036423,7.908013847,31,18,2,4,905,1,1,2,2
13326,62,102368,7557.736708,0.09389123878,0.1703889122,37,6.248317909,7.573287209,28,4,5,8,4246,1,1,2,3
13327,35,108327,695.8148743,0.1843196521,0.100505216,12,8.467864048,6.684138723,42,14,2,6,3834,1,1,3,1
13328,19,30022,3292.732583,0.2989734042,0.02816097542,25,8.172464168,3.175030037,91,1,0,2,4366,0,0,0,1
13329,30,95886,4045.47167,0.02522762609,0.1480552393,43,1.417457274,1.258320451,84,14,4,7,1547,1,0,3,3
13330,62,97354,8307.499994,0.2357485029,0.05873883802,21,3.41975049,12.48625834,38,4,9,4,4208,1,1,4,0
13331,32,53617,4276.436329,0.04711765808,0.08377585112,6,5.249941034,8.218590089,10,13,6,9,4335,1,1,4,3
13332,37,140045,9266.696015,0.01575215714,0.1435888575,34,9.397182888,14.71422368,95,18,4,1,1743,1,0,4,0
13333,46,89498,9966.416994,0.1951872778,0.18190906,2,1.562151155,14.67844544,26,1,0,1,4725,0,0,2,1
13334,59,78824,7829.18904,0.2632614164,0.1023873193,34,2.670793093,8.911078873,23,19,1,5,2767,1,0,1,1
13335,46,143780,6697.228227,0.06112656693,0.1927050589,46,6.620711026,7.60677686,36,18,1,2,910,1,1,4,2
13336,20,90390,3979.781943,0.1090679975,0.1087816704,15,6.874297019,3.203529014,64,5,9,5,1878,1,0,4,2
13337,36,54307,763.6905159,0.05893755922,0.03327698521,44,2.475834436,6.000367876,31,18,3,2,1670,1,0,0,3
13338,20,136587,5774.073688,0.2728871951,0.1085024117,15,9.534702639,11.8887485,52,9,3,3,2439,1,0,0,2
13339,31,149884,3680.878565,0.0884045254,0.1735192641,1,2.591519175,14.46674822,0,15,0,9,1789,0,1,3,1
13340,57,88480,3573.890951,0.1389667385,0.1122285753,37,2.641093646,9.197505704,55,16,1,5,3187,1,1,3,1
13341,21,139645,6908.321602,0.2694749701,0.1520735161,16,6.719928637,9.444860363,33,9,1,6,2012,1,0,3,0
13342,69,42327,4690.02965,0.1703320691,0.1141119463,37,4.793173065,14.16562964,81,12,0,0,1949,1,1,4,2
13343,28,23244,7545.729063,0.2805264422,0.1137503665,23,1.234104928,2.340655781,28,12,4,8,4761,1,0,0,0
13344,48,42720,4041.914905,0.2786706202,0.06410457125,21,9.284579844,9.371688567,5,13,4,6,4492,1,0,3,1
13345,60,45090,1593.547516,0.1438642958,0.04823949207,49,1.676276726,8.988700148,56,18,4,8,168,1,1,0,2
13346,49,84277,4667.340509,0.1788909577,0.06299457121,22,2.40685539,3.473889797,94,18,5,0,2284,1,1,4,0
13347,44,131559,9515.023892,0.07679113938,0.09375919928,43,9.073936074,11.72033415,13,4,4,5,3216,1,1,4,1
13348,47,119895,8035.093828,0.2972553875,0.163822121,18,3.477805523,2.228427326,74,8,9,2,3884,1,0,3,0
13349,60,142641,2136.917625,0.09071183152,0.1675083104,43,8.359110611,1.41700981,68,14,6,3,3041,1,1,4,2
13350,19,68536,3973.874966,0.2371590265,0.04104178505,21,2.536429133,7.548962007,61,11,8,2,4060,1,1,4,0
13351,66,27855,9285.141743,0.1007610274,0.1150424337,16,1.43365781,4.845956982,85,3,8,4,2364,1,1,0,0
13352,26,142483,1324.620681,0.100782256,0.08904526736,1,3.112576341,6.823980442,50,17,9,1,3572,1,0,1,1
13353,45,142963,2614.107394,0.04012024874,0.1184777879,13,7.678142495,2.132556587,12,0,0,1,4201,0,1,2,2
13354,48,138430,2696.004194,0.1723697851,0.1330484435,27,6.963339372,7.059834879,75,11,5,6,2054,1,1,3,3
13355,51,147773,5752.235469,0.08100137806,0.06312627862,12,3.795574798,6.874249216,3,8,6,3,3405,1,1,1,3
13356,32,136815,4166.259865,0.05303447975,0.1846560526,37,6.701319117,14.51495236,37,3,8,3,1955,1,0,3,0
13357,65,21601,890.7196726,0.07573334141,0.1877351495,16,6.984844695,10.97725194,3,5,9,7,1935,1,1,1,1
13358,42,51952,6328.8964,0.08281701555,0.03001797108,8,6.082143201,13.84685796,29,1,4,6,270,1,0,4,2
13359,53,131113,1080.870859,0.1561842023,0.1435735114,39,9.419717996,11.82789749,53,10,1,1,423,1,1,3,1
13360,25,70374,6103.507827,0.1219176806,0.01631409172,13,8.142587217,11.92370788,64,10,9,4,877,1,0,1,2
13361,26,25690,5119.382964,0.0318921815,0.0188471216,1,8.343768218,13.05306547,60,4,7,2,3107,1,1,2,1
13362,54,32521,4987.319741,0.165448289,0.1919819837,41,4.833049124,4.210429002,48,5,0,1,3257,0,0,4,3
13363,65,120146,768.2128285,0.238446761,0.1420220956,20,7.155094852,6.687352127,30,0,6,4,4549,1,0,3,3
13364,62,96019,6428.282424,0.1765281967,0.07166290967,34,2.650161426,13.19053609,41,2,3,2,982,1,0,3,3
13365,56,28058,4370.07056,0.2926166732,0.1372767569,29,3.663594144,1.470344157,49,8,9,2,191,1,0,1,1
13366,49,33704,4169.950611,0.03875356036,0.1707086596,16,5.521775811,1.299320838,22,0,5,7,1925,1,1,3,1
13367,69,78933,6004.868825,0.2481341777,0.1754716605,38,8.346247962,9.895270216,77,12,7,2,1545,1,1,4,0
13368,34,91101,6101.855793,0.1566508743,0.01389875801,24,4.032389182,13.68860579,98,16,2,6,11,1,1,0,3
13369,52,63856,248.829628,0.1612626015,0.1654633214,43,4.958337325,12.01593248,80,15,1,7,2628,1,0,1,0
13370,54,57256,1339.736422,0.160538981,0.1721085159,38,9.616072513,12.08569914,59,11,7,4,1409,1,1,2,1
13371,36,77352,2441.530386,0.1043424601,0.1231583389,34,3.556881846,5.719637593,31,1,5,4,3112,1,1,3,2
13372,61,147588,6811.9756,0.1041209541,0.1011817303,5,6.562587528,9.079655959,55,3,5,2,1321,1,1,4,3
13373,46,50615,5809.737158,0.1932349069,0.03108979427,2,1.904893147,11.68657128,55,12,7,6,2437,1,1,3,3
13374,24,141638,7600.528411,0.02298187476,0.05552662954,35,4.705084498,12.00923179,99,5,4,5,1177,1,1,2,3
13375,45,127210,7432.017275,0.1807479531,0.1031921727,47,3.970809659,8.918458341,86,16,4,6,3545,1,1,4,3
13376,26,21927,8546.510405,0.2201313083,0.1743651451,46,1.117649173,12.10553197,33,15,6,9,4517,1,1,2,3
13377,45,35512,3830.467127,0.1133346251,0.1625955278,0,6.266895592,0.8906400858,40,8,5,3,4368,1,0,4,1
13378,23,28301,3516.132275,0.07303351244,0.1042266204,33,3.98279952,14.16758656,38,14,2,2,4268,1,0,0,3
13379,46,106849,8327.05249,0.07188220469,0.1592691343,0,3.265065673,13.12337013,85,1,3,6,1389,1,1,4,3
13380,34,93993,2452.255185,0.03373349947,0.1554893413,25,9.033372504,1.253235876,41,1,1,2,858,0,1,2,0
13381,33,91028,4665.606499,0.03601860257,0.1200129168,17,3.066583081,6.58022861,65,16,7,2,216,1,0,1,2
13382,40,88759,2023.823955,0.05833948178,0.05186183615,35,4.649370441,13.83241117,19,13,5,3,1767,1,0,0,3
13383,48,108047,9147.023347,0.01556014247,0.07612071606,5,9.544860749,7.935518597,13,14,6,9,1810,1,1,3,0
13384,20,106991,4137.24983,0.08720826818,0.04117226454,10,1.722763001,1.826037046,37,1,4,0,3003,0,1,0,1
13385,38,83058,2203.620292,0.09885653048,0.01135859622,43,9.445912241,14.51454983,36,2,6,1,213,0,0,0,0
13386,43,119258,6950.932567,0.2986141635,0.02529983195,39,4.511932948,5.698143391,36,17,3,2,4746,1,1,3,3
13387,53,84926,2521.982314,0.2975894439,0.1543288705,29,8.11834817,7.985588455,11,4,9,5,4819,1,1,4,0
13388,59,43434,9440.685671,0.06424416558,0.01636236865,13,4.203072436,9.66334691,91,3,3,3,2383,1,1,0,0
13389,54,50341,3739.408447,0.07177932585,0.08597200137,9,4.739953472,12.57033017,55,6,1,8,1516,1,0,0,1
13390,39,127845,6679.94305,0.1526528475,0.197298263,30,4.940007387,13.1602616,7,6,7,6,4010,1,1,1,0
13391,59,35007,3517.924818,0.05314745678,0.1610954514,35,9.521275902,9.969813756,92,4,6,4,1866,1,1,1,1
13392,29,119878,8091.731272,0.1561714284,0.152617345,14,5.952289661,14.2520615,20,19,3,9,622,1,0,2,1
13393,59,46799,8979.535136,0.1258230144,0.06219466591,29,2.951885077,3.675763892,38,14,2,8,4741,1,1,3,0
13394,30,75820,7900.391758,0.1041406384,0.131928741,47,6.503599157,13.62009291,47,19,0,6,2408,1,0,4,3
13395,28,35674,8500.140285,0.2485554995,0.1047552511,13,9.005240514,3.256344917,17,4,4,5,2498,1,0,4,2
13396,33,35426,1108.620197,0.250154133,0.1285266363,46,2.929428707,13.46938859,62,13,5,3,3645,1,1,2,0
13397,25,92631,9248.240303,0.2964879454,0.09280506261,22,4.037994825,3.630326513,82,2,2,4,4085,1,0,4,0
13398,57,64791,6280.577216,0.07469555308,0.1108829777,16,6.143166701,10.92911229,73,0,9,5,2834,1,0,4,0
13399,57,109640,8705.253568,0.2676004742,0.1977952873,26,9.885321709,12.34589011,8,1,8,0,1274,1,1,1,2
13400,62,23255,6875.923965,0.1659753196,0.07256944245,43,5.18823079,6.162661368,86,12,9,1,4457,1,0,4,2
13401,19,53826,2098.291919,0.1815232351,0.05112602696,12,6.259141221,2.14572777,29,1,9,1,457,0,1,4,1
13402,47,120261,6134.595506,0.2699250322,0.09521394414,13,2.217776515,5.756414511,85,10,8,6,3359,1,1,2,2
13403,47,108568,1000.367773,0.2833629309,0.109620897,25,7.823395913,1.39353786,58,4,5,2,4638,1,0,2,2
13404,29,24944,6987.657999,0.2207752647,0.02626947889,42,2.978837262,10.05996279,54,11,4,3,1221,1,0,0,0
13405,27,57826,4149.111297,0.1108743053,0.1631346842,10,3.951294145,10.60897929,92,17,1,8,2797,1,1,4,1
13406,61,50497,1602.158414,0.152003717,0.09019002966,37,7.386085063,4.390734464,69,19,5,4,868,1,1,4,3
13407,28,47723,9794.375177,0.1883656206,0.08850549843,0,7.413982124,9.94811108,49,16,4,2,108,1,0,4,1
13408,32,55287,9020.7358,0.2503056113,0.1351795705,23,3.869199289,1.348407024,60,12,2,6,1186,1,0,1,2
13409,33,31845,8946.082763,0.2008048346,0.1569164233,19,8.652850424,0.9572391227,34,5,9,4,3818,1,1,4,2
13410,34,109833,7909.321033,0.1159798088,0.1973286513,7,8.152347292,6.416122948,13,9,2,6,3926,1,0,1,0
13411,43,88106,6950.613139,0.1311853309,0.04296874271,7,6.542010997,7.524416059,68,0,0,8,3897,1,1,0,3
13412,19,113039,6585.286855,0.02462693359,0.07565557986,29,2.608277068,0.7698608042,45,17,8,9,3202,1,1,3,3
13413,67,92986,1150.328993,0.2780376795,0.04196888106,17,9.143919721,9.053772667,81,3,3,0,3373,1,1,4,3
13414,29,105807,9015.60573,0.03555451387,0.1773624554,12,5.746793384,12.5749555,34,3,8,5,4970,1,0,2,2
13415,68,126007,8823.171123,0.1781799293,0.1142137153,45,4.387636852,6.452396023,93,8,3,8,3956,1,0,2,2
13416,43,75569,7503.741003,0.2627790456,0.1719636182,46,9.345524189,11.33223808,70,4,4,0,1983,1,1,4,1
13417,40,101434,9280.418095,0.1320509224,0.1971928053,35,9.744754318,2.691308494,97,9,4,5,4362,1,0,1,2
13418,35,99925,5575.526169,0.2420363914,0.1145392694,18,7.454734995,8.178988737,41,11,3,2,3424,1,0,2,3
13419,49,133718,4531.659114,0.2431066631,0.03244884565,12,8.122381984,11.94273955,52,19,3,9,2874,1,1,2,3
13420,66,45463,9682.679281,0.02735535119,0.07864086697,40,3.22088286,10.38959127,18,4,6,7,2715,1,0,0,3
13421,55,20744,4694.898759,0.1295216805,0.01687596648,47,3.329159478,11.80494326,44,0,6,9,1617,1,1,0,0
13422,64,108340,6449.111967,0.2103973911,0.1713671799,25,6.122797154,10.95646162,53,19,5,6,3937,1,1,0,1
13423,20,56282,3793.315254,0.1324825176,0.01339851891,8,9.848828208,2.254904979,63,14,2,3,4182,0,1,2,1
13424,55,72082,6399.629638,0.168098502,0.1225151481,33,7.689019505,1.988694065,74,19,5,3,4002,1,1,2,2
13425,20,74689,7228.980057,0.1823927923,0.03016532432,30,7.713914317,14.64537449,40,6,8,7,3214,1,1,4,0
13426,47,96407,6284.0897,0.05385651925,0.01143598986,41,3.318377304,7.493447103,16,11,2,5,2161,1,0,4,1
13427,18,99072,5194.173118,0.1294745498,0.05866858403,6,4.77803796,11.11973716,10,13,6,6,3592,1,0,1,0
13428,47,108633,3071.096896,0.01825433429,0.1148519167,8,4.082766469,10.3822626,91,11,4,4,1415,1,1,2,0
13429,62,84766,6474.072194,0.05339156413,0.02426670332,39,3.72031935,1.142263823,2,19,6,3,4505,1,1,4,2
13430,49,85711,9093.446063,0.1585536784,0.1268286978,25,7.579912739,7.701381268,9,15,1,0,4880,1,0,4,0
13431,45,135253,168.4346526,0.1763399394,0.137678522,32,1.898687015,8.059892915,23,10,2,6,1674,1,1,0,1
13432,38,23217,1425.897372,0.05240797791,0.194242639,32,2.488979819,12.2245647,96,17,1,3,4931,1,1,0,2
13433,63,100642,1285.754269,0.2291295884,0.1809120453,39,4.710661831,14.45159722,55,0,9,4,4183,1,0,0,1
13434,30,50359,9239.732499,0.1181664875,0.1176903095,3,3.724551242,4.696737694,25,13,6,4,1318,1,1,3,0
13435,44,132000,6661.202121,0.2769884794,0.1607393137,27,9.130340066,1.353331412,68,12,8,1,4090,1,0,4,0
13436,53,73509,9522.702254,0.1224221898,0.07909180551,3,2.803990449,7.391911207,23,7,2,1,850,0,1,0,3
13437,24,81970,5869.851405,0.05344518317,0.1212853211,46,3.239587972,0.9327891708,43,15,6,8,321,1,1,0,2
13438,39,42357,4671.155682,0.229811433,0.08663729229,33,2.602763452,6.088575259,25,0,9,5,4971,1,0,2,2
13439,27,62354,7944.194827,0.1746622321,0.07403793473,48,8.725151663,4.462281435,70,3,6,7,179,1,0,0,3
13440,56,58570,1693.328448,0.1221395688,0.1482515023,39,2.818530637,4.023140546,75,15,2,5,4726,1,1,2,1
13441,32,27034,3875.247352,0.1132275774,0.06636740341,47,4.168703206,0.5233598416,56,12,4,2,2425,1,1,1,1
13442,32,36263,4716.114981,0.05372300233,0.0823049313,5,7.023802036,4.134100758,35,17,5,2,3568,1,1,0,0
13443,21,62180,3054.738106,0.108842042,0.07976259851,32,1.698686424,5.138801111,16,1,4,4,2271,1,0,2,2
13444,49,70099,3775.727563,0.01850980088,0.1753766512,4,8.349842156,13.71002702,79,9,7,2,210,1,0,0,0
13445,40,94312,873.2413506,0.1556965551,0.04237684929,18,7.356255851,1.779727215,94,4,8,1,472,0,0,1,3
13446,23,129358,2060.037536,0.2700498851,0.08248040047,17,3.349338739,11.62136174,17,10,5,3,4145,1,1,0,0
13447,41,95348,3421.417531,0.2406459309,0.1786952604,2,4.526151071,11.01051224,95,1,1,3,2749,1,0,2,1
13448,37,105275,7979.315289,0.01827114719,0.01290784092,33,6.580632971,5.230646491,65,0,1,8,4534,1,0,1,1
13449,54,46925,1906.723813,0.2655654946,0.1900947291,1,9.518117105,13.65126092,9,16,3,6,3872,1,1,1,3
13450,37,139939,3531.739702,0.1411742004,0.1807910798,0,6.663344174,10.0020094,60,3,9,7,4620,1,1,1,1
13451,29,39575,742.7108531,0.06535852497,0.08939114782,34,3.277357738,1.906469176,38,19,2,0,696,0,0,3,3
13452,50,42231,5615.333014,0.228199467,0.1340748033,3,5.342470812,3.458197655,13,1,6,6,1384,1,1,2,2
13453,45,96935,6151.383793,0.1036333296,0.1983026655,34,5.04653277,6.316425825,46,17,3,9,1794,1,1,3,3
13454,25,67731,8668.612988,0.08346234271,0.1154401916,7,5.793466575,14.52576471,9,3,2,8,142,0,0,1,3
13455,18,43100,8209.248385,0.05678233797,0.02841075137,43,5.671439734,4.33410939,54,0,1,8,2781,0,0,3,3
13456,54,30768,2925.241751,0.151120353,0.1721917926,28,4.276471224,6.709111443,91,13,3,4,483,1,0,0,1
13457,39,149057,1455.841523,0.03708425987,0.03548880677,35,8.846438919,8.629743924,23,12,4,0,4810,1,1,3,2
13458,23,118835,1645.223504,0.2378278074,0.05888161457,13,3.971000848,5.654987647,39,9,3,5,490,1,1,4,0
13459,38,135919,9692.743036,0.1464956272,0.1759679171,41,5.769571078,10.66412602,62,12,9,2,1659,1,0,1,2
13460,49,79337,6764.935559,0.1396231609,0.05864555025,48,3.34776807,10.0829325,33,10,8,6,669,1,0,1,1
13461,52,136385,521.4507993,0.01053764738,0.1515663268,29,4.913214964,1.375893689,48,5,0,7,1967,1,1,2,2
13462,32,138058,1454.114625,0.2471805195,0.09505799896,49,7.132518492,6.716842272,62,5,8,5,1729,1,1,0,2
13463,22,70697,4909.420644,0.1529227471,0.1543522997,6,7.820704983,11.82569674,8,18,7,1,3951,1,1,2,3
13464,63,31357,2157.505163,0.1375694107,0.05414692656,12,8.255999985,9.778718652,46,9,8,9,589,1,1,3,3
13465,67,86973,8056.223952,0.2308016167,0.08971744974,21,7.63142119,7.172701973,92,17,2,9,4927,1,1,4,1
13466,65,44946,5774.849464,0.02824057924,0.07045065433,44,5.20079813,11.08309931,44,12,8,8,765,1,1,4,3
13467,23,106424,6165.058857,0.1163373323,0.05731836798,1,1.337215498,10.22207615,35,15,8,6,2806,1,0,4,1
13468,42,91038,4681.972926,0.1769628477,0.06974167449,7,5.720428608,12.64534418,8,17,1,8,4406,1,1,4,0
13469,63,125912,2635.021477,0.1435674932,0.07136851779,20,1.496356035,1.23944442,10,2,2,1,3550,0,0,0,2
13470,57,75149,5935.095771,0.06267527806,0.1915218568,19,9.698048748,8.26155415,84,14,7,5,443,1,1,3,0
13471,46,25566,7198.003457,0.09679018723,0.1113137632,10,4.401608422,10.07466381,76,16,6,8,969,1,1,4,0
13472,24,142474,3772.385969,0.09705816172,0.09778991578,33,5.533041933,10.29388798,23,2,1,7,1127,1,1,1,2
13473,57,61576,5098.941943,0.2976715328,0.1056305283,43,2.16592285,13.87535423,0,1,9,9,2460,1,0,3,3
13474,30,73318,8412.871308,0.1045971645,0.1992648855,4,9.961505936,6.46844,98,12,8,4,1840,1,0,0,0
13475,55,89550,1571.949442,0.06950279814,0.1341819299,47,5.429816455,12.02916961,98,3,1,9,1996,1,0,4,2
13476,35,147059,5497.721751,0.2485647744,0.1436624619,29,3.684609712,11.89749739,60,0,0,1,3429,1,0,0,0
13477,19,71408,3549.285352,0.132139664,0.06958814761,32,2.737438007,4.3985124,84,10,8,6,1392,1,1,4,0
13478,25,73506,7057.668106,0.1387204714,0.09959216489,11,6.849376727,4.390300678,68,18,3,7,4925,1,1,1,2
13479,28,137998,286.2214073,0.1691778284,0.044972424,4,4.926693173,14.17125576,20,10,5,7,3801,1,0,3,3
13480,50,99149,6737.685668,0.1827498672,0.1401859966,0,3.855969959,5.203837966,3,19,4,1,1573,1,0,1,1
13481,55,60167,1118.687567,0.1812611241,0.07545395989,34,1.08678336,6.508830549,96,4,3,3,1913,1,1,4,2
13482,65,53699,741.2007546,0.0200049195,0.1521747895,24,1.327573217,9.257299445,99,14,3,7,2158,1,0,2,1
13483,44,137017,7273.770679,0.2474643055,0.05050064893,3,7.242518174,5.090266893,57,19,2,3,4221,1,1,3,2
13484,37,69545,6439.387314,0.06650731753,0.08666557536,8,5.324864197,10.09611015,71,4,3,9,1834,1,0,0,2
13485,29,120769,8959.865716,0.09477921706,0.09952502459,48,8.64001373,4.696901508,92,16,3,6,2865,1,0,4,1
13486,60,72429,5244.584062,0.06029456081,0.04163981722,43,7.781756225,8.146283905,6,7,6,3,1181,1,0,1,1
13487,48,133927,5347.241813,0.2324522307,0.02322230794,2,6.160964109,8.614015259,0,1,8,8,2323,1,0,2,3
13488,44,107350,7099.476572,0.1792608179,0.07024286249,29,6.048917897,12.10818599,68,5,9,8,2511,1,1,4,2
13489,49,43386,3301.636006,0.2290358843,0.1135295073,19,7.708104515,12.97102987,76,17,3,3,14,1,0,0,2
13490,27,79273,465.4333087,0.1994855376,0.1340090002,9,7.670460871,10.38312279,63,17,5,2,899,1,1,1,2
13491,20,132312,2377.453675,0.04020600398,0.09080155521,19,4.010657263,4.415163615,89,13,5,3,2787,1,1,3,3
13492,62,61585,2456.332778,0.097434935,0.1050527465,39,1.947875087,7.225943315,75,2,4,8,3747,1,0,2,1
13493,44,124292,3423.022618,0.1571068963,0.1132066651,2,7.946454038,8.661301216,7,1,4,6,4001,1,0,4,2
13494,52,27509,9440.281057,0.09843405912,0.107263056,10,3.007953445,4.818485985,59,16,8,3,1490,1,1,4,1
13495,48,107852,8067.943707,0.07011813228,0.02716242555,14,8.121385741,14.13000248,33,0,1,8,3431,1,1,4,3
13496,32,131153,9365.966828,0.262245471,0.08695019622,27,6.562825511,2.075050834,85,7,5,8,3369,1,1,4,0
13497,33,96607,9986.234942,0.2268572658,0.04882297043,43,4.221640866,12.58508813,8,0,8,0,2356,1,0,1,1
13498,30,113278,4394.41214,0.1101138176,0.1114098351,34,8.670465365,6.683039059,72,18,2,8,1048,1,0,3,3
13499,66,132385,2348.025835,0.2318535852,0.1540344879,6,7.220516935,14.20988988,44,11,3,7,3408,1,0,0,0
13500,52,98764,5644.041196,0.1919861993,0.1201023969,32,5.905974422,8.221862312,81,3,5,2,4071,1,1,2,2
13501,69,97150,8823.230698,0.01109786275,0.05214615178,41,3.708099557,11.08077721,16,11,6,7,2922,1,1,4,2
13502,28,95837,4710.745424,0.1202759875,0.04947380826,48,9.876525446,11.14998119,6,11,2,3,2330,1,1,4,1
13503,38,144045,5103.453095,0.09424137477,0.01702964478,37,8.546864621,10.62105134,50,6,7,1,3971,1,1,3,0
13504,68,83305,1430.947149,0.07319350029,0.09101236761,18,2.229181638,1.215972734,97,17,8,5,4350,1,0,3,3
13505,28,121085,4262.509376,0.08296092428,0.09224369187,43,8.256058882,9.5215031,15,6,1,1,4882,1,1,1,2
13506,47,62851,3931.248617,0.2832858055,0.05492290561,28,2.081697408,13.47473654,56,10,6,6,3216,1,1,1,2
13507,65,96910,3581.716178,0.1510319497,0.1552091089,1,3.229729573,12.73086558,91,0,6,0,3810,1,0,1,0
13508,52,54407,8884.256832,0.2558355283,0.08343247235,43,9.617947872,13.76673414,24,7,2,3,4624,1,1,2,3
13509,39,66606,687.0841888,0.07212297412,0.1371862656,18,8.829142518,6.943622201,21,6,1,7,1747,1,1,1,2
13510,55,127277,9724.257111,0.0605771019,0.1316133631,8,6.454030894,7.091693742,54,18,8,6,1860,1,1,4,2
13511,48,99518,181.6435702,0.2677489806,0.1249006867,5,7.29215351,12.21871854,33,8,6,6,1633,1,1,1,1
13512,31,116794,9461.380738,0.1537543589,0.1825325705,16,1.806485228,4.900311355,14,9,3,6,1015,1,0,2,3
13513,41,65652,5525.670278,0.2695941163,0.013019122,1,3.991364712,11.59357268,15,0,9,9,550,1,1,1,2
13514,67,30248,7054.20792,0.02827836733,0.02292708906,38,3.901821556,7.813814875,15,12,4,6,4422,1,0,1,0
13515,66,30515,1952.615212,0.2757663014,0.1472067236,5,1.294019868,4.332779542,37,12,6,6,1224,1,1,4,2
13516,49,120578,6576.694236,0.1304791417,0.07716992461,13,7.33691716,9.833379076,85,15,8,6,747,1,0,4,3
13517,53,112345,8831.380918,0.05505744135,0.1974392551,48,3.767988154,4.789019822,92,14,4,4,919,1,1,4,1
13518,49,30830,1480.853384,0.2081809799,0.05111841728,25,6.697833977,10.24078619,31,1,6,6,3054,1,1,1,2
13519,32,80631,1358.107962,0.2411017782,0.04484961724,17,1.245016523,8.75495615,42,14,0,4,4889,1,1,4,0
13520,60,120784,3109.381301,0.023738671,0.1217621467,5,1.014791368,10.97181747,87,6,4,6,2704,1,0,3,2
13521,52,145496,1701.086336,0.2962868326,0.06309080299,11,2.530061779,9.186377499,49,11,7,3,3755,1,0,0,0
13522,20,26799,1195.393896,0.2121377973,0.07469366716,37,7.325979513,11.49513361,86,11,1,7,312,1,1,0,3
13523,33,94083,6815.358456,0.1032065776,0.1849946216,21,6.437543086,14.94504708,56,4,7,6,3689,1,1,4,1
13524,22,117098,2216.883478,0.05387520075,0.01498610704,13,2.808156685,7.28263173,37,5,4,5,1282,0,1,2,3
13525,38,34328,6703.447504,0.1238341103,0.1109392898,12,5.710365263,9.174637742,22,5,7,5,915,1,0,4,2
13526,27,32679,8633.099348,0.07396404156,0.07363089132,8,6.572984875,1.97741651,88,18,1,4,4965,1,1,4,2
13527,36,41058,6555.045435,0.1533044348,0.07573847543,49,9.450503854,14.28094403,89,14,7,1,900,1,1,1,1
13528,42,146226,1281.733992,0.2367488855,0.05708367388,41,7.861831758,9.14688317,35,8,4,5,1688,1,1,2,0
13529,21,117773,5778.417983,0.2014378128,0.03562151649,31,2.22250044,1.990628255,49,12,3,7,3976,1,1,4,3
13530,46,66696,3996.923974,0.1364211224,0.01655151573,9,3.432070451,6.300169271,97,2,8,1,3063,0,1,3,0
13531,36,105442,3499.372274,0.04449373813,0.1976621462,26,4.631376165,1.678757046,12,14,2,5,1421,1,0,0,2
13532,60,128963,3253.461539,0.2875755075,0.1354695448,13,1.9476154,7.709411771,96,1,2,1,2826,0,0,3,0
13533,19,58872,9301.379016,0.08840745238,0.1576690083,8,5.998210067,4.517257559,3,1,7,7,4753,1,1,3,3
13534,27,74971,7450.823821,0.0905720183,0.02235043687,8,9.163835654,5.4340469,35,6,1,3,4973,1,0,3,0
13535,60,102083,1425.103017,0.1971956443,0.01281910857,25,3.757399321,1.501632245,62,13,2,9,4308,1,1,2,2
13536,42,43306,4812.454249,0.2334477904,0.1240548506,31,9.861813036,11.55492149,83,12,7,7,2423,1,1,2,3
13537,37,48210,3250.408445,0.2954043019,0.147527964,40,3.243857258,12.6963368,92,11,8,5,1925,1,1,2,0
13538,65,65693,9781.589294,0.2910576356,0.08502459058,34,5.25039752,2.531963847,78,6,0,7,3586,1,1,0,0
13539,36,48239,9782.486832,0.274990552,0.08367347065,25,4.087315422,11.38446121,53,1,7,9,585,1,0,1,3
13540,40,113366,3263.391296,0.1362409345,0.08305110905,40,3.773033025,2.364257641,78,14,9,9,700,1,0,4,2
13541,41,88917,3585.91985,0.05833420133,0.03902361111,44,4.400837212,1.740356145,76,3,6,8,2001,0,1,4,3
13542,28,120368,6034.200651,0.179496649,0.1532435671,41,1.291708333,2.15434568,59,17,1,6,3233,1,0,1,2
13543,63,124893,4845.139442,0.01500438661,0.05088661914,2,5.78809306,0.9608666321,13,5,0,0,625,0,1,4,0
13544,51,114377,2209.698634,0.06691216331,0.07163799424,29,7.67268642,5.953081901,59,10,6,0,2637,1,1,3,3
13545,45,27447,6638.080453,0.01073352507,0.1375393501,28,8.774132394,14.31736909,59,6,7,0,2498,1,0,0,2
13546,22,105904,3407.873574,0.06235541465,0.01001989505,19,3.919196799,13.53919598,21,7,0,1,2916,0,0,4,3
13547,22,40271,6571.793333,0.1476795658,0.1555888653,3,5.953638141,5.312653604,64,9,3,2,489,1,1,0,0
13548,68,85875,3898.447071,0.1240640502,0.1808280022,13,9.035164248,12.0223919,64,6,2,5,3670,1,1,1,3
13549,38,139509,7032.077949,0.1170960038,0.0198073013,44,8.1988501,12.45649458,30,6,4,8,715,1,0,4,0
13550,29,138469,6711.214762,0.2509763305,0.1224085232,38,5.176675054,2.704847024,96,5,8,7,2128,1,1,0,0
13551,67,105510,5137.246284,0.2057489283,0.08760720426,20,2.483616303,3.827101719,64,3,0,2,2979,1,1,3,0
13552,21,112045,7076.925908,0.2815652112,0.02490804436,6,6.024723068,10.51218659,87,8,2,1,4326,1,1,3,2
13553,66,123434,4663.560195,0.1391489163,0.1396238876,5,9.907265752,4.328446728,21,3,1,6,2466,1,0,1,2
13554,59,76843,1249.769167,0.08894660589,0.1263405383,39,7.817505525,14.10321732,86,2,0,8,4542,1,0,2,1
13555,37,46221,1902.851908,0.04557851603,0.1321054622,5,8.632203396,3.845328902,65,11,5,7,2807,1,1,4,2
13556,55,147108,2535.332028,0.2048879447,0.1645641194,24,2.69885475,12.0876096,85,10,5,4,3770,1,1,3,1
13557,42,84388,725.9663894,0.2541049157,0.06451460537,3,9.135021103,11.49245488,72,10,8,1,1395,1,1,3,3
13558,31,112799,7142.674084,0.06328441564,0.1386429336,36,1.127103536,7.804497331,3,7,7,4,4937,1,1,1,0
13559,28,76467,3737.163246,0.2648382959,0.151230362,24,8.75990466,4.317498118,88,8,1,5,1933,1,1,3,2
13560,49,93269,1025.880634,0.1626200985,0.04207484327,17,3.152086774,0.9909586844,78,5,8,6,1624,1,0,4,0
13561,28,131414,8217.585395,0.05178338332,0.1918427063,33,6.604419449,12.51156069,87,2,5,8,3538,1,1,1,1
13562,35,90585,6868.177416,0.1964303642,0.07459639849,24,3.637468529,5.977462754,6,9,8,5,2216,1,1,0,2
13563,44,63086,4577.019948,0.160815295,0.145604563,21,2.217663567,5.431598521,71,12,6,4,827,1,0,1,2
13564,35,130937,2549.510817,0.01817322872,0.153263824,45,3.223881723,1.145159229,26,8,7,6,1529,1,0,4,2
13565,40,106624,1602.284349,0.1257805294,0.1057658747,13,5.25635458,2.694275229,90,17,9,2,568,1,1,4,2
13566,28,101144,4637.904498,0.237588518,0.03445628816,36,9.276952555,5.834773236,44,2,6,8,349,1,0,0,0
13567,38,20638,8863.932856,0.1710728885,0.06237595716,10,4.501035455,10.51702892,98,6,7,4,4454,1,0,1,2
13568,61,93245,1965.1137,0.09179192662,0.05450692094,26,1.502825887,3.506263397,60,4,8,8,2488,0,1,4,1
13569,22,90679,5729.726367,0.2793061114,0.1085420427,25,1.21391129,2.872356379,93,15,5,2,2109,1,1,4,2
13570,40,82934,9620.691353,0.07895592103,0.05964108549,34,2.888835424,4.303297535,38,8,9,7,2572,1,1,0,1
13571,58,86760,6407.45409,0.08329344201,0.1138863906,15,1.468259814,4.609786601,92,12,6,6,189,1,1,2,1
13572,42,67234,4455.650829,0.1128454104,0.06475928333,39,4.340164361,6.444750416,4,11,1,3,66,1,0,1,0
13573,58,81049,7192.092432,0.2694159798,0.0101860354,19,4.45827675,5.733570407,81,0,6,9,738,1,0,4,2
13574,27,83843,8263.321398,0.1572113647,0.07901877942,14,9.749267095,1.571893431,78,17,0,5,1449,1,0,3,1
13575,39,68047,5946.111349,0.2078319272,0.1253016621,13,3.756111184,9.459725222,89,5,9,3,4065,1,0,0,2
13576,36,130406,8731.140354,0.29311661,0.1570023875,45,6.390407204,2.391712617,54,16,3,2,1728,1,1,2,0
13577,18,122549,5194.458418,0.2371559261,0.01538924759,7,8.369413329,13.09225064,1,18,9,5,3962,1,1,2,0
13578,24,29741,8317.287122,0.06005403441,0.05907947013,23,5.617205801,12.96295074,94,19,2,6,4653,1,1,0,2
13579,21,140111,9524.99048,0.2386226394,0.1972378028,32,7.269142745,1.549619917,24,5,3,7,473,1,0,2,1
13580,18,83004,5062.310324,0.2270177733,0.05974492382,15,9.769499584,6.489935234,88,4,4,1,93,1,0,4,3
13581,32,81489,6089.516984,0.0774589284,0.1576675547,26,3.917370917,7.414779994,31,1,9,7,3309,1,1,2,3
13582,57,42991,6133.728675,0.104351451,0.1067809875,27,1.667895188,14.94008745,57,9,3,0,1859,1,1,1,0
13583,29,125711,7836.20515,0.2159371896,0.03321305697,43,4.872831857,4.143257123,21,10,3,9,1651,1,0,3,1
13584,39,46081,8247.361818,0.07913399728,0.1322460245,13,5.865702184,9.721278551,51,1,7,7,2468,1,1,4,3
13585,39,142761,369.5702304,0.07037419201,0.1936047619,8,6.219877768,7.127784149,73,17,1,7,313,0,0,0,1
13586,67,133094,7360.259684,0.2140071039,0.1784975162,45,7.64706344,11.64460159,60,15,0,0,967,1,0,3,2
13587,64,77304,7859.770922,0.2653726929,0.1411556297,12,9.082765186,4.102344008,99,2,7,0,4526,1,1,4,0
13588,34,35642,7034.251451,0.03175483796,0.1073081707,21,5.501487356,10.37335746,75,10,6,6,4077,1,0,3,2
13589,46,147310,7165.587027,0.1393132432,0.07067327105,29,2.290651342,2.383425973,20,2,1,5,870,1,1,2,2
13590,63,95103,509.8883059,0.1860808139,0.07782365905,31,4.630675878,0.7193427735,61,5,2,3,1397,1,0,0,2
13591,31,127163,4476.182753,0.2061202679,0.07577928077,15,2.398324587,0.7642330424,14,4,0,1,1054,0,0,0,1
13592,67,124072,8199.978532,0.2988968146,0.1851955763,24,2.640728398,7.644000419,10,9,5,8,1693,1,0,1,3
13593,37,137062,9346.670699,0.2079806685,0.05014936722,48,1.015297498,11.67562235,45,19,3,1,409,1,1,2,2
13594,67,138778,2371.732414,0.1898446928,0.08182566992,22,9.36740951,8.875594494,70,10,7,3,509,1,1,1,0
13595,65,37399,5834.029909,0.2970229042,0.09207301477,36,7.707339194,1.026683815,87,17,2,2,1999,1,1,1,1
13596,50,53103,8062.869372,0.02759376071,0.08769118912,27,1.902484416,8.505124767,29,6,0,1,3285,1,1,2,3
13597,60,131257,7548.835664,0.03158669988,0.01079766709,2,9.280957928,2.142181262,13,15,9,6,4319,1,1,4,2
13598,32,35330,6227.012158,0.1725979327,0.06148497961,22,8.833225035,14.49827818,39,14,0,4,4461,1,0,1,0
13599,29,36464,285.0427638,0.1140127382,0.104728025,32,9.18901016,5.612310591,69,7,5,9,780,1,0,3,2
13600,57,22134,7266.469817,0.03804227899,0.1544937299,38,1.875825483,7.799514982,49,7,6,8,4504,1,0,4,3
13601,37,144679,7755.100782,0.09887017987,0.1182000572,24,1.71903788,5.41171297,45,1,7,3,2103,1,0,2,3
13602,47,69409,7256.210116,0.2055628013,0.08312378087,24,1.609617373,7.272854205,71,14,0,1,4023,1,1,0,2
13603,55,115198,7681.510699,0.2653783395,0.1363767666,38,9.702300314,14.39768251,35,14,4,5,1485,1,0,4,2
13604,20,20184,4366.057438,0.03735409823,0.1365197095,20,6.944229991,4.277637125,55,11,4,0,192,0,0,1,1
13605,45,115923,9938.146245,0.1666420681,0.05710568972,30,2.601838739,10.91218563,11,10,5,1,3664,1,0,3,3
13606,43,141529,7730.790467,0.09587351379,0.02971708796,48,9.362435368,11.45166563,68,4,8,6,1588,1,1,2,3
13607,47,69274,5828.932052,0.2035245874,0.1626048666,29,4.988485358,3.263846266,76,8,2,6,4687,1,1,0,2
13608,30,126360,9348.49357,0.1693409334,0.1106586521,38,8.069022789,11.07264492,18,11,0,4,3092,1,1,3,0
13609,30,92799,9091.163561,0.2787461917,0.04353970477,44,6.72569411,9.895919956,21,1,2,5,358,1,0,0,2
13610,19,139388,8164.213947,0.02092832722,0.0597935025,44,6.846893155,4.720111928,11,2,7,3,3569,1,0,2,2
13611,54,75810,5680.579698,0.1463108097,0.1556206536,41,4.957562237,8.078979617,31,5,9,1,1900,1,0,4,3
13612,66,98727,5318.30009,0.06590027105,0.1341217531,33,4.554552118,9.054763536,37,19,2,6,2586,1,1,1,1
13613,55,89050,3354.208527,0.1656666955,0.1895816472,37,2.457284722,12.63003503,60,18,6,9,2502,1,0,2,2
13614,19,140321,2583.691993,0.2575380098,0.09834000882,6,1.637026327,2.3099849,37,7,8,4,62,0,1,3,0
13615,53,52734,5172.359218,0.2742817931,0.01991545968,26,9.351923511,14.59365357,80,16,7,8,1563,1,1,4,0
13616,43,91613,5820.039441,0.1254871823,0.1430803448,12,9.429613282,11.65278284,89,8,4,6,478,1,0,0,2
13617,28,70546,2520.811671,0.2454163517,0.05843304344,28,6.771681673,8.257154564,79,0,7,1,2268,1,0,4,0
13618,25,55120,9233.752312,0.09134734167,0.07153236516,22,4.492551571,11.75531178,11,12,0,0,4265,1,0,4,0
13619,61,68484,5617.012568,0.01182843443,0.04736316822,7,1.225810075,11.13083512,45,17,1,2,3671,1,1,3,2
13620,57,80563,5312.402721,0.2580193267,0.06869772591,20,5.028905277,7.171878874,79,19,2,7,4409,1,1,1,0
13621,60,95036,4412.820045,0.0446295503,0.1676012904,12,6.930778047,5.372744681,68,19,3,5,2537,1,1,4,0
13622,39,100528,674.9058276,0.01510722578,0.119575528,25,3.702581659,14.83473984,71,11,0,1,931,1,1,4,2
13623,37,75113,8835.773211,0.1126013224,0.03073921122,42,4.081935355,13.32353038,70,11,7,6,4082,1,1,1,3
13624,25,73096,3238.242842,0.120020197,0.1214546979,9,5.250910686,14.28835242,90,11,3,7,1716,1,1,1,1
13625,46,30133,6460.357311,0.03239384952,0.1303770376,28,5.454259794,1.202834962,25,9,6,3,4560,1,0,0,1
13626,57,26405,6113.592234,0.2461129675,0.1781165013,26,7.685783267,12.32077494,76,7,9,7,325,1,0,0,3
13627,43,50269,5886.419571,0.1276218918,0.1733326343,3,5.497851143,13.42279996,98,11,1,9,3680,1,0,1,2
13628,47,102410,5304.5508,0.152077848,0.02194627209,41,8.607472418,7.414941266,45,15,5,3,3835,1,1,2,3
13629,34,116993,1896.254351,0.08674132771,0.174672638,30,5.3449888,13.41856073,16,17,8,2,3767,1,0,1,1
13630,37,135742,2877.996836,0.1583369582,0.01966809946,16,1.287207296,1.962735399,6,16,6,7,2223,1,1,0,1
13631,69,37085,5289.461906,0.2323521033,0.039283177,7,2.27265504,1.376879957,72,10,6,1,3567,0,0,3,1
13632,33,55702,7914.490271,0.2727929875,0.03119450039,36,7.463456128,4.727601401,73,8,2,3,4267,1,1,3,1
13633,63,140075,4376.690809,0.2914535842,0.04452247572,19,5.06675553,0.8805159777,63,2,6,6,3545,1,0,4,2
13634,60,99883,2118.833275,0.1337499381,0.1626197789,46,5.1509569,10.41783737,41,3,8,0,1579,1,0,3,1
13635,24,33502,970.6498056,0.297109819,0.1403626755,9,9.80206123,13.94105458,52,16,6,1,3462,1,1,0,1
13636,33,66479,6663.808935,0.0955371564,0.1405228631,49,6.143154342,4.778322919,13,7,1,4,4851,1,1,3,2
13637,62,99384,4291.065709,0.01202302123,0.1852042475,43,2.052283101,10.06426969,36,16,6,8,3876,1,1,2,3
13638,64,107957,1341.171837,0.2326089427,0.08445169616,33,4.903789414,7.286703976,12,4,9,0,2134,1,0,1,2
13639,65,34426,6777.222112,0.06174633808,0.01062461419,38,6.051927634,4.198329321,71,15,8,2,680,1,0,1,1
13640,44,90231,2155.029435,0.02521190306,0.1315560059,10,1.337190683,13.81915662,51,16,6,5,3935,1,1,0,0
13641,40,134507,5139.258878,0.2779625876,0.1749341334,46,4.281488694,14.38973094,73,7,0,6,476,1,1,4,2
13642,41,35860,3131.260953,0.2396251408,0.1954894343,11,9.710363187,2.453944144,32,11,6,5,618,1,0,1,2
13643,26,66865,9323.731638,0.03977279245,0.07913961876,9,7.761728992,11.621095,19,14,0,6,554,1,1,3,3
13644,52,67404,2360.051856,0.2353039442,0.1662089158,12,4.349373109,3.237844314,67,4,1,7,270,0,1,2,1
13645,68,111246,4257.193363,0.2547599123,0.1713532657,33,3.35900592,7.579238391,0,9,8,9,3890,1,1,4,0
13646,37,77423,9598.986609,0.2725374829,0.03744318981,29,3.548371575,5.734267637,82,14,2,5,4555,1,0,4,2
13647,54,110947,3255.379281,0.1676712796,0.1299847255,14,8.455730971,4.037834354,87,8,7,0,178,1,0,4,2
13648,59,94379,6481.472314,0.2139895005,0.04289661884,7,4.614642807,10.29922917,60,14,0,3,3146,1,1,1,2
13649,34,51152,3235.597733,0.2310493909,0.09485985545,37,8.588573437,12.90324467,53,14,8,0,3227,1,1,4,0
13650,64,135104,1195.682293,0.2097052912,0.1770607146,35,9.178692895,11.82696412,74,15,9,4,2374,1,1,0,2
13651,48,101109,6312.717604,0.1975817499,0.1599987513,39,5.177792547,10.97311422,85,7,5,7,3190,1,0,3,2
13652,25,123870,9168.712199,0.1687921833,0.1183644968,21,9.50745185,1.460728411,36,18,0,1,1314,1,0,2,0
13653,32,50737,4580.390206,0.1489666817,0.1636547412,4,3.699562517,1.912689802,66,12,6,4,1662,1,1,3,2
13654,48,74325,6299.147773,0.2988762557,0.03903722668,31,3.340185303,7.240029658,80,13,4,5,2323,1,0,0,0
13655,47,58767,6128.094291,0.1078926263,0.04703467984,19,1.965717776,8.558563535,39,2,4,2,2772,1,0,0,3
13656,63,113792,4209.388056,0.03559794343,0.0496843104,22,3.212236617,10.98910078,19,4,8,1,3329,0,0,3,0
13657,37,122170,6187.476724,0.2318607199,0.1574425755,39,7.953883215,5.659908888,34,18,5,3,2965,1,1,1,3
13658,56,61705,2667.249036,0.07200906958,0.1792834459,45,4.634088616,0.8324290726,39,2,8,9,2008,1,0,0,0
13659,29,22002,3842.575256,0.1644810743,0.1169389009,48,2.333465924,1.023469891,78,15,1,9,4793,1,1,4,1
13660,66,102159,4478.956678,0.03778243981,0.1920146087,1,1.963283576,12.89504307,74,7,3,9,803,1,1,2,2
13661,34,80237,8653.685967,0.1895923196,0.1483257477,18,5.41217518,2.364012824,12,3,5,7,606,1,1,2,3
13662,59,136632,3548.495659,0.2837621471,0.1170999284,25,5.854189773,14.08496031,89,11,2,1,3577,1,1,0,2
13663,47,75713,6387.856776,0.2195843667,0.1262022001,35,8.15099503,5.323105973,22,15,9,2,4239,1,0,4,2
13664,46,61815,2212.69799,0.07221508569,0.1714114891,13,7.433272777,8.962969445,12,16,9,1,243,1,1,3,0
13665,36,84997,2600.440318,0.2916300331,0.02713433441,6,2.504034667,2.944963895,47,4,2,0,1428,0,1,2,1
13666,63,80859,6519.445867,0.09905521,0.04192332253,15,3.491984549,7.083543359,49,14,9,0,186,1,1,4,0
13667,28,134229,7646.868281,0.1366183461,0.06059604692,9,7.243877946,13.19923479,79,4,9,9,2280,1,1,4,2
13668,51,145526,4674.960048,0.1544539359,0.1800074126,42,2.625155095,14.7699245,77,19,0,2,3650,1,1,1,0
13669,67,83236,3417.486998,0.2973084356,0.1895395445,21,8.229018928,11.6148712,51,15,4,0,2156,1,1,0,3
13670,24,107787,9111.688404,0.02997850621,0.07767240421,25,6.916218517,11.58695509,97,5,5,7,1945,1,0,4,1
13671,61,137882,1444.497369,0.2120512054,0.1855328729,4,5.827080824,13.33703125,92,3,3,0,674,1,1,3,2
13672,51,98243,7235.070953,0.114959954,0.1139010822,11,6.798301136,4.05095141,91,7,8,2,2696,1,1,2,0
13673,37,109653,6932.690422,0.03271434254,0.09992201139,23,1.897440822,11.17586709,26,10,5,9,1672,1,0,1,3
13674,67,42743,6933.427111,0.2811591807,0.1682252888,23,5.932198373,8.595878597,37,10,2,8,3380,1,1,3,1
13675,55,76739,9360.6624,0.1810589126,0.113755853,14,5.061697712,4.294393973,76,10,6,2,688,1,0,2,0
13676,41,139492,7309.08398,0.2285202222,0.09635163678,23,5.616684664,1.304354949,66,16,4,8,1957,1,1,0,0
13677,27,96326,3085.495375,0.07971177632,0.01303306581,23,4.039002648,3.411896548,68,11,8,0,3970,1,1,3,2
13678,49,133605,3598.75132,0.2308468676,0.01245055586,41,5.21359254,9.927756796,58,13,4,5,106,1,1,2,3
13679,69,118156,3971.998635,0.2502578776,0.129242366,25,8.949247806,8.762788465,79,7,6,6,2732,1,1,1,1
13680,32,101132,405.0058736,0.1349405252,0.02394921686,33,4.103682481,1.504427458,30,19,5,3,2477,1,0,2,0
13681,54,50339,9143.752123,0.1758673771,0.1500196087,17,1.404420564,8.653521568,85,17,9,3,3566,1,0,4,1
13682,37,54121,828.1707783,0.2918430351,0.128244878,42,3.308334171,6.16441512,2,1,2,8,4366,1,0,1,3
13683,20,62995,7027.963393,0.2555515961,0.09696861122,36,5.089272065,0.7165096035,68,2,9,3,3533,1,1,3,2
13684,54,72032,7328.593948,0.1390065177,0.1448626922,5,5.801415055,13.687636,66,10,6,6,1551,1,1,0,2
13685,57,134132,8452.779001,0.202726419,0.1986835554,44,4.84433226,4.246454093,78,19,3,5,1808,1,1,1,2
13686,25,69831,5578.28633,0.2374271283,0.05680778699,24,8.439509358,8.524234001,97,4,5,3,4633,1,0,1,1
13687,57,61446,7280.117796,0.01705535797,0.115840583,16,9.236556261,9.042592217,14,7,5,7,4207,1,1,1,1
13688,61,138308,3096.956952,0.1806261361,0.1701426222,15,5.381206605,7.73273083,26,6,2,8,1218,1,0,2,0
13689,40,146530,7481.281708,0.2955132979,0.01320623186,28,1.682918087,3.97393913,76,7,1,4,2079,1,1,4,3
13690,57,65678,3499.815799,0.2846823884,0.04866658245,0,4.788885982,6.406814863,97,18,2,7,2875,1,1,0,3
13691,28,144318,9038.100936,0.2514077145,0.1089821447,44,2.631150451,4.709800197,17,10,7,3,4509,1,1,0,3
13692,63,40698,1717.479897,0.04080208701,0.1149267447,41,3.551467607,6.786566572,9,17,0,9,3492,1,1,4,1
13693,25,125168,3225.997376,0.2982720212,0.02640332017,44,8.496094462,1.698577677,31,15,2,8,1671,1,1,2,2
13694,46,100252,5037.81757,0.1867660644,0.08741160988,19,5.817627077,2.906246823,67,18,5,6,1566,1,1,2,3
13695,47,116342,7780.920516,0.07464339233,0.108759104,25,8.457325414,2.493993851,65,14,6,7,130,1,1,4,0
13696,27,103404,7513.111141,0.20553792,0.09036538277,20,9.870637278,9.127524342,29,14,9,0,851,1,1,4,1
13697,56,67918,2186.097056,0.258391833,0.1431132886,49,5.907058462,10.01048646,51,16,3,5,2628,1,0,3,2
13698,45,116666,1527.933396,0.04257505065,0.1565591388,49,9.21036037,13.75236238,94,14,7,0,3009,1,0,2,3
13699,66,135378,3109.299083,0.2757670616,0.09744970766,26,7.151193732,4.30135129,56,7,7,6,2994,1,1,1,2
13700,53,77235,4889.166102,0.2768592416,0.09087534829,35,1.916366435,6.205587392,45,10,3,3,1789,1,1,0,0
13701,30,26125,5436.149944,0.01390467781,0.1440190974,34,4.761090162,9.525247738,2,2,3,6,2471,1,0,2,3
13702,49,127508,4348.46215,0.2710925453,0.1155074482,15,6.93045894,14.59045988,62,12,4,0,1456,1,1,4,3
13703,53,141356,6664.592155,0.2845771963,0.1753834949,28,7.347354869,6.176997662,43,5,2,9,1000,1,0,1,2
13704,54,147422,4332.833542,0.02093062112,0.1014177688,6,8.745993812,4.699429658,68,8,5,2,4954,1,0,3,1
13705,43,120651,9468.657198,0.09530823382,0.1191222204,6,6.735621686,6.123021914,97,19,8,2,107,1,1,3,2
13706,39,67511,2683.591595,0.118201177,0.0344729886,33,1.810844224,4.984836775,77,15,1,8,812,0,1,1,0
13707,21,122012,6310.983995,0.1111782369,0.168839476,47,2.281986951,1.733792149,54,11,2,5,4942,1,1,1,2
13708,48,49046,6152.641593,0.2301109388,0.09023550502,4,3.954899208,5.516778354,57,16,9,6,278,1,1,4,2
13709,35,108296,2887.589747,0.1138502932,0.1466220256,7,3.646393508,8.987210604,61,1,0,7,2517,1,1,4,3
13710,55,142618,4175.707483,0.2874078549,0.09160172233,7,2.994448236,3.150496677,6,0,5,4,3200,0,1,0,1
13711,41,30114,3718.188832,0.2985478613,0.01019232365,42,6.555665816,12.58810835,78,15,2,3,2210,1,0,0,1
13712,40,20637,1807.740694,0.1018774725,0.08607794755,28,4.867390668,11.16273259,18,4,0,2,92,1,0,3,1
13713,39,58634,4825.222605,0.1575522184,0.03802541706,9,7.164899029,8.599490537,18,16,6,5,21,1,0,1,1
13714,19,108713,3927.956305,0.1717346937,0.08573686507,0,4.482720803,11.19366827,80,16,5,9,3612,1,1,3,2
13715,48,55776,1865.341865,0.1780268207,0.07105534864,37,3.46673682,5.091654589,47,7,9,6,1213,1,0,4,3
13716,28,43600,4553.81245,0.1185206083,0.04848400195,27,5.954240561,3.401953956,76,14,9,1,2186,1,0,2,3
13717,45,101787,4276.255286,0.05813811557,0.03351669846,6,1.870840646,12.71296915,56,11,6,1,3187,0,0,4,1
13718,63,46809,1400.520209,0.0258225571,0.1484266322,16,9.897925034,12.37250761,20,16,6,9,596,1,1,2,2
13719,49,43756,1398.756665,0.04084111304,0.1534234574,47,6.900669396,11.17133062,0,9,1,1,1652,1,0,1,1
13720,22,79469,6510.32306,0.2713744589,0.06034952599,45,2.099461141,4.21647254,81,11,3,7,2924,1,1,1,1
13721,55,58368,7095.149967,0.09130875192,0.1040861427,23,6.601677408,5.483037637,23,19,4,0,2890,1,0,1,3
13722,27,97185,9417.686157,0.03227866513,0.09817348002,34,1.669889776,6.018336318,29,16,8,2,3925,1,0,0,3
13723,57,147169,961.3464356,0.1908236129,0.0774970385,8,5.556033198,3.171432037,61,19,7,6,562,1,0,0,1
13724,63,96902,1266.828775,0.03183907387,0.06275106454,41,3.617767261,11.52054977,70,11,7,0,234,1,1,2,2
13725,41,31880,612.9994718,0.0303153525,0.04534603111,2,7.306866611,3.178099428,26,7,8,1,1928,0,1,3,1
13726,52,103319,5369.061464,0.1902554467,0.1758495978,43,5.383647956,3.715385258,51,17,6,4,1027,1,0,3,3
13727,61,145214,6265.191482,0.1815046208,0.1683293727,3,8.072874016,1.198522673,26,14,5,3,2778,1,0,2,3
13728,65,77155,4094.882174,0.02202841322,0.08926408794,31,3.067823175,10.11856485,66,8,8,2,2997,1,1,0,2
13729,40,136193,7999.231988,0.143538572,0.1470282387,43,6.905611592,13.97047969,79,13,4,7,1350,1,0,4,1
13730,34,107762,6898.324416,0.1363728093,0.1046830957,12,7.190551226,7.514584796,3,7,4,8,1245,1,0,2,1
13731,18,126745,9859.820167,0.1685398476,0.02622282041,23,5.297653459,13.51804575,44,13,2,1,1417,1,0,3,0
13732,48,85316,1465.160335,0.223974966,0.1662541966,6,8.724750934,12.69450069,56,10,8,9,164,1,0,2,1
13733,48,90856,677.325077,0.09201201379,0.05166159336,18,2.319828003,12.02317388,0,12,1,5,992,1,0,2,2
13734,59,28727,2820.556685,0.1355062822,0.144295327,26,7.825721918,2.930784792,96,6,9,8,3630,1,0,1,3
13735,59,97260,288.5969336,0.2398953785,0.1102056133,49,2.187889111,5.971133263,43,10,2,6,4630,1,0,0,0
13736,51,59211,9332.853136,0.2775413532,0.1412025943,26,2.412139946,10.12566678,89,11,3,5,4330,1,1,1,2
13737,26,105469,3109.121421,0.2684836622,0.09952858059,17,2.813383749,5.493168425,66,10,0,8,4504,1,0,0,2
13738,39,98930,5569.058653,0.1485129761,0.1434866182,29,6.949690552,10.80792175,3,5,1,6,1381,1,1,2,0
13739,30,125256,3248.889365,0.1610510811,0.01623438506,27,6.751112804,4.665716588,32,8,4,1,1935,1,0,0,1
13740,42,61417,2533.505358,0.1634405782,0.01776205843,28,5.01297745,6.192925989,49,10,5,6,3532,1,1,3,0
13741,65,104658,1608.410767,0.2619275152,0.1803045934,8,3.830177751,11.10691462,4,0,5,5,2594,1,0,1,2
13742,35,121673,3271.622611,0.253582457,0.152441863,38,6.514948996,2.209321517,92,18,2,2,4956,1,1,2,1
13743,68,82827,6192.647411,0.1003444333,0.1674088288,38,2.297700344,11.90832646,51,15,3,9,1380,1,0,3,3
13744,29,51437,9719.049877,0.05722640993,0.09675122352,20,6.657931193,10.83230443,10,16,8,0,3907,1,1,0,0
13745,57,40519,5625.1112,0.1199026228,0.09733290376,44,1.107566546,7.019612893,2,19,0,0,1284,1,0,0,2
13746,34,27983,5373.819754,0.09363785114,0.1114607668,37,2.300220469,6.84411834,17,6,8,8,1325,1,0,3,1
13747,32,64656,449.1038792,0.2857264102,0.05629578888,6,7.371335602,13.64663296,29,0,7,8,656,1,1,0,2
13748,59,138099,8416.980255,0.08711554704,0.1493654747,44,8.865730302,10.88595366,80,12,3,4,4862,1,1,1,1
13749,32,25635,543.9296125,0.0625499377,0.1675963366,24,1.680400336,9.492401899,45,14,3,1,1269,1,0,4,1
13750,32,122373,9071.699514,0.2708489281,0.1823725776,25,6.748903589,13.03058362,93,2,4,2,2289,1,1,0,0
13751,56,124555,5432.850081,0.03507879526,0.1082364312,5,1.557152967,5.308384314,93,3,9,5,161,0,0,2,3
13752,30,129883,1767.819392,0.08547715491,0.08876953609,48,8.910726841,4.657144278,96,2,1,7,3129,0,0,0,1
13753,34,137873,4571.903181,0.1373422463,0.1678773164,19,4.524984426,3.542247752,16,8,6,8,4711,1,1,2,2
13754,49,39622,9950.346359,0.1825811397,0.1530064982,17,7.670583769,8.043367419,38,14,1,5,4947,1,0,0,1
13755,26,143140,3120.320235,0.1050251399,0.1747819117,19,2.554769301,14.82739461,79,5,6,4,3305,1,1,0,3
13756,57,124041,2767.651709,0.1539078591,0.1345889009,39,8.752153303,13.96264021,32,5,4,0,959,1,0,2,2
13757,37,94975,1268.258361,0.06766104406,0.1778295277,17,4.86253353,7.101918904,65,7,6,6,3581,1,1,1,1
13758,43,113445,6011.709253,0.1765394949,0.02691791655,46,2.879715181,2.114417359,65,14,0,9,1076,1,1,4,1
13759,44,80666,983.3472902,0.1282668744,0.1391166998,0,6.152042773,13.18157473,87,11,8,4,3470,1,1,4,0
13760,38,120877,7683.479832,0.2562853093,0.02687106681,32,3.59345222,13.8777508,4,12,3,0,3811,1,1,1,3
13761,35,76005,9200.312792,0.1305628987,0.1522924522,38,3.583452113,2.984811922,35,19,9,4,817,1,0,0,1
13762,30,118429,9325.524001,0.1387064712,0.1294043353,47,2.030908441,13.31014238,2,4,7,3,1499,1,1,4,3
13763,33,127725,1168.370903,0.1817307469,0.0130384841,22,2.925078015,6.971070661,31,5,5,3,961,0,0,1,1
13764,26,31403,5626.799714,0.04571930118,0.1238595874,13,8.180771516,0.669125746,13,6,3,7,4415,1,1,1,2
13765,29,80477,1061.387564,0.05547060124,0.03779316363,27,5.712207133,14.17531861,37,4,9,1,405,0,1,4,3
13766,61,119610,5762.959801,0.2391689467,0.03705816976,20,4.194456206,1.120644657,4,4,7,8,2907,1,1,2,2
13767,55,120405,8168.307794,0.08929144595,0.03858797221,43,9.364358179,1.001818838,45,9,8,2,2377,1,1,3,3
13768,36,132985,5424.122607,0.2085621094,0.1019264844,36,8.176488101,14.47043151,89,4,4,5,3761,1,0,2,2
13769,24,85035,8733.332878,0.03825382129,0.03194884827,6,3.792449489,3.6115054,55,6,9,1,2354,0,1,0,1
13770,52,52903,8036.576113,0.2483355315,0.03387459221,11,1.996592962,8.556640115,80,13,7,8,1978,1,0,2,2
13771,65,112489,2837.828664,0.2965861522,0.05867191737,36,2.659076315,14.16914502,59,14,3,0,1191,1,1,3,2
13772,35,27311,6338.012601,0.1183703741,0.01016306253,38,7.076517561,14.13013685,82,18,9,7,1852,1,0,3,1
13773,33,70611,173.3800521,0.1566037296,0.06240005572,27,6.067600224,3.024675999,74,9,3,9,2199,1,1,1,3
13774,56,117561,4020.814968,0.1383864742,0.1274974757,6,9.826999306,7.946414009,6,9,8,2,1241,1,0,0,2
13775,21,40615,2455.805661,0.2693144471,0.1242984065,44,1.121445844,0.6008251346,12,19,6,5,930,1,1,1,0
13776,42,76808,9377.451825,0.01288087093,0.1942113932,16,8.891139314,1.810553342,24,13,4,2,2925,1,0,2,0
13777,49,53580,4113.351216,0.1995032031,0.03272971501,36,1.128422885,14.2481539,11,3,6,5,725,1,1,2,2
13778,57,77052,6575.237841,0.1991867991,0.174458553,13,4.822833082,6.519833276,30,13,0,0,2472,1,0,4,2
13779,30,143731,7346.617932,0.1208916524,0.08432605438,42,9.249298329,2.677756648,91,5,1,6,195,1,1,1,2
13780,62,111856,7754.804133,0.07360675621,0.08353689471,3,6.925738681,9.655369308,14,14,3,5,3155,1,0,1,3
13781,34,62898,7384.174401,0.07950797761,0.07627406789,21,6.249697026,3.013285283,96,8,9,6,228,1,1,1,1
13782,66,43952,2962.734104,0.2421345952,0.03369994097,48,3.821493751,14.71205979,10,0,1,4,258,0,0,1,0
13783,54,102790,6892.070198,0.02916989795,0.100915957,16,9.695147591,10.22731398,31,17,5,7,3004,1,1,3,0
13784,23,35227,5535.193874,0.1735090024,0.1596018142,34,2.514021007,5.845825979,79,14,1,8,114,1,0,4,3
13785,36,33760,6013.989381,0.09898377486,0.1763321574,45,3.428987697,6.026681763,8,14,7,8,1795,1,1,0,2
13786,30,28826,108.0647114,0.08692186562,0.192943259,31,5.076601574,13.79553994,51,5,6,5,971,1,0,0,2
13787,43,99475,2656.750249,0.156663923,0.1592055723,37,2.136692401,13.47787009,40,14,4,7,4473,1,0,0,1
13788,31,118972,9313.768597,0.2703798368,0.1283874241,30,4.811925336,14.27473528,11,6,9,6,1216,1,1,3,1
13789,48,103213,2971.753225,0.1892466565,0.1045314181,24,1.354086779,7.077893147,82,13,0,4,3671,1,0,4,0
13790,21,80432,4436.35367,0.238697082,0.1762304778,9,9.31706889,12.83586915,77,9,7,6,3422,1,0,4,1
13791,56,93996,1948.072424,0.184198296,0.1505075853,48,3.899252224,7.530109503,11,11,3,0,2899,1,1,3,0
13792,25,78204,1472.165264,0.2123375762,0.04063905343,1,6.704223236,9.678056696,63,4,3,4,439,0,1,1,3
13793,42,28673,2165.82279,0.1353982182,0.1396845936,26,8.834743646,7.857413201,87,5,3,3,4845,1,1,2,2
13794,30,113402,5581.108556,0.2785346742,0.09189733361,11,8.364935859,9.319257524,72,3,0,4,1443,1,0,1,2
13795,49,56158,9198.383649,0.1555623159,0.1232019387,15,8.86051698,7.887330391,84,13,9,6,1627,1,0,0,0
13796,55,94989,3329.371881,0.1700146541,0.1806870859,15,7.482777841,2.745208541,11,9,9,9,2249,1,1,1,2
13797,55,35904,3301.738727,0.1622399959,0.1339884043,2,2.74369449,2.071591148,36,6,1,4,3006,0,0,3,3
13798,45,145212,5684.99181,0.1016948158,0.1883576142,24,4.298936876,14.1458767,4,8,6,1,2148,1,1,0,1
13799,47,35396,3631.752905,0.07705914632,0.1746102383,17,5.608285455,7.891141128,8,15,0,4,2237,1,0,2,3
13800,20,142982,9113.118875,0.03141213959,0.03449123772,38,4.032553162,14.15687411,56,13,4,1,1238,1,1,0,2
13801,45,113906,3840.695622,0.2182707448,0.01221386362,41,9.59710539,10.44434025,19,1,8,1,1857,1,1,1,3
13802,20,107469,4955.3783,0.09388982632,0.08303816764,39,8.261532567,1.790111169,69,9,7,7,797,1,1,4,2
13803,62,74039,5380.553911,0.1228674093,0.1744126978,31,8.190565004,3.422653013,12,9,7,1,1442,1,0,4,0
13804,51,115885,7842.471172,0.2767791672,0.05372393861,49,4.249947819,11.63222197,79,5,4,1,19,1,1,4,1
13805,33,24334,5682.6688,0.1742697313,0.1413659852,48,7.79354649,3.078378213,83,2,3,0,865,1,0,0,1
13806,39,116996,2467.635491,0.03815263853,0.1004391202,2,6.52647387,0.6119885717,4,1,9,2,2093,1,1,4,2
13807,49,47268,1327.473346,0.2418874547,0.1517547745,7,4.376929891,2.120626497,42,9,1,9,821,1,1,3,2
13808,55,84636,9383.968012,0.08427787374,0.04134560701,4,3.774519252,7.412748067,80,5,0,9,2672,0,0,2,1
13809,25,42068,8035.473647,0.1702846944,0.05542729741,19,8.099517832,2.867302325,53,19,1,6,3287,1,1,4,3
13810,25,48247,327.3555819,0.1578946277,0.0560796492,43,6.371199922,1.152721638,61,1,6,0,1424,1,1,3,3
13811,23,85121,8233.136945,0.07904286428,0.1142085046,24,1.332958476,11.28209758,9,3,5,0,4345,1,0,3,3
13812,31,143761,5946.91816,0.04357360009,0.06502864698,5,1.195291396,14.59564381,29,0,6,6,2145,1,1,0,1
13813,49,108670,5237.052927,0.07126586588,0.1642272508,27,8.577735978,14.68800287,6,11,9,2,1517,1,0,0,0
13814,52,36285,221.0688723,0.03822796187,0.07589090163,22,1.808372882,13.54976408,56,9,2,5,2802,1,0,2,2
13815,27,120539,7830.554158,0.0899321255,0.1355617183,23,5.674255918,0.7781852408,10,3,4,6,4179,1,1,2,2
13816,20,106903,2060.843641,0.2992162781,0.1902153584,9,6.477974277,3.981568614,71,11,2,0,2276,0,1,1,1
13817,29,148255,7307.014011,0.1266067569,0.1253155064,9,9.243659103,2.496553786,50,9,8,3,2867,1,0,2,0
13818,66,44136,257.0956489,0.2605276335,0.05600916922,32,5.630737326,9.783047716,63,18,7,2,2565,1,1,0,1
13819,48,80378,7983.901132,0.1692615307,0.1677867679,8,2.746259166,12.81890467,30,2,6,8,1287,1,1,3,3
13820,46,57787,328.0907367,0.203309093,0.01238307893,17,3.346034709,8.792579835,0,13,5,7,3290,1,1,1,3
13821,22,44425,2435.33975,0.05534091123,0.05874206067,2,1.439704196,5.526751457,88,14,3,6,2223,1,1,2,2
13822,69,115001,2755.954304,0.08969370155,0.08362319282,32,2.99851634,13.72265491,57,1,3,8,136,1,0,3,2
13823,42,38961,1659.335517,0.1580285927,0.04723598366,9,8.336261938,7.825156429,91,15,1,8,2262,1,1,0,2
13824,58,53443,4862.476142,0.2655315959,0.1247634376,26,7.811907512,3.032934246,86,3,5,0,1365,1,1,4,2
13825,48,38823,2908.5108,0.02243753041,0.1160201172,34,1.737485865,8.233899726,50,4,5,9,4555,1,0,1,3
13826,38,95409,9933.55096,0.1570067883,0.087234348,17,5.31637758,0.762892915,92,13,9,6,3444,1,1,3,3
13827,37,91123,5841.691054,0.02479354163,0.06593209486,6,3.716403842,1.058449664,21,3,1,6,3453,0,0,0,0
13828,56,124249,5708.130468,0.1424785762,0.09244237624,6,6.849538898,9.60010898,73,13,6,8,224,1,0,0,2
13829,39,45852,2286.609338,0.1923717662,0.06532842878,21,9.652064893,10.98739781,45,4,9,5,1012,1,1,1,1
13830,21,57535,4146.025443,0.2259697255,0.05203911657,9,6.676180809,2.505651286,16,12,3,5,1718,1,1,1,0
13831,30,27004,1327.382144,0.05017428153,0.07674132514,26,7.711295944,8.234533244,12,19,5,2,3185,1,1,2,0
13832,62,126032,7649.039597,0.0583068322,0.1244437606,44,4.583153707,11.70315876,79,18,5,0,1526,1,1,2,3
13833,59,47823,3378.476537,0.1463188273,0.1331942628,3,1.294190102,13.29390467,75,5,6,5,3889,1,1,1,2
13834,67,124913,7544.461751,0.2994305728,0.0664959606,11,4.762888866,7.373307747,78,8,2,0,1750,1,1,1,0
13835,66,74086,3779.790399,0.1132535823,0.1900056269,2,5.597160276,2.271388519,38,7,4,4,2125,1,1,3,2
13836,37,138336,9888.696677,0.1339829539,0.05977225368,47,5.434119669,1.503253963,18,0,4,2,712,1,0,2,3
13837,69,27131,1794.10406,0.1354095554,0.1453051009,42,3.101887786,12.92045439,84,6,3,9,4533,1,0,0,0
13838,30,103232,115.0865494,0.03340323819,0.02548121081,2,5.274934031,1.625574262,60,11,9,8,4906,0,0,2,0
13839,34,45649,5988.77286,0.2345099221,0.1363204638,24,7.461935452,12.35806018,95,6,9,0,1783,1,1,2,1
13840,53,24099,9534.236681,0.08339944208,0.09739026225,25,3.803288655,6.834854906,4,16,9,2,893,1,1,1,3
13841,50,70806,6505.835144,0.2140634465,0.1181304905,39,6.706024009,6.828338874,56,17,6,2,430,1,0,1,1
13842,18,51571,948.6628752,0.1477760649,0.04497380531,6,2.379106905,8.0195499,46,15,4,0,536,0,0,2,3
13843,32,50580,5450.755786,0.1874161252,0.09237715403,45,3.502415495,2.468854252,78,3,2,0,2200,1,0,4,1
13844,30,134163,9103.920668,0.02565177458,0.1555927927,33,8.955351191,11.26689511,31,4,3,8,2462,1,0,4,3
13845,34,146627,164.410072,0.2680900485,0.1557461182,9,6.63960131,4.850058459,0,8,1,0,3914,0,1,2,3
13846,41,114200,1752.430907,0.08071846313,0.05513563263,2,1.772555552,9.167795238,78,8,2,2,3873,0,1,4,0
13847,25,101118,8164.159405,0.2043276624,0.07699386227,27,3.381731373,0.5773423316,34,11,4,2,2485,1,0,2,1
13848,67,46469,8949.680355,0.2414255425,0.01072457552,10,9.945650929,4.582012833,83,1,0,9,1271,0,1,1,1
13849,44,85179,7100.890147,0.166611228,0.02709281312,31,3.430943668,1.086946592,30,2,3,7,107,1,1,1,1
13850,62,107938,9916.44562,0.1078268664,0.034078767,7,6.224580634,5.047349871,19,7,4,4,1324,1,1,1,0
13851,40,135973,993.1377029,0.2935919786,0.06579375192,19,5.953125775,2.329699939,46,8,4,3,2963,1,0,0,2
13852,63,44236,5502.197507,0.09074751685,0.1542129425,4,4.621272023,1.515626606,23,10,7,6,2503,1,1,1,3
13853,25,45110,6881.447754,0.2851120778,0.1069475251,40,1.304000003,12.79567359,39,12,2,6,3376,1,0,1,1
13854,25,43430,7056.182732,0.05530499877,0.1605955459,12,3.559032573,5.791059913,73,19,8,2,1527,1,1,2,3
13855,43,64407,7955.497692,0.1228744181,0.1534320844,10,9.580143267,12.46737189,77,17,3,2,4776,1,1,4,0
13856,64,57948,9184.497846,0.0501637194,0.1215562598,33,1.172718315,13.44358387,98,13,9,3,2299,1,1,4,3
13857,30,103299,3680.250312,0.01064973719,0.1049734382,43,7.441151516,7.837762735,63,10,4,1,3520,1,0,1,0
13858,56,134496,525.3375888,0.08547497671,0.1869509637,2,9.034746622,8.733572542,92,1,1,1,1915,0,0,1,2
13859,54,102565,3688.174953,0.03529101627,0.1181613423,14,7.861479653,9.875100055,72,14,1,9,4536,1,0,1,1
13860,66,77367,6748.986158,0.2960402017,0.1017365571,32,3.909246128,9.848276073,9,1,8,6,64,1,1,2,0
13861,45,58180,2213.215265,0.2308794622,0.1751329538,42,5.684210968,8.187547982,60,12,8,2,2593,1,0,2,3
13862,42,24652,8118.73222,0.01107439093,0.0235733558,9,8.807927651,9.118068507,1,10,1,4,3022,1,0,2,0
13863,33,92370,2275.668131,0.0748575096,0.1346450007,2,9.77911955,6.895982216,22,14,0,1,2364,0,1,4,0
13864,19,122755,199.6276836,0.20433603,0.03147517753,45,1.873261614,13.78409441,81,5,0,0,3214,0,1,0,2
13865,35,108023,5129.999665,0.1255801128,0.1657661093,47,2.119148172,10.95887786,64,14,8,8,823,1,1,4,1
13866,34,147845,7291.969557,0.2512343433,0.1606065752,40,9.602295375,5.06636189,57,15,4,3,4099,1,0,2,0
13867,47,27084,3561.587871,0.1564096257,0.1056840065,13,8.853619783,5.357876166,10,0,2,8,1977,1,1,3,0
13868,56,65630,7514.068415,0.1995589117,0.1355983885,32,2.899677072,7.100794511,35,7,0,4,3864,1,0,0,3
13869,30,73276,4440.202908,0.1831408453,0.1567981213,32,9.730936483,0.9590061636,96,19,3,4,2004,1,1,1,0
13870,49,100228,1799.974711,0.1950689812,0.1018277353,35,2.881018289,14.87501829,62,7,2,2,3813,1,0,4,0
13871,67,135052,996.5280986,0.07672866761,0.1821320036,22,1.796637405,7.283715982,35,9,4,4,665,1,1,0,1
13872,46,22655,7134.812933,0.1182539374,0.09303570176,0,7.136971066,11.7383712,56,0,9,9,4397,1,1,3,1
13873,63,77752,3918.576397,0.02468248333,0.1794842779,26,5.858164145,2.79367215,87,10,7,5,4723,1,1,0,3
13874,47,125737,9136.460302,0.1804145893,0.1207213693,31,3.156985252,9.333564004,88,7,6,1,1420,1,1,4,0
13875,35,119618,5448.52508,0.143184954,0.09098622015,20,9.354500569,6.034762506,22,14,4,4,1001,1,0,2,0
13876,30,67670,3549.48094,0.2306076832,0.01077853152,43,4.638158908,13.40393494,53,18,9,6,4252,1,0,1,0
13877,60,25272,3555.010177,0.06985091474,0.06615562491,19,4.626159312,14.02181383,62,13,2,7,2415,1,1,2,2
13878,38,20218,1401.234858,0.1366755137,0.1749050835,26,6.686432669,9.55984779,85,3,4,3,991,1,1,2,2
13879,47,116428,5978.512621,0.06241617559,0.09145542992,35,3.077155403,1.383586671,32,7,0,5,785,1,1,4,3
13880,38,57471,5863.454641,0.1880539753,0.09007902016,40,6.281627549,7.265822689,46,11,2,2,3217,1,1,2,2
13881,65,68762,8019.93755,0.2559287744,0.1029880294,31,4.275866329,0.7454796084,18,17,1,4,3734,1,1,2,3
13882,34,41515,2091.849928,0.2319785421,0.06439776599,38,7.255079508,8.011172376,33,8,0,5,1360,1,1,4,0
13883,57,54307,2978.817461,0.2838174121,0.1033947413,28,3.22936722,7.770546805,22,3,4,2,1694,1,0,4,2
13884,36,138121,1062.655894,0.2918004767,0.08139499212,45,2.669157303,6.550309746,89,5,0,8,2002,1,1,3,1
13885,69,98681,3023.887802,0.2338898216,0.1827940808,22,3.248323873,5.386610024,85,13,1,0,4258,1,0,2,2
13886,32,37986,4338.210946,0.09317376476,0.1171536865,34,9.423413439,8.894990736,66,12,0,2,220,1,0,0,0
13887,26,104624,9643.881219,0.07358579939,0.1684886841,14,8.643060335,3.063451294,3,7,9,7,3427,1,1,1,1
13888,69,90600,6565.353428,0.13978922,0.1405060782,42,8.460085547,0.8817120323,96,19,7,3,3401,1,1,1,3
13889,27,132092,7850.451905,0.2982262714,0.05039456697,9,8.026251967,11.90708836,74,6,7,4,2864,1,1,4,0
13890,61,138336,3322.547864,0.129673726,0.1748564658,14,6.732556501,11.89108861,83,13,0,3,4081,1,1,4,1
13891,48,135793,1530.676847,0.06772983907,0.0265814515,24,1.885593015,8.901321627,95,7,6,1,919,0,1,3,2
13892,40,74888,2641.527425,0.2838594346,0.09524119351,16,3.921867272,12.53628043,52,11,2,6,2046,1,0,2,3
13893,69,107732,2639.030141,0.1219162135,0.05543953085,30,6.056818469,7.937694882,14,19,2,1,1349,1,1,4,2
13894,47,31603,5872.84175,0.2103606773,0.1121355303,10,1.951747541,0.5949395339,88,1,1,6,4764,0,1,4,1
13895,50,88024,3480.564211,0.2385643638,0.06700942009,19,1.271047468,2.650018873,16,3,1,9,2270,0,1,1,1
13896,69,110728,8588.248757,0.2545152116,0.1473369893,30,1.840856955,7.163750374,21,3,9,6,2434,1,0,2,0
13897,26,48897,9886.59074,0.2481713123,0.1880145532,15,1.972626805,13.00298856,33,10,5,5,3236,1,0,3,3
13898,64,38802,3498.654212,0.2525115903,0.1447270959,35,1.985845499,3.770940833,32,9,4,8,2038,1,1,4,3
13899,18,36411,7080.09671,0.203619494,0.07750896969,38,2.711550025,0.9936511989,24,4,5,1,2467,1,1,4,1
13900,61,80399,6609.117161,0.1271110101,0.1240132927,10,5.491869867,6.481283086,13,8,9,7,4865,1,1,4,0
13901,52,115202,2025.178629,0.2035131877,0.1788199574,19,3.569055791,1.467463693,49,6,2,7,4565,1,1,1,1
13902,28,126511,9188.285089,0.2526529569,0.06130539406,25,8.741192511,8.481196259,29,11,6,4,1193,1,1,4,1
13903,51,80692,2074.481613,0.1116863147,0.03245890511,48,8.885247227,1.306507892,85,4,9,5,1518,1,1,4,3
13904,33,77676,7395.875604,0.09598731718,0.03484515784,25,9.282247788,0.7410959403,21,2,3,8,2373,1,1,1,2
13905,26,32770,3541.335459,0.109675093,0.104022072,41,5.240432245,14.17709579,82,7,1,1,4119,1,1,4,2
13906,49,93513,3734.107513,0.1698721848,0.1491058896,46,7.966376185,10.1467896,3,19,6,6,727,1,0,2,3
13907,32,57429,4608.945624,0.0252087237,0.134878971,5,6.318845337,2.232582995,71,2,3,4,368,0,1,2,0
13908,29,117567,8658.628983,0.2359015375,0.09623900509,44,2.299353346,8.565059793,44,3,0,7,1528,1,1,1,3
13909,50,145041,1488.494221,0.05026706795,0.1485666276,34,6.72128741,4.246561455,73,11,8,8,3361,1,1,2,0
13910,62,79429,640.2388206,0.04852321047,0.1304542917,7,8.533189321,11.53572553,27,0,0,3,4146,0,0,3,3
13911,31,90085,4080.204107,0.06732115041,0.1293638436,6,4.131466091,12.30588377,53,7,0,6,3206,1,1,4,0
13912,25,40337,650.2924815,0.1773089561,0.04845151549,36,7.720077942,7.860293928,57,8,6,0,1896,1,1,3,1
13913,25,112901,6907.248742,0.09281482898,0.06939085227,49,7.970655221,6.437671551,84,2,6,9,3638,1,1,2,1
13914,44,106181,7627.218243,0.1167461954,0.0754406218,15,6.792249932,5.099342757,64,5,8,0,4731,1,0,1,0
13915,29,133333,8561.652708,0.2801782422,0.1635562441,8,8.94946866,0.9761808268,36,19,4,1,4341,1,1,1,3
13916,18,44507,7464.03823,0.2556886322,0.1572709933,10,2.303392246,8.630518207,53,8,1,3,3605,1,1,3,1
13917,60,79596,9171.878798,0.2571352546,0.05800782391,20,8.59074977,7.879441704,97,1,7,8,2606,1,1,2,3
13918,57,90509,7508.181115,0.1775161317,0.02047893212,45,6.496579621,3.588860242,10,2,2,6,3700,1,0,4,2
13919,59,28436,9367.148835,0.2612751827,0.1558789237,6,8.700960675,8.214743142,15,13,4,6,2260,1,1,2,1
13920,68,30086,2011.796863,0.2357840893,0.08787457397,11,5.794098593,7.280662485,77,12,5,5,1882,1,0,2,3
13921,28,103276,5048.645015,0.2864386728,0.05176260211,39,3.951662827,4.279843461,64,13,2,3,2156,1,0,1,3
13922,56,111054,9939.912937,0.02866683746,0.03223320541,20,9.074742908,11.27490922,94,13,5,8,4791,1,1,0,2
13923,60,39851,6847.624007,0.01833086876,0.01243478361,4,8.896632338,4.065245123,43,16,4,5,1684,1,1,4,3
13924,48,59732,8798.547068,0.06075868281,0.09126863061,5,3.409098913,7.04007655,42,14,6,0,4584,1,1,4,0
13925,34,34842,400.8985589,0.2794345979,0.07455512473,42,7.696973989,8.234576129,75,11,9,5,3413,1,1,1,1
13926,50,148928,8730.403196,0.1856138807,0.1423293286,25,1.821652382,12.26456377,26,6,1,9,877,1,0,2,0
13927,49,141755,7007.361022,0.1335726301,0.1955664321,28,1.773801409,6.597971373,80,8,7,2,424,1,1,1,2
13928,46,146072,1790.478796,0.1586862078,0.04928869773,2,5.602640095,3.501482822,79,11,5,0,4441,0,0,2,0
13929,38,115490,354.2414686,0.2505853306,0.05617686667,10,1.321854319,0.7148471737,0,16,0,0,1432,0,1,0,3
13930,38,21745,2673.273123,0.2794418988,0.0740874896,22,4.903777772,4.154857448,29,18,1,1,2050,1,1,0,2
13931,57,32697,9166.156254,0.221612662,0.09852815063,24,8.116728569,11.38262268,63,6,2,5,4230,1,1,3,2
13932,40,112469,6714.516093,0.2303558716,0.1425627521,11,9.005263063,12.39686249,36,15,2,8,565,1,1,2,0
13933,23,23879,9202.744132,0.1029096328,0.07688598915,0,3.293032891,9.210000481,22,2,9,1,887,1,1,1,2
13934,39,105697,4516.892747,0.1454402066,0.02979810316,3,1.6928224,14.25076074,26,18,2,4,3758,0,1,1,0
13935,67,38499,9372.608243,0.2667109561,0.1487649111,0,6.675889525,8.071620295,79,18,4,7,4662,1,0,1,0
13936,55,108177,4683.302173,0.2379208919,0.1609819188,5,3.38349557,7.450213846,87,19,8,0,1340,1,0,3,0
13937,54,55035,2122.121772,0.2084385664,0.05705324456,33,1.211033613,12.57613743,27,19,5,3,4512,1,1,4,2
13938,62,38651,1598.795295,0.02892158241,0.03598368631,26,2.180781813,2.921428828,29,7,8,0,1123,0,1,1,2
13939,68,95224,9938.736949,0.02145709364,0.1102821998,44,9.445201735,0.7195217555,89,4,2,5,4773,1,0,0,1
13940,25,133369,3405.240349,0.0478191735,0.04957971717,15,8.875686804,13.28605212,87,13,8,8,641,1,0,1,0
13941,58,96524,1684.524951,0.1786034188,0.08109105234,10,8.466556639,8.244617353,94,18,3,7,3310,1,1,1,0
13942,66,109006,183.2434658,0.1655521857,0.1576986318,13,4.055261866,11.30100464,88,11,6,5,4981,1,1,1,0
13943,52,57249,2927.138709,0.2833803397,0.05172533821,37,7.430704612,9.619372236,50,8,0,2,2164,1,0,4,0
13944,68,43849,8902.249822,0.2114802956,0.1631892596,47,9.61313303,10.12636958,1,5,9,1,1837,1,0,1,0
13945,28,119233,5386.692275,0.09525205903,0.1380637977,48,6.108229875,9.016406765,70,3,2,7,2782,1,1,4,0
13946,41,93309,6361.10701,0.05683392521,0.05174791411,9,3.997865881,11.01540639,86,0,3,1,1452,1,1,4,0
13947,66,121628,9231.671929,0.2563646394,0.1100168742,12,8.193964907,2.145634251,92,4,7,1,4275,1,0,3,1
13948,38,49076,5177.115189,0.1432909901,0.1266734449,44,4.873037303,4.138417295,34,8,0,8,2828,1,0,0,1
13949,68,90123,8398.970474,0.1995061542,0.04805244718,33,6.196093226,7.447452729,93,6,6,5,133,1,1,1,3
13950,19,53124,3305.949453,0.1738916459,0.0375403738,32,5.870902065,10.88867505,28,17,3,1,3164,1,1,1,0
13951,57,35787,9773.308442,0.04116234038,0.1109219075,32,2.956760693,4.973221541,30,1,2,4,4824,0,1,1,0
13952,36,73462,880.2573478,0.02654693127,0.1418298216,38,1.006006728,12.20467658,41,7,7,9,838,1,1,4,1
13953,56,105984,7275.812303,0.119335275,0.09836307961,12,9.989524463,1.447417465,65,4,4,9,4106,1,0,2,1
13954,45,91035,6639.606239,0.1148495863,0.02330745722,16,4.751485957,11.9680607,50,4,5,6,2111,1,1,0,0
13955,34,23841,1997.547908,0.2054014528,0.1857904143,8,3.554348244,10.63635896,78,6,1,9,4027,1,1,1,0
13956,23,64890,3949.555589,0.1933381186,0.1420434347,12,7.892934461,1.446299816,15,11,0,4,2133,1,0,2,1
13957,36,147727,3197.008256,0.2909928693,0.1280272943,15,6.332722415,0.9587132479,7,12,6,9,2247,1,1,2,1
13958,55,45402,1035.479396,0.2588488558,0.1322891323,36,8.924138906,12.67863244,60,3,7,3,2230,1,1,2,3
13959,45,140021,5889.401427,0.1540089325,0.08573506417,29,8.029909085,2.599515002,91,8,2,4,3928,1,0,0,3
13960,19,131713,9937.331471,0.1550073522,0.1970360949,38,3.535923374,4.172900882,39,7,5,8,1669,1,0,2,0
13961,55,108591,5639.922596,0.2054974764,0.03520905023,32,6.33019836,13.49621821,80,13,0,4,24,1,0,1,1
13962,54,125363,5498.073078,0.043086269,0.1504368617,39,5.524317591,5.471700142,56,5,3,0,395,1,0,1,3
13963,68,86201,499.1057028,0.2999682637,0.08996643245,5,9.595753006,8.191305953,77,0,1,5,1095,1,1,3,0
13964,69,117807,1478.280211,0.1604543494,0.177408249,11,3.156131249,0.9497334968,84,5,0,8,2645,1,1,4,3
13965,21,43237,5180.868982,0.2738724134,0.1462796421,1,3.55451039,8.750676782,49,15,2,0,2434,1,1,2,3
13966,39,62988,9853.267785,0.290533337,0.1168279224,32,9.283853862,10.84611472,26,16,1,4,4347,1,0,4,3
13967,43,113803,8778.416581,0.1786763946,0.1881617905,14,5.12029771,8.694065569,84,4,4,7,3401,1,1,4,2
13968,66,96310,3468.070302,0.03997110778,0.1833642386,16,5.115290572,12.22586547,31,12,8,1,2659,1,1,4,0
13969,60,20553,5475.742117,0.1762702844,0.01994345923,34,8.813877391,11.7600454,79,17,7,0,4820,1,1,4,3
13970,53,33860,5571.752,0.1833163068,0.04659172888,30,3.664454834,7.44709201,27,18,1,3,3132,1,0,4,0
13971,30,110439,6885.070066,0.2388660097,0.1384488511,29,7.272078757,9.854048042,28,10,6,3,4252,1,0,1,0
13972,69,27045,6909.042208,0.02398648743,0.185149491,37,7.49370766,4.511238198,48,11,2,0,2913,1,0,0,1
13973,49,94916,7918.945635,0.1452314565,0.09176270048,15,4.98158512,5.700038213,35,7,5,7,104,1,1,2,0
13974,34,76435,347.2131459,0.2776033749,0.01727799662,41,4.005644654,9.517325259,23,12,8,3,4469,1,1,2,3
13975,58,118453,9442.433887,0.2974767328,0.1322264794,44,7.719900743,10.07599221,84,14,2,3,970,1,1,1,0
13976,53,52261,793.6142553,0.06550097684,0.04699052948,39,3.303313855,1.737678704,38,10,9,2,4783,1,1,1,1
13977,63,134677,4813.985104,0.2624737079,0.1149411293,16,8.373789138,12.37896807,49,5,9,7,2573,1,0,4,2
13978,36,98879,9203.834836,0.05241266287,0.08308981914,6,4.747703267,9.739012745,7,17,1,7,748,1,1,0,2
13979,52,147632,4927.921409,0.253940586,0.1160251374,4,1.165395872,5.246604063,91,15,1,2,2960,1,1,2,1
13980,63,22853,730.0046589,0.09041054097,0.1871629007,39,6.123440384,3.782228227,81,5,4,6,4035,1,0,3,3
13981,57,95664,2369.476196,0.2882913272,0.1023021122,26,2.749759977,9.244724051,82,4,5,1,2088,1,0,1,3
13982,45,130884,5828.800878,0.2116940578,0.01656047652,0,5.199087029,10.59038092,18,13,3,3,4217,1,1,3,3
13983,18,68022,969.8300172,0.1257420744,0.1203744174,1,8.275019241,13.96188241,37,9,5,2,2903,1,0,2,0
13984,59,22736,4294.411517,0.09148226567,0.07189165073,3,2.710117454,3.182375647,43,3,3,0,363,0,0,1,2
13985,35,53724,3358.023335,0.07821888297,0.157845628,0,2.873015416,7.792319045,25,8,4,7,240,0,1,2,3
13986,65,31440,8170.555515,0.2074297748,0.09928640936,28,5.26461387,14.35010523,69,1,6,3,4180,1,1,1,2
13987,57,90716,1190.30619,0.2697793907,0.1508604402,20,5.288510213,13.68822053,48,14,5,2,2216,1,0,2,1
13988,50,50284,6859.704657,0.2289331712,0.1826759891,41,5.083029353,7.429468879,25,12,1,8,4676,1,1,3,2
13989,29,126911,4125.231802,0.252089546,0.07883205834,34,7.2504368,8.50457248,91,18,8,4,2988,1,1,0,3
13990,25,31646,5918.731737,0.2366012926,0.1979818034,33,3.421881487,13.78927461,31,3,9,4,2542,1,1,1,2
13991,41,104565,2134.764542,0.2939528233,0.03846444453,38,3.344750213,0.9658066724,33,12,4,2,1423,1,0,3,1
13992,33,105694,6136.066479,0.2297634288,0.1323470196,1,1.201249836,14.65491704,44,6,8,3,616,1,1,2,2
13993,67,34342,6772.379501,0.07096627036,0.01660584459,24,4.435612161,14.66641464,36,12,4,2,4358,1,1,3,0
13994,21,123317,795.2924901,0.239563555,0.05048076651,5,2.761958872,14.19329845,88,0,2,1,498,0,1,1,1
13995,55,85620,8261.008249,0.1034001147,0.1304179324,7,6.324384844,14.49981816,85,8,6,3,4924,1,0,3,0
13996,61,84261,8626.415718,0.2987819602,0.01877643052,34,2.630536208,4.908992835,94,15,7,6,835,1,0,2,0
13997,44,147932,729.1851513,0.1192350598,0.0293395462,18,9.050779469,1.037486813,5,16,4,3,3923,1,1,4,3
13998,26,148397,6071.556132,0.0949101892,0.06529201303,8,8.641128901,4.623014198,30,18,8,1,2635,1,0,0,3
13999,64,21935,5980.71382,0.0793726358,0.1193710558,32,7.886529315,5.512134874,64,15,2,3,2809,1,1,0,1
14000,33,116002,223.3382775,0.2009692491,0.01303668552,7,8.276717673,5.610739323,8,14,7,8,3153,1,0,4,3
14001,29,62376,3489.229498,0.04167411563,0.1016473089,37,9.636249413,10.36665333,75,0,1,0,3266,1,0,1,2
14002,48,94798,9692.365249,0.2865323657,0.1288913123,31,3.878280464,13.0224482,20,13,9,6,2658,1,1,3,1
14003,41,97140,5598.962447,0.09535067681,0.08647932988,22,9.81873281,3.718808029,66,10,0,8,4922,1,0,3,3
14004,31,62481,9338.796847,0.0956661772,0.02285156342,33,9.014703991,6.985600179,41,14,6,2,382,1,1,4,3
14005,62,108669,6788.881895,0.02335916776,0.1260661807,22,4.257028807,5.988413256,45,19,9,8,2631,1,0,4,2
14006,42,136189,381.0661304,0.08134508018,0.1251087254,45,8.776665109,11.58673089,4,17,4,8,3208,1,1,2,0
14007,51,114203,869.3606607,0.1315040131,0.1061480475,31,9.075743166,5.109481495,36,3,6,4,1857,1,1,2,2
14008,20,75721,7249.571658,0.1171858532,0.1416976404,0,1.324794814,1.315131937,76,3,2,8,4967,0,0,0,0
14009,41,120777,5590.221125,0.08917577722,0.0494823293,6,8.883661324,5.340153261,28,18,2,2,4947,1,1,1,3
14010,59,119039,1358.80148,0.02181571297,0.138922741,42,4.899201469,5.63258097,91,4,0,6,4078,1,0,1,0
14011,26,22838,6179.220516,0.09716859835,0.04067640053,47,8.302095692,12.42460291,48,1,2,5,2515,1,1,4,0
14012,43,55330,8121.84487,0.2357159721,0.0846117899,23,2.000475923,8.444467415,24,9,0,1,600,1,1,0,3
14013,37,98976,7554.526058,0.1372497627,0.02283766279,1,2.549683097,8.090967558,9,16,3,8,2500,1,0,0,1
14014,57,122210,2537.008354,0.0943248508,0.1656341931,17,9.80898512,9.183019351,97,10,9,9,673,1,1,2,2
14015,27,119576,2656.13017,0.0983897189,0.11226435,18,4.74562463,8.641081514,14,10,4,3,2612,1,1,3,3
14016,36,123140,9681.594271,0.1707868972,0.1944993484,41,8.186098027,10.38392599,29,10,9,7,801,1,1,1,2
14017,20,120166,8885.307541,0.09766487654,0.1890420542,35,7.752196987,13.60649267,76,18,8,2,3816,1,0,0,2
14018,41,56994,3251.539413,0.1929312228,0.1997266159,27,8.074443436,13.20710915,58,10,0,4,188,1,1,2,0
14019,22,111875,8258.139448,0.296941809,0.02924057235,34,7.881601427,7.682128093,54,7,7,0,2432,1,0,2,3
14020,20,50384,1701.211444,0.02194115535,0.1252502719,31,9.225636214,12.77837993,54,2,3,8,2991,1,1,2,1
14021,44,65378,2048.726903,0.05893365915,0.08743929021,12,6.333281881,13.01391411,68,8,3,3,3471,1,0,3,2
14022,33,127318,1893.840933,0.06194118813,0.1112062716,5,4.829093219,11.94846285,13,7,0,2,4968,1,1,0,2
14023,66,52643,968.4356726,0.1396503922,0.06866579954,28,9.327068821,1.10978581,73,17,7,9,3474,1,0,4,1
14024,32,36926,8561.31335,0.0220114265,0.01913307923,9,4.21257532,10.09977017,97,17,4,9,1080,1,1,4,2
14025,52,58977,5830.188292,0.1484812575,0.1444725512,39,6.676289098,5.041594714,94,10,2,1,3946,1,1,2,3
14026,29,137453,2663.665316,0.2793881798,0.193505244,9,8.696962647,13.1625628,55,1,4,0,2342,1,1,2,1
14027,58,43652,8501.684824,0.01335358572,0.111152547,33,9.244156679,4.617451345,60,8,6,7,3071,1,1,3,3
14028,61,83295,8046.202918,0.1158322715,0.07262019059,19,9.54487109,13.82007618,4,18,8,8,3233,1,1,2,1
14029,43,30270,1099.420029,0.2306591939,0.1882728673,46,6.939394644,9.419251879,5,14,8,6,3186,1,1,0,2
14030,64,102804,6476.9798,0.0548034051,0.0792866406,32,7.481803293,9.853303945,12,7,6,9,2544,1,1,2,1
14031,51,81630,7246.152655,0.03249211073,0.1837605466,10,5.477686269,13.372173,39,18,8,8,2804,1,1,2,3
14032,40,56417,7186.690636,0.1929257758,0.1725812624,23,3.564032415,14.78834363,58,8,8,1,4596,1,1,0,1
14033,48,147390,7259.112808,0.01288576362,0.1104550911,32,1.14561573,4.980617331,12,4,2,9,2953,1,1,1,2
14034,67,66894,1777.632078,0.2425134424,0.1386058067,21,2.998366619,1.788481443,45,7,4,4,642,1,0,4,0
14035,37,76042,3219.355897,0.02938729853,0.1430603143,47,9.819634094,10.9885262,96,0,1,8,939,1,1,2,2
14036,29,83253,8457.367234,0.1620627352,0.131807424,11,8.257436469,1.517592243,22,16,9,6,15,1,0,0,2
14037,40,68841,8994.078327,0.224637036,0.04054249144,29,5.311323866,8.241065664,20,14,4,7,3621,1,1,4,0
14038,21,72723,2863.969977,0.08018318674,0.1416274802,31,4.092319962,5.506165106,71,14,6,0,2238,1,1,3,1
14039,40,40317,327.8932102,0.04002664696,0.01061143598,43,1.579099347,6.154857101,33,8,4,8,2440,1,1,1,2
14040,65,75008,8611.692777,0.06093060226,0.1449069955,18,1.091231789,3.91452497,52,6,7,5,2481,1,0,2,0
14041,65,56434,3833.209194,0.2578582359,0.1154188656,44,7.795545176,10.64042053,94,13,9,5,3205,1,0,1,3
14042,18,66125,3361.689204,0.2146762846,0.05935448021,39,9.870160299,8.792592188,30,0,1,7,2842,1,1,2,0
14043,42,100984,3535.296829,0.06744843427,0.1627152255,1,3.28446021,14.31043536,83,18,5,2,4151,1,0,2,2
14044,19,95449,4215.394597,0.2176750312,0.08700299839,13,3.470830899,5.65530456,98,8,9,0,1166,1,1,2,3
14045,47,94102,3844.839554,0.2154992694,0.1022976651,32,9.412073848,6.217261518,65,18,5,9,864,1,1,1,2
14046,20,117980,5707.665901,0.2993402785,0.01525816542,31,6.418556335,2.892636513,87,12,3,5,1559,1,1,3,0
14047,38,101141,881.5087571,0.1235512468,0.0862507403,40,2.564300166,9.369105204,74,4,0,7,4790,1,0,0,3
14048,42,20557,9718.247924,0.2608075133,0.04179893057,18,1.411178612,1.876809819,67,13,5,3,1047,1,1,0,2
14049,37,127776,9370.865241,0.1394683789,0.06246722925,13,6.072182297,14.53841909,25,17,8,5,3602,1,0,3,0
14050,66,64383,9350.625801,0.2703504648,0.05790650475,3,5.073015493,13.69598628,13,4,0,3,2134,1,1,3,3
14051,69,26040,8804.848478,0.03656414474,0.01874395081,1,4.888849527,10.64549525,83,4,5,9,4726,1,0,2,2
14052,39,66652,6637.230392,0.06084066274,0.0974939636,9,9.72337873,5.100678599,99,19,3,2,4973,1,1,2,0
14053,38,119432,2288.974771,0.2564867653,0.1092925585,28,3.365897641,5.664187874,24,3,8,5,4163,1,0,0,2
14054,50,136048,589.8865227,0.247597094,0.1185018994,14,5.391915348,1.763336805,73,4,8,0,618,1,1,2,2
14055,69,80941,1083.278541,0.09857579964,0.09782175639,30,2.920096122,4.081896236,98,1,6,4,1583,1,0,2,2
14056,55,107340,3307.525755,0.1830715123,0.1752101099,32,3.896102355,5.618811587,63,13,0,5,1732,1,1,3,1
14057,32,94828,5088.441952,0.1209829194,0.01715915157,28,7.893040371,6.994956398,68,14,2,5,3193,1,1,1,2
14058,63,46110,9933.205405,0.0129920313,0.1266236351,10,2.775704438,7.231925003,67,5,0,2,484,0,0,4,3
14059,69,25349,4410.890569,0.0175701967,0.1745650191,47,7.088360337,13.33404534,19,1,4,4,3889,1,1,4,0
14060,32,50374,5293.996296,0.02573434599,0.01779764577,44,2.166799961,7.022380494,86,8,6,2,2625,1,1,2,0
14061,63,104545,6982.056747,0.1822809248,0.1042983299,39,2.715154714,14.38268153,42,10,4,4,4201,1,0,2,1
14062,42,130623,1889.266307,0.09097604324,0.1219151666,8,1.207839787,1.715272154,4,4,2,2,3028,0,0,4,1
14063,38,62591,9334.987315,0.05174500651,0.04627209242,46,6.674181285,3.559167449,92,10,4,1,715,0,1,3,1
14064,41,20057,5337.442598,0.2829280214,0.05797502068,28,9.912884389,6.125804774,92,2,8,7,971,1,0,4,2
14065,22,144007,2834.937821,0.04518241345,0.1592627341,36,6.908278075,13.37824852,31,13,2,3,840,1,0,4,2
14066,23,94039,9357.578965,0.2054546978,0.1178055785,20,9.309891035,2.272077934,85,8,9,7,2436,1,0,4,3
14067,66,113829,6291.961124,0.269306453,0.06999795248,30,5.737671156,5.648427357,44,18,5,7,1809,1,1,2,0
14068,60,140536,4888.528339,0.0575106035,0.1553034922,21,7.122577788,2.126507103,42,16,1,5,376,0,1,2,0
14069,65,84578,5843.543509,0.07227160785,0.1518759591,17,9.329796687,11.72293644,70,16,3,5,3520,1,0,4,2
14070,61,128497,7508.191967,0.1764059247,0.07562633921,1,1.77597113,4.595782555,96,13,6,3,437,1,1,2,0
14071,64,39121,1629.926237,0.157450119,0.1028430498,21,6.376933877,6.798527,21,13,8,5,4179,1,1,4,2
14072,40,25493,8661.821264,0.1610979509,0.1362585974,36,6.179760779,12.35276825,40,9,3,5,787,1,0,3,1
14073,21,148758,9599.117422,0.1708566473,0.0752173514,19,1.298363397,2.933719525,57,6,9,9,1211,1,0,2,2
14074,44,122181,5713.296552,0.2854718456,0.1295117881,47,2.405793889,14.23386968,58,12,2,4,3898,1,1,1,3
14075,35,87818,6854.481383,0.02561303217,0.05770400884,47,5.97114527,6.211987493,27,2,6,9,232,1,1,2,2
14076,38,108706,8612.35146,0.230530071,0.06548395722,3,5.479076097,5.290824842,84,5,1,5,1384,1,0,3,2
14077,45,129679,3810.625251,0.0774268625,0.06902780224,25,4.09445497,3.265977524,54,9,3,9,4711,1,1,3,0
14078,52,140196,9929.034769,0.1183665243,0.1878504064,19,7.27945862,7.278934284,50,4,4,4,2443,1,1,2,2
14079,39,21431,6836.963556,0.03589442566,0.168397707,21,4.242087287,14.72010102,35,5,2,7,1733,1,0,0,3
14080,57,80469,4297.587114,0.1392317631,0.1173815354,42,7.919818851,7.619286526,67,7,4,3,4418,1,1,4,2
14081,40,82241,6805.645953,0.2432235832,0.1171357198,19,8.283135674,7.055965941,42,4,1,7,1829,1,1,4,2
14082,20,65294,5264.632322,0.03863469817,0.02066783919,28,6.801203078,0.6105956756,5,9,7,7,4661,1,1,3,1
14083,57,120079,1205.251558,0.08992504348,0.133406532,47,3.510828685,4.671239438,82,0,4,2,4318,1,1,2,2
14084,67,144198,7979.066517,0.1181878955,0.07234277289,30,8.223922911,3.804676122,50,12,7,4,547,1,0,0,2
14085,27,106127,5687.318245,0.0401307689,0.1263368788,22,3.266084752,1.065151508,52,4,2,6,3769,1,1,1,2
14086,42,31351,7978.871023,0.2310718749,0.1696444121,43,3.727085674,6.967462684,10,18,1,9,1427,1,1,4,3
14087,69,52483,1633.62821,0.2382146382,0.01864467811,37,6.479249298,2.466331904,49,15,8,7,2113,1,1,0,0
14088,66,51195,5429.735852,0.2524095494,0.1253420656,15,7.201410698,7.793195273,16,17,4,6,2127,1,0,4,1
14089,25,132943,7689.580295,0.1793298994,0.1171981168,18,4.341613118,7.092339683,45,18,7,6,1121,1,0,2,1
14090,28,144208,9884.215219,0.157099258,0.04928564549,10,6.32248899,3.729347667,81,9,9,0,362,1,0,4,2
14091,22,122689,8855.533036,0.08614020919,0.1328222603,11,3.231897526,12.07595269,45,1,4,4,4013,1,0,1,2
14092,62,42735,8657.061308,0.1999958105,0.1154186944,35,8.153336735,13.93879235,76,8,5,9,956,1,0,2,0
14093,54,35203,2549.855368,0.1389234108,0.1557908236,12,9.92915339,2.443864846,40,18,1,3,4337,1,1,3,2
14094,62,23974,8396.047557,0.2915251578,0.03101752795,1,7.285311755,1.911895999,50,11,0,9,2151,1,0,0,3
14095,55,124209,1775.884648,0.2907720541,0.0942853972,10,3.874286855,5.49955965,10,11,1,5,4944,1,1,4,0
14096,46,139365,2061.265879,0.2725094882,0.1996072574,0,4.13881666,9.351386296,50,2,1,8,3152,1,0,2,2
14097,22,122769,1190.155763,0.11442585,0.1409633612,40,1.274729138,9.663806578,26,12,8,3,1892,1,0,2,0
14098,26,143099,8590.205654,0.1167120121,0.1400166623,9,6.822578975,9.561959983,48,3,6,9,4151,1,0,4,1
14099,65,105222,1171.719515,0.2572752176,0.07039550907,2,6.400190452,8.847840189,15,0,4,6,489,1,0,3,2
14100,19,59713,1467.303649,0.2214491302,0.0278387398,7,9.591297615,6.093838105,49,0,8,1,3452,0,1,4,0
14101,18,129362,2534.282786,0.2142646812,0.1904039313,15,4.619210817,11.83902608,14,3,7,2,115,1,0,3,0
14102,57,144776,5769.35785,0.09108719321,0.03003956656,35,9.396316888,14.32163298,53,1,9,7,3007,1,1,4,2
14103,68,32636,8813.783834,0.2516710974,0.198614199,42,7.842230765,9.049574847,13,7,6,2,2231,1,1,2,0
14104,47,55070,4240.458737,0.178031966,0.03389838476,39,3.592028067,3.681707358,78,15,4,8,2724,1,1,1,2
14105,28,49123,5508.230897,0.1395910165,0.04247239622,38,1.147895857,8.645729094,81,9,7,3,3861,1,1,1,2
14106,45,140973,1748.24506,0.260972416,0.06858972146,19,7.539950433,11.45534049,75,8,9,9,3293,1,0,2,3
14107,61,51812,2732.863973,0.1243208315,0.1073512868,46,5.467129645,12.5304286,25,6,4,2,829,1,1,1,3
14108,29,48760,1425.865049,0.1996384854,0.1601763139,7,9.65670398,10.91463911,39,7,4,1,2617,1,1,3,0
14109,56,24966,4158.196564,0.1451125028,0.1944915774,9,1.198946336,13.41223358,17,16,4,1,3288,1,0,2,0
14110,43,131751,5944.323021,0.1818939638,0.07817672738,36,5.697143359,14.30429181,25,10,1,0,1986,1,0,3,0
14111,30,138414,2911.793347,0.02175847678,0.01387848771,31,8.099408138,7.634137526,17,10,8,3,850,1,0,2,1
14112,25,103962,8475.35897,0.1437233973,0.1271691094,26,8.107954279,8.344044587,0,14,9,6,3143,1,1,3,2
14113,45,99698,9814.259675,0.1713824792,0.1450500736,30,7.048535269,5.393959363,15,6,5,3,1041,1,1,3,2
14114,47,36058,1289.533038,0.1528886071,0.08551440095,2,4.549352293,10.05389693,20,2,1,1,2121,0,0,1,1
14115,26,61482,276.8145546,0.255749008,0.04486044931,38,1.605184284,9.136943858,71,15,0,5,1701,1,1,2,1
14116,56,129203,7918.791383,0.1002259527,0.068142963,5,3.715831659,3.091347636,65,15,3,7,2452,1,1,4,0
14117,48,22998,1987.36251,0.266382194,0.1346019448,16,6.860371471,10.56817063,82,13,3,1,3308,1,1,1,2
14118,38,142659,3596.151267,0.1270039713,0.1038947453,9,7.939530209,12.17278593,92,19,4,1,234,1,0,3,3
14119,64,81265,4002.889061,0.2114127524,0.1512505654,20,8.356421736,3.125138743,93,17,3,5,496,1,1,3,3
14120,51,86445,9174.33395,0.03514959112,0.05145234646,28,7.966731164,2.881103522,2,19,0,2,2849,1,1,4,1
14121,48,131033,6622.498336,0.06804468423,0.1699772675,28,3.914125829,9.76668619,7,9,1,2,3937,1,1,4,1
14122,69,138821,502.033954,0.2307381432,0.03961813446,19,7.246801223,2.184530574,98,3,5,7,4917,1,1,3,2
14123,42,54648,246.6213831,0.01357531881,0.07268393149,14,9.721708799,12.2387292,17,13,9,2,4382,1,1,4,2
14124,29,80623,2075.724166,0.2908730444,0.1223294497,1,2.228514509,9.823047576,89,4,8,5,1633,1,0,0,3
14125,18,98033,3249.902215,0.06528238131,0.1500040064,32,7.582252442,0.9698679851,24,5,7,0,1747,1,1,1,2
14126,39,104480,4896.785957,0.271378156,0.06057447953,11,4.689829203,11.67093398,71,3,6,2,4569,1,1,2,0
14127,57,27527,8394.610182,0.1596240582,0.1901427497,12,3.024942843,7.893532345,17,10,6,4,2754,1,1,4,1
14128,54,124000,3216.695785,0.1737268564,0.1441611438,43,3.880382821,7.694257296,23,11,0,9,2032,1,0,4,3
14129,64,23072,3827.718471,0.03439821851,0.05135825603,43,2.498248152,5.022453597,68,19,4,3,3404,1,0,0,3
14130,18,32018,3360.445507,0.1159134387,0.1478954518,38,8.338081357,4.610351291,25,10,3,7,3851,1,1,2,0
14131,18,49652,188.7568267,0.05530346963,0.142303402,38,4.487153006,7.754513327,73,6,4,4,3534,1,0,0,2
14132,59,24476,9556.495237,0.1625201334,0.1530099736,37,9.438574145,0.5456489403,10,10,5,0,1781,1,0,2,2
14133,59,129371,1476.059253,0.1697123222,0.1840173377,44,9.697474499,12.02910953,3,6,5,9,1977,1,0,1,1
14134,38,115768,2947.908034,0.2158034154,0.1452262652,20,9.691681189,11.86815649,9,1,9,9,1147,1,1,4,0
14135,32,47482,1380.102691,0.2647006658,0.07686295565,40,2.401402642,11.16559334,11,0,4,0,2481,1,0,1,3
14136,34,122793,4956.377246,0.1457721467,0.1601983208,15,4.117474522,9.236459382,73,8,2,2,1096,1,1,2,0
14137,39,82513,9328.444538,0.07767450732,0.142213734,33,3.793463734,4.785886144,11,13,2,4,589,1,1,4,3
14138,55,106411,1096.937104,0.1067357818,0.1191092453,26,9.304107831,10.040753,4,19,7,2,1711,1,0,0,0
14139,52,36219,4464.879544,0.2556560458,0.07722824973,42,1.778276959,2.37264274,90,3,7,4,1242,1,1,3,2
14140,62,50448,321.5109731,0.05230041067,0.1849993435,2,6.297538755,4.319246624,96,9,7,0,2475,0,1,0,3
14141,33,99903,7731.892392,0.1919042627,0.1074234011,8,5.368352355,1.155344287,95,18,6,0,1183,1,1,3,1
14142,25,45120,6448.138821,0.01379490631,0.1293396416,43,9.786425865,12.96237811,4,18,4,6,4970,1,1,0,0
14143,64,26855,7027.016771,0.08124410525,0.08891898673,33,9.669696627,12.51109914,22,19,5,4,3753,1,1,2,2
14144,34,76553,4776.129973,0.1815084643,0.1583549087,18,4.815987406,7.037342678,55,2,5,1,1521,1,1,1,3
14145,34,88633,9085.566993,0.1423594916,0.07479750621,37,4.972366301,6.84522303,87,7,8,8,805,1,0,3,2
14146,43,64585,4154.618764,0.1531293522,0.1640205344,25,4.460814086,13.92685737,45,14,4,8,2790,1,1,2,0
14147,30,105425,5189.44224,0.2015629946,0.03050887145,22,8.102549275,10.28969436,1,5,6,8,604,1,1,1,1
14148,34,21084,6983.3633,0.07802994708,0.1447027599,17,1.90162988,10.78498215,93,8,8,3,4949,1,1,1,1
14149,55,118856,5253.550347,0.09143343269,0.1006076084,44,2.045322109,5.709171115,73,3,8,3,3819,1,1,4,0
14150,34,41944,1974.422914,0.2084928802,0.142763177,45,7.342235114,4.728738888,0,17,0,8,2719,1,0,4,3
14151,65,53921,3238.999119,0.1661045082,0.1109651722,39,1.150180859,2.15839582,12,15,6,0,2681,1,1,4,2
14152,31,81282,1013.715235,0.01423017904,0.03551820226,40,7.039267895,1.551560639,59,3,8,7,1024,1,0,3,2
14153,62,107393,4382.873622,0.2043950606,0.1006283931,44,2.158264273,13.63006803,35,1,3,0,3813,1,1,3,3
14154,23,71397,6132.981722,0.1898266918,0.1932662044,48,8.075670211,13.64216954,61,15,2,6,3556,1,0,1,0
14155,52,149822,1273.446448,0.0327961964,0.1534197142,37,7.656746036,3.791768788,62,5,0,5,1443,1,1,3,2
14156,63,38070,6342.812503,0.2267806535,0.06703596358,9,2.64034269,1.041956092,66,16,6,7,4711,1,1,1,2
14157,31,74987,8939.434184,0.1614094231,0.1893816881,42,7.812394371,5.523507805,15,2,7,4,3735,1,1,2,0
14158,64,135381,3443.464957,0.06937671235,0.1579997927,9,8.112075236,14.30243846,77,12,8,7,846,1,1,0,2
14159,25,76690,2298.127653,0.1722133468,0.079244953,20,9.330059036,4.923325587,39,1,2,5,1368,1,1,1,3
14160,32,110011,8940.760032,0.1826829691,0.1246790535,37,7.520001949,13.04595662,47,3,2,8,4222,1,1,1,3
14161,44,81134,6950.257835,0.2768344315,0.09107026477,37,8.808410531,12.33729412,45,8,0,2,461,1,1,2,0
14162,30,149170,1143.409194,0.2252218834,0.02837117484,46,6.737317643,14.19403554,4,16,4,3,139,1,1,4,0
14163,66,107755,4140.308325,0.0975580628,0.1631455872,6,6.62964732,7.702257295,24,12,7,6,2635,1,1,4,3
14164,48,126993,6773.487038,0.04425856059,0.04630484377,11,7.078095745,13.86835272,37,6,6,1,778,1,1,4,0
14165,52,79439,5786.400362,0.2574233809,0.09702727627,40,4.657162666,11.25647354,53,13,6,5,196,1,0,1,3
14166,23,51489,6223.616482,0.2553596295,0.143501243,32,3.057163912,13.08581684,92,0,3,7,3405,1,1,1,3
14167,22,43178,5714.638222,0.06083990427,0.1871206009,24,4.719832254,11.13354081,80,8,0,2,4651,1,0,3,3
14168,39,99019,8000.807517,0.02801804371,0.02191795718,27,6.340511967,7.187206824,72,12,6,0,860,1,1,3,2
14169,66,77956,3272.226872,0.2164407484,0.08471437579,23,7.210048063,13.82645346,81,8,2,4,321,1,0,0,0
14170,40,67802,7113.777244,0.2195487309,0.1267830677,47,5.110332599,12.10788325,75,2,4,3,1729,1,1,0,2
14171,42,130463,9911.686481,0.06137168857,0.158068768,30,3.970993894,9.796657133,44,17,8,2,11,1,0,3,0
14172,51,82778,3960.592692,0.2037814393,0.1849769235,17,3.222019558,7.504013471,38,12,2,5,2500,1,0,1,1
14173,43,77719,7931.378314,0.09088788596,0.01009448986,22,2.64879106,1.872121838,27,15,1,4,1739,1,0,2,2
14174,64,53573,2536.481448,0.08557893811,0.1292750427,6,5.287329318,12.324401,52,14,9,2,1440,1,0,3,2
14175,22,53688,2890.777452,0.1041102009,0.01131801579,49,7.357517682,6.537346507,53,18,7,1,1337,1,1,1,2
14176,43,131466,9355.152354,0.1609149463,0.1595785046,7,8.468633579,5.711709406,95,9,1,2,1200,1,0,3,1
14177,37,138292,356.7897269,0.2432916378,0.03843665343,14,4.107807857,3.844332068,19,8,5,9,3234,1,0,4,0
14178,23,117065,2252.530714,0.1546066878,0.1799779215,37,6.500478413,8.353626386,54,11,5,3,844,1,0,3,1
14179,23,119747,4880.914908,0.09643238173,0.03947360479,27,5.299372201,12.5331518,64,7,1,8,3337,1,1,4,0
14180,67,125352,4078.291455,0.2663525466,0.1552225066,26,9.696359588,4.699181904,75,9,4,5,958,1,1,1,0
14181,35,66475,6328.780339,0.02597608766,0.06496774628,20,8.941535871,13.84957231,21,1,0,5,462,1,0,4,0
14182,21,70697,2007.948299,0.2411565303,0.1158782375,43,8.94046105,6.255701701,50,14,6,0,4517,1,1,3,0
14183,34,53978,798.4153432,0.2374707098,0.1256025047,26,6.212809813,14.55651643,71,19,1,9,968,1,1,4,0
14184,31,49677,3756.400638,0.08352857494,0.04928452324,46,4.931493307,10.31111949,11,15,8,3,4412,1,0,2,1
14185,31,101540,5291.116897,0.06750560293,0.06675240787,46,6.866714055,5.824608859,58,9,0,2,2777,1,1,4,2
14186,30,30272,5663.818187,0.2636631628,0.03042647866,41,2.436871967,14.76266396,53,12,3,3,1217,1,0,4,1
14187,24,26212,6054.785883,0.1720726751,0.01100491102,40,8.946754652,9.117499892,52,10,5,1,545,1,1,0,2
14188,61,41071,5531.753758,0.02334329371,0.05549892732,13,3.441094871,11.64535449,87,15,2,9,3856,1,0,2,2
14189,32,139998,2532.944513,0.2683414298,0.1080404476,20,8.442091807,7.050975203,37,13,5,8,4433,1,1,1,3
14190,36,128644,7669.042386,0.1112117355,0.1455834793,13,3.686509347,2.229726157,91,7,3,5,363,1,0,4,2
14191,60,95236,969.0245912,0.1092254006,0.1607763288,48,5.698175927,14.47847893,11,18,1,0,1620,1,1,2,1
14192,64,115516,2063.703408,0.1965535018,0.02325553254,42,7.950486961,5.165046819,94,1,9,3,2173,1,1,1,3
14193,61,37297,7419.842289,0.2017801734,0.06175844844,5,4.543650171,13.80981526,91,3,4,4,3949,1,0,2,0
14194,52,71932,2869.288728,0.112461675,0.156342556,11,4.222033979,13.65959307,72,17,9,1,1791,1,1,0,0
14195,34,126885,4985.387072,0.05155088909,0.1013650862,27,8.990849832,1.877490136,85,15,7,6,3682,1,0,1,2
14196,52,76884,3339.257634,0.1701582314,0.04461552759,48,1.620180935,2.163193042,6,6,1,3,1507,0,1,1,0
14197,36,48625,5119.113995,0.1913019578,0.0845206615,28,8.573808547,9.374704997,67,9,5,4,1804,1,0,4,0
14198,37,48831,3531.892419,0.2594644859,0.06130649627,36,9.353786067,1.020411498,28,5,7,7,1234,1,0,3,3
14199,53,139675,9942.6591,0.1504875963,0.019624166,37,6.068448608,6.606839601,44,0,5,6,3982,1,1,1,1
14200,52,138313,3639.028135,0.1972518631,0.1550891577,2,7.26373532,8.15295775,9,17,4,2,1606,1,1,1,0
14201,49,143950,6307.789232,0.02577856007,0.06542179557,32,8.753030151,3.353437412,84,13,2,4,2167,1,1,0,0
14202,65,76478,8894.597855,0.2694116411,0.1895749523,49,4.919750881,11.66747728,3,9,7,7,4970,1,0,0,1
14203,61,82909,6415.556444,0.1048925858,0.1787437577,45,8.909091284,6.757927125,23,12,9,9,4620,1,0,0,3
14204,57,49367,5701.986826,0.1933441261,0.1460927212,11,4.350352095,6.635602564,84,5,1,3,488,1,1,4,3
14205,41,65813,5735.371602,0.2756549731,0.07206053357,11,3.758242752,3.898091381,81,9,9,6,4079,1,1,1,0
14206,34,120874,5014.961038,0.2450524775,0.06318547501,10,9.848804872,13.37308506,25,1,8,8,2373,1,0,0,2
14207,24,40121,8095.045974,0.1949341187,0.1003015812,27,1.28033197,0.6627095245,55,0,7,1,4815,1,0,0,1
14208,60,55547,599.1983758,0.2140462701,0.07737447506,34,3.876047172,0.5999447697,71,5,5,4,196,1,0,2,3
14209,67,83642,8862.786089,0.2770624836,0.1812200816,33,5.126950566,14.93408828,22,18,8,0,1996,1,0,2,0
14210,18,44914,5904.29298,0.2455070222,0.03346407646,21,3.797958464,0.8057458696,8,16,5,5,793,1,0,0,3
14211,52,136664,8503.84489,0.1868591276,0.1476488394,38,3.539466021,2.74956117,24,0,7,6,4654,1,0,4,0
14212,49,129932,202.8877552,0.2010237848,0.1260703909,22,4.336126545,13.30237757,99,14,4,5,656,1,1,3,1
14213,53,37178,8705.836399,0.05270784301,0.1631972264,11,4.582548991,9.427976106,31,13,6,5,1866,1,1,2,2
14214,30,87258,1289.36144,0.1463486271,0.1130725921,18,1.644436637,9.5624161,6,2,1,5,2765,1,0,2,1
14215,23,99421,7240.058263,0.09728931783,0.1296127287,30,7.977177726,7.398033058,96,9,0,7,4022,1,0,1,3
14216,31,80563,4223.56179,0.135271484,0.1929207201,12,2.51422159,2.68374875,58,6,7,8,3349,1,0,1,3
14217,54,70050,6842.616672,0.2020515933,0.02747269501,18,1.369193927,5.823275623,58,17,4,3,4646,1,1,0,3
14218,65,82607,6319.078403,0.05325381714,0.02992447518,35,6.313412434,10.90978975,94,3,8,2,862,1,1,1,2
14219,32,85638,1717.625816,0.01503902946,0.0847854601,21,7.017342732,7.537767461,61,19,6,6,104,1,1,1,1
14220,64,112971,5194.676268,0.1251080769,0.09981923075,43,7.842512478,11.08219194,16,11,3,7,3496,1,1,3,0
14221,21,147068,2844.581685,0.1034334512,0.04797568799,29,1.790058873,0.605157982,34,6,4,2,866,0,1,4,1
14222,57,33262,5648.324744,0.1319252973,0.02570688143,3,2.545524888,10.00860204,85,13,2,5,301,0,0,0,1
14223,33,27453,7406.232502,0.2800540669,0.01421348875,12,2.640856691,9.097755688,57,1,4,6,4828,1,0,3,2
14224,45,127943,904.4583044,0.2150543894,0.1552725276,19,6.342762482,14.62864897,28,16,9,6,796,1,1,0,1
14225,33,65174,5206.047993,0.1049630446,0.1021609048,38,9.007492723,13.65174444,62,5,3,1,2523,1,0,4,3
14226,21,136720,6214.535226,0.06199085845,0.1702466517,5,7.357843447,9.204722662,55,18,2,7,1348,1,1,0,2
14227,62,97760,3024.137791,0.1893587053,0.07855907466,43,3.832366836,8.854907194,62,5,7,9,623,1,1,1,3
14228,43,26172,9534.73448,0.2006971129,0.1436547647,11,8.678441669,1.842270679,81,1,3,5,1209,1,1,4,3
14229,45,96788,5250.997973,0.1502505783,0.1028188992,15,7.028142482,14.14545622,46,12,9,5,283,1,0,3,1
14230,49,37918,1906.919189,0.07170062464,0.1262932997,44,7.196023403,10.74997794,73,14,3,2,2974,1,1,3,0
14231,62,27197,1167.103792,0.01828102564,0.08033739981,16,9.616241263,7.782127913,14,9,7,5,575,1,1,2,1
14232,19,117127,5462.429537,0.08704160227,0.02542225638,7,9.553281772,12.93301837,56,7,4,8,91,1,1,3,0
14233,48,33677,3814.859973,0.1425794448,0.1900009806,32,4.471054211,11.09513516,6,4,4,5,1177,1,1,2,2
14234,20,31039,2006.216268,0.2385009431,0.1688570721,43,6.72251497,8.671755693,77,13,4,3,2395,1,1,1,2
14235,25,47785,403.9150192,0.2575886104,0.0692594369,38,2.818182668,8.317300152,89,5,5,8,1445,1,0,3,2
14236,41,24570,5709.340792,0.1297510223,0.1921535578,11,4.707210286,13.93109004,17,11,4,5,2942,1,1,4,3
14237,32,92242,6026.142345,0.2408759759,0.06709285897,25,3.460716828,12.0869584,81,2,0,5,4498,1,0,2,3
14238,60,31655,1503.845752,0.2980723188,0.09416810384,18,4.306284554,6.344729712,5,14,0,7,988,1,0,3,2
14239,48,118738,6057.206693,0.2178170087,0.1534757755,12,7.078657273,9.618014756,42,17,5,1,983,1,1,1,1
14240,26,67907,9524.530272,0.2212937192,0.06871080718,9,2.892206596,3.347218769,88,0,1,1,1237,0,1,4,3
14241,56,29449,9785.126539,0.2737655854,0.07165651594,33,2.622960813,14.03223004,56,14,2,9,3847,1,0,4,3
14242,62,44630,8896.080072,0.1080617972,0.08791561017,30,4.414045633,10.58114319,40,16,5,4,4499,1,0,1,1
14243,19,94658,8090.07795,0.01324956399,0.09899397832,26,1.883241417,14.42039537,75,7,1,8,4374,1,0,3,3
14244,25,66371,2172.741583,0.2962234088,0.03348708594,2,8.325043704,4.733451653,50,12,5,0,155,0,1,0,1
14245,24,30991,1648.708307,0.1522357425,0.01332341502,43,9.62648733,5.070083573,60,5,5,0,1686,1,0,3,0
14246,61,44887,4504.981263,0.237846502,0.1846398666,4,8.212030748,12.56559047,93,13,1,1,660,0,0,2,1
14247,68,33859,6234.354338,0.2456224299,0.07710584008,4,5.782672552,4.296559344,18,18,9,3,3352,1,0,2,0
14248,56,43640,8521.718972,0.1252798364,0.02932083429,36,7.067229749,5.68587205,20,8,1,6,2848,1,1,3,3
14249,59,68339,2396.434107,0.1669691835,0.1542425664,6,8.250205449,13.32237976,79,0,6,2,2617,1,1,2,0
14250,33,111068,4848.514215,0.1665755026,0.06606152749,39,1.614055584,8.007411118,34,0,8,2,3540,1,0,0,1
14251,52,124765,6509.658395,0.07386264271,0.0445161741,47,4.76311599,4.855600675,70,12,0,5,720,0,1,0,0
14252,47,73235,4511.37916,0.04411529083,0.1928960962,41,2.2940239,6.435265571,53,6,7,9,4458,1,0,4,2
14253,27,124300,4596.517403,0.1676359684,0.1849031494,12,1.81668685,10.82272007,82,0,3,2,4281,1,1,2,1
14254,55,123156,2328.659894,0.04484153579,0.03009171301,33,7.830757534,2.800628871,25,3,5,6,3245,0,1,3,1
14255,35,22512,9867.942959,0.1103657299,0.1808641899,35,8.722637675,14.45132214,40,17,2,6,3412,1,0,4,0
14256,67,100982,4804.413506,0.06396416618,0.1792648299,33,1.754162501,7.647341894,81,2,9,3,3394,1,0,0,3
14257,22,41912,5374.14526,0.2150056714,0.1305311651,2,2.609216314,11.59136359,11,6,0,9,3171,1,1,4,3
14258,46,119567,2263.736984,0.2628825675,0.1106502202,9,2.987390329,10.67851165,4,17,0,4,3008,1,0,1,1
14259,56,140639,5189.953511,0.1775952369,0.05131331838,42,8.712577879,10.37070962,25,0,4,4,1808,1,1,2,1
14260,51,55515,2627.960629,0.1289451841,0.03306301233,34,9.222120683,6.590708104,4,17,3,0,2020,1,0,3,0
14261,60,35416,2103.128889,0.2990263658,0.1252101197,36,7.884775682,1.1140329,37,8,7,9,3061,1,0,0,1
14262,62,92816,2829.650284,0.01615064922,0.1661718788,5,8.167390801,11.25098111,81,7,2,9,666,0,1,4,1
14263,40,96510,127.3205202,0.09825891442,0.1408423324,20,4.08420238,14.32976959,5,16,2,2,1894,1,1,3,3
14264,22,135781,5744.496009,0.09081521427,0.0443520805,44,4.674832511,7.822911921,0,1,1,4,1037,1,1,2,1
14265,47,63746,3936.052055,0.1132990434,0.06510354165,4,3.524403411,14.33056108,74,3,8,4,1156,1,0,3,0
14266,23,63775,8997.02129,0.07687276494,0.1138193416,2,9.625421133,8.256060074,79,14,4,5,297,1,1,2,1
14267,63,122067,503.0010188,0.08663622228,0.1287485783,19,7.548907769,2.926856621,89,7,8,0,282,0,1,2,1
14268,61,142039,527.6829785,0.08472636188,0.02372799638,29,4.072111727,3.972246239,38,14,6,5,2003,1,1,2,1
14269,21,32227,8870.147821,0.1566657747,0.1266698113,11,2.221077795,13.03841203,48,6,7,4,973,1,1,4,2
14270,46,33031,1353.781958,0.1234060303,0.149900685,34,2.753287362,9.512167852,81,8,6,8,614,1,0,2,1
14271,40,128819,121.3850308,0.1953912296,0.04445799124,31,2.836752571,6.508700388,99,19,4,3,4649,1,1,3,0
14272,23,53000,1871.247251,0.1591763364,0.05678155586,18,6.533299933,12.09110507,36,11,1,5,4583,1,1,1,3
14273,49,71253,8256.374133,0.06319233719,0.05919035213,14,9.126607073,9.804781499,89,3,7,6,1092,1,0,3,3
14274,59,130848,8046.869419,0.2449130439,0.188563948,9,8.818099752,13.14813553,96,13,4,1,2974,1,1,4,2
14275,35,87564,3467.308887,0.1469366075,0.08733306295,25,1.627457746,14.578673,0,10,7,5,1335,1,0,2,0
14276,32,140921,6713.506081,0.05443714019,0.1108085767,5,7.381510965,9.942940027,90,18,4,4,3334,1,0,1,3
14277,57,115969,5121.772103,0.05839515445,0.1476197264,47,2.509175338,14.57547072,36,13,0,7,1825,1,1,4,3
14278,49,142614,9056.876399,0.241120839,0.08057745004,46,3.793226655,7.320586129,85,10,9,5,3526,1,0,0,1
14279,26,38313,658.5924066,0.2138680234,0.03005555392,25,5.894260221,12.67978997,18,19,8,3,173,1,0,0,1
14280,54,134326,8150.473374,0.1568931062,0.1343211554,1,8.568263779,13.64345021,76,12,4,0,2203,1,1,0,1
14281,27,95186,1788.926827,0.09876363783,0.1367819016,48,3.130709602,1.154992334,36,13,1,2,3116,1,1,1,2
14282,37,111760,3977.046885,0.1435513907,0.05950408485,47,8.864472496,13.04383046,55,12,3,2,1631,1,1,3,1
14283,23,77751,2000.375799,0.1945802258,0.01669349287,31,7.612669986,6.42599291,66,16,0,8,2694,1,1,1,0
14284,65,72492,7055.882655,0.2649918721,0.1364170993,2,7.068368454,6.274320211,90,15,3,5,557,1,0,1,2
14285,20,50364,6815.42918,0.1712016816,0.143650855,18,2.196142944,11.83333661,34,7,4,6,3598,1,1,1,3
14286,59,38361,5524.186257,0.09025323548,0.01495232959,35,5.268033157,4.071833881,72,16,1,6,1462,1,1,0,3
14287,28,87949,7011.814064,0.02239457526,0.141704821,19,3.476160218,0.9571802427,83,11,5,1,4769,1,0,3,0
14288,60,126330,6431.691328,0.06088196622,0.1883964281,29,6.293286354,4.43176315,25,18,3,1,1336,1,1,1,0
14289,34,51070,7786.776351,0.19855151,0.04396920377,36,7.062394527,9.902385781,45,8,4,4,1923,1,0,3,3
14290,49,123722,2470.125848,0.05652672038,0.1090515134,44,1.588306863,14.32471941,34,10,9,1,1276,1,0,2,0
14291,21,42409,4346.234888,0.1496464704,0.1423875264,19,6.797682803,6.237968852,84,0,9,3,195,1,1,1,0
14292,21,49854,1601.102641,0.2126969545,0.0537150864,33,5.483037478,12.06435303,95,16,4,0,1922,1,1,1,0
14293,34,116742,4352.976286,0.09938522141,0.1527942894,43,8.548224781,3.407783726,21,18,3,8,4341,1,0,1,1
14294,58,139625,7046.748339,0.204040708,0.1749368016,16,8.139371375,12.85272032,13,12,0,7,2002,1,0,2,3
14295,36,49655,6944.772492,0.1785108979,0.1647646825,41,4.71674939,11.59878404,28,11,4,1,4634,1,1,2,0
14296,22,29952,7123.326343,0.137292341,0.05919079396,22,9.785842083,6.998089104,57,11,3,8,3061,1,0,0,0
14297,49,56365,3156.798534,0.2702011889,0.1628011238,40,6.282174671,13.47555731,30,12,5,6,1548,1,0,4,1
14298,39,103298,6655.918341,0.2106970782,0.08853521644,8,9.672806202,1.049088031,16,5,6,8,4931,1,1,3,3
14299,23,86156,3737.916564,0.1145731396,0.06062805072,26,7.473375868,11.8955514,22,12,3,3,1013,1,1,4,2
14300,52,119233,9450.471256,0.2432367147,0.04191457876,16,4.667958535,1.010436218,58,10,2,3,1058,1,1,1,3
14301,39,141232,3499.327022,0.2240496421,0.1827064741,40,3.104005697,13.042444,35,19,0,1,1810,1,1,1,3
14302,18,76724,6069.880517,0.23958835,0.09111053289,45,5.188679094,3.063294551,88,10,1,4,2091,1,1,0,3
14303,37,35455,7526.442571,0.1958772351,0.1744889255,16,9.424433779,1.055091144,81,11,0,1,3177,1,1,4,1
14304,39,107746,9073.433547,0.1200174786,0.0403135479,48,2.172041603,4.977400301,58,14,8,6,4652,1,0,1,3
14305,65,67673,4435.493174,0.1110877695,0.1557287586,1,5.142852365,3.091705176,79,8,3,3,2000,1,1,4,2
14306,28,20974,3668.802571,0.1997038946,0.03090253608,14,4.121930074,9.951478881,1,13,6,8,4215,1,1,0,0
14307,30,32679,4357.278936,0.04796100231,0.01333733976,10,8.80546131,7.349253695,89,2,5,6,4248,0,0,4,3
14308,59,81791,3304.59388,0.2477751616,0.1990593685,36,8.23652295,2.381268588,97,6,0,1,872,0,0,3,1
14309,20,47429,6573.852452,0.1173972614,0.02397209332,40,5.969244673,13.7839916,11,5,1,7,1139,1,1,0,3
14310,26,38073,9333.895964,0.1928078769,0.09769268589,8,4.73561342,5.833018022,9,2,3,8,1645,1,0,4,3
14311,29,90207,1348.102964,0.1547285353,0.1768932228,13,7.157621692,4.60119902,92,9,5,5,2299,1,0,1,2
14312,40,50365,5653.128441,0.1606046827,0.1656821141,7,9.577741243,10.62179731,1,16,4,3,3890,1,1,2,2
14313,31,141608,8986.722381,0.2240217824,0.09952338546,42,1.910454464,6.205759449,15,14,2,5,2365,1,1,2,1
14314,50,75928,1091.133992,0.1917343156,0.1260612163,11,9.089446971,2.609812585,35,13,8,2,4050,1,1,0,1
14315,35,131903,4989.267567,0.08258960662,0.1296441688,6,3.648074441,8.944454057,48,10,6,3,2183,1,0,2,1
14316,66,131114,8665.772999,0.03152552011,0.03086674677,2,1.03795131,0.9402449119,35,17,5,9,1352,0,0,3,1
14317,58,94453,9014.476896,0.2536678795,0.06413177792,25,7.669016936,9.594050122,85,14,4,6,2961,1,1,0,1
14318,26,126657,5192.086395,0.2666192817,0.06718680062,2,8.095825203,13.0795358,5,18,7,4,4149,1,0,1,0
14319,40,27784,347.0236562,0.05770399455,0.0818443486,45,3.742829192,4.299246862,98,7,7,6,555,1,1,1,0
14320,27,132529,1145.827866,0.09974834941,0.06204433168,3,8.006024913,12.8586398,94,10,9,7,1661,1,0,0,1
14321,36,118962,5908.495778,0.09187929076,0.05778470768,31,8.182165567,4.053074523,1,0,9,7,450,1,1,2,1
14322,64,121201,1326.200204,0.2818600826,0.07740924742,45,7.077735159,3.43568671,98,2,9,3,4475,1,1,2,0
14323,22,140356,1579.235991,0.06938544076,0.0820530365,13,1.347764328,10.87307854,27,18,9,3,1370,1,0,1,2
14324,64,140913,7743.959268,0.05829637731,0.1025725708,2,7.006767296,1.449883014,6,10,4,2,2337,1,1,3,0
14325,69,147499,7531.85138,0.06273317943,0.04297172641,12,9.391652445,1.089207263,20,18,0,1,4343,0,0,2,1
14326,40,32291,8443.450318,0.2216620611,0.1597839661,7,6.58283689,7.111760612,61,17,2,0,175,1,0,3,2
14327,47,104462,1146.777851,0.2675257548,0.1735268631,37,4.302311163,0.9943515496,88,13,3,3,2942,1,1,2,1
14328,42,46154,2061.634323,0.1240765491,0.05715132786,1,6.071333426,7.701843914,81,13,0,4,1309,1,0,0,3
14329,45,146874,8346.318156,0.04946317227,0.03342713815,37,9.93831303,9.916706941,40,12,0,4,3107,1,1,4,2
14330,51,45650,7238.767326,0.1798593792,0.1472392764,45,5.253239221,3.809058879,42,18,3,3,2582,1,0,1,1
14331,62,131876,8078.965665,0.07088113792,0.1856065733,30,8.573956284,13.53365962,76,11,3,3,1372,1,0,0,0
14332,65,88741,9898.482182,0.02860391974,0.01667818444,38,2.246808096,3.404040044,7,18,6,1,222,0,0,2,1
14333,64,122348,8657.872901,0.2670070997,0.01274283602,26,1.508328135,3.943694887,13,10,5,7,4519,1,1,1,0
14334,42,115830,5252.586183,0.2625439701,0.04485083766,16,4.511330506,13.73937927,80,0,0,1,4784,1,1,4,2
14335,27,56201,3176.605029,0.2930139465,0.1401105722,34,2.239953231,10.46935706,76,5,0,4,1630,1,0,4,0
14336,31,59479,5739.798207,0.1474613789,0.1933083915,45,3.974747758,8.165226498,10,9,5,8,3204,1,0,2,2
14337,59,92920,6422.006847,0.09526034748,0.1525723815,23,7.438850392,5.287231434,9,8,6,4,4897,1,1,1,1
14338,63,102797,3419.590198,0.2332372862,0.1188761941,0,5.009391598,11.65165599,80,5,1,0,4248,0,1,2,0
14339,47,70243,7732.276671,0.0623435303,0.1431043846,28,3.890928281,9.030914539,28,12,2,8,4172,1,1,4,2
14340,58,88595,1018.262547,0.08055470228,0.05383267915,25,9.023535289,5.457950723,54,5,1,9,4263,1,1,0,2
14341,42,51734,7815.989222,0.0841479616,0.1408248701,43,1.084859428,12.47660828,1,19,5,8,1425,1,1,0,2
14342,31,108927,416.785335,0.2859696289,0.07107454116,34,8.326255122,12.02146822,0,16,0,0,4481,1,0,3,3
14343,52,101451,5029.864001,0.2216486465,0.05226020524,43,6.591419122,14.14244244,46,1,6,2,3861,1,0,4,2
14344,69,139950,8628.220988,0.04877148985,0.05494563972,23,1.418101394,14.92570084,90,1,9,8,3021,1,0,4,1
14345,65,125817,956.3032128,0.03692530466,0.1368796729,45,1.307387011,0.6672103771,82,9,1,1,1132,0,1,2,1
14346,51,132169,5225.615471,0.2544163075,0.1557728872,32,2.547105442,5.141754087,17,0,4,1,138,1,1,3,1
14347,27,119978,1677.975246,0.2426595537,0.120542401,25,9.796652855,3.293382644,34,1,0,6,1603,1,1,3,2
14348,52,62568,8958.675926,0.2045884276,0.02213249966,36,1.771380254,3.597292026,72,14,9,6,3451,1,0,1,1
14349,28,137514,8340.220718,0.0668691892,0.0172217734,38,7.649701817,13.03982975,61,3,9,3,567,1,1,2,2
14350,28,45793,9345.780709,0.1492822263,0.05126170151,25,4.614329413,14.63648484,24,7,6,4,229,1,1,0,2
14351,38,72204,8762.325181,0.1847905242,0.06442905346,37,3.12981088,14.13098669,85,18,4,8,3068,1,1,1,2
14352,38,66746,7391.877768,0.2803198828,0.08691577964,49,6.175040455,10.59882984,76,19,4,5,2799,1,0,3,3
14353,39,51989,1930.403036,0.05913288466,0.0244453347,37,4.313690294,8.54688108,28,16,7,1,4207,1,1,0,0
14354,62,69465,3094.775895,0.1594795741,0.1477801655,10,3.791640547,9.75102706,85,6,7,6,2614,1,0,4,1
14355,24,110841,5018.866067,0.05574797527,0.1451846502,28,3.156600449,12.90734042,79,4,7,9,2355,1,1,2,3
14356,34,81383,5930.078137,0.1387163088,0.07586874279,28,5.120356105,0.6020112648,18,0,2,4,3168,1,1,3,1
14357,19,36767,7843.615614,0.06803914264,0.1169704796,2,2.52644487,6.709703255,71,17,7,8,4958,1,0,4,3
14358,29,58652,2346.900319,0.2524940004,0.02917402943,8,8.667529143,7.84528907,75,4,4,1,2014,0,1,3,0
14359,59,103732,1369.946202,0.08387352051,0.08889154213,34,6.325684762,13.89018766,65,6,0,6,446,1,0,0,0
14360,35,104244,4877.840689,0.1309603677,0.1729373039,5,1.565933412,2.995101884,68,13,3,4,3598,1,1,1,0
14361,28,33383,1662.629968,0.1282584192,0.135518268,8,5.113392131,11.29316337,77,6,4,0,2688,1,0,0,0
14362,33,90784,6967.994343,0.2612255384,0.02974931738,7,6.666313167,13.89820331,79,16,7,0,711,1,1,2,2
14363,66,121733,5798.745812,0.2297612648,0.1710398259,26,8.754494636,11.57821275,97,12,9,0,1078,1,1,2,1
14364,68,80089,7436.96719,0.02669689181,0.1393322836,33,1.211316883,0.6491850523,9,3,1,4,884,0,0,3,1
14365,35,148524,728.0219406,0.02945536258,0.09608069588,23,5.106478849,10.06196318,71,11,5,0,2543,1,1,0,1
14366,52,46440,9650.505848,0.1698472011,0.1414972974,47,7.352567997,3.538203736,24,17,3,8,3810,1,1,1,2
14367,43,72443,100.0548131,0.1340385179,0.04283584853,4,2.765150473,9.274325126,26,11,2,8,907,0,0,2,1
14368,33,76325,3321.879909,0.08991942396,0.1145924294,9,2.99211293,8.781839964,60,3,8,7,716,0,1,1,0
14369,23,106766,6828.384454,0.2398600721,0.1274061307,19,5.407063866,14.37717335,9,15,4,4,2233,1,1,4,1
14370,61,115190,546.9065312,0.04730419985,0.1862715164,21,8.960451682,3.259180696,35,13,1,8,988,0,1,3,1
14371,60,75919,925.1608554,0.2924765047,0.02270942505,11,4.584441558,1.232366678,38,7,2,1,2513,0,1,1,3
14372,64,36611,859.1462286,0.01698972696,0.08120871571,43,5.360377831,9.363510454,6,16,8,2,1775,1,1,3,2
14373,64,83483,5856.946295,0.04428691014,0.1879947949,28,6.721824333,5.4870815,14,4,7,2,1418,1,1,4,0
14374,65,42457,8969.660619,0.1002818297,0.05127200047,30,3.797060742,11.37810973,12,1,5,3,3735,1,1,1,0
14375,59,30256,5598.826079,0.1576532376,0.1645080624,5,8.803773843,14.9016154,32,19,7,1,3343,1,1,1,0
14376,29,74856,6075.356388,0.07267948596,0.01030505164,45,9.656736007,6.319793036,98,1,0,9,4426,1,0,4,1
14377,30,126507,3525.416347,0.2235023932,0.01491797327,6,6.852766368,2.701806825,65,11,1,3,864,0,1,0,0
14378,21,60533,285.5374707,0.113687152,0.0722483482,32,6.746285684,8.534646513,10,16,5,0,2720,1,1,1,0
14379,56,119826,313.9857057,0.02117611669,0.1560157051,45,7.061957032,5.519560277,20,16,4,6,4932,1,1,1,3
14380,19,118995,8894.268668,0.2645393706,0.02978725915,14,2.745073452,12.02286277,77,7,0,4,1211,1,1,2,1
14381,43,48281,1115.467143,0.2837210452,0.08274219229,12,7.591351858,8.247952446,88,6,3,3,3134,1,0,0,3
14382,44,87275,9997.914781,0.1893834505,0.03497895206,23,4.122795986,13.66868886,22,17,7,1,4879,1,1,1,2
14383,44,21525,1727.783854,0.2438955527,0.05248277819,29,9.940173994,12.65348942,43,7,8,7,3948,1,1,4,1
14384,32,36453,6778.880995,0.04512234622,0.1055688965,32,7.769508942,13.75469297,64,14,0,2,3039,1,1,3,3
14385,25,26251,9494.659175,0.08795788172,0.07063636097,19,6.25389889,4.836288221,69,13,1,4,2531,1,0,4,2
14386,24,128744,3686.663849,0.1043171894,0.05026340274,18,9.210120628,13.59007659,35,15,2,2,1389,1,0,0,3
14387,64,39507,7370.888569,0.2886184184,0.08476442641,18,9.730361964,13.06323086,61,5,6,9,175,1,1,2,2
14388,63,99396,3573.48077,0.1585445656,0.1432004432,37,8.362670471,9.591644773,81,14,4,6,2973,1,1,2,0
14389,57,106644,3118.916462,0.01214993206,0.03268944025,23,7.809375299,13.70136992,41,3,1,3,3069,0,0,2,0
14390,29,47906,2097.860417,0.1202538886,0.1011229446,4,1.545910871,1.286437787,68,2,2,8,90,0,0,4,1
14391,30,93185,8227.255578,0.01224767425,0.06219674464,21,7.354144122,11.89162895,51,12,7,0,2965,1,0,3,3
14392,60,119591,2648.13193,0.07896366474,0.08193796597,21,4.021792487,2.609915898,0,11,3,4,2253,1,0,3,3
14393,34,33193,2903.265813,0.1418630195,0.166095484,27,9.369216049,5.443148938,29,8,9,4,4389,1,0,1,2
14394,34,116558,9989.800448,0.1037839861,0.1866486961,16,6.505868506,11.078966,0,4,8,6,876,1,1,3,1
14395,53,117192,3340.373311,0.01949292156,0.05616580197,30,4.335881138,3.540416949,47,11,5,0,400,0,1,3,0
14396,38,127071,4285.467439,0.0437373595,0.1296944818,46,4.05080324,3.85246889,13,0,7,7,3510,1,0,1,3
14397,25,101449,9901.549032,0.1697571028,0.1385686832,6,5.993482464,3.574682728,91,0,9,6,315,1,1,4,2
14398,22,84042,3756.07342,0.2117254223,0.1700723398,16,5.423481473,7.115457153,30,1,5,7,1458,1,0,4,0
14399,43,79516,3724.904872,0.1273192135,0.180818069,11,4.517875339,1.674282823,61,7,1,0,1038,1,0,0,0
14400,33,101165,8294.373216,0.2221297065,0.09891844153,6,2.876083283,13.35456811,86,11,9,2,1523,1,0,4,0
14401,53,50692,3188.110648,0.05736653767,0.1966893726,28,8.168251041,11.08100751,30,16,7,5,3210,1,1,2,2
14402,45,90490,2414.482426,0.04539680486,0.194457505,44,4.900698315,7.945897659,6,8,6,6,4608,1,0,2,2
14403,46,53512,4289.781526,0.2534415776,0.1062289145,7,1.890061997,1.721045387,19,11,3,2,1003,1,1,0,0
14404,64,30719,7036.343926,0.1083718711,0.1129861029,3,1.768632699,2.302753247,83,5,5,8,2866,1,0,3,2
14405,29,75427,528.1059473,0.1353518974,0.1368724695,39,3.143047229,1.927780615,30,2,8,4,4824,1,0,0,0
14406,54,47649,3801.768669,0.2847986647,0.0810250674,15,5.970065402,0.7138666456,8,3,0,6,3071,1,0,1,0
14407,47,32402,3527.824529,0.1329925751,0.1357883436,15,2.331804586,10.17282198,10,8,8,6,4198,1,1,0,0
14408,40,122880,2523.701638,0.0110121307,0.1077142248,21,2.935153339,7.897171446,5,12,9,4,910,1,1,0,2
14409,33,139764,6577.444625,0.2820118625,0.0167329855,10,5.515328958,6.039928862,42,1,3,3,843,1,1,2,1
14410,31,29216,2970.901796,0.01409440371,0.172018498,40,2.959843536,5.539237057,58,2,0,8,3932,0,0,1,1
14411,27,134667,6106.642434,0.2020630223,0.1886847022,10,8.722579124,7.190105642,17,14,7,3,4025,1,0,1,2
14412,24,51050,5092.93473,0.1036383638,0.01498352492,4,6.31007703,7.386931937,28,17,7,6,2418,1,0,0,3
14413,62,115808,2250.179721,0.1464133194,0.1599597456,41,1.77243864,2.516619153,0,7,8,1,2624,1,0,1,2
14414,69,70093,2739.003965,0.1687126986,0.08330451958,37,2.258972093,8.207253684,43,7,9,7,3564,1,1,1,3
14415,54,25050,1788.940528,0.1284534166,0.121270042,47,2.756566376,1.196398405,32,14,0,3,3810,1,0,4,0
14416,46,66716,660.629227,0.2345669483,0.1049990399,11,6.669049042,14.11037266,66,4,1,4,1147,1,0,1,3
14417,20,135455,6229.965785,0.2799048588,0.1147490237,39,1.950853617,10.85616208,37,7,5,4,3635,1,1,3,0
14418,32,22438,6760.60807,0.03505949511,0.1040853979,24,1.389607449,0.6371472134,40,13,4,0,429,0,1,1,1
14419,53,143713,1743.399937,0.2420733356,0.1721413206,44,7.556143448,4.688058942,15,6,2,3,1034,1,1,2,0
14420,64,128686,6192.384608,0.04731463086,0.1398662701,12,5.303140068,14.74946294,37,13,2,6,4681,1,0,4,3
14421,63,67431,9822.638927,0.03328038314,0.08840107855,47,8.639138027,1.202623899,62,7,8,3,967,1,1,2,1
14422,69,132373,836.5807399,0.2871911213,0.1408280304,25,8.135720325,2.627518474,98,16,0,1,2703,1,0,2,1
14423,36,127123,4954.671638,0.1518963566,0.1933590856,10,3.461569348,7.418164748,89,6,3,4,4692,1,1,3,2
14424,30,36760,7357.078315,0.05425495439,0.02525856979,39,2.73033345,5.625015499,99,17,6,6,3903,1,1,4,3
14425,59,97614,555.4910585,0.1752875628,0.0837370946,22,5.646785702,14.78585222,84,12,4,3,1796,1,1,0,3
14426,38,36473,7804.907591,0.08633877024,0.1753862661,12,1.720937156,8.324083309,99,11,8,5,3020,1,0,1,2
14427,54,63815,9797.161247,0.1446496149,0.1504204711,32,6.695755792,14.14734464,82,14,9,3,2188,1,1,3,2
14428,44,82460,976.029849,0.1911512822,0.187636489,27,1.10961471,5.963899815,8,12,7,2,260,1,0,3,1
14429,69,29257,8240.076064,0.2620882504,0.01756387865,3,8.227946976,4.445328701,26,15,0,9,992,1,1,0,2
14430,46,107986,3847.957291,0.0108936055,0.1739273658,27,9.016274985,4.682096559,30,14,7,0,2831,1,1,3,1
14431,37,45634,1526.750404,0.07210079167,0.1604417663,33,9.965803552,9.730681856,14,5,9,7,4371,1,1,0,3
14432,42,80403,4982.612771,0.03791845745,0.1648574131,9,4.096965805,9.258203285,95,7,9,5,425,1,1,0,2
14433,23,66573,808.0354842,0.03815833345,0.1234799183,48,6.057336439,8.527216706,28,13,4,9,4069,1,1,0,3
14434,53,48648,5268.803941,0.2842754498,0.01986423667,7,8.766651901,3.241519115,8,14,5,2,1819,1,0,3,1
14435,19,112712,291.6322012,0.281464051,0.1124346865,8,5.15925104,4.319965181,43,5,0,0,4303,0,1,0,0
14436,39,68980,7313.253273,0.2272993431,0.08747271603,17,3.963328365,4.692191588,80,6,4,3,3444,1,1,3,0
14437,49,147099,4930.89989,0.1964882823,0.110137933,1,1.439426199,13.06040101,59,18,3,3,3850,1,1,4,3
14438,33,30296,4643.502643,0.2559114294,0.150656235,17,4.546660734,12.35133388,77,1,8,7,4812,1,1,0,1
14439,35,80197,2042.295788,0.02693853405,0.1232325206,39,1.710021972,3.472886427,38,3,3,5,4556,0,1,3,1
14440,22,41959,3676.505242,0.04465088,0.06558694907,1,4.266964466,2.623175892,50,19,5,2,1470,1,0,3,0
14441,53,34570,1900.507381,0.1019627478,0.1239063952,21,4.087288057,1.98103122,39,11,9,4,1153,1,1,3,1
14442,47,55423,7380.361995,0.2514227902,0.02579630419,15,6.824626764,1.480750607,62,12,2,5,3431,1,0,1,1
14443,62,100263,2070.350464,0.1469474374,0.01101953833,36,4.29469004,14.77699293,5,11,8,4,1881,1,1,1,3
14444,36,37899,6205.857938,0.1560366814,0.08629032519,31,4.457535963,12.26375854,37,12,7,1,1661,1,1,0,0
14445,40,55785,2868.114261,0.0764869746,0.1538654086,9,3.577155978,0.7454570365,31,14,8,5,4999,1,0,4,1
14446,51,132446,6604.12374,0.1980323695,0.1663005039,40,6.471832941,0.5960704892,5,14,9,7,2032,1,1,0,3
14447,30,82806,5450.504093,0.2674742247,0.1144694695,33,4.504151202,10.50383499,53,13,5,7,1896,1,1,2,2
14448,60,76963,4292.042453,0.1055591238,0.1749213084,47,9.537292243,5.013458331,50,2,7,5,640,1,1,2,0
14449,46,125647,6762.708251,0.1895639225,0.03392382161,15,9.027742876,1.934806902,95,7,0,2,3943,1,0,4,3
14450,53,97875,4215.648509,0.1062651996,0.1931801125,48,3.132252655,7.228234387,97,11,0,7,961,1,0,4,2
14451,39,54341,8231.568965,0.2398885424,0.1851344639,33,4.63575037,0.773150084,33,17,9,0,4787,1,1,4,1
14452,69,25597,7323.024737,0.1477383237,0.1238550776,36,6.711243067,6.660766654,75,19,3,6,1020,1,0,1,1
14453,69,112648,5452.326046,0.1084460164,0.02115720357,39,1.146804674,3.94487872,8,0,0,7,872,0,1,1,2
14454,64,122230,8782.900758,0.1318141677,0.09629854393,33,3.046707018,4.340712445,4,6,6,4,3632,1,1,2,3
14455,53,30244,8305.732033,0.0364559812,0.04406186261,43,3.565268175,4.650349939,80,13,3,3,4310,1,0,4,1
14456,26,23796,5365.210007,0.2611739745,0.129400801,12,4.621572691,4.961697458,91,18,0,4,1401,1,1,3,1
14457,56,127127,777.6321676,0.287840026,0.04609338699,47,9.003810423,0.7906138967,60,18,0,0,2055,0,1,2,3
14458,68,95589,5703.363887,0.1484501121,0.1015415555,36,1.866943308,8.767975013,85,11,5,5,611,1,1,4,3
14459,36,48528,3617.044197,0.07418779034,0.0490691161,11,1.592497588,8.444405703,5,6,5,9,3312,1,0,3,2
14460,55,135920,5447.118134,0.2027502977,0.04455057476,14,6.979764271,9.936703391,49,7,5,4,1138,1,1,4,1
14461,23,38648,6506.591559,0.1411906291,0.05710547943,29,4.280447647,2.818779145,31,10,8,4,1380,1,0,0,3
14462,69,103967,6483.901891,0.08316702344,0.01554732655,30,2.599485247,14.92485423,18,7,6,4,1035,1,1,3,0
14463,64,20535,6767.888031,0.02114561161,0.1460618362,28,7.316252395,2.469444227,57,15,6,8,2611,1,0,0,2
14464,32,68469,6824.759388,0.268014291,0.06827801151,33,3.186464844,12.26755854,47,8,0,8,951,1,1,1,2
14465,37,126188,1181.886045,0.2410529621,0.1426405302,31,6.090757988,3.695225511,16,8,7,7,985,1,1,2,2
14466,26,84912,1997.952072,0.2504117567,0.1341608615,43,4.678808327,6.866030894,59,3,5,9,2105,1,1,4,2
14467,49,64493,6342.355945,0.137553522,0.02256140514,22,4.250945194,5.200933504,9,10,4,8,177,1,1,2,0
14468,21,92417,4140.906648,0.2284440637,0.06928660404,9,7.490275056,4.961787868,78,9,5,4,1243,1,0,4,2
14469,67,65785,7652.231289,0.1785553265,0.1177035013,7,6.520680661,7.554428477,49,8,8,1,4777,1,1,0,2
14470,35,142066,1336.601894,0.118684836,0.1844962269,20,5.624577501,3.974605683,37,4,3,1,1277,1,0,3,3
14471,22,105017,1996.077645,0.2543952056,0.08625074499,10,2.152762861,8.429413577,84,2,6,9,224,0,0,3,1
14472,37,127771,5628.79996,0.2996396889,0.1059103936,11,6.270765264,4.134891803,39,12,2,7,2509,1,0,4,2
14473,40,149026,5057.405391,0.2707918691,0.1525301727,48,7.234767658,14.60730179,2,15,1,2,3392,1,1,0,3
14474,28,121377,2737.331824,0.2350956718,0.16262614,38,8.333194708,3.971450875,93,8,2,0,4672,1,1,4,3
14475,54,134267,4142.598111,0.2267773119,0.1854346957,46,3.694645675,11.58702173,78,7,6,1,4442,1,1,4,1
14476,39,86561,446.3146528,0.1985721645,0.1044659931,18,3.378800512,7.310899213,90,5,5,5,3271,1,1,4,3
14477,21,50869,466.6772691,0.2575490741,0.04682920661,33,7.73895299,1.049824608,30,1,2,6,3529,0,1,3,3
14478,46,85094,1039.777328,0.1529935619,0.1552400337,37,5.207083163,2.714199995,15,5,3,9,1299,1,1,4,2
14479,61,120355,5810.245287,0.06270155796,0.03385930028,33,4.652698268,13.9641365,27,18,0,5,3262,1,0,3,2
14480,51,50192,8650.792505,0.23273442,0.08948503931,45,2.445587627,12.39413373,44,17,6,0,2880,1,1,1,3
14481,30,89157,2676.210564,0.2766568485,0.1293604795,25,4.907389193,2.590155332,36,5,4,0,3677,1,0,0,0
14482,59,116102,436.0043143,0.1089921647,0.1414526754,39,7.535144616,1.240240616,42,6,0,5,88,1,0,1,1
14483,26,106483,7115.40831,0.2370651564,0.1492752663,15,5.054973245,2.714287417,72,19,3,6,3161,1,1,4,3
14484,59,99941,8567.987166,0.08937958389,0.04677115439,18,8.854573417,8.966970165,72,1,3,0,63,0,1,3,3
14485,48,77544,1467.910574,0.2833540793,0.1965133483,49,1.037882189,9.686734336,75,3,6,7,774,1,1,0,0
14486,24,24403,3918.90219,0.2082036877,0.04389952956,28,2.619698163,5.994254903,27,15,5,4,2633,1,0,2,1
14487,21,56091,1671.494722,0.1750900363,0.028253947,44,6.531549171,4.572876733,70,2,9,2,4293,1,0,0,3
14488,36,72510,1152.938563,0.2361623458,0.1361695764,37,7.047835566,3.500197073,59,6,9,5,643,1,1,0,3
14489,59,108061,6516.868531,0.2458370395,0.1829,35,3.481314076,6.863645813,63,2,3,4,4647,1,1,4,2
14490,47,25017,9678.611114,0.2687872705,0.1162829061,20,9.477022688,0.8271347876,59,6,4,9,1801,1,0,1,3
14491,48,59203,6813.839694,0.2713246645,0.1231416626,9,3.97578831,0.6262398926,98,10,1,5,380,1,1,1,0
14492,52,76473,9849.665162,0.02528033941,0.1123121021,46,4.700711799,12.06762517,35,15,6,0,2102,1,0,2,3
14493,38,72123,4400.513233,0.04564320632,0.01812215688,22,9.787405472,8.190198017,46,15,8,5,1989,1,0,4,1
14494,48,68260,8988.910909,0.2495576547,0.1394491988,43,5.312713411,11.82756989,37,13,8,0,4380,1,0,0,1
14495,36,65938,2130.333824,0.2843549795,0.0780578329,43,6.515802545,2.151935285,64,15,6,4,1970,1,1,1,0
14496,48,77929,1267.253233,0.09922483596,0.1877780211,6,5.861605817,12.32231652,33,19,6,4,406,1,1,1,3
14497,49,105265,7054.948504,0.01249452735,0.04549010903,37,2.597545838,13.87970241,21,6,7,5,2782,1,0,3,3
14498,19,113966,3776.942476,0.1035845048,0.06740199853,4,9.923510689,8.233916454,93,1,4,9,2787,1,1,0,3
14499,69,124120,3245.107267,0.1210305994,0.1059224023,18,1.531658023,2.028837116,83,8,0,9,452,0,1,4,3
14500,27,57372,6745.677722,0.2306996758,0.1006974583,45,9.851460532,2.287118437,50,4,9,7,4337,1,1,1,3
14501,19,121728,3401.492014,0.02379955303,0.08605790092,32,5.211961342,3.315646128,71,9,9,6,4933,1,1,4,1
14502,19,73252,5768.325905,0.07166566847,0.06973655816,23,2.706457672,3.186263233,44,10,9,6,3995,1,0,0,2
14503,41,34628,3064.605552,0.26925089,0.03796509995,42,2.50237715,14.20061659,70,17,2,7,715,0,1,0,1
14504,34,143239,7859.200123,0.05489791874,0.1659751558,22,6.90022141,12.10427251,1,9,2,6,2208,1,1,1,2
14505,49,130165,3192.644571,0.2301818191,0.09526625958,21,7.397270957,5.113056454,57,13,2,4,2719,1,0,2,1
14506,33,32501,5396.442031,0.1147800205,0.1188617462,35,9.088250542,12.34036364,93,8,4,8,1571,1,1,4,0
14507,33,138165,329.4432286,0.2021714623,0.1138450441,45,3.128672017,11.6959595,11,1,6,3,448,1,1,4,3
14508,63,50131,7938.134755,0.03141548596,0.1193428999,20,4.898902857,5.651340933,99,8,8,3,3723,1,1,3,2
14509,56,109102,6241.343971,0.09310180407,0.1439196707,17,9.740726821,0.9347827395,26,16,3,9,1973,1,1,0,1
14510,48,109360,2003.146963,0.1331890239,0.1295823891,37,4.852023681,0.6268027527,97,4,7,8,498,1,0,0,2
14511,60,139346,2232.196423,0.2585916616,0.06204155431,26,5.136232271,5.221538615,37,13,9,6,482,1,1,1,3
14512,41,88348,2698.679893,0.1734137987,0.1152048859,36,3.596776366,1.158233224,74,17,5,0,3323,1,0,1,0
14513,18,118348,5807.648035,0.02311533499,0.05645745205,48,8.838560154,2.255878112,19,18,2,2,3131,1,0,1,3
14514,28,112862,5528.331698,0.2425413063,0.1218789274,24,4.290596953,4.189372954,93,8,9,5,3760,1,1,3,1
14515,38,135321,2811.250824,0.0258112318,0.09206757784,38,6.719867289,3.095812354,42,2,4,5,1559,1,1,2,1
14516,21,148411,6971.216691,0.2809663036,0.01748949188,29,2.643393999,2.599200174,31,16,7,0,834,1,1,1,2
14517,24,29402,8901.507543,0.07139805935,0.1494572806,42,6.5416842,4.301074796,89,3,0,8,3023,1,0,1,0
14518,43,111861,530.8032288,0.151498582,0.06218661937,13,9.405685855,11.1849369,22,6,2,9,919,1,1,1,0
14519,64,75956,4230.246714,0.03096148094,0.1848369275,33,7.991483578,6.944319312,40,2,7,6,4169,1,1,3,1
14520,67,146121,5975.849174,0.172896592,0.06330587592,31,1.60923141,10.11641185,87,8,6,9,1809,1,1,4,2
14521,29,71920,5905.708515,0.1541963232,0.1993583212,30,6.705673503,13.96703671,1,13,0,5,4491,1,1,2,3
14522,48,127089,293.3999352,0.1289720751,0.09796072188,48,6.028058848,0.5196408518,61,11,3,3,3922,1,1,4,3
14523,34,46000,2184.604052,0.02031614594,0.01501739072,1,4.047171041,14.29312171,95,5,4,0,2356,0,1,0,1
14524,50,109795,712.124141,0.2648915498,0.02449110655,46,8.584322768,4.547526414,52,9,4,8,2578,1,0,0,1
14525,28,132885,5732.754218,0.2427646137,0.02559672299,38,8.125369387,4.66886373,56,13,4,4,3642,1,0,1,3
14526,45,87462,6489.359888,0.1935787059,0.02068073999,34,6.837454889,9.626431521,47,17,3,8,321,1,1,4,3
14527,49,86392,1681.447418,0.175946695,0.06087998594,22,7.697635898,5.73239309,78,2,8,6,1530,1,1,3,3
14528,18,25988,3396.810081,0.2115344651,0.07167187754,5,2.73846195,1.666641566,5,15,0,3,3726,1,0,2,2
14529,64,94279,3365.057059,0.05175710462,0.03114431418,20,9.283288943,10.81598979,15,10,6,1,2998,1,1,4,0
14530,45,76999,8216.043083,0.2804668314,0.09324498211,25,7.012290076,3.15622929,10,12,0,7,1283,1,1,4,1
14531,59,89674,2027.128105,0.09255525454,0.07941665612,29,5.210356025,13.97589213,45,8,2,8,2643,1,1,2,1
14532,24,129384,5528.309801,0.200382179,0.1309015592,40,2.737974406,14.82402362,72,13,9,0,2019,1,0,4,2
14533,19,101618,7851.061574,0.1859591475,0.04721426631,41,7.144870242,3.127742336,56,14,4,6,3391,1,1,4,3
14534,59,73426,8312.82411,0.1946180541,0.1836572431,29,1.870453067,11.42844959,66,18,7,3,1668,1,1,2,2
14535,41,78824,6699.004333,0.2648961157,0.108038248,7,3.877729316,14.88144069,6,1,6,7,381,1,0,3,3
14536,21,133174,3065.324747,0.09581424993,0.1285092775,38,6.164034323,14.35195826,51,12,6,0,2777,1,0,2,1
14537,61,118910,8248.161091,0.2271949746,0.0175088643,32,6.814856399,8.691264949,51,17,4,1,280,1,1,1,0
14538,36,94399,7447.443668,0.1835334085,0.1162268528,9,1.155971616,5.024396844,29,1,9,9,4384,1,1,1,2
14539,43,80659,7074.244425,0.03205749598,0.07993903886,17,1.079289883,0.669123358,54,2,6,9,4775,1,1,1,3
14540,28,57790,766.620449,0.1301048575,0.1855926893,47,2.003154103,13.52441685,21,13,9,6,1056,1,1,1,1
14541,57,134704,528.3223185,0.2530059562,0.17827223,35,7.914961221,1.016123858,3,0,2,5,3165,1,0,0,0
14542,67,115343,6984.116447,0.1014507428,0.131153253,40,6.103922633,8.858121007,4,11,3,0,1834,1,1,3,2
14543,60,42118,9453.468532,0.1498565262,0.1558917567,49,6.47572481,3.199166875,21,4,3,5,4411,1,0,0,2
14544,28,72025,7759.866888,0.1517051848,0.1324726999,10,6.430862149,4.008755531,67,18,1,6,1048,1,0,4,1
14545,62,142453,8331.608108,0.1892228614,0.01322394121,43,1.331355449,0.8385985367,3,19,4,6,3045,1,0,4,2
14546,20,79938,5495.32458,0.2663651793,0.1435940435,7,2.550515315,1.035141421,42,8,8,7,4144,1,0,2,1
14547,29,25149,3115.402826,0.06032636765,0.04364724513,0,7.550796952,5.577982661,14,6,1,5,4800,1,1,1,2
14548,20,58079,6809.595278,0.156338896,0.1396884814,7,6.811462671,13.2246202,15,2,0,1,2853,1,1,2,0
14549,59,22484,7148.511667,0.1330375052,0.011996289,4,5.007611277,8.704583031,83,6,9,6,4998,1,1,4,0
14550,44,75474,6786.04392,0.09581682613,0.06907229359,0,1.183595869,8.30544411,57,14,7,0,3854,1,1,1,2
14551,66,110727,9472.419662,0.2766863713,0.108216316,2,4.751599937,9.494382509,73,10,4,0,4134,1,1,3,1
14552,19,133316,3735.072429,0.0123696168,0.07330241407,26,3.231587555,8.262338332,32,9,3,5,4511,1,1,4,3
14553,66,68601,492.6096357,0.04541038986,0.1418575779,44,7.275423181,4.911546029,94,0,2,5,2119,1,1,2,2
14554,33,141465,9093.599092,0.2226698905,0.1093148124,47,8.422092277,13.25957005,64,8,6,0,1116,1,1,2,3
14555,19,137893,1688.941277,0.08639806536,0.1923368024,22,5.534259195,7.396248078,24,2,6,7,833,1,0,4,1
14556,47,63809,7003.45156,0.2197219857,0.07798436047,43,4.631730342,11.41345019,36,5,8,8,4530,1,0,0,3
14557,37,40791,8744.723954,0.2513535471,0.147153273,38,3.457381425,13.72466336,17,17,3,7,3790,1,0,3,2
14558,55,89343,3170.39984,0.08383864488,0.1688099162,39,1.833496809,0.5540459917,24,3,2,0,2525,0,1,4,0
14559,45,46648,8321.110884,0.06566384348,0.05818737955,10,4.345734859,7.432995109,14,18,5,7,2160,1,1,4,1
14560,42,51090,3387.37545,0.05213718348,0.1532849804,44,7.102288168,9.266927659,67,5,5,4,3077,1,0,2,0
14561,49,110636,7963.15349,0.06802569716,0.08472966,10,6.994698663,7.784698651,34,0,4,5,3667,1,0,1,0
14562,27,116485,791.3156434,0.08748376284,0.03445815881,35,4.714997648,13.58502815,67,3,1,2,1626,0,0,1,0
14563,59,121477,6586.905687,0.2619374468,0.01069294471,37,9.69380543,14.13069757,41,0,1,6,1577,1,1,1,2
14564,57,37857,6803.666998,0.2333012798,0.151313935,30,9.460672903,2.447198344,83,16,4,8,4356,1,0,2,1
14565,50,145305,4965.115718,0.01053485191,0.04538637499,23,8.880856951,4.885695974,11,3,2,2,226,0,0,1,3
14566,30,82327,6902.199552,0.2634945512,0.0197267905,18,4.922183831,4.326255731,93,6,2,2,2210,1,0,4,0
14567,58,132516,9239.518338,0.03285556691,0.1044697266,31,7.718789088,7.703138018,21,7,9,7,3900,1,1,0,3
14568,59,113386,7365.162767,0.2000270291,0.07587262658,39,9.360998347,6.040523298,35,2,7,0,886,1,1,0,1
14569,64,138026,9616.830687,0.05392768278,0.1414432739,37,7.638732781,5.708634733,33,11,0,0,1171,1,1,0,1
14570,54,62967,4541.261907,0.02805998505,0.03039921612,16,3.841845611,8.24156057,90,18,4,1,3423,1,0,1,3
14571,33,73709,5330.078244,0.2303335023,0.03520410223,49,1.61207193,7.605963617,24,9,4,9,1305,1,1,0,3
14572,62,87948,2711.013103,0.145488903,0.08678046458,34,9.622111943,7.247942336,38,19,8,0,442,1,0,1,0
14573,39,68861,9857.456511,0.1837281289,0.1088775526,11,9.931835581,2.141602512,75,5,0,5,3864,1,0,4,3
14574,37,136839,645.8536781,0.1333523755,0.1665968446,14,7.242769594,8.319360096,58,17,0,9,2692,1,1,4,3
14575,67,88718,3650.342134,0.02947984013,0.1212687863,38,3.838176902,1.354928941,75,5,2,8,2201,1,0,2,2
14576,60,143307,3047.201931,0.2244892682,0.1814935146,12,8.785258478,9.437065707,84,17,5,7,4643,1,1,2,0
14577,44,142850,3926.46596,0.2479018251,0.05137588887,29,9.581090022,9.53984699,49,4,8,2,4327,1,0,3,0
14578,58,40948,9185.406819,0.0220119575,0.123281708,41,5.557986219,4.278563917,60,10,9,0,2055,1,0,4,1
14579,33,53782,3743.574953,0.1189579871,0.1344952979,18,3.804843459,2.462035874,32,6,6,5,2453,1,1,1,3
14580,51,70756,9178.068862,0.1716217958,0.1479029598,8,4.657237696,12.07498288,6,8,9,6,775,1,1,3,2
14581,49,102789,4291.05473,0.1855031926,0.1978436327,27,1.664632658,11.6705506,18,2,8,1,665,0,1,4,1
14582,43,125217,8562.210815,0.1776643529,0.09892642626,43,6.091012391,14.21710737,87,18,1,8,1322,1,1,1,2
14583,42,121031,5265.325975,0.2109527896,0.08017072017,42,4.409681415,6.971485456,19,11,4,3,2283,1,1,4,0
14584,19,88388,3182.39315,0.2903766987,0.1719192683,24,8.960865765,5.075498118,4,17,0,9,1910,1,1,4,3
14585,29,127381,4548.56301,0.1232700911,0.04359027197,39,3.479971064,4.887816095,93,14,7,6,2930,1,1,1,2
14586,57,104528,4301.372682,0.1714208344,0.01703533848,40,1.075333002,3.112658483,6,19,2,1,3585,0,0,4,1
14587,26,86809,2673.149215,0.2127328025,0.09428192017,3,7.634463162,5.571125326,19,4,6,1,2603,1,0,4,0
14588,29,27649,2967.423427,0.1818029084,0.05696911236,36,1.066675161,2.353063623,46,7,0,5,2542,1,1,4,2
14589,43,49002,1945.893821,0.1221577987,0.08533982624,6,5.913739942,13.14452304,80,11,5,1,3778,1,0,2,2
14590,26,54723,3426.405516,0.1909829935,0.1973558292,40,2.631330604,5.529771338,97,16,8,2,3830,1,0,0,1
14591,27,94314,6281.617452,0.1985323438,0.07621276374,3,6.494312494,8.435551033,6,18,4,8,1320,1,0,4,2
14592,49,110312,3926.92587,0.1796408578,0.1445134846,22,2.780958448,1.465461509,74,13,6,6,2866,1,0,1,0
14593,51,90085,7151.999788,0.06948209162,0.05757638185,43,5.516894041,4.570645218,81,15,6,9,3079,1,0,4,2
14594,65,101399,9871.08388,0.1567345939,0.06765035932,43,4.01561983,3.741352287,93,14,7,4,2726,1,0,2,3
14595,37,31809,3833.300687,0.2664634748,0.05619948676,5,2.642994085,13.36096247,83,3,4,7,4030,1,0,2,3
14596,56,78169,4680.128219,0.2618945446,0.1187105653,44,6.458342806,3.110219065,63,17,3,3,2893,1,0,4,1
14597,19,28302,1724.690554,0.2277284982,0.05296063138,8,1.739967764,12.03514344,65,7,0,6,1926,1,1,3,3
14598,18,28100,3982.931329,0.2121866992,0.1464891795,8,9.47022615,4.598693865,6,4,7,6,53,0,0,0,3
14599,68,88447,7295.641263,0.05445094995,0.1392520977,20,8.003166065,3.561873361,90,16,5,8,2605,1,1,1,2
14600,53,97627,2252.307517,0.1432447527,0.09004123844,2,9.242808622,0.6400699955,14,7,0,6,3423,1,1,1,0
14601,41,94635,1902.335082,0.04217587983,0.014859634,12,1.382205307,4.727647691,82,12,4,9,3662,0,1,1,0
14602,44,75020,3826.111249,0.2470124904,0.01430371512,37,1.019257353,1.519179825,33,8,9,1,2719,1,1,1,2
14603,19,25663,8204.629909,0.09440252987,0.1112332953,17,4.221355097,5.750910209,65,13,1,2,4655,1,0,2,3
14604,48,115440,6274.206178,0.2323911006,0.1694477774,45,6.550124846,1.267110071,27,16,5,8,777,1,0,0,2
14605,31,113827,9580.035838,0.2462278785,0.1237859976,30,3.199559991,1.431282339,65,5,0,3,3852,1,1,4,3
14606,19,64649,9054.950306,0.2688238682,0.0927735877,28,5.943932005,5.64089472,10,6,3,9,4987,1,0,4,3
14607,46,67136,1596.258249,0.2286107228,0.1776025784,1,6.454014659,6.996021977,69,0,2,3,9,0,1,3,3
14608,32,135242,521.2724686,0.1737714101,0.04742913532,30,2.364642953,5.319980278,55,3,5,9,4237,1,1,4,0
14609,29,144783,4051.037869,0.1834736253,0.07829064157,37,7.919851741,0.8435741078,22,19,6,8,3276,1,0,0,1
14610,54,126602,5268.58684,0.1029688603,0.1174087959,6,9.427232307,3.082357182,9,10,4,5,4371,1,1,4,0
14611,45,56104,5204.149091,0.0613288955,0.06541719914,39,6.761149599,14.11622241,96,9,7,8,1431,1,1,2,3
14612,37,59137,1427.661951,0.0478844994,0.1995653716,9,9.530639028,8.7901413,82,12,2,8,989,1,0,4,2
14613,56,22534,1335.692578,0.06278682112,0.09594097422,12,3.215204139,12.88277796,74,19,2,2,2221,1,0,1,2
14614,41,87762,563.9214822,0.2808460473,0.01982722243,0,1.328630868,1.244277977,23,12,1,5,2709,0,1,1,3
14615,38,72445,8523.513268,0.05768564372,0.04345584956,36,3.226920312,0.6098016641,59,5,8,5,2092,1,1,1,1
14616,27,29585,9482.666967,0.219883859,0.111171365,24,6.833001207,11.83539378,91,17,3,3,1245,1,0,1,0
14617,63,112796,1245.2817,0.06354227756,0.1145106779,29,6.378714288,6.074955938,11,11,1,0,1787,1,0,2,0
14618,31,112947,2209.911449,0.2928340334,0.1969874108,1,3.40665109,5.852580532,91,1,6,2,136,1,1,2,3
14619,54,118470,989.6425589,0.1163095153,0.1239936195,35,4.672425652,3.954169613,4,5,7,6,17,1,1,2,3
14620,35,96438,8787.271494,0.1295195644,0.1366591909,23,4.308717034,2.827889839,18,6,2,6,1163,1,1,4,1
14621,41,56392,9591.216462,0.1273083578,0.05060732629,11,9.553831732,12.51260122,71,2,8,6,4170,1,1,1,0
14622,31,104267,2691.78611,0.2467731634,0.03030432751,4,3.829042551,1.39039781,36,10,3,9,768,0,0,3,1
14623,51,103324,3105.479916,0.07330425218,0.1243819015,14,2.738015784,7.726154177,27,8,6,8,3332,1,1,3,0
14624,29,140866,3690.429876,0.2509971734,0.1743271956,41,6.090513823,5.726276495,43,13,8,9,1478,1,1,1,1
14625,39,51126,5074.391218,0.2005470678,0.1216008608,48,2.123414665,4.493555364,42,10,6,0,3127,1,1,0,1
14626,23,62485,6856.363689,0.07388124866,0.09412881146,45,5.570828987,11.53077839,68,5,4,1,2257,1,0,4,1
14627,53,130905,5093.466774,0.02896818829,0.1198592619,6,7.18250206,13.24481517,71,18,9,2,1340,1,0,3,2
14628,62,131407,9514.915659,0.234747837,0.09906659991,1,9.489367796,3.327343498,87,14,0,1,3858,1,1,2,2
14629,53,65798,1088.945239,0.07349928329,0.03695749944,2,9.030319268,1.616639434,19,13,1,1,4517,0,0,0,2
14630,39,88310,8006.194572,0.2678293806,0.1508250408,3,8.570943175,5.938267361,98,11,6,2,1411,1,1,2,0
14631,31,29017,3411.382599,0.04763773044,0.1112772511,47,4.544854986,6.881912176,5,12,4,6,808,1,0,0,1
14632,33,45700,3837.722112,0.1887457238,0.08587134645,15,9.045768998,1.270443827,68,4,8,4,2820,1,0,0,3
14633,53,110680,7117.411493,0.2107288342,0.1163313154,26,7.449750071,7.315512727,73,11,2,8,1448,1,0,4,3
14634,42,115446,9300.833388,0.2007337002,0.05583312135,21,4.973743424,14.29161074,91,16,8,7,3440,1,1,2,0
14635,49,128454,7190.387708,0.1016486462,0.09131196594,2,6.076705703,6.091630591,11,18,9,1,3580,1,1,2,0
14636,50,56507,7781.019696,0.2639018217,0.1282645882,48,4.924997777,13.55014865,14,2,5,4,2243,1,1,3,3
14637,62,67679,7532.714497,0.2332435419,0.052976779,16,2.771089158,12.80434452,66,17,9,0,3780,1,1,1,1
14638,53,112221,3277.688199,0.1579598391,0.1523090661,21,5.065186772,6.830305887,86,17,9,2,4264,1,0,1,2
14639,37,109938,7593.611289,0.1849549781,0.1089920733,6,8.266687113,10.74443317,62,8,2,4,1252,1,0,3,0
14640,35,57232,7866.755526,0.1742476558,0.173724275,29,3.399292512,3.531355811,35,2,0,8,1204,1,1,0,0
14641,55,115599,5380.663174,0.2845425874,0.1709749498,7,6.763064446,2.459111439,6,10,9,8,400,1,1,3,0
14642,20,109661,5413.886763,0.2699598387,0.1039582383,18,5.979458879,0.5307013974,0,19,8,2,3599,1,1,3,3
14643,40,130685,7621.23595,0.0782942127,0.04713846602,6,9.280980061,1.563212979,71,15,2,5,4974,1,1,2,2
14644,49,44020,8188.605536,0.08620033554,0.1499619395,0,7.715526533,9.610720298,90,14,1,9,3641,1,0,3,1
14645,62,117239,3438.234876,0.2946170409,0.08954884578,15,4.252522763,13.33840321,48,5,0,9,2714,1,0,0,1
14646,33,77172,8035.465954,0.07860260357,0.1229792219,49,6.055537604,14.67867637,21,8,3,5,4480,1,1,1,3
14647,22,117305,8160.669166,0.2865090041,0.03038040513,39,9.200908008,7.49580413,51,0,6,8,3958,1,0,4,0
14648,21,33746,2417.843845,0.1984285745,0.130000958,30,3.038325282,2.537149585,94,13,2,5,3106,1,0,3,3
14649,38,141976,7197.812379,0.02453173732,0.0809745929,38,5.270349863,0.5021161212,42,18,9,2,1700,1,1,3,3
14650,57,83537,1946.685826,0.1073608878,0.07349605245,26,2.995125604,14.78088815,38,2,5,6,559,1,0,2,1
14651,68,24094,1021.186219,0.1480846809,0.19618396,9,4.765819875,12.35854571,74,8,2,0,2993,1,1,2,2
14652,31,88466,5787.975819,0.2515969385,0.09216182212,33,1.524009091,8.093216886,42,8,8,2,4221,1,0,3,1
14653,56,119067,9095.656768,0.1052897698,0.1388272918,46,8.883734008,4.06116893,53,4,6,2,2045,1,1,3,3
14654,48,50755,451.0443329,0.1000677105,0.1292682318,13,9.804211763,8.006876959,20,5,5,0,2752,1,1,0,3
14655,31,115641,8282.366212,0.2768763451,0.02981767467,1,6.110275945,12.65892682,14,11,3,0,154,1,1,1,0
14656,23,31552,5114.064986,0.03291996017,0.152106232,38,5.98666549,8.561809542,91,6,3,7,1655,1,1,1,0
14657,29,121754,8622.864942,0.1699411523,0.07140024865,21,9.602410513,14.93489426,37,6,3,7,1751,1,0,4,3
14658,33,79491,8450.421658,0.1562293883,0.1617985143,25,4.539175176,2.047522208,22,19,4,8,2855,1,1,1,1
14659,34,39779,8765.339368,0.02662708046,0.1254517487,43,6.589817228,14.74665251,90,9,0,9,2884,1,1,4,0
14660,62,49000,7711.852153,0.03545017395,0.07024738309,4,8.535350022,8.977359839,82,15,6,5,3512,1,1,2,2
14661,40,105639,8445.62431,0.1207705556,0.07769566246,37,5.551697219,8.735247895,79,16,8,7,424,1,0,4,2
14662,31,73953,1842.649551,0.04890675361,0.1489864002,15,2.993482933,5.707650678,75,12,5,3,1489,1,0,4,3
14663,24,77564,3108.146174,0.1486408523,0.1145112699,11,8.314313671,1.093120495,50,4,1,4,618,1,0,1,2
14664,63,34102,2500.613091,0.1865777768,0.1369866977,40,3.440219016,11.52644005,22,13,6,7,1518,1,1,3,2
14665,49,21861,7450.040207,0.2105050385,0.040080481,43,8.593983274,4.500063858,50,8,2,1,172,0,0,2,0
14666,32,63574,1621.066882,0.1684763191,0.1595255677,41,9.501517515,5.575576588,70,13,5,9,4074,1,1,0,0
14667,61,52682,1904.055125,0.1201014046,0.07087435059,16,5.914447128,8.238727005,45,7,8,3,3544,1,1,4,1
14668,34,98819,8801.750735,0.04763000172,0.1277736408,24,1.443678361,1.325951085,93,19,9,0,1344,1,1,4,0
14669,58,111133,7088.23371,0.08177077029,0.0317891668,23,9.600560326,0.6564629416,60,9,7,7,4617,1,1,4,1
14670,64,134797,8766.261781,0.1316322863,0.07106984582,10,8.481918768,2.021626589,15,8,5,1,4063,1,0,3,0
14671,61,97972,1479.617057,0.2779932002,0.1332847857,17,2.056233714,11.16256733,59,6,9,1,4563,1,1,0,3
14672,51,141237,4049.906005,0.06875416855,0.06209916514,35,6.664488692,3.262857234,31,9,4,4,1499,1,1,1,1
14673,22,113960,2903.196584,0.129869827,0.1772593174,2,3.840509805,7.95698318,40,9,3,0,1334,1,1,2,3
14674,62,85185,195.8427443,0.2223695686,0.1356333959,18,3.972970137,3.195581913,59,7,7,5,2447,1,1,3,1
14675,44,94426,2916.777308,0.2145089721,0.1753528947,5,6.222767801,4.628731401,20,16,5,7,4499,1,0,0,2
14676,69,68120,3857.874195,0.2900218524,0.08512423343,22,7.406920074,1.049825585,67,19,7,6,4221,1,0,2,1
14677,40,58297,1012.974409,0.06536137604,0.0164571771,39,1.101104446,5.813709012,6,5,8,9,4954,0,1,1,1
14678,57,134147,5708.226822,0.01479068736,0.119466593,6,2.374055047,2.477249651,90,19,3,5,1881,1,1,2,1
14679,31,28299,3893.409358,0.1034737457,0.07444676552,46,9.125213389,8.592779841,69,18,9,0,2009,1,0,4,1
14680,32,61348,559.9704565,0.05341085762,0.09515579143,43,5.454928034,12.62497659,19,12,1,8,533,1,0,4,1
14681,60,61384,7069.390762,0.1690560252,0.1394109406,46,5.426892139,13.23636827,43,4,6,6,3078,1,0,3,2
14682,50,137182,7319.870355,0.270645926,0.1431262867,8,8.56283376,14.03381496,43,3,7,2,1219,1,1,2,1
14683,48,96693,8361.267285,0.2095857816,0.01523571882,1,2.164374524,2.296489547,11,11,3,3,1123,1,1,4,3
14684,52,115299,4906.851939,0.04938166834,0.1561675078,46,7.422978792,7.988562734,58,14,1,2,2995,1,1,3,1
14685,34,52687,9689.722094,0.04366610707,0.1037685938,49,5.556030678,2.164024126,77,1,8,3,888,1,1,3,1
14686,45,84577,9149.235031,0.2743204458,0.1157727669,44,7.674299925,4.943659165,33,14,2,0,4774,1,0,3,3
14687,36,80047,5558.381088,0.1514067695,0.06661889519,47,7.113405912,3.854215031,43,18,2,2,2973,1,0,1,0
14688,63,30191,4505.024118,0.2778651677,0.08995841934,46,6.998359722,0.6805787397,80,7,8,4,4772,1,1,4,0
14689,40,76884,130.0408362,0.2235031375,0.1449712755,10,8.70434089,14.01152487,39,14,7,4,2084,1,1,4,2
14690,49,74911,7138.845864,0.2980710536,0.1575756226,2,5.957019511,11.8347013,83,9,3,8,1110,1,0,0,1
14691,57,97303,5693.04959,0.2626560454,0.08355017442,41,4.670646787,8.025361146,1,12,9,4,2780,1,1,1,1
14692,30,103447,9381.68704,0.1301215358,0.1413123312,48,2.786458271,5.500668066,60,18,3,0,3821,1,1,4,0
14693,37,114165,5982.89804,0.22988607,0.05902826532,29,4.095791657,6.468135104,20,0,0,4,2730,1,1,4,1
14694,52,120330,9929.27533,0.1466561685,0.1680843064,7,8.829357581,3.475260563,11,10,0,6,1220,1,0,0,2
14695,22,112480,8552.810791,0.077590965,0.1258647054,36,4.03725715,14.53890642,76,17,8,3,4455,1,0,2,3
14696,26,63726,9540.619565,0.07989848504,0.1572854381,20,9.868813677,4.639447638,64,18,0,6,3798,1,0,2,1
14697,46,54623,3343.861436,0.1252234219,0.1006594219,7,6.471893677,1.583214516,81,17,1,9,3438,1,1,1,3
14698,23,133367,1578.426348,0.04232520554,0.05353076415,46,8.33471007,8.684568211,77,18,6,1,3376,1,1,3,2
14699,42,133219,7989.033927,0.06155222262,0.09155391153,10,5.43935175,11.35743304,94,6,1,1,3481,1,0,0,0
14700,48,143326,7883.351319,0.1551765183,0.08248222495,40,6.890989924,14.58510693,87,4,3,6,1057,1,0,0,2
14701,39,103517,2193.3445,0.2866375184,0.07321614325,33,9.905771584,9.511801249,11,13,9,2,4781,1,1,4,2
14702,19,143089,7670.972076,0.1775290392,0.05031301207,38,5.502429192,3.173895783,51,10,1,6,2021,1,1,4,2
14703,62,70000,5861.536245,0.1284640573,0.154241757,15,3.370232724,6.170905595,88,10,2,2,4826,1,1,0,2
14704,22,91494,1184.298935,0.08038309276,0.02640681565,6,6.848895348,5.09150716,99,1,5,5,37,0,0,3,3
14705,44,100241,5067.657616,0.06681137836,0.1786365767,3,9.276465372,0.7831958065,13,8,6,6,2161,1,1,2,2
14706,42,116172,9318.266208,0.2009380385,0.04325469735,31,1.15478754,6.186561212,17,0,1,4,2105,1,0,1,2
14707,25,83027,5113.9297,0.2560143421,0.1961759939,36,9.933000437,12.09448908,23,14,8,6,4600,1,0,2,2
14708,18,78995,7908.119997,0.1256682187,0.1978089291,45,5.900935461,6.377128396,25,7,1,3,2680,1,1,1,2
14709,37,62876,386.2088678,0.1696911234,0.08569353784,21,8.194999487,12.85081086,93,1,3,0,3558,1,0,3,3
14710,61,138217,7308.005987,0.2149507608,0.1976860038,6,2.063996392,11.27241242,60,5,4,7,2957,1,0,0,2
14711,40,71070,9473.690123,0.02690571677,0.1751230183,12,3.623520273,10.93062207,67,1,7,9,2763,1,1,3,0
14712,49,110688,5045.32507,0.1117601438,0.02566175262,17,9.794432831,6.02519358,63,16,3,9,1744,1,0,0,2
14713,28,124065,3443.328139,0.221628338,0.1899924271,41,3.591141879,1.273658782,39,6,0,1,1932,1,1,4,2
14714,56,86224,6501.839998,0.2085395177,0.01807773332,33,4.709935777,13.2953597,28,2,6,8,2857,1,0,1,1
14715,64,45365,9170.986029,0.02547084008,0.04456371581,12,3.526310338,9.75517166,17,18,8,5,537,1,1,4,1
14716,41,49663,1850.01954,0.07896736453,0.1210731528,33,5.216208252,1.812527873,67,11,4,4,2480,1,0,0,1
14717,28,85436,4096.572679,0.2071875922,0.0253400639,28,2.431481784,1.682653911,58,17,1,5,1174,1,1,1,2
14718,46,124610,1647.273782,0.08871065228,0.04072827383,46,5.579629588,9.40698192,96,7,8,9,974,1,0,1,0
14719,43,123376,5016.876899,0.2461789852,0.1911634396,4,3.685957188,6.622050665,55,11,2,0,770,1,1,4,0
14720,33,103275,5450.177929,0.01855640917,0.1989906981,30,8.336129984,3.265402577,65,0,1,3,1918,1,1,1,1
14721,52,136375,9447.615786,0.0652006385,0.1616459429,10,4.507873657,3.971760676,11,0,3,5,364,0,0,0,1
14722,37,143229,4183.900022,0.09158076421,0.1078897844,37,8.1344826,6.093138801,21,9,3,5,3752,1,0,0,2
14723,63,83211,5712.870474,0.2783340521,0.1810571778,46,6.775791605,11.37804178,61,2,9,5,231,1,1,4,0
14724,20,30909,8864.099483,0.2409324973,0.03126076647,3,9.235848149,3.356077139,25,9,4,6,2357,1,1,3,0
14725,18,80883,3281.909502,0.2664020751,0.1891494552,6,8.295616102,10.68322205,13,3,0,8,4539,1,0,0,1
14726,64,32713,6774.222303,0.1377389527,0.07679505622,22,9.110067257,3.096072084,8,11,9,8,4612,1,0,0,0
14727,18,32614,7595.902303,0.2485430065,0.1736829843,30,5.730778802,11.57411739,73,13,0,2,2433,1,0,1,1
14728,34,127625,3372.229523,0.2575131358,0.1369909471,16,9.22100528,13.55367651,6,7,9,3,2583,1,0,1,1
14729,19,118097,1726.977737,0.1259874789,0.1924521178,9,2.392655904,6.920409121,46,6,6,0,734,0,1,0,3
14730,46,40734,5078.804465,0.2983939358,0.1742888101,21,1.759955674,9.799203064,57,0,4,0,4308,1,1,4,3
14731,37,50709,3632.337128,0.2568592025,0.1787005846,29,5.734196557,4.362114822,19,16,9,3,3108,1,1,3,2
14732,23,42885,2737.978075,0.2924881209,0.1300333277,28,8.434433424,13.95076338,78,14,5,5,2053,1,1,1,1
14733,25,91622,9736.870976,0.2612841615,0.1683001209,16,2.909577612,6.675186808,55,14,6,2,1255,1,1,1,2
14734,46,98267,5071.314885,0.2350990557,0.1538549186,42,9.717534533,7.702119045,42,4,0,4,2245,1,1,3,3
14735,65,106128,8579.129169,0.2837147233,0.04070839487,20,2.667175424,4.291290916,97,0,4,8,3285,1,0,1,0
14736,68,33341,2033.642364,0.1317475809,0.1332334094,21,7.378296978,3.313183805,59,18,7,0,506,1,0,4,3
14737,50,59435,9400.483373,0.2371666957,0.03815335384,47,9.236079932,3.797693755,51,0,2,0,3428,0,1,1,3
14738,20,32976,7964.871202,0.07173844972,0.1751966632,38,9.688238755,7.399534176,87,1,1,1,2759,1,0,1,3
14739,52,102910,8106.052346,0.2225102179,0.02253046187,39,6.952707571,2.495334548,65,10,1,5,1382,1,0,0,0
14740,22,144753,3958.672264,0.2377524521,0.1975388673,47,6.167872136,6.124256995,19,11,3,9,1020,1,0,4,3
14741,44,97869,4907.806231,0.2177920789,0.08611906657,47,1.817749593,6.039501717,12,10,6,8,4474,1,0,4,1
14742,61,25290,5974.207826,0.256445789,0.0424195772,21,1.178270083,6.780689859,24,7,1,7,4154,1,1,0,1
14743,29,65812,7918.678808,0.1298672796,0.1877782469,26,9.871832673,6.618995147,35,19,5,4,3030,1,1,2,3
14744,37,70528,8505.661845,0.1679827583,0.01863093738,22,3.469304556,4.479090765,2,3,6,7,319,1,0,3,2
14745,62,78570,872.6485626,0.0130935491,0.09932007056,3,1.650161036,5.818667938,46,1,8,4,1478,1,0,4,2
14746,37,131841,9050.217637,0.05235541727,0.1563431543,25,5.846313325,13.58428259,11,8,6,9,3364,1,1,2,0
14747,26,76399,9381.21686,0.1968162384,0.07018259033,38,3.813377749,1.043351072,59,12,0,9,1240,1,0,3,0
14748,56,68437,5969.585303,0.1730719879,0.1104785873,16,4.218343818,1.772889521,96,9,7,2,3305,1,1,4,1
14749,21,109122,1948.831071,0.06722642893,0.1430784731,2,4.183870735,13.96824949,27,8,2,6,1723,1,1,1,1
14750,68,77907,8202.306844,0.08060479031,0.19087552,16,3.238204345,4.429503592,74,12,6,5,1614,1,0,4,3
14751,36,140992,5531.017384,0.1097838386,0.02951350146,42,9.709118212,4.910549053,80,2,5,6,4518,1,1,3,2
14752,55,101876,8190.244892,0.2177602668,0.03987307371,39,3.386987142,5.48920283,13,16,2,4,893,1,1,2,1
14753,44,68723,8166.600453,0.1868178148,0.1066854701,18,6.013447336,1.998985204,30,17,1,7,1599,1,0,1,2
14754,62,55655,958.6202253,0.03017566661,0.08951024262,38,3.147619983,11.65023977,68,7,3,7,2922,1,0,3,0
14755,60,134098,6109.512141,0.2303823532,0.08805127053,17,7.85674149,2.865940401,65,12,0,4,4546,1,1,3,0
14756,30,75833,4883.128563,0.08617127328,0.06642268556,27,3.061163373,10.67544081,59,17,9,9,2356,1,0,4,3
14757,30,100096,9466.582753,0.2048103067,0.1165301117,14,6.531895273,3.871358376,76,15,9,6,504,1,1,0,3
14758,39,43997,3036.74879,0.04577522495,0.1778247839,25,8.505638544,10.39057955,19,13,6,3,2218,1,1,0,1
14759,45,86876,2139.401051,0.2993971702,0.0405756247,34,3.444689429,14.59215784,10,12,2,6,3634,1,0,1,2
14760,69,130233,8981.159875,0.0332971995,0.0509044026,15,8.229178502,7.890614489,77,3,1,5,4297,1,0,3,1
14761,64,142660,1572.284132,0.2251028682,0.1374564646,14,1.832387015,5.124233338,3,0,4,1,2381,1,1,2,1
14762,62,46013,6896.542641,0.1669858042,0.02067755431,4,2.047647048,5.980636794,51,0,6,1,4828,1,1,1,2
14763,39,52862,3070.196157,0.03492236547,0.1380151979,45,4.605254129,6.066897867,46,5,0,9,2244,1,1,1,1
14764,60,72448,5721.672979,0.01777503269,0.06974666866,23,4.662337064,2.317320073,66,14,0,6,658,1,1,4,3
14765,36,107818,6200.572385,0.1151730581,0.07799224697,1,5.648324582,12.37252901,10,14,9,6,109,1,1,2,2
14766,25,143828,4231.955891,0.2426449403,0.08705438103,35,1.213193024,5.998858105,49,6,7,2,2879,1,0,3,2
14767,69,65608,9752.153304,0.02193385968,0.07642163668,44,2.054262116,10.90946182,88,8,4,2,3294,1,1,3,1
14768,25,104612,1405.148364,0.2142756124,0.169829828,47,1.092474793,4.420506075,22,12,7,1,3577,1,1,3,2
14769,59,138849,3974.850981,0.2000591201,0.1897530069,30,9.590699803,5.667842473,80,5,2,9,219,1,1,1,3
14770,43,134060,4360.913736,0.08700592626,0.1141221803,29,3.820145769,13.36011358,61,9,1,9,873,1,1,4,3
14771,65,60894,6347.364795,0.03247269036,0.1205569148,11,7.192630406,6.661827083,52,11,6,5,2238,1,1,1,0
14772,68,105201,4131.871606,0.2754433686,0.02339179052,36,6.475965662,5.62116772,94,2,5,5,1663,1,1,0,0
14773,43,70649,1060.656513,0.09710144279,0.1455064664,20,7.522378511,5.048068364,13,14,3,8,1588,1,0,0,0
14774,40,82104,9479.556982,0.04230113722,0.1209787859,11,8.945669974,13.44756943,46,19,6,5,99,1,1,3,0
14775,60,96459,4219.182908,0.2076399527,0.01957495952,39,3.098331557,6.631184616,17,10,8,7,2749,1,0,4,1
14776,30,59821,3492.469899,0.07283755635,0.04770087674,36,4.831768159,13.21847281,66,18,8,4,2653,1,0,3,0
14777,45,67940,4522.549029,0.1479329191,0.04836924987,34,3.955999061,4.854188262,98,9,2,7,2695,1,1,3,0
14778,26,141402,2244.297253,0.02461760783,0.04248391087,21,1.742184865,14.68540249,82,8,0,1,3680,0,0,1,0
14779,37,30935,1092.194678,0.2979653452,0.1351427314,44,1.287329891,7.79059823,22,0,3,8,513,1,1,3,0
14780,36,109577,1570.926943,0.1398101268,0.1864035269,35,7.883103559,2.887007713,94,15,9,5,2201,1,1,3,1
14781,65,32467,1749.882787,0.2997418946,0.1549653118,7,2.163047318,6.649019597,59,14,0,4,4705,1,0,4,0
14782,56,31073,2056.967038,0.1218457143,0.1007009622,26,1.138276086,10.38563125,58,16,6,1,1237,1,1,4,2
14783,68,142691,4257.606101,0.1108772412,0.08676974662,26,4.94568885,13.37354239,87,19,1,9,1164,1,1,4,3
14784,29,27691,6276.602764,0.2752259752,0.08342704001,35,3.900404174,2.342742433,49,16,7,0,1719,1,1,3,2
14785,32,66538,6325.989596,0.1055450976,0.124236922,6,1.594966361,8.597441972,60,3,4,2,2740,1,1,4,1
14786,48,44490,100.9659387,0.1352816087,0.0782519252,2,1.464324128,8.22338843,16,0,9,9,635,0,1,4,1
14787,31,35688,9217.480902,0.03265202665,0.05296317453,3,9.218405348,5.261345126,53,13,0,7,3877,1,0,2,1
14788,28,118505,8246.187087,0.2870840925,0.1245401522,23,9.457061291,6.424415016,90,13,1,6,300,1,0,2,3
14789,43,70650,9642.98659,0.03469385985,0.08423402855,7,5.340614935,4.916812067,8,14,3,8,4589,1,1,0,0
14790,59,33829,3663.864813,0.2336436307,0.01268371754,44,8.63456269,4.88476885,31,4,2,6,1065,0,1,1,1
14791,44,23086,6681.512839,0.1661984642,0.01422391158,12,8.200835847,8.233926182,77,14,4,4,2048,1,0,1,0
14792,28,129609,1763.405418,0.02780749177,0.06208595612,8,6.214177877,1.370743133,21,19,3,0,4279,0,1,4,1
14793,55,22590,8188.626969,0.01049411013,0.1073602179,19,7.757227312,7.47915715,39,11,1,3,2566,1,1,0,3
14794,51,59893,1697.540457,0.2813105552,0.07730550646,19,9.374872459,5.202385515,77,14,8,4,1729,1,1,0,2
14795,60,93396,3327.258438,0.2252302872,0.01457047895,4,6.096748151,7.233478326,51,1,6,8,4678,1,1,2,2
14796,36,149797,4959.265074,0.2090665106,0.05239883511,45,5.605022864,14.6372687,77,15,4,4,1286,1,1,0,3
14797,23,58176,5985.863522,0.1371813939,0.02831966865,4,1.031892538,11.2482677,27,6,3,8,516,1,1,3,0
14798,63,87484,5640.36694,0.07919799815,0.1902400803,34,5.879280255,12.99147281,43,0,9,4,1018,1,1,4,1
14799,69,146484,1110.750516,0.2071602917,0.06943847437,0,8.357508425,5.886460352,53,18,4,8,434,1,1,3,2
14800,55,122267,4274.592428,0.1864073099,0.0128056106,41,7.858931094,10.73452137,96,6,1,5,4607,1,1,1,3
14801,66,118997,9236.801716,0.2206392365,0.1355070179,14,6.812168135,7.21566516,47,9,7,9,575,1,1,2,0
14802,59,46295,8736.448425,0.1160798304,0.0541651087,16,1.221262664,9.157963056,21,17,1,0,1074,1,1,3,2
14803,45,58131,5948.75688,0.2962078905,0.1176798885,11,9.328280242,6.85064617,34,7,7,3,3059,1,0,4,3
14804,18,64893,5766.013297,0.02943251007,0.03864163638,45,4.861953808,2.409783367,44,5,4,9,4391,1,0,3,1
14805,52,31924,1205.584308,0.03311346894,0.1969625147,35,6.143814378,14.23649136,27,0,3,9,3798,1,1,3,3
14806,57,124191,2082.568578,0.2758939958,0.1943492454,42,4.579558023,10.74228313,66,12,6,2,4766,1,0,0,0
14807,25,30851,2601.133452,0.1978348661,0.1346368368,14,4.139915186,9.208799416,85,7,0,8,1362,1,0,2,2
14808,69,27734,4933.137712,0.1046368798,0.1443684981,13,5.595344698,8.631396307,37,3,6,0,475,1,0,1,1
14809,64,62681,7340.424876,0.2309662997,0.09091698935,26,5.452289166,10.9818609,52,4,9,6,3096,1,0,4,0
14810,24,134495,4661.18102,0.1413042825,0.1928140756,49,4.207731145,8.221942745,86,14,4,0,504,1,0,4,3
14811,28,140405,1348.004314,0.01612523755,0.09051052787,21,8.234687493,3.63078333,5,4,5,5,3232,1,0,1,2
14812,56,25293,4449.553882,0.1988200641,0.05549891951,8,1.455537849,0.6060043626,13,10,4,1,262,0,1,4,2
14813,21,73203,1710.069212,0.08050246176,0.03192193582,46,2.05320328,6.054711865,85,9,6,6,785,0,1,0,0
14814,42,132149,7536.358782,0.04344718382,0.04954380706,20,1.742857025,8.672371147,35,8,0,1,3639,0,1,3,1
14815,29,33820,1748.358518,0.07532922292,0.1187205657,2,6.084935911,5.890422871,83,7,1,2,387,0,0,0,0
14816,43,87827,4877.086496,0.1480857855,0.05656742641,30,4.712648908,8.233043491,50,1,5,9,280,1,1,0,2
14817,55,67163,6964.794666,0.02445836507,0.1343073914,12,5.068396797,10.14071915,86,15,6,4,3992,1,1,0,2
14818,63,32391,2359.160833,0.2661141922,0.08261505878,1,6.19072858,12.24295137,76,2,7,4,189,1,1,1,2
14819,29,121002,852.6980656,0.1723762248,0.178505852,46,3.915713248,4.830320751,43,17,3,5,1741,1,0,2,1
14820,60,129870,5676.664813,0.09496889223,0.1161108328,13,2.648137613,9.681113501,44,17,2,6,2304,1,1,1,2
14821,68,148670,636.6063687,0.2092314059,0.1282947701,6,3.761489264,13.43075851,72,9,8,6,4430,1,1,1,2
14822,54,61970,5918.909565,0.2432285841,0.1157463626,28,9.945893698,2.710250113,40,17,1,0,2381,1,1,0,0
14823,63,66823,7559.635522,0.1880381421,0.1782580671,3,9.57419899,10.51217529,5,2,9,5,4600,1,1,2,2
14824,41,50796,3360.228318,0.06872345775,0.02204971791,3,9.609716634,13.75961387,91,19,0,0,948,0,1,1,3
14825,33,119345,4934.65915,0.04198364184,0.02279625435,23,1.248674624,10.2344267,6,0,5,5,4863,0,1,2,0
14826,30,136245,9294.742198,0.2593709121,0.1433306465,41,1.805060005,1.842527613,82,9,2,8,4879,1,1,0,2
14827,42,103127,4763.977755,0.07805934993,0.1559131414,20,1.411385356,4.605455566,94,7,6,3,1521,1,0,1,0
14828,69,128176,9965.885208,0.0158239049,0.09238198947,44,8.339243283,3.247463804,98,7,7,1,822,1,1,2,0
14829,21,56389,1654.323872,0.1964416114,0.07693798953,27,9.922315556,13.72921811,92,19,1,3,1,1,1,4,3
14830,28,23352,7118.445635,0.05433674566,0.06280956258,37,5.886894235,14.88468329,46,16,6,6,4831,1,1,1,0
14831,49,142143,6560.924122,0.2973812477,0.05453502831,7,7.307484042,6.776179098,32,14,9,2,259,1,0,1,0
14832,66,103598,8735.817654,0.2622219412,0.183272132,41,4.17000735,13.49483866,21,10,4,9,2340,1,0,1,1
14833,24,48172,1015.187799,0.1864492605,0.06607651381,16,7.888612457,2.458540856,66,15,4,5,3191,1,1,2,2
14834,63,30937,2874.045256,0.2518210364,0.1331349712,8,6.904749218,0.5498358762,76,15,4,9,4243,1,1,3,1
14835,28,113657,1408.574335,0.1464553532,0.1595480083,45,8.208646187,8.741330194,12,0,4,1,401,1,1,1,2
14836,45,145873,9337.64171,0.2386610109,0.01417364991,19,5.500215725,14.81708254,55,19,9,1,3272,1,1,4,0
14837,58,100138,4323.689714,0.1974947302,0.01643608848,4,2.746159436,8.654116391,76,0,4,0,1725,0,0,4,2
14838,40,127276,9109.651871,0.01830694791,0.07329610688,34,5.281509728,14.71740717,11,13,6,9,3695,1,1,0,0
14839,62,108672,3014.629244,0.2851397236,0.1422429914,40,3.808834486,7.035845884,4,13,7,1,2725,1,1,3,2
14840,40,86481,1351.044203,0.2596666777,0.0595517407,28,7.246962385,6.039597716,76,3,3,6,3961,1,1,3,0
14841,67,105348,3035.719003,0.2864881433,0.01028182518,11,2.23164748,13.97889138,54,7,6,4,1894,1,0,2,2
14842,45,93509,6012.026157,0.222096121,0.06474810099,31,3.98719912,1.207728515,75,15,8,3,29,1,1,0,2
14843,60,43552,8467.802659,0.1294976673,0.02712485516,30,1.059194345,5.238422797,73,7,1,6,3966,1,1,2,2
14844,64,34118,3915.367863,0.07002571475,0.0516885281,30,8.33972865,6.930715548,14,14,8,8,1194,1,1,0,0
14845,43,31290,9156.605727,0.06219894079,0.07330610013,0,4.659636796,1.760562459,65,17,5,7,2589,1,1,3,2
14846,42,45123,2517.897391,0.05202571203,0.03433089746,42,7.985684856,7.997885213,37,12,8,9,1744,1,0,2,0
14847,46,101919,6966.052804,0.07397679637,0.1442092982,4,1.878390567,5.941879525,79,9,6,1,3819,1,0,0,1
14848,36,79551,7383.56217,0.1696844439,0.05862484408,35,2.744162778,6.836194852,96,5,4,0,411,1,1,3,2
14849,50,72136,2812.232901,0.2082860684,0.1356080119,11,8.654214495,10.45178588,97,18,4,8,1560,1,1,3,3
14850,53,83886,367.0017952,0.1010764027,0.123816242,15,6.359140709,1.52009933,54,0,0,2,4703,1,0,1,3
14851,31,137278,3715.849686,0.1691366212,0.1806286427,15,1.053102489,14.44600412,88,1,2,8,3319,1,1,2,0
14852,31,95902,547.4418583,0.1089632712,0.02670730275,20,9.146155695,8.075317227,54,6,5,6,1099,1,1,1,3
14853,52,87333,9017.462376,0.2119878924,0.05077554116,32,9.851481125,12.66275822,46,11,1,5,3438,1,1,3,0
14854,47,111992,9539.900103,0.2966610039,0.1743839015,25,6.950665371,5.118182816,89,7,5,2,190,1,0,2,0
14855,45,64016,7380.261168,0.2098149208,0.1662049767,2,7.550424435,5.046017237,13,12,4,2,1890,1,1,2,3
14856,34,41427,7294.177395,0.02711886728,0.04650005586,22,2.20240759,13.60530106,14,0,0,0,4318,0,0,4,3
14857,20,22257,2484.837427,0.1483981378,0.03046984227,24,7.896243678,2.203408886,34,17,2,4,4721,1,0,0,1
14858,33,87733,831.8632079,0.2334123729,0.1726858783,19,1.890950471,2.00478276,30,7,0,9,3137,1,0,4,0
14859,63,28222,8040.835895,0.1672500658,0.0438462308,46,9.007735949,10.60772854,33,11,6,4,1085,1,1,4,3
14860,47,45187,5635.703122,0.2858082786,0.1755108442,48,5.543254095,7.257396541,72,18,6,9,4915,1,0,3,1
14861,69,99688,6848.112555,0.02588378697,0.1926117929,35,2.270607009,10.90107244,6,11,0,0,1764,1,1,0,1
14862,46,40781,7818.446574,0.09443510756,0.05195326133,34,1.798411712,6.777068578,37,1,7,6,3452,1,1,4,0
14863,62,145890,4153.399263,0.07400825122,0.169673644,42,4.961031958,3.57027639,0,14,6,7,3238,1,1,4,2
14864,32,121216,1531.011241,0.2326104385,0.0905279071,32,1.048048516,10.87106039,86,10,2,1,1899,1,1,2,3
14865,63,146682,7970.864314,0.1618999899,0.1598679007,4,9.651040409,1.066302608,13,18,1,7,2949,1,1,3,3
14866,42,31004,4592.279828,0.05011982129,0.08740515279,3,2.536159058,6.995450012,24,0,8,9,4691,0,1,4,3
14867,68,127178,8286.549885,0.0928220464,0.02337516376,7,4.775664258,7.150449837,7,2,6,0,969,0,1,0,3
14868,55,77600,4433.221553,0.1615712037,0.1454121018,10,6.460039367,1.629956281,39,0,5,9,3819,1,1,1,3
14869,59,45515,2248.462444,0.2988774046,0.03863084158,42,7.073345657,4.003656912,5,8,4,0,1017,1,0,1,3
14870,64,100952,1792.949665,0.1156447837,0.186134767,49,6.083285432,4.26958566,78,13,4,9,1637,1,0,3,1
14871,69,91688,7464.82539,0.05547956823,0.08937179377,26,2.607311735,13.44836077,19,15,2,4,3275,1,1,1,0
14872,55,92708,5791.402316,0.1541492925,0.0255800281,9,5.246199981,7.933280326,80,2,4,7,4079,1,1,2,1
14873,40,137582,4105.568715,0.0999540494,0.05341120281,44,3.90336814,10.22607342,95,8,7,8,4125,1,1,2,3
14874,42,23185,4971.955886,0.1741303789,0.1738783473,19,1.804418697,1.296184446,58,16,1,6,453,0,1,0,0
14875,59,110888,5541.422192,0.1453459878,0.07100623923,31,4.487717785,2.000461466,5,16,2,7,1229,1,0,3,3
14876,24,137420,2470.222774,0.2099520773,0.172702319,47,6.479498346,8.668868068,38,3,2,4,4474,1,1,3,0
14877,39,143611,3843.839239,0.2751443056,0.04273448029,26,1.91845977,12.60919071,91,11,5,9,1529,1,0,1,1
14878,34,74476,2994.873505,0.06814916172,0.09896144348,48,2.484796744,1.268220555,9,13,0,5,4672,0,1,4,0
14879,35,116279,3945.396083,0.2481422204,0.1768693034,17,1.7764713,14.76036169,8,13,4,6,737,1,1,4,1
14880,66,51212,5055.565914,0.2852870575,0.01919691814,25,1.010064086,13.33891268,33,13,8,8,1789,1,1,4,3
14881,58,112154,1816.239637,0.1183468076,0.06781266473,34,9.427912129,13.16061818,76,15,0,2,1929,1,0,0,0
14882,27,94697,3995.79912,0.04296218317,0.182871802,27,8.544540744,0.6257736295,54,8,5,6,4882,1,1,3,2
14883,27,142537,3916.394989,0.2483542395,0.1233400023,0,3.083907055,6.392689547,74,1,6,0,153,1,1,1,2
14884,24,68533,2931.437787,0.2133177847,0.1460841049,33,6.198697464,12.0385869,74,4,0,8,1967,1,1,0,1
14885,65,142982,9985.113616,0.0716865394,0.1700044033,25,8.214420343,11.49976597,93,4,5,5,3128,1,1,2,1
14886,67,103003,828.912339,0.139114842,0.109483321,5,4.298836205,5.511793914,91,17,3,2,1643,1,1,2,1
14887,55,107125,6465.216279,0.1776177399,0.1706195212,49,7.651456258,13.22577657,86,10,3,1,46,1,1,2,1
14888,44,57630,1826.942205,0.05925768513,0.1313652684,48,8.817925211,9.722864968,60,8,5,4,103,1,1,3,3
14889,69,88606,8411.287494,0.2173247197,0.1402735856,45,5.487884639,14.91227549,58,8,9,2,233,1,0,2,2
14890,50,130244,9150.545706,0.210065995,0.03904234648,24,8.992384946,5.353512347,78,11,9,1,165,1,1,4,1
14891,18,94099,4074.632028,0.2672667176,0.1884135776,16,2.88974744,9.831440926,10,3,7,1,2939,1,1,2,0
14892,61,110790,8252.436649,0.1745091597,0.1612560266,25,9.112992385,6.655116655,12,2,2,1,1980,1,1,0,0
14893,51,133235,2574.103549,0.1765507789,0.05829723927,20,8.249395296,9.889540181,61,4,6,4,1208,1,1,2,3
14894,21,148969,1486.678223,0.1896223332,0.1201989866,31,8.560588905,4.266652636,91,6,9,2,3128,1,1,4,1
14895,34,36585,3227.194837,0.0893971458,0.08152852192,24,1.040483772,6.045909227,70,13,3,5,3956,1,1,2,0
14896,21,115833,3482.572738,0.2299956969,0.1354763798,31,6.972622353,14.01733051,94,4,2,9,2518,1,1,1,1
14897,60,69240,4033.839693,0.2021247858,0.1988119002,40,4.605869339,4.691366276,21,0,2,2,108,0,1,4,0
14898,43,34772,3792.293525,0.2533522314,0.01869181546,18,6.441077501,9.500202707,37,15,5,4,1159,1,1,3,3
14899,21,99991,4170.330083,0.2328899414,0.1909794912,1,1.752923053,13.81953657,13,18,9,7,4424,1,1,2,0
14900,18,91835,7129.330321,0.1951859468,0.02375435311,34,3.12827729,7.474798893,5,1,7,7,3656,1,1,0,1
14901,24,95724,2531.243315,0.05665872376,0.09754528081,15,4.161546307,10.57885408,30,17,0,3,2534,1,1,2,1
14902,47,130990,283.8983981,0.2765527237,0.1016007481,15,7.465864279,11.34669757,50,4,3,6,4497,1,1,0,3
14903,67,132315,4947.837459,0.1164915326,0.06105764637,32,5.976228253,8.389592937,2,10,0,0,3188,1,1,1,2
14904,26,110299,4538.083318,0.2896465849,0.1176728644,49,1.131658155,5.994183193,16,15,7,1,2604,1,0,3,1
14905,52,118053,694.6433994,0.1265425326,0.1684531878,23,4.012980898,12.22217764,19,8,4,0,2542,1,0,4,2
14906,25,107091,1424.633875,0.05232210488,0.06585281443,30,9.459645785,8.534698258,6,15,2,3,3606,1,0,4,1
14907,41,114859,5148.216857,0.2666035268,0.02337693815,41,2.618654834,2.183990645,16,2,7,5,2574,1,1,3,3
14908,36,37938,2424.032524,0.2405670346,0.1301339031,22,3.130995003,13.18089725,57,2,8,1,1253,1,0,1,0
14909,53,41983,8788.223112,0.2380258563,0.1528315745,16,3.766464243,4.812950224,89,19,4,1,3531,1,0,1,2
14910,67,32874,1815.595616,0.03592911771,0.1913593719,32,3.411891719,7.654906601,26,1,0,6,662,0,0,2,0
14911,69,110341,299.2140553,0.2649911516,0.0403096829,36,2.095526279,3.600194085,12,12,5,7,3683,1,1,1,3
14912,60,80896,4530.881317,0.1829561848,0.1812583745,35,3.8139419,7.643555089,4,5,4,1,3002,1,0,2,3
14913,44,66209,9863.014795,0.1464031635,0.1016034607,18,5.854879905,2.374163134,64,13,5,7,1340,1,1,0,3
14914,49,52822,6375.33801,0.2748197702,0.05479406503,20,7.077516824,8.710812898,16,8,3,3,1873,1,0,3,1
14915,31,40750,3604.89424,0.2031519922,0.1929222093,38,6.78570546,8.08031523,36,17,6,5,4839,1,1,0,1
14916,35,122335,266.9933135,0.04857893892,0.0553015614,39,2.464082746,12.36700191,15,2,4,1,1645,0,1,0,1
14917,45,62083,4900.989553,0.1606657811,0.1493543953,18,6.530717612,8.618542966,17,11,6,8,2152,1,1,0,1
14918,46,137828,2144.013421,0.1946188108,0.1591284879,7,4.22492207,6.426786223,91,18,9,7,1689,1,1,0,2
14919,33,142766,6512.765446,0.2705797023,0.09179861996,25,8.39652306,7.261868964,2,4,1,9,2351,1,1,4,3
14920,52,47946,5871.784088,0.09116928949,0.1410971205,40,4.2617024,9.268646102,17,13,2,3,335,1,1,1,2
14921,64,147945,2725.616376,0.2403278268,0.1187706443,17,9.789118744,12.6738843,40,7,0,2,1183,1,0,3,1
14922,48,21552,781.9390688,0.2419457421,0.04648622296,13,6.533393531,1.105102831,93,12,2,0,3642,0,1,3,0
14923,21,115585,7574.690061,0.0471343506,0.1543786976,17,4.860811554,13.93562069,95,7,7,4,3477,1,0,0,2
14924,54,93331,5896.094536,0.014997623,0.1863230675,36,5.528010112,1.716293435,77,3,4,2,2135,1,1,3,0
14925,34,25271,8437.04987,0.1786088118,0.1028412304,27,2.583577989,5.498151016,16,15,8,3,2780,1,0,2,1
14926,56,100201,2672.020155,0.238948877,0.1989189483,32,7.121241121,5.374599697,82,2,0,1,1831,1,1,3,2
14927,65,85651,6563.334441,0.1707849391,0.09131340957,5,9.667608872,8.210348505,60,4,4,8,4151,1,1,0,2
14928,63,121917,1274.936955,0.2458707707,0.1011499494,6,5.634624716,5.642589949,46,13,1,3,4586,1,1,3,2
14929,43,48994,2988.918088,0.1904679107,0.1380405277,4,9.931163491,3.679417392,71,14,7,3,787,1,1,1,0
14930,65,47186,6599.737208,0.1994547849,0.0452963274,26,2.354161352,4.029648974,67,6,1,9,1067,1,1,0,1
14931,56,50267,8273.254921,0.01816478347,0.1813697419,7,6.739154435,14.786777,23,0,8,4,524,1,1,4,3
14932,58,59140,3277.162467,0.03569347885,0.1622418315,37,7.10123029,12.63131561,92,9,5,7,452,1,1,1,3
14933,21,134434,8008.65021,0.2202585891,0.1757592844,32,3.805503005,12.17935356,46,7,9,7,1519,1,0,3,1
14934,47,44935,6809.749357,0.2312245519,0.1258161301,11,4.164084553,6.579429609,55,7,8,4,2589,1,1,4,2
14935,47,51748,3551.880238,0.1672316136,0.1779121126,36,9.509232478,14.07465079,74,8,1,3,704,1,1,1,3
14936,39,110139,8776.329684,0.181147887,0.1391947726,36,6.507452969,1.40938936,75,5,8,6,3435,1,1,2,2
14937,28,23837,5141.367754,0.1881660936,0.107196571,14,8.033731738,2.317038869,13,14,3,9,2999,1,1,1,1
14938,19,84875,6517.643543,0.04044748247,0.1870402528,16,7.533865138,4.077457644,70,12,2,2,4818,1,0,4,0
14939,61,121837,5006.750285,0.2036934952,0.09354675608,36,6.498839708,9.804573234,66,8,3,0,1796,1,0,2,2
14940,29,82694,4581.927609,0.1487562933,0.1051082725,41,1.430844273,2.919404696,95,17,7,2,1386,1,1,3,0
14941,47,29610,8494.979401,0.1847316632,0.04221330886,28,6.964219567,5.371986309,10,19,6,6,2795,1,1,0,0
14942,53,48615,3017.573709,0.1733111304,0.1900552119,2,4.10421603,3.069645867,1,3,5,5,444,0,1,3,1
14943,35,96644,462.6293014,0.2312700721,0.05200003361,10,5.221210957,12.09514766,16,19,0,9,201,1,1,0,1
14944,43,124135,8809.848171,0.1023847965,0.0482690256,25,8.663086396,13.68318187,41,16,1,0,1780,1,1,0,0
14945,24,42347,8267.737135,0.1183226111,0.0292269748,39,9.718367775,12.83095184,57,12,9,1,4661,1,0,4,0
14946,18,54062,3728.948698,0.1235658289,0.09613829572,44,7.248537614,0.8961470568,22,17,1,2,1728,1,0,2,3
14947,43,75122,1935.966273,0.2311122688,0.06198676448,5,3.08782442,5.099461725,32,7,7,9,452,1,0,2,3
14948,40,68431,6787.783066,0.1350226603,0.1507483901,34,3.859197775,9.744945132,85,9,4,9,2031,1,1,1,1
14949,43,93086,879.732946,0.06135168379,0.06842910784,23,2.242995294,0.5100603022,44,16,4,4,3109,1,0,3,2
14950,62,48205,4295.17208,0.2950818814,0.1469463497,38,6.226322966,11.32220639,77,7,5,8,3044,1,1,4,0
14951,23,38459,950.0369832,0.1530807405,0.04723260573,33,9.369247995,13.0973565,48,18,2,7,531,1,1,3,2
14952,23,132134,6019.305786,0.04168194412,0.05369351025,23,8.298415833,1.624924312,19,19,1,0,2418,1,0,1,0
14953,61,131335,369.3629997,0.2043797372,0.1631730905,18,5.892746128,6.752715865,52,11,2,7,3847,1,0,1,1
14954,25,43750,6329.459919,0.2243570837,0.08050777487,12,9.472593007,4.890914346,16,7,4,3,3910,1,0,4,2
14955,41,130173,6764.735176,0.1550646233,0.03123705536,42,9.070746743,14.23062057,7,18,9,4,1501,1,1,1,1
14956,39,47729,4922.730299,0.1974725933,0.192666723,8,4.249680455,5.208653276,6,19,8,4,2091,1,1,4,0
14957,36,139895,1832.57256,0.0600757107,0.04370450972,18,5.94801576,8.923581247,36,2,4,2,2559,1,0,1,1
14958,54,58585,1103.799992,0.1166974917,0.03853745255,31,3.663656892,0.6313764503,99,7,5,7,2514,1,1,2,2
14959,35,103698,3201.594247,0.05693029498,0.07809259204,20,1.078945944,12.63073859,48,7,9,2,4978,1,1,4,3
14960,48,65635,4705.546128,0.1222982243,0.02817041615,31,5.060695709,0.9246528653,67,11,2,0,2491,0,1,2,1
14961,54,64854,6457.862337,0.1732121514,0.03956711143,45,7.750993806,8.753861995,29,14,4,4,4208,1,1,2,2
14962,47,96226,112.3762624,0.1383364281,0.1708244735,11,6.707530014,11.24034098,51,0,3,7,1974,1,1,4,1
14963,59,49104,7139.5328,0.1820323038,0.04258630258,28,9.341369111,6.2510489,53,13,6,5,1088,1,1,3,1
14964,50,102293,7155.848128,0.1555101603,0.0311710946,32,7.171967803,0.9591748455,51,0,7,4,2038,1,1,0,3
14965,27,34770,4500.924284,0.1021661683,0.177191932,0,2.271314986,13.5604514,84,8,0,0,1890,1,0,1,2
14966,54,148186,3499.723813,0.05159063946,0.09432133654,48,3.401363935,5.808075905,41,12,2,2,1627,1,1,1,2
14967,29,148750,8438.85479,0.08327512981,0.03986095887,3,2.128072406,7.259333762,26,0,8,2,3540,1,1,3,2
14968,47,132633,7867.416072,0.06820684305,0.1204883118,12,8.152619231,12.28966573,2,5,0,8,2838,1,1,0,0
14969,44,142245,9834.433276,0.2151524652,0.01788610958,22,9.556260504,10.07969754,94,13,7,7,1820,1,1,3,1
14970,56,95993,3782.114973,0.2477903849,0.09120268538,27,3.036385949,5.217863562,15,6,1,8,3673,1,1,0,3
14971,26,144011,9077.642788,0.2189126955,0.122159627,42,7.889711607,8.339291061,76,10,9,1,886,1,0,4,2
14972,38,128338,965.2786703,0.1966829026,0.1918528057,49,4.933022589,1.862476112,70,6,9,8,3445,1,0,4,3
14973,29,37957,4173.514056,0.09927689261,0.07202830512,11,4.196931067,7.47696193,74,16,4,7,899,1,0,2,0
14974,46,75178,4707.203776,0.2161858121,0.1553597083,18,9.881963513,6.710066012,97,19,2,2,1609,1,1,2,0
14975,50,115155,4464.65573,0.1854742034,0.03521296464,32,4.112915492,11.51922289,41,6,6,7,3347,1,0,4,3
14976,60,40828,6288.472065,0.02359907634,0.09238064651,17,6.949267438,12.09997471,74,17,1,4,3185,1,0,2,2
14977,32,37171,1785.057604,0.2732075143,0.05239559868,33,7.415182797,13.14765893,95,15,7,9,4812,1,0,4,3
14978,19,119849,8677.8765,0.03318661392,0.1035688888,29,7.957262087,12.92995414,55,5,0,8,3617,1,0,3,2
14979,69,81465,5562.463784,0.1557852922,0.08927405318,42,8.758065985,14.97602919,32,1,5,1,4170,1,0,1,2
14980,56,131663,9051.674525,0.1587900543,0.1961591595,46,6.095680024,10.75811666,28,19,2,0,282,1,0,4,0
14981,61,33146,126.0532758,0.2527320847,0.1843246196,46,6.439571543,9.500579925,94,1,0,1,902,0,1,4,3
14982,35,143249,6336.882325,0.2747895753,0.1206191209,5,7.40023626,2.634058041,90,14,9,1,496,1,0,4,0
14983,20,148611,4183.332684,0.2825059795,0.0435368578,3,2.33998681,7.288322383,61,5,0,5,782,0,0,2,1
14984,24,66266,5100.480711,0.1752049187,0.1158218284,11,2.800453803,6.741594198,65,10,2,8,3517,1,1,2,0
14985,60,148523,7463.664657,0.2069222468,0.1604956329,22,7.878790052,11.15168895,7,7,5,8,4746,1,1,2,2
14986,35,65939,2348.802309,0.0356707601,0.01722515128,27,2.214688069,4.482837895,42,8,6,5,3304,0,0,2,3
14987,61,34202,2128.504409,0.1514956431,0.09246557624,10,7.196208896,13.12728351,46,8,3,2,1206,1,0,3,1
14988,55,57142,7059.777396,0.2703784442,0.01810291382,27,1.291726667,3.687316287,11,13,2,3,1128,1,1,4,1
14989,54,83828,5261.521014,0.1421521738,0.05635200813,39,4.037928687,7.511838483,83,12,2,4,1207,1,0,3,1
14990,50,107367,2413.027071,0.03018224128,0.02750178532,33,6.96019958,14.19303785,39,14,3,1,21,0,0,2,1
14991,61,79046,4891.784483,0.0681859313,0.1925098736,47,7.36042584,5.487724069,4,13,2,9,1277,1,0,3,3
14992,48,29849,4649.628217,0.1345570075,0.04207744403,33,6.671051802,11.05538091,55,15,3,8,2915,1,0,4,2
14993,28,79272,6945.299831,0.07888320842,0.03851973764,20,4.973857195,5.36648048,56,15,5,0,2591,1,1,4,1
14994,21,40439,126.3449258,0.1237648497,0.1946904436,35,3.292044085,7.958780277,76,18,8,0,588,1,1,2,2
14995,35,102526,5908.926631,0.1065589438,0.1080337852,27,6.519679289,11.74672611,0,12,9,4,3555,1,1,4,0
14996,21,98872,6096.21369,0.1024894253,0.154017156,33,2.66475491,12.31135629,32,11,9,3,3457,1,1,3,2
14997,66,55344,7480.550358,0.03643773683,0.07218978372,40,1.54239549,12.71610805,59,8,6,9,3980,1,1,0,1
14998,51,108489,8903.381614,0.2659872604,0.1112435341,28,1.176423514,1.943457924,72,3,6,5,3561,1,1,4,0
14999,46,73276,4457.878991,0.2108848135,0.01130220529,25,3.409594154,12.8958036,33,7,6,9,582,1,1,3,0
15000,41,25051,3490.950221,0.1907807535,0.08767550956,12,1.269696728,2.622464145,71,11,4,8,3898,1,0,3,0
15001,39,69474,1112.971737,0.1858761283,0.1154670594,33,3.24287805,4.455780248,32,0,6,0,31,0,1,3,1
15002,19,95604,3434.674864,0.1249856452,0.1077379311,18,3.604649825,14.5808124,99,11,7,0,3068,1,1,4,2
15003,61,149336,777.998178,0.2487614396,0.08710574057,7,4.104399698,2.591177699,55,7,6,6,3940,1,0,0,3
15004,23,36967,8047.920033,0.2797115982,0.1597024561,28,7.421321893,4.140711492,75,3,2,2,2403,1,1,2,2
15005,59,41773,8089.360864,0.01162900221,0.1053117571,42,4.971808301,5.368830308,99,9,9,9,3484,1,1,2,1
15006,42,129305,4230.652807,0.03296755828,0.1308628995,39,9.867708523,12.18984674,82,0,8,9,2342,1,1,4,1
15007,38,116550,2670.448215,0.205742929,0.04507801501,15,9.526211718,5.152747251,20,19,9,9,820,1,0,4,0
15008,33,94383,1268.398747,0.07845934959,0.1736850183,27,9.833835577,12.47667263,96,2,5,2,1193,1,1,1,2
15009,48,90417,8527.247944,0.2743944496,0.07893887456,29,4.710066356,3.481103152,67,14,7,8,1611,1,1,0,1
15010,31,61182,8787.203256,0.2035497889,0.1015996903,22,1.397823312,9.21476885,3,1,5,4,2167,1,1,3,1
15011,56,136810,2736.267184,0.116804464,0.07691700817,28,8.742678917,14.41605687,48,9,3,6,4977,1,0,3,3
15012,45,83589,6255.42943,0.1304318968,0.1794623634,19,4.913977293,1.094810817,10,7,0,5,2611,1,0,2,2
15013,49,93235,2660.671281,0.2103559265,0.1811406279,16,6.770454001,13.67411484,89,13,6,0,669,1,1,4,0
15014,45,44180,2328.753609,0.05087958975,0.05261402548,25,8.590846288,2.890169949,4,12,7,3,3702,1,1,0,0
15015,68,134349,309.9597013,0.2661894453,0.1530157656,46,6.465757856,8.924028422,59,12,3,7,4352,1,1,2,0
15016,66,84372,5813.878234,0.01138379254,0.02954787368,38,7.632126011,1.207651366,29,7,8,6,2914,1,1,0,2
15017,26,71372,1584.421278,0.2938946165,0.01567156713,32,3.238734697,8.78381398,65,4,7,4,4155,1,1,4,1
15018,62,123427,222.4747104,0.05861718931,0.1689509816,13,2.755493785,9.417641291,87,1,9,4,4103,1,1,3,1
15019,39,134515,1138.026527,0.225212294,0.03492384765,30,5.997423259,12.21116324,15,5,1,8,3803,1,0,1,3
15020,49,89086,3206.314997,0.02157816504,0.03940871639,15,6.741512402,6.53331751,81,7,9,8,1118,1,0,0,3
15021,22,42163,6724.715582,0.1351143807,0.1252517693,20,8.846034547,13.77836706,75,11,7,5,3325,1,1,3,1
15022,40,128938,2105.968228,0.1927909679,0.1651860181,34,8.392587789,5.87082855,89,9,3,8,956,1,1,0,1
15023,22,83089,8887.146569,0.0303659627,0.04602417481,49,9.901476728,1.828046291,11,17,9,6,331,1,1,0,2
15024,59,139616,2956.035263,0.1385551234,0.0316965246,18,9.697180521,6.107981404,25,6,8,5,1956,1,1,0,3
15025,49,115211,3379.140265,0.0979095569,0.02469124565,5,6.611587998,4.940853105,67,8,2,1,1904,0,0,4,0
15026,27,130481,2257.974082,0.1544906475,0.0147208182,22,5.531240357,6.973280479,26,9,2,2,2705,1,1,2,0
15027,56,52934,2612.672837,0.1563271954,0.03213103847,25,7.845784374,3.393814509,52,19,6,8,2273,1,1,0,0
15028,32,75595,833.9376341,0.2377171657,0.1891114628,8,3.352353251,5.869946509,86,5,7,0,597,0,1,4,0
15029,24,46592,3018.228729,0.04581631325,0.02810367739,12,4.171384849,13.35049955,84,6,5,6,885,1,0,1,1
15030,46,126613,8610.21285,0.0339886843,0.1235362051,43,7.904133236,9.960603646,47,11,5,0,2479,1,1,2,1
15031,64,43039,6915.40296,0.1265481676,0.1849836139,14,9.549736411,3.372732506,36,6,9,9,2344,1,1,4,2
15032,20,84099,8765.155218,0.2673807766,0.1292858267,31,9.058214934,1.266685987,97,12,7,6,4002,1,1,1,0
15033,36,128305,1138.104242,0.2580281607,0.01622169336,38,1.65571479,3.641533179,44,17,9,7,2265,1,1,2,1
15034,27,109262,4610.604645,0.1723979437,0.1233186234,43,3.087248564,6.432928199,74,4,9,2,4513,1,0,4,1
15035,45,120510,2369.623243,0.2677444075,0.1815824083,16,3.459681058,5.823409464,2,16,1,1,943,1,0,1,1
15036,46,148383,7240.034347,0.2435496433,0.07128621667,44,4.448700651,12.80305655,5,14,4,4,2370,1,0,4,0
15037,32,54018,9705.354465,0.09060244343,0.06958930662,28,1.636531911,8.996624352,77,1,1,2,58,0,1,1,1
15038,52,73158,8172.058843,0.05933082133,0.05728408185,48,3.077947143,12.71607391,5,4,2,9,611,1,1,0,3
15039,23,145989,449.2538508,0.09733538528,0.1060534715,39,7.445285977,14.98371812,76,15,6,6,3260,1,1,0,0
15040,29,24558,3234.930977,0.07586418475,0.05520914076,17,3.200061274,4.709972709,28,0,0,9,1506,0,0,2,0
15041,64,52174,382.9389355,0.1905884499,0.1475198666,33,9.482876234,7.423103615,32,8,3,1,745,1,1,1,3
15042,55,115941,497.6529726,0.1796207427,0.132523732,48,4.807305262,10.73052604,16,3,6,6,2040,1,1,0,2
15043,30,62631,887.2015112,0.1835468412,0.08614698692,24,1.897171817,7.92042935,56,0,4,1,3844,1,0,2,2
15044,46,87687,2835.636597,0.06489802558,0.147285461,11,8.584051237,5.238927781,10,10,4,6,612,1,1,3,0
15045,36,123381,3111.6074,0.2396401903,0.02871429822,44,9.239508484,12.33498452,65,4,2,6,247,0,0,0,0
15046,20,35552,4064.489781,0.1357515642,0.1524103966,14,9.353017979,13.44021058,33,9,7,3,2710,1,0,0,0
15047,25,55065,4108.817835,0.1470110569,0.1245525545,42,5.445362702,4.534383109,94,8,2,9,4934,1,0,4,3
15048,25,127532,7736.949217,0.2991189354,0.1297157464,23,9.284598654,4.581124062,15,6,6,2,1438,1,1,3,1
15049,37,22614,1499.892111,0.09185881793,0.02228610304,8,7.382701188,8.727977371,40,18,0,8,2920,0,1,1,3
15050,64,54647,1661.632096,0.1243000212,0.1274456522,39,2.7605417,12.33762901,36,11,2,0,4745,1,0,2,1
15051,21,77940,6303.231612,0.2061743303,0.1038831845,19,5.798731778,8.038906927,21,17,0,3,1380,1,1,3,1
15052,68,20620,5760.247307,0.2653197759,0.1023138754,24,4.895592109,1.370719016,45,3,3,9,2990,1,1,1,2
15053,38,43082,1624.646584,0.04676649194,0.07115214596,46,5.059480642,4.777566754,34,11,2,3,1506,1,1,0,3
15054,20,41891,8537.417826,0.2231632839,0.01144663783,23,4.719961667,7.791315358,6,3,8,7,1969,1,0,2,3
15055,62,126566,3357.6882,0.2763013525,0.09030110601,48,2.577467722,11.18191833,49,2,1,3,3749,1,1,2,0
15056,25,82395,3732.976751,0.1326481379,0.0861740826,25,4.510294958,11.73671192,14,16,4,9,1572,1,1,3,3
15057,40,70955,4262.5548,0.09315080765,0.09033302739,13,5.608012237,11.40843801,3,17,9,4,3927,1,0,4,1
15058,33,52314,3294.74852,0.2065437726,0.1262788613,4,3.571068752,1.874936538,87,8,2,3,565,0,0,1,1
15059,30,43500,5618.805017,0.08136135886,0.06698218071,47,2.591655961,9.431990491,12,13,2,0,988,0,1,3,3
15060,20,73685,3947.612459,0.1214440265,0.06118285535,28,2.784118695,6.668780125,28,12,4,7,4962,1,0,4,2
15061,65,143947,2668.403787,0.2701048785,0.1045784431,7,2.736732777,5.046097881,49,4,1,1,3841,0,1,4,2
15062,26,84783,9054.30119,0.1811964403,0.1225403584,16,5.020753095,12.50032612,15,14,4,9,4942,1,0,4,0
15063,31,120229,3152.672327,0.03754340731,0.1177924011,42,2.881715592,5.696441844,0,4,2,4,2219,0,1,2,0
15064,30,70189,7015.040362,0.1056122841,0.1775119295,21,7.455943247,3.14646505,33,11,1,9,1600,1,0,1,1
15065,24,113554,3537.545027,0.1919068979,0.1561373711,17,4.020649552,10.58820664,97,9,4,1,1289,1,0,1,3
15066,32,39567,4408.67787,0.1496343148,0.01991608031,26,9.454458687,2.464865793,79,0,2,4,4471,0,0,3,1
15067,24,45978,2435.840882,0.2014984019,0.1170603289,1,1.564562802,4.761287868,95,2,7,3,3937,0,1,0,1
15068,55,96089,7548.063232,0.2308180111,0.0893846998,0,3.789574212,6.94452231,32,18,1,9,2151,1,1,3,3
15069,51,29630,7398.312189,0.1493783849,0.07859974575,40,7.645153661,2.554258932,14,1,6,5,2236,1,0,1,1
15070,58,32003,320.1754635,0.296215989,0.1920002222,7,7.163050384,4.666222819,80,4,7,2,337,0,0,2,1
15071,39,61444,695.920999,0.2752554239,0.09679119868,20,4.785689924,9.803352968,57,0,6,5,4056,1,1,3,2
15072,41,106184,9231.526902,0.02737314776,0.14669263,23,8.831779396,8.58238097,80,14,1,1,3713,1,1,0,0
15073,66,51607,8899.385788,0.08726502995,0.1937465243,1,1.642348358,12.74206092,34,0,8,2,1311,1,1,3,2
15074,54,123202,5110.263209,0.09715761857,0.03869002582,43,5.581882338,2.542914054,52,19,9,1,1172,1,0,4,0
15075,61,44821,4984.238176,0.06344420343,0.02037708981,37,2.803724231,13.02599858,28,8,5,4,3025,1,1,0,0
15076,18,34601,8142.999326,0.1004847859,0.06958784359,27,4.365490808,1.596476838,75,2,8,4,1544,1,1,4,0
15077,27,65904,1470.656454,0.1331979836,0.01844441042,33,7.291559194,11.27958676,57,15,2,7,1398,1,1,2,2
15078,60,132882,6571.621301,0.02494978391,0.03218527614,11,1.890750974,3.499989733,76,7,8,5,783,0,1,1,3
15079,33,91657,4812.231645,0.04691706848,0.1984248663,49,1.393945006,13.59487287,20,7,2,6,1294,1,0,3,1
15080,63,58557,7458.97719,0.03791130485,0.1924339919,4,4.787472313,1.102613181,38,14,2,8,2355,1,0,3,3
15081,25,72523,398.017634,0.02343191235,0.1413456052,44,3.442794837,8.913506501,0,11,7,3,238,1,1,4,3
15082,66,101846,5967.982942,0.1496341359,0.1530675299,35,7.484680029,0.6859652972,48,16,5,5,938,1,1,4,0
15083,42,70502,5611.609331,0.1068028941,0.03669349475,7,1.589955349,11.17257406,76,10,0,6,2585,1,1,1,0
15084,67,143409,8424.398463,0.2812796966,0.1230947594,29,9.698548941,0.9892348462,42,3,1,2,3372,1,1,3,2
15085,29,42098,6800.679346,0.03980055528,0.03933842144,9,6.586769673,11.04374062,87,16,9,7,1314,1,1,1,2
15086,42,65902,8813.587548,0.2785502474,0.08189336966,20,5.511391353,12.2235982,87,10,7,3,665,1,1,4,1
15087,34,138502,8884.005884,0.03509822905,0.07561555482,45,4.71294694,13.4851378,76,7,6,3,3055,1,1,4,3
15088,43,109067,4140.823609,0.1895730305,0.1266524876,33,7.741047155,5.711542215,99,18,7,1,2498,1,0,0,3
15089,63,59253,1460.597924,0.08184179784,0.02514169067,33,4.206914072,8.366593027,4,19,7,8,4889,1,0,4,1
15090,65,95516,6339.808193,0.2497736375,0.02965779329,3,7.992531212,11.1361634,54,16,5,8,2415,1,1,4,0
15091,31,144582,8750.086374,0.02782769984,0.1258870656,10,7.396232627,12.40064261,77,7,6,9,1286,1,0,1,2
15092,58,121929,842.0381075,0.2862273652,0.1308623548,21,5.962140645,11.85123064,79,7,5,9,2006,1,0,0,1
15093,53,64280,5623.440404,0.0237045881,0.0745776608,40,8.998052436,12.79312489,69,6,0,4,3655,1,0,0,3
15094,40,28951,1238.495314,0.07992284781,0.03790551428,49,4.113872113,13.51583114,1,18,4,7,2789,1,0,3,1
15095,60,28117,367.2603184,0.1446135706,0.178355184,22,1.520651497,9.929621621,67,1,9,7,1371,1,0,2,1
15096,23,45979,6828.390004,0.2292567871,0.02006027159,48,4.385810387,3.022671108,62,12,0,0,4959,1,1,3,3
15097,64,94525,6850.311158,0.2858226881,0.1463013483,33,8.878014233,12.58547407,79,3,1,2,4118,1,1,3,3
15098,22,36915,6046.514645,0.1341323051,0.03660849644,29,1.695840815,7.217663627,99,17,4,1,2630,1,1,3,2
15099,60,79261,8606.305759,0.2296199272,0.1311010426,24,7.868376769,1.234352579,84,12,1,4,1881,1,1,0,2
15100,42,115071,900.676754,0.2208771408,0.1360946109,23,8.427330613,9.578185089,80,0,3,2,1518,1,1,1,3
15101,35,117660,1142.076591,0.1756389796,0.162809331,24,4.851574354,11.04833271,66,2,2,6,730,1,0,4,2
15102,30,138825,8658.900836,0.2103665611,0.08505476563,29,2.750674233,7.138934335,87,2,8,1,4904,1,1,0,2
15103,60,129912,5082.439527,0.02103933809,0.01414132896,38,4.199640563,7.846698931,69,15,9,2,1356,1,0,4,2
15104,31,118902,2803.222807,0.1380574463,0.1640993833,43,4.5862449,8.474681906,82,0,4,6,923,1,1,4,3
15105,45,92964,7407.754082,0.2378996013,0.09437292368,15,9.390329865,4.161234373,97,15,1,2,3198,1,1,2,0
15106,35,110417,8954.596854,0.1475241321,0.1709470657,9,3.561602253,5.922765344,85,16,9,2,1923,1,1,3,0
15107,45,90440,6927.072533,0.2633163294,0.1574371404,30,9.753513575,12.19984676,2,2,5,4,1223,1,1,2,2
15108,68,55677,7940.132707,0.2517549842,0.104678296,10,1.979383963,0.9337244466,38,14,5,0,4640,1,1,3,0
15109,44,131855,2896.722678,0.2603993487,0.1998858877,8,9.766264796,8.575031796,86,13,4,2,1550,1,1,0,2
15110,49,69830,2958.876058,0.04769903883,0.09779426464,35,3.009873493,0.9608363962,10,10,2,1,568,0,0,4,0
15111,64,72536,8654.826416,0.08080092612,0.1423358778,47,2.509837552,3.423750762,95,12,7,1,3315,1,1,2,0
15112,26,28922,6187.142202,0.01858320923,0.1372627258,18,2.080903918,5.90696424,29,4,4,2,2054,1,1,0,1
15113,57,116696,2418.211242,0.2950122108,0.1084326759,4,3.846328818,3.203345262,49,11,9,1,965,1,0,0,2
15114,49,87561,5289.201973,0.07848006043,0.1212165549,11,6.549054506,12.80342847,99,16,8,2,2993,1,0,3,0
15115,37,33220,6890.018668,0.116457067,0.1617356647,9,6.99697015,13.11797281,66,5,3,4,847,1,1,4,0
15116,45,65958,2263.635904,0.0897286697,0.1186065209,13,4.329595933,2.718664178,47,16,3,9,63,1,0,3,1
15117,50,73380,6583.573441,0.02154015063,0.095528178,19,3.076822905,13.43887242,39,16,1,9,3649,1,0,3,0
15118,21,22766,517.2340132,0.08576482279,0.1357956702,19,9.955259583,3.834860993,99,9,2,6,818,0,1,0,1
15119,63,104018,3106.547068,0.0384767432,0.01674671672,43,3.435284293,0.6759777896,15,7,6,3,786,0,0,3,0
15120,51,141449,6772.320936,0.1243420951,0.03074683625,35,4.404614678,11.18418104,31,17,5,6,4659,1,1,1,1
15121,65,53159,1578.555748,0.2903789943,0.0338310122,24,5.328815762,8.014404428,99,9,6,4,1636,1,1,4,1
15122,20,30935,2299.770403,0.2124960879,0.09089585607,40,7.65629252,7.726667612,61,0,6,8,4922,1,1,3,3
15123,43,23784,8803.023575,0.215001229,0.1756372956,45,2.368852593,0.5391964727,85,4,8,3,1593,1,0,3,2
15124,25,108586,6775.778884,0.1414210207,0.1322259736,4,3.395207454,14.68880844,75,17,2,2,887,1,1,2,3
15125,23,40221,5039.295232,0.2452781631,0.194797511,40,9.97215112,12.57229199,39,0,5,1,1800,1,1,4,2
15126,33,49179,2187.844582,0.2734024084,0.01758878418,26,8.426431453,14.52788976,77,8,1,9,1414,1,0,4,0
15127,41,38069,3479.9556,0.2888495018,0.1471813385,1,4.994859742,4.033266993,70,17,2,3,3586,1,0,3,2
15128,65,141185,5785.871933,0.0387071646,0.0696982959,11,1.97820224,9.253301115,65,4,5,1,596,0,1,1,3
15129,56,55682,1637.59468,0.2650967625,0.01442423292,27,8.800377997,11.32777138,10,9,0,3,3165,1,0,2,2
15130,47,76268,4869.266391,0.07527403624,0.1669260711,43,8.047037936,12.14837013,73,13,7,2,3985,1,0,1,3
15131,62,111530,4148.846502,0.1252074016,0.04091177325,12,6.226189352,11.83508534,5,11,3,8,441,1,0,3,2
15132,30,131547,4819.20468,0.1101883865,0.05067423285,20,4.640113965,8.798744906,8,6,4,4,3919,1,0,4,0
15133,22,114303,1145.052131,0.2057877116,0.07468851314,42,9.420532774,0.9581990442,18,12,4,2,4721,1,0,4,0
15134,42,147081,1154.321162,0.1833981167,0.1597878522,7,3.660947943,14.91266856,24,3,5,6,2992,1,1,1,2
15135,37,97818,9644.698432,0.04164041368,0.12867221,11,3.888227139,2.165655861,4,18,0,1,1131,1,1,0,2
15136,35,40110,9795.740564,0.2370185626,0.06032361581,40,8.879810344,3.121923303,4,17,7,9,3645,1,0,3,0
15137,64,131269,4319.030113,0.1374971665,0.04201297428,43,6.637082086,12.45430219,53,14,4,5,3987,1,1,4,2
15138,35,51232,7911.054991,0.01064433457,0.03081416503,10,9.558103919,1.958350777,66,14,2,0,4351,0,1,0,1
15139,19,146509,6592.335127,0.1302059474,0.03846514886,18,6.805100872,3.593611344,67,0,7,7,4014,1,1,4,0
15140,27,64273,1257.476861,0.159736157,0.1749475791,7,1.296917995,0.7943774063,11,15,9,5,4884,1,1,4,0
15141,62,90487,3037.118708,0.02997365871,0.1853098409,26,2.591164849,2.77172728,89,3,2,7,3722,0,1,0,3
15142,67,75210,3205.148946,0.05382922523,0.1939119834,6,3.536277414,10.05492017,5,18,2,3,3849,1,1,1,3
15143,64,93191,5998.166905,0.2981359297,0.1685990581,20,8.805347184,5.727771332,73,2,7,2,2412,1,1,3,1
15144,29,49461,5841.769452,0.2626466666,0.1786041618,26,8.477699445,2.459446706,90,4,9,9,2735,1,1,0,2
15145,64,24610,9242.736068,0.04866495161,0.1650596651,13,8.112943557,4.327952414,86,1,7,3,3948,1,0,0,1
15146,30,76973,7921.359508,0.1782897259,0.1920305961,31,5.981838584,11.42831703,37,9,2,6,2413,1,0,4,2
15147,67,117153,8582.79188,0.1199805562,0.1706736789,28,2.250639545,8.57427571,29,8,3,5,2205,1,1,0,3
15148,64,103004,8923.163275,0.1676847185,0.09778050951,23,2.180806895,7.402632778,36,11,5,8,1934,1,1,3,2
15149,28,27583,8032.639058,0.1464552061,0.07141831973,27,2.134827552,1.176542145,24,13,0,6,80,1,1,1,3
15150,36,45583,3395.524484,0.02396318826,0.1210002589,23,8.691507908,7.920024953,43,14,8,2,53,1,1,1,0
15151,52,37701,2228.628416,0.1014718902,0.1255548323,1,2.274013793,7.482158457,59,0,1,9,2271,0,0,1,0
15152,56,26880,5760.496646,0.04640096879,0.1192337624,30,8.276746728,6.921597041,13,15,0,4,2831,1,1,3,2
15153,43,120653,6926.726333,0.1518007468,0.1442780051,11,8.602746063,7.568642186,66,5,4,7,1842,1,0,4,3
15154,63,109257,3927.022893,0.2731218488,0.14280555,0,1.945307299,1.577300607,67,4,6,4,4033,0,0,3,1
15155,31,71845,8498.552635,0.298704504,0.02656691395,20,9.118028452,14.02865558,35,18,7,4,3716,1,1,0,3
15156,62,125512,9609.609269,0.2838333899,0.06424926583,28,9.077843445,4.938926808,24,14,4,2,2951,1,0,2,3
15157,61,112390,5737.017689,0.2958521662,0.1790734356,29,6.743905926,9.961483034,7,0,7,3,1786,1,1,2,3
15158,41,132024,4620.261416,0.01442143158,0.1221066603,41,5.617086514,5.705293712,24,16,2,8,4500,1,1,2,0
15159,58,92417,8444.582458,0.2215396237,0.07241969266,0,6.825750345,5.255072731,35,6,6,8,582,1,0,1,3
15160,18,23722,340.2685152,0.08915515495,0.1715871434,21,4.64334549,11.01246718,29,7,7,2,3394,1,1,3,2
15161,68,40077,1377.224897,0.2610292137,0.05731803427,41,6.297942459,6.572226909,78,2,4,4,1049,1,1,3,0
15162,60,100868,8472.010824,0.2459827123,0.08774797423,7,9.725727394,9.430177398,59,6,4,7,2075,1,0,1,0
15163,39,139080,7347.082998,0.132865627,0.06248840662,12,2.019607949,4.476259841,44,7,6,4,3666,1,0,0,0
15164,40,147430,4219.753312,0.1472455958,0.1755564855,13,3.104117681,4.349234515,46,18,1,6,140,1,1,2,3
15165,36,125528,8899.633391,0.08687658401,0.1483748505,41,5.716812227,3.386406897,49,11,2,9,3264,1,1,2,1
15166,35,33229,3579.437048,0.0937531705,0.09744287248,0,3.327476954,4.863243553,68,9,8,2,2278,1,0,1,3
15167,29,93338,6375.069043,0.2945405828,0.1871371582,31,9.934924942,1.441089747,81,4,6,1,4645,1,0,2,3
15168,45,81679,6379.911256,0.2677673377,0.1862145083,37,7.482433374,1.628134236,95,4,5,1,764,1,1,4,1
15169,45,107637,1924.885737,0.06564200191,0.145189755,11,4.905787791,12.86719009,41,11,0,8,2696,1,1,3,3
15170,50,31439,2920.032188,0.08990215658,0.1794787903,46,9.124675991,4.558100087,49,12,6,0,4564,1,0,2,2
15171,36,55902,9168.468535,0.04150791799,0.1466846931,44,2.300022402,8.305817716,6,0,4,0,2752,1,1,2,1
15172,45,22598,1915.807053,0.2967725271,0.1293602548,46,3.591144822,7.69820328,3,16,5,1,3143,1,1,4,2
15173,69,112297,1818.388756,0.2730908567,0.08994877341,15,9.603399357,9.695763485,53,18,1,5,4757,1,1,0,2
15174,66,24052,4848.19319,0.1701084162,0.0619592548,23,6.012747466,9.895152265,44,1,7,5,1561,1,0,0,0
15175,54,32741,1012.753946,0.2109390001,0.02144889815,43,9.2859676,5.818381458,30,17,9,5,4670,1,1,4,0
15176,43,89360,8956.799271,0.2269046125,0.1621652946,19,9.857867091,2.434748942,79,19,5,5,2256,1,0,0,1
15177,52,56288,1091.476469,0.06910525596,0.03321098536,42,4.242034775,3.072490762,60,10,1,5,3896,0,1,1,3
15178,51,21249,6203.919021,0.2810532378,0.08796635573,43,6.188364811,5.71020734,44,13,7,7,4116,1,1,4,2
15179,52,42970,3463.840379,0.162755387,0.05458050071,31,8.620251831,8.621590474,2,14,0,5,1873,1,1,3,3
15180,57,35565,8062.301566,0.03681094588,0.09637899682,26,3.454669802,9.406577321,46,11,1,8,3616,1,1,3,2
15181,33,76995,5939.126383,0.1251539563,0.06984692684,33,5.020788156,14.01915575,48,5,4,4,3932,1,1,3,0
15182,55,103994,3944.230797,0.1844775013,0.1676418308,21,2.379877197,4.925696799,2,4,5,3,3294,1,1,2,0
15183,30,71656,9840.342547,0.1123187255,0.1958539266,2,6.872833167,2.084776281,2,13,4,0,314,1,0,4,0
15184,40,82134,755.6867858,0.212769284,0.1888954074,16,1.037749649,8.296042945,92,5,1,1,4141,0,1,4,1
15185,39,65765,5820.084402,0.2657944943,0.1282502846,13,5.043774574,1.465652077,82,2,2,3,2770,1,0,0,2
15186,33,22014,9896.726284,0.2338487161,0.196062544,26,9.362304928,2.901475554,3,5,9,8,3165,1,0,4,3
15187,45,90480,6940.431168,0.1963708258,0.08613730507,38,9.075722155,8.534960672,58,13,3,3,1285,1,1,4,2
15188,65,119252,7423.719353,0.1585256696,0.1092726144,19,8.233928071,13.90484476,34,19,7,7,4661,1,1,0,3
15189,52,134794,417.7023313,0.08379441088,0.0588014681,45,2.270431958,3.335452768,52,17,0,1,4976,0,1,4,3
15190,62,128987,311.4953147,0.1419343878,0.1806166811,30,5.682340499,5.756223574,15,16,5,0,2210,1,1,4,3
15191,63,34012,457.4901086,0.09495634307,0.04414473302,40,7.472251977,6.921389625,50,8,6,8,3350,1,1,1,2
15192,25,149059,9918.066632,0.2808667805,0.1259926199,30,1.910562227,14.32574218,25,7,8,9,1444,1,1,0,0
15193,61,122996,9797.245631,0.2731202355,0.1618962826,28,2.323035563,11.16641731,37,3,2,5,4389,1,0,1,1
15194,39,77498,3411.638365,0.05518965116,0.1231257619,41,1.360591157,5.316207163,67,9,9,9,3378,1,1,2,1
15195,38,88776,2980.719981,0.2485598641,0.0249672914,42,3.907662584,4.434813928,33,16,2,4,4976,1,1,0,0
15196,43,143675,1544.991581,0.2138452621,0.126174907,31,8.895901017,8.018318163,20,19,9,2,4458,1,0,4,1
15197,57,81711,3358.488962,0.292811399,0.1557450712,29,5.567281975,6.029978801,40,4,3,8,3601,1,0,4,3
15198,38,62530,3764.484312,0.1443589049,0.04568735018,42,8.679436394,9.443574478,58,16,0,1,3633,1,1,1,1
15199,42,99267,7507.999886,0.2194305677,0.1500210426,26,1.752851546,8.253952723,88,13,6,9,2751,1,0,1,2
15200,58,139991,8676.306174,0.1601863368,0.1769297645,18,1.504924579,0.9895966224,2,11,9,7,4317,1,0,2,0
15201,18,38018,7492.677685,0.03012614404,0.197427114,27,8.235109622,1.579891012,55,6,2,3,82,1,0,2,0
15202,23,148236,6500.103501,0.02356177742,0.08791126012,44,5.479751428,2.443720195,61,14,4,6,620,1,0,4,0
15203,40,128434,7682.410773,0.04541231844,0.01478085269,9,5.2383614,9.935864382,17,14,6,7,3498,1,1,3,0
15204,68,37916,7411.125044,0.09589540852,0.08962501008,15,5.28084349,14.6701323,88,11,4,0,4688,1,1,2,2
15205,40,60376,4809.921968,0.08514280069,0.1354432896,30,4.429641306,7.062998239,95,0,5,9,3236,1,0,4,3
15206,60,113140,3424.928884,0.2212147339,0.1793593572,9,8.977645886,2.666240245,83,7,3,0,3653,1,1,2,3
15207,60,130713,2899.529097,0.2176175931,0.1882401005,9,5.68897417,9.345653249,14,19,0,8,1899,1,0,0,3
15208,40,136128,6825.619049,0.2917044282,0.1828193995,27,9.764986336,9.568434626,65,5,6,8,1905,1,1,1,1
15209,49,85046,9597.110832,0.1000133394,0.1350123568,11,8.61873353,11.45845493,29,19,1,9,1512,1,1,4,3
15210,47,78742,5852.441717,0.2821511043,0.1396793781,32,7.63813915,10.79253277,75,1,6,0,4894,1,1,2,1
15211,30,105566,9134.012374,0.187726675,0.01045292336,27,6.725871835,10.47371551,38,17,0,4,4389,1,1,1,2
15212,60,97125,240.8707726,0.1536395262,0.07910893625,17,8.516531997,11.0101748,63,2,8,3,1301,1,1,3,1
15213,35,107519,7965.259403,0.2036739996,0.1823026849,27,8.935576375,12.37876376,56,19,9,9,4308,1,1,2,3
15214,40,32437,8550.666314,0.213799081,0.1410273562,27,2.199167783,13.48414092,62,2,3,3,4565,1,1,4,0
15215,32,82146,6346.838996,0.05985941837,0.0989049427,42,4.237668833,0.5493894575,6,18,8,1,3756,1,1,0,2
15216,50,47618,9347.203894,0.227997496,0.02980795883,38,8.249040619,10.16018903,85,5,2,4,1186,1,1,1,3
15217,38,70767,5940.13863,0.2203001017,0.05680016653,13,2.991750959,14.14759195,71,10,1,1,3707,1,1,1,3
15218,56,29705,2481.315335,0.2992843623,0.1154352784,7,6.275782584,11.48912015,86,12,4,2,3420,1,1,0,3
15219,40,77146,2235.600572,0.2744648564,0.1805252876,29,8.024054588,1.679837161,22,5,2,7,3863,1,0,4,2
15220,44,108216,5602.77904,0.2085514672,0.02820434605,35,3.015440948,11.17657474,75,17,5,8,189,1,1,3,0
15221,62,100912,9074.190912,0.2165854768,0.03921353443,2,4.618126755,4.162646791,5,14,3,8,4368,1,0,0,0
15222,61,71750,816.442663,0.2843358338,0.1344509645,9,9.236041071,3.168813704,57,13,3,6,995,1,0,3,0
15223,35,110956,6083.466071,0.2904816992,0.06588844898,8,4.204021232,3.446415212,13,13,9,3,2111,1,0,4,3
15224,41,64379,7721.054383,0.2498199072,0.04224372039,46,6.442479382,14.59595075,27,0,4,8,1558,1,1,2,1
15225,68,72682,1242.480489,0.2325441282,0.04390283337,39,4.904603757,10.05714479,4,16,5,0,4681,1,1,2,3
15226,64,84713,1256.019938,0.04229608878,0.103596513,12,8.893306215,14.67890101,67,13,9,1,3804,1,1,4,0
15227,57,125894,3724.667167,0.2507934355,0.1209114086,21,4.817328517,12.78433045,55,12,9,9,4506,1,1,3,2
15228,68,137015,2811.423618,0.08342674675,0.1818263987,23,4.233048424,13.91099283,24,9,9,4,1427,1,1,0,1
15229,59,124869,2063.310173,0.1734974458,0.1106652659,6,2.559452838,8.546613854,26,5,5,4,2699,1,1,4,1
15230,24,76919,2067.072319,0.1275580164,0.1413419805,12,4.143179945,5.556734397,59,0,6,4,3237,1,1,4,3
15231,67,80384,1393.623421,0.1102261172,0.04433033101,5,7.025989511,11.20874461,3,4,6,7,2361,1,1,2,2
15232,65,71128,6147.45473,0.09997250043,0.1455574545,9,2.582297484,0.7619520264,28,15,3,9,453,0,0,0,1
15233,37,21835,6912.443475,0.2580738534,0.1332517819,10,7.348367759,9.834374546,90,19,5,1,4845,1,1,2,0
15234,44,41283,7059.068646,0.233049475,0.05107459188,28,1.095823276,14.36902626,6,15,3,9,3265,1,1,3,3
15235,23,69506,5370.304364,0.1618001382,0.1371817184,15,4.302577049,12.76502013,31,7,1,8,2175,1,1,3,3
15236,44,128101,9533.77207,0.2026993432,0.05018348842,19,5.193413475,3.247229911,19,16,7,4,1475,1,1,1,0
15237,26,73625,8817.274498,0.2955131056,0.1227797773,20,1.865083043,2.356605738,63,17,0,6,3165,1,1,4,0
15238,62,55963,9580.548312,0.1252851894,0.1370814439,28,7.156876599,12.48397061,42,17,4,8,769,1,1,0,0
15239,48,145007,3949.075233,0.1698191757,0.1417366035,13,1.924812184,1.274163477,99,8,2,4,3064,1,1,0,1
15240,38,132172,8790.053284,0.1647218766,0.1827606526,40,1.809656117,14.93193333,29,5,5,3,445,1,1,2,2
15241,43,29179,7652.459524,0.2814319888,0.1900890974,15,4.311397869,7.277291123,59,9,7,8,4796,1,0,2,1
15242,57,114440,3465.73174,0.1119531011,0.163937611,8,7.644685644,13.95009207,92,8,0,7,2719,1,1,0,2
15243,65,126649,1155.273259,0.2960138776,0.1769621415,5,9.673074637,12.2635191,27,14,9,2,2565,1,1,2,3
15244,62,119210,6857.950374,0.09836230794,0.01367248779,37,7.984160499,10.61189253,39,19,3,3,3897,1,1,1,2
15245,30,31955,1450.878009,0.04158304024,0.07890694066,28,5.194042215,3.483474473,66,13,3,8,4544,1,1,4,0
15246,66,134072,3008.380489,0.06549832812,0.01754722075,17,3.453376203,1.741959266,90,13,5,0,3158,0,0,1,1
15247,40,27198,5053.609307,0.1336041891,0.0527206179,23,3.712723595,10.0071636,84,8,0,6,4725,1,0,3,0
15248,37,87156,6830.837098,0.1984292255,0.08252762133,16,3.553287635,3.251242917,36,8,5,9,248,1,1,0,3
15249,54,64588,9269.653806,0.1598793138,0.1748393469,35,3.504905021,12.51634289,98,0,9,2,2823,1,1,1,1
15250,45,31766,5973.076444,0.1191206712,0.1072332764,20,1.62186389,1.472824694,58,9,8,9,893,1,0,1,1
15251,34,116626,6746.989687,0.1729896471,0.1332835997,18,2.984013173,8.095889241,19,9,0,6,2870,1,0,2,0
15252,45,73570,3169.137116,0.2532538201,0.07893496299,22,1.971347348,6.619703651,62,6,2,8,215,1,1,2,1
15253,58,126827,6904.196903,0.253289998,0.1245540223,26,1.066363989,13.91051857,72,4,4,9,1717,1,0,2,0
15254,19,89874,4434.122195,0.2206060876,0.1649519348,10,3.570415262,13.52829861,34,17,9,0,4548,1,0,3,2
15255,42,68679,8583.618711,0.2862100529,0.06723586258,25,4.169722307,10.94434521,57,0,1,3,4561,1,0,1,3
15256,67,135117,3985.260088,0.1811593536,0.1871287726,10,9.346900756,11.45209986,9,16,2,2,2830,1,1,4,0
15257,58,25301,4735.893014,0.01222071492,0.05052956422,42,9.9533953,10.74471571,58,17,1,5,3147,1,1,2,3
15258,23,35144,4382.618793,0.09436959352,0.1846672482,21,6.214937985,10.28458867,20,19,3,3,3181,1,0,3,1
15259,28,33784,8130.11606,0.1051845843,0.01537653362,18,9.108851603,14.95570492,42,11,7,4,2506,1,1,3,3
15260,55,87959,9541.62205,0.1687245624,0.1131229328,7,6.564034306,11.17297893,42,8,8,4,4754,1,0,2,3
15261,23,28272,3340.03538,0.2724179467,0.1971828515,22,5.478201177,14.21093054,87,8,7,2,675,1,0,0,3
15262,62,21573,4802.776218,0.2530533394,0.1258579581,47,1.384149231,6.839777234,0,16,9,6,1310,1,0,1,1
15263,28,44419,7088.67004,0.07733016574,0.1154237084,22,1.401365107,14.97280553,45,12,9,5,3677,1,0,2,2
15264,31,102339,8964.278058,0.1606231684,0.1396693469,39,1.277177044,9.409744901,30,16,0,8,2487,1,0,4,2
15265,19,118770,4987.636899,0.2011531043,0.06496742709,8,2.35072287,13.62147669,62,1,8,4,3094,1,0,1,2
15266,57,68555,1178.045731,0.2963783468,0.02024391442,23,1.692118094,1.818396094,45,6,4,2,326,0,1,3,0
15267,20,25176,3749.846697,0.01907781761,0.05770220734,11,2.752107791,9.352960408,22,15,1,4,20,0,1,4,0
15268,52,56161,5548.582666,0.1445244219,0.04348696176,11,5.672888663,14.89555674,17,14,8,9,3015,1,1,1,1
15269,50,83440,4233.493599,0.2965515097,0.185478155,31,5.528807776,1.465151469,61,12,1,8,3523,1,1,4,2
15270,41,128061,1946.901695,0.2933896811,0.1719297854,1,4.09764511,14.2322203,26,12,0,4,2759,1,0,3,3
15271,36,78862,466.1960039,0.1059106901,0.07036563788,5,6.993775631,2.61555161,43,14,2,6,104,1,1,2,2
15272,35,142121,6905.345794,0.01000485351,0.1688531682,3,4.527312043,14.94372395,45,19,5,0,2122,1,0,4,0
15273,66,142082,9928.098189,0.1801530296,0.05023301084,12,2.982161898,4.689626264,60,12,2,6,1160,1,1,2,1
15274,69,35164,9200.145676,0.2614122667,0.0479200582,35,7.229377845,12.0078316,11,9,5,3,4881,1,0,3,2
15275,41,97758,6864.382018,0.104046195,0.1558317315,40,9.821836428,0.9018078068,98,16,2,4,1172,1,1,3,0
15276,62,136723,8431.145104,0.2809382898,0.07211681639,38,8.296346525,4.658528451,15,8,9,7,1502,1,1,4,0
15277,52,45379,2631.703423,0.1064837068,0.02231060149,37,4.726464416,9.246354675,20,9,1,7,3976,1,0,4,3
15278,18,111189,6262.100917,0.1869583828,0.1467974504,17,4.381014464,3.795187081,90,14,1,4,1964,1,1,3,2
15279,53,103552,699.9817324,0.2193933612,0.1980242622,14,1.34783843,11.53081997,99,0,3,1,4705,1,0,4,3
15280,42,38368,7101.12088,0.1101705717,0.1175357658,47,6.91365386,10.29711171,63,3,2,5,4500,1,1,4,2
15281,62,109041,9701.736156,0.1121398595,0.06009683931,32,3.003615628,14.86778112,12,15,7,5,4822,0,1,4,1
15282,66,52771,8621.893341,0.1462985006,0.0808520818,41,7.151662164,8.972673465,49,10,0,0,4267,1,0,4,2
15283,60,84950,5390.96466,0.2522147942,0.1332434161,29,7.841524493,11.63770702,7,5,5,4,547,0,0,1,3
15284,51,60245,7908.528171,0.03924672259,0.1432621263,35,8.918164586,1.580611686,55,8,5,3,3297,1,0,3,3
15285,42,124302,9444.598218,0.1931290218,0.1784031224,24,5.934250076,1.123387649,55,15,4,0,2889,1,1,3,0
15286,33,118906,2238.574022,0.2064308995,0.1826787207,3,8.469798451,8.933884957,7,3,9,7,2339,0,0,0,2
15287,51,92792,7953.259278,0.1717831004,0.1736429173,17,7.508667733,14.78760028,79,13,7,7,2975,0,1,2,2
15288,46,63327,2771.484884,0.2813931323,0.133213276,44,4.176830542,4.397478787,86,10,0,1,503,1,1,0,1
15289,36,66454,8781.779477,0.1845773079,0.09547195027,32,1.957859573,0.5248379663,44,10,4,9,3392,1,0,4,0
15290,40,113787,1073.709606,0.1940272578,0.139068042,19,3.179529519,5.443283004,97,2,3,8,4304,1,1,4,3
15291,36,143380,1864.362347,0.1839304081,0.1366474369,41,8.601200674,11.21672804,23,0,7,2,2091,0,1,1,2
15292,42,66741,7234.102988,0.2193854447,0.05141675505,20,5.809795941,12.13293776,20,11,9,2,3272,1,0,1,0
15293,33,51977,1830.297288,0.04926873054,0.1064351896,0,6.990062747,11.82548535,12,15,1,3,2257,1,1,1,1
15294,68,118200,1664.737589,0.2693401338,0.04956080515,33,8.254667568,1.673389914,49,7,9,6,2965,0,1,1,0
15295,26,26714,5599.122086,0.02232277365,0.1808335184,8,7.003385578,11.67702257,50,0,6,1,1994,0,1,1,2
15296,18,126680,8366.373653,0.1958157484,0.07141710263,0,8.704491421,1.683987027,3,1,1,9,3575,0,0,1,2
15297,59,97237,2757.82751,0.1884894703,0.1630309379,46,1.777236208,14.81387874,92,11,7,1,1833,0,0,1,1
15298,36,34891,8427.268009,0.07035512695,0.08167314232,26,9.132821899,5.871977076,59,13,4,8,4046,0,1,1,1
15299,50,121555,8098.738626,0.02180618237,0.1551098669,14,8.313597102,10.55558726,67,19,1,3,495,0,1,1,1
15300,51,72299,5833.143469,0.05026226514,0.05197336642,23,9.127067792,7.525496175,20,16,0,6,2403,0,1,3,3
15301,33,85167,6500.971262,0.08878489594,0.1551112113,24,7.577722144,3.989380847,33,6,8,8,1931,1,0,1,0
15302,61,85124,500.3677475,0.2658106503,0.04411108655,33,3.469542115,9.357408787,72,1,1,6,1844,1,1,2,0
15303,57,113052,3734.642027,0.2581629772,0.1032553327,43,2.024914123,0.7308625864,24,12,0,4,985,1,1,1,0
15304,35,78639,2707.609818,0.02851811654,0.03158908151,49,2.166743242,7.824769084,84,12,6,0,2992,1,0,4,3
15305,51,60912,1585.038221,0.09388772233,0.1103006354,9,5.490142816,1.066072853,3,5,5,8,4706,1,0,4,0
15306,42,134742,3957.627359,0.2679017105,0.1659357265,29,4.518427687,8.733146074,63,11,7,7,1132,1,1,1,1
15307,62,95452,3613.551544,0.07863111825,0.153553921,44,6.887956844,7.130711552,79,15,9,4,449,1,1,1,0
15308,23,88446,7316.027613,0.2988299381,0.01963589091,40,5.529498764,13.47353868,24,2,2,8,1727,1,1,4,3
15309,38,103790,6021.153771,0.08448365678,0.1035137386,24,2.127879977,14.5070483,39,11,2,7,3478,1,1,2,3
15310,23,81516,9139.690681,0.2243428444,0.171922809,2,1.020209602,9.940964736,6,15,5,3,2917,0,1,0,0
15311,49,145223,1539.535072,0.1309471603,0.1335196632,21,2.154818315,3.185221352,44,8,5,1,2537,1,0,3,3
15312,58,64250,691.5111927,0.04951092009,0.02124825061,39,2.320650491,8.091680594,4,12,2,8,3666,1,1,4,3
15313,65,56116,5392.617096,0.08399483787,0.07187008445,45,7.479266722,0.5235997678,39,11,5,8,3841,0,1,1,0
15314,60,103521,110.1686722,0.2057842419,0.1157515089,23,3.567529373,11.63697898,20,14,0,6,502,1,1,3,3
15315,56,42151,7898.417537,0.1077463566,0.04280378029,26,1.842732443,1.09688586,33,3,0,7,4114,0,0,1,3
15316,48,145673,5109.131598,0.185197184,0.1395636728,25,7.798410995,12.20974233,47,16,4,3,3700,0,1,0,0
15317,59,91366,4931.849203,0.0696040024,0.1306208178,15,9.46437409,4.337830851,21,9,3,9,2630,0,1,0,1
15318,27,64297,3688.710189,0.1400884819,0.04846441323,37,1.904340546,4.125450368,90,15,1,3,1348,1,0,4,1
15319,47,60888,3812.240978,0.1585512763,0.1145756133,40,9.667531661,1.800357874,60,11,2,0,2151,0,0,3,3
15320,69,76195,4368.223415,0.1297075234,0.1642265256,3,9.552382816,10.44357643,73,5,0,8,3206,0,1,3,2
15321,35,104010,258.7202098,0.06739622909,0.08121707296,22,5.708058679,5.806880259,78,15,5,9,1395,1,1,0,2
15322,41,91016,927.1032934,0.1438505221,0.05692744925,18,3.661889273,1.803633274,2,11,9,8,4873,1,1,1,0
15323,69,94979,5099.975398,0.2109411626,0.143231909,14,2.242829566,5.15463034,76,5,4,4,2539,0,1,4,0
15324,26,124674,1586.210426,0.2898226422,0.02345281966,30,8.414681814,13.87060502,89,14,9,6,4713,1,0,2,1
15325,48,74334,7809.749823,0.2389612699,0.1682080233,23,6.44265942,1.006702613,55,3,5,2,1030,0,1,0,2
15326,32,118474,2817.403223,0.05682643964,0.1892572038,10,6.861687557,10.20128178,64,4,5,7,3650,0,1,0,0
15327,21,149986,1069.20641,0.08908353644,0.193309531,9,8.747891423,7.764584617,72,16,1,8,4281,0,1,4,2
15328,57,88345,2428.578266,0.03285892968,0.09218236332,7,4.995497765,9.165846066,38,3,7,7,1539,1,1,1,2
15329,26,59761,3635.272479,0.04933836204,0.1284085398,2,4.312975677,6.178845866,25,10,5,4,932,1,1,3,3
15330,62,142617,449.6344251,0.08269805981,0.1728992659,18,7.860742272,7.482354773,17,18,1,5,68,0,0,0,3
15331,26,46930,1502.587691,0.06786293623,0.05245055811,3,3.674981752,11.50982654,71,13,0,2,741,1,0,4,2
15332,43,79117,3306.082869,0.07195828272,0.01526350706,28,3.951332552,7.506086588,14,5,8,2,1822,0,0,4,1
15333,21,43095,3173.756691,0.07692336567,0.08306758417,44,4.429821123,5.956192026,45,9,3,6,3879,0,0,4,0
15334,34,97482,8023.828296,0.09719682178,0.1780305012,40,8.707222032,4.498434784,21,9,9,8,428,0,1,3,0
15335,33,23991,8448.229206,0.0464199599,0.1059636632,20,8.012038903,7.032261544,37,17,7,8,1832,0,1,0,1
15336,32,43519,2014.844132,0.09057214531,0.1107416002,44,3.6227609,8.847929036,45,16,1,1,3527,0,1,4,3
15337,52,46657,1327.004851,0.2096394299,0.1413800686,8,2.292511253,5.929991838,3,1,8,6,2207,1,0,3,3
15338,69,20826,6378.208595,0.07855628995,0.1191582795,47,4.535138628,13.56431803,20,12,7,7,3407,0,1,1,1
15339,22,62625,8065.773201,0.05983314402,0.02035056142,17,6.620965715,14.94120685,79,11,1,0,1421,0,1,2,1
15340,22,102049,9640.858663,0.02963174203,0.1165634238,18,7.086222655,3.459718268,45,4,8,9,431,0,0,0,3
15341,37,37801,167.283219,0.154991731,0.1331121817,16,2.803871071,9.841836599,88,7,7,3,1635,0,1,3,2
15342,32,49846,4195.413323,0.2541749911,0.1319031978,43,3.244617119,3.489194048,22,3,1,8,2117,0,1,2,3
15343,35,59566,7366.479558,0.02711482684,0.1483853902,42,9.370910972,8.345238257,16,2,5,8,4494,1,1,2,2
15344,64,43157,8302.737059,0.1672745479,0.1087848526,23,4.465538334,6.202739708,95,3,4,4,2058,1,0,3,0
15345,19,48363,716.630892,0.1986794855,0.1810111716,48,3.827283718,4.058493668,65,8,1,6,3344,1,1,3,0
15346,46,70559,6838.083743,0.1818138805,0.09820951655,5,7.261392176,5.460128123,0,7,7,5,2462,0,0,3,2
15347,30,25136,2960.493302,0.264510729,0.1084554299,30,5.210893798,2.288442201,72,10,0,3,1741,0,0,4,2
15348,21,77937,838.5098974,0.2612547183,0.1582580937,26,3.221217494,1.652594413,89,14,7,6,2720,0,1,1,3
15349,59,37421,4942.115559,0.02661920183,0.1683146454,46,4.683674395,7.026824034,48,10,5,2,513,0,1,4,1
15350,62,145008,1665.718098,0.1146737511,0.1331886787,33,2.297757489,12.3212797,34,15,8,0,2749,1,1,2,2
15351,27,146158,7396.374429,0.2045406508,0.03401091041,45,3.516073305,10.40205369,59,5,5,1,741,0,1,2,0
15352,48,98027,7438.491817,0.2862089501,0.07307089789,26,4.766162936,9.132317241,5,14,0,6,1973,0,1,2,3
15353,58,27546,8436.470873,0.243358591,0.01382955495,26,5.661944934,6.597318725,40,13,9,9,548,0,0,3,0
15354,25,91439,3837.929983,0.06121090005,0.06613546355,34,7.674916189,7.294004587,72,15,4,3,2265,1,1,0,3
15355,20,66623,231.7669926,0.09097056295,0.1183464153,11,4.464492323,0.8116983943,83,13,6,6,2945,1,0,4,1
15356,65,36406,2671.38579,0.2314422205,0.1629938405,28,5.911341913,14.13203956,48,3,3,7,675,0,0,0,1
15357,63,100485,4731.335825,0.1467277057,0.121273457,5,9.55905669,5.007502375,25,9,3,6,2266,1,1,1,0
15358,26,29825,6970.711666,0.1687177082,0.01757998459,36,8.364846626,13.75961133,33,14,2,4,524,1,1,1,2
15359,47,91823,3882.201798,0.1866041479,0.05923022738,6,3.133079426,10.88562862,73,8,7,0,1667,0,1,4,2
15360,28,130497,5406.879121,0.03995454014,0.1198317195,5,2.921349987,8.644952547,93,13,4,5,370,1,0,2,0
15361,52,147079,5290.209516,0.2582289897,0.1447190671,18,6.964268485,6.95560081,3,18,5,6,1575,1,0,1,2
15362,54,54173,1733.325259,0.2603089874,0.1746262315,13,6.357969413,5.183038672,97,12,2,3,4390,0,0,0,2
15363,59,127974,6268.190051,0.1457894388,0.1938525911,49,5.921856639,9.755429701,8,18,0,2,1750,1,0,0,0
15364,30,75619,4448.592109,0.1917851134,0.179439458,20,2.387537029,14.56827962,68,4,7,5,2982,1,0,3,0
15365,53,103114,8098.395146,0.2013721948,0.09879231751,13,4.263558838,12.1627248,8,6,7,9,3171,1,1,2,1
15366,30,127071,6937.05096,0.06501954957,0.1519166071,39,7.834334826,6.171370224,24,19,6,2,3299,1,1,3,0
15367,29,27923,1203.544943,0.04264960026,0.05570028196,13,7.512292661,7.491533388,39,2,6,9,2666,0,1,4,1
15368,54,54374,4938.708259,0.01599515446,0.02212785096,31,2.4865643,7.292614004,66,6,3,7,1348,1,1,1,1
15369,27,81713,7054.694149,0.2747357298,0.02046311267,25,4.841738947,4.263385932,24,13,9,4,2680,0,0,3,3
15370,26,61411,961.4160855,0.1102568538,0.05584808009,2,4.984421587,12.78567771,50,4,5,5,1862,1,1,3,2
15371,69,84368,7945.720622,0.03489097115,0.01713280618,14,5.57723646,10.54608651,17,15,5,2,2877,0,0,4,0
15372,24,28316,2297.844695,0.1450819938,0.1715517586,20,5.150426204,9.164246167,58,19,7,0,4909,0,1,0,2
15373,19,129950,5080.539475,0.03193128287,0.1030849439,29,5.51544087,6.782866325,74,0,0,0,4662,1,1,0,3
15374,40,30556,9411.556746,0.03472271831,0.1640710077,47,8.318300124,3.965503905,86,14,5,4,4474,1,1,4,0
15375,56,30058,5756.208925,0.1517767503,0.1885806726,46,4.505208984,9.777160652,58,11,1,4,1141,0,0,0,0
15376,57,124554,4298.139072,0.1575626313,0.1988424984,13,5.968227509,3.933101886,33,13,4,0,4031,1,1,4,3
15377,56,119987,167.2697813,0.1782414947,0.1880611618,46,6.460902457,0.6276761905,52,15,8,5,3369,1,0,0,2
15378,38,45482,1420.794865,0.2003303292,0.1461457915,38,9.480745424,1.466256545,97,15,0,8,4430,0,0,4,1
15379,40,64494,5828.772462,0.2037975374,0.09397613385,36,6.892626291,10.56315735,46,3,5,3,632,1,0,0,3
15380,46,45005,4988.867902,0.1355690394,0.1236171194,40,2.176148906,5.974448393,23,1,8,7,1930,0,1,3,3
15381,31,104671,3701.908839,0.196624587,0.1651343099,47,6.242118955,3.492911798,60,6,4,6,1862,0,1,3,0
15382,43,109424,9239.837265,0.0983745293,0.180535356,27,6.957270368,3.94907245,56,4,4,5,146,0,0,0,1
15383,68,52481,3391.577121,0.1379793754,0.191729009,1,1.085514836,7.669806065,65,6,2,1,2566,1,1,4,3
15384,22,48401,5417.792489,0.1240648441,0.1488150828,21,1.677753115,13.62897334,76,1,1,8,1187,0,1,3,2
15385,48,60431,5730.262754,0.1054419004,0.1125911743,6,1.170982856,4.397540077,19,11,6,9,3085,1,1,1,3
15386,42,84459,5321.937062,0.07918553943,0.1939906249,43,1.434276531,10.00408026,70,0,2,5,2647,0,0,0,2
15387,48,110473,4828.095376,0.03275311016,0.1921387427,31,1.806985482,12.47105033,72,2,2,9,1732,0,1,1,0
15388,67,131387,3436.930987,0.1567140386,0.1007350391,15,9.620339427,7.585914753,33,0,1,0,1903,0,1,1,3
15389,37,143311,9096.759967,0.165813574,0.1332450942,35,2.860488001,0.8919759934,53,2,3,9,166,0,1,2,2
15390,61,137410,4562.952291,0.1074849628,0.1637607581,1,2.841019595,12.04446865,64,15,7,4,2586,0,1,1,0
15391,34,140327,5331.643787,0.2929947203,0.09228503027,16,8.716775321,13.25082266,71,18,3,5,921,0,1,1,0
15392,62,98682,6599.13204,0.171518751,0.1675817491,48,7.774808924,0.9501099372,50,7,3,7,1999,0,0,2,0
15393,19,115637,769.7948201,0.2678130505,0.03117653977,2,7.082338312,2.184921497,40,18,9,9,1265,0,0,2,3
15394,42,96789,7834.7526,0.1753247398,0.101418827,47,4.795618113,1.761936147,0,4,9,3,1784,1,0,2,0
15395,30,68504,5173.82237,0.06507559736,0.1016963748,22,1.280592983,3.707116147,24,0,5,8,4808,0,1,4,0
15396,56,23223,6606.051665,0.2926405365,0.1400848407,36,8.43885815,7.692063218,92,12,8,2,158,0,0,2,2
15397,45,90977,7742.919448,0.266747153,0.03211847193,38,8.747166353,0.9834695096,51,4,2,7,3387,1,1,4,0
15398,59,128126,8753.583969,0.1466693667,0.02960998236,27,5.33613765,2.950941715,80,19,6,1,2183,0,1,0,3
15399,23,60149,3982.982128,0.08048678862,0.1811130144,44,6.803956835,6.405144459,70,18,3,5,1829,0,1,4,1
15400,20,32863,8133.155938,0.07457418872,0.06771087825,40,5.298888801,9.67951658,98,6,6,0,2652,0,1,0,0
15401,52,123488,2662.485266,0.2437459239,0.07211525188,7,3.665429219,13.68896862,15,12,3,3,3615,1,1,2,3
15402,35,49564,6637.322944,0.03004439732,0.1576036939,32,5.862659229,12.53309012,20,13,5,9,3244,1,1,2,0
15403,28,102189,1116.802277,0.1950375106,0.08883271686,3,7.197389557,1.281716204,1,17,2,8,3828,1,1,0,3
15404,37,109624,298.3016275,0.1956391278,0.1682555133,6,2.391008452,14.52042121,89,13,3,6,4000,0,0,3,0
15405,22,42499,1048.054949,0.06291181884,0.08627905892,10,5.776439447,4.371844157,68,12,4,9,2408,1,1,4,2
15406,36,127619,3261.886617,0.2144245868,0.1545139556,39,7.983637441,5.771304919,4,7,6,9,2078,0,1,1,1
15407,39,146056,407.8366769,0.2145678239,0.109808892,7,5.280317084,1.580488045,72,19,0,3,4710,0,1,2,1
15408,36,109218,6341.863595,0.1115089516,0.187807344,19,2.412050131,14.07270203,52,17,7,6,3827,1,1,4,3
15409,64,52132,3233.79093,0.1501790147,0.07220390486,42,8.827525224,8.41578655,17,13,5,2,288,0,1,4,3
15410,33,146272,7390.12307,0.2515014298,0.07891121306,38,7.06472967,7.986480405,18,1,7,3,3141,0,0,2,1
15411,41,24533,554.5598491,0.1617144493,0.1942974381,27,6.692750673,0.7203546588,62,10,7,0,3018,1,1,0,2
15412,58,102962,2245.345509,0.1892655593,0.1501297686,10,6.865041679,0.5498473812,5,14,8,0,46,0,0,2,2
15413,21,100096,4139.233911,0.1297031986,0.1567877943,49,3.20554265,10.39209967,62,9,3,3,853,1,0,4,0
15414,32,54409,3888.250467,0.05338373586,0.0662355823,21,5.430822157,7.49305519,26,16,2,8,657,1,1,3,2
15415,42,101461,1396.886861,0.2994393232,0.1110884355,35,3.933886952,7.859804209,53,10,0,0,1653,1,1,0,1
15416,61,42987,9941.954454,0.1641455909,0.06957278723,5,8.501747425,9.928337337,30,7,8,1,1225,1,0,2,1
15417,52,30633,2915.95185,0.1075694738,0.0593750885,6,6.298874247,2.616156619,63,1,1,4,247,0,1,1,2
15418,31,121601,7238.217638,0.2169983245,0.1116958256,9,7.45564427,14.97602013,20,2,8,6,2238,1,1,2,2
15419,66,76207,2278.264302,0.1900383123,0.1976745186,39,6.942712625,1.671149961,13,6,9,1,475,0,1,4,1
15420,36,70535,8790.726986,0.07754340129,0.05077830297,3,5.353483701,4.384243905,79,13,7,6,3193,0,1,4,1
15421,55,115661,3938.80727,0.2643083948,0.05607877323,8,8.243697466,10.56081127,1,11,8,4,1361,0,1,1,1
15422,53,23996,9018.934641,0.03056185171,0.05619450779,37,6.538301348,7.980820967,17,4,1,5,647,1,0,0,1
15423,24,20014,3484.165704,0.185652493,0.1604234297,48,3.041069162,1.900326705,17,4,6,2,1526,1,1,4,1
15424,47,100431,185.5738328,0.1485876625,0.1069915916,18,3.616731154,11.73529648,34,6,6,9,1241,0,0,0,2
15425,36,21674,5218.502268,0.10227754,0.08310585478,45,8.442706892,14.57127514,77,0,2,5,1566,1,0,0,2
15426,66,57867,5295.400568,0.2496502372,0.1703200685,32,9.471082237,7.359604401,81,16,3,1,1888,1,1,2,0
15427,42,105537,1286.35841,0.2003203515,0.06652322129,37,5.932032735,4.170190189,82,18,9,9,3292,0,1,0,0
15428,33,77251,2426.139377,0.2302548541,0.08452140075,21,4.469865944,2.048997468,24,7,8,9,1178,0,0,4,3
15429,64,75709,7856.606351,0.1302510354,0.02398790627,38,6.625106916,3.475806393,98,11,0,4,3665,1,0,4,0
15430,57,140162,463.8826638,0.2832955161,0.03259291936,0,5.351560033,5.01281247,6,2,2,4,1795,1,1,3,2
15431,68,37864,4946.314198,0.1099697926,0.03597890268,48,8.575251924,3.225522949,2,11,6,5,86,0,1,0,0
15432,25,46321,5351.040422,0.1640030281,0.0759252953,20,8.496951516,10.42496917,56,7,1,2,2199,1,1,3,0
15433,35,44082,6918.249401,0.2807585324,0.1095761995,48,5.105382511,0.8326559092,75,3,2,1,2948,0,0,2,2
15434,45,137734,470.8170473,0.03412479779,0.01014141983,6,8.241239977,6.432080136,53,6,3,2,874,0,1,3,1
15435,33,60131,5897.898638,0.04155502678,0.04608713918,45,2.736607051,5.925090276,15,13,0,3,3597,0,0,0,2
15436,69,91493,130.6705621,0.2983144522,0.04337350384,6,4.365226306,13.23097648,19,1,8,7,1356,0,0,4,2
15437,36,24210,2725.265836,0.2917034355,0.05813590127,21,1.716416144,4.455319033,4,4,8,6,4629,1,1,2,3
15438,59,134080,5046.874128,0.2337934657,0.04155537595,12,8.270148233,8.944873124,60,11,2,0,743,0,1,0,3
15439,34,140159,9121.685241,0.1504146001,0.04707435442,22,9.777188191,0.5678507438,30,4,4,6,1677,1,0,2,3
15440,62,135663,1353.239178,0.1567576461,0.1969372686,21,6.190878876,13.79576427,23,12,1,2,3890,0,0,1,1
15441,30,84586,1775.962377,0.08459173333,0.1229987492,25,7.898466654,9.731610454,62,1,7,3,1115,0,1,0,0
15442,24,103605,6725.575637,0.1354920005,0.1549117013,17,4.61434689,12.00766288,44,9,4,9,4703,0,0,1,3
15443,44,54851,3811.130769,0.1350913196,0.1656752416,6,6.053976996,8.755588821,43,11,1,6,695,0,0,3,2
15444,27,46865,6271.871879,0.02046610549,0.1368593135,1,4.126201412,12.32513558,87,15,5,1,2147,1,1,0,3
15445,51,103606,9974.796255,0.1414158803,0.1437752513,18,7.271626311,1.723642907,79,16,5,8,385,1,0,1,2
15446,53,24158,9870.029447,0.1491403785,0.1301338545,13,3.216204332,10.80214978,38,14,4,4,3181,0,0,4,1
15447,42,141497,3601.764437,0.2030771205,0.1333809608,24,2.379180259,2.657683539,27,0,5,3,4495,0,1,3,3
15448,23,77852,5088.861003,0.1597713449,0.1864054296,32,9.087031892,8.859018382,4,2,7,8,1352,0,1,0,2
15449,41,69339,9056.43257,0.2598880504,0.04529031004,47,8.778533665,14.79298274,76,11,4,8,359,1,1,0,0
15450,35,121086,1012.459858,0.1165929293,0.06219870681,38,8.514640743,3.117426779,14,9,0,1,2180,1,1,4,1
15451,40,40572,4577.808648,0.1288181014,0.02771912428,47,8.393883359,4.214448626,48,8,1,8,2232,0,1,4,2
15452,23,24100,3838.015748,0.175729929,0.169091648,19,7.565544806,3.564027018,3,3,8,0,3724,0,1,1,0
15453,46,64469,3019.339449,0.06878959011,0.09526351149,43,8.872837641,6.477015287,13,1,7,0,3308,1,1,1,0
15454,42,101061,9942.621698,0.1241144448,0.1823498665,4,2.891928904,7.5838026,90,0,3,5,856,0,0,1,2
15455,34,80861,7362.13801,0.2089885668,0.08821838552,48,8.833624368,2.820798036,9,9,0,0,900,0,1,2,3
15456,63,38456,3948.595225,0.1294245344,0.09409669004,20,9.260124792,0.9035259503,86,12,7,5,2541,0,1,3,0
15457,41,75803,8307.316727,0.2729187879,0.09518773524,12,7.444034135,5.453519717,91,6,0,5,3720,1,1,0,1
15458,28,85633,4947.694397,0.1884371511,0.1263736875,13,6.394162896,6.03939975,43,17,8,8,3730,0,1,3,0
15459,43,95019,8740.961682,0.05459264748,0.1555635822,15,3.124632765,6.051381787,76,14,9,6,1028,0,1,4,3
15460,68,141493,2737.160472,0.1513588589,0.07674553246,44,8.79544628,10.14224339,35,7,8,1,146,0,1,3,1
15461,51,56232,2313.642251,0.2317858362,0.1297314362,49,6.191446675,7.006794309,58,17,4,0,898,1,0,3,1
15462,45,87323,2548.138144,0.1965700979,0.04875381298,49,6.496023657,2.063963816,31,17,2,2,1302,1,0,1,1
15463,20,126067,5430.957704,0.2667264364,0.1152689499,40,6.459051929,14.01909953,64,12,0,1,1834,1,1,4,2
15464,28,41788,2984.002572,0.22749504,0.113851131,27,8.8010153,10.65953897,63,15,1,7,4179,1,0,3,0
15465,55,118987,1556.484873,0.02786799406,0.1788560145,0,2.232794524,3.586452928,3,9,4,9,916,0,0,0,3
15466,31,36092,9946.816393,0.04262866828,0.1802105925,1,1.55505099,14.05901323,0,11,1,9,1357,1,0,1,2
15467,68,21132,9014.288952,0.1984271226,0.1025701201,7,3.015853802,14.8778833,81,7,5,3,3393,1,0,3,2
15468,43,97850,6386.623131,0.07913830797,0.0146738985,12,5.425837813,3.362609119,76,0,2,2,3807,0,1,4,1
15469,65,124181,8926.274452,0.1804721218,0.1704781706,37,5.224742736,6.017546854,88,8,6,1,4505,1,0,0,2
15470,38,108118,9361.081101,0.2397431017,0.01011826941,18,5.608278963,1.499534811,20,19,9,0,2468,1,0,4,0
15471,56,113316,6793.472089,0.1773101605,0.1008681907,1,2.029017239,7.495597789,78,5,9,6,1388,1,0,4,2
15472,47,146003,5234.929809,0.1304916853,0.01376012995,30,8.136031618,11.92162768,40,17,8,1,1131,1,1,4,2
15473,25,117772,8831.817743,0.1974183902,0.07699234593,9,3.719115493,13.60821527,40,4,0,0,2779,0,0,2,1
15474,68,138524,5721.190269,0.05164963884,0.1309852904,4,9.219069895,8.40614421,9,16,2,5,3984,0,1,0,1
15475,37,33068,1355.325374,0.2197303187,0.08052817158,22,8.559670308,5.227229284,98,11,9,3,4394,1,0,4,2
15476,65,67401,3731.874405,0.212137283,0.1861093581,29,1.571160924,8.834490991,3,4,3,2,2980,1,1,2,1
15477,49,68526,4514.617422,0.1591769758,0.1317450904,31,1.482075259,2.174938647,68,11,5,1,3730,1,1,1,3
15478,39,78958,9360.15326,0.09085591355,0.1328243358,0,6.660806805,12.61168692,43,4,2,5,1868,1,0,2,3
15479,24,135729,6625.936176,0.2412934981,0.08114303873,44,1.695484695,8.05005089,58,6,3,3,1427,1,1,1,3
15480,26,96593,8765.247872,0.1580595879,0.01732326962,43,6.146541634,14.74526644,37,11,9,9,3866,1,1,2,2
15481,62,75041,7600.157838,0.0271613027,0.1502541475,41,1.712472704,6.314124993,23,0,4,5,771,0,1,4,0
15482,18,119158,3167.622777,0.27639764,0.1460864988,2,5.314135773,9.976361016,23,10,3,3,1625,0,1,2,0
15483,46,124042,7215.219031,0.2326377666,0.1107237551,46,4.771959704,5.428993054,18,0,2,9,1088,1,1,2,1
15484,25,83372,2033.467386,0.1795934928,0.08909092746,29,6.318406129,2.641005124,83,14,6,8,2089,1,1,4,0
15485,21,87562,4140.643536,0.1366794,0.1122802395,36,4.205754929,11.44355903,91,1,7,5,1388,0,1,1,0
15486,52,112099,8080.309386,0.2883709124,0.1518949268,27,2.260424716,10.25057581,42,19,1,5,3151,0,0,4,2
15487,20,84046,6158.098703,0.2347559665,0.1454292318,20,8.579044736,11.81604878,74,16,9,8,1914,0,0,0,1
15488,62,123669,8271.583809,0.1651479895,0.1350408358,12,3.693707403,14.71163182,86,0,5,3,1687,1,1,2,0
15489,57,88086,2621.565465,0.1994146296,0.1817176808,39,1.607166277,14.9044421,78,19,8,7,4132,1,1,0,3
15490,24,148088,7522.513441,0.0914176165,0.1258787917,25,5.505353415,13.97042117,84,10,0,3,1066,1,1,4,1
15491,44,116458,2103.011178,0.0667576234,0.01275683303,39,8.899075054,13.47518407,99,12,7,6,4338,1,1,4,1
15492,18,27089,5498.511307,0.08926266872,0.1274321288,29,3.526482024,4.871830302,12,3,5,8,2936,0,1,3,1
15493,44,36623,4391.992485,0.09500946879,0.1263862567,23,5.056776434,7.292632919,31,3,3,2,1159,0,1,0,3
15494,33,69641,5609.110992,0.2245241507,0.02323087107,37,4.623110867,1.178549917,9,7,5,4,4431,1,1,3,0
15495,55,32043,1441.780898,0.05061770181,0.09126865332,40,1.435491901,10.42093439,58,3,9,0,3878,0,1,0,3
15496,24,86572,3676.155968,0.2355002885,0.1337082898,45,8.815122698,8.41765393,45,14,8,3,896,0,1,3,1
15497,61,84136,6702.347926,0.1617846409,0.143855234,4,7.82993186,10.75099932,31,10,4,2,648,1,0,3,1
15498,40,144218,5629.454861,0.1215262003,0.1796794288,15,1.861920034,10.37188588,48,11,4,2,687,1,0,0,2
15499,58,108052,5534.800613,0.09711487178,0.1698623863,45,2.189492921,4.442831415,83,1,2,5,820,1,1,4,2
15500,28,106700,5157.21811,0.1588281753,0.03214484377,41,1.095236758,7.185404781,38,9,8,5,1454,0,1,1,2
15501,59,77061,9444.460609,0.1020803542,0.1256690411,48,9.87146399,2.023790052,50,8,2,1,3246,0,0,4,2
15502,50,137957,9352.24001,0.1345410778,0.1233314681,15,4.745621765,1.725515372,15,6,4,5,778,1,0,1,1
15503,67,26122,3665.435231,0.224314434,0.06771210436,48,9.373508261,7.170633017,38,12,0,1,4022,0,1,0,3
15504,53,67346,3583.760615,0.1915395668,0.04498008416,47,4.781289438,8.559226035,59,11,9,9,737,1,1,2,2
15505,54,145434,5593.49472,0.2269148892,0.04790664521,9,1.934203268,5.122249204,4,16,6,1,1122,1,1,4,3
15506,58,117322,1046.502213,0.21676237,0.04373407612,17,4.089917623,1.39295764,80,3,7,8,3853,1,1,3,2
15507,34,133993,3099.766338,0.2463710231,0.1631900978,37,4.764084664,10.09276476,99,6,7,7,2915,0,1,4,0
15508,52,36150,2385.588901,0.06849008831,0.03819467963,16,2.589529208,10.3220663,63,8,9,6,2626,0,0,0,2
15509,65,107630,2311.557717,0.2985856698,0.06023447569,40,1.48157071,5.150447964,47,19,0,0,1039,0,1,2,3
15510,22,97228,6421.204706,0.1479734305,0.05137979686,39,3.848664322,0.5117514828,25,6,9,2,4711,1,1,2,2
15511,65,32054,3905.06831,0.218287552,0.1454427982,30,5.853639443,9.719377804,50,7,9,8,1313,1,0,4,0
15512,49,21767,1794.52731,0.2065475473,0.04009521993,25,3.297934825,1.522547765,67,2,9,6,4604,0,0,4,3
15513,20,24708,8886.961265,0.1741835245,0.014572341,25,9.628155736,3.739652163,25,14,0,5,352,0,0,4,3
15514,69,126657,8754.072011,0.2987867034,0.08110283016,39,5.33282312,4.093860488,19,14,6,6,731,1,1,0,3
15515,64,77999,8638.382943,0.07302159639,0.06796790962,11,2.172445491,4.321143565,76,11,0,8,3217,1,0,1,1
15516,52,72158,3968.374928,0.1323013715,0.08556389394,17,4.721439881,9.441674291,70,15,4,8,3380,0,1,1,3
15517,69,49292,664.1262898,0.04704186218,0.1532249904,33,7.369300764,1.648033912,23,15,3,9,983,0,1,3,1
15518,31,48082,1156.745977,0.06273228687,0.01234971269,34,5.384335696,9.856400355,66,6,2,8,0,1,1,0,0
15519,65,54024,2832.87599,0.2167595784,0.01716444433,10,3.981105034,7.529553031,66,5,0,9,2543,0,1,2,3
15520,48,112270,2277.703041,0.01140437684,0.05857248005,29,1.956699945,5.557018267,49,17,7,5,397,0,0,3,3
15521,48,128447,8752.457639,0.2680479889,0.1789496124,44,5.136001598,9.260729643,15,11,2,0,4297,0,1,2,3
15522,34,43461,9864.945986,0.1936235001,0.04212415511,49,1.876476096,13.1654219,94,9,9,3,3087,0,1,2,0
15523,41,25351,8185.069257,0.1378624656,0.1994372118,10,4.337940431,8.387423392,32,8,3,7,94,1,0,4,1
15524,69,67031,7325.504137,0.1060947211,0.1630815876,45,2.046018401,2.763749769,77,12,3,4,668,0,1,2,2
15525,40,119053,5927.378985,0.04661947409,0.09666594509,3,7.085442686,8.587598744,49,18,0,0,1423,0,1,2,0
15526,35,102628,7722.092162,0.2772531501,0.1520938266,35,7.95343145,7.078111167,88,4,0,5,3848,0,0,0,0
15527,67,124720,9475.629791,0.2165734743,0.1085748737,9,3.19136712,14.13827401,1,7,3,0,299,1,1,4,0
15528,31,144501,6053.312232,0.1075539697,0.1175385303,33,1.672443192,9.103947703,58,1,5,0,2228,1,1,4,1
15529,67,59718,1630.671116,0.03057149204,0.120346631,30,4.123273968,1.01067185,40,9,5,0,3546,1,1,3,1
15530,32,130632,1722.197341,0.1044480211,0.1332568974,31,6.044748573,2.25053928,76,3,3,6,609,0,1,4,1
15531,32,147535,5880.241751,0.06354394549,0.02154519611,49,7.911442776,8.219939637,62,9,5,9,4562,0,0,1,1
15532,23,110577,3401.338544,0.2380192608,0.1271346399,27,4.62608053,12.03052219,81,13,1,6,4807,0,0,0,1
15533,44,146875,9111.449015,0.2186836186,0.1462202306,42,4.293508619,1.88628919,61,8,3,7,2218,0,1,3,3
15534,32,111212,6155.259105,0.1544665819,0.06903739566,36,9.175030537,8.69885016,83,13,3,5,3450,0,1,1,2
15535,67,120017,6797.276873,0.2668939199,0.1959299778,31,5.047177213,7.062981451,1,9,9,9,1903,1,1,2,2
15536,53,32777,157.62503,0.06239739956,0.03744456634,31,5.024962563,5.761875285,6,7,4,5,3027,1,0,1,1
15537,25,109856,5038.600665,0.1410700198,0.1829840793,16,4.689992002,1.690303142,76,5,0,5,4106,1,1,3,1
15538,32,28308,4368.530742,0.2160798881,0.1385253875,33,4.268976359,13.25485614,7,4,2,0,140,0,0,4,3
15539,20,63441,7088.131382,0.02966268142,0.1362197509,34,7.55634529,11.56665284,2,16,2,1,3280,1,0,0,1
15540,64,133682,3888.122737,0.1180764347,0.1764443054,38,3.536043474,13.85290403,13,4,3,2,2858,0,1,3,3
15541,30,100865,9768.092816,0.1757827926,0.1680285501,20,4.408982109,2.931055847,86,18,2,7,2518,0,0,1,3
15542,58,33882,6735.011497,0.1163730262,0.07563254214,31,3.540613172,8.80057749,71,16,5,7,309,1,0,1,0
15543,51,134883,6633.191498,0.1492577069,0.1440202624,33,6.132869895,0.779499778,32,19,1,0,3505,1,0,3,0
15544,41,24714,9201.477333,0.1863543213,0.01961449071,33,9.643521252,3.076547908,26,9,4,4,1931,1,0,3,1
15545,57,111586,9952.527856,0.1168332781,0.09816350212,7,4.51265406,11.94126558,10,17,5,3,4936,0,1,3,3
15546,49,63432,2058.424824,0.04074416322,0.1881776795,15,9.713832886,4.660732715,96,19,8,0,3034,0,1,4,1
15547,49,101289,8124.278118,0.05043890423,0.06207699508,34,6.910228333,3.360096045,10,15,9,5,4184,0,0,3,0
15548,47,115515,1706.963004,0.1628311512,0.01949444992,22,8.159010612,8.362610292,17,10,0,6,2163,1,1,2,0
15549,69,130625,4624.730185,0.06067460743,0.1207595485,21,3.997029175,10.00429731,91,14,2,0,2342,0,1,0,0
15550,66,100166,1091.835503,0.2680517649,0.07746895498,30,3.019798952,9.350027378,89,10,6,0,1160,0,1,0,0
15551,30,145934,6271.372687,0.2519138487,0.08213985932,28,6.191292101,1.937699982,93,19,7,5,4312,1,0,2,0
15552,18,37658,4738.329818,0.1112193,0.1206668655,37,9.916760079,13.99077901,73,7,4,2,4824,0,1,1,1
15553,51,89245,6324.119588,0.2509862799,0.1281019213,18,7.391707692,3.069330037,41,6,8,4,265,0,1,1,1
15554,32,118642,6811.811451,0.1646244708,0.09309117346,44,7.134621927,13.91806039,2,0,9,5,379,1,0,1,0
15555,61,125065,6232.379275,0.05612476929,0.106434356,35,5.050921775,7.514046421,31,14,7,2,1678,1,1,1,1
15556,31,138199,3010.888314,0.1881214378,0.1987185938,48,8.915363276,1.992852546,35,2,0,9,2562,1,1,4,0
15557,46,122579,8385.895657,0.207040824,0.191858112,8,7.272710381,2.655009562,9,7,0,2,1544,0,1,2,0
15558,51,147597,5561.693374,0.03432855776,0.1443902437,34,7.073948409,6.746869899,84,11,7,4,3085,1,0,0,0
15559,35,97027,4949.526615,0.1011913962,0.04068111012,0,3.632793228,14.97150773,54,15,8,6,1989,1,0,2,1
15560,24,70808,9871.931662,0.01156135641,0.07839241596,32,9.619600588,13.34489434,70,18,8,0,79,1,0,0,1
15561,46,59530,2906.728276,0.101764353,0.1777867626,16,3.253491248,14.71335207,24,9,5,0,2466,0,1,1,3
15562,48,28834,5327.500018,0.1072791465,0.09047752407,25,5.713183452,7.095061908,61,9,6,8,2493,1,0,4,1
15563,42,34358,6855.013328,0.1927605018,0.1915198534,12,4.056001119,10.35652275,33,17,4,9,2773,1,1,3,1
15564,55,29872,1339.736736,0.0677225511,0.1027773388,4,2.62697729,8.028325428,24,1,9,7,1291,1,1,3,2
15565,31,78694,3606.973269,0.01872638615,0.1737361355,18,2.296840395,0.928783346,72,18,3,7,2121,1,0,1,0
15566,25,107193,8036.718288,0.1015340147,0.01672199091,41,3.636009357,2.556657447,7,18,7,5,2569,0,0,1,0
15567,44,143498,2443.906523,0.2494296684,0.09249110201,8,7.200814821,4.63765942,52,1,2,9,2611,0,1,2,1
15568,19,70321,4983.574613,0.1257521096,0.1430497516,5,9.773038632,5.040223136,98,1,6,6,1903,0,1,4,1
15569,34,110363,6343.242999,0.1303771933,0.1740772611,20,8.679403158,10.57539284,91,7,5,5,1273,1,0,4,3
15570,54,93709,6744.507298,0.1460179932,0.1258302496,48,2.962246143,10.95120021,9,12,9,2,1741,0,1,2,2
15571,31,36685,7310.273376,0.2280187609,0.04291978493,21,1.705715245,7.032476477,77,8,7,6,3168,1,1,4,0
15572,42,31333,8673.175439,0.1492072188,0.1783008914,38,7.18012562,5.995564699,92,6,5,6,2924,0,1,4,0
15573,47,136254,3989.308486,0.03647199824,0.1192145009,47,1.270310456,3.067782575,0,4,1,5,3240,1,1,3,1
15574,46,31356,7095.656067,0.06985594188,0.03052345453,4,8.732104798,1.09364983,57,7,4,2,1947,0,0,4,1
15575,37,60584,7348.529013,0.06449023643,0.0981308877,21,8.429929696,8.987479056,18,7,3,1,4353,0,1,1,2
15576,38,130453,3072.713888,0.1572803623,0.1427992448,49,8.143302845,5.546163448,77,2,2,0,2124,0,1,3,0
15577,39,71362,9684.763707,0.01867954487,0.0956929918,6,5.971783311,7.412630748,19,9,5,8,3924,1,0,1,2
15578,52,31344,8665.669818,0.09224881647,0.1754501204,25,9.761806307,13.56218295,47,7,4,6,2125,0,1,1,0
15579,54,134491,2969.627154,0.1860865329,0.09050191977,24,5.125297625,10.1814549,99,12,2,4,526,0,0,2,1
15580,33,64619,6783.179899,0.1128486959,0.120856011,4,9.878792183,11.79213624,71,18,5,4,730,0,1,4,2
15581,67,125534,7206.226281,0.2152365259,0.05012238284,31,8.9368435,3.108605585,57,19,3,3,3105,0,1,4,3
15582,66,127107,4371.687999,0.1234541877,0.1074104065,7,2.138877765,0.5226537649,37,14,6,8,2260,1,1,4,1
15583,60,101331,8651.058531,0.2939846832,0.05234288889,8,9.054077901,2.462050318,41,5,0,3,3759,0,0,4,3
15584,34,115279,6933.2706,0.2899533232,0.05278555811,27,3.743805632,11.6371914,87,13,2,6,396,1,1,3,3
15585,33,141276,6615.731383,0.2419538072,0.06318148303,19,7.914254192,6.935556383,6,9,4,7,1751,1,0,0,3
15586,19,21943,2286.319686,0.2867732531,0.01839786082,3,1.001882437,3.601686099,68,18,1,9,1852,1,1,1,0
15587,21,110185,4137.638882,0.06938569007,0.04102883193,2,3.482626387,14.44717455,77,10,8,4,4278,1,1,0,3
15588,38,80217,4395.832642,0.2277677181,0.09062851881,43,7.826035375,7.557262772,72,13,9,9,1262,1,1,0,0
15589,56,132319,7363.244856,0.1032810037,0.03490149475,40,9.751125841,5.849729757,19,18,0,8,4032,0,0,0,2
15590,51,41021,6222.105998,0.2203353525,0.0353431026,41,2.53866332,14.66866427,51,4,3,4,1257,1,1,3,1
15591,47,28348,950.0198472,0.1184291039,0.1939070474,10,5.13470567,2.436963405,25,10,3,8,2644,1,0,0,0
15592,23,97286,3146.209724,0.09393199133,0.09114849901,47,6.284527244,9.193481556,88,18,1,9,2408,0,1,3,0
15593,34,90921,4783.170294,0.2880505776,0.08670921293,28,9.573062986,11.36067279,83,0,9,8,1426,1,1,2,2
15594,56,36639,7393.656164,0.07086677811,0.06086977442,42,5.079420605,14.14109693,55,1,0,9,4244,0,1,2,2
15595,42,105030,7461.334388,0.2299848924,0.1073649602,21,9.401812569,12.59300513,69,17,0,2,250,1,1,2,1
15596,22,84566,4956.378755,0.2056549273,0.1232523313,7,9.803691707,4.69644166,70,13,9,0,1272,0,1,3,2
15597,22,62011,1257.630584,0.09800851612,0.08945524917,45,9.474687583,4.27579717,99,9,9,0,4540,1,0,3,0
15598,37,134577,2999.743693,0.1429194751,0.08482361813,33,7.738574179,1.91623908,61,5,4,5,2065,0,1,1,1
15599,33,123336,2621.454584,0.05145349782,0.1430810699,30,2.136075495,2.927589737,61,14,9,8,4326,1,0,0,1
15600,68,124565,7832.161462,0.2771504953,0.1904575732,3,6.421720295,11.08623754,35,1,0,6,2008,1,1,4,1
15601,58,137105,1881.864509,0.2907547424,0.1767861935,14,7.781741048,4.694093719,19,5,3,1,3684,0,1,4,3
15602,54,38640,4702.720102,0.2224142792,0.03253785071,17,9.594153379,6.907230542,17,12,3,5,2877,0,1,0,3
15603,57,55402,6740.116155,0.2563318997,0.1339386474,10,8.001639527,10.50965806,71,7,3,8,3375,1,0,4,0
15604,26,85088,9651.382914,0.03395905493,0.01133904638,26,5.850414908,10.14178363,26,14,4,2,3407,0,1,4,3
15605,22,80240,9992.481744,0.1213508992,0.1302874377,18,2.846473018,12.00078079,4,15,1,5,4870,1,0,4,2
15606,59,21891,9533.929221,0.1059352233,0.0982271819,49,5.113504662,1.345536597,94,9,2,6,2088,0,0,3,1
15607,19,48259,7210.599218,0.173835954,0.1033114799,8,6.744707701,8.795771167,45,13,6,1,4458,1,0,3,0
15608,26,83021,7489.764247,0.06317303546,0.1217248655,24,3.921392484,13.43677436,40,2,9,8,6,1,1,3,2
15609,60,48987,7616.179966,0.173380583,0.1511045224,21,5.10805408,5.910294915,84,7,8,9,2932,0,0,0,1
15610,53,72616,8639.788278,0.199765956,0.1485969825,22,1.156243443,3.276491611,51,0,4,9,2932,0,0,2,2
15611,39,30683,9522.676082,0.04838239664,0.01845101599,36,8.91122535,1.497961773,2,6,4,4,1745,1,0,4,3
15612,39,81083,4512.490831,0.04819900557,0.1499339334,9,1.312893096,14.12678275,57,3,8,5,1484,1,0,1,2
15613,39,29967,4223.457693,0.02027278305,0.1676650363,16,4.683612029,0.5550526859,89,10,7,1,2560,0,1,3,3
15614,51,97664,4658.598178,0.2306588104,0.02295279864,12,5.598766017,11.98411159,80,12,7,6,2496,0,1,1,2
15615,46,60194,6632.189997,0.1059924757,0.07135985413,3,9.751762247,4.334950506,93,9,4,3,8,1,0,4,0
15616,55,120274,7776.909423,0.07537193217,0.1604921746,31,9.416471566,4.015450876,86,12,3,4,1211,1,1,2,3
15617,63,113831,8718.38947,0.2356473746,0.103690295,27,6.81724069,2.784327312,24,2,2,6,4372,0,1,1,3
15618,50,105873,4616.486467,0.05154415013,0.1420293031,29,6.256482946,3.309797966,67,17,9,5,1990,0,1,4,1
15619,35,82661,3697.388999,0.1338831939,0.1054400034,45,4.299003199,7.953766538,40,6,9,4,1013,0,1,4,3
15620,24,107738,9835.190886,0.2259881359,0.1958622655,39,1.369786403,13.19471031,74,7,3,2,4690,0,0,3,1
15621,18,92307,2395.687448,0.1764113721,0.1878766838,20,3.409364794,5.829041313,61,19,2,5,1630,1,1,2,3
15622,50,63452,2297.847869,0.1706600416,0.06341759596,14,8.62950483,11.31069322,40,1,5,5,1179,0,0,4,3
15623,18,32857,7182.533803,0.05566438911,0.08331811613,2,6.834422623,4.076462717,81,8,2,5,3505,1,0,2,3
15624,41,51301,1878.607226,0.06247049107,0.09195573959,16,8.329835411,13.60970773,32,2,2,0,20,0,1,3,3
15625,21,75900,4054.149097,0.1789420502,0.02979882326,14,8.532759522,13.75194785,99,2,0,1,2486,1,1,1,1
15626,21,51460,2994.629541,0.01683438971,0.08677423991,32,1.559866359,2.06971644,37,12,8,8,3365,0,0,0,0
15627,35,106923,1770.233522,0.2620442168,0.157221086,4,4.034286491,12.66284945,17,0,4,8,1418,1,1,0,2
15628,44,69800,5839.101667,0.1116365322,0.1709102935,7,7.083886546,10.67745055,53,3,9,8,3802,1,1,0,3
15629,60,29832,3797.763758,0.1308187029,0.1783652226,8,8.677795157,6.2106711,48,9,0,4,4898,1,1,2,3
15630,49,67408,4676.118311,0.08494537707,0.01276621003,25,8.212897456,12.60424976,60,3,3,4,2974,0,1,0,0
15631,50,32626,2039.043748,0.2642346188,0.1598731474,1,4.799315199,13.60049764,15,17,2,3,2550,1,1,1,1
15632,45,77872,7701.881346,0.1963261811,0.1054992601,36,9.388925644,7.697455881,85,12,6,7,3079,1,1,4,2
15633,59,104021,3215.649626,0.140473456,0.04917023752,35,3.70645383,7.877529851,84,7,5,7,3231,0,0,2,0
15634,58,98959,3492.909972,0.1797395507,0.1047615543,11,4.381986612,10.71202708,43,0,7,1,2050,1,0,1,0
15635,53,116939,2596.324225,0.1203071828,0.1704094887,18,2.632787491,4.041197572,30,15,7,8,4853,0,0,2,0
15636,23,116159,4400.595364,0.1450189187,0.09250737987,26,3.042284737,1.613470313,94,5,7,0,1848,0,1,2,0
15637,33,36802,4689.40861,0.1137133361,0.1981876053,23,1.078418101,8.165876164,26,11,4,3,2808,0,1,2,3
15638,51,36333,5343.702472,0.1290956903,0.1271698051,1,3.776416499,5.145847251,40,15,2,2,1787,1,1,3,2
15639,40,55120,9678.925992,0.1013431978,0.1030550971,15,3.75913164,2.281913139,2,10,3,1,2549,1,1,4,3
15640,67,113621,9056.4489,0.03251591249,0.06602897229,1,1.605475762,2.531821509,94,10,6,9,964,0,0,0,0
15641,59,42159,6132.987047,0.02083042067,0.0120997019,20,4.064300977,3.588660301,33,18,7,0,1773,0,0,3,2
15642,41,44660,485.1443309,0.06049079924,0.1260041878,9,3.712449427,5.39789858,89,11,8,8,554,1,0,4,0
15643,66,76843,6161.377375,0.08297494571,0.1197241538,41,8.191491344,6.834155738,87,4,4,4,4007,1,1,0,1
15644,30,145179,987.719207,0.2682368396,0.1081947275,16,2.406220146,14.37023898,9,9,9,3,2242,1,1,3,0
15645,35,54519,7132.407961,0.1872621098,0.1121638463,11,7.525742369,7.535887436,56,1,3,0,1963,1,1,3,0
15646,30,114333,3961.768701,0.2879061792,0.1702692505,6,2.169876783,13.74437611,28,11,6,9,55,1,1,1,1
15647,66,104577,8393.195267,0.1084975895,0.07020528568,8,5.466104529,8.420657063,37,13,9,5,1290,0,1,3,3
15648,54,64935,9431.039528,0.1265040211,0.1145482494,45,7.627455449,2.792225464,76,14,3,5,1426,0,1,2,2
15649,60,42507,4229.392381,0.218728436,0.1391900489,49,6.458101177,12.72251611,5,2,2,6,3295,0,1,3,0
15650,56,91060,4659.497425,0.1775916025,0.04986559612,9,6.812893739,0.7389673558,13,14,3,6,4126,1,1,2,0
15651,59,104271,5942.461052,0.1630852233,0.1857156889,15,2.857336636,8.674186171,93,16,7,1,1132,1,1,4,1
15652,34,77223,2051.613946,0.1769135721,0.1500532797,0,8.446624522,5.456294973,3,2,7,5,3875,1,1,4,2
15653,32,47675,9280.595124,0.1793992406,0.02012612603,8,9.569030309,6.854446557,44,8,5,2,562,0,1,2,1
15654,35,133487,4386.699272,0.232064723,0.1743702726,12,2.389324973,12.06314199,91,6,7,1,2513,0,1,1,0
15655,40,37673,1751.521326,0.2037437879,0.1866753276,47,8.994404405,0.5791204638,38,19,3,3,764,1,0,1,3
15656,68,129619,7651.045151,0.2876211321,0.1607973092,15,4.57922445,3.143796039,73,11,2,6,49,1,0,4,3
15657,47,55470,2269.598587,0.2849092752,0.09098267432,33,7.289516904,12.28369202,53,6,6,4,822,0,1,3,2
15658,51,61603,1520.939823,0.1323576264,0.1989316109,40,5.560485119,8.409490608,25,17,5,6,1386,0,1,4,0
15659,21,104825,5672.433547,0.02035955676,0.03364282089,29,8.140053676,4.245562272,97,1,5,9,2658,0,0,4,1
15660,20,51230,6747.803027,0.01321168684,0.1119551099,12,1.407542959,7.717533362,28,15,1,3,1612,0,0,2,0
15661,24,34542,5738.671133,0.04572608742,0.04237425277,7,3.913181032,6.342237019,61,10,1,0,2632,0,0,1,1
15662,35,130563,6599.455425,0.03172024568,0.09347627254,10,1.427380199,11.64616437,7,18,9,5,4238,0,1,2,1
15663,59,81407,1243.687722,0.1182761542,0.1862106183,48,9.475297896,11.46979737,38,5,4,7,2789,0,0,4,2
15664,24,73821,4812.578575,0.02533363368,0.1609096144,30,2.531359616,7.215189946,17,19,2,0,2583,1,0,0,1
15665,57,55690,3634.484576,0.1912250705,0.1585955689,42,4.821084682,4.500535978,72,6,2,6,868,0,0,3,2
15666,23,26654,9736.349301,0.06515052554,0.07723222219,10,6.77301533,0.6749324775,21,12,8,6,4925,0,0,4,3
15667,39,87557,591.2769484,0.1590499424,0.1875113337,47,5.153511237,7.352342193,17,5,8,0,1364,0,1,2,2
15668,18,132259,3053.11261,0.03989284696,0.07996957682,6,5.828880918,9.091941346,36,7,0,1,4414,0,0,0,2
15669,21,105544,9424.435722,0.2500414291,0.01759495279,0,2.836158029,9.279112975,32,4,5,9,2581,1,1,0,2
15670,63,108264,9836.612214,0.2361880602,0.1311822399,22,1.603261445,13.08566808,47,0,1,1,2458,0,1,4,3
15671,66,109698,8266.525916,0.1220812941,0.07890304714,31,3.316495477,7.277589074,47,19,4,9,2422,0,1,1,2
15672,69,47446,852.3826158,0.2740720664,0.03920772876,14,3.854408581,10.94642349,1,1,1,3,3218,1,0,0,1
15673,67,115515,5657.414781,0.06385318739,0.1875850318,17,4.742324922,2.344349739,25,5,5,1,4874,1,0,3,1
15674,60,68484,4061.217627,0.2460416445,0.1310755115,27,3.663551531,11.57798359,16,8,8,4,4108,1,0,2,2
15675,46,64078,8083.88042,0.168298076,0.188700641,13,1.32229871,6.954730419,3,8,6,7,2886,1,0,2,1
15676,38,134824,644.7399322,0.1055782198,0.1207659496,12,1.851471686,10.56838648,8,5,0,1,3802,1,1,2,2
15677,43,24225,2051.574641,0.03446467113,0.02213409533,33,7.064365235,12.60971208,9,8,5,7,3095,1,0,4,3
15678,31,144098,4943.031156,0.05968022666,0.0156886976,19,1.568380078,4.182758965,68,4,1,3,2989,1,0,2,1
15679,26,94745,1660.711863,0.2602301556,0.1811066727,23,1.415922415,10.16576058,37,15,1,6,2456,1,1,2,2
15680,64,130196,6957.879913,0.1859969618,0.01735830801,27,8.306076141,2.287102465,48,2,2,5,2774,1,1,3,0
15681,29,101259,8225.595489,0.07875771193,0.1268834015,10,1.371191236,2.118758399,39,11,7,3,2994,1,0,1,3
15682,59,65487,7074.746947,0.1537973345,0.06661540341,27,1.618600262,4.612059134,48,11,6,5,830,1,0,4,0
15683,68,88676,4458.808765,0.04127263425,0.1406550464,21,5.94561401,2.398474644,85,18,3,2,1956,1,0,4,2
15684,68,31721,8796.037896,0.03866432258,0.06409726146,29,4.985599797,7.067381812,18,8,2,9,4245,1,1,2,1
15685,23,22587,1463.092704,0.273251749,0.01707221239,37,9.680066998,13.08016986,36,18,0,3,4629,1,1,3,2
15686,37,128878,2677.351981,0.1427783239,0.1488593098,16,9.431619895,1.578207153,96,18,9,3,258,1,1,0,1
15687,41,59437,4946.442884,0.1148544746,0.06907149975,21,6.941967973,5.768905131,48,16,3,8,3288,1,1,2,2
15688,44,38989,707.2521289,0.2852308297,0.1146517962,0,1.64680685,3.513023488,5,0,7,0,2540,1,1,2,2
15689,55,52726,1047.289238,0.1257101968,0.1570345058,19,5.528710753,7.151981765,63,1,0,7,3153,1,0,4,1
15690,25,90540,4034.68938,0.1075102171,0.1435364273,4,1.405601036,9.697014685,22,17,1,8,4015,0,1,4,1
15691,18,145967,9444.474338,0.08916598964,0.07622850999,32,9.171434109,12.86775099,77,1,9,7,1842,1,1,2,2
15692,66,99837,9093.295563,0.173868218,0.1520870653,44,6.939847149,0.8411885631,30,5,1,4,2726,0,1,4,0
15693,66,118215,4713.151097,0.1719390718,0.1858793913,0,6.165066876,8.738597106,52,19,8,7,4193,0,1,3,3
15694,41,113639,1507.369591,0.01469631104,0.1258951726,43,4.851134684,10.50325646,32,18,0,4,766,1,1,0,0
15695,64,145437,1863.265794,0.1996780739,0.1436661515,8,5.587451781,2.455299731,16,1,5,6,3427,1,1,0,0
15696,24,61168,3837.705941,0.2386090599,0.1745225465,31,4.602651671,14.09519105,64,17,3,3,4567,1,0,0,0
15697,36,84669,2179.734531,0.1886297173,0.1702917171,25,1.896526296,1.673760094,75,15,8,9,659,0,1,2,0
15698,39,93040,921.4583845,0.2622675601,0.07680425222,44,6.948878064,5.14285368,66,12,5,5,750,1,0,2,1
15699,52,122114,6770.397087,0.0901607447,0.1984231134,41,9.967697566,3.958365725,44,14,8,5,4320,1,1,2,0
15700,47,91616,5856.341514,0.0656740268,0.01542754001,47,2.012437745,1.483098806,99,1,1,5,3734,1,0,3,3
15701,46,27408,2983.837904,0.2122106472,0.1974744386,5,9.947636296,10.64979449,87,12,1,0,3736,1,1,0,1
15702,39,24153,7811.588987,0.06468213964,0.05673945534,29,9.096511153,7.913483482,77,5,5,2,4844,1,1,4,0
15703,28,144887,7781.893988,0.03642041502,0.09368303959,39,9.047661612,6.693311214,36,6,9,0,4103,0,0,4,1
15704,37,31055,4960.919505,0.03801836988,0.1779008602,22,8.481245161,3.391929942,91,18,1,8,773,0,1,1,0
15705,46,39760,1055.6723,0.232834113,0.05642247932,38,9.311981343,6.921558045,26,1,3,2,1503,1,1,1,0
15706,68,37752,9192.847061,0.01833381748,0.05270851067,24,3.217820631,13.56798703,19,4,3,7,2625,1,1,4,3
15707,58,109729,6719.739183,0.0939424444,0.1321906648,24,4.934363184,5.650430972,78,13,4,4,4279,1,0,0,1
15708,59,23800,2545.80311,0.04746405888,0.1440355999,12,5.318334163,7.876978467,41,14,6,6,941,0,1,2,1
15709,51,86573,6143.500016,0.2289239426,0.01141943,24,1.611822147,13.96577804,24,1,9,1,416,0,0,4,2
15710,18,50054,4109.712809,0.1560129948,0.09558440484,16,9.82859575,10.52276133,69,5,0,3,1326,1,0,4,0
15711,48,81816,6389.961433,0.0695928002,0.1029307058,43,7.204982953,1.106945175,50,11,4,3,4409,0,0,1,0
15712,47,46866,4791.321868,0.2276191606,0.06164868795,26,5.064128985,5.319337844,77,7,6,1,2167,0,1,0,3
15713,65,20992,4906.174287,0.2276062877,0.1137608458,10,9.930353411,14.65757836,38,10,2,9,3714,0,1,4,3
15714,35,43696,7385.23271,0.1616765676,0.03936974508,5,3.449774913,13.04509529,29,4,9,8,1489,0,0,2,1
15715,34,80282,6175.884886,0.08999643825,0.07148510235,14,4.033185128,13.29894559,46,4,2,1,2945,0,0,2,3
15716,55,122814,891.5316433,0.1800203588,0.1455154544,36,2.717695652,14.04369052,46,19,7,0,2556,0,1,3,1
15717,31,118697,747.1983474,0.2807237292,0.1760194422,31,2.678604741,9.686507297,49,11,3,4,2150,1,1,2,0
15718,40,93541,3119.591451,0.02497455241,0.1219820027,47,2.696321595,11.81414111,27,15,1,7,4870,0,1,4,0
15719,42,72838,4359.435366,0.08741545552,0.02422046247,23,6.497531944,9.975942993,30,4,5,7,781,0,0,4,1
15720,32,49400,2824.703336,0.09264106666,0.1389617153,10,3.647209201,8.161734333,72,17,4,4,3913,1,1,2,3
15721,63,102277,6549.452595,0.1932253824,0.180543586,41,9.5655512,8.037685395,47,1,6,0,2189,1,0,1,3
15722,39,138692,2031.568524,0.198837675,0.1058196682,28,8.350533813,0.6880780327,65,7,1,6,4256,1,1,0,1
15723,20,148575,7070.996854,0.06983146453,0.1038014736,7,2.450851975,3.86187788,52,13,4,6,1143,1,1,4,0
15724,36,37565,7754.192345,0.07266917332,0.1983685801,36,8.505826448,0.92063036,59,2,4,9,4882,0,1,2,1
15725,61,59585,1330.761145,0.2791816785,0.1308965796,9,4.110919242,7.021386843,46,14,2,6,4581,1,0,2,3
15726,51,54833,6542.981809,0.2293266571,0.1631454913,9,3.049913504,10.95923975,44,16,7,5,309,1,0,4,1
15727,52,141559,9618.216161,0.2809382126,0.1328337622,0,8.038642101,14.10422074,0,12,6,1,3954,0,0,3,0
15728,67,32094,2008.955791,0.2506022666,0.05197398045,44,8.712982492,0.6969528892,65,14,8,7,2718,1,0,0,2
15729,18,51280,9102.098028,0.1266142143,0.06397485496,22,9.644041453,7.615064634,91,1,9,0,2946,0,0,4,1
15730,69,66647,6099.874698,0.04535321469,0.1364840942,17,4.78197262,10.64782289,99,16,5,0,1524,0,1,2,2
15731,38,64378,5950.354187,0.1925696062,0.09665351471,22,6.059002491,10.17440569,22,0,4,6,671,1,0,3,1
15732,46,39513,614.034555,0.1120774081,0.08682608014,4,6.534254767,11.41682052,19,0,4,0,3025,1,1,4,3
15733,23,20154,7508.172756,0.1333694773,0.01426587114,47,6.649336894,12.75604825,32,14,5,3,1808,0,0,0,3
15734,54,115798,4834.903221,0.1335051249,0.1780301228,37,4.619404622,13.75535524,93,6,0,9,3991,0,0,3,2
15735,18,48134,7239.626479,0.2815906903,0.1780545801,30,2.371152428,3.115820059,88,14,6,5,1086,0,1,2,1
15736,68,128050,8110.892924,0.02997010157,0.0975845137,41,1.634012791,14.34919872,47,19,1,4,2181,0,1,1,3
15737,18,28678,5285.584096,0.06600009083,0.1431404496,38,9.153895486,12.18492927,15,19,2,8,4065,0,1,0,2
15738,44,26294,2710.078701,0.1863034326,0.04378567721,19,4.298959298,13.54872943,38,6,4,7,3504,1,0,3,2
15739,38,29574,1501.567665,0.2662898391,0.1057240947,28,2.626186,5.476964147,6,3,7,2,2419,1,1,4,1
15740,33,55183,1688.980967,0.276203369,0.09338447196,47,9.85214812,14.97930616,61,10,8,2,2799,1,1,4,3
15741,61,68747,8682.653074,0.1720209487,0.1347565785,32,8.226170948,0.6768794695,43,11,8,5,658,0,0,3,2
15742,57,86606,1323.423147,0.02002275346,0.09923272122,38,9.830645987,13.12504857,96,12,0,2,3581,0,1,4,0
15743,43,38638,3908.471323,0.1152355,0.1047025137,31,3.50925083,10.34464503,97,4,1,0,2688,1,1,3,0
15744,33,77194,3409.318998,0.2764616547,0.06618536683,24,5.169229914,2.497745178,80,10,4,5,664,0,0,0,3
15745,45,67553,8668.011101,0.1549837849,0.01920040198,43,8.278236779,12.55319717,48,5,2,0,2379,1,1,4,3
15746,18,46082,4829.165657,0.220717851,0.1842348942,26,5.967018116,12.00220065,3,4,5,1,1948,1,1,0,0
15747,53,36306,9964.819532,0.08806609193,0.01232400847,22,4.194671151,8.323164542,12,12,2,8,2137,1,0,2,2
15748,27,128371,7396.841988,0.0172520214,0.06345164143,46,2.425839348,9.688743593,25,6,2,1,1687,0,1,2,1
15749,60,147899,8524.143397,0.177724454,0.09504604862,1,6.055886871,2.347021405,12,10,9,1,1299,1,0,2,2
15750,34,27807,1076.855434,0.2521444913,0.07062754732,49,6.38548615,7.142188448,95,14,4,4,2862,1,1,2,3
15751,40,108760,2605.712327,0.2971779221,0.1148643953,3,7.486730979,1.074304469,42,5,9,3,4989,1,1,4,3
15752,24,141401,1440.917336,0.2555218613,0.09770647288,24,8.114731608,8.870109116,11,5,6,3,4563,1,0,3,1
15753,61,71342,4689.857527,0.1706583651,0.05854048481,44,2.062978195,7.050159249,77,10,6,9,1856,0,0,4,2
15754,24,52143,7211.046133,0.1865310008,0.02672382487,22,6.65157803,1.74035429,84,15,7,2,3159,1,0,4,1
15755,61,141952,1773.729325,0.2490075716,0.03613170141,40,8.032971316,6.472399218,32,12,1,3,1464,0,1,0,2
15756,32,78414,1388.668591,0.01574510208,0.1024008132,35,4.501051504,6.849170643,66,2,4,6,2327,1,1,3,2
15757,51,110302,6184.626613,0.285976861,0.1707296515,40,3.480105482,11.19514088,6,17,1,2,982,0,0,1,0
15758,63,44715,2380.096262,0.1640541613,0.02912138947,22,5.316899271,1.275069082,78,18,5,5,1980,1,0,1,2
15759,62,82054,4845.31821,0.2860951509,0.1386692132,32,3.790779417,9.40198594,6,15,4,2,4345,1,0,3,3
15760,21,92934,606.0655045,0.2317102683,0.1604973177,27,5.588693365,7.936696226,42,2,9,5,3809,0,0,1,3
15761,31,32202,6838.066839,0.0541721268,0.06258673288,7,3.776437691,4.486248877,47,18,0,9,4191,0,0,3,3
15762,31,47987,5459.032178,0.05792534625,0.1369655036,32,4.804314512,11.29400814,89,13,7,0,3259,1,1,0,0
15763,33,55740,6509.4867,0.112557333,0.1404650095,28,9.236244943,8.662863533,25,17,6,2,1282,1,1,0,1
15764,24,136202,2826.523163,0.08655652636,0.1444806189,47,9.249450698,8.044836356,75,12,9,3,1888,1,1,4,3
15765,49,96848,2858.169456,0.1373966402,0.1792537274,14,9.929610331,14.30909288,58,11,9,3,4812,1,1,1,3
15766,36,105890,8033.469278,0.1851321226,0.08571995225,14,5.375110598,12.31154374,55,2,0,3,1509,1,1,3,1
15767,19,73871,7213.766899,0.1366080549,0.05630093616,36,2.512349283,3.493225353,39,4,0,0,2056,0,1,0,0
15768,27,146404,5839.313647,0.02636196957,0.1133305249,18,9.001239749,6.125538577,65,0,0,1,2048,0,1,4,2
15769,67,33627,6318.62041,0.2929331684,0.02188419091,42,6.37158959,10.11190807,14,12,3,0,2572,1,0,1,1
15770,34,119649,1031.037377,0.1332854189,0.07344497674,20,7.729480762,8.476310171,43,14,6,3,4836,1,0,1,2
15771,54,114294,8576.095914,0.2568117513,0.1778127741,34,2.463347734,6.745166767,94,5,7,8,2378,0,0,1,2
15772,29,71069,7722.079627,0.03144674476,0.1110909364,25,3.877283525,14.7293454,58,9,8,7,1356,0,1,0,2
15773,23,60409,5945.866185,0.2449188151,0.09296830781,27,3.476962209,2.905980862,33,13,7,0,4854,1,1,0,1
15774,39,147257,9194.091798,0.06028734494,0.06047994303,21,6.03780603,5.40894241,11,15,3,7,2721,1,0,1,1
15775,49,114022,1769.515286,0.2070274335,0.05757138009,35,9.974577364,6.245508999,5,14,2,1,704,0,1,0,2
15776,58,100635,6897.908122,0.2019239419,0.05495628406,15,6.511138261,1.491191851,95,3,6,4,2356,0,1,1,0
15777,37,131689,9633.519599,0.2738439483,0.1675543969,11,6.155773538,7.285228727,99,0,5,8,1092,1,0,2,0
15778,18,126948,3169.088749,0.1029962373,0.1971538707,27,7.831743777,8.106561416,9,4,9,8,1639,0,0,0,0
15779,64,81486,251.3939093,0.04159833038,0.1116117023,6,3.959336631,4.336649186,79,16,9,0,1759,1,0,3,3
15780,23,21611,7375.187923,0.2607240867,0.02516834926,32,3.278721641,14.44710635,24,2,0,8,1210,1,0,0,2
15781,36,146047,169.1052121,0.1061574836,0.1526974187,23,8.542397527,8.262284347,93,9,4,5,3972,0,1,1,3
15782,35,51657,8738.083127,0.07743479883,0.1766403404,10,9.644964049,8.935764895,39,13,5,0,4739,0,1,3,0
15783,23,38462,657.3823958,0.1510004975,0.1869333525,14,4.79266621,13.46039786,92,8,3,6,447,0,1,4,1
15784,62,96309,6562.370826,0.0523793501,0.1294673157,18,1.37138045,4.476508461,47,15,9,2,3315,0,1,3,0
15785,50,136752,3834.12303,0.09611937239,0.1063073583,14,2.612446498,9.695785338,86,17,0,4,3137,0,1,3,3
15786,40,109299,2113.072472,0.1217313839,0.1279001897,8,8.712831931,7.013995908,55,10,3,3,2371,1,1,0,3
15787,40,58547,8992.758159,0.09040403511,0.01246063635,12,2.094802795,5.886061139,59,4,3,2,3990,1,1,3,0
15788,43,127754,7487.833934,0.1405752552,0.1345297763,49,7.867055966,5.970185258,6,12,1,2,2466,1,1,3,2
15789,30,49063,3470.361605,0.121548695,0.1448328147,28,6.582204595,0.8484638483,46,11,9,3,4149,0,1,1,1
15790,24,125454,2913.115619,0.234631399,0.1471857661,25,7.540597473,12.40627498,13,9,7,2,1884,0,0,0,1
15791,32,102273,7386.521712,0.2763385163,0.1169836384,22,3.309314934,8.991894116,1,10,8,5,1485,0,1,1,0
15792,61,130896,8382.05055,0.03926773286,0.1430084306,16,1.164969442,14.02361709,62,15,4,1,4437,1,0,0,2
15793,44,140406,7186.919597,0.2487577376,0.1313781542,4,1.357789943,12.75923977,36,5,3,0,946,0,1,4,2
15794,43,99397,6435.893328,0.2802136502,0.03195039977,15,7.523647133,14.78090017,68,2,3,8,1047,0,1,3,0
15795,50,72788,2356.454779,0.2091178123,0.1806896862,38,6.520576899,0.9908248113,21,2,4,6,2067,0,0,0,1
15796,32,62523,8542.759434,0.2989617061,0.1283182265,29,8.564078218,9.901777918,69,19,7,0,2333,1,1,3,1
15797,53,50284,7521.653636,0.1071624699,0.1482809304,20,4.593226045,14.34205289,44,17,1,7,3410,0,0,3,1
15798,62,107964,5221.015469,0.2507898831,0.07514862878,4,5.999962141,11.64352648,6,10,3,0,2419,1,0,2,2
15799,44,83996,5164.718846,0.2053737264,0.1846555081,25,8.051551449,5.100525745,99,1,3,0,4193,1,0,1,0
15800,22,86247,5734.812975,0.1037943483,0.1054969956,42,5.469855327,2.131866052,4,2,0,5,2337,1,1,0,2
15801,19,33706,8299.936302,0.2143561802,0.1390111384,47,9.940136704,10.1898559,25,12,4,9,2820,1,1,4,1
15802,50,113614,7448.369533,0.1577903333,0.1909145915,29,7.686025463,10.0465563,91,12,4,8,4730,1,1,2,2
15803,33,30924,8576.82544,0.06480242833,0.1840557215,21,7.149793964,4.738218997,46,7,7,2,4782,1,1,1,1
15804,40,131377,5122.099439,0.0604251079,0.1325117664,44,8.213789693,12.18211923,86,4,4,1,2566,1,0,4,0
15805,55,35921,6284.025684,0.2168856656,0.04149086439,1,7.994711798,9.665515333,65,4,8,9,2638,0,0,4,1
15806,33,45432,8560.260888,0.2164598341,0.1906080019,43,2.977257236,6.513607779,20,17,1,0,3636,1,0,3,3
15807,31,138960,2399.968596,0.1639243907,0.1969857825,11,2.89345549,7.253899861,65,10,8,5,3921,1,1,1,3
15808,46,37813,4495.804735,0.1554105435,0.02964537212,41,6.454668383,4.091913116,1,15,5,4,350,1,1,2,0
15809,43,124748,6244.457146,0.06221114925,0.0955565596,26,4.924433858,8.309945602,17,16,6,9,2697,0,0,0,2
15810,52,128988,9159.947948,0.1344929757,0.1141685571,25,8.844189439,7.779848819,90,3,3,6,3331,0,0,0,2
15811,32,85250,256.7765094,0.2627052811,0.02749549269,44,3.610920817,14.17761478,63,7,6,4,1990,0,0,2,2
15812,20,146078,2204.474266,0.2578709188,0.0460391904,43,3.977735019,7.885078534,45,8,5,5,565,0,1,3,1
15813,40,88956,2421.060027,0.2016664815,0.1121640243,24,2.496823736,11.77364551,68,14,3,1,217,1,0,3,3
15814,46,22068,3333.465535,0.2992334366,0.1929869951,18,9.835677727,9.406022919,8,5,3,0,3574,1,0,4,0
15815,51,59927,2889.687542,0.2690217205,0.01528389543,48,2.044418797,3.765749421,13,3,9,5,605,0,0,1,2
15816,50,90342,5942.373977,0.05211682283,0.1833641841,26,9.846099931,1.218472638,67,14,9,1,4983,0,1,4,2
15817,58,125148,8867.640616,0.1257495569,0.1807355523,47,7.357533976,10.67800012,64,6,0,2,199,0,1,0,0
15818,58,50539,6406.080627,0.04826187058,0.1728639407,16,1.802362492,12.13405982,39,10,4,0,2451,1,1,2,1
15819,40,31683,2491.112934,0.1451659888,0.08173467645,5,2.368138499,13.18601881,21,0,3,7,287,0,1,1,2
15820,24,143031,8651.153216,0.2351510192,0.1032564721,22,3.94274052,10.41401317,14,16,3,6,1936,1,1,2,1
15821,20,105151,6357.253313,0.05517872588,0.08668298147,17,3.343114591,6.797023212,24,16,4,9,3055,0,1,1,1
15822,49,55674,2267.725037,0.2653223894,0.1900413754,42,9.758154735,7.642087567,63,17,8,7,381,1,0,0,1
15823,48,72703,3680.498718,0.1750266899,0.1090566178,43,6.520078715,11.52508679,50,3,7,4,1126,1,1,0,2
15824,35,78810,7920.651587,0.2271938919,0.02531639565,48,1.669509551,3.082712539,31,13,6,5,2263,1,1,1,2
15825,60,106111,7415.418697,0.02309518551,0.06207137042,1,5.728641559,7.064254964,94,10,2,2,4248,1,0,3,0
15826,24,105343,5808.165458,0.03721306447,0.09778631045,44,9.074258136,1.282165265,41,16,4,6,4337,0,1,1,0
15827,58,105977,1533.198277,0.1900497441,0.1911756271,18,4.745636378,2.026463125,86,9,6,3,309,1,0,0,1
15828,18,107114,8052.564043,0.2530756547,0.1181007072,3,6.99517501,3.846517362,16,18,1,1,1191,1,0,2,2
15829,31,31117,3144.671033,0.2634208745,0.1422537984,32,7.958733226,9.635652679,33,15,1,6,330,0,0,4,1
15830,69,23665,7738.819596,0.2096271043,0.02681877099,33,2.665261224,13.84141314,68,18,4,5,217,0,0,2,0
15831,49,139423,6510.907021,0.06827222884,0.1766915687,31,8.699506669,5.791461869,46,19,8,0,4220,0,1,0,1
15832,23,64390,2715.285788,0.06655629725,0.1124134622,17,5.039390443,7.755043846,41,13,9,8,3976,1,1,2,3
15833,56,94884,2202.455359,0.2655951967,0.1850333984,43,1.510197376,8.772510161,93,14,2,8,2711,0,1,3,1
15834,27,83887,1396.00824,0.0428382618,0.09464057022,8,8.910130482,4.626351271,49,10,0,9,4363,1,1,3,2
15835,24,68266,2495.267742,0.2089605506,0.1397859594,36,6.079178896,10.5018071,52,18,6,2,1254,1,0,1,1
15836,43,75541,1662.507322,0.1647169833,0.09945933281,47,2.784895761,3.579775647,93,7,8,9,4904,1,1,2,1
15837,51,84802,6208.807353,0.1322118279,0.03708600661,35,3.857050208,3.245089953,13,4,5,0,479,1,1,2,2
15838,47,114319,6027.952878,0.1376970242,0.06168949581,2,6.124356679,3.484317974,88,11,5,6,2160,0,0,0,3
15839,53,27882,5903.103395,0.2841101352,0.02277888594,17,4.367566322,7.449592307,66,13,3,3,4971,1,1,1,2
15840,38,90825,6454.709111,0.259818528,0.09365060515,39,3.100438417,4.12805488,19,15,7,2,2438,0,1,1,0
15841,34,33910,8166.366886,0.2608453205,0.1333748933,24,5.313793535,6.781206943,60,7,1,7,790,0,1,2,3
15842,50,60566,9144.171844,0.1279193094,0.0563051424,1,2.665411549,5.964790261,22,11,5,8,4687,1,0,4,3
15843,27,83073,2380.717825,0.04102455053,0.1031737311,43,3.208412565,12.54944478,22,15,9,7,2947,0,0,2,2
15844,68,117519,5918.967453,0.2993734356,0.09720493351,0,8.440606448,3.676368096,20,6,6,3,3441,1,1,2,1
15845,64,56176,875.5285903,0.0521494953,0.1113498933,23,3.056870987,4.938400773,43,7,1,6,3649,0,1,2,0
15846,59,103081,1289.41014,0.1595188758,0.04507108674,23,7.258307061,14.30954411,4,17,4,1,2548,1,0,3,0
15847,68,50289,6577.959198,0.08673956469,0.1114569768,49,3.254228319,4.047189988,51,5,3,0,4320,0,1,1,3
15848,29,70411,4917.147561,0.1581154299,0.07919905579,41,2.911585301,12.05498801,72,5,0,0,812,0,0,3,0
15849,33,132263,7607.48766,0.09843062629,0.0643479513,39,3.260400004,2.55285223,38,13,5,9,3127,1,0,4,3
15850,58,89626,4314.207062,0.2700971258,0.1213365827,3,5.214681706,9.007457502,21,13,8,4,1517,1,1,0,3
15851,49,129337,1363.224228,0.2908190628,0.03812699267,49,2.316517071,1.833787281,82,6,4,8,1919,1,1,4,0
15852,32,35362,8733.331173,0.128918642,0.1811251436,34,1.959512847,6.444902693,68,3,3,3,4750,0,0,1,3
15853,44,107610,920.5958643,0.03035499577,0.1876220345,34,7.810665918,14.35666869,67,18,1,3,4154,0,0,0,1
15854,45,116371,1970.749961,0.2023674688,0.1355158411,11,1.209715041,9.818182074,20,18,7,6,3419,1,1,4,3
15855,34,33783,2842.070973,0.1192214136,0.06759939102,48,4.469357627,3.51104773,81,10,8,9,1306,0,1,1,1
15856,63,64162,9953.27801,0.2959309102,0.1289411153,22,4.564309731,12.22830037,4,14,5,0,1495,1,0,4,1
15857,67,55749,4226.91222,0.03591868559,0.1242894586,48,9.03737209,9.990095939,60,15,5,1,2486,0,0,0,1
15858,19,126369,5066.914452,0.0445466678,0.08433768651,21,7.97041991,13.95188931,76,2,5,6,1252,0,1,0,0
15859,53,23554,7719.997835,0.2128327031,0.064576977,25,5.596090577,3.81699363,89,0,1,9,441,0,1,4,1
15860,67,146352,6400.514295,0.2300083847,0.04200606094,3,5.318316882,2.25842379,79,6,4,7,1074,0,0,3,0
15861,24,78568,8430.06485,0.1466179572,0.0513029296,6,6.090411697,9.706214144,10,7,6,2,924,0,1,4,2
15862,30,130883,4915.69124,0.09040673471,0.1340756855,22,4.22045043,13.74706211,66,10,7,8,823,1,0,4,1
15863,32,38773,9724.559106,0.09984491425,0.1783199229,30,7.306994699,11.77755362,67,4,7,0,2025,0,1,4,3
15864,42,93694,7988.44238,0.1080121603,0.08314165044,6,7.174640541,6.461275249,8,9,4,1,354,1,1,3,2
15865,40,86550,4073.517344,0.07533177729,0.03316090206,21,6.171891894,6.759733378,93,19,4,1,50,1,1,2,2
15866,39,140417,3874.591047,0.256686339,0.01243319731,38,1.519234163,5.322628068,50,15,5,7,2901,0,0,0,1
15867,43,66295,9301.962801,0.02887239019,0.08712207446,39,2.14153891,13.80127841,59,0,3,3,255,1,1,1,0
15868,50,50331,6875.714795,0.128110569,0.05418772073,18,1.353486486,12.26888617,44,9,7,2,4332,0,1,0,2
15869,28,65640,6252.192982,0.226804912,0.07128555773,29,7.466641602,4.377276942,59,19,6,7,3812,1,1,0,1
15870,27,84877,7602.523311,0.01110938759,0.05591727616,25,5.298397121,5.150065834,57,3,1,9,1491,1,1,2,2
15871,42,66969,5652.254898,0.2646294299,0.1361880501,40,9.594830525,11.22683656,75,19,5,0,595,1,0,0,2
15872,54,62986,1675.751054,0.2148250316,0.1313177172,21,9.570955308,6.650248315,53,14,5,2,1845,1,1,0,1
15873,65,122017,3260.233075,0.03127844748,0.1833378597,8,8.183537366,9.340925897,48,5,3,0,3619,0,1,3,3
15874,60,136180,5623.654151,0.2695490108,0.1429515338,45,4.987440243,2.754244132,12,14,5,2,914,1,1,3,3
15875,55,27585,279.8614272,0.1513184479,0.04133886231,28,3.847153595,12.48565003,20,14,9,5,1019,1,1,3,3
15876,58,24122,4429.771979,0.1991494068,0.1528029416,31,2.808767962,8.567276646,20,16,8,7,4886,1,1,3,2
15877,62,128196,7582.448505,0.2657896786,0.04444089388,17,3.09245428,12.47317452,26,19,9,5,2108,1,0,3,0
15878,41,36838,1725.916645,0.26553708,0.1161341683,30,9.912866113,10.86538879,68,16,8,4,0,1,1,1,0
15879,57,37301,739.1336066,0.1285357944,0.0246448598,31,5.773138948,6.720521513,80,16,0,1,3759,1,1,2,2
15880,63,43107,8376.688493,0.07892995066,0.01899176082,8,1.110281347,10.36818107,54,11,6,4,2130,1,1,4,2
15881,50,77357,6211.011298,0.08465224786,0.0982036986,29,1.39863883,1.367849884,84,10,3,5,4678,1,1,3,1
15882,34,108161,1848.131828,0.2321230601,0.02994687667,36,5.128895945,6.824317303,64,15,1,7,495,0,1,2,0
15883,41,122678,8082.419308,0.2795348047,0.06826665493,31,4.991336077,6.819597575,15,12,7,8,2557,1,0,4,2
15884,54,75211,6615.481768,0.03094689526,0.07437834188,7,4.650028526,6.599339037,21,16,9,0,3428,0,0,0,3
15885,19,86025,3407.78077,0.01435572114,0.1561911146,23,8.41243077,2.204917897,86,8,2,1,1535,0,0,0,0
15886,49,86520,3824.343092,0.2486511678,0.07320921998,3,7.32839818,7.561097528,19,0,1,9,3307,0,1,2,2
15887,41,37344,1643.292816,0.1221147549,0.1039170351,45,1.96675434,11.54471804,48,17,8,8,265,1,0,1,1
15888,26,77202,8369.030383,0.09017028104,0.1567913267,16,4.264110065,5.184034654,71,2,4,8,1981,1,0,1,1
15889,21,120086,5139.165851,0.06462841581,0.0489306783,20,6.370119419,12.36950359,45,10,7,4,291,1,1,2,0
15890,34,34959,5614.488859,0.1104793769,0.1629305045,47,4.442399912,8.989312951,48,10,7,9,1957,0,1,1,3
15891,34,132846,8846.56996,0.2917257459,0.1680410114,8,2.87474798,10.99982329,93,14,3,6,4906,0,1,1,0
15892,67,58751,256.7231029,0.2933531346,0.1978808911,4,6.652476619,13.51664409,65,2,2,3,3270,1,1,0,2
15893,65,21869,762.538319,0.1061389227,0.09436905898,4,6.420242528,7.492427555,61,6,5,5,200,0,1,1,3
15894,47,64264,1699.63192,0.2894701343,0.08042337245,29,9.771484967,12.75138564,62,0,6,9,445,0,0,1,2
15895,57,50268,397.3743496,0.09696040042,0.1433810014,5,6.049632889,2.535454418,31,15,6,0,164,1,1,2,3
15896,28,104564,6615.745951,0.2577995176,0.02104871228,37,8.868678276,11.78694365,82,9,4,5,3192,0,0,1,3
15897,38,59606,6375.406735,0.07148122065,0.01755278719,7,9.542765767,12.58849146,12,14,6,9,4896,1,1,3,2
15898,38,33550,2186.938839,0.2496814006,0.07364826406,47,4.913055773,13.59930365,41,4,1,2,4206,1,1,3,0
15899,35,139033,1579.123804,0.1125818153,0.1486078668,45,1.476043323,1.674692522,87,1,8,9,3440,0,1,2,1
15900,46,25702,1542.278544,0.06675982078,0.0321263443,32,2.291449579,2.196042737,9,4,2,7,2581,1,1,3,3
15901,41,98563,9537.089992,0.2810861732,0.1307539012,47,5.535731778,0.828021858,46,10,0,7,4239,0,0,0,3
15902,27,130164,6965.694833,0.0721134564,0.06120600041,14,9.036622033,7.834069936,68,4,2,6,1453,1,1,2,1
15903,62,81745,5895.745402,0.2976322155,0.1338181878,36,6.887188625,3.29650814,90,0,4,7,1296,1,0,1,0
15904,34,118279,3292.620031,0.04148642879,0.09682546354,8,2.81333545,8.732718171,59,9,0,2,3831,0,1,3,1
15905,35,44459,4387.127659,0.01290602718,0.03187881831,2,7.309399148,13.43811068,60,1,5,0,4571,0,1,0,0
15906,59,76782,985.1182239,0.2625301284,0.0569837348,30,9.047973923,5.241867406,57,18,0,7,784,1,1,2,3
15907,65,107822,9981.703692,0.1801152784,0.05174561324,38,1.272030036,0.5775342194,24,10,9,4,224,1,1,2,3
15908,37,26032,7575.346089,0.1322716276,0.04127107261,6,3.1853091,13.40306932,70,17,5,2,2930,1,1,1,2
15909,54,21825,6252.386253,0.0337695384,0.0989856352,15,2.378627421,9.517312542,61,2,9,7,1238,1,0,4,0
15910,62,146187,5918.895233,0.176718834,0.1913864525,27,8.05692701,3.421774581,60,9,0,5,741,0,0,3,1
15911,35,97090,5092.712283,0.1241804197,0.1350368721,34,9.023296682,10.53922172,44,6,7,0,4997,0,1,0,0
15912,34,137798,2648.531534,0.1502503548,0.168840386,14,5.991017289,9.675890401,26,0,1,1,588,1,1,2,0
15913,26,68101,2341.264994,0.1928136398,0.1964052359,6,8.633816811,6.011775238,51,9,1,3,3858,0,1,3,0
15914,31,80109,5540.371326,0.1955807456,0.112718306,34,6.912434466,3.576089838,58,4,1,8,4030,1,1,0,0
15915,66,32470,794.9880641,0.28857378,0.05523331438,47,6.910295874,14.89017257,84,0,0,8,3488,0,0,0,1
15916,46,23770,837.2609088,0.1999654899,0.1862840913,30,6.217373517,9.823791625,42,16,1,9,2817,0,0,2,2
15917,48,47268,5652.054671,0.1084272007,0.1428069579,37,1.450168308,0.5253424368,27,13,7,1,574,1,0,3,3
15918,21,20029,9206.139277,0.1055935201,0.1921988395,7,9.432802947,2.321102541,20,3,7,0,3179,1,1,0,1
15919,35,50083,9151.291326,0.1483766763,0.1336960727,47,4.201942842,4.08750619,33,15,5,0,3672,0,0,2,1
15920,37,28958,207.2001765,0.08520503296,0.1572775519,37,8.223199346,12.29048919,84,6,3,1,2838,0,0,3,3
15921,64,133806,1163.202735,0.1191673037,0.179220877,15,8.289861134,7.382427425,46,0,9,9,4484,0,1,3,2
15922,60,28806,5872.469168,0.2542127039,0.1542573692,33,9.69185111,1.371829817,26,5,3,3,2959,1,1,2,1
15923,61,52162,8499.909646,0.2593308648,0.1169026967,0,3.940296752,4.343849693,14,13,7,8,707,1,1,3,3
15924,26,94732,9549.045958,0.1920598187,0.09966497713,18,9.976594606,14.7203685,4,3,7,7,904,1,1,4,2
15925,30,54889,8619.764038,0.1790238732,0.1664416936,13,3.70517033,11.63410124,63,14,7,2,1149,0,1,0,2
15926,32,47702,6808.370039,0.1338589512,0.1566773044,18,5.062331484,0.5675589943,16,10,9,0,3985,0,1,0,0
15927,44,55777,2085.198268,0.1944106855,0.07962185655,22,7.356250296,12.6611518,7,17,3,5,4881,1,1,3,1
15928,32,72971,818.9525924,0.2437554703,0.1046830738,3,2.394897652,3.287883995,56,1,1,9,3128,1,0,2,2
15929,45,27739,570.4062486,0.2239756468,0.1306482436,33,3.39735866,5.296227593,56,5,2,6,4293,0,0,1,1
15930,54,44599,6159.560168,0.02028325955,0.01539034162,1,7.553021566,2.21663174,47,15,2,1,1754,0,0,3,3
15931,36,56827,458.2671798,0.2220276996,0.05703805299,11,9.769457393,0.6533959626,87,13,5,5,4645,1,0,1,1
15932,43,96821,7418.475569,0.2187848235,0.05754073506,22,7.595189011,7.808165364,17,12,0,7,520,1,1,3,2
15933,69,116683,7153.4603,0.03870725564,0.1778139963,42,8.760689007,4.646799815,41,11,0,0,4561,1,0,1,3
15934,43,115263,888.1471653,0.05357173573,0.07298267316,17,1.337380772,5.72241051,68,18,2,7,2624,0,1,3,3
15935,42,88446,9075.561414,0.2384934682,0.1135772437,31,6.193233185,2.950427793,53,11,2,2,2012,0,0,2,0
15936,43,100210,5267.099957,0.1721069777,0.1680014287,16,9.226826795,12.19356424,15,1,1,8,3063,1,1,1,3
15937,43,103890,9053.941817,0.2482724073,0.05934182438,30,7.141573373,3.015516845,84,8,3,9,292,1,1,4,2
15938,63,116212,9025.939556,0.06357579912,0.03351384472,35,7.088160622,8.000826127,75,8,4,9,4303,1,1,2,0
15939,45,111650,2050.637232,0.01887828176,0.1901883632,25,2.827361845,7.306056308,16,15,2,7,4218,1,1,3,2
15940,66,43039,3867.718517,0.05696310885,0.1438897578,11,8.750270499,13.83603208,43,7,6,1,1573,0,0,1,2
15941,35,146021,1432.800702,0.1412453131,0.04364021548,34,8.785408187,14.82213007,32,4,9,1,1466,1,1,0,0
15942,49,139455,7772.2823,0.1617548991,0.1657451953,15,6.526063342,13.63346836,10,9,9,5,2479,1,0,2,0
15943,20,64929,5090.836664,0.2587333254,0.1595540565,3,4.839563854,11.13615203,39,5,4,8,1024,1,1,1,1
15944,19,117367,9295.194996,0.2176981537,0.1691328085,27,8.418461182,6.745104953,36,3,3,2,4010,1,1,2,2
15945,50,63884,2161.330627,0.2972132858,0.06248038956,37,5.184961146,2.393009375,74,0,1,1,3840,0,0,1,1
15946,59,45146,6914.839849,0.0328286815,0.09523013794,32,8.40353173,13.11344614,27,8,8,2,137,1,1,0,3
15947,36,65819,9893.444595,0.04776411104,0.1417980112,36,5.364241724,10.88562143,29,7,2,5,3077,0,0,4,3
15948,34,103162,6687.274492,0.03446312221,0.0842268391,9,6.218145538,2.411063321,45,2,8,3,1512,1,1,0,1
15949,61,102632,780.861935,0.1661528335,0.02329471272,30,7.732198319,1.776523172,77,0,0,1,876,0,1,3,0
15950,50,51308,5925.401062,0.08738962353,0.03592545326,13,3.384942273,10.27731372,42,12,2,4,3223,0,1,2,3
15951,29,33054,1880.443222,0.2082535526,0.123451566,4,3.221607049,13.63581765,84,17,9,7,1989,0,1,4,0
15952,66,99606,401.9774965,0.04848035765,0.08128195792,9,7.010571574,3.600794952,95,11,3,4,2824,1,1,2,1
15953,20,127789,3416.110903,0.03992550587,0.01102222504,24,9.585219515,6.473878935,90,10,2,4,2574,0,1,1,0
15954,60,72018,2734.430422,0.1434479863,0.1557023601,40,5.014305687,14.48432553,97,14,5,5,3555,0,0,3,2
15955,66,46250,7908.831898,0.1190105224,0.08917371113,44,9.08382105,14.21680938,7,17,6,8,369,1,1,3,3
15956,43,34413,3799.437357,0.2504578256,0.06961616423,16,5.663683965,10.63110945,42,11,8,0,1681,1,1,2,0
15957,52,97391,7356.291926,0.2528906818,0.145568644,19,9.765381041,7.373841021,32,4,8,1,2794,0,0,3,0
15958,25,58921,260.7660203,0.04405431368,0.09647067561,32,8.128427189,5.90686381,54,4,6,7,3271,1,0,2,2
15959,69,91123,246.640121,0.2455736062,0.1420179108,8,8.736017801,6.170181699,57,15,9,7,3716,1,0,1,0
15960,53,144239,390.2032297,0.1736078449,0.01250763565,49,7.116436248,7.820776283,20,16,6,4,1539,0,1,1,1
15961,24,94363,2271.648574,0.1560318994,0.01178982168,30,8.816433181,10.4714641,46,18,9,4,2922,0,1,2,1
15962,63,45785,3802.479072,0.03748137911,0.1163813668,4,6.335184505,7.908028981,50,6,2,5,4103,1,1,0,1
15963,63,76865,6117.673451,0.224492923,0.1966202865,45,6.10603089,3.830941219,28,6,7,7,3073,0,1,0,3
15964,53,117400,9860.54747,0.0272937969,0.0617478752,28,8.86340324,11.41998948,15,17,1,3,2845,1,0,1,0
15965,33,116847,3608.654713,0.0905306132,0.1397497759,46,1.135595537,7.067107784,67,2,3,3,1158,0,0,4,3
15966,41,26861,651.0231769,0.03767514508,0.04272893315,3,5.309010127,8.810182753,88,9,2,0,1521,1,0,0,3
15967,18,96340,2029.5116,0.1639226069,0.06919424003,30,8.830665228,11.75270056,68,17,8,9,3189,1,1,2,0
15968,66,33979,8988.733155,0.197116717,0.02483422919,3,2.765345749,6.068186907,18,11,5,0,4870,1,0,1,0
15969,42,86833,7023.853982,0.2683479925,0.1773507004,17,9.622083893,13.98273129,38,4,6,6,3171,1,1,3,1
15970,27,133049,7922.988158,0.2228228571,0.0689831063,17,7.665415741,7.896216657,69,5,5,4,1280,0,1,3,3
15971,33,20357,1329.265236,0.2887202757,0.05378862501,39,7.861802348,10.70430651,29,12,7,4,3311,1,1,0,3
15972,33,148646,1436.371188,0.2306754515,0.1488147939,33,6.989285627,11.44937544,27,2,0,0,2623,0,1,4,0
15973,25,134604,1211.235475,0.09644119995,0.04789362957,47,5.027269674,5.781480505,62,5,6,1,1505,1,1,0,3
15974,46,67201,8585.974727,0.1687995951,0.05565231849,13,5.148607814,4.242660279,12,8,5,2,1593,0,0,4,2
15975,56,74254,2178.679326,0.1428024954,0.0296870882,25,8.551973084,13.888677,66,2,0,4,4544,1,0,0,0
15976,45,102160,6467.202279,0.1741309299,0.1929456627,22,2.252254091,5.045601514,63,1,0,1,3673,0,1,3,1
15977,23,30796,5210.047025,0.1759059084,0.05705117241,32,5.69860706,2.088160429,57,16,0,6,2749,0,1,4,2
15978,33,43238,5489.460128,0.2136093148,0.1991760275,16,3.789523528,7.688462763,98,16,5,5,2215,1,1,3,2
15979,37,114176,2034.810048,0.03408270625,0.04346839378,41,9.858847677,12.45787187,67,10,2,9,577,0,0,2,1
15980,33,70978,6388.936325,0.2265560874,0.0139238515,31,1.033236884,4.58937895,9,7,5,7,1930,1,1,2,2
15981,24,60883,526.6952911,0.05168564784,0.1801817866,47,1.573069062,7.659507155,50,1,8,0,620,1,0,1,2
15982,58,117393,9935.375535,0.01760011843,0.1202032778,34,9.706490801,5.742376095,69,16,3,7,51,0,0,3,2
15983,31,105478,364.9131743,0.1604826072,0.0767679,42,5.89412572,0.8575626133,0,8,0,2,4968,1,0,3,3
15984,60,89396,596.5497531,0.1786283186,0.1075345359,29,2.246816026,2.494824192,0,19,1,7,4732,1,1,1,2
15985,43,148240,3314.009457,0.02010681033,0.05953812143,14,5.037762617,12.05671763,6,12,4,5,52,1,0,2,2
15986,43,130747,8333.091022,0.1594576233,0.1306041816,49,3.903917886,14.05054525,79,3,6,2,4303,0,0,2,0
15987,31,24447,2646.173197,0.1650253604,0.1271290261,6,9.20087334,0.56218619,87,3,4,1,218,1,1,4,1
15988,24,40523,4772.156637,0.02522352137,0.02523653492,5,7.188213814,12.98727134,3,7,5,4,1494,0,1,4,3
15989,50,84079,277.9755786,0.2163597327,0.1830307391,8,2.174669717,10.99615595,15,8,0,0,2935,0,1,2,3
15990,43,84823,880.9052332,0.07098401352,0.09749981502,12,5.828010562,10.43060817,70,2,4,2,2848,1,1,0,1
15991,62,69289,6118.863881,0.240393172,0.0470792851,39,2.210141551,6.735463832,24,6,5,3,3075,1,1,3,3
15992,37,138422,2024.148848,0.1001384176,0.06840293329,17,6.987075729,5.307843749,14,17,0,5,2733,0,0,4,3
15993,20,120271,6973.120174,0.1485888341,0.1745821334,34,7.545045566,6.4542229,8,12,1,7,3066,0,0,0,3
15994,69,124883,7875.372633,0.268636755,0.08280518268,0,6.059440646,9.221239873,10,1,5,9,2448,0,1,4,0
15995,21,24849,8518.308575,0.2437920454,0.1167726225,23,9.693602291,14.22779429,70,13,6,7,286,0,0,1,0
15996,43,44718,1424.613446,0.2367404378,0.1900610496,49,9.499010059,3.501106177,52,13,1,5,1502,0,1,3,3
15997,28,125471,4609.534635,0.05652591731,0.1338261231,35,2.853240579,14.61832341,38,16,0,3,738,1,1,4,1
15998,19,107862,9476.106354,0.02396129214,0.1383861813,49,1.00296447,3.876623374,86,1,5,7,2709,1,1,2,1
15999,31,93002,7743.62707,0.1856700957,0.05722807906,15,6.96473936,12.76365976,2,18,9,9,341,0,1,1,0
