user_id,CustomerID,segment_id,segment_name,segment_method,segment_confidence
8000,8000,2,Low Engagement,hybrid,0.6
8001,8001,1,High Intent,hybrid,0.75
8002,8002,4,Loyal Customer,hybrid,0.95
8003,8003,3,Price Sensitive,hybrid,0.95
8004,8004,4,Loyal Customer,hybrid,0.8
8005,8005,1,High Intent,hybrid,0.7
8006,8006,3,Price Sensitive,hybrid,0.6
8007,8007,1,High Intent,hybrid,0.7
8008,8008,2,Low Engagement,hybrid,0.75
8009,8009,4,Loyal Customer,hybrid,0.6
8010,8010,1,High Intent,hybrid,0.7
8011,8011,2,Low Engagement,hybrid,0.6
8012,8012,4,Loyal Customer,hybrid,0.7
8013,8013,2,Low Engagement,hybrid,0.75
8014,8014,2,Low Engagement,hybrid,0.6
8015,8015,3,Price Sensitive,hybrid,0.75
8016,8016,1,High Intent,hybrid,0.7
8017,8017,1,High Intent,hybrid,0.7
8018,8018,4,Loyal Customer,hybrid,0.6
8019,8019,1,High Intent,hybrid,0.75
8020,8020,3,Price Sensitive,hybrid,0.75
8021,8021,3,Price Sensitive,hybrid,0.8
8022,8022,2,Low Engagement,hybrid,0.75
8023,8023,2,Low Engagement,hybrid,0.8
8024,8024,2,Low Engagement,hybrid,0.6
8025,8025,1,High Intent,hybrid,0.7
8026,8026,2,Low Engagement,hybrid,0.6
8027,8027,1,High Intent,hybrid,0.95
8028,8028,3,Price Sensitive,hybrid,0.6
8029,8029,1,High Intent,hybrid,0.75
8030,8030,1,High Intent,hybrid,0.7
8031,8031,2,Low Engagement,hybrid,0.75
8032,8032,4,Loyal Customer,hybrid,0.6
8033,8033,2,Low Engagement,hybrid,0.75
8034,8034,2,Low Engagement,hybrid,0.75
8035,8035,2,Low Engagement,hybrid,0.6
8036,8036,2,Low Engagement,hybrid,0.75
8037,8037,1,High Intent,hybrid,0.6
8038,8038,3,Price Sensitive,hybrid,0.8
8039,8039,2,Low Engagement,hybrid,0.8
8040,8040,2,Low Engagement,hybrid,0.8
8041,8041,3,Price Sensitive,hybrid,0.8
8042,8042,4,Loyal Customer,hybrid,0.6
8043,8043,2,Low Engagement,hybrid,0.6
8044,8044,4,Loyal Customer,hybrid,0.8
8045,8045,2,Low Engagement,hybrid,0.75
8046,8046,1,High Intent,hybrid,0.7
8047,8047,4,Loyal Customer,hybrid,0.8
8048,8048,4,Loyal Customer,hybrid,0.7
8049,8049,4,Loyal Customer,hybrid,0.6
8050,8050,4,Loyal Customer,hybrid,0.6
8051,8051,4,Loyal Customer,hybrid,0.8
8052,8052,2,Low Engagement,hybrid,0.75
8053,8053,2,Low Engagement,hybrid,0.75
8054,8054,4,Loyal Customer,hybrid,0.6
8055,8055,2,Low Engagement,hybrid,0.6
8056,8056,4,Loyal Customer,hybrid,0.6
8057,8057,3,Price Sensitive,hybrid,0.75
8058,8058,5,New Cold User,hybrid,0.65
8059,8059,1,High Intent,hybrid,0.7
8060,8060,2,Low Engagement,hybrid,0.6
8061,8061,3,Price Sensitive,hybrid,0.8
8062,8062,2,Low Engagement,hybrid,0.75
8063,8063,3,Price Sensitive,hybrid,0.8
8064,8064,2,Low Engagement,hybrid,0.75
8065,8065,3,Price Sensitive,hybrid,0.75
8066,8066,2,Low Engagement,hybrid,0.6
8067,8067,4,Loyal Customer,hybrid,0.8
8068,8068,1,High Intent,hybrid,0.75
8069,8069,2,Low Engagement,hybrid,0.75
8070,8070,1,High Intent,hybrid,0.7
8071,8071,2,Low Engagement,hybrid,0.8
8072,8072,2,Low Engagement,hybrid,0.8
8073,8073,3,Price Sensitive,hybrid,0.6
8074,8074,4,Loyal Customer,hybrid,0.75
8075,8075,2,Low Engagement,hybrid,0.6
8076,8076,2,Low Engagement,hybrid,0.6
8077,8077,1,High Intent,hybrid,0.7
8078,8078,1,High Intent,hybrid,0.7
8079,8079,2,Low Engagement,hybrid,0.6
8080,8080,2,Low Engagement,hybrid,0.6
8081,8081,2,Low Engagement,hybrid,0.6
8082,8082,2,Low Engagement,hybrid,0.8
8083,8083,3,Price Sensitive,hybrid,0.6
8084,8084,2,Low Engagement,hybrid,0.6
8085,8085,3,Price Sensitive,hybrid,0.8
8086,8086,2,Low Engagement,hybrid,0.6
8087,8087,1,High Intent,hybrid,0.75
8088,8088,4,Loyal Customer,hybrid,0.7
8089,8089,3,Price Sensitive,hybrid,0.95
8090,8090,2,Low Engagement,hybrid,0.6
8091,8091,2,Low Engagement,hybrid,0.6
8092,8092,2,Low Engagement,hybrid,0.7
8093,8093,3,Price Sensitive,hybrid,0.7
8094,8094,1,High Intent,hybrid,0.75
8095,8095,2,Low Engagement,hybrid,0.6
8096,8096,2,Low Engagement,hybrid,0.6
8097,8097,2,Low Engagement,hybrid,0.6
8098,8098,4,Loyal Customer,hybrid,0.7
8099,8099,1,High Intent,hybrid,0.7
8100,8100,2,Low Engagement,hybrid,0.75
8101,8101,4,Loyal Customer,hybrid,0.6
8102,8102,3,Price Sensitive,hybrid,0.8
8103,8103,2,Low Engagement,hybrid,0.75
8104,8104,1,High Intent,hybrid,0.75
8105,8105,1,High Intent,hybrid,0.6
8106,8106,4,Loyal Customer,hybrid,0.6
8107,8107,4,Loyal Customer,hybrid,0.6
8108,8108,4,Loyal Customer,hybrid,0.95
8109,8109,4,Loyal Customer,hybrid,0.8
8110,8110,2,Low Engagement,hybrid,0.6
8111,8111,2,Low Engagement,hybrid,0.6
8112,8112,3,Price Sensitive,hybrid,0.6
8113,8113,1,High Intent,hybrid,0.7
8114,8114,2,Low Engagement,hybrid,0.6
8115,8115,2,Low Engagement,hybrid,0.6
8116,8116,1,High Intent,hybrid,0.8
8117,8117,1,High Intent,hybrid,0.7
8118,8118,2,Low Engagement,hybrid,0.7
8119,8119,2,Low Engagement,hybrid,0.6
8120,8120,3,Price Sensitive,hybrid,0.8
8121,8121,4,Loyal Customer,hybrid,0.6
8122,8122,2,Low Engagement,hybrid,0.8
8123,8123,1,High Intent,hybrid,0.7
8124,8124,1,High Intent,hybrid,0.7
8125,8125,2,Low Engagement,hybrid,0.6
8126,8126,1,High Intent,hybrid,0.75
8127,8127,4,Loyal Customer,hybrid,0.8
8128,8128,2,Low Engagement,hybrid,0.6
8129,8129,1,High Intent,hybrid,0.75
8130,8130,4,Loyal Customer,hybrid,0.7
8131,8131,3,Price Sensitive,hybrid,0.7
8132,8132,5,New Cold User,hybrid,0.65
8133,8133,2,Low Engagement,hybrid,0.8
8134,8134,4,Loyal Customer,hybrid,0.75
8135,8135,3,Price Sensitive,hybrid,0.6
8136,8136,2,Low Engagement,hybrid,0.75
8137,8137,4,Loyal Customer,hybrid,0.6
8138,8138,4,Loyal Customer,hybrid,0.7
8139,8139,4,Loyal Customer,hybrid,0.6
8140,8140,4,Loyal Customer,hybrid,0.6
8141,8141,1,High Intent,hybrid,0.7
8142,8142,3,Price Sensitive,hybrid,0.6
8143,8143,2,Low Engagement,hybrid,0.6
8144,8144,3,Price Sensitive,hybrid,0.6
8145,8145,3,Price Sensitive,hybrid,0.7
8146,8146,4,Loyal Customer,hybrid,0.8
8147,8147,3,Price Sensitive,hybrid,0.7
8148,8148,4,Loyal Customer,hybrid,0.6
8149,8149,1,High Intent,hybrid,0.95
8150,8150,3,Price Sensitive,hybrid,0.95
8151,8151,1,High Intent,hybrid,0.7
8152,8152,1,High Intent,hybrid,0.8
8153,8153,4,Loyal Customer,hybrid,0.6
8154,8154,2,Low Engagement,hybrid,0.6
8155,8155,3,Price Sensitive,hybrid,0.8
8156,8156,1,High Intent,hybrid,0.7
8157,8157,4,Loyal Customer,hybrid,0.6
8158,8158,4,Loyal Customer,hybrid,0.8
8159,8159,2,Low Engagement,hybrid,0.6
8160,8160,4,Loyal Customer,hybrid,0.6
8161,8161,3,Price Sensitive,hybrid,0.6
8162,8162,4,Loyal Customer,hybrid,0.6
8163,8163,4,Loyal Customer,hybrid,0.95
8164,8164,4,Loyal Customer,hybrid,0.6
8165,8165,2,Low Engagement,hybrid,0.8
8166,8166,1,High Intent,hybrid,0.7
8167,8167,1,High Intent,hybrid,0.75
8168,8168,1,High Intent,hybrid,0.75
8169,8169,3,Price Sensitive,hybrid,0.7
8170,8170,4,Loyal Customer,hybrid,0.6
8171,8171,3,Price Sensitive,hybrid,0.7
8172,8172,2,Low Engagement,hybrid,0.75
8173,8173,3,Price Sensitive,hybrid,0.6
8174,8174,4,Loyal Customer,hybrid,0.95
8175,8175,1,High Intent,hybrid,0.7
8176,8176,1,High Intent,hybrid,0.6
8177,8177,2,Low Engagement,hybrid,0.7
8178,8178,1,High Intent,hybrid,0.7
8179,8179,3,Price Sensitive,hybrid,0.8
8180,8180,3,Price Sensitive,hybrid,0.7
8181,8181,3,Price Sensitive,hybrid,0.6
8182,8182,2,Low Engagement,hybrid,0.7
8183,8183,2,Low Engagement,hybrid,0.6
8184,8184,3,Price Sensitive,hybrid,0.7
8185,8185,4,Loyal Customer,hybrid,0.8
8186,8186,2,Low Engagement,hybrid,0.7
8187,8187,2,Low Engagement,hybrid,0.75
8188,8188,2,Low Engagement,hybrid,0.75
8189,8189,2,Low Engagement,hybrid,0.75
8190,8190,2,Low Engagement,hybrid,0.75
8191,8191,2,Low Engagement,hybrid,0.75
8192,8192,2,Low Engagement,hybrid,0.6
8193,8193,1,High Intent,hybrid,0.95
8194,8194,2,Low Engagement,hybrid,0.8
8195,8195,3,Price Sensitive,hybrid,0.7
8196,8196,3,Price Sensitive,hybrid,0.7
8197,8197,1,High Intent,hybrid,0.7
8198,8198,2,Low Engagement,hybrid,0.6
8199,8199,3,Price Sensitive,hybrid,0.8
8200,8200,4,Loyal Customer,hybrid,0.6
8201,8201,3,Price Sensitive,hybrid,0.8
8202,8202,4,Loyal Customer,hybrid,0.6
8203,8203,3,Price Sensitive,hybrid,0.75
8204,8204,3,Price Sensitive,hybrid,0.8
8205,8205,2,Low Engagement,hybrid,0.6
8206,8206,2,Low Engagement,hybrid,0.6
8207,8207,4,Loyal Customer,hybrid,0.6
8208,8208,2,Low Engagement,hybrid,0.6
8209,8209,3,Price Sensitive,hybrid,0.8
8210,8210,1,High Intent,hybrid,0.75
8211,8211,4,Loyal Customer,hybrid,0.6
8212,8212,3,Price Sensitive,hybrid,0.6
8213,8213,2,Low Engagement,hybrid,0.6
8214,8214,4,Loyal Customer,hybrid,0.6
8215,8215,4,Loyal Customer,hybrid,0.6
8216,8216,3,Price Sensitive,hybrid,0.6
8217,8217,4,Loyal Customer,hybrid,0.6
8218,8218,3,Price Sensitive,hybrid,0.75
8219,8219,3,Price Sensitive,hybrid,0.6
8220,8220,1,High Intent,hybrid,0.95
8221,8221,2,Low Engagement,hybrid,0.75
8222,8222,2,Low Engagement,hybrid,0.6
8223,8223,2,Low Engagement,hybrid,0.6
8224,8224,3,Price Sensitive,hybrid,0.6
8225,8225,4,Loyal Customer,hybrid,0.6
8226,8226,4,Loyal Customer,hybrid,0.8
8227,8227,2,Low Engagement,hybrid,0.75
8228,8228,3,Price Sensitive,hybrid,0.6
8229,8229,3,Price Sensitive,hybrid,0.6
8230,8230,2,Low Engagement,hybrid,0.6
8231,8231,4,Loyal Customer,hybrid,0.95
8232,8232,4,Loyal Customer,hybrid,0.8
8233,8233,4,Loyal Customer,hybrid,0.6
8234,8234,1,High Intent,hybrid,0.75
8235,8235,1,High Intent,hybrid,0.6
8236,8236,2,Low Engagement,hybrid,0.6
8237,8237,2,Low Engagement,hybrid,0.75
8238,8238,3,Price Sensitive,hybrid,0.7
8239,8239,2,Low Engagement,hybrid,0.6
8240,8240,4,Loyal Customer,hybrid,0.75
8241,8241,4,Loyal Customer,hybrid,0.6
8242,8242,1,High Intent,hybrid,0.7
8243,8243,3,Price Sensitive,hybrid,0.6
8244,8244,3,Price Sensitive,hybrid,0.7
8245,8245,2,Low Engagement,hybrid,0.6
8246,8246,1,High Intent,hybrid,0.75
8247,8247,4,Loyal Customer,hybrid,0.6
8248,8248,3,Price Sensitive,hybrid,0.6
8249,8249,2,Low Engagement,hybrid,0.6
8250,8250,2,Low Engagement,hybrid,0.75
8251,8251,2,Low Engagement,hybrid,0.6
8252,8252,4,Loyal Customer,hybrid,0.6
8253,8253,2,Low Engagement,hybrid,0.6
8254,8254,4,Loyal Customer,hybrid,0.6
8255,8255,3,Price Sensitive,hybrid,0.6
8256,8256,2,Low Engagement,hybrid,0.6
8257,8257,1,High Intent,hybrid,0.7
8258,8258,3,Price Sensitive,hybrid,0.75
8259,8259,1,High Intent,hybrid,0.6
8260,8260,4,Loyal Customer,hybrid,0.8
8261,8261,4,Loyal Customer,hybrid,0.95
8262,8262,2,Low Engagement,hybrid,0.6
8263,8263,4,Loyal Customer,hybrid,0.95
8264,8264,4,Loyal Customer,hybrid,0.7
8265,8265,1,High Intent,hybrid,0.7
8266,8266,2,Low Engagement,hybrid,0.6
8267,8267,3,Price Sensitive,hybrid,0.95
8268,8268,3,Price Sensitive,hybrid,0.7
8269,8269,2,Low Engagement,hybrid,0.75
8270,8270,2,Low Engagement,hybrid,0.6
8271,8271,2,Low Engagement,hybrid,0.6
8272,8272,4,Loyal Customer,hybrid,0.8
8273,8273,1,High Intent,hybrid,0.75
8274,8274,4,Loyal Customer,hybrid,0.8
8275,8275,3,Price Sensitive,hybrid,0.8
8276,8276,1,High Intent,hybrid,0.75
8277,8277,4,Loyal Customer,hybrid,0.6
8278,8278,4,Loyal Customer,hybrid,0.7
8279,8279,2,Low Engagement,hybrid,0.75
8280,8280,2,Low Engagement,hybrid,0.8
8281,8281,1,High Intent,hybrid,0.75
8282,8282,4,Loyal Customer,hybrid,0.95
8283,8283,2,Low Engagement,hybrid,0.75
8284,8284,2,Low Engagement,hybrid,0.6
8285,8285,4,Loyal Customer,hybrid,0.6
8286,8286,4,Loyal Customer,hybrid,0.6
8287,8287,1,High Intent,hybrid,0.7
8288,8288,1,High Intent,hybrid,0.75
8289,8289,1,High Intent,hybrid,0.7
8290,8290,1,High Intent,hybrid,0.6
8291,8291,4,Loyal Customer,hybrid,0.8
8292,8292,2,Low Engagement,hybrid,0.6
8293,8293,4,Loyal Customer,hybrid,0.8
8294,8294,2,Low Engagement,hybrid,0.6
8295,8295,1,High Intent,hybrid,0.7
8296,8296,1,High Intent,hybrid,0.7
8297,8297,4,Loyal Customer,hybrid,0.6
8298,8298,4,Loyal Customer,hybrid,0.6
8299,8299,2,Low Engagement,hybrid,0.75
8300,8300,4,Loyal Customer,hybrid,0.75
8301,8301,3,Price Sensitive,hybrid,0.95
8302,8302,3,Price Sensitive,hybrid,0.6
8303,8303,5,New Cold User,hybrid,0.65
8304,8304,2,Low Engagement,hybrid,0.75
8305,8305,2,Low Engagement,hybrid,0.6
8306,8306,2,Low Engagement,hybrid,0.75
8307,8307,4,Loyal Customer,hybrid,0.75
8308,8308,4,Loyal Customer,hybrid,0.6
8309,8309,2,Low Engagement,hybrid,0.6
8310,8310,4,Loyal Customer,hybrid,0.6
8311,8311,2,Low Engagement,hybrid,0.6
8312,8312,1,High Intent,hybrid,0.6
8313,8313,1,High Intent,hybrid,0.6
8314,8314,2,Low Engagement,hybrid,0.6
8315,8315,4,Loyal Customer,hybrid,0.6
8316,8316,1,High Intent,hybrid,0.7
8317,8317,3,Price Sensitive,hybrid,0.7
8318,8318,1,High Intent,hybrid,0.95
8319,8319,3,Price Sensitive,hybrid,0.75
8320,8320,1,High Intent,hybrid,0.7
8321,8321,3,Price Sensitive,hybrid,0.8
8322,8322,4,Loyal Customer,hybrid,0.8
8323,8323,3,Price Sensitive,hybrid,0.8
8324,8324,4,Loyal Customer,hybrid,0.6
8325,8325,2,Low Engagement,hybrid,0.6
8326,8326,3,Price Sensitive,hybrid,0.7
8327,8327,1,High Intent,hybrid,0.6
8328,8328,3,Price Sensitive,hybrid,0.8
8329,8329,4,Loyal Customer,hybrid,0.6
8330,8330,3,Price Sensitive,hybrid,0.7
8331,8331,3,Price Sensitive,hybrid,0.95
8332,8332,4,Loyal Customer,hybrid,0.6
8333,8333,2,Low Engagement,hybrid,0.8
8334,8334,2,Low Engagement,hybrid,0.6
8335,8335,2,Low Engagement,hybrid,0.6
8336,8336,3,Price Sensitive,hybrid,0.8
8337,8337,3,Price Sensitive,hybrid,0.6
8338,8338,3,Price Sensitive,hybrid,0.95
8339,8339,2,Low Engagement,hybrid,0.75
8340,8340,2,Low Engagement,hybrid,0.75
8341,8341,4,Loyal Customer,hybrid,0.6
8342,8342,4,Loyal Customer,hybrid,0.8
8343,8343,4,Loyal Customer,hybrid,0.75
8344,8344,2,Low Engagement,hybrid,0.6
8345,8345,1,High Intent,hybrid,0.7
8346,8346,3,Price Sensitive,hybrid,0.8
8347,8347,1,High Intent,hybrid,0.7
8348,8348,2,Low Engagement,hybrid,0.6
8349,8349,2,Low Engagement,hybrid,0.6
8350,8350,1,High Intent,hybrid,0.75
8351,8351,3,Price Sensitive,hybrid,0.75
8352,8352,1,High Intent,hybrid,0.6
8353,8353,4,Loyal Customer,hybrid,0.6
8354,8354,4,Loyal Customer,hybrid,0.6
8355,8355,4,Loyal Customer,hybrid,0.95
8356,8356,2,Low Engagement,hybrid,0.6
8357,8357,4,Loyal Customer,hybrid,0.6
8358,8358,1,High Intent,hybrid,0.75
8359,8359,1,High Intent,hybrid,0.8
8360,8360,1,High Intent,hybrid,0.95
8361,8361,3,Price Sensitive,hybrid,0.75
8362,8362,1,High Intent,hybrid,0.6
8363,8363,1,High Intent,hybrid,0.75
8364,8364,5,New Cold User,hybrid,0.65
8365,8365,2,Low Engagement,hybrid,0.6
8366,8366,3,Price Sensitive,hybrid,0.95
8367,8367,2,Low Engagement,hybrid,0.6
8368,8368,3,Price Sensitive,hybrid,0.8
8369,8369,2,Low Engagement,hybrid,0.75
8370,8370,2,Low Engagement,hybrid,0.6
8371,8371,2,Low Engagement,hybrid,0.6
8372,8372,3,Price Sensitive,hybrid,0.75
8373,8373,1,High Intent,hybrid,0.8
8374,8374,3,Price Sensitive,hybrid,0.75
8375,8375,3,Price Sensitive,hybrid,0.6
8376,8376,1,High Intent,hybrid,0.8
8377,8377,2,Low Engagement,hybrid,0.6
8378,8378,2,Low Engagement,hybrid,0.6
8379,8379,3,Price Sensitive,hybrid,0.6
8380,8380,4,Loyal Customer,hybrid,0.6
8381,8381,2,Low Engagement,hybrid,0.6
8382,8382,2,Low Engagement,hybrid,0.6
8383,8383,2,Low Engagement,hybrid,0.75
8384,8384,2,Low Engagement,hybrid,0.8
8385,8385,2,Low Engagement,hybrid,0.6
8386,8386,4,Loyal Customer,hybrid,0.8
8387,8387,3,Price Sensitive,hybrid,0.6
8388,8388,3,Price Sensitive,hybrid,0.6
8389,8389,1,High Intent,hybrid,0.75
8390,8390,3,Price Sensitive,hybrid,0.8
8391,8391,1,High Intent,hybrid,0.95
8392,8392,4,Loyal Customer,hybrid,0.75
8393,8393,4,Loyal Customer,hybrid,0.6
8394,8394,4,Loyal Customer,hybrid,0.6
8395,8395,2,Low Engagement,hybrid,0.7
8396,8396,3,Price Sensitive,hybrid,0.7
8397,8397,2,Low Engagement,hybrid,0.6
8398,8398,1,High Intent,hybrid,0.7
8399,8399,3,Price Sensitive,hybrid,0.8
8400,8400,4,Loyal Customer,hybrid,0.6
8401,8401,4,Loyal Customer,hybrid,0.6
8402,8402,1,High Intent,hybrid,0.7
8403,8403,3,Price Sensitive,hybrid,0.6
8404,8404,4,Loyal Customer,hybrid,0.6
8405,8405,2,Low Engagement,hybrid,0.6
8406,8406,2,Low Engagement,hybrid,0.6
8407,8407,3,Price Sensitive,hybrid,0.7
8408,8408,2,Low Engagement,hybrid,0.6
8409,8409,4,Loyal Customer,hybrid,0.8
8410,8410,2,Low Engagement,hybrid,0.6
8411,8411,3,Price Sensitive,hybrid,0.7
8412,8412,1,High Intent,hybrid,0.7
8413,8413,4,Loyal Customer,hybrid,0.75
8414,8414,3,Price Sensitive,hybrid,0.6
8415,8415,2,Low Engagement,hybrid,0.75
8416,8416,2,Low Engagement,hybrid,0.6
8417,8417,2,Low Engagement,hybrid,0.6
8418,8418,2,Low Engagement,hybrid,0.75
8419,8419,4,Loyal Customer,hybrid,0.6
8420,8420,3,Price Sensitive,hybrid,0.6
8421,8421,3,Price Sensitive,hybrid,0.75
8422,8422,3,Price Sensitive,hybrid,0.8
8423,8423,2,Low Engagement,hybrid,0.6
8424,8424,1,High Intent,hybrid,0.7
8425,8425,2,Low Engagement,hybrid,0.6
8426,8426,1,High Intent,hybrid,0.6
8427,8427,1,High Intent,hybrid,0.7
8428,8428,2,Low Engagement,hybrid,0.75
8429,8429,3,Price Sensitive,hybrid,0.6
8430,8430,1,High Intent,hybrid,0.8
8431,8431,1,High Intent,hybrid,0.7
8432,8432,3,Price Sensitive,hybrid,0.6
8433,8433,2,Low Engagement,hybrid,0.7
8434,8434,4,Loyal Customer,hybrid,0.6
8435,8435,3,Price Sensitive,hybrid,0.7
8436,8436,4,Loyal Customer,hybrid,0.8
8437,8437,2,Low Engagement,hybrid,0.6
8438,8438,4,Loyal Customer,hybrid,0.8
8439,8439,2,Low Engagement,hybrid,0.75
8440,8440,1,High Intent,hybrid,0.7
8441,8441,4,Loyal Customer,hybrid,0.8
8442,8442,1,High Intent,hybrid,0.75
8443,8443,2,Low Engagement,hybrid,0.6
8444,8444,2,Low Engagement,hybrid,0.75
8445,8445,4,Loyal Customer,hybrid,0.75
8446,8446,4,Loyal Customer,hybrid,0.6
8447,8447,3,Price Sensitive,hybrid,0.7
8448,8448,4,Loyal Customer,hybrid,0.8
8449,8449,1,High Intent,hybrid,0.75
8450,8450,2,Low Engagement,hybrid,0.6
8451,8451,2,Low Engagement,hybrid,0.95
8452,8452,1,High Intent,hybrid,0.95
8453,8453,2,Low Engagement,hybrid,0.7
8454,8454,3,Price Sensitive,hybrid,0.6
8455,8455,4,Loyal Customer,hybrid,0.95
8456,8456,4,Loyal Customer,hybrid,0.8
8457,8457,3,Price Sensitive,hybrid,0.7
8458,8458,1,High Intent,hybrid,0.7
8459,8459,3,Price Sensitive,hybrid,0.8
8460,8460,2,Low Engagement,hybrid,0.6
8461,8461,1,High Intent,hybrid,0.7
8462,8462,2,Low Engagement,hybrid,0.6
8463,8463,2,Low Engagement,hybrid,0.6
8464,8464,3,Price Sensitive,hybrid,0.75
8465,8465,3,Price Sensitive,hybrid,0.75
8466,8466,1,High Intent,hybrid,0.7
8467,8467,2,Low Engagement,hybrid,0.6
8468,8468,3,Price Sensitive,hybrid,0.6
8469,8469,2,Low Engagement,hybrid,0.75
8470,8470,4,Loyal Customer,hybrid,0.7
8471,8471,2,Low Engagement,hybrid,0.95
8472,8472,4,Loyal Customer,hybrid,0.95
8473,8473,4,Loyal Customer,hybrid,0.6
8474,8474,1,High Intent,hybrid,0.7
8475,8475,2,Low Engagement,hybrid,0.75
8476,8476,1,High Intent,hybrid,0.7
8477,8477,3,Price Sensitive,hybrid,0.7
8478,8478,4,Loyal Customer,hybrid,0.8
8479,8479,3,Price Sensitive,hybrid,0.8
8480,8480,4,Loyal Customer,hybrid,0.6
8481,8481,1,High Intent,hybrid,0.7
8482,8482,3,Price Sensitive,hybrid,0.75
8483,8483,2,Low Engagement,hybrid,0.6
8484,8484,2,Low Engagement,hybrid,0.6
8485,8485,1,High Intent,hybrid,0.75
8486,8486,4,Loyal Customer,hybrid,0.6
8487,8487,2,Low Engagement,hybrid,0.6
8488,8488,2,Low Engagement,hybrid,0.6
8489,8489,2,Low Engagement,hybrid,0.6
8490,8490,2,Low Engagement,hybrid,0.6
8491,8491,3,Price Sensitive,hybrid,0.75
8492,8492,4,Loyal Customer,hybrid,0.6
8493,8493,4,Loyal Customer,hybrid,0.6
8494,8494,1,High Intent,hybrid,0.95
8495,8495,2,Low Engagement,hybrid,0.8
8496,8496,2,Low Engagement,hybrid,0.6
8497,8497,4,Loyal Customer,hybrid,0.6
8498,8498,4,Loyal Customer,hybrid,0.95
8499,8499,1,High Intent,hybrid,0.7
8500,8500,2,Low Engagement,hybrid,0.6
8501,8501,4,Loyal Customer,hybrid,0.7
8502,8502,3,Price Sensitive,hybrid,0.95
8503,8503,3,Price Sensitive,hybrid,0.6
8504,8504,1,High Intent,hybrid,0.6
8505,8505,2,Low Engagement,hybrid,0.6
8506,8506,2,Low Engagement,hybrid,0.6
8507,8507,2,Low Engagement,hybrid,0.75
8508,8508,1,High Intent,hybrid,0.6
8509,8509,1,High Intent,hybrid,0.7
8510,8510,2,Low Engagement,hybrid,0.6
8511,8511,1,High Intent,hybrid,0.7
8512,8512,4,Loyal Customer,hybrid,0.8
8513,8513,3,Price Sensitive,hybrid,0.8
8514,8514,1,High Intent,hybrid,0.7
8515,8515,1,High Intent,hybrid,0.7
8516,8516,2,Low Engagement,hybrid,0.75
8517,8517,2,Low Engagement,hybrid,0.6
8518,8518,2,Low Engagement,hybrid,0.6
8519,8519,4,Loyal Customer,hybrid,0.95
8520,8520,2,Low Engagement,hybrid,0.6
8521,8521,3,Price Sensitive,hybrid,0.6
8522,8522,4,Loyal Customer,hybrid,0.7
8523,8523,4,Loyal Customer,hybrid,0.7
8524,8524,2,Low Engagement,hybrid,0.7
8525,8525,3,Price Sensitive,hybrid,0.75
8526,8526,4,Loyal Customer,hybrid,0.75
8527,8527,1,High Intent,hybrid,0.75
8528,8528,2,Low Engagement,hybrid,0.8
8529,8529,1,High Intent,hybrid,0.7
8530,8530,2,Low Engagement,hybrid,0.6
8531,8531,4,Loyal Customer,hybrid,0.75
8532,8532,4,Loyal Customer,hybrid,0.75
8533,8533,4,Loyal Customer,hybrid,0.6
8534,8534,3,Price Sensitive,hybrid,0.7
8535,8535,2,Low Engagement,hybrid,0.6
8536,8536,1,High Intent,hybrid,0.75
8537,8537,2,Low Engagement,hybrid,0.7
8538,8538,2,Low Engagement,hybrid,0.75
8539,8539,1,High Intent,hybrid,0.7
8540,8540,3,Price Sensitive,hybrid,0.95
8541,8541,4,Loyal Customer,hybrid,0.75
8542,8542,1,High Intent,hybrid,0.75
8543,8543,4,Loyal Customer,hybrid,0.95
8544,8544,4,Loyal Customer,hybrid,0.6
8545,8545,3,Price Sensitive,hybrid,0.7
8546,8546,3,Price Sensitive,hybrid,0.8
8547,8547,1,High Intent,hybrid,0.75
8548,8548,2,Low Engagement,hybrid,0.6
8549,8549,2,Low Engagement,hybrid,0.6
8550,8550,2,Low Engagement,hybrid,0.75
8551,8551,3,Price Sensitive,hybrid,0.8
8552,8552,2,Low Engagement,hybrid,0.6
8553,8553,2,Low Engagement,hybrid,0.7
8554,8554,4,Loyal Customer,hybrid,0.6
8555,8555,1,High Intent,hybrid,0.75
8556,8556,2,Low Engagement,hybrid,0.75
8557,8557,1,High Intent,hybrid,0.6
8558,8558,4,Loyal Customer,hybrid,0.6
8559,8559,2,Low Engagement,hybrid,0.6
8560,8560,3,Price Sensitive,hybrid,0.8
8561,8561,2,Low Engagement,hybrid,0.6
8562,8562,1,High Intent,hybrid,0.75
8563,8563,3,Price Sensitive,hybrid,0.7
8564,8564,2,Low Engagement,hybrid,0.75
8565,8565,4,Loyal Customer,hybrid,0.8
8566,8566,3,Price Sensitive,hybrid,0.95
8567,8567,3,Price Sensitive,hybrid,0.6
8568,8568,2,Low Engagement,hybrid,0.75
8569,8569,1,High Intent,hybrid,0.75
8570,8570,4,Loyal Customer,hybrid,0.8
8571,8571,2,Low Engagement,hybrid,0.7
8572,8572,4,Loyal Customer,hybrid,0.7
8573,8573,2,Low Engagement,hybrid,0.75
8574,8574,4,Loyal Customer,hybrid,0.8
8575,8575,4,Loyal Customer,hybrid,0.6
8576,8576,1,High Intent,hybrid,0.75
8577,8577,3,Price Sensitive,hybrid,0.6
8578,8578,3,Price Sensitive,hybrid,0.75
8579,8579,1,High Intent,hybrid,0.6
8580,8580,1,High Intent,hybrid,0.6
8581,8581,1,High Intent,hybrid,0.7
8582,8582,4,Loyal Customer,hybrid,0.6
8583,8583,2,Low Engagement,hybrid,0.75
8584,8584,4,Loyal Customer,hybrid,0.8
8585,8585,1,High Intent,hybrid,0.6
8586,8586,2,Low Engagement,hybrid,0.6
8587,8587,2,Low Engagement,hybrid,0.75
8588,8588,4,Loyal Customer,hybrid,0.6
8589,8589,2,Low Engagement,hybrid,0.8
8590,8590,1,High Intent,hybrid,0.7
8591,8591,2,Low Engagement,hybrid,0.75
8592,8592,2,Low Engagement,hybrid,0.6
8593,8593,4,Loyal Customer,hybrid,0.8
8594,8594,4,Loyal Customer,hybrid,0.6
8595,8595,3,Price Sensitive,hybrid,0.7
8596,8596,4,Loyal Customer,hybrid,0.6
8597,8597,2,Low Engagement,hybrid,0.6
8598,8598,4,Loyal Customer,hybrid,0.8
8599,8599,4,Loyal Customer,hybrid,0.7
8600,8600,3,Price Sensitive,hybrid,0.8
8601,8601,1,High Intent,hybrid,0.7
8602,8602,3,Price Sensitive,hybrid,0.8
8603,8603,3,Price Sensitive,hybrid,0.6
8604,8604,2,Low Engagement,hybrid,0.6
8605,8605,1,High Intent,hybrid,0.7
8606,8606,2,Low Engagement,hybrid,0.6
8607,8607,3,Price Sensitive,hybrid,0.95
8608,8608,4,Loyal Customer,hybrid,0.8
8609,8609,4,Loyal Customer,hybrid,0.7
8610,8610,1,High Intent,hybrid,0.95
8611,8611,3,Price Sensitive,hybrid,0.8
8612,8612,3,Price Sensitive,hybrid,0.8
8613,8613,1,High Intent,hybrid,0.7
8614,8614,4,Loyal Customer,hybrid,0.95
8615,8615,4,Loyal Customer,hybrid,0.6
8616,8616,1,High Intent,hybrid,0.7
8617,8617,4,Loyal Customer,hybrid,0.6
8618,8618,5,New Cold User,hybrid,0.65
8619,8619,2,Low Engagement,hybrid,0.6
8620,8620,4,Loyal Customer,hybrid,0.6
8621,8621,2,Low Engagement,hybrid,0.6
8622,8622,1,High Intent,hybrid,0.7
8623,8623,3,Price Sensitive,hybrid,0.75
8624,8624,2,Low Engagement,hybrid,0.6
8625,8625,2,Low Engagement,hybrid,0.6
8626,8626,4,Loyal Customer,hybrid,0.6
8627,8627,4,Loyal Customer,hybrid,0.6
8628,8628,1,High Intent,hybrid,0.7
8629,8629,2,Low Engagement,hybrid,0.8
8630,8630,2,Low Engagement,hybrid,0.75
8631,8631,2,Low Engagement,hybrid,0.6
8632,8632,1,High Intent,hybrid,0.7
8633,8633,2,Low Engagement,hybrid,0.8
8634,8634,2,Low Engagement,hybrid,0.8
8635,8635,2,Low Engagement,hybrid,0.75
8636,8636,3,Price Sensitive,hybrid,0.75
8637,8637,4,Loyal Customer,hybrid,0.6
8638,8638,3,Price Sensitive,hybrid,0.75
8639,8639,2,Low Engagement,hybrid,0.6
8640,8640,1,High Intent,hybrid,0.7
8641,8641,4,Loyal Customer,hybrid,0.8
8642,8642,4,Loyal Customer,hybrid,0.8
8643,8643,4,Loyal Customer,hybrid,0.6
8644,8644,4,Loyal Customer,hybrid,0.6
8645,8645,1,High Intent,hybrid,0.7
8646,8646,4,Loyal Customer,hybrid,0.6
8647,8647,1,High Intent,hybrid,0.75
8648,8648,3,Price Sensitive,hybrid,0.8
8649,8649,3,Price Sensitive,hybrid,0.6
8650,8650,1,High Intent,hybrid,0.7
8651,8651,3,Price Sensitive,hybrid,0.75
8652,8652,3,Price Sensitive,hybrid,0.75
8653,8653,2,Low Engagement,hybrid,0.6
8654,8654,4,Loyal Customer,hybrid,0.6
8655,8655,4,Loyal Customer,hybrid,0.6
8656,8656,2,Low Engagement,hybrid,0.7
8657,8657,2,Low Engagement,hybrid,0.6
8658,8658,2,Low Engagement,hybrid,0.6
8659,8659,3,Price Sensitive,hybrid,0.8
8660,8660,4,Loyal Customer,hybrid,0.7
8661,8661,4,Loyal Customer,hybrid,0.8
8662,8662,3,Price Sensitive,hybrid,0.6
8663,8663,4,Loyal Customer,hybrid,0.7
8664,8664,2,Low Engagement,hybrid,0.6
8665,8665,2,Low Engagement,hybrid,0.6
8666,8666,2,Low Engagement,hybrid,0.75
8667,8667,2,Low Engagement,hybrid,0.6
8668,8668,3,Price Sensitive,hybrid,0.7
8669,8669,4,Loyal Customer,hybrid,0.7
8670,8670,2,Low Engagement,hybrid,0.6
8671,8671,2,Low Engagement,hybrid,0.8
8672,8672,4,Loyal Customer,hybrid,0.6
8673,8673,3,Price Sensitive,hybrid,0.7
8674,8674,1,High Intent,hybrid,0.6
8675,8675,5,New Cold User,hybrid,0.65
8676,8676,2,Low Engagement,hybrid,0.8
8677,8677,2,Low Engagement,hybrid,0.75
8678,8678,1,High Intent,hybrid,0.75
8679,8679,1,High Intent,hybrid,0.75
8680,8680,1,High Intent,hybrid,0.7
8681,8681,2,Low Engagement,hybrid,0.6
8682,8682,4,Loyal Customer,hybrid,0.95
8683,8683,2,Low Engagement,hybrid,0.6
8684,8684,2,Low Engagement,hybrid,0.75
8685,8685,2,Low Engagement,hybrid,0.75
8686,8686,2,Low Engagement,hybrid,0.6
8687,8687,3,Price Sensitive,hybrid,0.7
8688,8688,3,Price Sensitive,hybrid,0.6
8689,8689,1,High Intent,hybrid,0.7
8690,8690,3,Price Sensitive,hybrid,0.6
8691,8691,4,Loyal Customer,hybrid,0.8
8692,8692,3,Price Sensitive,hybrid,0.95
8693,8693,2,Low Engagement,hybrid,0.6
8694,8694,2,Low Engagement,hybrid,0.75
8695,8695,4,Loyal Customer,hybrid,0.6
8696,8696,4,Loyal Customer,hybrid,0.75
8697,8697,2,Low Engagement,hybrid,0.7
8698,8698,3,Price Sensitive,hybrid,0.6
8699,8699,1,High Intent,hybrid,0.75
8700,8700,2,Low Engagement,hybrid,0.6
8701,8701,2,Low Engagement,hybrid,0.6
8702,8702,3,Price Sensitive,hybrid,0.95
8703,8703,3,Price Sensitive,hybrid,0.95
8704,8704,3,Price Sensitive,hybrid,0.8
8705,8705,4,Loyal Customer,hybrid,0.75
8706,8706,1,High Intent,hybrid,0.75
8707,8707,2,Low Engagement,hybrid,0.6
8708,8708,3,Price Sensitive,hybrid,0.6
8709,8709,1,High Intent,hybrid,0.75
8710,8710,3,Price Sensitive,hybrid,0.6
8711,8711,3,Price Sensitive,hybrid,0.7
8712,8712,3,Price Sensitive,hybrid,0.6
8713,8713,2,Low Engagement,hybrid,0.75
8714,8714,1,High Intent,hybrid,0.7
8715,8715,2,Low Engagement,hybrid,0.6
8716,8716,4,Loyal Customer,hybrid,0.8
8717,8717,1,High Intent,hybrid,0.95
8718,8718,1,High Intent,hybrid,0.7
8719,8719,2,Low Engagement,hybrid,0.6
8720,8720,4,Loyal Customer,hybrid,0.75
8721,8721,1,High Intent,hybrid,0.75
8722,8722,4,Loyal Customer,hybrid,0.6
8723,8723,4,Loyal Customer,hybrid,0.6
8724,8724,2,Low Engagement,hybrid,0.7
8725,8725,4,Loyal Customer,hybrid,0.6
8726,8726,3,Price Sensitive,hybrid,0.75
8727,8727,3,Price Sensitive,hybrid,0.75
8728,8728,4,Loyal Customer,hybrid,0.6
8729,8729,4,Loyal Customer,hybrid,0.75
8730,8730,1,High Intent,hybrid,0.7
8731,8731,3,Price Sensitive,hybrid,0.6
8732,8732,1,High Intent,hybrid,0.75
8733,8733,1,High Intent,hybrid,0.6
8734,8734,2,Low Engagement,hybrid,0.6
8735,8735,2,Low Engagement,hybrid,0.7
8736,8736,1,High Intent,hybrid,0.75
8737,8737,1,High Intent,hybrid,0.7
8738,8738,2,Low Engagement,hybrid,0.75
8739,8739,1,High Intent,hybrid,0.7
8740,8740,2,Low Engagement,hybrid,0.75
8741,8741,2,Low Engagement,hybrid,0.6
8742,8742,2,Low Engagement,hybrid,0.6
8743,8743,2,Low Engagement,hybrid,0.75
8744,8744,4,Loyal Customer,hybrid,0.75
8745,8745,4,Loyal Customer,hybrid,0.6
8746,8746,4,Loyal Customer,hybrid,0.75
8747,8747,1,High Intent,hybrid,0.7
8748,8748,2,Low Engagement,hybrid,0.8
8749,8749,2,Low Engagement,hybrid,0.7
8750,8750,2,Low Engagement,hybrid,0.75
8751,8751,1,High Intent,hybrid,0.7
8752,8752,4,Loyal Customer,hybrid,0.75
8753,8753,4,Loyal Customer,hybrid,0.6
8754,8754,1,High Intent,hybrid,0.8
8755,8755,4,Loyal Customer,hybrid,0.8
8756,8756,3,Price Sensitive,hybrid,0.75
8757,8757,1,High Intent,hybrid,0.7
8758,8758,1,High Intent,hybrid,0.7
8759,8759,3,Price Sensitive,hybrid,0.75
8760,8760,3,Price Sensitive,hybrid,0.95
8761,8761,4,Loyal Customer,hybrid,0.8
8762,8762,3,Price Sensitive,hybrid,0.8
8763,8763,2,Low Engagement,hybrid,0.6
8764,8764,2,Low Engagement,hybrid,0.6
8765,8765,4,Loyal Customer,hybrid,0.6
8766,8766,2,Low Engagement,hybrid,0.6
8767,8767,4,Loyal Customer,hybrid,0.6
8768,8768,2,Low Engagement,hybrid,0.75
8769,8769,4,Loyal Customer,hybrid,0.75
8770,8770,2,Low Engagement,hybrid,0.75
8771,8771,4,Loyal Customer,hybrid,0.6
8772,8772,2,Low Engagement,hybrid,0.6
8773,8773,3,Price Sensitive,hybrid,0.7
8774,8774,4,Loyal Customer,hybrid,0.8
8775,8775,1,High Intent,hybrid,0.7
8776,8776,4,Loyal Customer,hybrid,0.7
8777,8777,2,Low Engagement,hybrid,0.8
8778,8778,1,High Intent,hybrid,0.75
8779,8779,3,Price Sensitive,hybrid,0.7
8780,8780,4,Loyal Customer,hybrid,0.7
8781,8781,3,Price Sensitive,hybrid,0.8
8782,8782,1,High Intent,hybrid,0.8
8783,8783,2,Low Engagement,hybrid,0.6
8784,8784,2,Low Engagement,hybrid,0.6
8785,8785,4,Loyal Customer,hybrid,0.6
8786,8786,4,Loyal Customer,hybrid,0.6
8787,8787,1,High Intent,hybrid,0.75
8788,8788,5,New Cold User,hybrid,0.65
8789,8789,3,Price Sensitive,hybrid,0.75
8790,8790,3,Price Sensitive,hybrid,0.8
8791,8791,1,High Intent,hybrid,0.7
8792,8792,4,Loyal Customer,hybrid,0.6
8793,8793,2,Low Engagement,hybrid,0.6
8794,8794,2,Low Engagement,hybrid,0.6
8795,8795,3,Price Sensitive,hybrid,0.75
8796,8796,2,Low Engagement,hybrid,0.75
8797,8797,3,Price Sensitive,hybrid,0.7
8798,8798,3,Price Sensitive,hybrid,0.8
8799,8799,1,High Intent,hybrid,0.75
8800,8800,1,High Intent,hybrid,0.6
8801,8801,1,High Intent,hybrid,0.75
8802,8802,1,High Intent,hybrid,0.75
8803,8803,5,New Cold User,hybrid,0.65
8804,8804,2,Low Engagement,hybrid,0.6
8805,8805,2,Low Engagement,hybrid,0.75
8806,8806,3,Price Sensitive,hybrid,0.75
8807,8807,1,High Intent,hybrid,0.7
8808,8808,3,Price Sensitive,hybrid,0.7
8809,8809,3,Price Sensitive,hybrid,0.95
8810,8810,2,Low Engagement,hybrid,0.6
8811,8811,1,High Intent,hybrid,0.6
8812,8812,2,Low Engagement,hybrid,0.8
8813,8813,2,Low Engagement,hybrid,0.6
8814,8814,4,Loyal Customer,hybrid,0.6
8815,8815,4,Loyal Customer,hybrid,0.75
8816,8816,2,Low Engagement,hybrid,0.8
8817,8817,2,Low Engagement,hybrid,0.75
8818,8818,2,Low Engagement,hybrid,0.6
8819,8819,2,Low Engagement,hybrid,0.75
8820,8820,3,Price Sensitive,hybrid,0.6
8821,8821,2,Low Engagement,hybrid,0.75
8822,8822,4,Loyal Customer,hybrid,0.8
8823,8823,2,Low Engagement,hybrid,0.7
8824,8824,1,High Intent,hybrid,0.75
8825,8825,1,High Intent,hybrid,0.75
8826,8826,2,Low Engagement,hybrid,0.75
8827,8827,4,Loyal Customer,hybrid,0.8
8828,8828,3,Price Sensitive,hybrid,0.7
8829,8829,3,Price Sensitive,hybrid,0.75
8830,8830,3,Price Sensitive,hybrid,0.7
8831,8831,2,Low Engagement,hybrid,0.75
8832,8832,1,High Intent,hybrid,0.7
8833,8833,2,Low Engagement,hybrid,0.8
8834,8834,2,Low Engagement,hybrid,0.8
8835,8835,2,Low Engagement,hybrid,0.75
8836,8836,2,Low Engagement,hybrid,0.8
8837,8837,2,Low Engagement,hybrid,0.6
8838,8838,2,Low Engagement,hybrid,0.6
8839,8839,2,Low Engagement,hybrid,0.75
8840,8840,4,Loyal Customer,hybrid,0.7
8841,8841,2,Low Engagement,hybrid,0.7
8842,8842,2,Low Engagement,hybrid,0.6
8843,8843,4,Loyal Customer,hybrid,0.8
8844,8844,5,New Cold User,hybrid,0.65
8845,8845,4,Loyal Customer,hybrid,0.6
8846,8846,2,Low Engagement,hybrid,0.6
8847,8847,2,Low Engagement,hybrid,0.6
8848,8848,2,Low Engagement,hybrid,0.6
8849,8849,1,High Intent,hybrid,0.95
8850,8850,1,High Intent,hybrid,0.8
8851,8851,2,Low Engagement,hybrid,0.6
8852,8852,3,Price Sensitive,hybrid,0.8
8853,8853,3,Price Sensitive,hybrid,0.75
8854,8854,1,High Intent,hybrid,0.7
8855,8855,4,Loyal Customer,hybrid,0.6
8856,8856,4,Loyal Customer,hybrid,0.8
8857,8857,1,High Intent,hybrid,0.7
8858,8858,3,Price Sensitive,hybrid,0.75
8859,8859,3,Price Sensitive,hybrid,0.7
8860,8860,2,Low Engagement,hybrid,0.6
8861,8861,1,High Intent,hybrid,0.7
8862,8862,3,Price Sensitive,hybrid,0.8
8863,8863,3,Price Sensitive,hybrid,0.6
8864,8864,2,Low Engagement,hybrid,0.6
8865,8865,3,Price Sensitive,hybrid,0.7
8866,8866,1,High Intent,hybrid,0.7
8867,8867,1,High Intent,hybrid,0.7
8868,8868,1,High Intent,hybrid,0.75
8869,8869,2,Low Engagement,hybrid,0.75
8870,8870,1,High Intent,hybrid,0.75
8871,8871,3,Price Sensitive,hybrid,0.7
8872,8872,4,Loyal Customer,hybrid,0.6
8873,8873,2,Low Engagement,hybrid,0.6
8874,8874,3,Price Sensitive,hybrid,0.7
8875,8875,2,Low Engagement,hybrid,0.6
8876,8876,4,Loyal Customer,hybrid,0.6
8877,8877,2,Low Engagement,hybrid,0.6
8878,8878,2,Low Engagement,hybrid,0.6
8879,8879,3,Price Sensitive,hybrid,0.6
8880,8880,4,Loyal Customer,hybrid,0.8
8881,8881,4,Loyal Customer,hybrid,0.8
8882,8882,2,Low Engagement,hybrid,0.6
8883,8883,4,Loyal Customer,hybrid,0.7
8884,8884,1,High Intent,hybrid,0.7
8885,8885,4,Loyal Customer,hybrid,0.6
8886,8886,1,High Intent,hybrid,0.7
8887,8887,2,Low Engagement,hybrid,0.75
8888,8888,3,Price Sensitive,hybrid,0.7
8889,8889,1,High Intent,hybrid,0.7
8890,8890,1,High Intent,hybrid,0.75
8891,8891,2,Low Engagement,hybrid,0.8
8892,8892,4,Loyal Customer,hybrid,0.6
8893,8893,4,Loyal Customer,hybrid,0.7
8894,8894,4,Loyal Customer,hybrid,0.6
8895,8895,2,Low Engagement,hybrid,0.75
8896,8896,4,Loyal Customer,hybrid,0.7
8897,8897,3,Price Sensitive,hybrid,0.75
8898,8898,2,Low Engagement,hybrid,0.6
8899,8899,3,Price Sensitive,hybrid,0.7
8900,8900,4,Loyal Customer,hybrid,0.7
8901,8901,4,Loyal Customer,hybrid,0.6
8902,8902,3,Price Sensitive,hybrid,0.6
8903,8903,2,Low Engagement,hybrid,0.75
8904,8904,2,Low Engagement,hybrid,0.6
8905,8905,4,Loyal Customer,hybrid,0.95
8906,8906,1,High Intent,hybrid,0.7
8907,8907,4,Loyal Customer,hybrid,0.7
8908,8908,1,High Intent,hybrid,0.7
8909,8909,2,Low Engagement,hybrid,0.6
8910,8910,3,Price Sensitive,hybrid,0.6
8911,8911,5,New Cold User,hybrid,0.65
8912,8912,2,Low Engagement,hybrid,0.8
8913,8913,3,Price Sensitive,hybrid,0.8
8914,8914,1,High Intent,hybrid,0.7
8915,8915,1,High Intent,hybrid,0.7
8916,8916,2,Low Engagement,hybrid,0.6
8917,8917,2,Low Engagement,hybrid,0.75
8918,8918,4,Loyal Customer,hybrid,0.8
8919,8919,2,Low Engagement,hybrid,0.6
8920,8920,4,Loyal Customer,hybrid,0.7
8921,8921,2,Low Engagement,hybrid,0.6
8922,8922,3,Price Sensitive,hybrid,0.8
8923,8923,2,Low Engagement,hybrid,0.6
8924,8924,4,Loyal Customer,hybrid,0.7
8925,8925,3,Price Sensitive,hybrid,0.75
8926,8926,4,Loyal Customer,hybrid,0.7
8927,8927,2,Low Engagement,hybrid,0.6
8928,8928,2,Low Engagement,hybrid,0.6
8929,8929,1,High Intent,hybrid,0.95
8930,8930,3,Price Sensitive,hybrid,0.75
8931,8931,4,Loyal Customer,hybrid,0.6
8932,8932,4,Loyal Customer,hybrid,0.7
8933,8933,2,Low Engagement,hybrid,0.6
8934,8934,2,Low Engagement,hybrid,0.6
8935,8935,4,Loyal Customer,hybrid,0.7
8936,8936,2,Low Engagement,hybrid,0.6
8937,8937,4,Loyal Customer,hybrid,0.6
8938,8938,1,High Intent,hybrid,0.6
8939,8939,4,Loyal Customer,hybrid,0.6
8940,8940,4,Loyal Customer,hybrid,0.8
8941,8941,3,Price Sensitive,hybrid,0.75
8942,8942,3,Price Sensitive,hybrid,0.7
8943,8943,2,Low Engagement,hybrid,0.6
8944,8944,2,Low Engagement,hybrid,0.6
8945,8945,2,Low Engagement,hybrid,0.75
8946,8946,2,Low Engagement,hybrid,0.6
8947,8947,3,Price Sensitive,hybrid,0.6
8948,8948,2,Low Engagement,hybrid,0.6
8949,8949,4,Loyal Customer,hybrid,0.75
8950,8950,3,Price Sensitive,hybrid,0.75
8951,8951,4,Loyal Customer,hybrid,0.8
8952,8952,4,Loyal Customer,hybrid,0.75
8953,8953,4,Loyal Customer,hybrid,0.6
8954,8954,1,High Intent,hybrid,0.7
8955,8955,2,Low Engagement,hybrid,0.6
8956,8956,2,Low Engagement,hybrid,0.75
8957,8957,2,Low Engagement,hybrid,0.6
8958,8958,4,Loyal Customer,hybrid,0.8
8959,8959,3,Price Sensitive,hybrid,0.7
8960,8960,2,Low Engagement,hybrid,0.6
8961,8961,3,Price Sensitive,hybrid,0.75
8962,8962,1,High Intent,hybrid,0.7
8963,8963,2,Low Engagement,hybrid,0.6
8964,8964,2,Low Engagement,hybrid,0.6
8965,8965,2,Low Engagement,hybrid,0.75
8966,8966,3,Price Sensitive,hybrid,0.75
8967,8967,1,High Intent,hybrid,0.7
8968,8968,2,Low Engagement,hybrid,0.75
8969,8969,4,Loyal Customer,hybrid,0.6
8970,8970,3,Price Sensitive,hybrid,0.7
8971,8971,3,Price Sensitive,hybrid,0.7
8972,8972,1,High Intent,hybrid,0.75
8973,8973,2,Low Engagement,hybrid,0.6
8974,8974,2,Low Engagement,hybrid,0.75
8975,8975,3,Price Sensitive,hybrid,0.7
8976,8976,2,Low Engagement,hybrid,0.8
8977,8977,3,Price Sensitive,hybrid,0.8
8978,8978,3,Price Sensitive,hybrid,0.7
8979,8979,2,Low Engagement,hybrid,0.6
8980,8980,3,Price Sensitive,hybrid,0.95
8981,8981,3,Price Sensitive,hybrid,0.8
8982,8982,2,Low Engagement,hybrid,0.6
8983,8983,4,Loyal Customer,hybrid,0.6
8984,8984,3,Price Sensitive,hybrid,0.7
8985,8985,3,Price Sensitive,hybrid,0.8
8986,8986,2,Low Engagement,hybrid,0.7
8987,8987,2,Low Engagement,hybrid,0.6
8988,8988,1,High Intent,hybrid,0.7
8989,8989,4,Loyal Customer,hybrid,0.6
8990,8990,2,Low Engagement,hybrid,0.6
8991,8991,4,Loyal Customer,hybrid,0.6
8992,8992,2,Low Engagement,hybrid,0.8
8993,8993,4,Loyal Customer,hybrid,0.7
8994,8994,3,Price Sensitive,hybrid,0.75
8995,8995,1,High Intent,hybrid,0.7
8996,8996,2,Low Engagement,hybrid,0.8
8997,8997,3,Price Sensitive,hybrid,0.75
8998,8998,4,Loyal Customer,hybrid,0.6
8999,8999,4,Loyal Customer,hybrid,0.6
9000,9000,2,Low Engagement,hybrid,0.8
9001,9001,4,Loyal Customer,hybrid,0.6
9002,9002,1,High Intent,hybrid,0.7
9003,9003,1,High Intent,hybrid,0.7
9004,9004,3,Price Sensitive,hybrid,0.7
9005,9005,1,High Intent,hybrid,0.75
9006,9006,3,Price Sensitive,hybrid,0.7
9007,9007,3,Price Sensitive,hybrid,0.8
9008,9008,3,Price Sensitive,hybrid,0.75
9009,9009,1,High Intent,hybrid,0.7
9010,9010,3,Price Sensitive,hybrid,0.75
9011,9011,1,High Intent,hybrid,0.6
9012,9012,2,Low Engagement,hybrid,0.6
9013,9013,2,Low Engagement,hybrid,0.75
9014,9014,3,Price Sensitive,hybrid,0.6
9015,9015,3,Price Sensitive,hybrid,0.6
9016,9016,3,Price Sensitive,hybrid,0.75
9017,9017,2,Low Engagement,hybrid,0.7
9018,9018,4,Loyal Customer,hybrid,0.8
9019,9019,3,Price Sensitive,hybrid,0.7
9020,9020,1,High Intent,hybrid,0.75
9021,9021,4,Loyal Customer,hybrid,0.6
9022,9022,4,Loyal Customer,hybrid,0.8
9023,9023,2,Low Engagement,hybrid,0.6
9024,9024,2,Low Engagement,hybrid,0.75
9025,9025,2,Low Engagement,hybrid,0.75
9026,9026,2,Low Engagement,hybrid,0.6
9027,9027,2,Low Engagement,hybrid,0.6
9028,9028,4,Loyal Customer,hybrid,0.8
9029,9029,1,High Intent,hybrid,0.7
9030,9030,4,Loyal Customer,hybrid,0.95
9031,9031,2,Low Engagement,hybrid,0.6
9032,9032,2,Low Engagement,hybrid,0.75
9033,9033,2,Low Engagement,hybrid,0.6
9034,9034,3,Price Sensitive,hybrid,0.7
9035,9035,2,Low Engagement,hybrid,0.6
9036,9036,2,Low Engagement,hybrid,0.75
9037,9037,1,High Intent,hybrid,0.6
9038,9038,1,High Intent,hybrid,0.7
9039,9039,4,Loyal Customer,hybrid,0.95
9040,9040,2,Low Engagement,hybrid,0.75
9041,9041,1,High Intent,hybrid,0.7
9042,9042,2,Low Engagement,hybrid,0.6
9043,9043,4,Loyal Customer,hybrid,0.6
9044,9044,3,Price Sensitive,hybrid,0.7
9045,9045,3,Price Sensitive,hybrid,0.6
9046,9046,2,Low Engagement,hybrid,0.75
9047,9047,4,Loyal Customer,hybrid,0.6
9048,9048,2,Low Engagement,hybrid,0.6
9049,9049,4,Loyal Customer,hybrid,0.6
9050,9050,3,Price Sensitive,hybrid,0.75
9051,9051,2,Low Engagement,hybrid,0.6
9052,9052,1,High Intent,hybrid,0.7
9053,9053,1,High Intent,hybrid,0.6
9054,9054,3,Price Sensitive,hybrid,0.8
9055,9055,4,Loyal Customer,hybrid,0.8
9056,9056,4,Loyal Customer,hybrid,0.6
9057,9057,3,Price Sensitive,hybrid,0.75
9058,9058,4,Loyal Customer,hybrid,0.95
9059,9059,2,Low Engagement,hybrid,0.6
9060,9060,1,High Intent,hybrid,0.95
9061,9061,4,Loyal Customer,hybrid,0.8
9062,9062,2,Low Engagement,hybrid,0.6
9063,9063,3,Price Sensitive,hybrid,0.6
9064,9064,4,Loyal Customer,hybrid,0.6
9065,9065,4,Loyal Customer,hybrid,0.6
9066,9066,2,Low Engagement,hybrid,0.6
9067,9067,2,Low Engagement,hybrid,0.6
9068,9068,1,High Intent,hybrid,0.75
9069,9069,2,Low Engagement,hybrid,0.6
9070,9070,4,Loyal Customer,hybrid,0.7
9071,9071,4,Loyal Customer,hybrid,0.8
9072,9072,2,Low Engagement,hybrid,0.6
9073,9073,4,Loyal Customer,hybrid,0.6
9074,9074,4,Loyal Customer,hybrid,0.6
9075,9075,3,Price Sensitive,hybrid,0.8
9076,9076,2,Low Engagement,hybrid,0.6
9077,9077,1,High Intent,hybrid,0.7
9078,9078,1,High Intent,hybrid,0.7
9079,9079,3,Price Sensitive,hybrid,0.7
9080,9080,4,Loyal Customer,hybrid,0.8
9081,9081,3,Price Sensitive,hybrid,0.8
9082,9082,1,High Intent,hybrid,0.7
9083,9083,2,Low Engagement,hybrid,0.6
9084,9084,2,Low Engagement,hybrid,0.75
9085,9085,2,Low Engagement,hybrid,0.6
9086,9086,1,High Intent,hybrid,0.7
9087,9087,1,High Intent,hybrid,0.7
9088,9088,4,Loyal Customer,hybrid,0.6
9089,9089,3,Price Sensitive,hybrid,0.8
9090,9090,4,Loyal Customer,hybrid,0.8
9091,9091,4,Loyal Customer,hybrid,0.6
9092,9092,1,High Intent,hybrid,0.7
9093,9093,4,Loyal Customer,hybrid,0.6
9094,9094,4,Loyal Customer,hybrid,0.75
9095,9095,2,Low Engagement,hybrid,0.6
9096,9096,2,Low Engagement,hybrid,0.75
9097,9097,2,Low Engagement,hybrid,0.6
9098,9098,2,Low Engagement,hybrid,0.6
9099,9099,2,Low Engagement,hybrid,0.6
9100,9100,2,Low Engagement,hybrid,0.6
9101,9101,4,Loyal Customer,hybrid,0.6
9102,9102,2,Low Engagement,hybrid,0.6
9103,9103,3,Price Sensitive,hybrid,0.7
9104,9104,2,Low Engagement,hybrid,0.8
9105,9105,4,Loyal Customer,hybrid,0.75
9106,9106,4,Loyal Customer,hybrid,0.75
9107,9107,1,High Intent,hybrid,0.7
9108,9108,2,Low Engagement,hybrid,0.75
9109,9109,2,Low Engagement,hybrid,0.6
9110,9110,3,Price Sensitive,hybrid,0.8
9111,9111,2,Low Engagement,hybrid,0.7
9112,9112,2,Low Engagement,hybrid,0.6
9113,9113,4,Loyal Customer,hybrid,0.7
9114,9114,1,High Intent,hybrid,0.7
9115,9115,3,Price Sensitive,hybrid,0.6
9116,9116,2,Low Engagement,hybrid,0.75
9117,9117,2,Low Engagement,hybrid,0.75
9118,9118,4,Loyal Customer,hybrid,0.6
9119,9119,1,High Intent,hybrid,0.75
9120,9120,4,Loyal Customer,hybrid,0.7
9121,9121,2,Low Engagement,hybrid,0.6
9122,9122,3,Price Sensitive,hybrid,0.8
9123,9123,2,Low Engagement,hybrid,0.6
9124,9124,4,Loyal Customer,hybrid,0.7
9125,9125,4,Loyal Customer,hybrid,0.6
9126,9126,2,Low Engagement,hybrid,0.75
9127,9127,4,Loyal Customer,hybrid,0.8
9128,9128,3,Price Sensitive,hybrid,0.75
9129,9129,1,High Intent,hybrid,0.6
9130,9130,4,Loyal Customer,hybrid,0.6
9131,9131,1,High Intent,hybrid,0.75
9132,9132,1,High Intent,hybrid,0.7
9133,9133,4,Loyal Customer,hybrid,0.95
9134,9134,2,Low Engagement,hybrid,0.6
9135,9135,4,Loyal Customer,hybrid,0.8
9136,9136,2,Low Engagement,hybrid,0.6
9137,9137,4,Loyal Customer,hybrid,0.6
9138,9138,4,Loyal Customer,hybrid,0.7
9139,9139,3,Price Sensitive,hybrid,0.8
9140,9140,3,Price Sensitive,hybrid,0.95
9141,9141,3,Price Sensitive,hybrid,0.6
9142,9142,2,Low Engagement,hybrid,0.6
9143,9143,1,High Intent,hybrid,0.8
9144,9144,2,Low Engagement,hybrid,0.6
9145,9145,2,Low Engagement,hybrid,0.7
9146,9146,1,High Intent,hybrid,0.7
9147,9147,3,Price Sensitive,hybrid,0.7
9148,9148,1,High Intent,hybrid,0.7
9149,9149,3,Price Sensitive,hybrid,0.95
9150,9150,3,Price Sensitive,hybrid,0.7
9151,9151,1,High Intent,hybrid,0.75
9152,9152,2,Low Engagement,hybrid,0.6
9153,9153,2,Low Engagement,hybrid,0.6
9154,9154,3,Price Sensitive,hybrid,0.95
9155,9155,2,Low Engagement,hybrid,0.75
9156,9156,2,Low Engagement,hybrid,0.6
9157,9157,1,High Intent,hybrid,0.8
9158,9158,4,Loyal Customer,hybrid,0.8
9159,9159,1,High Intent,hybrid,0.8
9160,9160,1,High Intent,hybrid,0.95
9161,9161,1,High Intent,hybrid,0.7
9162,9162,3,Price Sensitive,hybrid,0.75
9163,9163,3,Price Sensitive,hybrid,0.7
9164,9164,2,Low Engagement,hybrid,0.6
9165,9165,2,Low Engagement,hybrid,0.95
9166,9166,4,Loyal Customer,hybrid,0.6
9167,9167,4,Loyal Customer,hybrid,0.6
9168,9168,3,Price Sensitive,hybrid,0.75
9169,9169,1,High Intent,hybrid,0.75
9170,9170,1,High Intent,hybrid,0.6
9171,9171,1,High Intent,hybrid,0.7
9172,9172,2,Low Engagement,hybrid,0.7
9173,9173,2,Low Engagement,hybrid,0.7
9174,9174,3,Price Sensitive,hybrid,0.75
9175,9175,3,Price Sensitive,hybrid,0.75
9176,9176,2,Low Engagement,hybrid,0.6
9177,9177,3,Price Sensitive,hybrid,0.6
9178,9178,1,High Intent,hybrid,0.75
9179,9179,2,Low Engagement,hybrid,0.6
9180,9180,2,Low Engagement,hybrid,0.75
9181,9181,4,Loyal Customer,hybrid,0.7
9182,9182,3,Price Sensitive,hybrid,0.75
9183,9183,1,High Intent,hybrid,0.75
9184,9184,2,Low Engagement,hybrid,0.8
9185,9185,2,Low Engagement,hybrid,0.75
9186,9186,4,Loyal Customer,hybrid,0.8
9187,9187,2,Low Engagement,hybrid,0.6
9188,9188,1,High Intent,hybrid,0.75
9189,9189,2,Low Engagement,hybrid,0.6
9190,9190,4,Loyal Customer,hybrid,0.8
9191,9191,1,High Intent,hybrid,0.6
9192,9192,1,High Intent,hybrid,0.6
9193,9193,4,Loyal Customer,hybrid,0.6
9194,9194,2,Low Engagement,hybrid,0.6
9195,9195,1,High Intent,hybrid,0.7
9196,9196,2,Low Engagement,hybrid,0.6
9197,9197,5,New Cold User,hybrid,0.65
9198,9198,1,High Intent,hybrid,0.7
9199,9199,4,Loyal Customer,hybrid,0.8
9200,9200,2,Low Engagement,hybrid,0.75
9201,9201,3,Price Sensitive,hybrid,0.6
9202,9202,3,Price Sensitive,hybrid,0.75
9203,9203,3,Price Sensitive,hybrid,0.8
9204,9204,2,Low Engagement,hybrid,0.75
9205,9205,3,Price Sensitive,hybrid,0.75
9206,9206,2,Low Engagement,hybrid,0.75
9207,9207,1,High Intent,hybrid,0.6
9208,9208,3,Price Sensitive,hybrid,0.75
9209,9209,2,Low Engagement,hybrid,0.6
9210,9210,2,Low Engagement,hybrid,0.6
9211,9211,1,High Intent,hybrid,0.75
9212,9212,4,Loyal Customer,hybrid,0.6
9213,9213,2,Low Engagement,hybrid,0.6
9214,9214,3,Price Sensitive,hybrid,0.6
9215,9215,4,Loyal Customer,hybrid,0.95
9216,9216,2,Low Engagement,hybrid,0.7
9217,9217,1,High Intent,hybrid,0.7
9218,9218,2,Low Engagement,hybrid,0.75
9219,9219,2,Low Engagement,hybrid,0.6
9220,9220,3,Price Sensitive,hybrid,0.75
9221,9221,3,Price Sensitive,hybrid,0.7
9222,9222,3,Price Sensitive,hybrid,0.95
9223,9223,1,High Intent,hybrid,0.6
9224,9224,1,High Intent,hybrid,0.7
9225,9225,4,Loyal Customer,hybrid,0.8
9226,9226,3,Price Sensitive,hybrid,0.7
9227,9227,3,Price Sensitive,hybrid,0.95
9228,9228,2,Low Engagement,hybrid,0.7
9229,9229,1,High Intent,hybrid,0.7
9230,9230,3,Price Sensitive,hybrid,0.7
9231,9231,2,Low Engagement,hybrid,0.7
9232,9232,2,Low Engagement,hybrid,0.75
9233,9233,1,High Intent,hybrid,0.7
9234,9234,2,Low Engagement,hybrid,0.6
9235,9235,3,Price Sensitive,hybrid,0.8
9236,9236,2,Low Engagement,hybrid,0.6
9237,9237,3,Price Sensitive,hybrid,0.8
9238,9238,1,High Intent,hybrid,0.7
9239,9239,4,Loyal Customer,hybrid,0.7
9240,9240,4,Loyal Customer,hybrid,0.75
9241,9241,4,Loyal Customer,hybrid,0.7
9242,9242,1,High Intent,hybrid,0.7
9243,9243,2,Low Engagement,hybrid,0.6
9244,9244,1,High Intent,hybrid,0.7
9245,9245,3,Price Sensitive,hybrid,0.8
9246,9246,3,Price Sensitive,hybrid,0.6
9247,9247,1,High Intent,hybrid,0.7
9248,9248,2,Low Engagement,hybrid,0.75
9249,9249,1,High Intent,hybrid,0.7
9250,9250,4,Loyal Customer,hybrid,0.6
9251,9251,4,Loyal Customer,hybrid,0.7
9252,9252,4,Loyal Customer,hybrid,0.6
9253,9253,1,High Intent,hybrid,0.6
9254,9254,2,Low Engagement,hybrid,0.6
9255,9255,1,High Intent,hybrid,0.7
9256,9256,2,Low Engagement,hybrid,0.6
9257,9257,3,Price Sensitive,hybrid,0.75
9258,9258,3,Price Sensitive,hybrid,0.95
9259,9259,3,Price Sensitive,hybrid,0.7
9260,9260,2,Low Engagement,hybrid,0.6
9261,9261,3,Price Sensitive,hybrid,0.7
9262,9262,2,Low Engagement,hybrid,0.6
9263,9263,1,High Intent,hybrid,0.6
9264,9264,3,Price Sensitive,hybrid,0.8
9265,9265,3,Price Sensitive,hybrid,0.6
9266,9266,1,High Intent,hybrid,0.7
9267,9267,3,Price Sensitive,hybrid,0.75
9268,9268,4,Loyal Customer,hybrid,0.8
9269,9269,1,High Intent,hybrid,0.75
9270,9270,4,Loyal Customer,hybrid,0.7
9271,9271,4,Loyal Customer,hybrid,0.6
9272,9272,1,High Intent,hybrid,0.7
9273,9273,5,New Cold User,hybrid,0.65
9274,9274,4,Loyal Customer,hybrid,0.6
9275,9275,4,Loyal Customer,hybrid,0.75
9276,9276,2,Low Engagement,hybrid,0.6
9277,9277,4,Loyal Customer,hybrid,0.6
9278,9278,2,Low Engagement,hybrid,0.6
9279,9279,3,Price Sensitive,hybrid,0.8
9280,9280,3,Price Sensitive,hybrid,0.7
9281,9281,4,Loyal Customer,hybrid,0.8
9282,9282,2,Low Engagement,hybrid,0.6
9283,9283,1,High Intent,hybrid,0.75
9284,9284,4,Loyal Customer,hybrid,0.95
9285,9285,3,Price Sensitive,hybrid,0.95
9286,9286,1,High Intent,hybrid,0.75
9287,9287,4,Loyal Customer,hybrid,0.8
9288,9288,4,Loyal Customer,hybrid,0.95
9289,9289,2,Low Engagement,hybrid,0.6
9290,9290,1,High Intent,hybrid,0.75
9291,9291,1,High Intent,hybrid,0.7
9292,9292,1,High Intent,hybrid,0.7
9293,9293,3,Price Sensitive,hybrid,0.95
9294,9294,2,Low Engagement,hybrid,0.75
9295,9295,1,High Intent,hybrid,0.6
9296,9296,4,Loyal Customer,hybrid,0.6
9297,9297,2,Low Engagement,hybrid,0.6
9298,9298,3,Price Sensitive,hybrid,0.7
9299,9299,2,Low Engagement,hybrid,0.8
9300,9300,5,New Cold User,hybrid,0.65
9301,9301,3,Price Sensitive,hybrid,0.75
9302,9302,3,Price Sensitive,hybrid,0.8
9303,9303,2,Low Engagement,hybrid,0.8
9304,9304,4,Loyal Customer,hybrid,0.8
9305,9305,4,Loyal Customer,hybrid,0.6
9306,9306,3,Price Sensitive,hybrid,0.8
9307,9307,3,Price Sensitive,hybrid,0.6
9308,9308,4,Loyal Customer,hybrid,0.95
9309,9309,2,Low Engagement,hybrid,0.75
9310,9310,2,Low Engagement,hybrid,0.6
9311,9311,1,High Intent,hybrid,0.7
9312,9312,1,High Intent,hybrid,0.6
9313,9313,2,Low Engagement,hybrid,0.6
9314,9314,1,High Intent,hybrid,0.7
9315,9315,2,Low Engagement,hybrid,0.6
9316,9316,3,Price Sensitive,hybrid,0.8
9317,9317,1,High Intent,hybrid,0.8
9318,9318,2,Low Engagement,hybrid,0.6
9319,9319,1,High Intent,hybrid,0.7
9320,9320,1,High Intent,hybrid,0.6
9321,9321,2,Low Engagement,hybrid,0.75
9322,9322,3,Price Sensitive,hybrid,0.75
9323,9323,2,Low Engagement,hybrid,0.6
9324,9324,2,Low Engagement,hybrid,0.6
9325,9325,2,Low Engagement,hybrid,0.6
9326,9326,3,Price Sensitive,hybrid,0.8
9327,9327,4,Loyal Customer,hybrid,0.95
9328,9328,4,Loyal Customer,hybrid,0.6
9329,9329,3,Price Sensitive,hybrid,0.6
9330,9330,3,Price Sensitive,hybrid,0.8
9331,9331,2,Low Engagement,hybrid,0.6
9332,9332,3,Price Sensitive,hybrid,0.75
9333,9333,4,Loyal Customer,hybrid,0.75
9334,9334,3,Price Sensitive,hybrid,0.6
9335,9335,4,Loyal Customer,hybrid,0.7
9336,9336,1,High Intent,hybrid,0.75
9337,9337,1,High Intent,hybrid,0.75
9338,9338,2,Low Engagement,hybrid,0.95
9339,9339,2,Low Engagement,hybrid,0.6
9340,9340,2,Low Engagement,hybrid,0.6
9341,9341,2,Low Engagement,hybrid,0.6
9342,9342,2,Low Engagement,hybrid,0.8
9343,9343,4,Loyal Customer,hybrid,0.8
9344,9344,4,Loyal Customer,hybrid,0.6
9345,9345,1,High Intent,hybrid,0.7
9346,9346,4,Loyal Customer,hybrid,0.6
9347,9347,2,Low Engagement,hybrid,0.75
9348,9348,4,Loyal Customer,hybrid,0.6
9349,9349,2,Low Engagement,hybrid,0.6
9350,9350,3,Price Sensitive,hybrid,0.75
9351,9351,4,Loyal Customer,hybrid,0.7
9352,9352,2,Low Engagement,hybrid,0.6
9353,9353,2,Low Engagement,hybrid,0.6
9354,9354,3,Price Sensitive,hybrid,0.7
9355,9355,3,Price Sensitive,hybrid,0.95
9356,9356,1,High Intent,hybrid,0.7
9357,9357,4,Loyal Customer,hybrid,0.6
9358,9358,4,Loyal Customer,hybrid,0.8
9359,9359,1,High Intent,hybrid,0.7
9360,9360,3,Price Sensitive,hybrid,0.6
9361,9361,2,Low Engagement,hybrid,0.95
9362,9362,4,Loyal Customer,hybrid,0.8
9363,9363,3,Price Sensitive,hybrid,0.8
9364,9364,4,Loyal Customer,hybrid,0.6
9365,9365,5,New Cold User,hybrid,0.65
9366,9366,3,Price Sensitive,hybrid,0.75
9367,9367,2,Low Engagement,hybrid,0.8
9368,9368,5,New Cold User,hybrid,0.65
9369,9369,2,Low Engagement,hybrid,0.6
9370,9370,2,Low Engagement,hybrid,0.6
9371,9371,4,Loyal Customer,hybrid,0.6
9372,9372,3,Price Sensitive,hybrid,0.8
9373,9373,1,High Intent,hybrid,0.75
9374,9374,2,Low Engagement,hybrid,0.6
9375,9375,4,Loyal Customer,hybrid,0.6
9376,9376,3,Price Sensitive,hybrid,0.95
9377,9377,1,High Intent,hybrid,0.7
9378,9378,4,Loyal Customer,hybrid,0.75
9379,9379,2,Low Engagement,hybrid,0.6
9380,9380,1,High Intent,hybrid,0.7
9381,9381,2,Low Engagement,hybrid,0.7
9382,9382,4,Loyal Customer,hybrid,0.6
9383,9383,4,Loyal Customer,hybrid,0.6
9384,9384,2,Low Engagement,hybrid,0.6
9385,9385,4,Loyal Customer,hybrid,0.6
9386,9386,4,Loyal Customer,hybrid,0.6
9387,9387,1,High Intent,hybrid,0.7
9388,9388,4,Loyal Customer,hybrid,0.8
9389,9389,3,Price Sensitive,hybrid,0.6
9390,9390,4,Loyal Customer,hybrid,0.8
9391,9391,3,Price Sensitive,hybrid,0.8
9392,9392,1,High Intent,hybrid,0.7
9393,9393,4,Loyal Customer,hybrid,0.8
9394,9394,1,High Intent,hybrid,0.7
9395,9395,3,Price Sensitive,hybrid,0.7
9396,9396,2,Low Engagement,hybrid,0.6
9397,9397,2,Low Engagement,hybrid,0.6
9398,9398,1,High Intent,hybrid,0.95
9399,9399,3,Price Sensitive,hybrid,0.8
9400,9400,2,Low Engagement,hybrid,0.75
9401,9401,1,High Intent,hybrid,0.6
9402,9402,3,Price Sensitive,hybrid,0.6
9403,9403,1,High Intent,hybrid,0.6
9404,9404,4,Loyal Customer,hybrid,0.6
9405,9405,3,Price Sensitive,hybrid,0.7
9406,9406,2,Low Engagement,hybrid,0.75
9407,9407,3,Price Sensitive,hybrid,0.7
9408,9408,2,Low Engagement,hybrid,0.6
9409,9409,3,Price Sensitive,hybrid,0.7
9410,9410,3,Price Sensitive,hybrid,0.8
9411,9411,2,Low Engagement,hybrid,0.6
9412,9412,3,Price Sensitive,hybrid,0.6
9413,9413,2,Low Engagement,hybrid,0.6
9414,9414,3,Price Sensitive,hybrid,0.95
9415,9415,1,High Intent,hybrid,0.95
9416,9416,1,High Intent,hybrid,0.7
9417,9417,1,High Intent,hybrid,0.7
9418,9418,4,Loyal Customer,hybrid,0.6
9419,9419,2,Low Engagement,hybrid,0.6
9420,9420,3,Price Sensitive,hybrid,0.6
9421,9421,2,Low Engagement,hybrid,0.6
9422,9422,3,Price Sensitive,hybrid,0.8
9423,9423,4,Loyal Customer,hybrid,0.6
9424,9424,3,Price Sensitive,hybrid,0.95
9425,9425,1,High Intent,hybrid,0.7
9426,9426,3,Price Sensitive,hybrid,0.7
9427,9427,3,Price Sensitive,hybrid,0.95
9428,9428,3,Price Sensitive,hybrid,0.6
9429,9429,4,Loyal Customer,hybrid,0.6
9430,9430,3,Price Sensitive,hybrid,0.7
9431,9431,2,Low Engagement,hybrid,0.6
9432,9432,3,Price Sensitive,hybrid,0.7
9433,9433,3,Price Sensitive,hybrid,0.8
9434,9434,3,Price Sensitive,hybrid,0.7
9435,9435,2,Low Engagement,hybrid,0.8
9436,9436,1,High Intent,hybrid,0.75
9437,9437,2,Low Engagement,hybrid,0.8
9438,9438,1,High Intent,hybrid,0.95
9439,9439,2,Low Engagement,hybrid,0.75
9440,9440,4,Loyal Customer,hybrid,0.6
9441,9441,3,Price Sensitive,hybrid,0.7
9442,9442,2,Low Engagement,hybrid,0.8
9443,9443,2,Low Engagement,hybrid,0.6
9444,9444,2,Low Engagement,hybrid,0.6
9445,9445,4,Loyal Customer,hybrid,0.6
9446,9446,1,High Intent,hybrid,0.95
9447,9447,4,Loyal Customer,hybrid,0.75
9448,9448,3,Price Sensitive,hybrid,0.8
9449,9449,2,Low Engagement,hybrid,0.6
9450,9450,3,Price Sensitive,hybrid,0.6
9451,9451,2,Low Engagement,hybrid,0.75
9452,9452,4,Loyal Customer,hybrid,0.6
9453,9453,3,Price Sensitive,hybrid,0.95
9454,9454,2,Low Engagement,hybrid,0.6
9455,9455,4,Loyal Customer,hybrid,0.8
9456,9456,4,Loyal Customer,hybrid,0.6
9457,9457,4,Loyal Customer,hybrid,0.6
9458,9458,3,Price Sensitive,hybrid,0.7
9459,9459,3,Price Sensitive,hybrid,0.8
9460,9460,4,Loyal Customer,hybrid,0.8
9461,9461,2,Low Engagement,hybrid,0.75
9462,9462,4,Loyal Customer,hybrid,0.6
9463,9463,4,Loyal Customer,hybrid,0.75
9464,9464,1,High Intent,hybrid,0.7
9465,9465,3,Price Sensitive,hybrid,0.7
9466,9466,2,Low Engagement,hybrid,0.6
9467,9467,2,Low Engagement,hybrid,0.6
9468,9468,2,Low Engagement,hybrid,0.7
9469,9469,2,Low Engagement,hybrid,0.6
9470,9470,4,Loyal Customer,hybrid,0.75
9471,9471,2,Low Engagement,hybrid,0.6
9472,9472,3,Price Sensitive,hybrid,0.6
9473,9473,2,Low Engagement,hybrid,0.8
9474,9474,3,Price Sensitive,hybrid,0.8
9475,9475,2,Low Engagement,hybrid,0.6
9476,9476,3,Price Sensitive,hybrid,0.75
9477,9477,1,High Intent,hybrid,0.7
9478,9478,3,Price Sensitive,hybrid,0.7
9479,9479,2,Low Engagement,hybrid,0.6
9480,9480,2,Low Engagement,hybrid,0.6
9481,9481,4,Loyal Customer,hybrid,0.8
9482,9482,4,Loyal Customer,hybrid,0.6
9483,9483,1,High Intent,hybrid,0.7
9484,9484,2,Low Engagement,hybrid,0.6
9485,9485,5,New Cold User,hybrid,0.65
9486,9486,2,Low Engagement,hybrid,0.6
9487,9487,2,Low Engagement,hybrid,0.6
9488,9488,1,High Intent,hybrid,0.7
9489,9489,5,New Cold User,hybrid,0.65
9490,9490,4,Loyal Customer,hybrid,0.6
9491,9491,2,Low Engagement,hybrid,0.8
9492,9492,2,Low Engagement,hybrid,0.75
9493,9493,2,Low Engagement,hybrid,0.6
9494,9494,4,Loyal Customer,hybrid,0.75
9495,9495,2,Low Engagement,hybrid,0.6
9496,9496,1,High Intent,hybrid,0.7
9497,9497,2,Low Engagement,hybrid,0.6
9498,9498,4,Loyal Customer,hybrid,0.6
9499,9499,3,Price Sensitive,hybrid,0.6
9500,9500,2,Low Engagement,hybrid,0.75
9501,9501,2,Low Engagement,hybrid,0.6
9502,9502,1,High Intent,hybrid,0.95
9503,9503,1,High Intent,hybrid,0.7
9504,9504,2,Low Engagement,hybrid,0.6
9505,9505,2,Low Engagement,hybrid,0.8
9506,9506,4,Loyal Customer,hybrid,0.8
9507,9507,4,Loyal Customer,hybrid,0.75
9508,9508,4,Loyal Customer,hybrid,0.6
9509,9509,4,Loyal Customer,hybrid,0.8
9510,9510,1,High Intent,hybrid,0.7
9511,9511,4,Loyal Customer,hybrid,0.75
9512,9512,3,Price Sensitive,hybrid,0.95
9513,9513,2,Low Engagement,hybrid,0.75
9514,9514,1,High Intent,hybrid,0.75
9515,9515,4,Loyal Customer,hybrid,0.8
9516,9516,3,Price Sensitive,hybrid,0.6
9517,9517,2,Low Engagement,hybrid,0.6
9518,9518,2,Low Engagement,hybrid,0.75
9519,9519,1,High Intent,hybrid,0.7
9520,9520,4,Loyal Customer,hybrid,0.6
9521,9521,4,Loyal Customer,hybrid,0.6
9522,9522,1,High Intent,hybrid,0.7
9523,9523,4,Loyal Customer,hybrid,0.6
9524,9524,1,High Intent,hybrid,0.75
9525,9525,3,Price Sensitive,hybrid,0.75
9526,9526,5,New Cold User,hybrid,0.65
9527,9527,2,Low Engagement,hybrid,0.6
9528,9528,3,Price Sensitive,hybrid,0.95
9529,9529,2,Low Engagement,hybrid,0.95
9530,9530,4,Loyal Customer,hybrid,0.8
9531,9531,4,Loyal Customer,hybrid,0.8
9532,9532,3,Price Sensitive,hybrid,0.95
9533,9533,2,Low Engagement,hybrid,0.75
9534,9534,4,Loyal Customer,hybrid,0.6
9535,9535,4,Loyal Customer,hybrid,0.6
9536,9536,1,High Intent,hybrid,0.7
9537,9537,3,Price Sensitive,hybrid,0.6
9538,9538,4,Loyal Customer,hybrid,0.6
9539,9539,2,Low Engagement,hybrid,0.6
9540,9540,2,Low Engagement,hybrid,0.6
9541,9541,2,Low Engagement,hybrid,0.6
9542,9542,4,Loyal Customer,hybrid,0.8
9543,9543,3,Price Sensitive,hybrid,0.75
9544,9544,2,Low Engagement,hybrid,0.6
9545,9545,3,Price Sensitive,hybrid,0.6
9546,9546,1,High Intent,hybrid,0.7
9547,9547,2,Low Engagement,hybrid,0.6
9548,9548,1,High Intent,hybrid,0.95
9549,9549,4,Loyal Customer,hybrid,0.6
9550,9550,2,Low Engagement,hybrid,0.6
9551,9551,3,Price Sensitive,hybrid,0.6
9552,9552,5,New Cold User,hybrid,0.65
9553,9553,3,Price Sensitive,hybrid,0.6
9554,9554,4,Loyal Customer,hybrid,0.6
9555,9555,2,Low Engagement,hybrid,0.6
9556,9556,1,High Intent,hybrid,0.7
9557,9557,4,Loyal Customer,hybrid,0.6
9558,9558,2,Low Engagement,hybrid,0.6
9559,9559,4,Loyal Customer,hybrid,0.7
9560,9560,3,Price Sensitive,hybrid,0.75
9561,9561,3,Price Sensitive,hybrid,0.7
9562,9562,2,Low Engagement,hybrid,0.75
9563,9563,1,High Intent,hybrid,0.7
9564,9564,4,Loyal Customer,hybrid,0.6
9565,9565,2,Low Engagement,hybrid,0.6
9566,9566,4,Loyal Customer,hybrid,0.8
9567,9567,1,High Intent,hybrid,0.75
9568,9568,3,Price Sensitive,hybrid,0.6
9569,9569,1,High Intent,hybrid,0.7
9570,9570,3,Price Sensitive,hybrid,0.6
9571,9571,1,High Intent,hybrid,0.7
9572,9572,2,Low Engagement,hybrid,0.6
9573,9573,4,Loyal Customer,hybrid,0.8
9574,9574,2,Low Engagement,hybrid,0.75
9575,9575,3,Price Sensitive,hybrid,0.75
9576,9576,1,High Intent,hybrid,0.75
9577,9577,3,Price Sensitive,hybrid,0.7
9578,9578,2,Low Engagement,hybrid,0.6
9579,9579,2,Low Engagement,hybrid,0.6
9580,9580,2,Low Engagement,hybrid,0.75
9581,9581,2,Low Engagement,hybrid,0.6
9582,9582,3,Price Sensitive,hybrid,0.6
9583,9583,2,Low Engagement,hybrid,0.6
9584,9584,4,Loyal Customer,hybrid,0.6
9585,9585,4,Loyal Customer,hybrid,0.6
9586,9586,4,Loyal Customer,hybrid,0.8
9587,9587,3,Price Sensitive,hybrid,0.6
9588,9588,1,High Intent,hybrid,0.6
9589,9589,3,Price Sensitive,hybrid,0.7
9590,9590,4,Loyal Customer,hybrid,0.8
9591,9591,3,Price Sensitive,hybrid,0.7
9592,9592,2,Low Engagement,hybrid,0.6
9593,9593,2,Low Engagement,hybrid,0.7
9594,9594,4,Loyal Customer,hybrid,0.6
9595,9595,4,Loyal Customer,hybrid,0.8
9596,9596,2,Low Engagement,hybrid,0.6
9597,9597,2,Low Engagement,hybrid,0.8
9598,9598,4,Loyal Customer,hybrid,0.7
9599,9599,1,High Intent,hybrid,0.7
9600,9600,3,Price Sensitive,hybrid,0.75
9601,9601,2,Low Engagement,hybrid,0.7
9602,9602,2,Low Engagement,hybrid,0.6
9603,9603,3,Price Sensitive,hybrid,0.7
9604,9604,2,Low Engagement,hybrid,0.75
9605,9605,4,Loyal Customer,hybrid,0.8
9606,9606,4,Loyal Customer,hybrid,0.6
9607,9607,4,Loyal Customer,hybrid,0.6
9608,9608,1,High Intent,hybrid,0.7
9609,9609,4,Loyal Customer,hybrid,0.6
9610,9610,2,Low Engagement,hybrid,0.75
9611,9611,1,High Intent,hybrid,0.7
9612,9612,1,High Intent,hybrid,0.75
9613,9613,4,Loyal Customer,hybrid,0.6
9614,9614,1,High Intent,hybrid,0.7
9615,9615,2,Low Engagement,hybrid,0.8
9616,9616,2,Low Engagement,hybrid,0.6
9617,9617,2,Low Engagement,hybrid,0.8
9618,9618,4,Loyal Customer,hybrid,0.6
9619,9619,2,Low Engagement,hybrid,0.75
9620,9620,1,High Intent,hybrid,0.7
9621,9621,3,Price Sensitive,hybrid,0.75
9622,9622,1,High Intent,hybrid,0.75
9623,9623,4,Loyal Customer,hybrid,0.6
9624,9624,1,High Intent,hybrid,0.8
9625,9625,5,New Cold User,hybrid,0.65
9626,9626,1,High Intent,hybrid,0.95
9627,9627,4,Loyal Customer,hybrid,0.8
9628,9628,4,Loyal Customer,hybrid,0.8
9629,9629,1,High Intent,hybrid,0.75
9630,9630,2,Low Engagement,hybrid,0.6
9631,9631,4,Loyal Customer,hybrid,0.6
9632,9632,1,High Intent,hybrid,0.8
9633,9633,2,Low Engagement,hybrid,0.75
9634,9634,4,Loyal Customer,hybrid,0.8
9635,9635,1,High Intent,hybrid,0.7
9636,9636,2,Low Engagement,hybrid,0.75
9637,9637,2,Low Engagement,hybrid,0.75
9638,9638,2,Low Engagement,hybrid,0.6
9639,9639,1,High Intent,hybrid,0.6
9640,9640,4,Loyal Customer,hybrid,0.6
9641,9641,1,High Intent,hybrid,0.8
9642,9642,4,Loyal Customer,hybrid,0.6
9643,9643,3,Price Sensitive,hybrid,0.6
9644,9644,2,Low Engagement,hybrid,0.6
9645,9645,1,High Intent,hybrid,0.7
9646,9646,1,High Intent,hybrid,0.7
9647,9647,2,Low Engagement,hybrid,0.6
9648,9648,4,Loyal Customer,hybrid,0.6
9649,9649,1,High Intent,hybrid,0.7
9650,9650,1,High Intent,hybrid,0.75
9651,9651,1,High Intent,hybrid,0.75
9652,9652,2,Low Engagement,hybrid,0.6
9653,9653,1,High Intent,hybrid,0.8
9654,9654,2,Low Engagement,hybrid,0.6
9655,9655,2,Low Engagement,hybrid,0.6
9656,9656,2,Low Engagement,hybrid,0.6
9657,9657,4,Loyal Customer,hybrid,0.7
9658,9658,1,High Intent,hybrid,0.95
9659,9659,3,Price Sensitive,hybrid,0.8
9660,9660,2,Low Engagement,hybrid,0.6
9661,9661,2,Low Engagement,hybrid,0.6
9662,9662,3,Price Sensitive,hybrid,0.75
9663,9663,4,Loyal Customer,hybrid,0.6
9664,9664,1,High Intent,hybrid,0.7
9665,9665,4,Loyal Customer,hybrid,0.7
9666,9666,4,Loyal Customer,hybrid,0.6
9667,9667,3,Price Sensitive,hybrid,0.95
9668,9668,4,Loyal Customer,hybrid,0.6
9669,9669,2,Low Engagement,hybrid,0.75
9670,9670,1,High Intent,hybrid,0.7
9671,9671,1,High Intent,hybrid,0.8
9672,9672,2,Low Engagement,hybrid,0.8
9673,9673,4,Loyal Customer,hybrid,0.95
9674,9674,4,Loyal Customer,hybrid,0.75
9675,9675,4,Loyal Customer,hybrid,0.6
9676,9676,1,High Intent,hybrid,0.75
9677,9677,3,Price Sensitive,hybrid,0.6
9678,9678,2,Low Engagement,hybrid,0.6
9679,9679,3,Price Sensitive,hybrid,0.8
9680,9680,3,Price Sensitive,hybrid,0.75
9681,9681,2,Low Engagement,hybrid,0.6
9682,9682,2,Low Engagement,hybrid,0.7
9683,9683,2,Low Engagement,hybrid,0.6
9684,9684,2,Low Engagement,hybrid,0.7
9685,9685,2,Low Engagement,hybrid,0.6
9686,9686,2,Low Engagement,hybrid,0.6
9687,9687,2,Low Engagement,hybrid,0.6
9688,9688,2,Low Engagement,hybrid,0.8
9689,9689,2,Low Engagement,hybrid,0.6
9690,9690,1,High Intent,hybrid,0.7
9691,9691,2,Low Engagement,hybrid,0.7
9692,9692,3,Price Sensitive,hybrid,0.8
9693,9693,1,High Intent,hybrid,0.7
9694,9694,2,Low Engagement,hybrid,0.6
9695,9695,4,Loyal Customer,hybrid,0.6
9696,9696,4,Loyal Customer,hybrid,0.6
9697,9697,2,Low Engagement,hybrid,0.6
9698,9698,2,Low Engagement,hybrid,0.6
9699,9699,2,Low Engagement,hybrid,0.6
9700,9700,1,High Intent,hybrid,0.75
9701,9701,4,Loyal Customer,hybrid,0.6
9702,9702,3,Price Sensitive,hybrid,0.8
9703,9703,2,Low Engagement,hybrid,0.7
9704,9704,2,Low Engagement,hybrid,0.75
9705,9705,3,Price Sensitive,hybrid,0.8
9706,9706,1,High Intent,hybrid,0.7
9707,9707,4,Loyal Customer,hybrid,0.7
9708,9708,1,High Intent,hybrid,0.7
9709,9709,2,Low Engagement,hybrid,0.6
9710,9710,3,Price Sensitive,hybrid,0.8
9711,9711,1,High Intent,hybrid,0.8
9712,9712,2,Low Engagement,hybrid,0.6
9713,9713,3,Price Sensitive,hybrid,0.75
9714,9714,4,Loyal Customer,hybrid,0.75
9715,9715,1,High Intent,hybrid,0.75
9716,9716,2,Low Engagement,hybrid,0.6
9717,9717,4,Loyal Customer,hybrid,0.95
9718,9718,1,High Intent,hybrid,0.95
9719,9719,2,Low Engagement,hybrid,0.75
9720,9720,2,Low Engagement,hybrid,0.6
9721,9721,4,Loyal Customer,hybrid,0.6
9722,9722,4,Loyal Customer,hybrid,0.6
9723,9723,3,Price Sensitive,hybrid,0.75
9724,9724,1,High Intent,hybrid,0.75
9725,9725,2,Low Engagement,hybrid,0.6
9726,9726,4,Loyal Customer,hybrid,0.8
9727,9727,5,New Cold User,hybrid,0.65
9728,9728,4,Loyal Customer,hybrid,0.6
9729,9729,3,Price Sensitive,hybrid,0.7
9730,9730,2,Low Engagement,hybrid,0.6
9731,9731,4,Loyal Customer,hybrid,0.8
9732,9732,3,Price Sensitive,hybrid,0.8
9733,9733,2,Low Engagement,hybrid,0.6
9734,9734,2,Low Engagement,hybrid,0.6
9735,9735,4,Loyal Customer,hybrid,0.7
9736,9736,3,Price Sensitive,hybrid,0.8
9737,9737,1,High Intent,hybrid,0.7
9738,9738,2,Low Engagement,hybrid,0.8
9739,9739,4,Loyal Customer,hybrid,0.6
9740,9740,2,Low Engagement,hybrid,0.75
9741,9741,1,High Intent,hybrid,0.75
9742,9742,1,High Intent,hybrid,0.7
9743,9743,3,Price Sensitive,hybrid,0.6
9744,9744,1,High Intent,hybrid,0.7
9745,9745,3,Price Sensitive,hybrid,0.7
9746,9746,4,Loyal Customer,hybrid,0.6
9747,9747,4,Loyal Customer,hybrid,0.6
9748,9748,3,Price Sensitive,hybrid,0.8
9749,9749,4,Loyal Customer,hybrid,0.7
9750,9750,3,Price Sensitive,hybrid,0.6
9751,9751,4,Loyal Customer,hybrid,0.7
9752,9752,4,Loyal Customer,hybrid,0.8
9753,9753,4,Loyal Customer,hybrid,0.7
9754,9754,5,New Cold User,hybrid,0.65
9755,9755,2,Low Engagement,hybrid,0.8
9756,9756,3,Price Sensitive,hybrid,0.7
9757,9757,4,Loyal Customer,hybrid,0.6
9758,9758,2,Low Engagement,hybrid,0.6
9759,9759,2,Low Engagement,hybrid,0.6
9760,9760,3,Price Sensitive,hybrid,0.7
9761,9761,4,Loyal Customer,hybrid,0.6
9762,9762,4,Loyal Customer,hybrid,0.6
9763,9763,2,Low Engagement,hybrid,0.6
9764,9764,1,High Intent,hybrid,0.7
9765,9765,2,Low Engagement,hybrid,0.6
9766,9766,1,High Intent,hybrid,0.7
9767,9767,1,High Intent,hybrid,0.6
9768,9768,4,Loyal Customer,hybrid,0.6
9769,9769,2,Low Engagement,hybrid,0.6
9770,9770,3,Price Sensitive,hybrid,0.7
9771,9771,2,Low Engagement,hybrid,0.75
9772,9772,4,Loyal Customer,hybrid,0.6
9773,9773,2,Low Engagement,hybrid,0.75
9774,9774,3,Price Sensitive,hybrid,0.75
9775,9775,2,Low Engagement,hybrid,0.6
9776,9776,2,Low Engagement,hybrid,0.6
9777,9777,3,Price Sensitive,hybrid,0.6
9778,9778,4,Loyal Customer,hybrid,0.7
9779,9779,4,Loyal Customer,hybrid,0.8
9780,9780,3,Price Sensitive,hybrid,0.8
9781,9781,2,Low Engagement,hybrid,0.75
9782,9782,1,High Intent,hybrid,0.7
9783,9783,2,Low Engagement,hybrid,0.75
9784,9784,2,Low Engagement,hybrid,0.6
9785,9785,3,Price Sensitive,hybrid,0.95
9786,9786,2,Low Engagement,hybrid,0.6
9787,9787,3,Price Sensitive,hybrid,0.75
9788,9788,4,Loyal Customer,hybrid,0.6
9789,9789,1,High Intent,hybrid,0.7
9790,9790,1,High Intent,hybrid,0.75
9791,9791,1,High Intent,hybrid,0.7
9792,9792,2,Low Engagement,hybrid,0.8
9793,9793,3,Price Sensitive,hybrid,0.7
9794,9794,1,High Intent,hybrid,0.6
9795,9795,1,High Intent,hybrid,0.6
9796,9796,2,Low Engagement,hybrid,0.6
9797,9797,2,Low Engagement,hybrid,0.8
9798,9798,2,Low Engagement,hybrid,0.8
9799,9799,2,Low Engagement,hybrid,0.8
9800,9800,4,Loyal Customer,hybrid,0.95
9801,9801,4,Loyal Customer,hybrid,0.7
9802,9802,2,Low Engagement,hybrid,0.75
9803,9803,1,High Intent,hybrid,0.75
9804,9804,5,New Cold User,hybrid,0.65
9805,9805,3,Price Sensitive,hybrid,0.6
9806,9806,5,New Cold User,hybrid,0.65
9807,9807,3,Price Sensitive,hybrid,0.7
9808,9808,3,Price Sensitive,hybrid,0.7
9809,9809,4,Loyal Customer,hybrid,0.6
9810,9810,1,High Intent,hybrid,0.8
9811,9811,4,Loyal Customer,hybrid,0.6
9812,9812,1,High Intent,hybrid,0.6
9813,9813,4,Loyal Customer,hybrid,0.6
9814,9814,2,Low Engagement,hybrid,0.75
9815,9815,4,Loyal Customer,hybrid,0.7
9816,9816,2,Low Engagement,hybrid,0.6
9817,9817,4,Loyal Customer,hybrid,0.7
9818,9818,2,Low Engagement,hybrid,0.75
9819,9819,2,Low Engagement,hybrid,0.75
9820,9820,2,Low Engagement,hybrid,0.6
9821,9821,2,Low Engagement,hybrid,0.75
9822,9822,4,Loyal Customer,hybrid,0.6
9823,9823,1,High Intent,hybrid,0.7
9824,9824,4,Loyal Customer,hybrid,0.8
9825,9825,4,Loyal Customer,hybrid,0.6
9826,9826,2,Low Engagement,hybrid,0.6
9827,9827,1,High Intent,hybrid,0.7
9828,9828,3,Price Sensitive,hybrid,0.7
9829,9829,2,Low Engagement,hybrid,0.6
9830,9830,1,High Intent,hybrid,0.7
9831,9831,2,Low Engagement,hybrid,0.6
9832,9832,4,Loyal Customer,hybrid,0.8
9833,9833,4,Loyal Customer,hybrid,0.6
9834,9834,2,Low Engagement,hybrid,0.6
9835,9835,2,Low Engagement,hybrid,0.6
9836,9836,3,Price Sensitive,hybrid,0.7
9837,9837,2,Low Engagement,hybrid,0.8
9838,9838,1,High Intent,hybrid,0.7
9839,9839,3,Price Sensitive,hybrid,0.6
9840,9840,4,Loyal Customer,hybrid,0.6
9841,9841,1,High Intent,hybrid,0.75
9842,9842,2,Low Engagement,hybrid,0.75
9843,9843,2,Low Engagement,hybrid,0.75
9844,9844,4,Loyal Customer,hybrid,0.6
9845,9845,2,Low Engagement,hybrid,0.75
9846,9846,2,Low Engagement,hybrid,0.6
9847,9847,2,Low Engagement,hybrid,0.6
9848,9848,3,Price Sensitive,hybrid,0.7
9849,9849,4,Loyal Customer,hybrid,0.8
9850,9850,1,High Intent,hybrid,0.75
9851,9851,2,Low Engagement,hybrid,0.75
9852,9852,1,High Intent,hybrid,0.7
9853,9853,3,Price Sensitive,hybrid,0.7
9854,9854,1,High Intent,hybrid,0.7
9855,9855,3,Price Sensitive,hybrid,0.7
9856,9856,3,Price Sensitive,hybrid,0.8
9857,9857,4,Loyal Customer,hybrid,0.6
9858,9858,1,High Intent,hybrid,0.75
9859,9859,3,Price Sensitive,hybrid,0.7
9860,9860,4,Loyal Customer,hybrid,0.7
9861,9861,2,Low Engagement,hybrid,0.75
9862,9862,2,Low Engagement,hybrid,0.75
9863,9863,2,Low Engagement,hybrid,0.75
9864,9864,2,Low Engagement,hybrid,0.6
9865,9865,3,Price Sensitive,hybrid,0.8
9866,9866,1,High Intent,hybrid,0.7
9867,9867,1,High Intent,hybrid,0.75
9868,9868,4,Loyal Customer,hybrid,0.6
9869,9869,1,High Intent,hybrid,0.7
9870,9870,1,High Intent,hybrid,0.7
9871,9871,2,Low Engagement,hybrid,0.6
9872,9872,3,Price Sensitive,hybrid,0.6
9873,9873,2,Low Engagement,hybrid,0.6
9874,9874,3,Price Sensitive,hybrid,0.8
9875,9875,4,Loyal Customer,hybrid,0.6
9876,9876,4,Loyal Customer,hybrid,0.95
9877,9877,2,Low Engagement,hybrid,0.6
9878,9878,4,Loyal Customer,hybrid,0.6
9879,9879,2,Low Engagement,hybrid,0.6
9880,9880,2,Low Engagement,hybrid,0.6
9881,9881,2,Low Engagement,hybrid,0.6
9882,9882,3,Price Sensitive,hybrid,0.8
9883,9883,4,Loyal Customer,hybrid,0.6
9884,9884,2,Low Engagement,hybrid,0.75
9885,9885,4,Loyal Customer,hybrid,0.6
9886,9886,4,Loyal Customer,hybrid,0.7
9887,9887,2,Low Engagement,hybrid,0.6
9888,9888,4,Loyal Customer,hybrid,0.75
9889,9889,1,High Intent,hybrid,0.7
9890,9890,2,Low Engagement,hybrid,0.75
9891,9891,4,Loyal Customer,hybrid,0.6
9892,9892,2,Low Engagement,hybrid,0.8
9893,9893,4,Loyal Customer,hybrid,0.8
9894,9894,4,Loyal Customer,hybrid,0.6
9895,9895,2,Low Engagement,hybrid,0.6
9896,9896,2,Low Engagement,hybrid,0.8
9897,9897,3,Price Sensitive,hybrid,0.8
9898,9898,2,Low Engagement,hybrid,0.6
9899,9899,4,Loyal Customer,hybrid,0.6
9900,9900,4,Loyal Customer,hybrid,0.6
9901,9901,2,Low Engagement,hybrid,0.75
9902,9902,2,Low Engagement,hybrid,0.8
9903,9903,3,Price Sensitive,hybrid,0.6
9904,9904,3,Price Sensitive,hybrid,0.7
9905,9905,1,High Intent,hybrid,0.7
9906,9906,3,Price Sensitive,hybrid,0.7
9907,9907,3,Price Sensitive,hybrid,0.95
9908,9908,1,High Intent,hybrid,0.95
9909,9909,2,Low Engagement,hybrid,0.6
9910,9910,1,High Intent,hybrid,0.6
9911,9911,3,Price Sensitive,hybrid,0.8
9912,9912,1,High Intent,hybrid,0.6
9913,9913,1,High Intent,hybrid,0.7
9914,9914,2,Low Engagement,hybrid,0.6
9915,9915,3,Price Sensitive,hybrid,0.8
9916,9916,3,Price Sensitive,hybrid,0.75
9917,9917,2,Low Engagement,hybrid,0.6
9918,9918,3,Price Sensitive,hybrid,0.8
9919,9919,3,Price Sensitive,hybrid,0.8
9920,9920,2,Low Engagement,hybrid,0.6
9921,9921,4,Loyal Customer,hybrid,0.7
9922,9922,1,High Intent,hybrid,0.95
9923,9923,1,High Intent,hybrid,0.75
9924,9924,2,Low Engagement,hybrid,0.75
9925,9925,3,Price Sensitive,hybrid,0.6
9926,9926,2,Low Engagement,hybrid,0.6
9927,9927,1,High Intent,hybrid,0.6
9928,9928,3,Price Sensitive,hybrid,0.7
9929,9929,3,Price Sensitive,hybrid,0.75
9930,9930,2,Low Engagement,hybrid,0.6
9931,9931,2,Low Engagement,hybrid,0.6
9932,9932,2,Low Engagement,hybrid,0.6
9933,9933,2,Low Engagement,hybrid,0.6
9934,9934,4,Loyal Customer,hybrid,0.6
9935,9935,1,High Intent,hybrid,0.75
9936,9936,3,Price Sensitive,hybrid,0.7
9937,9937,1,High Intent,hybrid,0.6
9938,9938,1,High Intent,hybrid,0.7
9939,9939,3,Price Sensitive,hybrid,0.7
9940,9940,3,Price Sensitive,hybrid,0.8
9941,9941,2,Low Engagement,hybrid,0.6
9942,9942,2,Low Engagement,hybrid,0.6
9943,9943,1,High Intent,hybrid,0.7
9944,9944,1,High Intent,hybrid,0.7
9945,9945,4,Loyal Customer,hybrid,0.7
9946,9946,1,High Intent,hybrid,0.6
9947,9947,1,High Intent,hybrid,0.7
9948,9948,1,High Intent,hybrid,0.7
9949,9949,5,New Cold User,hybrid,0.65
9950,9950,1,High Intent,hybrid,0.7
9951,9951,2,Low Engagement,hybrid,0.6
9952,9952,2,Low Engagement,hybrid,0.6
9953,9953,3,Price Sensitive,hybrid,0.6
9954,9954,4,Loyal Customer,hybrid,0.6
9955,9955,4,Loyal Customer,hybrid,0.8
9956,9956,3,Price Sensitive,hybrid,0.95
9957,9957,2,Low Engagement,hybrid,0.6
9958,9958,3,Price Sensitive,hybrid,0.7
9959,9959,4,Loyal Customer,hybrid,0.7
9960,9960,1,High Intent,hybrid,0.7
9961,9961,4,Loyal Customer,hybrid,0.8
9962,9962,2,Low Engagement,hybrid,0.6
9963,9963,2,Low Engagement,hybrid,0.75
9964,9964,2,Low Engagement,hybrid,0.75
9965,9965,4,Loyal Customer,hybrid,0.75
9966,9966,3,Price Sensitive,hybrid,0.7
9967,9967,4,Loyal Customer,hybrid,0.6
9968,9968,1,High Intent,hybrid,0.95
9969,9969,2,Low Engagement,hybrid,0.6
9970,9970,4,Loyal Customer,hybrid,0.6
9971,9971,3,Price Sensitive,hybrid,0.8
9972,9972,4,Loyal Customer,hybrid,0.6
9973,9973,2,Low Engagement,hybrid,0.75
9974,9974,2,Low Engagement,hybrid,0.6
9975,9975,2,Low Engagement,hybrid,0.6
9976,9976,1,High Intent,hybrid,0.6
9977,9977,5,New Cold User,hybrid,0.65
9978,9978,2,Low Engagement,hybrid,0.75
9979,9979,2,Low Engagement,hybrid,0.6
9980,9980,4,Loyal Customer,hybrid,0.6
9981,9981,1,High Intent,hybrid,0.7
9982,9982,4,Loyal Customer,hybrid,0.6
9983,9983,1,High Intent,hybrid,0.6
9984,9984,1,High Intent,hybrid,0.7
9985,9985,4,Loyal Customer,hybrid,0.6
9986,9986,1,High Intent,hybrid,0.7
9987,9987,1,High Intent,hybrid,0.7
9988,9988,1,High Intent,hybrid,0.7
9989,9989,2,Low Engagement,hybrid,0.8
9990,9990,4,Loyal Customer,hybrid,0.6
9991,9991,4,Loyal Customer,hybrid,0.7
9992,9992,3,Price Sensitive,hybrid,0.75
9993,9993,2,Low Engagement,hybrid,0.7
9994,9994,4,Loyal Customer,hybrid,0.6
9995,9995,2,Low Engagement,hybrid,0.6
9996,9996,2,Low Engagement,hybrid,0.7
9997,9997,4,Loyal Customer,hybrid,0.7
9998,9998,1,High Intent,hybrid,0.75
9999,9999,2,Low Engagement,hybrid,0.75
10000,10000,4,Loyal Customer,hybrid,0.6
10001,10001,4,Loyal Customer,hybrid,0.6
10002,10002,4,Loyal Customer,hybrid,0.6
10003,10003,2,Low Engagement,hybrid,0.7
10004,10004,4,Loyal Customer,hybrid,0.6
10005,10005,2,Low Engagement,hybrid,0.75
10006,10006,3,Price Sensitive,hybrid,0.7
10007,10007,1,High Intent,hybrid,0.75
10008,10008,4,Loyal Customer,hybrid,0.6
10009,10009,5,New Cold User,hybrid,0.65
10010,10010,1,High Intent,hybrid,0.7
10011,10011,4,Loyal Customer,hybrid,0.6
10012,10012,1,High Intent,hybrid,0.7
10013,10013,4,Loyal Customer,hybrid,0.6
10014,10014,5,New Cold User,hybrid,0.65
10015,10015,3,Price Sensitive,hybrid,0.7
10016,10016,3,Price Sensitive,hybrid,0.6
10017,10017,1,High Intent,hybrid,0.75
10018,10018,1,High Intent,hybrid,0.75
10019,10019,3,Price Sensitive,hybrid,0.8
10020,10020,1,High Intent,hybrid,0.6
10021,10021,2,Low Engagement,hybrid,0.6
10022,10022,1,High Intent,hybrid,0.75
10023,10023,2,Low Engagement,hybrid,0.7
10024,10024,4,Loyal Customer,hybrid,0.95
10025,10025,4,Loyal Customer,hybrid,0.75
10026,10026,2,Low Engagement,hybrid,0.75
10027,10027,3,Price Sensitive,hybrid,0.8
10028,10028,4,Loyal Customer,hybrid,0.7
10029,10029,2,Low Engagement,hybrid,0.6
10030,10030,3,Price Sensitive,hybrid,0.7
10031,10031,1,High Intent,hybrid,0.6
10032,10032,1,High Intent,hybrid,0.7
10033,10033,2,Low Engagement,hybrid,0.8
10034,10034,3,Price Sensitive,hybrid,0.75
10035,10035,2,Low Engagement,hybrid,0.6
10036,10036,1,High Intent,hybrid,0.75
10037,10037,3,Price Sensitive,hybrid,0.95
10038,10038,4,Loyal Customer,hybrid,0.6
10039,10039,2,Low Engagement,hybrid,0.8
10040,10040,2,Low Engagement,hybrid,0.6
10041,10041,4,Loyal Customer,hybrid,0.6
10042,10042,3,Price Sensitive,hybrid,0.6
10043,10043,2,Low Engagement,hybrid,0.6
10044,10044,3,Price Sensitive,hybrid,0.75
10045,10045,3,Price Sensitive,hybrid,0.75
10046,10046,4,Loyal Customer,hybrid,0.6
10047,10047,3,Price Sensitive,hybrid,0.95
10048,10048,4,Loyal Customer,hybrid,0.7
10049,10049,4,Loyal Customer,hybrid,0.6
10050,10050,4,Loyal Customer,hybrid,0.6
10051,10051,4,Loyal Customer,hybrid,0.7
10052,10052,1,High Intent,hybrid,0.7
10053,10053,3,Price Sensitive,hybrid,0.75
10054,10054,2,Low Engagement,hybrid,0.6
10055,10055,4,Loyal Customer,hybrid,0.6
10056,10056,1,High Intent,hybrid,0.75
10057,10057,2,Low Engagement,hybrid,0.75
10058,10058,2,Low Engagement,hybrid,0.8
10059,10059,2,Low Engagement,hybrid,0.6
10060,10060,2,Low Engagement,hybrid,0.6
10061,10061,4,Loyal Customer,hybrid,0.75
10062,10062,3,Price Sensitive,hybrid,0.8
10063,10063,2,Low Engagement,hybrid,0.8
10064,10064,3,Price Sensitive,hybrid,0.7
10065,10065,4,Loyal Customer,hybrid,0.75
10066,10066,4,Loyal Customer,hybrid,0.7
10067,10067,1,High Intent,hybrid,0.7
10068,10068,4,Loyal Customer,hybrid,0.6
10069,10069,2,Low Engagement,hybrid,0.8
10070,10070,2,Low Engagement,hybrid,0.6
10071,10071,4,Loyal Customer,hybrid,0.6
10072,10072,3,Price Sensitive,hybrid,0.6
10073,10073,1,High Intent,hybrid,0.7
10074,10074,2,Low Engagement,hybrid,0.6
10075,10075,4,Loyal Customer,hybrid,0.6
10076,10076,5,New Cold User,hybrid,0.65
10077,10077,3,Price Sensitive,hybrid,0.6
10078,10078,4,Loyal Customer,hybrid,0.7
10079,10079,4,Loyal Customer,hybrid,0.8
10080,10080,3,Price Sensitive,hybrid,0.8
10081,10081,3,Price Sensitive,hybrid,0.8
10082,10082,1,High Intent,hybrid,0.75
10083,10083,2,Low Engagement,hybrid,0.6
10084,10084,2,Low Engagement,hybrid,0.75
10085,10085,3,Price Sensitive,hybrid,0.6
10086,10086,2,Low Engagement,hybrid,0.75
10087,10087,3,Price Sensitive,hybrid,0.75
10088,10088,3,Price Sensitive,hybrid,0.6
10089,10089,1,High Intent,hybrid,0.75
10090,10090,3,Price Sensitive,hybrid,0.6
10091,10091,2,Low Engagement,hybrid,0.6
10092,10092,2,Low Engagement,hybrid,0.6
10093,10093,4,Loyal Customer,hybrid,0.8
10094,10094,3,Price Sensitive,hybrid,0.6
10095,10095,3,Price Sensitive,hybrid,0.75
10096,10096,4,Loyal Customer,hybrid,0.8
10097,10097,4,Loyal Customer,hybrid,0.8
10098,10098,4,Loyal Customer,hybrid,0.6
10099,10099,4,Loyal Customer,hybrid,0.6
10100,10100,4,Loyal Customer,hybrid,0.6
10101,10101,3,Price Sensitive,hybrid,0.6
10102,10102,3,Price Sensitive,hybrid,0.75
10103,10103,4,Loyal Customer,hybrid,0.6
10104,10104,2,Low Engagement,hybrid,0.6
10105,10105,2,Low Engagement,hybrid,0.95
10106,10106,3,Price Sensitive,hybrid,0.7
10107,10107,1,High Intent,hybrid,0.7
10108,10108,4,Loyal Customer,hybrid,0.8
10109,10109,4,Loyal Customer,hybrid,0.95
10110,10110,1,High Intent,hybrid,0.7
10111,10111,2,Low Engagement,hybrid,0.6
10112,10112,4,Loyal Customer,hybrid,0.6
10113,10113,2,Low Engagement,hybrid,0.6
10114,10114,2,Low Engagement,hybrid,0.6
10115,10115,4,Loyal Customer,hybrid,0.7
10116,10116,2,Low Engagement,hybrid,0.75
10117,10117,2,Low Engagement,hybrid,0.6
10118,10118,1,High Intent,hybrid,0.7
10119,10119,4,Loyal Customer,hybrid,0.8
10120,10120,3,Price Sensitive,hybrid,0.7
10121,10121,2,Low Engagement,hybrid,0.6
10122,10122,2,Low Engagement,hybrid,0.6
10123,10123,2,Low Engagement,hybrid,0.75
10124,10124,2,Low Engagement,hybrid,0.75
10125,10125,2,Low Engagement,hybrid,0.6
10126,10126,4,Loyal Customer,hybrid,0.8
10127,10127,1,High Intent,hybrid,0.7
10128,10128,2,Low Engagement,hybrid,0.6
10129,10129,4,Loyal Customer,hybrid,0.6
10130,10130,2,Low Engagement,hybrid,0.75
10131,10131,2,Low Engagement,hybrid,0.75
10132,10132,1,High Intent,hybrid,0.6
10133,10133,3,Price Sensitive,hybrid,0.6
10134,10134,2,Low Engagement,hybrid,0.6
10135,10135,1,High Intent,hybrid,0.6
10136,10136,5,New Cold User,hybrid,0.65
10137,10137,2,Low Engagement,hybrid,0.6
10138,10138,4,Loyal Customer,hybrid,0.75
10139,10139,4,Loyal Customer,hybrid,0.8
10140,10140,4,Loyal Customer,hybrid,0.8
10141,10141,1,High Intent,hybrid,0.75
10142,10142,3,Price Sensitive,hybrid,0.6
10143,10143,2,Low Engagement,hybrid,0.6
10144,10144,3,Price Sensitive,hybrid,0.75
10145,10145,3,Price Sensitive,hybrid,0.7
10146,10146,2,Low Engagement,hybrid,0.6
10147,10147,2,Low Engagement,hybrid,0.6
10148,10148,3,Price Sensitive,hybrid,0.8
10149,10149,1,High Intent,hybrid,0.75
10150,10150,2,Low Engagement,hybrid,0.8
10151,10151,2,Low Engagement,hybrid,0.6
10152,10152,1,High Intent,hybrid,0.75
10153,10153,2,Low Engagement,hybrid,0.6
10154,10154,4,Loyal Customer,hybrid,0.6
10155,10155,3,Price Sensitive,hybrid,0.8
10156,10156,3,Price Sensitive,hybrid,0.8
10157,10157,1,High Intent,hybrid,0.7
10158,10158,4,Loyal Customer,hybrid,0.7
10159,10159,4,Loyal Customer,hybrid,0.7
10160,10160,2,Low Engagement,hybrid,0.6
10161,10161,2,Low Engagement,hybrid,0.6
10162,10162,2,Low Engagement,hybrid,0.75
10163,10163,2,Low Engagement,hybrid,0.6
10164,10164,4,Loyal Customer,hybrid,0.8
10165,10165,1,High Intent,hybrid,0.75
10166,10166,1,High Intent,hybrid,0.95
10167,10167,2,Low Engagement,hybrid,0.7
10168,10168,3,Price Sensitive,hybrid,0.6
10169,10169,1,High Intent,hybrid,0.8
10170,10170,1,High Intent,hybrid,0.6
10171,10171,2,Low Engagement,hybrid,0.6
10172,10172,2,Low Engagement,hybrid,0.6
10173,10173,2,Low Engagement,hybrid,0.6
10174,10174,1,High Intent,hybrid,0.75
10175,10175,3,Price Sensitive,hybrid,0.6
10176,10176,3,Price Sensitive,hybrid,0.6
10177,10177,3,Price Sensitive,hybrid,0.95
10178,10178,4,Loyal Customer,hybrid,0.7
10179,10179,1,High Intent,hybrid,0.6
10180,10180,4,Loyal Customer,hybrid,0.6
10181,10181,1,High Intent,hybrid,0.7
10182,10182,3,Price Sensitive,hybrid,0.7
10183,10183,4,Loyal Customer,hybrid,0.75
10184,10184,3,Price Sensitive,hybrid,0.75
10185,10185,2,Low Engagement,hybrid,0.8
10186,10186,4,Loyal Customer,hybrid,0.7
10187,10187,4,Loyal Customer,hybrid,0.6
10188,10188,4,Loyal Customer,hybrid,0.8
10189,10189,4,Loyal Customer,hybrid,0.6
10190,10190,1,High Intent,hybrid,0.75
10191,10191,2,Low Engagement,hybrid,0.75
10192,10192,4,Loyal Customer,hybrid,0.6
10193,10193,1,High Intent,hybrid,0.7
10194,10194,3,Price Sensitive,hybrid,0.7
10195,10195,5,New Cold User,hybrid,0.65
10196,10196,2,Low Engagement,hybrid,0.6
10197,10197,2,Low Engagement,hybrid,0.75
10198,10198,4,Loyal Customer,hybrid,0.95
10199,10199,2,Low Engagement,hybrid,0.75
10200,10200,4,Loyal Customer,hybrid,0.8
10201,10201,3,Price Sensitive,hybrid,0.75
10202,10202,4,Loyal Customer,hybrid,0.6
10203,10203,1,High Intent,hybrid,0.8
10204,10204,2,Low Engagement,hybrid,0.75
10205,10205,3,Price Sensitive,hybrid,0.7
10206,10206,4,Loyal Customer,hybrid,0.6
10207,10207,2,Low Engagement,hybrid,0.7
10208,10208,4,Loyal Customer,hybrid,0.8
10209,10209,4,Loyal Customer,hybrid,0.6
10210,10210,1,High Intent,hybrid,0.6
10211,10211,4,Loyal Customer,hybrid,0.6
10212,10212,3,Price Sensitive,hybrid,0.95
10213,10213,2,Low Engagement,hybrid,0.6
10214,10214,2,Low Engagement,hybrid,0.6
10215,10215,3,Price Sensitive,hybrid,0.6
10216,10216,4,Loyal Customer,hybrid,0.75
10217,10217,1,High Intent,hybrid,0.75
10218,10218,2,Low Engagement,hybrid,0.75
10219,10219,2,Low Engagement,hybrid,0.7
10220,10220,2,Low Engagement,hybrid,0.75
10221,10221,2,Low Engagement,hybrid,0.75
10222,10222,1,High Intent,hybrid,0.7
10223,10223,2,Low Engagement,hybrid,0.75
10224,10224,1,High Intent,hybrid,0.7
10225,10225,2,Low Engagement,hybrid,0.6
10226,10226,3,Price Sensitive,hybrid,0.75
10227,10227,1,High Intent,hybrid,0.75
10228,10228,1,High Intent,hybrid,0.75
10229,10229,3,Price Sensitive,hybrid,0.75
10230,10230,2,Low Engagement,hybrid,0.6
10231,10231,3,Price Sensitive,hybrid,0.8
10232,10232,2,Low Engagement,hybrid,0.6
10233,10233,3,Price Sensitive,hybrid,0.95
10234,10234,4,Loyal Customer,hybrid,0.75
10235,10235,4,Loyal Customer,hybrid,0.7
10236,10236,2,Low Engagement,hybrid,0.6
10237,10237,2,Low Engagement,hybrid,0.6
10238,10238,4,Loyal Customer,hybrid,0.6
10239,10239,2,Low Engagement,hybrid,0.6
10240,10240,4,Loyal Customer,hybrid,0.6
10241,10241,2,Low Engagement,hybrid,0.8
10242,10242,4,Loyal Customer,hybrid,0.6
10243,10243,1,High Intent,hybrid,0.7
10244,10244,2,Low Engagement,hybrid,0.7
10245,10245,2,Low Engagement,hybrid,0.75
10246,10246,4,Loyal Customer,hybrid,0.6
10247,10247,4,Loyal Customer,hybrid,0.7
10248,10248,2,Low Engagement,hybrid,0.8
10249,10249,2,Low Engagement,hybrid,0.6
10250,10250,4,Loyal Customer,hybrid,0.75
10251,10251,2,Low Engagement,hybrid,0.6
10252,10252,2,Low Engagement,hybrid,0.6
10253,10253,2,Low Engagement,hybrid,0.8
10254,10254,4,Loyal Customer,hybrid,0.7
10255,10255,1,High Intent,hybrid,0.6
10256,10256,2,Low Engagement,hybrid,0.7
10257,10257,3,Price Sensitive,hybrid,0.6
10258,10258,3,Price Sensitive,hybrid,0.6
10259,10259,1,High Intent,hybrid,0.6
10260,10260,4,Loyal Customer,hybrid,0.75
10261,10261,4,Loyal Customer,hybrid,0.8
10262,10262,2,Low Engagement,hybrid,0.75
10263,10263,3,Price Sensitive,hybrid,0.6
10264,10264,4,Loyal Customer,hybrid,0.6
10265,10265,4,Loyal Customer,hybrid,0.6
10266,10266,4,Loyal Customer,hybrid,0.7
10267,10267,4,Loyal Customer,hybrid,0.6
10268,10268,3,Price Sensitive,hybrid,0.95
10269,10269,4,Loyal Customer,hybrid,0.6
10270,10270,1,High Intent,hybrid,0.6
10271,10271,3,Price Sensitive,hybrid,0.6
10272,10272,2,Low Engagement,hybrid,0.6
10273,10273,3,Price Sensitive,hybrid,0.6
10274,10274,2,Low Engagement,hybrid,0.6
10275,10275,1,High Intent,hybrid,0.95
10276,10276,1,High Intent,hybrid,0.7
10277,10277,1,High Intent,hybrid,0.7
10278,10278,2,Low Engagement,hybrid,0.75
10279,10279,3,Price Sensitive,hybrid,0.7
10280,10280,3,Price Sensitive,hybrid,0.8
10281,10281,1,High Intent,hybrid,0.7
10282,10282,1,High Intent,hybrid,0.6
10283,10283,1,High Intent,hybrid,0.6
10284,10284,1,High Intent,hybrid,0.6
10285,10285,1,High Intent,hybrid,0.6
10286,10286,3,Price Sensitive,hybrid,0.75
10287,10287,4,Loyal Customer,hybrid,0.8
10288,10288,2,Low Engagement,hybrid,0.8
10289,10289,3,Price Sensitive,hybrid,0.7
10290,10290,2,Low Engagement,hybrid,0.6
10291,10291,1,High Intent,hybrid,0.75
10292,10292,2,Low Engagement,hybrid,0.6
10293,10293,4,Loyal Customer,hybrid,0.6
10294,10294,2,Low Engagement,hybrid,0.75
10295,10295,4,Loyal Customer,hybrid,0.6
10296,10296,1,High Intent,hybrid,0.7
10297,10297,2,Low Engagement,hybrid,0.7
10298,10298,4,Loyal Customer,hybrid,0.6
10299,10299,4,Loyal Customer,hybrid,0.8
10300,10300,1,High Intent,hybrid,0.6
10301,10301,3,Price Sensitive,hybrid,0.75
10302,10302,4,Loyal Customer,hybrid,0.6
10303,10303,1,High Intent,hybrid,0.75
10304,10304,4,Loyal Customer,hybrid,0.6
10305,10305,1,High Intent,hybrid,0.7
10306,10306,4,Loyal Customer,hybrid,0.6
10307,10307,1,High Intent,hybrid,0.6
10308,10308,2,Low Engagement,hybrid,0.6
10309,10309,3,Price Sensitive,hybrid,0.75
10310,10310,2,Low Engagement,hybrid,0.7
10311,10311,3,Price Sensitive,hybrid,0.95
10312,10312,1,High Intent,hybrid,0.8
10313,10313,2,Low Engagement,hybrid,0.6
10314,10314,3,Price Sensitive,hybrid,0.8
10315,10315,3,Price Sensitive,hybrid,0.7
10316,10316,2,Low Engagement,hybrid,0.8
10317,10317,3,Price Sensitive,hybrid,0.75
10318,10318,4,Loyal Customer,hybrid,0.6
10319,10319,5,New Cold User,hybrid,0.65
10320,10320,4,Loyal Customer,hybrid,0.6
10321,10321,1,High Intent,hybrid,0.7
10322,10322,4,Loyal Customer,hybrid,0.6
10323,10323,4,Loyal Customer,hybrid,0.8
10324,10324,5,New Cold User,hybrid,0.65
10325,10325,2,Low Engagement,hybrid,0.6
10326,10326,4,Loyal Customer,hybrid,0.95
10327,10327,1,High Intent,hybrid,0.6
10328,10328,1,High Intent,hybrid,0.95
10329,10329,1,High Intent,hybrid,0.7
10330,10330,4,Loyal Customer,hybrid,0.6
10331,10331,4,Loyal Customer,hybrid,0.95
10332,10332,2,Low Engagement,hybrid,0.6
10333,10333,1,High Intent,hybrid,0.6
10334,10334,1,High Intent,hybrid,0.6
10335,10335,3,Price Sensitive,hybrid,0.95
10336,10336,3,Price Sensitive,hybrid,0.8
10337,10337,2,Low Engagement,hybrid,0.6
10338,10338,4,Loyal Customer,hybrid,0.6
10339,10339,4,Loyal Customer,hybrid,0.6
10340,10340,2,Low Engagement,hybrid,0.75
10341,10341,4,Loyal Customer,hybrid,0.75
10342,10342,2,Low Engagement,hybrid,0.6
10343,10343,1,High Intent,hybrid,0.7
10344,10344,5,New Cold User,hybrid,0.65
10345,10345,4,Loyal Customer,hybrid,0.7
10346,10346,4,Loyal Customer,hybrid,0.6
10347,10347,1,High Intent,hybrid,0.7
10348,10348,3,Price Sensitive,hybrid,0.6
10349,10349,2,Low Engagement,hybrid,0.6
10350,10350,4,Loyal Customer,hybrid,0.8
10351,10351,2,Low Engagement,hybrid,0.75
10352,10352,5,New Cold User,hybrid,0.65
10353,10353,1,High Intent,hybrid,0.7
10354,10354,3,Price Sensitive,hybrid,0.75
10355,10355,2,Low Engagement,hybrid,0.6
10356,10356,1,High Intent,hybrid,0.75
10357,10357,2,Low Engagement,hybrid,0.75
10358,10358,2,Low Engagement,hybrid,0.6
10359,10359,2,Low Engagement,hybrid,0.75
10360,10360,2,Low Engagement,hybrid,0.6
10361,10361,4,Loyal Customer,hybrid,0.95
10362,10362,3,Price Sensitive,hybrid,0.8
10363,10363,4,Loyal Customer,hybrid,0.7
10364,10364,1,High Intent,hybrid,0.75
10365,10365,3,Price Sensitive,hybrid,0.7
10366,10366,4,Loyal Customer,hybrid,0.6
10367,10367,3,Price Sensitive,hybrid,0.7
10368,10368,2,Low Engagement,hybrid,0.6
10369,10369,1,High Intent,hybrid,0.75
10370,10370,2,Low Engagement,hybrid,0.6
10371,10371,5,New Cold User,hybrid,0.65
10372,10372,4,Loyal Customer,hybrid,0.6
10373,10373,1,High Intent,hybrid,0.7
10374,10374,4,Loyal Customer,hybrid,0.6
10375,10375,4,Loyal Customer,hybrid,0.6
10376,10376,4,Loyal Customer,hybrid,0.6
10377,10377,1,High Intent,hybrid,0.75
10378,10378,1,High Intent,hybrid,0.7
10379,10379,3,Price Sensitive,hybrid,0.8
10380,10380,1,High Intent,hybrid,0.7
10381,10381,4,Loyal Customer,hybrid,0.6
10382,10382,2,Low Engagement,hybrid,0.6
10383,10383,3,Price Sensitive,hybrid,0.8
10384,10384,2,Low Engagement,hybrid,0.6
10385,10385,3,Price Sensitive,hybrid,0.75
10386,10386,2,Low Engagement,hybrid,0.6
10387,10387,4,Loyal Customer,hybrid,0.7
10388,10388,4,Loyal Customer,hybrid,0.75
10389,10389,3,Price Sensitive,hybrid,0.75
10390,10390,2,Low Engagement,hybrid,0.6
10391,10391,2,Low Engagement,hybrid,0.6
10392,10392,2,Low Engagement,hybrid,0.75
10393,10393,4,Loyal Customer,hybrid,0.6
10394,10394,4,Loyal Customer,hybrid,0.6
10395,10395,2,Low Engagement,hybrid,0.6
10396,10396,2,Low Engagement,hybrid,0.6
10397,10397,2,Low Engagement,hybrid,0.75
10398,10398,3,Price Sensitive,hybrid,0.8
10399,10399,3,Price Sensitive,hybrid,0.7
10400,10400,4,Loyal Customer,hybrid,0.6
10401,10401,1,High Intent,hybrid,0.6
10402,10402,2,Low Engagement,hybrid,0.8
10403,10403,4,Loyal Customer,hybrid,0.95
10404,10404,2,Low Engagement,hybrid,0.6
10405,10405,2,Low Engagement,hybrid,0.75
10406,10406,4,Loyal Customer,hybrid,0.6
10407,10407,2,Low Engagement,hybrid,0.6
10408,10408,2,Low Engagement,hybrid,0.6
10409,10409,2,Low Engagement,hybrid,0.75
10410,10410,2,Low Engagement,hybrid,0.75
10411,10411,2,Low Engagement,hybrid,0.75
10412,10412,2,Low Engagement,hybrid,0.7
10413,10413,1,High Intent,hybrid,0.7
10414,10414,1,High Intent,hybrid,0.7
10415,10415,3,Price Sensitive,hybrid,0.7
10416,10416,3,Price Sensitive,hybrid,0.8
10417,10417,1,High Intent,hybrid,0.7
10418,10418,2,Low Engagement,hybrid,0.6
10419,10419,4,Loyal Customer,hybrid,0.8
10420,10420,4,Loyal Customer,hybrid,0.6
10421,10421,2,Low Engagement,hybrid,0.75
10422,10422,2,Low Engagement,hybrid,0.6
10423,10423,2,Low Engagement,hybrid,0.6
10424,10424,2,Low Engagement,hybrid,0.75
10425,10425,2,Low Engagement,hybrid,0.6
10426,10426,4,Loyal Customer,hybrid,0.6
10427,10427,3,Price Sensitive,hybrid,0.95
10428,10428,2,Low Engagement,hybrid,0.8
10429,10429,3,Price Sensitive,hybrid,0.75
10430,10430,3,Price Sensitive,hybrid,0.6
10431,10431,3,Price Sensitive,hybrid,0.6
10432,10432,4,Loyal Customer,hybrid,0.7
10433,10433,2,Low Engagement,hybrid,0.6
10434,10434,2,Low Engagement,hybrid,0.6
10435,10435,4,Loyal Customer,hybrid,0.8
10436,10436,3,Price Sensitive,hybrid,0.6
10437,10437,4,Loyal Customer,hybrid,0.95
10438,10438,1,High Intent,hybrid,0.8
10439,10439,4,Loyal Customer,hybrid,0.7
10440,10440,5,New Cold User,hybrid,0.65
10441,10441,2,Low Engagement,hybrid,0.6
10442,10442,1,High Intent,hybrid,0.7
10443,10443,1,High Intent,hybrid,0.75
10444,10444,2,Low Engagement,hybrid,0.6
10445,10445,4,Loyal Customer,hybrid,0.8
10446,10446,4,Loyal Customer,hybrid,0.95
10447,10447,2,Low Engagement,hybrid,0.6
10448,10448,1,High Intent,hybrid,0.75
10449,10449,1,High Intent,hybrid,0.6
10450,10450,1,High Intent,hybrid,0.7
10451,10451,3,Price Sensitive,hybrid,0.6
10452,10452,1,High Intent,hybrid,0.7
10453,10453,1,High Intent,hybrid,0.75
10454,10454,3,Price Sensitive,hybrid,0.6
10455,10455,5,New Cold User,hybrid,0.65
10456,10456,4,Loyal Customer,hybrid,0.6
10457,10457,3,Price Sensitive,hybrid,0.75
10458,10458,3,Price Sensitive,hybrid,0.8
10459,10459,4,Loyal Customer,hybrid,0.6
10460,10460,2,Low Engagement,hybrid,0.6
10461,10461,2,Low Engagement,hybrid,0.6
10462,10462,2,Low Engagement,hybrid,0.6
10463,10463,3,Price Sensitive,hybrid,0.8
10464,10464,4,Loyal Customer,hybrid,0.6
10465,10465,4,Loyal Customer,hybrid,0.7
10466,10466,1,High Intent,hybrid,0.95
10467,10467,1,High Intent,hybrid,0.7
10468,10468,2,Low Engagement,hybrid,0.75
10469,10469,1,High Intent,hybrid,0.75
10470,10470,2,Low Engagement,hybrid,0.6
10471,10471,4,Loyal Customer,hybrid,0.95
10472,10472,2,Low Engagement,hybrid,0.75
10473,10473,4,Loyal Customer,hybrid,0.8
10474,10474,2,Low Engagement,hybrid,0.6
10475,10475,2,Low Engagement,hybrid,0.6
10476,10476,4,Loyal Customer,hybrid,0.6
10477,10477,1,High Intent,hybrid,0.95
10478,10478,2,Low Engagement,hybrid,0.75
10479,10479,3,Price Sensitive,hybrid,0.6
10480,10480,1,High Intent,hybrid,0.75
10481,10481,2,Low Engagement,hybrid,0.6
10482,10482,3,Price Sensitive,hybrid,0.75
10483,10483,2,Low Engagement,hybrid,0.6
10484,10484,2,Low Engagement,hybrid,0.6
10485,10485,1,High Intent,hybrid,0.6
10486,10486,3,Price Sensitive,hybrid,0.7
10487,10487,2,Low Engagement,hybrid,0.6
10488,10488,4,Loyal Customer,hybrid,0.6
10489,10489,4,Loyal Customer,hybrid,0.8
10490,10490,1,High Intent,hybrid,0.7
10491,10491,2,Low Engagement,hybrid,0.75
10492,10492,4,Loyal Customer,hybrid,0.75
10493,10493,4,Loyal Customer,hybrid,0.75
10494,10494,2,Low Engagement,hybrid,0.75
10495,10495,1,High Intent,hybrid,0.7
10496,10496,2,Low Engagement,hybrid,0.75
10497,10497,4,Loyal Customer,hybrid,0.6
10498,10498,4,Loyal Customer,hybrid,0.6
10499,10499,2,Low Engagement,hybrid,0.8
10500,10500,3,Price Sensitive,hybrid,0.7
10501,10501,2,Low Engagement,hybrid,0.6
10502,10502,2,Low Engagement,hybrid,0.75
10503,10503,1,High Intent,hybrid,0.7
10504,10504,4,Loyal Customer,hybrid,0.75
10505,10505,1,High Intent,hybrid,0.7
10506,10506,1,High Intent,hybrid,0.95
10507,10507,1,High Intent,hybrid,0.75
10508,10508,1,High Intent,hybrid,0.7
10509,10509,3,Price Sensitive,hybrid,0.75
10510,10510,2,Low Engagement,hybrid,0.6
10511,10511,4,Loyal Customer,hybrid,0.95
10512,10512,2,Low Engagement,hybrid,0.6
10513,10513,4,Loyal Customer,hybrid,0.6
10514,10514,2,Low Engagement,hybrid,0.6
10515,10515,1,High Intent,hybrid,0.7
10516,10516,1,High Intent,hybrid,0.7
10517,10517,1,High Intent,hybrid,0.75
10518,10518,1,High Intent,hybrid,0.95
10519,10519,5,New Cold User,hybrid,0.65
10520,10520,2,Low Engagement,hybrid,0.6
10521,10521,4,Loyal Customer,hybrid,0.6
10522,10522,2,Low Engagement,hybrid,0.8
10523,10523,1,High Intent,hybrid,0.6
10524,10524,3,Price Sensitive,hybrid,0.95
10525,10525,1,High Intent,hybrid,0.7
10526,10526,1,High Intent,hybrid,0.7
10527,10527,1,High Intent,hybrid,0.7
10528,10528,1,High Intent,hybrid,0.7
10529,10529,1,High Intent,hybrid,0.7
10530,10530,1,High Intent,hybrid,0.7
10531,10531,2,Low Engagement,hybrid,0.6
10532,10532,3,Price Sensitive,hybrid,0.7
10533,10533,2,Low Engagement,hybrid,0.6
10534,10534,2,Low Engagement,hybrid,0.6
10535,10535,3,Price Sensitive,hybrid,0.6
10536,10536,3,Price Sensitive,hybrid,0.7
10537,10537,1,High Intent,hybrid,0.7
10538,10538,2,Low Engagement,hybrid,0.6
10539,10539,2,Low Engagement,hybrid,0.6
10540,10540,1,High Intent,hybrid,0.7
10541,10541,2,Low Engagement,hybrid,0.75
10542,10542,4,Loyal Customer,hybrid,0.6
10543,10543,3,Price Sensitive,hybrid,0.75
10544,10544,4,Loyal Customer,hybrid,0.7
10545,10545,2,Low Engagement,hybrid,0.6
10546,10546,4,Loyal Customer,hybrid,0.75
10547,10547,3,Price Sensitive,hybrid,0.7
10548,10548,2,Low Engagement,hybrid,0.6
10549,10549,2,Low Engagement,hybrid,0.6
10550,10550,4,Loyal Customer,hybrid,0.6
10551,10551,2,Low Engagement,hybrid,0.6
10552,10552,3,Price Sensitive,hybrid,0.8
10553,10553,2,Low Engagement,hybrid,0.6
10554,10554,3,Price Sensitive,hybrid,0.75
10555,10555,4,Loyal Customer,hybrid,0.6
10556,10556,2,Low Engagement,hybrid,0.6
10557,10557,3,Price Sensitive,hybrid,0.75
10558,10558,1,High Intent,hybrid,0.8
10559,10559,4,Loyal Customer,hybrid,0.6
10560,10560,4,Loyal Customer,hybrid,0.7
10561,10561,1,High Intent,hybrid,0.7
10562,10562,4,Loyal Customer,hybrid,0.6
10563,10563,2,Low Engagement,hybrid,0.8
10564,10564,4,Loyal Customer,hybrid,0.6
10565,10565,2,Low Engagement,hybrid,0.6
10566,10566,3,Price Sensitive,hybrid,0.8
10567,10567,1,High Intent,hybrid,0.7
10568,10568,3,Price Sensitive,hybrid,0.7
10569,10569,3,Price Sensitive,hybrid,0.7
10570,10570,4,Loyal Customer,hybrid,0.6
10571,10571,2,Low Engagement,hybrid,0.6
10572,10572,2,Low Engagement,hybrid,0.8
10573,10573,1,High Intent,hybrid,0.75
10574,10574,2,Low Engagement,hybrid,0.75
10575,10575,4,Loyal Customer,hybrid,0.8
10576,10576,4,Loyal Customer,hybrid,0.6
10577,10577,2,Low Engagement,hybrid,0.75
10578,10578,2,Low Engagement,hybrid,0.8
10579,10579,3,Price Sensitive,hybrid,0.7
10580,10580,4,Loyal Customer,hybrid,0.8
10581,10581,3,Price Sensitive,hybrid,0.6
10582,10582,3,Price Sensitive,hybrid,0.8
10583,10583,2,Low Engagement,hybrid,0.6
10584,10584,2,Low Engagement,hybrid,0.7
10585,10585,4,Loyal Customer,hybrid,0.6
10586,10586,1,High Intent,hybrid,0.6
10587,10587,4,Loyal Customer,hybrid,0.6
10588,10588,4,Loyal Customer,hybrid,0.6
10589,10589,1,High Intent,hybrid,0.75
10590,10590,1,High Intent,hybrid,0.75
10591,10591,2,Low Engagement,hybrid,0.7
10592,10592,2,Low Engagement,hybrid,0.8
10593,10593,3,Price Sensitive,hybrid,0.7
10594,10594,1,High Intent,hybrid,0.7
10595,10595,2,Low Engagement,hybrid,0.6
10596,10596,3,Price Sensitive,hybrid,0.7
10597,10597,3,Price Sensitive,hybrid,0.75
10598,10598,2,Low Engagement,hybrid,0.6
10599,10599,1,High Intent,hybrid,0.7
10600,10600,4,Loyal Customer,hybrid,0.8
10601,10601,3,Price Sensitive,hybrid,0.6
10602,10602,5,New Cold User,hybrid,0.65
10603,10603,2,Low Engagement,hybrid,0.75
10604,10604,1,High Intent,hybrid,0.75
10605,10605,2,Low Engagement,hybrid,0.7
10606,10606,2,Low Engagement,hybrid,0.6
10607,10607,4,Loyal Customer,hybrid,0.6
10608,10608,2,Low Engagement,hybrid,0.8
10609,10609,2,Low Engagement,hybrid,0.7
10610,10610,4,Loyal Customer,hybrid,0.7
10611,10611,2,Low Engagement,hybrid,0.6
10612,10612,2,Low Engagement,hybrid,0.6
10613,10613,1,High Intent,hybrid,0.7
10614,10614,3,Price Sensitive,hybrid,0.75
10615,10615,2,Low Engagement,hybrid,0.6
10616,10616,2,Low Engagement,hybrid,0.6
10617,10617,2,Low Engagement,hybrid,0.75
10618,10618,4,Loyal Customer,hybrid,0.8
10619,10619,2,Low Engagement,hybrid,0.6
10620,10620,3,Price Sensitive,hybrid,0.7
10621,10621,2,Low Engagement,hybrid,0.6
10622,10622,4,Loyal Customer,hybrid,0.7
10623,10623,3,Price Sensitive,hybrid,0.6
10624,10624,4,Loyal Customer,hybrid,0.6
10625,10625,1,High Intent,hybrid,0.7
10626,10626,1,High Intent,hybrid,0.7
10627,10627,3,Price Sensitive,hybrid,0.6
10628,10628,3,Price Sensitive,hybrid,0.6
10629,10629,5,New Cold User,hybrid,0.65
10630,10630,4,Loyal Customer,hybrid,0.6
10631,10631,1,High Intent,hybrid,0.7
10632,10632,2,Low Engagement,hybrid,0.6
10633,10633,2,Low Engagement,hybrid,0.6
10634,10634,1,High Intent,hybrid,0.95
10635,10635,2,Low Engagement,hybrid,0.6
10636,10636,4,Loyal Customer,hybrid,0.6
10637,10637,4,Loyal Customer,hybrid,0.6
10638,10638,4,Loyal Customer,hybrid,0.8
10639,10639,2,Low Engagement,hybrid,0.8
10640,10640,1,High Intent,hybrid,0.75
10641,10641,3,Price Sensitive,hybrid,0.6
10642,10642,5,New Cold User,hybrid,0.65
10643,10643,2,Low Engagement,hybrid,0.6
10644,10644,2,Low Engagement,hybrid,0.8
10645,10645,2,Low Engagement,hybrid,0.75
10646,10646,4,Loyal Customer,hybrid,0.7
10647,10647,1,High Intent,hybrid,0.75
10648,10648,2,Low Engagement,hybrid,0.6
10649,10649,3,Price Sensitive,hybrid,0.8
10650,10650,1,High Intent,hybrid,0.6
10651,10651,4,Loyal Customer,hybrid,0.7
10652,10652,3,Price Sensitive,hybrid,0.6
10653,10653,4,Loyal Customer,hybrid,0.6
10654,10654,2,Low Engagement,hybrid,0.6
10655,10655,4,Loyal Customer,hybrid,0.6
10656,10656,2,Low Engagement,hybrid,0.6
10657,10657,1,High Intent,hybrid,0.7
10658,10658,3,Price Sensitive,hybrid,0.7
10659,10659,3,Price Sensitive,hybrid,0.8
10660,10660,2,Low Engagement,hybrid,0.6
10661,10661,2,Low Engagement,hybrid,0.6
10662,10662,2,Low Engagement,hybrid,0.6
10663,10663,4,Loyal Customer,hybrid,0.7
10664,10664,2,Low Engagement,hybrid,0.6
10665,10665,2,Low Engagement,hybrid,0.75
10666,10666,2,Low Engagement,hybrid,0.7
10667,10667,1,High Intent,hybrid,0.7
10668,10668,4,Loyal Customer,hybrid,0.8
10669,10669,1,High Intent,hybrid,0.7
10670,10670,4,Loyal Customer,hybrid,0.6
10671,10671,1,High Intent,hybrid,0.7
10672,10672,2,Low Engagement,hybrid,0.75
10673,10673,3,Price Sensitive,hybrid,0.75
10674,10674,2,Low Engagement,hybrid,0.75
10675,10675,3,Price Sensitive,hybrid,0.8
10676,10676,4,Loyal Customer,hybrid,0.75
10677,10677,4,Loyal Customer,hybrid,0.6
10678,10678,2,Low Engagement,hybrid,0.6
10679,10679,4,Loyal Customer,hybrid,0.6
10680,10680,3,Price Sensitive,hybrid,0.6
10681,10681,4,Loyal Customer,hybrid,0.7
10682,10682,4,Loyal Customer,hybrid,0.6
10683,10683,3,Price Sensitive,hybrid,0.75
10684,10684,2,Low Engagement,hybrid,0.6
10685,10685,5,New Cold User,hybrid,0.65
10686,10686,4,Loyal Customer,hybrid,0.75
10687,10687,2,Low Engagement,hybrid,0.6
10688,10688,3,Price Sensitive,hybrid,0.75
10689,10689,1,High Intent,hybrid,0.7
10690,10690,4,Loyal Customer,hybrid,0.75
10691,10691,1,High Intent,hybrid,0.8
10692,10692,2,Low Engagement,hybrid,0.75
10693,10693,1,High Intent,hybrid,0.6
10694,10694,4,Loyal Customer,hybrid,0.6
10695,10695,2,Low Engagement,hybrid,0.6
10696,10696,1,High Intent,hybrid,0.6
10697,10697,1,High Intent,hybrid,0.75
10698,10698,4,Loyal Customer,hybrid,0.6
10699,10699,1,High Intent,hybrid,0.75
10700,10700,2,Low Engagement,hybrid,0.6
10701,10701,3,Price Sensitive,hybrid,0.8
10702,10702,2,Low Engagement,hybrid,0.6
10703,10703,3,Price Sensitive,hybrid,0.7
10704,10704,2,Low Engagement,hybrid,0.6
10705,10705,4,Loyal Customer,hybrid,0.6
10706,10706,2,Low Engagement,hybrid,0.75
10707,10707,3,Price Sensitive,hybrid,0.7
10708,10708,3,Price Sensitive,hybrid,0.8
10709,10709,3,Price Sensitive,hybrid,0.75
10710,10710,2,Low Engagement,hybrid,0.6
10711,10711,3,Price Sensitive,hybrid,0.7
10712,10712,3,Price Sensitive,hybrid,0.8
10713,10713,4,Loyal Customer,hybrid,0.75
10714,10714,3,Price Sensitive,hybrid,0.8
10715,10715,4,Loyal Customer,hybrid,0.6
10716,10716,2,Low Engagement,hybrid,0.75
10717,10717,4,Loyal Customer,hybrid,0.8
10718,10718,2,Low Engagement,hybrid,0.6
10719,10719,3,Price Sensitive,hybrid,0.7
10720,10720,4,Loyal Customer,hybrid,0.7
10721,10721,1,High Intent,hybrid,0.95
10722,10722,3,Price Sensitive,hybrid,0.6
10723,10723,2,Low Engagement,hybrid,0.7
10724,10724,2,Low Engagement,hybrid,0.6
10725,10725,1,High Intent,hybrid,0.6
10726,10726,4,Loyal Customer,hybrid,0.6
10727,10727,4,Loyal Customer,hybrid,0.7
10728,10728,1,High Intent,hybrid,0.95
10729,10729,3,Price Sensitive,hybrid,0.75
10730,10730,3,Price Sensitive,hybrid,0.7
10731,10731,2,Low Engagement,hybrid,0.6
10732,10732,4,Loyal Customer,hybrid,0.6
10733,10733,4,Loyal Customer,hybrid,0.6
10734,10734,2,Low Engagement,hybrid,0.6
10735,10735,2,Low Engagement,hybrid,0.75
10736,10736,1,High Intent,hybrid,0.8
10737,10737,2,Low Engagement,hybrid,0.6
10738,10738,2,Low Engagement,hybrid,0.8
10739,10739,2,Low Engagement,hybrid,0.75
10740,10740,3,Price Sensitive,hybrid,0.75
10741,10741,2,Low Engagement,hybrid,0.8
10742,10742,3,Price Sensitive,hybrid,0.7
10743,10743,4,Loyal Customer,hybrid,0.6
10744,10744,4,Loyal Customer,hybrid,0.6
10745,10745,1,High Intent,hybrid,0.7
10746,10746,3,Price Sensitive,hybrid,0.7
10747,10747,2,Low Engagement,hybrid,0.6
10748,10748,3,Price Sensitive,hybrid,0.6
10749,10749,1,High Intent,hybrid,0.7
10750,10750,3,Price Sensitive,hybrid,0.7
10751,10751,3,Price Sensitive,hybrid,0.75
10752,10752,4,Loyal Customer,hybrid,0.8
10753,10753,1,High Intent,hybrid,0.95
10754,10754,4,Loyal Customer,hybrid,0.6
10755,10755,4,Loyal Customer,hybrid,0.6
10756,10756,3,Price Sensitive,hybrid,0.8
10757,10757,3,Price Sensitive,hybrid,0.75
10758,10758,2,Low Engagement,hybrid,0.6
10759,10759,4,Loyal Customer,hybrid,0.6
10760,10760,3,Price Sensitive,hybrid,0.95
10761,10761,2,Low Engagement,hybrid,0.8
10762,10762,4,Loyal Customer,hybrid,0.75
10763,10763,3,Price Sensitive,hybrid,0.6
10764,10764,1,High Intent,hybrid,0.7
10765,10765,1,High Intent,hybrid,0.75
10766,10766,3,Price Sensitive,hybrid,0.75
10767,10767,2,Low Engagement,hybrid,0.6
10768,10768,4,Loyal Customer,hybrid,0.8
10769,10769,4,Loyal Customer,hybrid,0.8
10770,10770,1,High Intent,hybrid,0.95
10771,10771,3,Price Sensitive,hybrid,0.7
10772,10772,5,New Cold User,hybrid,0.65
10773,10773,2,Low Engagement,hybrid,0.6
10774,10774,2,Low Engagement,hybrid,0.6
10775,10775,2,Low Engagement,hybrid,0.6
10776,10776,2,Low Engagement,hybrid,0.8
10777,10777,2,Low Engagement,hybrid,0.8
10778,10778,4,Loyal Customer,hybrid,0.7
10779,10779,2,Low Engagement,hybrid,0.8
10780,10780,3,Price Sensitive,hybrid,0.8
10781,10781,2,Low Engagement,hybrid,0.6
10782,10782,3,Price Sensitive,hybrid,0.6
10783,10783,1,High Intent,hybrid,0.7
10784,10784,3,Price Sensitive,hybrid,0.7
10785,10785,1,High Intent,hybrid,0.7
10786,10786,2,Low Engagement,hybrid,0.7
10787,10787,3,Price Sensitive,hybrid,0.6
10788,10788,2,Low Engagement,hybrid,0.6
10789,10789,2,Low Engagement,hybrid,0.6
10790,10790,2,Low Engagement,hybrid,0.8
10791,10791,3,Price Sensitive,hybrid,0.95
10792,10792,3,Price Sensitive,hybrid,0.7
10793,10793,4,Loyal Customer,hybrid,0.8
10794,10794,4,Loyal Customer,hybrid,0.6
10795,10795,2,Low Engagement,hybrid,0.75
10796,10796,4,Loyal Customer,hybrid,0.75
10797,10797,2,Low Engagement,hybrid,0.6
10798,10798,4,Loyal Customer,hybrid,0.6
10799,10799,2,Low Engagement,hybrid,0.6
10800,10800,2,Low Engagement,hybrid,0.6
10801,10801,2,Low Engagement,hybrid,0.75
10802,10802,3,Price Sensitive,hybrid,0.75
10803,10803,2,Low Engagement,hybrid,0.8
10804,10804,3,Price Sensitive,hybrid,0.7
10805,10805,2,Low Engagement,hybrid,0.75
10806,10806,3,Price Sensitive,hybrid,0.6
10807,10807,3,Price Sensitive,hybrid,0.75
10808,10808,4,Loyal Customer,hybrid,0.8
10809,10809,1,High Intent,hybrid,0.75
10810,10810,2,Low Engagement,hybrid,0.75
10811,10811,4,Loyal Customer,hybrid,0.8
10812,10812,2,Low Engagement,hybrid,0.75
10813,10813,4,Loyal Customer,hybrid,0.7
10814,10814,2,Low Engagement,hybrid,0.6
10815,10815,1,High Intent,hybrid,0.7
10816,10816,2,Low Engagement,hybrid,0.75
10817,10817,3,Price Sensitive,hybrid,0.75
10818,10818,1,High Intent,hybrid,0.7
10819,10819,2,Low Engagement,hybrid,0.6
10820,10820,4,Loyal Customer,hybrid,0.6
10821,10821,2,Low Engagement,hybrid,0.6
10822,10822,4,Loyal Customer,hybrid,0.8
10823,10823,1,High Intent,hybrid,0.6
10824,10824,3,Price Sensitive,hybrid,0.7
10825,10825,2,Low Engagement,hybrid,0.6
10826,10826,4,Loyal Customer,hybrid,0.6
10827,10827,3,Price Sensitive,hybrid,0.7
10828,10828,2,Low Engagement,hybrid,0.6
10829,10829,2,Low Engagement,hybrid,0.6
10830,10830,3,Price Sensitive,hybrid,0.7
10831,10831,2,Low Engagement,hybrid,0.6
10832,10832,4,Loyal Customer,hybrid,0.6
10833,10833,3,Price Sensitive,hybrid,0.8
10834,10834,4,Loyal Customer,hybrid,0.6
10835,10835,2,Low Engagement,hybrid,0.7
10836,10836,1,High Intent,hybrid,0.6
10837,10837,4,Loyal Customer,hybrid,0.6
10838,10838,2,Low Engagement,hybrid,0.75
10839,10839,2,Low Engagement,hybrid,0.7
10840,10840,2,Low Engagement,hybrid,0.6
10841,10841,3,Price Sensitive,hybrid,0.75
10842,10842,1,High Intent,hybrid,0.7
10843,10843,2,Low Engagement,hybrid,0.8
10844,10844,3,Price Sensitive,hybrid,0.7
10845,10845,3,Price Sensitive,hybrid,0.8
10846,10846,3,Price Sensitive,hybrid,0.6
10847,10847,3,Price Sensitive,hybrid,0.7
10848,10848,3,Price Sensitive,hybrid,0.6
10849,10849,1,High Intent,hybrid,0.95
10850,10850,2,Low Engagement,hybrid,0.6
10851,10851,1,High Intent,hybrid,0.6
10852,10852,1,High Intent,hybrid,0.75
10853,10853,2,Low Engagement,hybrid,0.75
10854,10854,2,Low Engagement,hybrid,0.6
10855,10855,2,Low Engagement,hybrid,0.75
10856,10856,4,Loyal Customer,hybrid,0.6
10857,10857,2,Low Engagement,hybrid,0.6
10858,10858,3,Price Sensitive,hybrid,0.6
10859,10859,2,Low Engagement,hybrid,0.6
10860,10860,3,Price Sensitive,hybrid,0.8
10861,10861,3,Price Sensitive,hybrid,0.75
10862,10862,3,Price Sensitive,hybrid,0.6
10863,10863,2,Low Engagement,hybrid,0.6
10864,10864,4,Loyal Customer,hybrid,0.7
10865,10865,4,Loyal Customer,hybrid,0.95
10866,10866,3,Price Sensitive,hybrid,0.75
10867,10867,2,Low Engagement,hybrid,0.6
10868,10868,1,High Intent,hybrid,0.6
10869,10869,3,Price Sensitive,hybrid,0.75
10870,10870,1,High Intent,hybrid,0.6
10871,10871,4,Loyal Customer,hybrid,0.6
10872,10872,3,Price Sensitive,hybrid,0.7
10873,10873,2,Low Engagement,hybrid,0.6
10874,10874,3,Price Sensitive,hybrid,0.8
10875,10875,4,Loyal Customer,hybrid,0.6
10876,10876,4,Loyal Customer,hybrid,0.6
10877,10877,3,Price Sensitive,hybrid,0.8
10878,10878,3,Price Sensitive,hybrid,0.8
10879,10879,1,High Intent,hybrid,0.6
10880,10880,4,Loyal Customer,hybrid,0.6
10881,10881,3,Price Sensitive,hybrid,0.7
10882,10882,1,High Intent,hybrid,0.7
10883,10883,1,High Intent,hybrid,0.7
10884,10884,1,High Intent,hybrid,0.7
10885,10885,1,High Intent,hybrid,0.75
10886,10886,3,Price Sensitive,hybrid,0.6
10887,10887,2,Low Engagement,hybrid,0.6
10888,10888,2,Low Engagement,hybrid,0.6
10889,10889,2,Low Engagement,hybrid,0.6
10890,10890,3,Price Sensitive,hybrid,0.8
10891,10891,2,Low Engagement,hybrid,0.75
10892,10892,2,Low Engagement,hybrid,0.75
10893,10893,4,Loyal Customer,hybrid,0.6
10894,10894,4,Loyal Customer,hybrid,0.75
10895,10895,1,High Intent,hybrid,0.7
10896,10896,2,Low Engagement,hybrid,0.6
10897,10897,2,Low Engagement,hybrid,0.6
10898,10898,2,Low Engagement,hybrid,0.6
10899,10899,4,Loyal Customer,hybrid,0.7
10900,10900,4,Loyal Customer,hybrid,0.75
10901,10901,3,Price Sensitive,hybrid,0.7
10902,10902,4,Loyal Customer,hybrid,0.6
10903,10903,1,High Intent,hybrid,0.75
10904,10904,3,Price Sensitive,hybrid,0.6
10905,10905,1,High Intent,hybrid,0.7
10906,10906,3,Price Sensitive,hybrid,0.7
10907,10907,2,Low Engagement,hybrid,0.75
10908,10908,1,High Intent,hybrid,0.7
10909,10909,4,Loyal Customer,hybrid,0.8
10910,10910,4,Loyal Customer,hybrid,0.7
10911,10911,1,High Intent,hybrid,0.7
10912,10912,1,High Intent,hybrid,0.95
10913,10913,2,Low Engagement,hybrid,0.6
10914,10914,2,Low Engagement,hybrid,0.75
10915,10915,2,Low Engagement,hybrid,0.75
10916,10916,4,Loyal Customer,hybrid,0.6
10917,10917,1,High Intent,hybrid,0.75
10918,10918,4,Loyal Customer,hybrid,0.75
10919,10919,3,Price Sensitive,hybrid,0.8
10920,10920,3,Price Sensitive,hybrid,0.7
10921,10921,4,Loyal Customer,hybrid,0.7
10922,10922,2,Low Engagement,hybrid,0.6
10923,10923,3,Price Sensitive,hybrid,0.6
10924,10924,3,Price Sensitive,hybrid,0.75
10925,10925,2,Low Engagement,hybrid,0.75
10926,10926,3,Price Sensitive,hybrid,0.75
10927,10927,1,High Intent,hybrid,0.7
10928,10928,3,Price Sensitive,hybrid,0.8
10929,10929,3,Price Sensitive,hybrid,0.6
10930,10930,1,High Intent,hybrid,0.7
10931,10931,4,Loyal Customer,hybrid,0.8
10932,10932,1,High Intent,hybrid,0.75
10933,10933,1,High Intent,hybrid,0.75
10934,10934,4,Loyal Customer,hybrid,0.8
10935,10935,3,Price Sensitive,hybrid,0.95
10936,10936,2,Low Engagement,hybrid,0.6
10937,10937,2,Low Engagement,hybrid,0.7
10938,10938,2,Low Engagement,hybrid,0.6
10939,10939,2,Low Engagement,hybrid,0.6
10940,10940,4,Loyal Customer,hybrid,0.6
10941,10941,3,Price Sensitive,hybrid,0.95
10942,10942,1,High Intent,hybrid,0.8
10943,10943,4,Loyal Customer,hybrid,0.6
10944,10944,2,Low Engagement,hybrid,0.8
10945,10945,3,Price Sensitive,hybrid,0.75
10946,10946,2,Low Engagement,hybrid,0.75
10947,10947,1,High Intent,hybrid,0.8
10948,10948,3,Price Sensitive,hybrid,0.6
10949,10949,3,Price Sensitive,hybrid,0.95
10950,10950,2,Low Engagement,hybrid,0.6
10951,10951,2,Low Engagement,hybrid,0.6
10952,10952,1,High Intent,hybrid,0.7
10953,10953,2,Low Engagement,hybrid,0.7
10954,10954,4,Loyal Customer,hybrid,0.95
10955,10955,3,Price Sensitive,hybrid,0.8
10956,10956,2,Low Engagement,hybrid,0.6
10957,10957,3,Price Sensitive,hybrid,0.6
10958,10958,2,Low Engagement,hybrid,0.75
10959,10959,2,Low Engagement,hybrid,0.6
10960,10960,2,Low Engagement,hybrid,0.75
10961,10961,2,Low Engagement,hybrid,0.6
10962,10962,1,High Intent,hybrid,0.7
10963,10963,3,Price Sensitive,hybrid,0.75
10964,10964,3,Price Sensitive,hybrid,0.75
10965,10965,2,Low Engagement,hybrid,0.75
10966,10966,1,High Intent,hybrid,0.7
10967,10967,1,High Intent,hybrid,0.7
10968,10968,2,Low Engagement,hybrid,0.6
10969,10969,1,High Intent,hybrid,0.75
10970,10970,3,Price Sensitive,hybrid,0.7
10971,10971,2,Low Engagement,hybrid,0.6
10972,10972,4,Loyal Customer,hybrid,0.6
10973,10973,2,Low Engagement,hybrid,0.6
10974,10974,4,Loyal Customer,hybrid,0.75
10975,10975,1,High Intent,hybrid,0.7
10976,10976,2,Low Engagement,hybrid,0.6
10977,10977,3,Price Sensitive,hybrid,0.8
10978,10978,2,Low Engagement,hybrid,0.6
10979,10979,4,Loyal Customer,hybrid,0.95
10980,10980,1,High Intent,hybrid,0.75
10981,10981,1,High Intent,hybrid,0.75
10982,10982,2,Low Engagement,hybrid,0.8
10983,10983,3,Price Sensitive,hybrid,0.8
10984,10984,1,High Intent,hybrid,0.95
10985,10985,3,Price Sensitive,hybrid,0.8
10986,10986,1,High Intent,hybrid,0.75
10987,10987,1,High Intent,hybrid,0.7
10988,10988,4,Loyal Customer,hybrid,0.6
10989,10989,4,Loyal Customer,hybrid,0.8
10990,10990,1,High Intent,hybrid,0.75
10991,10991,1,High Intent,hybrid,0.7
10992,10992,2,Low Engagement,hybrid,0.6
10993,10993,1,High Intent,hybrid,0.6
10994,10994,3,Price Sensitive,hybrid,0.7
10995,10995,3,Price Sensitive,hybrid,0.6
10996,10996,3,Price Sensitive,hybrid,0.8
10997,10997,4,Loyal Customer,hybrid,0.6
10998,10998,3,Price Sensitive,hybrid,0.6
10999,10999,3,Price Sensitive,hybrid,0.95
11000,11000,1,High Intent,hybrid,0.7
11001,11001,1,High Intent,hybrid,0.7
11002,11002,1,High Intent,hybrid,0.7
11003,11003,3,Price Sensitive,hybrid,0.95
11004,11004,1,High Intent,hybrid,0.75
11005,11005,2,Low Engagement,hybrid,0.75
11006,11006,3,Price Sensitive,hybrid,0.8
11007,11007,3,Price Sensitive,hybrid,0.8
11008,11008,2,Low Engagement,hybrid,0.6
11009,11009,2,Low Engagement,hybrid,0.6
11010,11010,2,Low Engagement,hybrid,0.6
11011,11011,5,New Cold User,hybrid,0.65
11012,11012,3,Price Sensitive,hybrid,0.6
11013,11013,2,Low Engagement,hybrid,0.8
11014,11014,4,Loyal Customer,hybrid,0.75
11015,11015,3,Price Sensitive,hybrid,0.8
11016,11016,1,High Intent,hybrid,0.75
11017,11017,3,Price Sensitive,hybrid,0.75
11018,11018,4,Loyal Customer,hybrid,0.75
11019,11019,2,Low Engagement,hybrid,0.75
11020,11020,4,Loyal Customer,hybrid,0.75
11021,11021,2,Low Engagement,hybrid,0.6
11022,11022,1,High Intent,hybrid,0.7
11023,11023,4,Loyal Customer,hybrid,0.6
11024,11024,1,High Intent,hybrid,0.8
11025,11025,4,Loyal Customer,hybrid,0.8
11026,11026,1,High Intent,hybrid,0.75
11027,11027,4,Loyal Customer,hybrid,0.6
11028,11028,2,Low Engagement,hybrid,0.6
11029,11029,1,High Intent,hybrid,0.7
11030,11030,1,High Intent,hybrid,0.7
11031,11031,4,Loyal Customer,hybrid,0.6
11032,11032,1,High Intent,hybrid,0.6
11033,11033,4,Loyal Customer,hybrid,0.6
11034,11034,4,Loyal Customer,hybrid,0.8
11035,11035,4,Loyal Customer,hybrid,0.75
11036,11036,2,Low Engagement,hybrid,0.7
11037,11037,4,Loyal Customer,hybrid,0.6
11038,11038,2,Low Engagement,hybrid,0.6
11039,11039,3,Price Sensitive,hybrid,0.6
11040,11040,1,High Intent,hybrid,0.7
11041,11041,1,High Intent,hybrid,0.7
11042,11042,2,Low Engagement,hybrid,0.6
11043,11043,4,Loyal Customer,hybrid,0.7
11044,11044,2,Low Engagement,hybrid,0.6
11045,11045,2,Low Engagement,hybrid,0.75
11046,11046,3,Price Sensitive,hybrid,0.6
11047,11047,1,High Intent,hybrid,0.6
11048,11048,4,Loyal Customer,hybrid,0.6
11049,11049,1,High Intent,hybrid,0.95
11050,11050,4,Loyal Customer,hybrid,0.7
11051,11051,2,Low Engagement,hybrid,0.8
11052,11052,4,Loyal Customer,hybrid,0.8
11053,11053,3,Price Sensitive,hybrid,0.95
11054,11054,2,Low Engagement,hybrid,0.75
11055,11055,2,Low Engagement,hybrid,0.7
11056,11056,4,Loyal Customer,hybrid,0.8
11057,11057,3,Price Sensitive,hybrid,0.7
11058,11058,1,High Intent,hybrid,0.95
11059,11059,2,Low Engagement,hybrid,0.6
11060,11060,1,High Intent,hybrid,0.7
11061,11061,2,Low Engagement,hybrid,0.6
11062,11062,3,Price Sensitive,hybrid,0.8
11063,11063,2,Low Engagement,hybrid,0.6
11064,11064,1,High Intent,hybrid,0.7
11065,11065,3,Price Sensitive,hybrid,0.6
11066,11066,4,Loyal Customer,hybrid,0.8
11067,11067,3,Price Sensitive,hybrid,0.6
11068,11068,2,Low Engagement,hybrid,0.75
11069,11069,4,Loyal Customer,hybrid,0.6
11070,11070,3,Price Sensitive,hybrid,0.75
11071,11071,3,Price Sensitive,hybrid,0.8
11072,11072,2,Low Engagement,hybrid,0.75
11073,11073,2,Low Engagement,hybrid,0.6
11074,11074,4,Loyal Customer,hybrid,0.8
11075,11075,4,Loyal Customer,hybrid,0.6
11076,11076,1,High Intent,hybrid,0.75
11077,11077,3,Price Sensitive,hybrid,0.95
11078,11078,5,New Cold User,hybrid,0.65
11079,11079,1,High Intent,hybrid,0.6
11080,11080,3,Price Sensitive,hybrid,0.7
11081,11081,3,Price Sensitive,hybrid,0.7
11082,11082,4,Loyal Customer,hybrid,0.6
11083,11083,4,Loyal Customer,hybrid,0.6
11084,11084,1,High Intent,hybrid,0.6
11085,11085,1,High Intent,hybrid,0.75
11086,11086,3,Price Sensitive,hybrid,0.8
11087,11087,3,Price Sensitive,hybrid,0.6
11088,11088,3,Price Sensitive,hybrid,0.8
11089,11089,4,Loyal Customer,hybrid,0.7
11090,11090,4,Loyal Customer,hybrid,0.6
11091,11091,4,Loyal Customer,hybrid,0.6
11092,11092,1,High Intent,hybrid,0.75
11093,11093,2,Low Engagement,hybrid,0.6
11094,11094,1,High Intent,hybrid,0.75
11095,11095,3,Price Sensitive,hybrid,0.75
11096,11096,1,High Intent,hybrid,0.95
11097,11097,2,Low Engagement,hybrid,0.75
11098,11098,2,Low Engagement,hybrid,0.6
11099,11099,2,Low Engagement,hybrid,0.6
11100,11100,2,Low Engagement,hybrid,0.75
11101,11101,2,Low Engagement,hybrid,0.6
11102,11102,4,Loyal Customer,hybrid,0.6
11103,11103,2,Low Engagement,hybrid,0.6
11104,11104,3,Price Sensitive,hybrid,0.6
11105,11105,3,Price Sensitive,hybrid,0.7
11106,11106,1,High Intent,hybrid,0.7
11107,11107,2,Low Engagement,hybrid,0.75
11108,11108,1,High Intent,hybrid,0.75
11109,11109,1,High Intent,hybrid,0.7
11110,11110,3,Price Sensitive,hybrid,0.7
11111,11111,2,Low Engagement,hybrid,0.6
11112,11112,4,Loyal Customer,hybrid,0.8
11113,11113,2,Low Engagement,hybrid,0.6
11114,11114,4,Loyal Customer,hybrid,0.7
11115,11115,2,Low Engagement,hybrid,0.8
11116,11116,3,Price Sensitive,hybrid,0.75
11117,11117,1,High Intent,hybrid,0.7
11118,11118,1,High Intent,hybrid,0.75
11119,11119,2,Low Engagement,hybrid,0.7
11120,11120,2,Low Engagement,hybrid,0.75
11121,11121,4,Loyal Customer,hybrid,0.6
11122,11122,4,Loyal Customer,hybrid,0.7
11123,11123,3,Price Sensitive,hybrid,0.95
11124,11124,1,High Intent,hybrid,0.6
11125,11125,2,Low Engagement,hybrid,0.8
11126,11126,3,Price Sensitive,hybrid,0.8
11127,11127,2,Low Engagement,hybrid,0.6
11128,11128,3,Price Sensitive,hybrid,0.75
11129,11129,2,Low Engagement,hybrid,0.6
11130,11130,2,Low Engagement,hybrid,0.75
11131,11131,1,High Intent,hybrid,0.75
11132,11132,2,Low Engagement,hybrid,0.75
11133,11133,1,High Intent,hybrid,0.6
11134,11134,2,Low Engagement,hybrid,0.8
11135,11135,4,Loyal Customer,hybrid,0.6
11136,11136,4,Loyal Customer,hybrid,0.6
11137,11137,1,High Intent,hybrid,0.6
11138,11138,2,Low Engagement,hybrid,0.6
11139,11139,2,Low Engagement,hybrid,0.6
11140,11140,1,High Intent,hybrid,0.75
11141,11141,1,High Intent,hybrid,0.7
11142,11142,4,Loyal Customer,hybrid,0.6
11143,11143,1,High Intent,hybrid,0.7
11144,11144,2,Low Engagement,hybrid,0.6
11145,11145,4,Loyal Customer,hybrid,0.6
11146,11146,1,High Intent,hybrid,0.6
11147,11147,1,High Intent,hybrid,0.6
11148,11148,2,Low Engagement,hybrid,0.6
11149,11149,2,Low Engagement,hybrid,0.6
11150,11150,4,Loyal Customer,hybrid,0.6
11151,11151,3,Price Sensitive,hybrid,0.95
11152,11152,1,High Intent,hybrid,0.75
11153,11153,3,Price Sensitive,hybrid,0.6
11154,11154,3,Price Sensitive,hybrid,0.6
11155,11155,1,High Intent,hybrid,0.8
11156,11156,2,Low Engagement,hybrid,0.6
11157,11157,2,Low Engagement,hybrid,0.6
11158,11158,1,High Intent,hybrid,0.7
11159,11159,1,High Intent,hybrid,0.6
11160,11160,1,High Intent,hybrid,0.7
11161,11161,2,Low Engagement,hybrid,0.6
11162,11162,2,Low Engagement,hybrid,0.75
11163,11163,1,High Intent,hybrid,0.7
11164,11164,2,Low Engagement,hybrid,0.6
11165,11165,4,Loyal Customer,hybrid,0.75
11166,11166,2,Low Engagement,hybrid,0.6
11167,11167,2,Low Engagement,hybrid,0.8
11168,11168,4,Loyal Customer,hybrid,0.8
11169,11169,1,High Intent,hybrid,0.7
11170,11170,1,High Intent,hybrid,0.7
11171,11171,2,Low Engagement,hybrid,0.6
11172,11172,3,Price Sensitive,hybrid,0.8
11173,11173,3,Price Sensitive,hybrid,0.7
11174,11174,4,Loyal Customer,hybrid,0.7
11175,11175,1,High Intent,hybrid,0.6
11176,11176,4,Loyal Customer,hybrid,0.8
11177,11177,3,Price Sensitive,hybrid,0.7
11178,11178,4,Loyal Customer,hybrid,0.6
11179,11179,2,Low Engagement,hybrid,0.6
11180,11180,1,High Intent,hybrid,0.95
11181,11181,1,High Intent,hybrid,0.7
11182,11182,1,High Intent,hybrid,0.95
11183,11183,4,Loyal Customer,hybrid,0.7
11184,11184,2,Low Engagement,hybrid,0.8
11185,11185,1,High Intent,hybrid,0.6
11186,11186,2,Low Engagement,hybrid,0.6
11187,11187,2,Low Engagement,hybrid,0.75
11188,11188,2,Low Engagement,hybrid,0.75
11189,11189,3,Price Sensitive,hybrid,0.8
11190,11190,3,Price Sensitive,hybrid,0.75
11191,11191,3,Price Sensitive,hybrid,0.6
11192,11192,4,Loyal Customer,hybrid,0.6
11193,11193,2,Low Engagement,hybrid,0.8
11194,11194,2,Low Engagement,hybrid,0.6
11195,11195,2,Low Engagement,hybrid,0.8
11196,11196,5,New Cold User,hybrid,0.65
11197,11197,1,High Intent,hybrid,0.7
11198,11198,2,Low Engagement,hybrid,0.6
11199,11199,3,Price Sensitive,hybrid,0.8
11200,11200,4,Loyal Customer,hybrid,0.6
11201,11201,2,Low Engagement,hybrid,0.6
11202,11202,2,Low Engagement,hybrid,0.7
11203,11203,1,High Intent,hybrid,0.7
11204,11204,1,High Intent,hybrid,0.75
11205,11205,2,Low Engagement,hybrid,0.75
11206,11206,3,Price Sensitive,hybrid,0.75
11207,11207,1,High Intent,hybrid,0.95
11208,11208,4,Loyal Customer,hybrid,0.6
11209,11209,2,Low Engagement,hybrid,0.8
11210,11210,4,Loyal Customer,hybrid,0.6
11211,11211,2,Low Engagement,hybrid,0.75
11212,11212,2,Low Engagement,hybrid,0.75
11213,11213,4,Loyal Customer,hybrid,0.8
11214,11214,4,Loyal Customer,hybrid,0.6
11215,11215,5,New Cold User,hybrid,0.65
11216,11216,2,Low Engagement,hybrid,0.6
11217,11217,1,High Intent,hybrid,0.6
11218,11218,3,Price Sensitive,hybrid,0.7
11219,11219,2,Low Engagement,hybrid,0.6
11220,11220,2,Low Engagement,hybrid,0.75
11221,11221,1,High Intent,hybrid,0.7
11222,11222,4,Loyal Customer,hybrid,0.6
11223,11223,5,New Cold User,hybrid,0.65
11224,11224,4,Loyal Customer,hybrid,0.7
11225,11225,1,High Intent,hybrid,0.95
11226,11226,2,Low Engagement,hybrid,0.6
11227,11227,3,Price Sensitive,hybrid,0.8
11228,11228,1,High Intent,hybrid,0.6
11229,11229,3,Price Sensitive,hybrid,0.6
11230,11230,2,Low Engagement,hybrid,0.8
11231,11231,2,Low Engagement,hybrid,0.6
11232,11232,4,Loyal Customer,hybrid,0.6
11233,11233,2,Low Engagement,hybrid,0.6
11234,11234,1,High Intent,hybrid,0.6
11235,11235,2,Low Engagement,hybrid,0.75
11236,11236,1,High Intent,hybrid,0.75
11237,11237,2,Low Engagement,hybrid,0.6
11238,11238,2,Low Engagement,hybrid,0.6
11239,11239,2,Low Engagement,hybrid,0.6
11240,11240,2,Low Engagement,hybrid,0.75
11241,11241,3,Price Sensitive,hybrid,0.8
11242,11242,5,New Cold User,hybrid,0.65
11243,11243,1,High Intent,hybrid,0.95
11244,11244,4,Loyal Customer,hybrid,0.8
11245,11245,2,Low Engagement,hybrid,0.8
11246,11246,2,Low Engagement,hybrid,0.6
11247,11247,5,New Cold User,hybrid,0.65
11248,11248,3,Price Sensitive,hybrid,0.75
11249,11249,3,Price Sensitive,hybrid,0.75
11250,11250,4,Loyal Customer,hybrid,0.6
11251,11251,3,Price Sensitive,hybrid,0.7
11252,11252,1,High Intent,hybrid,0.95
11253,11253,4,Loyal Customer,hybrid,0.8
11254,11254,3,Price Sensitive,hybrid,0.7
11255,11255,4,Loyal Customer,hybrid,0.7
11256,11256,3,Price Sensitive,hybrid,0.95
11257,11257,2,Low Engagement,hybrid,0.6
11258,11258,2,Low Engagement,hybrid,0.6
11259,11259,4,Loyal Customer,hybrid,0.8
11260,11260,2,Low Engagement,hybrid,0.6
11261,11261,2,Low Engagement,hybrid,0.7
11262,11262,3,Price Sensitive,hybrid,0.8
11263,11263,3,Price Sensitive,hybrid,0.8
11264,11264,3,Price Sensitive,hybrid,0.8
11265,11265,2,Low Engagement,hybrid,0.75
11266,11266,3,Price Sensitive,hybrid,0.8
11267,11267,2,Low Engagement,hybrid,0.6
11268,11268,1,High Intent,hybrid,0.75
11269,11269,3,Price Sensitive,hybrid,0.7
11270,11270,4,Loyal Customer,hybrid,0.6
11271,11271,2,Low Engagement,hybrid,0.6
11272,11272,3,Price Sensitive,hybrid,0.75
11273,11273,3,Price Sensitive,hybrid,0.6
11274,11274,1,High Intent,hybrid,0.95
11275,11275,4,Loyal Customer,hybrid,0.7
11276,11276,1,High Intent,hybrid,0.75
11277,11277,3,Price Sensitive,hybrid,0.7
11278,11278,1,High Intent,hybrid,0.75
11279,11279,2,Low Engagement,hybrid,0.6
11280,11280,3,Price Sensitive,hybrid,0.6
11281,11281,2,Low Engagement,hybrid,0.6
11282,11282,4,Loyal Customer,hybrid,0.7
11283,11283,2,Low Engagement,hybrid,0.75
11284,11284,3,Price Sensitive,hybrid,0.6
11285,11285,1,High Intent,hybrid,0.7
11286,11286,1,High Intent,hybrid,0.7
11287,11287,2,Low Engagement,hybrid,0.6
11288,11288,2,Low Engagement,hybrid,0.6
11289,11289,3,Price Sensitive,hybrid,0.6
11290,11290,4,Loyal Customer,hybrid,0.6
11291,11291,4,Loyal Customer,hybrid,0.8
11292,11292,2,Low Engagement,hybrid,0.6
11293,11293,1,High Intent,hybrid,0.7
11294,11294,4,Loyal Customer,hybrid,0.7
11295,11295,1,High Intent,hybrid,0.6
11296,11296,4,Loyal Customer,hybrid,0.6
11297,11297,2,Low Engagement,hybrid,0.6
11298,11298,2,Low Engagement,hybrid,0.75
11299,11299,2,Low Engagement,hybrid,0.8
11300,11300,2,Low Engagement,hybrid,0.75
11301,11301,4,Loyal Customer,hybrid,0.6
11302,11302,2,Low Engagement,hybrid,0.6
11303,11303,2,Low Engagement,hybrid,0.75
11304,11304,4,Loyal Customer,hybrid,0.6
11305,11305,1,High Intent,hybrid,0.7
11306,11306,2,Low Engagement,hybrid,0.75
11307,11307,2,Low Engagement,hybrid,0.6
11308,11308,3,Price Sensitive,hybrid,0.8
11309,11309,3,Price Sensitive,hybrid,0.6
11310,11310,2,Low Engagement,hybrid,0.8
11311,11311,4,Loyal Customer,hybrid,0.7
11312,11312,3,Price Sensitive,hybrid,0.6
11313,11313,2,Low Engagement,hybrid,0.6
11314,11314,2,Low Engagement,hybrid,0.6
11315,11315,3,Price Sensitive,hybrid,0.75
11316,11316,4,Loyal Customer,hybrid,0.6
11317,11317,2,Low Engagement,hybrid,0.6
11318,11318,3,Price Sensitive,hybrid,0.6
11319,11319,3,Price Sensitive,hybrid,0.75
11320,11320,2,Low Engagement,hybrid,0.6
11321,11321,2,Low Engagement,hybrid,0.6
11322,11322,4,Loyal Customer,hybrid,0.75
11323,11323,4,Loyal Customer,hybrid,0.8
11324,11324,4,Loyal Customer,hybrid,0.6
11325,11325,2,Low Engagement,hybrid,0.75
11326,11326,3,Price Sensitive,hybrid,0.6
11327,11327,2,Low Engagement,hybrid,0.6
11328,11328,4,Loyal Customer,hybrid,0.8
11329,11329,1,High Intent,hybrid,0.7
11330,11330,2,Low Engagement,hybrid,0.6
11331,11331,2,Low Engagement,hybrid,0.6
11332,11332,3,Price Sensitive,hybrid,0.7
11333,11333,4,Loyal Customer,hybrid,0.6
11334,11334,3,Price Sensitive,hybrid,0.6
11335,11335,2,Low Engagement,hybrid,0.8
11336,11336,1,High Intent,hybrid,0.75
11337,11337,1,High Intent,hybrid,0.6
11338,11338,3,Price Sensitive,hybrid,0.6
11339,11339,1,High Intent,hybrid,0.7
11340,11340,1,High Intent,hybrid,0.6
11341,11341,2,Low Engagement,hybrid,0.75
11342,11342,3,Price Sensitive,hybrid,0.7
11343,11343,3,Price Sensitive,hybrid,0.8
11344,11344,2,Low Engagement,hybrid,0.75
11345,11345,4,Loyal Customer,hybrid,0.6
11346,11346,2,Low Engagement,hybrid,0.6
11347,11347,2,Low Engagement,hybrid,0.6
11348,11348,3,Price Sensitive,hybrid,0.7
11349,11349,4,Loyal Customer,hybrid,0.6
11350,11350,2,Low Engagement,hybrid,0.75
11351,11351,3,Price Sensitive,hybrid,0.8
11352,11352,4,Loyal Customer,hybrid,0.6
11353,11353,4,Loyal Customer,hybrid,0.6
11354,11354,4,Loyal Customer,hybrid,0.8
11355,11355,1,High Intent,hybrid,0.95
11356,11356,3,Price Sensitive,hybrid,0.75
11357,11357,2,Low Engagement,hybrid,0.6
11358,11358,1,High Intent,hybrid,0.75
11359,11359,4,Loyal Customer,hybrid,0.6
11360,11360,2,Low Engagement,hybrid,0.6
11361,11361,3,Price Sensitive,hybrid,0.6
11362,11362,3,Price Sensitive,hybrid,0.8
11363,11363,4,Loyal Customer,hybrid,0.7
11364,11364,3,Price Sensitive,hybrid,0.6
11365,11365,1,High Intent,hybrid,0.7
11366,11366,2,Low Engagement,hybrid,0.6
11367,11367,1,High Intent,hybrid,0.7
11368,11368,1,High Intent,hybrid,0.8
11369,11369,4,Loyal Customer,hybrid,0.75
11370,11370,2,Low Engagement,hybrid,0.6
11371,11371,2,Low Engagement,hybrid,0.75
11372,11372,2,Low Engagement,hybrid,0.6
11373,11373,3,Price Sensitive,hybrid,0.8
11374,11374,3,Price Sensitive,hybrid,0.8
11375,11375,1,High Intent,hybrid,0.7
11376,11376,2,Low Engagement,hybrid,0.6
11377,11377,2,Low Engagement,hybrid,0.6
11378,11378,3,Price Sensitive,hybrid,0.75
11379,11379,4,Loyal Customer,hybrid,0.6
11380,11380,3,Price Sensitive,hybrid,0.6
11381,11381,4,Loyal Customer,hybrid,0.6
11382,11382,2,Low Engagement,hybrid,0.6
11383,11383,2,Low Engagement,hybrid,0.6
11384,11384,2,Low Engagement,hybrid,0.75
11385,11385,2,Low Engagement,hybrid,0.75
11386,11386,1,High Intent,hybrid,0.75
11387,11387,3,Price Sensitive,hybrid,0.6
11388,11388,2,Low Engagement,hybrid,0.6
11389,11389,4,Loyal Customer,hybrid,0.8
11390,11390,3,Price Sensitive,hybrid,0.7
11391,11391,2,Low Engagement,hybrid,0.6
11392,11392,2,Low Engagement,hybrid,0.6
11393,11393,3,Price Sensitive,hybrid,0.75
11394,11394,4,Loyal Customer,hybrid,0.6
11395,11395,1,High Intent,hybrid,0.7
11396,11396,4,Loyal Customer,hybrid,0.6
11397,11397,5,New Cold User,hybrid,0.65
11398,11398,1,High Intent,hybrid,0.75
11399,11399,1,High Intent,hybrid,0.6
11400,11400,2,Low Engagement,hybrid,0.75
11401,11401,4,Loyal Customer,hybrid,0.7
11402,11402,2,Low Engagement,hybrid,0.6
11403,11403,1,High Intent,hybrid,0.7
11404,11404,1,High Intent,hybrid,0.75
11405,11405,2,Low Engagement,hybrid,0.8
11406,11406,2,Low Engagement,hybrid,0.6
11407,11407,2,Low Engagement,hybrid,0.6
11408,11408,3,Price Sensitive,hybrid,0.8
11409,11409,3,Price Sensitive,hybrid,0.7
11410,11410,3,Price Sensitive,hybrid,0.8
11411,11411,4,Loyal Customer,hybrid,0.7
11412,11412,1,High Intent,hybrid,0.7
11413,11413,2,Low Engagement,hybrid,0.6
11414,11414,1,High Intent,hybrid,0.7
11415,11415,3,Price Sensitive,hybrid,0.75
11416,11416,2,Low Engagement,hybrid,0.6
11417,11417,4,Loyal Customer,hybrid,0.6
11418,11418,1,High Intent,hybrid,0.7
11419,11419,1,High Intent,hybrid,0.7
11420,11420,3,Price Sensitive,hybrid,0.8
11421,11421,2,Low Engagement,hybrid,0.8
11422,11422,2,Low Engagement,hybrid,0.6
11423,11423,3,Price Sensitive,hybrid,0.6
11424,11424,4,Loyal Customer,hybrid,0.6
11425,11425,1,High Intent,hybrid,0.6
11426,11426,1,High Intent,hybrid,0.7
11427,11427,4,Loyal Customer,hybrid,0.6
11428,11428,4,Loyal Customer,hybrid,0.7
11429,11429,2,Low Engagement,hybrid,0.6
11430,11430,3,Price Sensitive,hybrid,0.8
11431,11431,3,Price Sensitive,hybrid,0.6
11432,11432,1,High Intent,hybrid,0.6
11433,11433,4,Loyal Customer,hybrid,0.95
11434,11434,3,Price Sensitive,hybrid,0.7
11435,11435,1,High Intent,hybrid,0.6
11436,11436,5,New Cold User,hybrid,0.65
11437,11437,1,High Intent,hybrid,0.7
11438,11438,2,Low Engagement,hybrid,0.7
11439,11439,1,High Intent,hybrid,0.7
11440,11440,1,High Intent,hybrid,0.7
11441,11441,1,High Intent,hybrid,0.6
11442,11442,1,High Intent,hybrid,0.6
11443,11443,4,Loyal Customer,hybrid,0.6
11444,11444,4,Loyal Customer,hybrid,0.6
11445,11445,1,High Intent,hybrid,0.7
11446,11446,2,Low Engagement,hybrid,0.8
11447,11447,4,Loyal Customer,hybrid,0.6
11448,11448,2,Low Engagement,hybrid,0.6
11449,11449,2,Low Engagement,hybrid,0.75
11450,11450,2,Low Engagement,hybrid,0.6
11451,11451,2,Low Engagement,hybrid,0.75
11452,11452,2,Low Engagement,hybrid,0.75
11453,11453,2,Low Engagement,hybrid,0.6
11454,11454,1,High Intent,hybrid,0.7
11455,11455,4,Loyal Customer,hybrid,0.6
11456,11456,3,Price Sensitive,hybrid,0.7
11457,11457,3,Price Sensitive,hybrid,0.8
11458,11458,1,High Intent,hybrid,0.7
11459,11459,2,Low Engagement,hybrid,0.6
11460,11460,1,High Intent,hybrid,0.7
11461,11461,1,High Intent,hybrid,0.7
11462,11462,2,Low Engagement,hybrid,0.6
11463,11463,3,Price Sensitive,hybrid,0.6
11464,11464,2,Low Engagement,hybrid,0.6
11465,11465,3,Price Sensitive,hybrid,0.6
11466,11466,1,High Intent,hybrid,0.7
11467,11467,3,Price Sensitive,hybrid,0.6
11468,11468,2,Low Engagement,hybrid,0.6
11469,11469,3,Price Sensitive,hybrid,0.8
11470,11470,2,Low Engagement,hybrid,0.6
11471,11471,2,Low Engagement,hybrid,0.6
11472,11472,1,High Intent,hybrid,0.7
11473,11473,4,Loyal Customer,hybrid,0.95
11474,11474,3,Price Sensitive,hybrid,0.6
11475,11475,1,High Intent,hybrid,0.7
11476,11476,3,Price Sensitive,hybrid,0.75
11477,11477,4,Loyal Customer,hybrid,0.7
11478,11478,3,Price Sensitive,hybrid,0.75
11479,11479,1,High Intent,hybrid,0.7
11480,11480,2,Low Engagement,hybrid,0.6
11481,11481,3,Price Sensitive,hybrid,0.6
11482,11482,3,Price Sensitive,hybrid,0.95
11483,11483,1,High Intent,hybrid,0.75
11484,11484,2,Low Engagement,hybrid,0.6
11485,11485,1,High Intent,hybrid,0.7
11486,11486,4,Loyal Customer,hybrid,0.6
11487,11487,2,Low Engagement,hybrid,0.75
11488,11488,2,Low Engagement,hybrid,0.6
11489,11489,4,Loyal Customer,hybrid,0.75
11490,11490,1,High Intent,hybrid,0.7
11491,11491,2,Low Engagement,hybrid,0.6
11492,11492,1,High Intent,hybrid,0.7
11493,11493,2,Low Engagement,hybrid,0.75
11494,11494,4,Loyal Customer,hybrid,0.6
11495,11495,1,High Intent,hybrid,0.7
11496,11496,4,Loyal Customer,hybrid,0.6
11497,11497,1,High Intent,hybrid,0.7
11498,11498,1,High Intent,hybrid,0.75
11499,11499,2,Low Engagement,hybrid,0.75
11500,11500,4,Loyal Customer,hybrid,0.6
11501,11501,1,High Intent,hybrid,0.6
11502,11502,4,Loyal Customer,hybrid,0.95
11503,11503,2,Low Engagement,hybrid,0.6
11504,11504,3,Price Sensitive,hybrid,0.95
11505,11505,2,Low Engagement,hybrid,0.6
11506,11506,2,Low Engagement,hybrid,0.6
11507,11507,1,High Intent,hybrid,0.75
11508,11508,2,Low Engagement,hybrid,0.75
11509,11509,2,Low Engagement,hybrid,0.6
11510,11510,1,High Intent,hybrid,0.7
11511,11511,4,Loyal Customer,hybrid,0.6
11512,11512,4,Loyal Customer,hybrid,0.6
11513,11513,2,Low Engagement,hybrid,0.6
11514,11514,1,High Intent,hybrid,0.75
11515,11515,3,Price Sensitive,hybrid,0.75
11516,11516,4,Loyal Customer,hybrid,0.6
11517,11517,3,Price Sensitive,hybrid,0.95
11518,11518,2,Low Engagement,hybrid,0.6
11519,11519,2,Low Engagement,hybrid,0.75
11520,11520,3,Price Sensitive,hybrid,0.7
11521,11521,2,Low Engagement,hybrid,0.6
11522,11522,2,Low Engagement,hybrid,0.75
11523,11523,4,Loyal Customer,hybrid,0.6
11524,11524,2,Low Engagement,hybrid,0.7
11525,11525,4,Loyal Customer,hybrid,0.95
11526,11526,3,Price Sensitive,hybrid,0.6
11527,11527,1,High Intent,hybrid,0.7
11528,11528,2,Low Engagement,hybrid,0.75
11529,11529,2,Low Engagement,hybrid,0.75
11530,11530,3,Price Sensitive,hybrid,0.8
11531,11531,3,Price Sensitive,hybrid,0.8
11532,11532,1,High Intent,hybrid,0.6
11533,11533,3,Price Sensitive,hybrid,0.7
11534,11534,2,Low Engagement,hybrid,0.6
11535,11535,2,Low Engagement,hybrid,0.75
11536,11536,2,Low Engagement,hybrid,0.8
11537,11537,2,Low Engagement,hybrid,0.6
11538,11538,3,Price Sensitive,hybrid,0.95
11539,11539,1,High Intent,hybrid,0.7
11540,11540,3,Price Sensitive,hybrid,0.75
11541,11541,4,Loyal Customer,hybrid,0.6
11542,11542,2,Low Engagement,hybrid,0.8
11543,11543,2,Low Engagement,hybrid,0.6
11544,11544,4,Loyal Customer,hybrid,0.8
11545,11545,2,Low Engagement,hybrid,0.6
11546,11546,2,Low Engagement,hybrid,0.6
11547,11547,1,High Intent,hybrid,0.7
11548,11548,4,Loyal Customer,hybrid,0.7
11549,11549,3,Price Sensitive,hybrid,0.7
11550,11550,1,High Intent,hybrid,0.6
11551,11551,4,Loyal Customer,hybrid,0.6
11552,11552,3,Price Sensitive,hybrid,0.75
11553,11553,1,High Intent,hybrid,0.75
11554,11554,1,High Intent,hybrid,0.7
11555,11555,2,Low Engagement,hybrid,0.6
11556,11556,1,High Intent,hybrid,0.75
11557,11557,2,Low Engagement,hybrid,0.6
11558,11558,3,Price Sensitive,hybrid,0.8
11559,11559,3,Price Sensitive,hybrid,0.6
11560,11560,3,Price Sensitive,hybrid,0.6
11561,11561,4,Loyal Customer,hybrid,0.7
11562,11562,1,High Intent,hybrid,0.7
11563,11563,4,Loyal Customer,hybrid,0.6
11564,11564,3,Price Sensitive,hybrid,0.7
11565,11565,2,Low Engagement,hybrid,0.6
11566,11566,2,Low Engagement,hybrid,0.6
11567,11567,1,High Intent,hybrid,0.95
11568,11568,3,Price Sensitive,hybrid,0.75
11569,11569,2,Low Engagement,hybrid,0.6
11570,11570,3,Price Sensitive,hybrid,0.7
11571,11571,2,Low Engagement,hybrid,0.6
11572,11572,1,High Intent,hybrid,0.7
11573,11573,2,Low Engagement,hybrid,0.75
11574,11574,4,Loyal Customer,hybrid,0.8
11575,11575,2,Low Engagement,hybrid,0.75
11576,11576,3,Price Sensitive,hybrid,0.6
11577,11577,1,High Intent,hybrid,0.7
11578,11578,4,Loyal Customer,hybrid,0.8
11579,11579,4,Loyal Customer,hybrid,0.6
11580,11580,3,Price Sensitive,hybrid,0.95
11581,11581,1,High Intent,hybrid,0.75
11582,11582,4,Loyal Customer,hybrid,0.8
11583,11583,3,Price Sensitive,hybrid,0.95
11584,11584,2,Low Engagement,hybrid,0.6
11585,11585,2,Low Engagement,hybrid,0.75
11586,11586,2,Low Engagement,hybrid,0.6
11587,11587,1,High Intent,hybrid,0.6
11588,11588,1,High Intent,hybrid,0.7
11589,11589,2,Low Engagement,hybrid,0.8
11590,11590,3,Price Sensitive,hybrid,0.6
11591,11591,1,High Intent,hybrid,0.7
11592,11592,2,Low Engagement,hybrid,0.6
11593,11593,3,Price Sensitive,hybrid,0.6
11594,11594,5,New Cold User,hybrid,0.65
11595,11595,1,High Intent,hybrid,0.7
11596,11596,3,Price Sensitive,hybrid,0.8
11597,11597,2,Low Engagement,hybrid,0.6
11598,11598,2,Low Engagement,hybrid,0.75
11599,11599,4,Loyal Customer,hybrid,0.6
11600,11600,2,Low Engagement,hybrid,0.75
11601,11601,4,Loyal Customer,hybrid,0.6
11602,11602,1,High Intent,hybrid,0.7
11603,11603,4,Loyal Customer,hybrid,0.8
11604,11604,3,Price Sensitive,hybrid,0.8
11605,11605,1,High Intent,hybrid,0.8
11606,11606,4,Loyal Customer,hybrid,0.6
11607,11607,2,Low Engagement,hybrid,0.6
11608,11608,2,Low Engagement,hybrid,0.7
11609,11609,2,Low Engagement,hybrid,0.6
11610,11610,1,High Intent,hybrid,0.95
11611,11611,3,Price Sensitive,hybrid,0.75
11612,11612,2,Low Engagement,hybrid,0.6
11613,11613,4,Loyal Customer,hybrid,0.8
11614,11614,4,Loyal Customer,hybrid,0.6
11615,11615,5,New Cold User,hybrid,0.65
11616,11616,3,Price Sensitive,hybrid,0.8
11617,11617,1,High Intent,hybrid,0.6
11618,11618,2,Low Engagement,hybrid,0.6
11619,11619,3,Price Sensitive,hybrid,0.8
11620,11620,1,High Intent,hybrid,0.75
11621,11621,1,High Intent,hybrid,0.7
11622,11622,2,Low Engagement,hybrid,0.75
11623,11623,4,Loyal Customer,hybrid,0.6
11624,11624,1,High Intent,hybrid,0.7
11625,11625,3,Price Sensitive,hybrid,0.75
11626,11626,2,Low Engagement,hybrid,0.6
11627,11627,1,High Intent,hybrid,0.6
11628,11628,1,High Intent,hybrid,0.75
11629,11629,2,Low Engagement,hybrid,0.75
11630,11630,2,Low Engagement,hybrid,0.75
11631,11631,3,Price Sensitive,hybrid,0.75
11632,11632,2,Low Engagement,hybrid,0.8
11633,11633,1,High Intent,hybrid,0.7
11634,11634,1,High Intent,hybrid,0.6
11635,11635,4,Loyal Customer,hybrid,0.7
11636,11636,2,Low Engagement,hybrid,0.8
11637,11637,2,Low Engagement,hybrid,0.75
11638,11638,2,Low Engagement,hybrid,0.6
11639,11639,1,High Intent,hybrid,0.7
11640,11640,3,Price Sensitive,hybrid,0.95
11641,11641,2,Low Engagement,hybrid,0.6
11642,11642,4,Loyal Customer,hybrid,0.8
11643,11643,1,High Intent,hybrid,0.7
11644,11644,3,Price Sensitive,hybrid,0.7
11645,11645,3,Price Sensitive,hybrid,0.6
11646,11646,3,Price Sensitive,hybrid,0.95
11647,11647,1,High Intent,hybrid,0.8
11648,11648,1,High Intent,hybrid,0.7
11649,11649,3,Price Sensitive,hybrid,0.75
11650,11650,2,Low Engagement,hybrid,0.6
11651,11651,3,Price Sensitive,hybrid,0.7
11652,11652,3,Price Sensitive,hybrid,0.6
11653,11653,2,Low Engagement,hybrid,0.6
11654,11654,2,Low Engagement,hybrid,0.6
11655,11655,3,Price Sensitive,hybrid,0.75
11656,11656,4,Loyal Customer,hybrid,0.6
11657,11657,1,High Intent,hybrid,0.7
11658,11658,4,Loyal Customer,hybrid,0.6
11659,11659,1,High Intent,hybrid,0.7
11660,11660,4,Loyal Customer,hybrid,0.6
11661,11661,4,Loyal Customer,hybrid,0.8
11662,11662,1,High Intent,hybrid,0.7
11663,11663,1,High Intent,hybrid,0.7
11664,11664,1,High Intent,hybrid,0.7
11665,11665,1,High Intent,hybrid,0.7
11666,11666,1,High Intent,hybrid,0.75
11667,11667,2,Low Engagement,hybrid,0.75
11668,11668,2,Low Engagement,hybrid,0.75
11669,11669,1,High Intent,hybrid,0.95
11670,11670,2,Low Engagement,hybrid,0.6
11671,11671,4,Loyal Customer,hybrid,0.8
11672,11672,4,Loyal Customer,hybrid,0.75
11673,11673,1,High Intent,hybrid,0.7
11674,11674,2,Low Engagement,hybrid,0.6
11675,11675,2,Low Engagement,hybrid,0.6
11676,11676,4,Loyal Customer,hybrid,0.8
11677,11677,2,Low Engagement,hybrid,0.75
11678,11678,1,High Intent,hybrid,0.7
11679,11679,4,Loyal Customer,hybrid,0.6
11680,11680,3,Price Sensitive,hybrid,0.6
11681,11681,4,Loyal Customer,hybrid,0.75
11682,11682,1,High Intent,hybrid,0.95
11683,11683,1,High Intent,hybrid,0.7
11684,11684,2,Low Engagement,hybrid,0.6
11685,11685,4,Loyal Customer,hybrid,0.6
11686,11686,1,High Intent,hybrid,0.7
11687,11687,1,High Intent,hybrid,0.7
11688,11688,2,Low Engagement,hybrid,0.6
11689,11689,3,Price Sensitive,hybrid,0.8
11690,11690,3,Price Sensitive,hybrid,0.7
11691,11691,2,Low Engagement,hybrid,0.75
11692,11692,2,Low Engagement,hybrid,0.6
11693,11693,2,Low Engagement,hybrid,0.6
11694,11694,3,Price Sensitive,hybrid,0.75
11695,11695,4,Loyal Customer,hybrid,0.6
11696,11696,2,Low Engagement,hybrid,0.75
11697,11697,3,Price Sensitive,hybrid,0.7
11698,11698,2,Low Engagement,hybrid,0.8
11699,11699,2,Low Engagement,hybrid,0.6
11700,11700,1,High Intent,hybrid,0.7
11701,11701,4,Loyal Customer,hybrid,0.6
11702,11702,5,New Cold User,hybrid,0.65
11703,11703,3,Price Sensitive,hybrid,0.7
11704,11704,3,Price Sensitive,hybrid,0.95
11705,11705,3,Price Sensitive,hybrid,0.6
11706,11706,1,High Intent,hybrid,0.6
11707,11707,4,Loyal Customer,hybrid,0.6
11708,11708,4,Loyal Customer,hybrid,0.8
11709,11709,2,Low Engagement,hybrid,0.8
11710,11710,3,Price Sensitive,hybrid,0.75
11711,11711,3,Price Sensitive,hybrid,0.6
11712,11712,3,Price Sensitive,hybrid,0.7
11713,11713,4,Loyal Customer,hybrid,0.8
11714,11714,1,High Intent,hybrid,0.7
11715,11715,2,Low Engagement,hybrid,0.7
11716,11716,5,New Cold User,hybrid,0.65
11717,11717,2,Low Engagement,hybrid,0.6
11718,11718,4,Loyal Customer,hybrid,0.75
11719,11719,1,High Intent,hybrid,0.7
11720,11720,2,Low Engagement,hybrid,0.75
11721,11721,2,Low Engagement,hybrid,0.6
11722,11722,3,Price Sensitive,hybrid,0.7
11723,11723,1,High Intent,hybrid,0.7
11724,11724,2,Low Engagement,hybrid,0.6
11725,11725,3,Price Sensitive,hybrid,0.8
11726,11726,3,Price Sensitive,hybrid,0.95
11727,11727,2,Low Engagement,hybrid,0.6
11728,11728,1,High Intent,hybrid,0.6
11729,11729,1,High Intent,hybrid,0.7
11730,11730,2,Low Engagement,hybrid,0.8
11731,11731,3,Price Sensitive,hybrid,0.6
11732,11732,4,Loyal Customer,hybrid,0.7
11733,11733,1,High Intent,hybrid,0.7
11734,11734,3,Price Sensitive,hybrid,0.95
11735,11735,4,Loyal Customer,hybrid,0.75
11736,11736,2,Low Engagement,hybrid,0.6
11737,11737,3,Price Sensitive,hybrid,0.6
11738,11738,2,Low Engagement,hybrid,0.7
11739,11739,3,Price Sensitive,hybrid,0.7
11740,11740,2,Low Engagement,hybrid,0.6
11741,11741,4,Loyal Customer,hybrid,0.6
11742,11742,2,Low Engagement,hybrid,0.6
11743,11743,1,High Intent,hybrid,0.75
11744,11744,1,High Intent,hybrid,0.75
11745,11745,2,Low Engagement,hybrid,0.8
11746,11746,4,Loyal Customer,hybrid,0.6
11747,11747,2,Low Engagement,hybrid,0.6
11748,11748,1,High Intent,hybrid,0.7
11749,11749,4,Loyal Customer,hybrid,0.8
11750,11750,1,High Intent,hybrid,0.7
11751,11751,1,High Intent,hybrid,0.6
11752,11752,1,High Intent,hybrid,0.7
11753,11753,1,High Intent,hybrid,0.7
11754,11754,3,Price Sensitive,hybrid,0.75
11755,11755,2,Low Engagement,hybrid,0.6
11756,11756,1,High Intent,hybrid,0.75
11757,11757,2,Low Engagement,hybrid,0.6
11758,11758,4,Loyal Customer,hybrid,0.6
11759,11759,4,Loyal Customer,hybrid,0.6
11760,11760,4,Loyal Customer,hybrid,0.6
11761,11761,2,Low Engagement,hybrid,0.6
11762,11762,4,Loyal Customer,hybrid,0.6
11763,11763,4,Loyal Customer,hybrid,0.6
11764,11764,3,Price Sensitive,hybrid,0.6
11765,11765,3,Price Sensitive,hybrid,0.6
11766,11766,2,Low Engagement,hybrid,0.7
11767,11767,1,High Intent,hybrid,0.75
11768,11768,2,Low Engagement,hybrid,0.75
11769,11769,4,Loyal Customer,hybrid,0.6
11770,11770,4,Loyal Customer,hybrid,0.95
11771,11771,1,High Intent,hybrid,0.6
11772,11772,4,Loyal Customer,hybrid,0.6
11773,11773,4,Loyal Customer,hybrid,0.6
11774,11774,2,Low Engagement,hybrid,0.6
11775,11775,1,High Intent,hybrid,0.7
11776,11776,1,High Intent,hybrid,0.7
11777,11777,3,Price Sensitive,hybrid,0.7
11778,11778,2,Low Engagement,hybrid,0.6
11779,11779,2,Low Engagement,hybrid,0.6
11780,11780,3,Price Sensitive,hybrid,0.6
11781,11781,3,Price Sensitive,hybrid,0.6
11782,11782,4,Loyal Customer,hybrid,0.6
11783,11783,4,Loyal Customer,hybrid,0.6
11784,11784,1,High Intent,hybrid,0.7
11785,11785,4,Loyal Customer,hybrid,0.6
11786,11786,2,Low Engagement,hybrid,0.6
11787,11787,3,Price Sensitive,hybrid,0.7
11788,11788,3,Price Sensitive,hybrid,0.6
11789,11789,4,Loyal Customer,hybrid,0.6
11790,11790,3,Price Sensitive,hybrid,0.7
11791,11791,2,Low Engagement,hybrid,0.75
11792,11792,2,Low Engagement,hybrid,0.6
11793,11793,2,Low Engagement,hybrid,0.6
11794,11794,1,High Intent,hybrid,0.6
11795,11795,3,Price Sensitive,hybrid,0.6
11796,11796,2,Low Engagement,hybrid,0.6
11797,11797,3,Price Sensitive,hybrid,0.7
11798,11798,2,Low Engagement,hybrid,0.6
11799,11799,3,Price Sensitive,hybrid,0.6
11800,11800,4,Loyal Customer,hybrid,0.6
11801,11801,2,Low Engagement,hybrid,0.6
11802,11802,3,Price Sensitive,hybrid,0.75
11803,11803,2,Low Engagement,hybrid,0.6
11804,11804,3,Price Sensitive,hybrid,0.75
11805,11805,4,Loyal Customer,hybrid,0.6
11806,11806,4,Loyal Customer,hybrid,0.7
11807,11807,2,Low Engagement,hybrid,0.6
11808,11808,4,Loyal Customer,hybrid,0.75
11809,11809,1,High Intent,hybrid,0.7
11810,11810,1,High Intent,hybrid,0.7
11811,11811,2,Low Engagement,hybrid,0.75
11812,11812,3,Price Sensitive,hybrid,0.7
11813,11813,4,Loyal Customer,hybrid,0.6
11814,11814,3,Price Sensitive,hybrid,0.75
11815,11815,2,Low Engagement,hybrid,0.8
11816,11816,2,Low Engagement,hybrid,0.6
11817,11817,4,Loyal Customer,hybrid,0.8
11818,11818,4,Loyal Customer,hybrid,0.7
11819,11819,3,Price Sensitive,hybrid,0.75
11820,11820,2,Low Engagement,hybrid,0.6
11821,11821,3,Price Sensitive,hybrid,0.7
11822,11822,1,High Intent,hybrid,0.7
11823,11823,1,High Intent,hybrid,0.75
11824,11824,4,Loyal Customer,hybrid,0.7
11825,11825,1,High Intent,hybrid,0.75
11826,11826,1,High Intent,hybrid,0.7
11827,11827,2,Low Engagement,hybrid,0.6
11828,11828,4,Loyal Customer,hybrid,0.6
11829,11829,3,Price Sensitive,hybrid,0.6
11830,11830,4,Loyal Customer,hybrid,0.6
11831,11831,2,Low Engagement,hybrid,0.8
11832,11832,4,Loyal Customer,hybrid,0.6
11833,11833,2,Low Engagement,hybrid,0.6
11834,11834,1,High Intent,hybrid,0.7
11835,11835,3,Price Sensitive,hybrid,0.8
11836,11836,1,High Intent,hybrid,0.7
11837,11837,2,Low Engagement,hybrid,0.6
11838,11838,2,Low Engagement,hybrid,0.6
11839,11839,2,Low Engagement,hybrid,0.6
11840,11840,2,Low Engagement,hybrid,0.6
11841,11841,1,High Intent,hybrid,0.7
11842,11842,1,High Intent,hybrid,0.6
11843,11843,2,Low Engagement,hybrid,0.75
11844,11844,4,Loyal Customer,hybrid,0.6
11845,11845,4,Loyal Customer,hybrid,0.8
11846,11846,2,Low Engagement,hybrid,0.6
11847,11847,1,High Intent,hybrid,0.7
11848,11848,2,Low Engagement,hybrid,0.75
11849,11849,3,Price Sensitive,hybrid,0.6
11850,11850,2,Low Engagement,hybrid,0.75
11851,11851,1,High Intent,hybrid,0.95
11852,11852,1,High Intent,hybrid,0.7
11853,11853,1,High Intent,hybrid,0.7
11854,11854,4,Loyal Customer,hybrid,0.6
11855,11855,1,High Intent,hybrid,0.6
11856,11856,4,Loyal Customer,hybrid,0.7
11857,11857,1,High Intent,hybrid,0.7
11858,11858,2,Low Engagement,hybrid,0.8
11859,11859,2,Low Engagement,hybrid,0.75
11860,11860,1,High Intent,hybrid,0.7
11861,11861,2,Low Engagement,hybrid,0.6
11862,11862,2,Low Engagement,hybrid,0.8
11863,11863,4,Loyal Customer,hybrid,0.6
11864,11864,1,High Intent,hybrid,0.7
11865,11865,2,Low Engagement,hybrid,0.75
11866,11866,4,Loyal Customer,hybrid,0.75
11867,11867,2,Low Engagement,hybrid,0.8
11868,11868,1,High Intent,hybrid,0.75
11869,11869,1,High Intent,hybrid,0.95
11870,11870,2,Low Engagement,hybrid,0.75
11871,11871,4,Loyal Customer,hybrid,0.75
11872,11872,2,Low Engagement,hybrid,0.75
11873,11873,4,Loyal Customer,hybrid,0.7
11874,11874,1,High Intent,hybrid,0.75
11875,11875,3,Price Sensitive,hybrid,0.6
11876,11876,2,Low Engagement,hybrid,0.6
11877,11877,2,Low Engagement,hybrid,0.6
11878,11878,4,Loyal Customer,hybrid,0.6
11879,11879,1,High Intent,hybrid,0.6
11880,11880,4,Loyal Customer,hybrid,0.6
11881,11881,1,High Intent,hybrid,0.75
11882,11882,2,Low Engagement,hybrid,0.6
11883,11883,3,Price Sensitive,hybrid,0.75
11884,11884,2,Low Engagement,hybrid,0.6
11885,11885,5,New Cold User,hybrid,0.65
11886,11886,2,Low Engagement,hybrid,0.6
11887,11887,4,Loyal Customer,hybrid,0.7
11888,11888,4,Loyal Customer,hybrid,0.7
11889,11889,4,Loyal Customer,hybrid,0.8
11890,11890,1,High Intent,hybrid,0.7
11891,11891,1,High Intent,hybrid,0.7
11892,11892,4,Loyal Customer,hybrid,0.6
11893,11893,4,Loyal Customer,hybrid,0.8
11894,11894,3,Price Sensitive,hybrid,0.75
11895,11895,2,Low Engagement,hybrid,0.6
11896,11896,2,Low Engagement,hybrid,0.6
11897,11897,1,High Intent,hybrid,0.6
11898,11898,2,Low Engagement,hybrid,0.75
11899,11899,1,High Intent,hybrid,0.75
11900,11900,3,Price Sensitive,hybrid,0.7
11901,11901,1,High Intent,hybrid,0.7
11902,11902,1,High Intent,hybrid,0.75
11903,11903,2,Low Engagement,hybrid,0.6
11904,11904,1,High Intent,hybrid,0.7
11905,11905,2,Low Engagement,hybrid,0.7
11906,11906,2,Low Engagement,hybrid,0.6
11907,11907,2,Low Engagement,hybrid,0.6
11908,11908,4,Loyal Customer,hybrid,0.6
11909,11909,1,High Intent,hybrid,0.7
11910,11910,2,Low Engagement,hybrid,0.8
11911,11911,4,Loyal Customer,hybrid,0.8
11912,11912,4,Loyal Customer,hybrid,0.7
11913,11913,2,Low Engagement,hybrid,0.8
11914,11914,2,Low Engagement,hybrid,0.6
11915,11915,1,High Intent,hybrid,0.7
11916,11916,4,Loyal Customer,hybrid,0.6
11917,11917,2,Low Engagement,hybrid,0.6
11918,11918,3,Price Sensitive,hybrid,0.7
11919,11919,3,Price Sensitive,hybrid,0.7
11920,11920,2,Low Engagement,hybrid,0.7
11921,11921,4,Loyal Customer,hybrid,0.6
11922,11922,5,New Cold User,hybrid,0.65
11923,11923,4,Loyal Customer,hybrid,0.75
11924,11924,2,Low Engagement,hybrid,0.6
11925,11925,3,Price Sensitive,hybrid,0.6
11926,11926,2,Low Engagement,hybrid,0.8
11927,11927,1,High Intent,hybrid,0.6
11928,11928,3,Price Sensitive,hybrid,0.95
11929,11929,3,Price Sensitive,hybrid,0.6
11930,11930,1,High Intent,hybrid,0.7
11931,11931,3,Price Sensitive,hybrid,0.7
11932,11932,2,Low Engagement,hybrid,0.7
11933,11933,3,Price Sensitive,hybrid,0.8
11934,11934,2,Low Engagement,hybrid,0.6
11935,11935,1,High Intent,hybrid,0.7
11936,11936,2,Low Engagement,hybrid,0.8
11937,11937,2,Low Engagement,hybrid,0.6
11938,11938,2,Low Engagement,hybrid,0.6
11939,11939,1,High Intent,hybrid,0.6
11940,11940,2,Low Engagement,hybrid,0.75
11941,11941,4,Loyal Customer,hybrid,0.6
11942,11942,4,Loyal Customer,hybrid,0.6
11943,11943,1,High Intent,hybrid,0.6
11944,11944,1,High Intent,hybrid,0.7
11945,11945,2,Low Engagement,hybrid,0.8
11946,11946,3,Price Sensitive,hybrid,0.95
11947,11947,1,High Intent,hybrid,0.8
11948,11948,2,Low Engagement,hybrid,0.6
11949,11949,2,Low Engagement,hybrid,0.6
11950,11950,4,Loyal Customer,hybrid,0.6
11951,11951,2,Low Engagement,hybrid,0.7
11952,11952,5,New Cold User,hybrid,0.65
11953,11953,2,Low Engagement,hybrid,0.75
11954,11954,4,Loyal Customer,hybrid,0.6
11955,11955,1,High Intent,hybrid,0.6
11956,11956,2,Low Engagement,hybrid,0.8
11957,11957,3,Price Sensitive,hybrid,0.7
11958,11958,1,High Intent,hybrid,0.7
11959,11959,4,Loyal Customer,hybrid,0.8
11960,11960,2,Low Engagement,hybrid,0.6
11961,11961,2,Low Engagement,hybrid,0.7
11962,11962,1,High Intent,hybrid,0.75
11963,11963,5,New Cold User,hybrid,0.65
11964,11964,3,Price Sensitive,hybrid,0.6
11965,11965,3,Price Sensitive,hybrid,0.8
11966,11966,4,Loyal Customer,hybrid,0.75
11967,11967,3,Price Sensitive,hybrid,0.7
11968,11968,4,Loyal Customer,hybrid,0.6
11969,11969,1,High Intent,hybrid,0.75
11970,11970,2,Low Engagement,hybrid,0.75
11971,11971,3,Price Sensitive,hybrid,0.75
11972,11972,2,Low Engagement,hybrid,0.7
11973,11973,1,High Intent,hybrid,0.7
11974,11974,1,High Intent,hybrid,0.7
11975,11975,2,Low Engagement,hybrid,0.6
11976,11976,3,Price Sensitive,hybrid,0.8
11977,11977,1,High Intent,hybrid,0.7
11978,11978,4,Loyal Customer,hybrid,0.8
11979,11979,2,Low Engagement,hybrid,0.6
11980,11980,4,Loyal Customer,hybrid,0.8
11981,11981,3,Price Sensitive,hybrid,0.7
11982,11982,2,Low Engagement,hybrid,0.8
11983,11983,1,High Intent,hybrid,0.8
11984,11984,1,High Intent,hybrid,0.7
11985,11985,4,Loyal Customer,hybrid,0.8
11986,11986,1,High Intent,hybrid,0.6
11987,11987,2,Low Engagement,hybrid,0.75
11988,11988,2,Low Engagement,hybrid,0.6
11989,11989,2,Low Engagement,hybrid,0.6
11990,11990,3,Price Sensitive,hybrid,0.75
11991,11991,2,Low Engagement,hybrid,0.6
11992,11992,2,Low Engagement,hybrid,0.75
11993,11993,2,Low Engagement,hybrid,0.8
11994,11994,2,Low Engagement,hybrid,0.8
11995,11995,2,Low Engagement,hybrid,0.6
11996,11996,4,Loyal Customer,hybrid,0.8
11997,11997,4,Loyal Customer,hybrid,0.7
11998,11998,4,Loyal Customer,hybrid,0.8
11999,11999,1,High Intent,hybrid,0.7
12000,12000,1,High Intent,hybrid,0.6
12001,12001,2,Low Engagement,hybrid,0.75
12002,12002,2,Low Engagement,hybrid,0.75
12003,12003,4,Loyal Customer,hybrid,0.8
12004,12004,2,Low Engagement,hybrid,0.75
12005,12005,2,Low Engagement,hybrid,0.6
12006,12006,4,Loyal Customer,hybrid,0.8
12007,12007,2,Low Engagement,hybrid,0.75
12008,12008,2,Low Engagement,hybrid,0.75
12009,12009,2,Low Engagement,hybrid,0.95
12010,12010,1,High Intent,hybrid,0.7
12011,12011,2,Low Engagement,hybrid,0.6
12012,12012,1,High Intent,hybrid,0.7
12013,12013,3,Price Sensitive,hybrid,0.8
12014,12014,2,Low Engagement,hybrid,0.6
12015,12015,1,High Intent,hybrid,0.7
12016,12016,2,Low Engagement,hybrid,0.6
12017,12017,4,Loyal Customer,hybrid,0.75
12018,12018,2,Low Engagement,hybrid,0.6
12019,12019,2,Low Engagement,hybrid,0.8
12020,12020,2,Low Engagement,hybrid,0.75
12021,12021,4,Loyal Customer,hybrid,0.7
12022,12022,2,Low Engagement,hybrid,0.75
12023,12023,3,Price Sensitive,hybrid,0.7
12024,12024,2,Low Engagement,hybrid,0.6
12025,12025,3,Price Sensitive,hybrid,0.6
12026,12026,1,High Intent,hybrid,0.7
12027,12027,2,Low Engagement,hybrid,0.6
12028,12028,2,Low Engagement,hybrid,0.6
12029,12029,3,Price Sensitive,hybrid,0.8
12030,12030,1,High Intent,hybrid,0.7
12031,12031,2,Low Engagement,hybrid,0.7
12032,12032,2,Low Engagement,hybrid,0.75
12033,12033,2,Low Engagement,hybrid,0.6
12034,12034,2,Low Engagement,hybrid,0.6
12035,12035,4,Loyal Customer,hybrid,0.7
12036,12036,1,High Intent,hybrid,0.95
12037,12037,2,Low Engagement,hybrid,0.75
12038,12038,1,High Intent,hybrid,0.7
12039,12039,4,Loyal Customer,hybrid,0.7
12040,12040,1,High Intent,hybrid,0.7
12041,12041,3,Price Sensitive,hybrid,0.6
12042,12042,2,Low Engagement,hybrid,0.6
12043,12043,4,Loyal Customer,hybrid,0.7
12044,12044,2,Low Engagement,hybrid,0.75
12045,12045,1,High Intent,hybrid,0.6
12046,12046,2,Low Engagement,hybrid,0.6
12047,12047,2,Low Engagement,hybrid,0.75
12048,12048,2,Low Engagement,hybrid,0.6
12049,12049,3,Price Sensitive,hybrid,0.75
12050,12050,1,High Intent,hybrid,0.7
12051,12051,3,Price Sensitive,hybrid,0.8
12052,12052,2,Low Engagement,hybrid,0.6
12053,12053,3,Price Sensitive,hybrid,0.75
12054,12054,1,High Intent,hybrid,0.7
12055,12055,2,Low Engagement,hybrid,0.75
12056,12056,2,Low Engagement,hybrid,0.6
12057,12057,1,High Intent,hybrid,0.7
12058,12058,1,High Intent,hybrid,0.6
12059,12059,3,Price Sensitive,hybrid,0.7
12060,12060,3,Price Sensitive,hybrid,0.7
12061,12061,1,High Intent,hybrid,0.7
12062,12062,2,Low Engagement,hybrid,0.6
12063,12063,2,Low Engagement,hybrid,0.6
12064,12064,2,Low Engagement,hybrid,0.6
12065,12065,1,High Intent,hybrid,0.75
12066,12066,2,Low Engagement,hybrid,0.6
12067,12067,3,Price Sensitive,hybrid,0.7
12068,12068,3,Price Sensitive,hybrid,0.95
12069,12069,3,Price Sensitive,hybrid,0.6
12070,12070,2,Low Engagement,hybrid,0.6
12071,12071,1,High Intent,hybrid,0.7
12072,12072,4,Loyal Customer,hybrid,0.6
12073,12073,4,Loyal Customer,hybrid,0.8
12074,12074,1,High Intent,hybrid,0.75
12075,12075,1,High Intent,hybrid,0.6
12076,12076,3,Price Sensitive,hybrid,0.7
12077,12077,4,Loyal Customer,hybrid,0.6
12078,12078,4,Loyal Customer,hybrid,0.8
12079,12079,1,High Intent,hybrid,0.7
12080,12080,1,High Intent,hybrid,0.75
12081,12081,3,Price Sensitive,hybrid,0.6
12082,12082,3,Price Sensitive,hybrid,0.7
12083,12083,3,Price Sensitive,hybrid,0.75
12084,12084,4,Loyal Customer,hybrid,0.6
12085,12085,3,Price Sensitive,hybrid,0.75
12086,12086,1,High Intent,hybrid,0.8
12087,12087,2,Low Engagement,hybrid,0.7
12088,12088,4,Loyal Customer,hybrid,0.8
12089,12089,3,Price Sensitive,hybrid,0.6
12090,12090,4,Loyal Customer,hybrid,0.6
12091,12091,2,Low Engagement,hybrid,0.75
12092,12092,4,Loyal Customer,hybrid,0.6
12093,12093,4,Loyal Customer,hybrid,0.6
12094,12094,3,Price Sensitive,hybrid,0.8
12095,12095,3,Price Sensitive,hybrid,0.7
12096,12096,2,Low Engagement,hybrid,0.6
12097,12097,1,High Intent,hybrid,0.7
12098,12098,4,Loyal Customer,hybrid,0.6
12099,12099,3,Price Sensitive,hybrid,0.6
12100,12100,1,High Intent,hybrid,0.7
12101,12101,3,Price Sensitive,hybrid,0.75
12102,12102,2,Low Engagement,hybrid,0.75
12103,12103,2,Low Engagement,hybrid,0.6
12104,12104,2,Low Engagement,hybrid,0.6
12105,12105,2,Low Engagement,hybrid,0.6
12106,12106,2,Low Engagement,hybrid,0.95
12107,12107,2,Low Engagement,hybrid,0.6
12108,12108,4,Loyal Customer,hybrid,0.8
12109,12109,1,High Intent,hybrid,0.7
12110,12110,4,Loyal Customer,hybrid,0.75
12111,12111,2,Low Engagement,hybrid,0.6
12112,12112,2,Low Engagement,hybrid,0.75
12113,12113,3,Price Sensitive,hybrid,0.75
12114,12114,4,Loyal Customer,hybrid,0.6
12115,12115,4,Loyal Customer,hybrid,0.7
12116,12116,3,Price Sensitive,hybrid,0.75
12117,12117,2,Low Engagement,hybrid,0.8
12118,12118,2,Low Engagement,hybrid,0.75
12119,12119,3,Price Sensitive,hybrid,0.8
12120,12120,2,Low Engagement,hybrid,0.6
12121,12121,1,High Intent,hybrid,0.7
12122,12122,3,Price Sensitive,hybrid,0.75
12123,12123,2,Low Engagement,hybrid,0.6
12124,12124,2,Low Engagement,hybrid,0.6
12125,12125,2,Low Engagement,hybrid,0.75
12126,12126,2,Low Engagement,hybrid,0.6
12127,12127,2,Low Engagement,hybrid,0.75
12128,12128,2,Low Engagement,hybrid,0.6
12129,12129,4,Loyal Customer,hybrid,0.95
12130,12130,3,Price Sensitive,hybrid,0.75
12131,12131,2,Low Engagement,hybrid,0.6
12132,12132,3,Price Sensitive,hybrid,0.6
12133,12133,2,Low Engagement,hybrid,0.6
12134,12134,4,Loyal Customer,hybrid,0.7
12135,12135,1,High Intent,hybrid,0.7
12136,12136,3,Price Sensitive,hybrid,0.8
12137,12137,2,Low Engagement,hybrid,0.6
12138,12138,2,Low Engagement,hybrid,0.75
12139,12139,3,Price Sensitive,hybrid,0.7
12140,12140,3,Price Sensitive,hybrid,0.95
12141,12141,3,Price Sensitive,hybrid,0.6
12142,12142,4,Loyal Customer,hybrid,0.7
12143,12143,2,Low Engagement,hybrid,0.75
12144,12144,2,Low Engagement,hybrid,0.6
12145,12145,1,High Intent,hybrid,0.75
12146,12146,3,Price Sensitive,hybrid,0.75
12147,12147,2,Low Engagement,hybrid,0.6
12148,12148,2,Low Engagement,hybrid,0.8
12149,12149,3,Price Sensitive,hybrid,0.8
12150,12150,1,High Intent,hybrid,0.8
12151,12151,1,High Intent,hybrid,0.6
12152,12152,4,Loyal Customer,hybrid,0.7
12153,12153,1,High Intent,hybrid,0.7
12154,12154,2,Low Engagement,hybrid,0.6
12155,12155,3,Price Sensitive,hybrid,0.75
12156,12156,1,High Intent,hybrid,0.8
12157,12157,2,Low Engagement,hybrid,0.8
12158,12158,1,High Intent,hybrid,0.6
12159,12159,2,Low Engagement,hybrid,0.95
12160,12160,3,Price Sensitive,hybrid,0.8
12161,12161,1,High Intent,hybrid,0.7
12162,12162,1,High Intent,hybrid,0.6
12163,12163,2,Low Engagement,hybrid,0.75
12164,12164,3,Price Sensitive,hybrid,0.8
12165,12165,4,Loyal Customer,hybrid,0.6
12166,12166,2,Low Engagement,hybrid,0.6
12167,12167,2,Low Engagement,hybrid,0.75
12168,12168,1,High Intent,hybrid,0.7
12169,12169,3,Price Sensitive,hybrid,0.7
12170,12170,2,Low Engagement,hybrid,0.6
12171,12171,1,High Intent,hybrid,0.7
12172,12172,2,Low Engagement,hybrid,0.6
12173,12173,1,High Intent,hybrid,0.6
12174,12174,4,Loyal Customer,hybrid,0.8
12175,12175,4,Loyal Customer,hybrid,0.6
12176,12176,2,Low Engagement,hybrid,0.6
12177,12177,2,Low Engagement,hybrid,0.6
12178,12178,2,Low Engagement,hybrid,0.6
12179,12179,2,Low Engagement,hybrid,0.6
12180,12180,4,Loyal Customer,hybrid,0.6
12181,12181,2,Low Engagement,hybrid,0.6
12182,12182,1,High Intent,hybrid,0.6
12183,12183,2,Low Engagement,hybrid,0.6
12184,12184,4,Loyal Customer,hybrid,0.6
12185,12185,2,Low Engagement,hybrid,0.6
12186,12186,2,Low Engagement,hybrid,0.75
12187,12187,4,Loyal Customer,hybrid,0.8
12188,12188,3,Price Sensitive,hybrid,0.7
12189,12189,4,Loyal Customer,hybrid,0.6
12190,12190,2,Low Engagement,hybrid,0.6
12191,12191,1,High Intent,hybrid,0.7
12192,12192,1,High Intent,hybrid,0.7
12193,12193,2,Low Engagement,hybrid,0.6
12194,12194,2,Low Engagement,hybrid,0.75
12195,12195,2,Low Engagement,hybrid,0.6
12196,12196,2,Low Engagement,hybrid,0.6
12197,12197,1,High Intent,hybrid,0.7
12198,12198,3,Price Sensitive,hybrid,0.8
12199,12199,2,Low Engagement,hybrid,0.75
12200,12200,3,Price Sensitive,hybrid,0.75
12201,12201,2,Low Engagement,hybrid,0.6
12202,12202,2,Low Engagement,hybrid,0.6
12203,12203,1,High Intent,hybrid,0.7
12204,12204,2,Low Engagement,hybrid,0.6
12205,12205,1,High Intent,hybrid,0.7
12206,12206,3,Price Sensitive,hybrid,0.6
12207,12207,2,Low Engagement,hybrid,0.75
12208,12208,1,High Intent,hybrid,0.75
12209,12209,2,Low Engagement,hybrid,0.6
12210,12210,4,Loyal Customer,hybrid,0.6
12211,12211,2,Low Engagement,hybrid,0.75
12212,12212,4,Loyal Customer,hybrid,0.6
12213,12213,3,Price Sensitive,hybrid,0.6
12214,12214,4,Loyal Customer,hybrid,0.75
12215,12215,2,Low Engagement,hybrid,0.75
12216,12216,1,High Intent,hybrid,0.6
12217,12217,3,Price Sensitive,hybrid,0.7
12218,12218,4,Loyal Customer,hybrid,0.95
12219,12219,4,Loyal Customer,hybrid,0.6
12220,12220,1,High Intent,hybrid,0.7
12221,12221,3,Price Sensitive,hybrid,0.7
12222,12222,1,High Intent,hybrid,0.6
12223,12223,3,Price Sensitive,hybrid,0.8
12224,12224,4,Loyal Customer,hybrid,0.6
12225,12225,2,Low Engagement,hybrid,0.8
12226,12226,2,Low Engagement,hybrid,0.8
12227,12227,2,Low Engagement,hybrid,0.6
12228,12228,4,Loyal Customer,hybrid,0.6
12229,12229,3,Price Sensitive,hybrid,0.75
12230,12230,3,Price Sensitive,hybrid,0.6
12231,12231,4,Loyal Customer,hybrid,0.6
12232,12232,4,Loyal Customer,hybrid,0.6
12233,12233,4,Loyal Customer,hybrid,0.6
12234,12234,4,Loyal Customer,hybrid,0.6
12235,12235,1,High Intent,hybrid,0.7
12236,12236,2,Low Engagement,hybrid,0.6
12237,12237,4,Loyal Customer,hybrid,0.8
12238,12238,1,High Intent,hybrid,0.8
12239,12239,2,Low Engagement,hybrid,0.6
12240,12240,4,Loyal Customer,hybrid,0.75
12241,12241,3,Price Sensitive,hybrid,0.7
12242,12242,2,Low Engagement,hybrid,0.6
12243,12243,1,High Intent,hybrid,0.7
12244,12244,3,Price Sensitive,hybrid,0.8
12245,12245,3,Price Sensitive,hybrid,0.7
12246,12246,4,Loyal Customer,hybrid,0.7
12247,12247,4,Loyal Customer,hybrid,0.75
12248,12248,4,Loyal Customer,hybrid,0.7
12249,12249,4,Loyal Customer,hybrid,0.6
12250,12250,2,Low Engagement,hybrid,0.75
12251,12251,1,High Intent,hybrid,0.7
12252,12252,2,Low Engagement,hybrid,0.6
12253,12253,2,Low Engagement,hybrid,0.75
12254,12254,3,Price Sensitive,hybrid,0.7
12255,12255,4,Loyal Customer,hybrid,0.6
12256,12256,2,Low Engagement,hybrid,0.75
12257,12257,2,Low Engagement,hybrid,0.75
12258,12258,4,Loyal Customer,hybrid,0.6
12259,12259,4,Loyal Customer,hybrid,0.8
12260,12260,2,Low Engagement,hybrid,0.6
12261,12261,2,Low Engagement,hybrid,0.75
12262,12262,3,Price Sensitive,hybrid,0.95
12263,12263,2,Low Engagement,hybrid,0.6
12264,12264,4,Loyal Customer,hybrid,0.75
12265,12265,3,Price Sensitive,hybrid,0.75
12266,12266,3,Price Sensitive,hybrid,0.7
12267,12267,1,High Intent,hybrid,0.7
12268,12268,4,Loyal Customer,hybrid,0.6
12269,12269,2,Low Engagement,hybrid,0.75
12270,12270,3,Price Sensitive,hybrid,0.75
12271,12271,2,Low Engagement,hybrid,0.6
12272,12272,5,New Cold User,hybrid,0.65
12273,12273,4,Loyal Customer,hybrid,0.95
12274,12274,2,Low Engagement,hybrid,0.6
12275,12275,1,High Intent,hybrid,0.7
12276,12276,1,High Intent,hybrid,0.6
12277,12277,4,Loyal Customer,hybrid,0.6
12278,12278,2,Low Engagement,hybrid,0.7
12279,12279,1,High Intent,hybrid,0.7
12280,12280,3,Price Sensitive,hybrid,0.6
12281,12281,2,Low Engagement,hybrid,0.6
12282,12282,2,Low Engagement,hybrid,0.6
12283,12283,4,Loyal Customer,hybrid,0.8
12284,12284,4,Loyal Customer,hybrid,0.8
12285,12285,1,High Intent,hybrid,0.8
12286,12286,2,Low Engagement,hybrid,0.75
12287,12287,1,High Intent,hybrid,0.7
12288,12288,2,Low Engagement,hybrid,0.6
12289,12289,1,High Intent,hybrid,0.7
12290,12290,1,High Intent,hybrid,0.75
12291,12291,3,Price Sensitive,hybrid,0.8
12292,12292,3,Price Sensitive,hybrid,0.6
12293,12293,2,Low Engagement,hybrid,0.6
12294,12294,2,Low Engagement,hybrid,0.7
12295,12295,4,Loyal Customer,hybrid,0.6
12296,12296,4,Loyal Customer,hybrid,0.6
12297,12297,1,High Intent,hybrid,0.7
12298,12298,5,New Cold User,hybrid,0.65
12299,12299,1,High Intent,hybrid,0.75
12300,12300,2,Low Engagement,hybrid,0.6
12301,12301,1,High Intent,hybrid,0.7
12302,12302,4,Loyal Customer,hybrid,0.6
12303,12303,3,Price Sensitive,hybrid,0.95
12304,12304,1,High Intent,hybrid,0.75
12305,12305,3,Price Sensitive,hybrid,0.75
12306,12306,2,Low Engagement,hybrid,0.75
12307,12307,4,Loyal Customer,hybrid,0.6
12308,12308,2,Low Engagement,hybrid,0.75
12309,12309,1,High Intent,hybrid,0.6
12310,12310,2,Low Engagement,hybrid,0.75
12311,12311,2,Low Engagement,hybrid,0.6
12312,12312,4,Loyal Customer,hybrid,0.6
12313,12313,3,Price Sensitive,hybrid,0.8
12314,12314,1,High Intent,hybrid,0.6
12315,12315,3,Price Sensitive,hybrid,0.8
12316,12316,2,Low Engagement,hybrid,0.6
12317,12317,2,Low Engagement,hybrid,0.75
12318,12318,2,Low Engagement,hybrid,0.6
12319,12319,4,Loyal Customer,hybrid,0.75
12320,12320,1,High Intent,hybrid,0.7
12321,12321,2,Low Engagement,hybrid,0.6
12322,12322,3,Price Sensitive,hybrid,0.6
12323,12323,1,High Intent,hybrid,0.7
12324,12324,2,Low Engagement,hybrid,0.6
12325,12325,2,Low Engagement,hybrid,0.6
12326,12326,5,New Cold User,hybrid,0.65
12327,12327,3,Price Sensitive,hybrid,0.6
12328,12328,1,High Intent,hybrid,0.7
12329,12329,4,Loyal Customer,hybrid,0.6
12330,12330,2,Low Engagement,hybrid,0.6
12331,12331,3,Price Sensitive,hybrid,0.75
12332,12332,2,Low Engagement,hybrid,0.6
12333,12333,1,High Intent,hybrid,0.7
12334,12334,3,Price Sensitive,hybrid,0.7
12335,12335,1,High Intent,hybrid,0.7
12336,12336,2,Low Engagement,hybrid,0.6
12337,12337,2,Low Engagement,hybrid,0.6
12338,12338,1,High Intent,hybrid,0.75
12339,12339,3,Price Sensitive,hybrid,0.8
12340,12340,2,Low Engagement,hybrid,0.75
12341,12341,1,High Intent,hybrid,0.75
12342,12342,2,Low Engagement,hybrid,0.6
12343,12343,1,High Intent,hybrid,0.7
12344,12344,3,Price Sensitive,hybrid,0.6
12345,12345,4,Loyal Customer,hybrid,0.8
12346,12346,2,Low Engagement,hybrid,0.8
12347,12347,3,Price Sensitive,hybrid,0.7
12348,12348,2,Low Engagement,hybrid,0.6
12349,12349,2,Low Engagement,hybrid,0.75
12350,12350,4,Loyal Customer,hybrid,0.6
12351,12351,2,Low Engagement,hybrid,0.6
12352,12352,1,High Intent,hybrid,0.7
12353,12353,1,High Intent,hybrid,0.7
12354,12354,2,Low Engagement,hybrid,0.8
12355,12355,3,Price Sensitive,hybrid,0.7
12356,12356,1,High Intent,hybrid,0.7
12357,12357,4,Loyal Customer,hybrid,0.6
12358,12358,5,New Cold User,hybrid,0.65
12359,12359,4,Loyal Customer,hybrid,0.6
12360,12360,2,Low Engagement,hybrid,0.6
12361,12361,1,High Intent,hybrid,0.95
12362,12362,1,High Intent,hybrid,0.95
12363,12363,2,Low Engagement,hybrid,0.6
12364,12364,3,Price Sensitive,hybrid,0.6
12365,12365,2,Low Engagement,hybrid,0.6
12366,12366,2,Low Engagement,hybrid,0.75
12367,12367,2,Low Engagement,hybrid,0.6
12368,12368,2,Low Engagement,hybrid,0.6
12369,12369,2,Low Engagement,hybrid,0.6
12370,12370,4,Loyal Customer,hybrid,0.6
12371,12371,2,Low Engagement,hybrid,0.6
12372,12372,3,Price Sensitive,hybrid,0.95
12373,12373,3,Price Sensitive,hybrid,0.75
12374,12374,1,High Intent,hybrid,0.95
12375,12375,1,High Intent,hybrid,0.7
12376,12376,4,Loyal Customer,hybrid,0.6
12377,12377,1,High Intent,hybrid,0.75
12378,12378,2,Low Engagement,hybrid,0.75
12379,12379,1,High Intent,hybrid,0.75
12380,12380,1,High Intent,hybrid,0.75
12381,12381,3,Price Sensitive,hybrid,0.7
12382,12382,2,Low Engagement,hybrid,0.6
12383,12383,1,High Intent,hybrid,0.7
12384,12384,4,Loyal Customer,hybrid,0.6
12385,12385,2,Low Engagement,hybrid,0.6
12386,12386,3,Price Sensitive,hybrid,0.7
12387,12387,3,Price Sensitive,hybrid,0.8
12388,12388,3,Price Sensitive,hybrid,0.75
12389,12389,2,Low Engagement,hybrid,0.6
12390,12390,2,Low Engagement,hybrid,0.6
12391,12391,4,Loyal Customer,hybrid,0.6
12392,12392,2,Low Engagement,hybrid,0.75
12393,12393,3,Price Sensitive,hybrid,0.6
12394,12394,4,Loyal Customer,hybrid,0.8
12395,12395,3,Price Sensitive,hybrid,0.75
12396,12396,2,Low Engagement,hybrid,0.6
12397,12397,1,High Intent,hybrid,0.7
12398,12398,1,High Intent,hybrid,0.7
12399,12399,3,Price Sensitive,hybrid,0.6
12400,12400,1,High Intent,hybrid,0.7
12401,12401,4,Loyal Customer,hybrid,0.75
12402,12402,2,Low Engagement,hybrid,0.6
12403,12403,4,Loyal Customer,hybrid,0.7
12404,12404,4,Loyal Customer,hybrid,0.6
12405,12405,5,New Cold User,hybrid,0.65
12406,12406,1,High Intent,hybrid,0.8
12407,12407,2,Low Engagement,hybrid,0.75
12408,12408,4,Loyal Customer,hybrid,0.6
12409,12409,3,Price Sensitive,hybrid,0.6
12410,12410,4,Loyal Customer,hybrid,0.95
12411,12411,4,Loyal Customer,hybrid,0.6
12412,12412,3,Price Sensitive,hybrid,0.7
12413,12413,2,Low Engagement,hybrid,0.6
12414,12414,4,Loyal Customer,hybrid,0.8
12415,12415,1,High Intent,hybrid,0.75
12416,12416,3,Price Sensitive,hybrid,0.95
12417,12417,2,Low Engagement,hybrid,0.6
12418,12418,1,High Intent,hybrid,0.7
12419,12419,2,Low Engagement,hybrid,0.6
12420,12420,2,Low Engagement,hybrid,0.75
12421,12421,3,Price Sensitive,hybrid,0.6
12422,12422,2,Low Engagement,hybrid,0.75
12423,12423,2,Low Engagement,hybrid,0.6
12424,12424,1,High Intent,hybrid,0.7
12425,12425,4,Loyal Customer,hybrid,0.6
12426,12426,4,Loyal Customer,hybrid,0.6
12427,12427,2,Low Engagement,hybrid,0.75
12428,12428,3,Price Sensitive,hybrid,0.7
12429,12429,1,High Intent,hybrid,0.7
12430,12430,4,Loyal Customer,hybrid,0.6
12431,12431,2,Low Engagement,hybrid,0.6
12432,12432,2,Low Engagement,hybrid,0.6
12433,12433,1,High Intent,hybrid,0.7
12434,12434,2,Low Engagement,hybrid,0.6
12435,12435,4,Loyal Customer,hybrid,0.6
12436,12436,4,Loyal Customer,hybrid,0.7
12437,12437,5,New Cold User,hybrid,0.65
12438,12438,4,Loyal Customer,hybrid,0.8
12439,12439,4,Loyal Customer,hybrid,0.7
12440,12440,1,High Intent,hybrid,0.7
12441,12441,3,Price Sensitive,hybrid,0.7
12442,12442,2,Low Engagement,hybrid,0.8
12443,12443,3,Price Sensitive,hybrid,0.8
12444,12444,1,High Intent,hybrid,0.7
12445,12445,2,Low Engagement,hybrid,0.75
12446,12446,1,High Intent,hybrid,0.6
12447,12447,1,High Intent,hybrid,0.7
12448,12448,4,Loyal Customer,hybrid,0.8
12449,12449,1,High Intent,hybrid,0.7
12450,12450,2,Low Engagement,hybrid,0.6
12451,12451,2,Low Engagement,hybrid,0.6
12452,12452,3,Price Sensitive,hybrid,0.75
12453,12453,2,Low Engagement,hybrid,0.6
12454,12454,3,Price Sensitive,hybrid,0.8
12455,12455,3,Price Sensitive,hybrid,0.75
12456,12456,2,Low Engagement,hybrid,0.6
12457,12457,1,High Intent,hybrid,0.7
12458,12458,2,Low Engagement,hybrid,0.6
12459,12459,4,Loyal Customer,hybrid,0.8
12460,12460,4,Loyal Customer,hybrid,0.6
12461,12461,5,New Cold User,hybrid,0.65
12462,12462,3,Price Sensitive,hybrid,0.6
12463,12463,4,Loyal Customer,hybrid,0.6
12464,12464,1,High Intent,hybrid,0.7
12465,12465,2,Low Engagement,hybrid,0.7
12466,12466,3,Price Sensitive,hybrid,0.7
12467,12467,2,Low Engagement,hybrid,0.75
12468,12468,1,High Intent,hybrid,0.95
12469,12469,4,Loyal Customer,hybrid,0.8
12470,12470,3,Price Sensitive,hybrid,0.6
12471,12471,3,Price Sensitive,hybrid,0.6
12472,12472,1,High Intent,hybrid,0.75
12473,12473,1,High Intent,hybrid,0.7
12474,12474,3,Price Sensitive,hybrid,0.7
12475,12475,2,Low Engagement,hybrid,0.6
12476,12476,4,Loyal Customer,hybrid,0.6
12477,12477,4,Loyal Customer,hybrid,0.6
12478,12478,2,Low Engagement,hybrid,0.75
12479,12479,1,High Intent,hybrid,0.7
12480,12480,3,Price Sensitive,hybrid,0.95
12481,12481,2,Low Engagement,hybrid,0.6
12482,12482,1,High Intent,hybrid,0.7
12483,12483,2,Low Engagement,hybrid,0.6
12484,12484,1,High Intent,hybrid,0.7
12485,12485,1,High Intent,hybrid,0.7
12486,12486,2,Low Engagement,hybrid,0.7
12487,12487,4,Loyal Customer,hybrid,0.8
12488,12488,3,Price Sensitive,hybrid,0.6
12489,12489,2,Low Engagement,hybrid,0.6
12490,12490,4,Loyal Customer,hybrid,0.75
12491,12491,4,Loyal Customer,hybrid,0.75
12492,12492,4,Loyal Customer,hybrid,0.8
12493,12493,3,Price Sensitive,hybrid,0.95
12494,12494,4,Loyal Customer,hybrid,0.6
12495,12495,1,High Intent,hybrid,0.6
12496,12496,1,High Intent,hybrid,0.7
12497,12497,1,High Intent,hybrid,0.7
12498,12498,1,High Intent,hybrid,0.7
12499,12499,1,High Intent,hybrid,0.7
12500,12500,2,Low Engagement,hybrid,0.75
12501,12501,4,Loyal Customer,hybrid,0.6
12502,12502,1,High Intent,hybrid,0.7
12503,12503,2,Low Engagement,hybrid,0.95
12504,12504,2,Low Engagement,hybrid,0.75
12505,12505,1,High Intent,hybrid,0.7
12506,12506,3,Price Sensitive,hybrid,0.95
12507,12507,1,High Intent,hybrid,0.75
12508,12508,2,Low Engagement,hybrid,0.8
12509,12509,2,Low Engagement,hybrid,0.75
12510,12510,1,High Intent,hybrid,0.6
12511,12511,1,High Intent,hybrid,0.6
12512,12512,2,Low Engagement,hybrid,0.6
12513,12513,3,Price Sensitive,hybrid,0.8
12514,12514,2,Low Engagement,hybrid,0.6
12515,12515,4,Loyal Customer,hybrid,0.8
12516,12516,2,Low Engagement,hybrid,0.6
12517,12517,3,Price Sensitive,hybrid,0.75
12518,12518,4,Loyal Customer,hybrid,0.6
12519,12519,4,Loyal Customer,hybrid,0.6
12520,12520,4,Loyal Customer,hybrid,0.7
12521,12521,3,Price Sensitive,hybrid,0.75
12522,12522,4,Loyal Customer,hybrid,0.95
12523,12523,4,Loyal Customer,hybrid,0.6
12524,12524,2,Low Engagement,hybrid,0.6
12525,12525,2,Low Engagement,hybrid,0.6
12526,12526,4,Loyal Customer,hybrid,0.6
12527,12527,3,Price Sensitive,hybrid,0.6
12528,12528,1,High Intent,hybrid,0.6
12529,12529,4,Loyal Customer,hybrid,0.8
12530,12530,2,Low Engagement,hybrid,0.6
12531,12531,3,Price Sensitive,hybrid,0.8
12532,12532,3,Price Sensitive,hybrid,0.7
12533,12533,1,High Intent,hybrid,0.7
12534,12534,2,Low Engagement,hybrid,0.6
12535,12535,4,Loyal Customer,hybrid,0.8
12536,12536,1,High Intent,hybrid,0.75
12537,12537,1,High Intent,hybrid,0.7
12538,12538,4,Loyal Customer,hybrid,0.7
12539,12539,1,High Intent,hybrid,0.7
12540,12540,3,Price Sensitive,hybrid,0.75
12541,12541,3,Price Sensitive,hybrid,0.8
12542,12542,3,Price Sensitive,hybrid,0.75
12543,12543,3,Price Sensitive,hybrid,0.6
12544,12544,1,High Intent,hybrid,0.7
12545,12545,2,Low Engagement,hybrid,0.6
12546,12546,2,Low Engagement,hybrid,0.6
12547,12547,2,Low Engagement,hybrid,0.6
12548,12548,2,Low Engagement,hybrid,0.6
12549,12549,1,High Intent,hybrid,0.6
12550,12550,2,Low Engagement,hybrid,0.75
12551,12551,3,Price Sensitive,hybrid,0.8
12552,12552,2,Low Engagement,hybrid,0.75
12553,12553,2,Low Engagement,hybrid,0.6
12554,12554,2,Low Engagement,hybrid,0.8
12555,12555,1,High Intent,hybrid,0.7
12556,12556,2,Low Engagement,hybrid,0.6
12557,12557,2,Low Engagement,hybrid,0.6
12558,12558,1,High Intent,hybrid,0.8
12559,12559,2,Low Engagement,hybrid,0.7
12560,12560,3,Price Sensitive,hybrid,0.6
12561,12561,5,New Cold User,hybrid,0.65
12562,12562,3,Price Sensitive,hybrid,0.6
12563,12563,1,High Intent,hybrid,0.6
12564,12564,2,Low Engagement,hybrid,0.75
12565,12565,3,Price Sensitive,hybrid,0.7
12566,12566,2,Low Engagement,hybrid,0.6
12567,12567,3,Price Sensitive,hybrid,0.75
12568,12568,4,Loyal Customer,hybrid,0.6
12569,12569,3,Price Sensitive,hybrid,0.6
12570,12570,1,High Intent,hybrid,0.7
12571,12571,2,Low Engagement,hybrid,0.6
12572,12572,4,Loyal Customer,hybrid,0.6
12573,12573,4,Loyal Customer,hybrid,0.95
12574,12574,2,Low Engagement,hybrid,0.6
12575,12575,1,High Intent,hybrid,0.7
12576,12576,3,Price Sensitive,hybrid,0.6
12577,12577,2,Low Engagement,hybrid,0.75
12578,12578,4,Loyal Customer,hybrid,0.6
12579,12579,4,Loyal Customer,hybrid,0.6
12580,12580,4,Loyal Customer,hybrid,0.6
12581,12581,3,Price Sensitive,hybrid,0.75
12582,12582,3,Price Sensitive,hybrid,0.8
12583,12583,2,Low Engagement,hybrid,0.6
12584,12584,2,Low Engagement,hybrid,0.75
12585,12585,4,Loyal Customer,hybrid,0.8
12586,12586,4,Loyal Customer,hybrid,0.75
12587,12587,4,Loyal Customer,hybrid,0.8
12588,12588,1,High Intent,hybrid,0.7
12589,12589,4,Loyal Customer,hybrid,0.7
12590,12590,2,Low Engagement,hybrid,0.75
12591,12591,4,Loyal Customer,hybrid,0.7
12592,12592,4,Loyal Customer,hybrid,0.8
12593,12593,5,New Cold User,hybrid,0.65
12594,12594,2,Low Engagement,hybrid,0.75
12595,12595,1,High Intent,hybrid,0.75
12596,12596,1,High Intent,hybrid,0.7
12597,12597,2,Low Engagement,hybrid,0.75
12598,12598,3,Price Sensitive,hybrid,0.75
12599,12599,4,Loyal Customer,hybrid,0.7
12600,12600,2,Low Engagement,hybrid,0.6
12601,12601,4,Loyal Customer,hybrid,0.7
12602,12602,2,Low Engagement,hybrid,0.75
12603,12603,4,Loyal Customer,hybrid,0.75
12604,12604,2,Low Engagement,hybrid,0.6
12605,12605,1,High Intent,hybrid,0.75
12606,12606,2,Low Engagement,hybrid,0.6
12607,12607,1,High Intent,hybrid,0.7
12608,12608,2,Low Engagement,hybrid,0.75
12609,12609,2,Low Engagement,hybrid,0.6
12610,12610,3,Price Sensitive,hybrid,0.8
12611,12611,2,Low Engagement,hybrid,0.6
12612,12612,2,Low Engagement,hybrid,0.8
12613,12613,3,Price Sensitive,hybrid,0.7
12614,12614,2,Low Engagement,hybrid,0.75
12615,12615,3,Price Sensitive,hybrid,0.6
12616,12616,4,Loyal Customer,hybrid,0.6
12617,12617,2,Low Engagement,hybrid,0.6
12618,12618,1,High Intent,hybrid,0.75
12619,12619,3,Price Sensitive,hybrid,0.6
12620,12620,4,Loyal Customer,hybrid,0.75
12621,12621,2,Low Engagement,hybrid,0.6
12622,12622,2,Low Engagement,hybrid,0.6
12623,12623,2,Low Engagement,hybrid,0.6
12624,12624,4,Loyal Customer,hybrid,0.6
12625,12625,2,Low Engagement,hybrid,0.6
12626,12626,3,Price Sensitive,hybrid,0.7
12627,12627,4,Loyal Customer,hybrid,0.8
12628,12628,3,Price Sensitive,hybrid,0.7
12629,12629,5,New Cold User,hybrid,0.65
12630,12630,3,Price Sensitive,hybrid,0.7
12631,12631,2,Low Engagement,hybrid,0.6
12632,12632,1,High Intent,hybrid,0.75
12633,12633,1,High Intent,hybrid,0.7
12634,12634,4,Loyal Customer,hybrid,0.7
12635,12635,1,High Intent,hybrid,0.6
12636,12636,2,Low Engagement,hybrid,0.75
12637,12637,2,Low Engagement,hybrid,0.75
12638,12638,5,New Cold User,hybrid,0.65
12639,12639,2,Low Engagement,hybrid,0.6
12640,12640,5,New Cold User,hybrid,0.65
12641,12641,1,High Intent,hybrid,0.7
12642,12642,1,High Intent,hybrid,0.6
12643,12643,1,High Intent,hybrid,0.7
12644,12644,4,Loyal Customer,hybrid,0.6
12645,12645,3,Price Sensitive,hybrid,0.8
12646,12646,3,Price Sensitive,hybrid,0.8
12647,12647,4,Loyal Customer,hybrid,0.6
12648,12648,2,Low Engagement,hybrid,0.6
12649,12649,2,Low Engagement,hybrid,0.6
12650,12650,1,High Intent,hybrid,0.7
12651,12651,2,Low Engagement,hybrid,0.6
12652,12652,2,Low Engagement,hybrid,0.75
12653,12653,2,Low Engagement,hybrid,0.8
12654,12654,1,High Intent,hybrid,0.75
12655,12655,2,Low Engagement,hybrid,0.6
12656,12656,2,Low Engagement,hybrid,0.6
12657,12657,4,Loyal Customer,hybrid,0.6
12658,12658,1,High Intent,hybrid,0.95
12659,12659,2,Low Engagement,hybrid,0.6
12660,12660,4,Loyal Customer,hybrid,0.7
12661,12661,2,Low Engagement,hybrid,0.6
12662,12662,2,Low Engagement,hybrid,0.75
12663,12663,2,Low Engagement,hybrid,0.6
12664,12664,2,Low Engagement,hybrid,0.6
12665,12665,4,Loyal Customer,hybrid,0.7
12666,12666,4,Loyal Customer,hybrid,0.7
12667,12667,4,Loyal Customer,hybrid,0.8
12668,12668,1,High Intent,hybrid,0.7
12669,12669,4,Loyal Customer,hybrid,0.6
12670,12670,4,Loyal Customer,hybrid,0.6
12671,12671,2,Low Engagement,hybrid,0.6
12672,12672,2,Low Engagement,hybrid,0.6
12673,12673,3,Price Sensitive,hybrid,0.6
12674,12674,2,Low Engagement,hybrid,0.6
12675,12675,4,Loyal Customer,hybrid,0.7
12676,12676,4,Loyal Customer,hybrid,0.6
12677,12677,4,Loyal Customer,hybrid,0.6
12678,12678,3,Price Sensitive,hybrid,0.7
12679,12679,3,Price Sensitive,hybrid,0.8
12680,12680,2,Low Engagement,hybrid,0.6
12681,12681,1,High Intent,hybrid,0.95
12682,12682,3,Price Sensitive,hybrid,0.75
12683,12683,3,Price Sensitive,hybrid,0.95
12684,12684,2,Low Engagement,hybrid,0.75
12685,12685,3,Price Sensitive,hybrid,0.6
12686,12686,3,Price Sensitive,hybrid,0.7
12687,12687,3,Price Sensitive,hybrid,0.95
12688,12688,2,Low Engagement,hybrid,0.6
12689,12689,3,Price Sensitive,hybrid,0.6
12690,12690,5,New Cold User,hybrid,0.65
12691,12691,2,Low Engagement,hybrid,0.6
12692,12692,3,Price Sensitive,hybrid,0.7
12693,12693,2,Low Engagement,hybrid,0.6
12694,12694,3,Price Sensitive,hybrid,0.7
12695,12695,3,Price Sensitive,hybrid,0.75
12696,12696,4,Loyal Customer,hybrid,0.6
12697,12697,4,Loyal Customer,hybrid,0.75
12698,12698,2,Low Engagement,hybrid,0.8
12699,12699,2,Low Engagement,hybrid,0.6
12700,12700,2,Low Engagement,hybrid,0.6
12701,12701,2,Low Engagement,hybrid,0.75
12702,12702,2,Low Engagement,hybrid,0.8
12703,12703,3,Price Sensitive,hybrid,0.95
12704,12704,1,High Intent,hybrid,0.7
12705,12705,1,High Intent,hybrid,0.7
12706,12706,4,Loyal Customer,hybrid,0.6
12707,12707,4,Loyal Customer,hybrid,0.6
12708,12708,1,High Intent,hybrid,0.7
12709,12709,2,Low Engagement,hybrid,0.6
12710,12710,3,Price Sensitive,hybrid,0.7
12711,12711,1,High Intent,hybrid,0.7
12712,12712,2,Low Engagement,hybrid,0.8
12713,12713,2,Low Engagement,hybrid,0.6
12714,12714,2,Low Engagement,hybrid,0.6
12715,12715,4,Loyal Customer,hybrid,0.6
12716,12716,4,Loyal Customer,hybrid,0.8
12717,12717,3,Price Sensitive,hybrid,0.95
12718,12718,4,Loyal Customer,hybrid,0.6
12719,12719,4,Loyal Customer,hybrid,0.8
12720,12720,2,Low Engagement,hybrid,0.8
12721,12721,1,High Intent,hybrid,0.7
12722,12722,1,High Intent,hybrid,0.7
12723,12723,2,Low Engagement,hybrid,0.6
12724,12724,2,Low Engagement,hybrid,0.6
12725,12725,2,Low Engagement,hybrid,0.6
12726,12726,2,Low Engagement,hybrid,0.6
12727,12727,1,High Intent,hybrid,0.75
12728,12728,2,Low Engagement,hybrid,0.75
12729,12729,4,Loyal Customer,hybrid,0.6
12730,12730,2,Low Engagement,hybrid,0.6
12731,12731,4,Loyal Customer,hybrid,0.8
12732,12732,3,Price Sensitive,hybrid,0.75
12733,12733,2,Low Engagement,hybrid,0.6
12734,12734,2,Low Engagement,hybrid,0.7
12735,12735,1,High Intent,hybrid,0.6
12736,12736,1,High Intent,hybrid,0.7
12737,12737,2,Low Engagement,hybrid,0.6
12738,12738,4,Loyal Customer,hybrid,0.8
12739,12739,1,High Intent,hybrid,0.7
12740,12740,4,Loyal Customer,hybrid,0.75
12741,12741,2,Low Engagement,hybrid,0.75
12742,12742,4,Loyal Customer,hybrid,0.7
12743,12743,2,Low Engagement,hybrid,0.7
12744,12744,2,Low Engagement,hybrid,0.6
12745,12745,3,Price Sensitive,hybrid,0.7
12746,12746,3,Price Sensitive,hybrid,0.75
12747,12747,2,Low Engagement,hybrid,0.6
12748,12748,2,Low Engagement,hybrid,0.6
12749,12749,1,High Intent,hybrid,0.75
12750,12750,1,High Intent,hybrid,0.75
12751,12751,3,Price Sensitive,hybrid,0.7
12752,12752,1,High Intent,hybrid,0.6
12753,12753,2,Low Engagement,hybrid,0.6
12754,12754,1,High Intent,hybrid,0.7
12755,12755,1,High Intent,hybrid,0.7
12756,12756,2,Low Engagement,hybrid,0.75
12757,12757,4,Loyal Customer,hybrid,0.6
12758,12758,2,Low Engagement,hybrid,0.6
12759,12759,1,High Intent,hybrid,0.6
12760,12760,5,New Cold User,hybrid,0.65
12761,12761,2,Low Engagement,hybrid,0.75
12762,12762,4,Loyal Customer,hybrid,0.6
12763,12763,4,Loyal Customer,hybrid,0.8
12764,12764,4,Loyal Customer,hybrid,0.8
12765,12765,1,High Intent,hybrid,0.95
12766,12766,4,Loyal Customer,hybrid,0.75
12767,12767,1,High Intent,hybrid,0.6
12768,12768,4,Loyal Customer,hybrid,0.6
12769,12769,1,High Intent,hybrid,0.7
12770,12770,3,Price Sensitive,hybrid,0.8
12771,12771,2,Low Engagement,hybrid,0.6
12772,12772,4,Loyal Customer,hybrid,0.6
12773,12773,4,Loyal Customer,hybrid,0.75
12774,12774,1,High Intent,hybrid,0.6
12775,12775,4,Loyal Customer,hybrid,0.6
12776,12776,2,Low Engagement,hybrid,0.6
12777,12777,1,High Intent,hybrid,0.7
12778,12778,4,Loyal Customer,hybrid,0.6
12779,12779,3,Price Sensitive,hybrid,0.7
12780,12780,3,Price Sensitive,hybrid,0.7
12781,12781,3,Price Sensitive,hybrid,0.6
12782,12782,2,Low Engagement,hybrid,0.6
12783,12783,2,Low Engagement,hybrid,0.8
12784,12784,1,High Intent,hybrid,0.7
12785,12785,3,Price Sensitive,hybrid,0.95
12786,12786,4,Loyal Customer,hybrid,0.6
12787,12787,3,Price Sensitive,hybrid,0.75
12788,12788,1,High Intent,hybrid,0.7
12789,12789,2,Low Engagement,hybrid,0.6
12790,12790,2,Low Engagement,hybrid,0.8
12791,12791,1,High Intent,hybrid,0.75
12792,12792,4,Loyal Customer,hybrid,0.6
12793,12793,4,Loyal Customer,hybrid,0.6
12794,12794,2,Low Engagement,hybrid,0.6
12795,12795,4,Loyal Customer,hybrid,0.6
12796,12796,2,Low Engagement,hybrid,0.6
12797,12797,2,Low Engagement,hybrid,0.6
12798,12798,4,Loyal Customer,hybrid,0.8
12799,12799,2,Low Engagement,hybrid,0.6
12800,12800,3,Price Sensitive,hybrid,0.6
12801,12801,3,Price Sensitive,hybrid,0.8
12802,12802,3,Price Sensitive,hybrid,0.6
12803,12803,4,Loyal Customer,hybrid,0.6
12804,12804,3,Price Sensitive,hybrid,0.8
12805,12805,2,Low Engagement,hybrid,0.6
12806,12806,4,Loyal Customer,hybrid,0.6
12807,12807,1,High Intent,hybrid,0.6
12808,12808,2,Low Engagement,hybrid,0.6
12809,12809,4,Loyal Customer,hybrid,0.8
12810,12810,4,Loyal Customer,hybrid,0.6
12811,12811,3,Price Sensitive,hybrid,0.6
12812,12812,4,Loyal Customer,hybrid,0.6
12813,12813,1,High Intent,hybrid,0.95
12814,12814,4,Loyal Customer,hybrid,0.7
12815,12815,4,Loyal Customer,hybrid,0.6
12816,12816,4,Loyal Customer,hybrid,0.6
12817,12817,4,Loyal Customer,hybrid,0.7
12818,12818,4,Loyal Customer,hybrid,0.6
12819,12819,4,Loyal Customer,hybrid,0.6
12820,12820,2,Low Engagement,hybrid,0.8
12821,12821,1,High Intent,hybrid,0.75
12822,12822,1,High Intent,hybrid,0.95
12823,12823,1,High Intent,hybrid,0.75
12824,12824,3,Price Sensitive,hybrid,0.6
12825,12825,3,Price Sensitive,hybrid,0.6
12826,12826,4,Loyal Customer,hybrid,0.75
12827,12827,2,Low Engagement,hybrid,0.75
12828,12828,2,Low Engagement,hybrid,0.6
12829,12829,2,Low Engagement,hybrid,0.8
12830,12830,4,Loyal Customer,hybrid,0.8
12831,12831,2,Low Engagement,hybrid,0.8
12832,12832,1,High Intent,hybrid,0.7
12833,12833,3,Price Sensitive,hybrid,0.75
12834,12834,2,Low Engagement,hybrid,0.75
12835,12835,2,Low Engagement,hybrid,0.6
12836,12836,2,Low Engagement,hybrid,0.8
12837,12837,1,High Intent,hybrid,0.7
12838,12838,3,Price Sensitive,hybrid,0.7
12839,12839,3,Price Sensitive,hybrid,0.75
12840,12840,1,High Intent,hybrid,0.7
12841,12841,2,Low Engagement,hybrid,0.75
12842,12842,2,Low Engagement,hybrid,0.75
12843,12843,3,Price Sensitive,hybrid,0.75
12844,12844,3,Price Sensitive,hybrid,0.6
12845,12845,2,Low Engagement,hybrid,0.6
12846,12846,2,Low Engagement,hybrid,0.75
12847,12847,1,High Intent,hybrid,0.7
12848,12848,4,Loyal Customer,hybrid,0.8
12849,12849,1,High Intent,hybrid,0.7
12850,12850,2,Low Engagement,hybrid,0.75
12851,12851,1,High Intent,hybrid,0.75
12852,12852,2,Low Engagement,hybrid,0.6
12853,12853,2,Low Engagement,hybrid,0.75
12854,12854,2,Low Engagement,hybrid,0.6
12855,12855,4,Loyal Customer,hybrid,0.8
12856,12856,2,Low Engagement,hybrid,0.6
12857,12857,4,Loyal Customer,hybrid,0.7
12858,12858,4,Loyal Customer,hybrid,0.75
12859,12859,1,High Intent,hybrid,0.75
12860,12860,2,Low Engagement,hybrid,0.8
12861,12861,4,Loyal Customer,hybrid,0.75
12862,12862,2,Low Engagement,hybrid,0.6
12863,12863,4,Loyal Customer,hybrid,0.6
12864,12864,4,Loyal Customer,hybrid,0.8
12865,12865,3,Price Sensitive,hybrid,0.95
12866,12866,4,Loyal Customer,hybrid,0.75
12867,12867,3,Price Sensitive,hybrid,0.6
12868,12868,2,Low Engagement,hybrid,0.6
12869,12869,2,Low Engagement,hybrid,0.6
12870,12870,1,High Intent,hybrid,0.7
12871,12871,2,Low Engagement,hybrid,0.6
12872,12872,4,Loyal Customer,hybrid,0.6
12873,12873,2,Low Engagement,hybrid,0.6
12874,12874,1,High Intent,hybrid,0.7
12875,12875,2,Low Engagement,hybrid,0.75
12876,12876,2,Low Engagement,hybrid,0.6
12877,12877,2,Low Engagement,hybrid,0.6
12878,12878,2,Low Engagement,hybrid,0.6
12879,12879,1,High Intent,hybrid,0.6
12880,12880,4,Loyal Customer,hybrid,0.6
12881,12881,4,Loyal Customer,hybrid,0.6
12882,12882,2,Low Engagement,hybrid,0.75
12883,12883,4,Loyal Customer,hybrid,0.6
12884,12884,3,Price Sensitive,hybrid,0.6
12885,12885,4,Loyal Customer,hybrid,0.6
12886,12886,5,New Cold User,hybrid,0.65
12887,12887,2,Low Engagement,hybrid,0.6
12888,12888,1,High Intent,hybrid,0.6
12889,12889,1,High Intent,hybrid,0.6
12890,12890,1,High Intent,hybrid,0.75
12891,12891,2,Low Engagement,hybrid,0.6
12892,12892,1,High Intent,hybrid,0.7
12893,12893,2,Low Engagement,hybrid,0.7
12894,12894,2,Low Engagement,hybrid,0.75
12895,12895,2,Low Engagement,hybrid,0.6
12896,12896,2,Low Engagement,hybrid,0.8
12897,12897,1,High Intent,hybrid,0.6
12898,12898,1,High Intent,hybrid,0.75
12899,12899,2,Low Engagement,hybrid,0.6
12900,12900,4,Loyal Customer,hybrid,0.6
12901,12901,2,Low Engagement,hybrid,0.8
12902,12902,4,Loyal Customer,hybrid,0.95
12903,12903,4,Loyal Customer,hybrid,0.8
12904,12904,1,High Intent,hybrid,0.6
12905,12905,2,Low Engagement,hybrid,0.75
12906,12906,4,Loyal Customer,hybrid,0.6
12907,12907,2,Low Engagement,hybrid,0.6
12908,12908,4,Loyal Customer,hybrid,0.95
12909,12909,3,Price Sensitive,hybrid,0.8
12910,12910,2,Low Engagement,hybrid,0.6
12911,12911,1,High Intent,hybrid,0.6
12912,12912,3,Price Sensitive,hybrid,0.7
12913,12913,2,Low Engagement,hybrid,0.75
12914,12914,4,Loyal Customer,hybrid,0.6
12915,12915,1,High Intent,hybrid,0.75
12916,12916,1,High Intent,hybrid,0.7
12917,12917,3,Price Sensitive,hybrid,0.75
12918,12918,5,New Cold User,hybrid,0.65
12919,12919,2,Low Engagement,hybrid,0.6
12920,12920,1,High Intent,hybrid,0.7
12921,12921,4,Loyal Customer,hybrid,0.8
12922,12922,2,Low Engagement,hybrid,0.6
12923,12923,3,Price Sensitive,hybrid,0.7
12924,12924,3,Price Sensitive,hybrid,0.6
12925,12925,4,Loyal Customer,hybrid,0.6
12926,12926,2,Low Engagement,hybrid,0.6
12927,12927,3,Price Sensitive,hybrid,0.75
12928,12928,2,Low Engagement,hybrid,0.6
12929,12929,2,Low Engagement,hybrid,0.8
12930,12930,1,High Intent,hybrid,0.95
12931,12931,4,Loyal Customer,hybrid,0.8
12932,12932,1,High Intent,hybrid,0.75
12933,12933,4,Loyal Customer,hybrid,0.6
12934,12934,2,Low Engagement,hybrid,0.6
12935,12935,3,Price Sensitive,hybrid,0.7
12936,12936,2,Low Engagement,hybrid,0.6
12937,12937,4,Loyal Customer,hybrid,0.6
12938,12938,3,Price Sensitive,hybrid,0.6
12939,12939,3,Price Sensitive,hybrid,0.6
12940,12940,1,High Intent,hybrid,0.7
12941,12941,2,Low Engagement,hybrid,0.6
12942,12942,2,Low Engagement,hybrid,0.6
12943,12943,3,Price Sensitive,hybrid,0.75
12944,12944,3,Price Sensitive,hybrid,0.75
12945,12945,2,Low Engagement,hybrid,0.75
12946,12946,3,Price Sensitive,hybrid,0.6
12947,12947,3,Price Sensitive,hybrid,0.7
12948,12948,3,Price Sensitive,hybrid,0.7
12949,12949,1,High Intent,hybrid,0.95
12950,12950,2,Low Engagement,hybrid,0.75
12951,12951,1,High Intent,hybrid,0.7
12952,12952,2,Low Engagement,hybrid,0.75
12953,12953,2,Low Engagement,hybrid,0.6
12954,12954,1,High Intent,hybrid,0.7
12955,12955,3,Price Sensitive,hybrid,0.6
12956,12956,3,Price Sensitive,hybrid,0.8
12957,12957,4,Loyal Customer,hybrid,0.75
12958,12958,2,Low Engagement,hybrid,0.6
12959,12959,3,Price Sensitive,hybrid,0.6
12960,12960,3,Price Sensitive,hybrid,0.7
12961,12961,1,High Intent,hybrid,0.95
12962,12962,2,Low Engagement,hybrid,0.6
12963,12963,1,High Intent,hybrid,0.6
12964,12964,3,Price Sensitive,hybrid,0.8
12965,12965,1,High Intent,hybrid,0.6
12966,12966,4,Loyal Customer,hybrid,0.6
12967,12967,4,Loyal Customer,hybrid,0.7
12968,12968,1,High Intent,hybrid,0.7
12969,12969,2,Low Engagement,hybrid,0.6
12970,12970,5,New Cold User,hybrid,0.65
12971,12971,3,Price Sensitive,hybrid,0.8
12972,12972,2,Low Engagement,hybrid,0.6
12973,12973,1,High Intent,hybrid,0.7
12974,12974,1,High Intent,hybrid,0.75
12975,12975,2,Low Engagement,hybrid,0.6
12976,12976,1,High Intent,hybrid,0.7
12977,12977,5,New Cold User,hybrid,0.65
12978,12978,2,Low Engagement,hybrid,0.6
12979,12979,4,Loyal Customer,hybrid,0.7
12980,12980,4,Loyal Customer,hybrid,0.8
12981,12981,3,Price Sensitive,hybrid,0.6
12982,12982,2,Low Engagement,hybrid,0.6
12983,12983,1,High Intent,hybrid,0.7
12984,12984,3,Price Sensitive,hybrid,0.7
12985,12985,3,Price Sensitive,hybrid,0.6
12986,12986,2,Low Engagement,hybrid,0.6
12987,12987,1,High Intent,hybrid,0.6
12988,12988,2,Low Engagement,hybrid,0.7
12989,12989,1,High Intent,hybrid,0.7
12990,12990,2,Low Engagement,hybrid,0.75
12991,12991,2,Low Engagement,hybrid,0.75
12992,12992,2,Low Engagement,hybrid,0.8
12993,12993,3,Price Sensitive,hybrid,0.6
12994,12994,4,Loyal Customer,hybrid,0.6
12995,12995,3,Price Sensitive,hybrid,0.8
12996,12996,4,Loyal Customer,hybrid,0.8
12997,12997,2,Low Engagement,hybrid,0.6
12998,12998,2,Low Engagement,hybrid,0.75
12999,12999,1,High Intent,hybrid,0.7
13000,13000,1,High Intent,hybrid,0.6
13001,13001,2,Low Engagement,hybrid,0.6
13002,13002,1,High Intent,hybrid,0.75
13003,13003,2,Low Engagement,hybrid,0.6
13004,13004,2,Low Engagement,hybrid,0.6
13005,13005,2,Low Engagement,hybrid,0.6
13006,13006,4,Loyal Customer,hybrid,0.7
13007,13007,4,Loyal Customer,hybrid,0.6
13008,13008,2,Low Engagement,hybrid,0.6
13009,13009,2,Low Engagement,hybrid,0.75
13010,13010,2,Low Engagement,hybrid,0.75
13011,13011,4,Loyal Customer,hybrid,0.6
13012,13012,2,Low Engagement,hybrid,0.6
13013,13013,3,Price Sensitive,hybrid,0.8
13014,13014,2,Low Engagement,hybrid,0.6
13015,13015,5,New Cold User,hybrid,0.65
13016,13016,2,Low Engagement,hybrid,0.8
13017,13017,4,Loyal Customer,hybrid,0.95
13018,13018,3,Price Sensitive,hybrid,0.8
13019,13019,2,Low Engagement,hybrid,0.75
13020,13020,4,Loyal Customer,hybrid,0.6
13021,13021,3,Price Sensitive,hybrid,0.7
13022,13022,3,Price Sensitive,hybrid,0.8
13023,13023,1,High Intent,hybrid,0.6
13024,13024,4,Loyal Customer,hybrid,0.6
13025,13025,2,Low Engagement,hybrid,0.7
13026,13026,1,High Intent,hybrid,0.75
13027,13027,4,Loyal Customer,hybrid,0.6
13028,13028,3,Price Sensitive,hybrid,0.8
13029,13029,3,Price Sensitive,hybrid,0.7
13030,13030,2,Low Engagement,hybrid,0.6
13031,13031,3,Price Sensitive,hybrid,0.6
13032,13032,4,Loyal Customer,hybrid,0.8
13033,13033,1,High Intent,hybrid,0.75
13034,13034,2,Low Engagement,hybrid,0.7
13035,13035,4,Loyal Customer,hybrid,0.7
13036,13036,4,Loyal Customer,hybrid,0.8
13037,13037,2,Low Engagement,hybrid,0.6
13038,13038,1,High Intent,hybrid,0.8
13039,13039,1,High Intent,hybrid,0.7
13040,13040,4,Loyal Customer,hybrid,0.6
13041,13041,2,Low Engagement,hybrid,0.6
13042,13042,3,Price Sensitive,hybrid,0.75
13043,13043,2,Low Engagement,hybrid,0.75
13044,13044,4,Loyal Customer,hybrid,0.95
13045,13045,2,Low Engagement,hybrid,0.8
13046,13046,2,Low Engagement,hybrid,0.6
13047,13047,3,Price Sensitive,hybrid,0.75
13048,13048,3,Price Sensitive,hybrid,0.7
13049,13049,3,Price Sensitive,hybrid,0.8
13050,13050,4,Loyal Customer,hybrid,0.75
13051,13051,2,Low Engagement,hybrid,0.6
13052,13052,3,Price Sensitive,hybrid,0.8
13053,13053,2,Low Engagement,hybrid,0.75
13054,13054,3,Price Sensitive,hybrid,0.6
13055,13055,4,Loyal Customer,hybrid,0.6
13056,13056,2,Low Engagement,hybrid,0.7
13057,13057,1,High Intent,hybrid,0.6
13058,13058,2,Low Engagement,hybrid,0.6
13059,13059,1,High Intent,hybrid,0.7
13060,13060,1,High Intent,hybrid,0.75
13061,13061,4,Loyal Customer,hybrid,0.8
13062,13062,3,Price Sensitive,hybrid,0.6
13063,13063,2,Low Engagement,hybrid,0.8
13064,13064,4,Loyal Customer,hybrid,0.6
13065,13065,2,Low Engagement,hybrid,0.6
13066,13066,1,High Intent,hybrid,0.7
13067,13067,3,Price Sensitive,hybrid,0.95
13068,13068,2,Low Engagement,hybrid,0.75
13069,13069,1,High Intent,hybrid,0.95
13070,13070,1,High Intent,hybrid,0.7
13071,13071,3,Price Sensitive,hybrid,0.7
13072,13072,2,Low Engagement,hybrid,0.6
13073,13073,4,Loyal Customer,hybrid,0.95
13074,13074,4,Loyal Customer,hybrid,0.6
13075,13075,3,Price Sensitive,hybrid,0.95
13076,13076,2,Low Engagement,hybrid,0.75
13077,13077,1,High Intent,hybrid,0.7
13078,13078,2,Low Engagement,hybrid,0.75
13079,13079,1,High Intent,hybrid,0.95
13080,13080,2,Low Engagement,hybrid,0.75
13081,13081,2,Low Engagement,hybrid,0.6
13082,13082,3,Price Sensitive,hybrid,0.6
13083,13083,2,Low Engagement,hybrid,0.75
13084,13084,2,Low Engagement,hybrid,0.6
13085,13085,3,Price Sensitive,hybrid,0.7
13086,13086,1,High Intent,hybrid,0.7
13087,13087,3,Price Sensitive,hybrid,0.7
13088,13088,4,Loyal Customer,hybrid,0.6
13089,13089,4,Loyal Customer,hybrid,0.6
13090,13090,3,Price Sensitive,hybrid,0.8
13091,13091,2,Low Engagement,hybrid,0.6
13092,13092,2,Low Engagement,hybrid,0.6
13093,13093,3,Price Sensitive,hybrid,0.6
13094,13094,3,Price Sensitive,hybrid,0.6
13095,13095,1,High Intent,hybrid,0.6
13096,13096,2,Low Engagement,hybrid,0.75
13097,13097,3,Price Sensitive,hybrid,0.6
13098,13098,3,Price Sensitive,hybrid,0.95
13099,13099,2,Low Engagement,hybrid,0.8
13100,13100,4,Loyal Customer,hybrid,0.6
13101,13101,2,Low Engagement,hybrid,0.6
13102,13102,3,Price Sensitive,hybrid,0.7
13103,13103,2,Low Engagement,hybrid,0.6
13104,13104,4,Loyal Customer,hybrid,0.8
13105,13105,1,High Intent,hybrid,0.7
13106,13106,2,Low Engagement,hybrid,0.6
13107,13107,3,Price Sensitive,hybrid,0.95
13108,13108,2,Low Engagement,hybrid,0.6
13109,13109,2,Low Engagement,hybrid,0.8
13110,13110,4,Loyal Customer,hybrid,0.6
13111,13111,2,Low Engagement,hybrid,0.75
13112,13112,4,Loyal Customer,hybrid,0.6
13113,13113,2,Low Engagement,hybrid,0.6
13114,13114,1,High Intent,hybrid,0.7
13115,13115,1,High Intent,hybrid,0.7
13116,13116,2,Low Engagement,hybrid,0.7
13117,13117,4,Loyal Customer,hybrid,0.6
13118,13118,1,High Intent,hybrid,0.75
13119,13119,4,Loyal Customer,hybrid,0.6
13120,13120,3,Price Sensitive,hybrid,0.6
13121,13121,1,High Intent,hybrid,0.95
13122,13122,2,Low Engagement,hybrid,0.6
13123,13123,2,Low Engagement,hybrid,0.75
13124,13124,2,Low Engagement,hybrid,0.8
13125,13125,2,Low Engagement,hybrid,0.8
13126,13126,1,High Intent,hybrid,0.7
13127,13127,5,New Cold User,hybrid,0.65
13128,13128,2,Low Engagement,hybrid,0.75
13129,13129,2,Low Engagement,hybrid,0.6
13130,13130,2,Low Engagement,hybrid,0.75
13131,13131,3,Price Sensitive,hybrid,0.7
13132,13132,5,New Cold User,hybrid,0.65
13133,13133,1,High Intent,hybrid,0.7
13134,13134,2,Low Engagement,hybrid,0.8
13135,13135,4,Loyal Customer,hybrid,0.8
13136,13136,2,Low Engagement,hybrid,0.6
13137,13137,2,Low Engagement,hybrid,0.6
13138,13138,2,Low Engagement,hybrid,0.6
13139,13139,4,Loyal Customer,hybrid,0.6
13140,13140,4,Loyal Customer,hybrid,0.95
13141,13141,2,Low Engagement,hybrid,0.6
13142,13142,2,Low Engagement,hybrid,0.95
13143,13143,2,Low Engagement,hybrid,0.75
13144,13144,1,High Intent,hybrid,0.7
13145,13145,2,Low Engagement,hybrid,0.6
13146,13146,2,Low Engagement,hybrid,0.75
13147,13147,2,Low Engagement,hybrid,0.6
13148,13148,1,High Intent,hybrid,0.7
13149,13149,3,Price Sensitive,hybrid,0.95
13150,13150,4,Loyal Customer,hybrid,0.7
13151,13151,3,Price Sensitive,hybrid,0.75
13152,13152,2,Low Engagement,hybrid,0.75
13153,13153,3,Price Sensitive,hybrid,0.75
13154,13154,4,Loyal Customer,hybrid,0.6
13155,13155,2,Low Engagement,hybrid,0.6
13156,13156,2,Low Engagement,hybrid,0.6
13157,13157,4,Loyal Customer,hybrid,0.8
13158,13158,2,Low Engagement,hybrid,0.6
13159,13159,2,Low Engagement,hybrid,0.8
13160,13160,2,Low Engagement,hybrid,0.75
13161,13161,1,High Intent,hybrid,0.7
13162,13162,1,High Intent,hybrid,0.7
13163,13163,2,Low Engagement,hybrid,0.6
13164,13164,4,Loyal Customer,hybrid,0.75
13165,13165,2,Low Engagement,hybrid,0.6
13166,13166,3,Price Sensitive,hybrid,0.7
13167,13167,4,Loyal Customer,hybrid,0.6
13168,13168,1,High Intent,hybrid,0.7
13169,13169,3,Price Sensitive,hybrid,0.6
13170,13170,1,High Intent,hybrid,0.75
13171,13171,3,Price Sensitive,hybrid,0.75
13172,13172,1,High Intent,hybrid,0.7
13173,13173,3,Price Sensitive,hybrid,0.6
13174,13174,3,Price Sensitive,hybrid,0.7
13175,13175,2,Low Engagement,hybrid,0.75
13176,13176,1,High Intent,hybrid,0.6
13177,13177,2,Low Engagement,hybrid,0.75
13178,13178,1,High Intent,hybrid,0.7
13179,13179,3,Price Sensitive,hybrid,0.7
13180,13180,2,Low Engagement,hybrid,0.75
13181,13181,2,Low Engagement,hybrid,0.6
13182,13182,2,Low Engagement,hybrid,0.6
13183,13183,2,Low Engagement,hybrid,0.75
13184,13184,3,Price Sensitive,hybrid,0.7
13185,13185,2,Low Engagement,hybrid,0.6
13186,13186,4,Loyal Customer,hybrid,0.6
13187,13187,1,High Intent,hybrid,0.7
13188,13188,3,Price Sensitive,hybrid,0.7
13189,13189,4,Loyal Customer,hybrid,0.6
13190,13190,2,Low Engagement,hybrid,0.6
13191,13191,2,Low Engagement,hybrid,0.6
13192,13192,1,High Intent,hybrid,0.7
13193,13193,3,Price Sensitive,hybrid,0.75
13194,13194,4,Loyal Customer,hybrid,0.95
13195,13195,4,Loyal Customer,hybrid,0.6
13196,13196,2,Low Engagement,hybrid,0.75
13197,13197,4,Loyal Customer,hybrid,0.6
13198,13198,1,High Intent,hybrid,0.7
13199,13199,4,Loyal Customer,hybrid,0.6
13200,13200,1,High Intent,hybrid,0.7
13201,13201,4,Loyal Customer,hybrid,0.7
13202,13202,2,Low Engagement,hybrid,0.6
13203,13203,2,Low Engagement,hybrid,0.6
13204,13204,4,Loyal Customer,hybrid,0.6
13205,13205,2,Low Engagement,hybrid,0.75
13206,13206,2,Low Engagement,hybrid,0.6
13207,13207,4,Loyal Customer,hybrid,0.7
13208,13208,1,High Intent,hybrid,0.7
13209,13209,2,Low Engagement,hybrid,0.75
13210,13210,1,High Intent,hybrid,0.95
13211,13211,4,Loyal Customer,hybrid,0.6
13212,13212,2,Low Engagement,hybrid,0.6
13213,13213,3,Price Sensitive,hybrid,0.6
13214,13214,4,Loyal Customer,hybrid,0.8
13215,13215,1,High Intent,hybrid,0.7
13216,13216,4,Loyal Customer,hybrid,0.7
13217,13217,1,High Intent,hybrid,0.6
13218,13218,4,Loyal Customer,hybrid,0.6
13219,13219,1,High Intent,hybrid,0.7
13220,13220,4,Loyal Customer,hybrid,0.6
13221,13221,1,High Intent,hybrid,0.8
13222,13222,4,Loyal Customer,hybrid,0.7
13223,13223,1,High Intent,hybrid,0.7
13224,13224,4,Loyal Customer,hybrid,0.6
13225,13225,1,High Intent,hybrid,0.7
13226,13226,2,Low Engagement,hybrid,0.7
13227,13227,4,Loyal Customer,hybrid,0.6
13228,13228,3,Price Sensitive,hybrid,0.7
13229,13229,3,Price Sensitive,hybrid,0.6
13230,13230,2,Low Engagement,hybrid,0.7
13231,13231,2,Low Engagement,hybrid,0.6
13232,13232,3,Price Sensitive,hybrid,0.95
13233,13233,2,Low Engagement,hybrid,0.6
13234,13234,1,High Intent,hybrid,0.7
13235,13235,1,High Intent,hybrid,0.7
13236,13236,3,Price Sensitive,hybrid,0.8
13237,13237,3,Price Sensitive,hybrid,0.8
13238,13238,4,Loyal Customer,hybrid,0.6
13239,13239,4,Loyal Customer,hybrid,0.8
13240,13240,2,Low Engagement,hybrid,0.75
13241,13241,3,Price Sensitive,hybrid,0.95
13242,13242,3,Price Sensitive,hybrid,0.75
13243,13243,2,Low Engagement,hybrid,0.6
13244,13244,2,Low Engagement,hybrid,0.7
13245,13245,2,Low Engagement,hybrid,0.6
13246,13246,3,Price Sensitive,hybrid,0.7
13247,13247,2,Low Engagement,hybrid,0.6
13248,13248,1,High Intent,hybrid,0.7
13249,13249,2,Low Engagement,hybrid,0.75
13250,13250,1,High Intent,hybrid,0.95
13251,13251,2,Low Engagement,hybrid,0.6
13252,13252,3,Price Sensitive,hybrid,0.6
13253,13253,2,Low Engagement,hybrid,0.6
13254,13254,3,Price Sensitive,hybrid,0.8
13255,13255,5,New Cold User,hybrid,0.65
13256,13256,4,Loyal Customer,hybrid,0.7
13257,13257,3,Price Sensitive,hybrid,0.6
13258,13258,3,Price Sensitive,hybrid,0.75
13259,13259,1,High Intent,hybrid,0.8
13260,13260,2,Low Engagement,hybrid,0.6
13261,13261,3,Price Sensitive,hybrid,0.7
13262,13262,2,Low Engagement,hybrid,0.6
13263,13263,3,Price Sensitive,hybrid,0.7
13264,13264,2,Low Engagement,hybrid,0.75
13265,13265,4,Loyal Customer,hybrid,0.6
13266,13266,2,Low Engagement,hybrid,0.8
13267,13267,3,Price Sensitive,hybrid,0.95
13268,13268,4,Loyal Customer,hybrid,0.8
13269,13269,3,Price Sensitive,hybrid,0.7
13270,13270,3,Price Sensitive,hybrid,0.6
13271,13271,2,Low Engagement,hybrid,0.6
13272,13272,2,Low Engagement,hybrid,0.6
13273,13273,1,High Intent,hybrid,0.6
13274,13274,1,High Intent,hybrid,0.7
13275,13275,5,New Cold User,hybrid,0.65
13276,13276,2,Low Engagement,hybrid,0.8
13277,13277,4,Loyal Customer,hybrid,0.6
13278,13278,4,Loyal Customer,hybrid,0.6
13279,13279,1,High Intent,hybrid,0.95
13280,13280,3,Price Sensitive,hybrid,0.7
13281,13281,2,Low Engagement,hybrid,0.6
13282,13282,1,High Intent,hybrid,0.95
13283,13283,1,High Intent,hybrid,0.7
13284,13284,4,Loyal Customer,hybrid,0.95
13285,13285,4,Loyal Customer,hybrid,0.6
13286,13286,4,Loyal Customer,hybrid,0.7
13287,13287,3,Price Sensitive,hybrid,0.8
13288,13288,2,Low Engagement,hybrid,0.6
13289,13289,2,Low Engagement,hybrid,0.6
13290,13290,2,Low Engagement,hybrid,0.8
13291,13291,1,High Intent,hybrid,0.7
13292,13292,4,Loyal Customer,hybrid,0.8
13293,13293,4,Loyal Customer,hybrid,0.7
13294,13294,4,Loyal Customer,hybrid,0.7
13295,13295,3,Price Sensitive,hybrid,0.8
13296,13296,4,Loyal Customer,hybrid,0.6
13297,13297,3,Price Sensitive,hybrid,0.75
13298,13298,4,Loyal Customer,hybrid,0.6
13299,13299,4,Loyal Customer,hybrid,0.6
13300,13300,1,High Intent,hybrid,0.6
13301,13301,3,Price Sensitive,hybrid,0.95
13302,13302,4,Loyal Customer,hybrid,0.75
13303,13303,4,Loyal Customer,hybrid,0.95
13304,13304,4,Loyal Customer,hybrid,0.75
13305,13305,1,High Intent,hybrid,0.7
13306,13306,1,High Intent,hybrid,0.6
13307,13307,2,Low Engagement,hybrid,0.6
13308,13308,1,High Intent,hybrid,0.6
13309,13309,4,Loyal Customer,hybrid,0.6
13310,13310,2,Low Engagement,hybrid,0.75
13311,13311,4,Loyal Customer,hybrid,0.6
13312,13312,5,New Cold User,hybrid,0.65
13313,13313,3,Price Sensitive,hybrid,0.8
13314,13314,2,Low Engagement,hybrid,0.8
13315,13315,3,Price Sensitive,hybrid,0.75
13316,13316,4,Loyal Customer,hybrid,0.6
13317,13317,2,Low Engagement,hybrid,0.6
13318,13318,2,Low Engagement,hybrid,0.6
13319,13319,4,Loyal Customer,hybrid,0.6
13320,13320,4,Loyal Customer,hybrid,0.8
13321,13321,4,Loyal Customer,hybrid,0.75
13322,13322,2,Low Engagement,hybrid,0.6
13323,13323,2,Low Engagement,hybrid,0.6
13324,13324,1,High Intent,hybrid,0.7
13325,13325,3,Price Sensitive,hybrid,0.8
13326,13326,4,Loyal Customer,hybrid,0.6
13327,13327,4,Loyal Customer,hybrid,0.8
13328,13328,3,Price Sensitive,hybrid,0.8
13329,13329,1,High Intent,hybrid,0.7
13330,13330,2,Low Engagement,hybrid,0.75
13331,13331,4,Loyal Customer,hybrid,0.8
13332,13332,3,Price Sensitive,hybrid,0.8
13333,13333,2,Low Engagement,hybrid,0.6
13334,13334,3,Price Sensitive,hybrid,0.6
13335,13335,5,New Cold User,hybrid,0.65
13336,13336,2,Low Engagement,hybrid,0.6
13337,13337,3,Price Sensitive,hybrid,0.6
13338,13338,2,Low Engagement,hybrid,0.75
13339,13339,4,Loyal Customer,hybrid,0.7
13340,13340,3,Price Sensitive,hybrid,0.6
13341,13341,4,Loyal Customer,hybrid,0.95
13342,13342,3,Price Sensitive,hybrid,0.8
13343,13343,4,Loyal Customer,hybrid,0.6
13344,13344,4,Loyal Customer,hybrid,0.8
13345,13345,3,Price Sensitive,hybrid,0.6
13346,13346,1,High Intent,hybrid,0.7
13347,13347,3,Price Sensitive,hybrid,0.75
13348,13348,1,High Intent,hybrid,0.7
13349,13349,1,High Intent,hybrid,0.75
13350,13350,1,High Intent,hybrid,0.7
13351,13351,2,Low Engagement,hybrid,0.75
13352,13352,1,High Intent,hybrid,0.7
13353,13353,2,Low Engagement,hybrid,0.6
13354,13354,4,Loyal Customer,hybrid,0.6
13355,13355,2,Low Engagement,hybrid,0.6
13356,13356,1,High Intent,hybrid,0.6
13357,13357,2,Low Engagement,hybrid,0.6
13358,13358,2,Low Engagement,hybrid,0.6
13359,13359,5,New Cold User,hybrid,0.65
13360,13360,3,Price Sensitive,hybrid,0.7
13361,13361,2,Low Engagement,hybrid,0.6
13362,13362,3,Price Sensitive,hybrid,0.6
13363,13363,2,Low Engagement,hybrid,0.6
13364,13364,3,Price Sensitive,hybrid,0.75
13365,13365,2,Low Engagement,hybrid,0.6
13366,13366,2,Low Engagement,hybrid,0.6
13367,13367,1,High Intent,hybrid,0.6
13368,13368,2,Low Engagement,hybrid,0.75
13369,13369,4,Loyal Customer,hybrid,0.75
13370,13370,1,High Intent,hybrid,0.75
13371,13371,2,Low Engagement,hybrid,0.8
13372,13372,2,Low Engagement,hybrid,0.75
13373,13373,1,High Intent,hybrid,0.7
13374,13374,3,Price Sensitive,hybrid,0.6
13375,13375,4,Loyal Customer,hybrid,0.6
13376,13376,4,Loyal Customer,hybrid,0.75
13377,13377,2,Low Engagement,hybrid,0.6
13378,13378,3,Price Sensitive,hybrid,0.6
13379,13379,2,Low Engagement,hybrid,0.75
13380,13380,3,Price Sensitive,hybrid,0.7
13381,13381,2,Low Engagement,hybrid,0.6
13382,13382,2,Low Engagement,hybrid,0.8
13383,13383,2,Low Engagement,hybrid,0.6
13384,13384,2,Low Engagement,hybrid,0.6
13385,13385,3,Price Sensitive,hybrid,0.7
13386,13386,3,Price Sensitive,hybrid,0.6
13387,13387,2,Low Engagement,hybrid,0.6
13388,13388,2,Low Engagement,hybrid,0.75
13389,13389,2,Low Engagement,hybrid,0.75
13390,13390,4,Loyal Customer,hybrid,0.6
13391,13391,1,High Intent,hybrid,0.6
13392,13392,4,Loyal Customer,hybrid,0.7
13393,13393,4,Loyal Customer,hybrid,0.6
13394,13394,4,Loyal Customer,hybrid,0.75
13395,13395,2,Low Engagement,hybrid,0.6
13396,13396,2,Low Engagement,hybrid,0.95
13397,13397,1,High Intent,hybrid,0.7
13398,13398,2,Low Engagement,hybrid,0.75
13399,13399,2,Low Engagement,hybrid,0.6
13400,13400,1,High Intent,hybrid,0.75
13401,13401,2,Low Engagement,hybrid,0.6
13402,13402,1,High Intent,hybrid,0.7
13403,13403,3,Price Sensitive,hybrid,0.7
13404,13404,3,Price Sensitive,hybrid,0.6
13405,13405,1,High Intent,hybrid,0.7
13406,13406,2,Low Engagement,hybrid,0.6
13407,13407,2,Low Engagement,hybrid,0.75
13408,13408,1,High Intent,hybrid,0.7
13409,13409,2,Low Engagement,hybrid,0.6
13410,13410,4,Loyal Customer,hybrid,0.8
13411,13411,4,Loyal Customer,hybrid,0.8
13412,13412,4,Loyal Customer,hybrid,0.6
13413,13413,3,Price Sensitive,hybrid,0.7
13414,13414,2,Low Engagement,hybrid,0.6
13415,13415,4,Loyal Customer,hybrid,0.6
13416,13416,3,Price Sensitive,hybrid,0.8
13417,13417,3,Price Sensitive,hybrid,0.8
13418,13418,2,Low Engagement,hybrid,0.6
13419,13419,4,Loyal Customer,hybrid,0.95
13420,13420,4,Loyal Customer,hybrid,0.6
13421,13421,2,Low Engagement,hybrid,0.7
13422,13422,4,Loyal Customer,hybrid,0.6
13423,13423,2,Low Engagement,hybrid,0.6
13424,13424,2,Low Engagement,hybrid,0.6
13425,13425,3,Price Sensitive,hybrid,0.7
13426,13426,3,Price Sensitive,hybrid,0.6
13427,13427,4,Loyal Customer,hybrid,0.8
13428,13428,2,Low Engagement,hybrid,0.75
13429,13429,1,High Intent,hybrid,0.75
13430,13430,4,Loyal Customer,hybrid,0.7
13431,13431,3,Price Sensitive,hybrid,0.6
13432,13432,3,Price Sensitive,hybrid,0.6
13433,13433,1,High Intent,hybrid,0.6
13434,13434,2,Low Engagement,hybrid,0.6
13435,13435,3,Price Sensitive,hybrid,0.7
13436,13436,5,New Cold User,hybrid,0.65
13437,13437,1,High Intent,hybrid,0.75
13438,13438,1,High Intent,hybrid,0.75
13439,13439,1,High Intent,hybrid,0.75
13440,13440,1,High Intent,hybrid,0.7
13441,13441,3,Price Sensitive,hybrid,0.6
13442,13442,4,Loyal Customer,hybrid,0.7
13443,13443,3,Price Sensitive,hybrid,0.75
13444,13444,2,Low Engagement,hybrid,0.75
13445,13445,2,Low Engagement,hybrid,0.6
13446,13446,2,Low Engagement,hybrid,0.6
13447,13447,2,Low Engagement,hybrid,0.75
13448,13448,4,Loyal Customer,hybrid,0.6
13449,13449,4,Loyal Customer,hybrid,0.8
13450,13450,4,Loyal Customer,hybrid,0.8
13451,13451,5,New Cold User,hybrid,0.65
13452,13452,2,Low Engagement,hybrid,0.6
13453,13453,3,Price Sensitive,hybrid,0.6
13454,13454,2,Low Engagement,hybrid,0.6
13455,13455,4,Loyal Customer,hybrid,0.6
13456,13456,3,Price Sensitive,hybrid,0.6
13457,13457,3,Price Sensitive,hybrid,0.8
13458,13458,2,Low Engagement,hybrid,0.6
13459,13459,1,High Intent,hybrid,0.75
13460,13460,1,High Intent,hybrid,0.75
13461,13461,3,Price Sensitive,hybrid,0.75
13462,13462,3,Price Sensitive,hybrid,0.7
13463,13463,2,Low Engagement,hybrid,0.6
13464,13464,2,Low Engagement,hybrid,0.6
13465,13465,4,Loyal Customer,hybrid,0.6
13466,13466,1,High Intent,hybrid,0.75
13467,13467,1,High Intent,hybrid,0.7
13468,13468,4,Loyal Customer,hybrid,0.95
13469,13469,2,Low Engagement,hybrid,0.8
13470,13470,2,Low Engagement,hybrid,0.6
13471,13471,1,High Intent,hybrid,0.7
13472,13472,3,Price Sensitive,hybrid,0.75
13473,13473,4,Loyal Customer,hybrid,0.6
13474,13474,2,Low Engagement,hybrid,0.6
13475,13475,3,Price Sensitive,hybrid,0.8
13476,13476,3,Price Sensitive,hybrid,0.6
13477,13477,1,High Intent,hybrid,0.95
13478,13478,4,Loyal Customer,hybrid,0.6
13479,13479,4,Loyal Customer,hybrid,0.8
13480,13480,4,Loyal Customer,hybrid,0.7
13481,13481,3,Price Sensitive,hybrid,0.75
13482,13482,4,Loyal Customer,hybrid,0.6
13483,13483,2,Low Engagement,hybrid,0.6
13484,13484,2,Low Engagement,hybrid,0.75
13485,13485,4,Loyal Customer,hybrid,0.6
13486,13486,1,High Intent,hybrid,0.6
13487,13487,4,Loyal Customer,hybrid,0.8
13488,13488,3,Price Sensitive,hybrid,0.7
13489,13489,2,Low Engagement,hybrid,0.75
13490,13490,2,Low Engagement,hybrid,0.75
13491,13491,1,High Intent,hybrid,0.7
13492,13492,4,Loyal Customer,hybrid,0.6
13493,13493,4,Loyal Customer,hybrid,0.8
13494,13494,1,High Intent,hybrid,0.7
13495,13495,4,Loyal Customer,hybrid,0.8
13496,13496,4,Loyal Customer,hybrid,0.6
13497,13497,2,Low Engagement,hybrid,0.7
13498,13498,3,Price Sensitive,hybrid,0.8
13499,13499,4,Loyal Customer,hybrid,0.95
13500,13500,2,Low Engagement,hybrid,0.6
13501,13501,4,Loyal Customer,hybrid,0.75
13502,13502,3,Price Sensitive,hybrid,0.6
13503,13503,3,Price Sensitive,hybrid,0.7
13504,13504,1,High Intent,hybrid,0.7
13505,13505,2,Low Engagement,hybrid,0.7
13506,13506,4,Loyal Customer,hybrid,0.6
13507,13507,2,Low Engagement,hybrid,0.75
13508,13508,3,Price Sensitive,hybrid,0.8
13509,13509,2,Low Engagement,hybrid,0.6
13510,13510,2,Low Engagement,hybrid,0.6
13511,13511,2,Low Engagement,hybrid,0.6
13512,13512,2,Low Engagement,hybrid,0.8
13513,13513,2,Low Engagement,hybrid,0.6
13514,13514,4,Loyal Customer,hybrid,0.6
13515,13515,2,Low Engagement,hybrid,0.6
13516,13516,2,Low Engagement,hybrid,0.6
13517,13517,3,Price Sensitive,hybrid,0.75
13518,13518,4,Loyal Customer,hybrid,0.8
13519,13519,1,High Intent,hybrid,0.7
13520,13520,4,Loyal Customer,hybrid,0.6
13521,13521,1,High Intent,hybrid,0.7
13522,13522,3,Price Sensitive,hybrid,0.8
13523,13523,3,Price Sensitive,hybrid,0.7
13524,13524,2,Low Engagement,hybrid,0.6
13525,13525,2,Low Engagement,hybrid,0.6
13526,13526,1,High Intent,hybrid,0.7
13527,13527,1,High Intent,hybrid,0.6
13528,13528,3,Price Sensitive,hybrid,0.75
13529,13529,4,Loyal Customer,hybrid,0.6
13530,13530,1,High Intent,hybrid,0.7
13531,13531,3,Price Sensitive,hybrid,0.6
13532,13532,2,Low Engagement,hybrid,0.75
13533,13533,4,Loyal Customer,hybrid,0.8
13534,13534,2,Low Engagement,hybrid,0.6
13535,13535,1,High Intent,hybrid,0.7
13536,13536,4,Loyal Customer,hybrid,0.6
13537,13537,1,High Intent,hybrid,0.95
13538,13538,4,Loyal Customer,hybrid,0.6
13539,13539,1,High Intent,hybrid,0.7
13540,13540,1,High Intent,hybrid,0.95
13541,13541,4,Loyal Customer,hybrid,0.6
13542,13542,4,Loyal Customer,hybrid,0.6
13543,13543,5,New Cold User,hybrid,0.65
13544,13544,2,Low Engagement,hybrid,0.6
13545,13545,3,Price Sensitive,hybrid,0.7
13546,13546,2,Low Engagement,hybrid,0.6
13547,13547,2,Low Engagement,hybrid,0.6
13548,13548,2,Low Engagement,hybrid,0.75
13549,13549,3,Price Sensitive,hybrid,0.75
13550,13550,1,High Intent,hybrid,0.7
13551,13551,1,High Intent,hybrid,0.7
13552,13552,2,Low Engagement,hybrid,0.75
13553,13553,4,Loyal Customer,hybrid,0.8
13554,13554,4,Loyal Customer,hybrid,0.6
13555,13555,4,Loyal Customer,hybrid,0.8
13556,13556,2,Low Engagement,hybrid,0.75
13557,13557,2,Low Engagement,hybrid,0.75
13558,13558,1,High Intent,hybrid,0.75
13559,13559,2,Low Engagement,hybrid,0.6
13560,13560,2,Low Engagement,hybrid,0.6
13561,13561,4,Loyal Customer,hybrid,0.6
13562,13562,2,Low Engagement,hybrid,0.8
13563,13563,1,High Intent,hybrid,0.7
13564,13564,1,High Intent,hybrid,0.75
13565,13565,1,High Intent,hybrid,0.7
13566,13566,3,Price Sensitive,hybrid,0.7
13567,13567,1,High Intent,hybrid,0.7
13568,13568,1,High Intent,hybrid,0.7
13569,13569,1,High Intent,hybrid,0.7
13570,13570,4,Loyal Customer,hybrid,0.6
13571,13571,1,High Intent,hybrid,0.7
13572,13572,3,Price Sensitive,hybrid,0.75
13573,13573,2,Low Engagement,hybrid,0.6
13574,13574,2,Low Engagement,hybrid,0.6
13575,13575,1,High Intent,hybrid,0.7
13576,13576,3,Price Sensitive,hybrid,0.6
13577,13577,2,Low Engagement,hybrid,0.6
13578,13578,4,Loyal Customer,hybrid,0.6
13579,13579,3,Price Sensitive,hybrid,0.75
13580,13580,2,Low Engagement,hybrid,0.6
13581,13581,4,Loyal Customer,hybrid,0.6
13582,13582,1,High Intent,hybrid,0.7
13583,13583,3,Price Sensitive,hybrid,0.75
13584,13584,4,Loyal Customer,hybrid,0.8
13585,13585,1,High Intent,hybrid,0.7
13586,13586,5,New Cold User,hybrid,0.65
13587,13587,3,Price Sensitive,hybrid,0.7
13588,13588,4,Loyal Customer,hybrid,0.6
13589,13589,3,Price Sensitive,hybrid,0.75
13590,13590,3,Price Sensitive,hybrid,0.75
13591,13591,5,New Cold User,hybrid,0.65
13592,13592,2,Low Engagement,hybrid,0.8
13593,13593,3,Price Sensitive,hybrid,0.6
13594,13594,2,Low Engagement,hybrid,0.6
13595,13595,3,Price Sensitive,hybrid,0.8
13596,13596,3,Price Sensitive,hybrid,0.75
13597,13597,4,Loyal Customer,hybrid,0.8
13598,13598,2,Low Engagement,hybrid,0.6
13599,13599,3,Price Sensitive,hybrid,0.7
13600,13600,4,Loyal Customer,hybrid,0.6
13601,13601,2,Low Engagement,hybrid,0.6
13602,13602,1,High Intent,hybrid,0.7
13603,13603,3,Price Sensitive,hybrid,0.8
13604,13604,2,Low Engagement,hybrid,0.6
13605,13605,2,Low Engagement,hybrid,0.8
13606,13606,1,High Intent,hybrid,0.6
13607,13607,1,High Intent,hybrid,0.7
13608,13608,2,Low Engagement,hybrid,0.7
13609,13609,3,Price Sensitive,hybrid,0.75
13610,13610,1,High Intent,hybrid,0.6
13611,13611,1,High Intent,hybrid,0.6
13612,13612,4,Loyal Customer,hybrid,0.75
13613,13613,4,Loyal Customer,hybrid,0.75
13614,13614,2,Low Engagement,hybrid,0.6
13615,13615,2,Low Engagement,hybrid,0.6
13616,13616,2,Low Engagement,hybrid,0.75
13617,13617,2,Low Engagement,hybrid,0.75
13618,13618,2,Low Engagement,hybrid,0.6
13619,13619,1,High Intent,hybrid,0.7
13620,13620,1,High Intent,hybrid,0.7
13621,13621,2,Low Engagement,hybrid,0.6
13622,13622,5,New Cold User,hybrid,0.65
13623,13623,4,Loyal Customer,hybrid,0.6
13624,13624,2,Low Engagement,hybrid,0.75
13625,13625,2,Low Engagement,hybrid,0.8
13626,13626,2,Low Engagement,hybrid,0.6
13627,13627,4,Loyal Customer,hybrid,0.6
13628,13628,2,Low Engagement,hybrid,0.6
13629,13629,1,High Intent,hybrid,0.75
13630,13630,4,Loyal Customer,hybrid,0.6
13631,13631,1,High Intent,hybrid,0.7
13632,13632,3,Price Sensitive,hybrid,0.8
13633,13633,1,High Intent,hybrid,0.7
13634,13634,1,High Intent,hybrid,0.6
13635,13635,2,Low Engagement,hybrid,0.6
13636,13636,3,Price Sensitive,hybrid,0.75
13637,13637,4,Loyal Customer,hybrid,0.75
13638,13638,1,High Intent,hybrid,0.6
13639,13639,1,High Intent,hybrid,0.75
13640,13640,1,High Intent,hybrid,0.7
13641,13641,3,Price Sensitive,hybrid,0.8
13642,13642,2,Low Engagement,hybrid,0.6
13643,13643,4,Loyal Customer,hybrid,0.7
13644,13644,2,Low Engagement,hybrid,0.6
13645,13645,4,Loyal Customer,hybrid,0.6
13646,13646,1,High Intent,hybrid,0.7
13647,13647,2,Low Engagement,hybrid,0.6
13648,13648,1,High Intent,hybrid,0.7
13649,13649,3,Price Sensitive,hybrid,0.7
13650,13650,1,High Intent,hybrid,0.75
13651,13651,4,Loyal Customer,hybrid,0.6
13652,13652,4,Loyal Customer,hybrid,0.7
13653,13653,1,High Intent,hybrid,0.7
13654,13654,1,High Intent,hybrid,0.7
13655,13655,2,Low Engagement,hybrid,0.6
13656,13656,2,Low Engagement,hybrid,0.6
13657,13657,2,Low Engagement,hybrid,0.8
13658,13658,4,Loyal Customer,hybrid,0.6
13659,13659,4,Loyal Customer,hybrid,0.6
13660,13660,2,Low Engagement,hybrid,0.75
13661,13661,2,Low Engagement,hybrid,0.6
13662,13662,3,Price Sensitive,hybrid,0.8
13663,13663,1,High Intent,hybrid,0.6
13664,13664,2,Low Engagement,hybrid,0.6
13665,13665,2,Low Engagement,hybrid,0.6
13666,13666,2,Low Engagement,hybrid,0.6
13667,13667,3,Price Sensitive,hybrid,0.7
13668,13668,3,Price Sensitive,hybrid,0.6
13669,13669,3,Price Sensitive,hybrid,0.7
13670,13670,2,Low Engagement,hybrid,0.6
13671,13671,2,Low Engagement,hybrid,0.75
13672,13672,2,Low Engagement,hybrid,0.6
13673,13673,2,Low Engagement,hybrid,0.8
13674,13674,4,Loyal Customer,hybrid,0.8
13675,13675,1,High Intent,hybrid,0.7
13676,13676,1,High Intent,hybrid,0.7
13677,13677,1,High Intent,hybrid,0.7
13678,13678,3,Price Sensitive,hybrid,0.6
13679,13679,4,Loyal Customer,hybrid,0.6
13680,13680,2,Low Engagement,hybrid,0.8
13681,13681,1,High Intent,hybrid,0.7
13682,13682,4,Loyal Customer,hybrid,0.6
13683,13683,1,High Intent,hybrid,0.8
13684,13684,2,Low Engagement,hybrid,0.6
13685,13685,3,Price Sensitive,hybrid,0.8
13686,13686,3,Price Sensitive,hybrid,0.7
13687,13687,4,Loyal Customer,hybrid,0.8
13688,13688,2,Low Engagement,hybrid,0.6
13689,13689,1,High Intent,hybrid,0.7
13690,13690,1,High Intent,hybrid,0.7
13691,13691,1,High Intent,hybrid,0.75
13692,13692,4,Loyal Customer,hybrid,0.75
13693,13693,3,Price Sensitive,hybrid,0.6
13694,13694,1,High Intent,hybrid,0.7
13695,13695,2,Low Engagement,hybrid,0.6
13696,13696,2,Low Engagement,hybrid,0.6
13697,13697,3,Price Sensitive,hybrid,0.6
13698,13698,1,High Intent,hybrid,0.6
13699,13699,3,Price Sensitive,hybrid,0.7
13700,13700,3,Price Sensitive,hybrid,0.6
13701,13701,4,Loyal Customer,hybrid,0.6
13702,13702,2,Low Engagement,hybrid,0.75
13703,13703,3,Price Sensitive,hybrid,0.95
13704,13704,3,Price Sensitive,hybrid,0.7
13705,13705,1,High Intent,hybrid,0.7
13706,13706,3,Price Sensitive,hybrid,0.6
13707,13707,3,Price Sensitive,hybrid,0.6
13708,13708,2,Low Engagement,hybrid,0.6
13709,13709,4,Loyal Customer,hybrid,0.6
13710,13710,2,Low Engagement,hybrid,0.6
13711,13711,3,Price Sensitive,hybrid,0.8
13712,13712,5,New Cold User,hybrid,0.65
13713,13713,2,Low Engagement,hybrid,0.6
13714,13714,4,Loyal Customer,hybrid,0.6
13715,13715,1,High Intent,hybrid,0.75
13716,13716,2,Low Engagement,hybrid,0.6
13717,13717,1,High Intent,hybrid,0.7
13718,13718,2,Low Engagement,hybrid,0.6
13719,13719,3,Price Sensitive,hybrid,0.6
13720,13720,1,High Intent,hybrid,0.7
13721,13721,2,Low Engagement,hybrid,0.6
13722,13722,1,High Intent,hybrid,0.75
13723,13723,1,High Intent,hybrid,0.7
13724,13724,1,High Intent,hybrid,0.95
13725,13725,2,Low Engagement,hybrid,0.6
13726,13726,1,High Intent,hybrid,0.75
13727,13727,4,Loyal Customer,hybrid,0.7
13728,13728,1,High Intent,hybrid,0.8
13729,13729,3,Price Sensitive,hybrid,0.8
13730,13730,2,Low Engagement,hybrid,0.6
13731,13731,2,Low Engagement,hybrid,0.75
13732,13732,2,Low Engagement,hybrid,0.6
13733,13733,4,Loyal Customer,hybrid,0.7
13734,13734,4,Loyal Customer,hybrid,0.6
13735,13735,4,Loyal Customer,hybrid,0.6
13736,13736,3,Price Sensitive,hybrid,0.6
13737,13737,1,High Intent,hybrid,0.7
13738,13738,4,Loyal Customer,hybrid,0.7
13739,13739,3,Price Sensitive,hybrid,0.75
13740,13740,2,Low Engagement,hybrid,0.7
13741,13741,2,Low Engagement,hybrid,0.6
13742,13742,3,Price Sensitive,hybrid,0.8
13743,13743,3,Price Sensitive,hybrid,0.6
13744,13744,2,Low Engagement,hybrid,0.6
13745,13745,3,Price Sensitive,hybrid,0.6
13746,13746,1,High Intent,hybrid,0.6
13747,13747,2,Low Engagement,hybrid,0.6
13748,13748,3,Price Sensitive,hybrid,0.8
13749,13749,2,Low Engagement,hybrid,0.75
13750,13750,3,Price Sensitive,hybrid,0.8
13751,13751,2,Low Engagement,hybrid,0.6
13752,13752,4,Loyal Customer,hybrid,0.6
13753,13753,4,Loyal Customer,hybrid,0.6
13754,13754,2,Low Engagement,hybrid,0.6
13755,13755,2,Low Engagement,hybrid,0.75
13756,13756,3,Price Sensitive,hybrid,0.95
13757,13757,4,Loyal Customer,hybrid,0.6
13758,13758,3,Price Sensitive,hybrid,0.6
13759,13759,1,High Intent,hybrid,0.7
13760,13760,3,Price Sensitive,hybrid,0.75
13761,13761,1,High Intent,hybrid,0.75
13762,13762,1,High Intent,hybrid,0.6
13763,13763,2,Low Engagement,hybrid,0.8
13764,13764,4,Loyal Customer,hybrid,0.8
13765,13765,2,Low Engagement,hybrid,0.6
13766,13766,4,Loyal Customer,hybrid,0.6
13767,13767,1,High Intent,hybrid,0.75
13768,13768,3,Price Sensitive,hybrid,0.8
13769,13769,1,High Intent,hybrid,0.7
13770,13770,1,High Intent,hybrid,0.7
13771,13771,3,Price Sensitive,hybrid,0.6
13772,13772,1,High Intent,hybrid,0.75
13773,13773,3,Price Sensitive,hybrid,0.7
13774,13774,2,Low Engagement,hybrid,0.6
13775,13775,1,High Intent,hybrid,0.75
13776,13776,4,Loyal Customer,hybrid,0.7
13777,13777,1,High Intent,hybrid,0.6
13778,13778,2,Low Engagement,hybrid,0.6
13779,13779,3,Price Sensitive,hybrid,0.95
13780,13780,2,Low Engagement,hybrid,0.6
13781,13781,1,High Intent,hybrid,0.7
13782,13782,3,Price Sensitive,hybrid,0.75
13783,13783,4,Loyal Customer,hybrid,0.8
13784,13784,3,Price Sensitive,hybrid,0.6
13785,13785,1,High Intent,hybrid,0.6
13786,13786,2,Low Engagement,hybrid,0.7
13787,13787,4,Loyal Customer,hybrid,0.75
13788,13788,1,High Intent,hybrid,0.6
13789,13789,1,High Intent,hybrid,0.7
13790,13790,4,Loyal Customer,hybrid,0.6
13791,13791,3,Price Sensitive,hybrid,0.6
13792,13792,2,Low Engagement,hybrid,0.6
13793,13793,3,Price Sensitive,hybrid,0.95
13794,13794,2,Low Engagement,hybrid,0.75
13795,13795,2,Low Engagement,hybrid,0.6
13796,13796,4,Loyal Customer,hybrid,0.8
13797,13797,2,Low Engagement,hybrid,0.6
13798,13798,2,Low Engagement,hybrid,0.6
13799,13799,4,Loyal Customer,hybrid,0.7
13800,13800,3,Price Sensitive,hybrid,0.6
13801,13801,3,Price Sensitive,hybrid,0.7
13802,13802,1,High Intent,hybrid,0.75
13803,13803,1,High Intent,hybrid,0.6
13804,13804,3,Price Sensitive,hybrid,0.95
13805,13805,3,Price Sensitive,hybrid,0.95
13806,13806,2,Low Engagement,hybrid,0.6
13807,13807,2,Low Engagement,hybrid,0.6
13808,13808,4,Loyal Customer,hybrid,0.6
13809,13809,4,Loyal Customer,hybrid,0.6
13810,13810,3,Price Sensitive,hybrid,0.7
13811,13811,2,Low Engagement,hybrid,0.8
13812,13812,4,Loyal Customer,hybrid,0.6
13813,13813,2,Low Engagement,hybrid,0.6
13814,13814,2,Low Engagement,hybrid,0.75
13815,13815,4,Loyal Customer,hybrid,0.6
13816,13816,1,High Intent,hybrid,0.7
13817,13817,2,Low Engagement,hybrid,0.6
13818,13818,1,High Intent,hybrid,0.75
13819,13819,2,Low Engagement,hybrid,0.6
13820,13820,4,Loyal Customer,hybrid,0.8
13821,13821,1,High Intent,hybrid,0.7
13822,13822,3,Price Sensitive,hybrid,0.6
13823,13823,4,Loyal Customer,hybrid,0.6
13824,13824,3,Price Sensitive,hybrid,0.7
13825,13825,4,Loyal Customer,hybrid,0.6
13826,13826,1,High Intent,hybrid,0.7
13827,13827,4,Loyal Customer,hybrid,0.8
13828,13828,2,Low Engagement,hybrid,0.6
13829,13829,3,Price Sensitive,hybrid,0.7
13830,13830,2,Low Engagement,hybrid,0.6
13831,13831,2,Low Engagement,hybrid,0.6
13832,13832,2,Low Engagement,hybrid,0.6
13833,13833,2,Low Engagement,hybrid,0.75
13834,13834,1,High Intent,hybrid,0.7
13835,13835,2,Low Engagement,hybrid,0.6
13836,13836,3,Price Sensitive,hybrid,0.75
13837,13837,4,Loyal Customer,hybrid,0.6
13838,13838,4,Loyal Customer,hybrid,0.6
13839,13839,2,Low Engagement,hybrid,0.75
13840,13840,2,Low Engagement,hybrid,0.8
13841,13841,1,High Intent,hybrid,0.6
13842,13842,2,Low Engagement,hybrid,0.75
13843,13843,1,High Intent,hybrid,0.7
13844,13844,3,Price Sensitive,hybrid,0.7
13845,13845,4,Loyal Customer,hybrid,0.7
13846,13846,2,Low Engagement,hybrid,0.75
13847,13847,3,Price Sensitive,hybrid,0.6
13848,13848,2,Low Engagement,hybrid,0.6
13849,13849,3,Price Sensitive,hybrid,0.75
13850,13850,2,Low Engagement,hybrid,0.6
13851,13851,2,Low Engagement,hybrid,0.6
13852,13852,4,Loyal Customer,hybrid,0.8
13853,13853,4,Loyal Customer,hybrid,0.75
13854,13854,1,High Intent,hybrid,0.7
13855,13855,3,Price Sensitive,hybrid,0.7
13856,13856,1,High Intent,hybrid,0.95
13857,13857,3,Price Sensitive,hybrid,0.95
13858,13858,2,Low Engagement,hybrid,0.75
13859,13859,4,Loyal Customer,hybrid,0.6
13860,13860,1,High Intent,hybrid,0.6
13861,13861,1,High Intent,hybrid,0.75
13862,13862,4,Loyal Customer,hybrid,0.7
13863,13863,4,Loyal Customer,hybrid,0.7
13864,13864,3,Price Sensitive,hybrid,0.75
13865,13865,1,High Intent,hybrid,0.75
13866,13866,3,Price Sensitive,hybrid,0.8
13867,13867,2,Low Engagement,hybrid,0.6
13868,13868,3,Price Sensitive,hybrid,0.6
13869,13869,3,Price Sensitive,hybrid,0.8
13870,13870,3,Price Sensitive,hybrid,0.6
13871,13871,2,Low Engagement,hybrid,0.6
13872,13872,4,Loyal Customer,hybrid,0.8
13873,13873,1,High Intent,hybrid,0.7
13874,13874,1,High Intent,hybrid,0.8
13875,13875,2,Low Engagement,hybrid,0.6
13876,13876,4,Loyal Customer,hybrid,0.6
13877,13877,4,Loyal Customer,hybrid,0.6
13878,13878,3,Price Sensitive,hybrid,0.8
13879,13879,3,Price Sensitive,hybrid,0.75
13880,13880,3,Price Sensitive,hybrid,0.6
13881,13881,3,Price Sensitive,hybrid,0.6
13882,13882,3,Price Sensitive,hybrid,0.75
13883,13883,3,Price Sensitive,hybrid,0.75
13884,13884,4,Loyal Customer,hybrid,0.6
13885,13885,1,High Intent,hybrid,0.7
13886,13886,5,New Cold User,hybrid,0.65
13887,13887,4,Loyal Customer,hybrid,0.8
13888,13888,1,High Intent,hybrid,0.75
13889,13889,3,Price Sensitive,hybrid,0.7
13890,13890,2,Low Engagement,hybrid,0.75
13891,13891,2,Low Engagement,hybrid,0.75
13892,13892,4,Loyal Customer,hybrid,0.6
13893,13893,3,Price Sensitive,hybrid,0.6
13894,13894,1,High Intent,hybrid,0.7
13895,13895,4,Loyal Customer,hybrid,0.6
13896,13896,4,Loyal Customer,hybrid,0.6
13897,13897,2,Low Engagement,hybrid,0.75
13898,13898,4,Loyal Customer,hybrid,0.6
13899,13899,2,Low Engagement,hybrid,0.8
13900,13900,4,Loyal Customer,hybrid,0.8
13901,13901,1,High Intent,hybrid,0.7
13902,13902,2,Low Engagement,hybrid,0.6
13903,13903,1,High Intent,hybrid,0.75
13904,13904,4,Loyal Customer,hybrid,0.8
13905,13905,3,Price Sensitive,hybrid,0.8
13906,13906,1,High Intent,hybrid,0.75
13907,13907,1,High Intent,hybrid,0.7
13908,13908,3,Price Sensitive,hybrid,0.75
13909,13909,4,Loyal Customer,hybrid,0.6
13910,13910,2,Low Engagement,hybrid,0.6
13911,13911,4,Loyal Customer,hybrid,0.8
13912,13912,3,Price Sensitive,hybrid,0.7
13913,13913,4,Loyal Customer,hybrid,0.6
13914,13914,3,Price Sensitive,hybrid,0.7
13915,13915,2,Low Engagement,hybrid,0.6
13916,13916,1,High Intent,hybrid,0.7
13917,13917,3,Price Sensitive,hybrid,0.7
13918,13918,4,Loyal Customer,hybrid,0.6
13919,13919,4,Loyal Customer,hybrid,0.8
13920,13920,1,High Intent,hybrid,0.7
13921,13921,3,Price Sensitive,hybrid,0.6
13922,13922,4,Loyal Customer,hybrid,0.6
13923,13923,2,Low Engagement,hybrid,0.6
13924,13924,2,Low Engagement,hybrid,0.6
13925,13925,1,High Intent,hybrid,0.75
13926,13926,2,Low Engagement,hybrid,0.7
13927,13927,2,Low Engagement,hybrid,0.6
13928,13928,1,High Intent,hybrid,0.7
13929,13929,4,Loyal Customer,hybrid,0.7
13930,13930,4,Loyal Customer,hybrid,0.7
13931,13931,2,Low Engagement,hybrid,0.75
13932,13932,4,Loyal Customer,hybrid,0.7
13933,13933,2,Low Engagement,hybrid,0.6
13934,13934,2,Low Engagement,hybrid,0.6
13935,13935,1,High Intent,hybrid,0.7
13936,13936,1,High Intent,hybrid,0.7
13937,13937,2,Low Engagement,hybrid,0.8
13938,13938,2,Low Engagement,hybrid,0.8
13939,13939,3,Price Sensitive,hybrid,0.8
13940,13940,2,Low Engagement,hybrid,0.6
13941,13941,4,Loyal Customer,hybrid,0.6
13942,13942,2,Low Engagement,hybrid,0.75
13943,13943,3,Price Sensitive,hybrid,0.8
13944,13944,1,High Intent,hybrid,0.6
13945,13945,3,Price Sensitive,hybrid,0.7
13946,13946,2,Low Engagement,hybrid,0.75
13947,13947,3,Price Sensitive,hybrid,0.7
13948,13948,4,Loyal Customer,hybrid,0.6
13949,13949,3,Price Sensitive,hybrid,0.7
13950,13950,3,Price Sensitive,hybrid,0.75
13951,13951,3,Price Sensitive,hybrid,0.75
13952,13952,1,High Intent,hybrid,0.75
13953,13953,4,Loyal Customer,hybrid,0.6
13954,13954,4,Loyal Customer,hybrid,0.8
13955,13955,4,Loyal Customer,hybrid,0.6
13956,13956,2,Low Engagement,hybrid,0.6
13957,13957,4,Loyal Customer,hybrid,0.8
13958,13958,1,High Intent,hybrid,0.6
13959,13959,3,Price Sensitive,hybrid,0.8
13960,13960,2,Low Engagement,hybrid,0.8
13961,13961,3,Price Sensitive,hybrid,0.8
13962,13962,3,Price Sensitive,hybrid,0.95
13963,13963,2,Low Engagement,hybrid,0.75
13964,13964,1,High Intent,hybrid,0.7
13965,13965,2,Low Engagement,hybrid,0.6
13966,13966,3,Price Sensitive,hybrid,0.8
13967,13967,1,High Intent,hybrid,0.7
13968,13968,2,Low Engagement,hybrid,0.6
13969,13969,3,Price Sensitive,hybrid,0.7
13970,13970,3,Price Sensitive,hybrid,0.6
13971,13971,2,Low Engagement,hybrid,0.6
13972,13972,3,Price Sensitive,hybrid,0.8
13973,13973,2,Low Engagement,hybrid,0.6
13974,13974,1,High Intent,hybrid,0.6
13975,13975,3,Price Sensitive,hybrid,0.8
13976,13976,1,High Intent,hybrid,0.75
13977,13977,4,Loyal Customer,hybrid,0.8
13978,13978,4,Loyal Customer,hybrid,0.7
13979,13979,1,High Intent,hybrid,0.7
13980,13980,4,Loyal Customer,hybrid,0.6
13981,13981,1,High Intent,hybrid,0.7
13982,13982,4,Loyal Customer,hybrid,0.7
13983,13983,2,Low Engagement,hybrid,0.6
13984,13984,2,Low Engagement,hybrid,0.6
13985,13985,2,Low Engagement,hybrid,0.6
13986,13986,2,Low Engagement,hybrid,0.75
13987,13987,2,Low Engagement,hybrid,0.6
13988,13988,4,Loyal Customer,hybrid,0.6
13989,13989,1,High Intent,hybrid,0.75
13990,13990,1,High Intent,hybrid,0.6
13991,13991,3,Price Sensitive,hybrid,0.75
13992,13992,2,Low Engagement,hybrid,0.75
13993,13993,2,Low Engagement,hybrid,0.8
13994,13994,5,New Cold User,hybrid,0.65
13995,13995,2,Low Engagement,hybrid,0.6
13996,13996,1,High Intent,hybrid,0.95
13997,13997,4,Loyal Customer,hybrid,0.7
13998,13998,4,Loyal Customer,hybrid,0.7
13999,13999,3,Price Sensitive,hybrid,0.8
14000,14000,4,Loyal Customer,hybrid,0.8
14001,14001,3,Price Sensitive,hybrid,0.8
14002,14002,4,Loyal Customer,hybrid,0.75
14003,14003,4,Loyal Customer,hybrid,0.6
14004,14004,3,Price Sensitive,hybrid,0.7
14005,14005,1,High Intent,hybrid,0.7
14006,14006,4,Loyal Customer,hybrid,0.75
14007,14007,3,Price Sensitive,hybrid,0.7
14008,14008,1,High Intent,hybrid,0.7
14009,14009,4,Loyal Customer,hybrid,0.7
14010,14010,4,Loyal Customer,hybrid,0.6
14011,14011,3,Price Sensitive,hybrid,0.8
14012,14012,5,New Cold User,hybrid,0.65
14013,14013,4,Loyal Customer,hybrid,0.95
14014,14014,2,Low Engagement,hybrid,0.6
14015,14015,2,Low Engagement,hybrid,0.6
14016,14016,1,High Intent,hybrid,0.75
14017,14017,3,Price Sensitive,hybrid,0.7
14018,14018,3,Price Sensitive,hybrid,0.8
14019,14019,3,Price Sensitive,hybrid,0.7
14020,14020,4,Loyal Customer,hybrid,0.6
14021,14021,2,Low Engagement,hybrid,0.75
14022,14022,2,Low Engagement,hybrid,0.6
14023,14023,4,Loyal Customer,hybrid,0.6
14024,14024,1,High Intent,hybrid,0.7
14025,14025,3,Price Sensitive,hybrid,0.8
14026,14026,2,Low Engagement,hybrid,0.75
14027,14027,3,Price Sensitive,hybrid,0.7
14028,14028,4,Loyal Customer,hybrid,0.8
14029,14029,4,Loyal Customer,hybrid,0.6
14030,14030,4,Loyal Customer,hybrid,0.6
14031,14031,4,Loyal Customer,hybrid,0.8
14032,14032,2,Low Engagement,hybrid,0.75
14033,14033,4,Loyal Customer,hybrid,0.6
14034,14034,2,Low Engagement,hybrid,0.6
14035,14035,3,Price Sensitive,hybrid,0.95
14036,14036,2,Low Engagement,hybrid,0.6
14037,14037,4,Loyal Customer,hybrid,0.6
14038,14038,1,High Intent,hybrid,0.95
14039,14039,4,Loyal Customer,hybrid,0.6
14040,14040,2,Low Engagement,hybrid,0.6
14041,14041,1,High Intent,hybrid,0.75
14042,14042,3,Price Sensitive,hybrid,0.7
14043,14043,1,High Intent,hybrid,0.7
14044,14044,2,Low Engagement,hybrid,0.75
14045,14045,2,Low Engagement,hybrid,0.6
14046,14046,3,Price Sensitive,hybrid,0.8
14047,14047,4,Loyal Customer,hybrid,0.6
14048,14048,1,High Intent,hybrid,0.7
14049,14049,2,Low Engagement,hybrid,0.6
14050,14050,2,Low Engagement,hybrid,0.6
14051,14051,1,High Intent,hybrid,0.7
14052,14052,2,Low Engagement,hybrid,0.6
14053,14053,2,Low Engagement,hybrid,0.8
14054,14054,1,High Intent,hybrid,0.7
14055,14055,1,High Intent,hybrid,0.8
14056,14056,3,Price Sensitive,hybrid,0.6
14057,14057,3,Price Sensitive,hybrid,0.8
14058,14058,1,High Intent,hybrid,0.7
14059,14059,3,Price Sensitive,hybrid,0.75
14060,14060,1,High Intent,hybrid,0.8
14061,14061,2,Low Engagement,hybrid,0.7
14062,14062,2,Low Engagement,hybrid,0.6
14063,14063,3,Price Sensitive,hybrid,0.95
14064,14064,2,Low Engagement,hybrid,0.6
14065,14065,3,Price Sensitive,hybrid,0.6
14066,14066,4,Loyal Customer,hybrid,0.6
14067,14067,2,Low Engagement,hybrid,0.8
14068,14068,2,Low Engagement,hybrid,0.6
14069,14069,2,Low Engagement,hybrid,0.6
14070,14070,1,High Intent,hybrid,0.7
14071,14071,4,Loyal Customer,hybrid,0.7
14072,14072,3,Price Sensitive,hybrid,0.6
14073,14073,1,High Intent,hybrid,0.7
14074,14074,2,Low Engagement,hybrid,0.7
14075,14075,1,High Intent,hybrid,0.6
14076,14076,1,High Intent,hybrid,0.7
14077,14077,4,Loyal Customer,hybrid,0.6
14078,14078,3,Price Sensitive,hybrid,0.7
14079,14079,2,Low Engagement,hybrid,0.75
14080,14080,3,Price Sensitive,hybrid,0.95
14081,14081,2,Low Engagement,hybrid,0.6
14082,14082,4,Loyal Customer,hybrid,0.6
14083,14083,1,High Intent,hybrid,0.7
14084,14084,1,High Intent,hybrid,0.75
14085,14085,1,High Intent,hybrid,0.7
14086,14086,3,Price Sensitive,hybrid,0.6
14087,14087,4,Loyal Customer,hybrid,0.6
14088,14088,4,Loyal Customer,hybrid,0.8
14089,14089,1,High Intent,hybrid,0.7
14090,14090,1,High Intent,hybrid,0.7
14091,14091,2,Low Engagement,hybrid,0.75
14092,14092,2,Low Engagement,hybrid,0.75
14093,14093,4,Loyal Customer,hybrid,0.7
14094,14094,4,Loyal Customer,hybrid,0.8
14095,14095,2,Low Engagement,hybrid,0.6
14096,14096,4,Loyal Customer,hybrid,0.8
14097,14097,1,High Intent,hybrid,0.75
14098,14098,4,Loyal Customer,hybrid,0.8
14099,14099,2,Low Engagement,hybrid,0.6
14100,14100,2,Low Engagement,hybrid,0.6
14101,14101,2,Low Engagement,hybrid,0.6
14102,14102,4,Loyal Customer,hybrid,0.6
14103,14103,1,High Intent,hybrid,0.6
14104,14104,1,High Intent,hybrid,0.7
14105,14105,1,High Intent,hybrid,0.8
14106,14106,3,Price Sensitive,hybrid,0.7
14107,14107,3,Price Sensitive,hybrid,0.75
14108,14108,2,Low Engagement,hybrid,0.75
14109,14109,2,Low Engagement,hybrid,0.6
14110,14110,3,Price Sensitive,hybrid,0.6
14111,14111,1,High Intent,hybrid,0.6
14112,14112,4,Loyal Customer,hybrid,0.8
14113,14113,2,Low Engagement,hybrid,0.8
14114,14114,2,Low Engagement,hybrid,0.6
14115,14115,3,Price Sensitive,hybrid,0.6
14116,14116,1,High Intent,hybrid,0.7
14117,14117,2,Low Engagement,hybrid,0.75
14118,14118,2,Low Engagement,hybrid,0.75
14119,14119,2,Low Engagement,hybrid,0.6
14120,14120,4,Loyal Customer,hybrid,0.7
14121,14121,3,Price Sensitive,hybrid,0.75
14122,14122,4,Loyal Customer,hybrid,0.6
14123,14123,2,Low Engagement,hybrid,0.6
14124,14124,2,Low Engagement,hybrid,0.6
14125,14125,1,High Intent,hybrid,0.6
14126,14126,2,Low Engagement,hybrid,0.75
14127,14127,2,Low Engagement,hybrid,0.6
14128,14128,4,Loyal Customer,hybrid,0.75
14129,14129,3,Price Sensitive,hybrid,0.6
14130,14130,4,Loyal Customer,hybrid,0.75
14131,14131,3,Price Sensitive,hybrid,0.6
14132,14132,2,Low Engagement,hybrid,0.8
14133,14133,2,Low Engagement,hybrid,0.8
14134,14134,2,Low Engagement,hybrid,0.6
14135,14135,3,Price Sensitive,hybrid,0.75
14136,14136,1,High Intent,hybrid,0.7
14137,14137,3,Price Sensitive,hybrid,0.75
14138,14138,2,Low Engagement,hybrid,0.6
14139,14139,1,High Intent,hybrid,0.8
14140,14140,1,High Intent,hybrid,0.7
14141,14141,1,High Intent,hybrid,0.7
14142,14142,4,Loyal Customer,hybrid,0.75
14143,14143,2,Low Engagement,hybrid,0.6
14144,14144,2,Low Engagement,hybrid,0.6
14145,14145,1,High Intent,hybrid,0.95
14146,14146,4,Loyal Customer,hybrid,0.75
14147,14147,2,Low Engagement,hybrid,0.6
14148,14148,2,Low Engagement,hybrid,0.75
14149,14149,1,High Intent,hybrid,0.8
14150,14150,4,Loyal Customer,hybrid,0.75
14151,14151,1,High Intent,hybrid,0.6
14152,14152,1,High Intent,hybrid,0.75
14153,14153,3,Price Sensitive,hybrid,0.75
14154,14154,4,Loyal Customer,hybrid,0.75
14155,14155,3,Price Sensitive,hybrid,0.95
14156,14156,1,High Intent,hybrid,0.7
14157,14157,1,High Intent,hybrid,0.6
14158,14158,2,Low Engagement,hybrid,0.6
14159,14159,2,Low Engagement,hybrid,0.6
14160,14160,4,Loyal Customer,hybrid,0.6
14161,14161,5,New Cold User,hybrid,0.65
14162,14162,3,Price Sensitive,hybrid,0.6
14163,14163,4,Loyal Customer,hybrid,0.8
14164,14164,2,Low Engagement,hybrid,0.75
14165,14165,1,High Intent,hybrid,0.75
14166,14166,4,Loyal Customer,hybrid,0.6
14167,14167,2,Low Engagement,hybrid,0.75
14168,14168,2,Low Engagement,hybrid,0.6
14169,14169,2,Low Engagement,hybrid,0.75
14170,14170,3,Price Sensitive,hybrid,0.95
14171,14171,1,High Intent,hybrid,0.6
14172,14172,2,Low Engagement,hybrid,0.6
14173,14173,2,Low Engagement,hybrid,0.8
14174,14174,2,Low Engagement,hybrid,0.6
14175,14175,1,High Intent,hybrid,0.6
14176,14176,5,New Cold User,hybrid,0.65
14177,14177,4,Loyal Customer,hybrid,0.8
14178,14178,3,Price Sensitive,hybrid,0.7
14179,14179,4,Loyal Customer,hybrid,0.6
14180,14180,3,Price Sensitive,hybrid,0.8
14181,14181,2,Low Engagement,hybrid,0.75
14182,14182,3,Price Sensitive,hybrid,0.7
14183,14183,3,Price Sensitive,hybrid,0.8
14184,14184,1,High Intent,hybrid,0.6
14185,14185,3,Price Sensitive,hybrid,0.8
14186,14186,3,Price Sensitive,hybrid,0.6
14187,14187,2,Low Engagement,hybrid,0.75
14188,14188,4,Loyal Customer,hybrid,0.6
14189,14189,4,Loyal Customer,hybrid,0.8
14190,14190,1,High Intent,hybrid,0.7
14191,14191,3,Price Sensitive,hybrid,0.6
14192,14192,1,High Intent,hybrid,0.75
14193,14193,2,Low Engagement,hybrid,0.75
14194,14194,1,High Intent,hybrid,0.7
14195,14195,4,Loyal Customer,hybrid,0.6
14196,14196,3,Price Sensitive,hybrid,0.75
14197,14197,3,Price Sensitive,hybrid,0.7
14198,14198,1,High Intent,hybrid,0.75
14199,14199,4,Loyal Customer,hybrid,0.6
14200,14200,4,Loyal Customer,hybrid,0.7
14201,14201,3,Price Sensitive,hybrid,0.8
14202,14202,4,Loyal Customer,hybrid,0.6
14203,14203,4,Loyal Customer,hybrid,0.6
14204,14204,1,High Intent,hybrid,0.7
14205,14205,1,High Intent,hybrid,0.7
14206,14206,4,Loyal Customer,hybrid,0.8
14207,14207,1,High Intent,hybrid,0.7
14208,14208,2,Low Engagement,hybrid,0.6
14209,14209,1,High Intent,hybrid,0.6
14210,14210,2,Low Engagement,hybrid,0.8
14211,14211,4,Loyal Customer,hybrid,0.6
14212,14212,2,Low Engagement,hybrid,0.75
14213,14213,2,Low Engagement,hybrid,0.6
14214,14214,2,Low Engagement,hybrid,0.8
14215,14215,4,Loyal Customer,hybrid,0.6
14216,14216,1,High Intent,hybrid,0.7
14217,14217,1,High Intent,hybrid,0.7
14218,14218,1,High Intent,hybrid,0.6
14219,14219,2,Low Engagement,hybrid,0.6
14220,14220,4,Loyal Customer,hybrid,0.75
14221,14221,3,Price Sensitive,hybrid,0.75
14222,14222,2,Low Engagement,hybrid,0.75
14223,14223,4,Loyal Customer,hybrid,0.6
14224,14224,2,Low Engagement,hybrid,0.6
14225,14225,3,Price Sensitive,hybrid,0.8
14226,14226,2,Low Engagement,hybrid,0.6
14227,14227,1,High Intent,hybrid,0.75
14228,14228,2,Low Engagement,hybrid,0.6
14229,14229,2,Low Engagement,hybrid,0.6
14230,14230,3,Price Sensitive,hybrid,0.8
14231,14231,2,Low Engagement,hybrid,0.6
14232,14232,2,Low Engagement,hybrid,0.6
14233,14233,3,Price Sensitive,hybrid,0.75
14234,14234,3,Price Sensitive,hybrid,0.95
14235,14235,2,Low Engagement,hybrid,0.75
14236,14236,2,Low Engagement,hybrid,0.6
14237,14237,3,Price Sensitive,hybrid,0.6
14238,14238,4,Loyal Customer,hybrid,0.7
14239,14239,2,Low Engagement,hybrid,0.75
14240,14240,1,High Intent,hybrid,0.7
14241,14241,2,Low Engagement,hybrid,0.7
14242,14242,2,Low Engagement,hybrid,0.8
14243,14243,4,Loyal Customer,hybrid,0.6
14244,14244,2,Low Engagement,hybrid,0.6
14245,14245,3,Price Sensitive,hybrid,0.7
14246,14246,5,New Cold User,hybrid,0.65
14247,14247,4,Loyal Customer,hybrid,0.7
14248,14248,4,Loyal Customer,hybrid,0.75
14249,14249,2,Low Engagement,hybrid,0.75
14250,14250,2,Low Engagement,hybrid,0.7
14251,14251,3,Price Sensitive,hybrid,0.6
14252,14252,4,Loyal Customer,hybrid,0.6
14253,14253,2,Low Engagement,hybrid,0.75
14254,14254,4,Loyal Customer,hybrid,0.6
14255,14255,4,Loyal Customer,hybrid,0.75
14256,14256,1,High Intent,hybrid,0.8
14257,14257,4,Loyal Customer,hybrid,0.95
14258,14258,4,Loyal Customer,hybrid,0.7
14259,14259,3,Price Sensitive,hybrid,0.95
14260,14260,4,Loyal Customer,hybrid,0.7
14261,14261,4,Loyal Customer,hybrid,0.6
14262,14262,2,Low Engagement,hybrid,0.75
14263,14263,2,Low Engagement,hybrid,0.6
14264,14264,3,Price Sensitive,hybrid,0.75
14265,14265,2,Low Engagement,hybrid,0.75
14266,14266,2,Low Engagement,hybrid,0.6
14267,14267,2,Low Engagement,hybrid,0.6
14268,14268,2,Low Engagement,hybrid,0.8
14269,14269,2,Low Engagement,hybrid,0.75
14270,14270,1,High Intent,hybrid,0.8
14271,14271,1,High Intent,hybrid,0.7
14272,14272,2,Low Engagement,hybrid,0.6
14273,14273,2,Low Engagement,hybrid,0.75
14274,14274,3,Price Sensitive,hybrid,0.7
14275,14275,2,Low Engagement,hybrid,0.8
14276,14276,2,Low Engagement,hybrid,0.6
14277,14277,3,Price Sensitive,hybrid,0.6
14278,14278,1,High Intent,hybrid,0.95
14279,14279,2,Low Engagement,hybrid,0.6
14280,14280,3,Price Sensitive,hybrid,0.7
14281,14281,3,Price Sensitive,hybrid,0.6
14282,14282,3,Price Sensitive,hybrid,0.8
14283,14283,4,Loyal Customer,hybrid,0.6
14284,14284,1,High Intent,hybrid,0.7
14285,14285,4,Loyal Customer,hybrid,0.6
14286,14286,3,Price Sensitive,hybrid,0.8
14287,14287,1,High Intent,hybrid,0.7
14288,14288,3,Price Sensitive,hybrid,0.6
14289,14289,3,Price Sensitive,hybrid,0.95
14290,14290,1,High Intent,hybrid,0.75
14291,14291,2,Low Engagement,hybrid,0.6
14292,14292,3,Price Sensitive,hybrid,0.8
14293,14293,4,Loyal Customer,hybrid,0.6
14294,14294,4,Loyal Customer,hybrid,0.95
14295,14295,3,Price Sensitive,hybrid,0.6
14296,14296,4,Loyal Customer,hybrid,0.75
14297,14297,2,Low Engagement,hybrid,0.8
14298,14298,4,Loyal Customer,hybrid,0.8
14299,14299,4,Loyal Customer,hybrid,0.7
14300,14300,1,High Intent,hybrid,0.7
14301,14301,3,Price Sensitive,hybrid,0.6
14302,14302,3,Price Sensitive,hybrid,0.8
14303,14303,2,Low Engagement,hybrid,0.6
14304,14304,4,Loyal Customer,hybrid,0.6
14305,14305,1,High Intent,hybrid,0.7
14306,14306,4,Loyal Customer,hybrid,0.8
14307,14307,4,Loyal Customer,hybrid,0.6
14308,14308,3,Price Sensitive,hybrid,0.7
14309,14309,3,Price Sensitive,hybrid,0.75
14310,14310,2,Low Engagement,hybrid,0.6
14311,14311,2,Low Engagement,hybrid,0.6
14312,14312,2,Low Engagement,hybrid,0.6
14313,14313,3,Price Sensitive,hybrid,0.6
14314,14314,2,Low Engagement,hybrid,0.6
14315,14315,1,High Intent,hybrid,0.7
14316,14316,1,High Intent,hybrid,0.7
14317,14317,4,Loyal Customer,hybrid,0.6
14318,14318,2,Low Engagement,hybrid,0.6
14319,14319,1,High Intent,hybrid,0.8
14320,14320,2,Low Engagement,hybrid,0.6
14321,14321,1,High Intent,hybrid,0.6
14322,14322,3,Price Sensitive,hybrid,0.7
14323,14323,1,High Intent,hybrid,0.7
14324,14324,4,Loyal Customer,hybrid,0.7
14325,14325,4,Loyal Customer,hybrid,0.7
14326,14326,5,New Cold User,hybrid,0.65
14327,14327,1,High Intent,hybrid,0.7
14328,14328,1,High Intent,hybrid,0.7
14329,14329,3,Price Sensitive,hybrid,0.8
14330,14330,3,Price Sensitive,hybrid,0.6
14331,14331,3,Price Sensitive,hybrid,0.8
14332,14332,1,High Intent,hybrid,0.75
14333,14333,4,Loyal Customer,hybrid,0.6
14334,14334,2,Low Engagement,hybrid,0.75
14335,14335,3,Price Sensitive,hybrid,0.6
14336,14336,4,Loyal Customer,hybrid,0.6
14337,14337,2,Low Engagement,hybrid,0.6
14338,14338,2,Low Engagement,hybrid,0.75
14339,14339,4,Loyal Customer,hybrid,0.75
14340,14340,4,Loyal Customer,hybrid,0.6
14341,14341,2,Low Engagement,hybrid,0.8
14342,14342,3,Price Sensitive,hybrid,0.6
14343,14343,3,Price Sensitive,hybrid,0.7
14344,14344,4,Loyal Customer,hybrid,0.6
14345,14345,5,New Cold User,hybrid,0.65
14346,14346,3,Price Sensitive,hybrid,0.75
14347,14347,3,Price Sensitive,hybrid,0.95
14348,14348,1,High Intent,hybrid,0.7
14349,14349,1,High Intent,hybrid,0.6
14350,14350,2,Low Engagement,hybrid,0.6
14351,14351,4,Loyal Customer,hybrid,0.75
14352,14352,3,Price Sensitive,hybrid,0.8
14353,14353,1,High Intent,hybrid,0.6
14354,14354,4,Loyal Customer,hybrid,0.6
14355,14355,4,Loyal Customer,hybrid,0.6
14356,14356,3,Price Sensitive,hybrid,0.75
14357,14357,4,Loyal Customer,hybrid,0.6
14358,14358,2,Low Engagement,hybrid,0.75
14359,14359,3,Price Sensitive,hybrid,0.8
14360,14360,1,High Intent,hybrid,0.7
14361,14361,2,Low Engagement,hybrid,0.75
14362,14362,2,Low Engagement,hybrid,0.75
14363,14363,2,Low Engagement,hybrid,0.75
14364,14364,3,Price Sensitive,hybrid,0.75
14365,14365,1,High Intent,hybrid,0.7
14366,14366,4,Loyal Customer,hybrid,0.6
14367,14367,2,Low Engagement,hybrid,0.6
14368,14368,2,Low Engagement,hybrid,0.6
14369,14369,2,Low Engagement,hybrid,0.6
14370,14370,2,Low Engagement,hybrid,0.6
14371,14371,2,Low Engagement,hybrid,0.6
14372,14372,1,High Intent,hybrid,0.6
14373,14373,2,Low Engagement,hybrid,0.6
14374,14374,2,Low Engagement,hybrid,0.8
14375,14375,2,Low Engagement,hybrid,0.6
14376,14376,4,Loyal Customer,hybrid,0.6
14377,14377,2,Low Engagement,hybrid,0.6
14378,14378,2,Low Engagement,hybrid,0.8
14379,14379,4,Loyal Customer,hybrid,0.6
14380,14380,2,Low Engagement,hybrid,0.75
14381,14381,2,Low Engagement,hybrid,0.75
14382,14382,2,Low Engagement,hybrid,0.6
14383,14383,3,Price Sensitive,hybrid,0.7
14384,14384,3,Price Sensitive,hybrid,0.8
14385,14385,2,Low Engagement,hybrid,0.6
14386,14386,2,Low Engagement,hybrid,0.75
14387,14387,3,Price Sensitive,hybrid,0.7
14388,14388,4,Loyal Customer,hybrid,0.6
14389,14389,2,Low Engagement,hybrid,0.75
14390,14390,2,Low Engagement,hybrid,0.6
14391,14391,3,Price Sensitive,hybrid,0.7
14392,14392,2,Low Engagement,hybrid,0.8
14393,14393,3,Price Sensitive,hybrid,0.7
14394,14394,2,Low Engagement,hybrid,0.6
14395,14395,2,Low Engagement,hybrid,0.8
14396,14396,4,Loyal Customer,hybrid,0.6
14397,14397,2,Low Engagement,hybrid,0.6
14398,14398,2,Low Engagement,hybrid,0.6
14399,14399,5,New Cold User,hybrid,0.65
14400,14400,1,High Intent,hybrid,0.7
14401,14401,2,Low Engagement,hybrid,0.6
14402,14402,4,Loyal Customer,hybrid,0.6
14403,14403,4,Loyal Customer,hybrid,0.7
14404,14404,1,High Intent,hybrid,0.7
14405,14405,1,High Intent,hybrid,0.75
14406,14406,4,Loyal Customer,hybrid,0.8
14407,14407,4,Loyal Customer,hybrid,0.8
14408,14408,2,Low Engagement,hybrid,0.6
14409,14409,2,Low Engagement,hybrid,0.6
14410,14410,2,Low Engagement,hybrid,0.7
14411,14411,4,Loyal Customer,hybrid,0.7
14412,14412,4,Loyal Customer,hybrid,0.8
14413,14413,1,High Intent,hybrid,0.75
14414,14414,4,Loyal Customer,hybrid,0.6
14415,14415,3,Price Sensitive,hybrid,0.6
14416,14416,2,Low Engagement,hybrid,0.75
14417,14417,2,Low Engagement,hybrid,0.95
14418,14418,2,Low Engagement,hybrid,0.6
14419,14419,3,Price Sensitive,hybrid,0.75
14420,14420,4,Loyal Customer,hybrid,0.95
14421,14421,1,High Intent,hybrid,0.75
14422,14422,3,Price Sensitive,hybrid,0.8
14423,14423,1,High Intent,hybrid,0.7
14424,14424,1,High Intent,hybrid,0.7
14425,14425,2,Low Engagement,hybrid,0.75
14426,14426,1,High Intent,hybrid,0.7
14427,14427,1,High Intent,hybrid,0.75
14428,14428,2,Low Engagement,hybrid,0.8
14429,14429,2,Low Engagement,hybrid,0.6
14430,14430,3,Price Sensitive,hybrid,0.7
14431,14431,4,Loyal Customer,hybrid,0.8
14432,14432,2,Low Engagement,hybrid,0.75
14433,14433,4,Loyal Customer,hybrid,0.6
14434,14434,4,Loyal Customer,hybrid,0.7
14435,14435,2,Low Engagement,hybrid,0.6
14436,14436,1,High Intent,hybrid,0.7
14437,14437,1,High Intent,hybrid,0.7
14438,14438,4,Loyal Customer,hybrid,0.6
14439,14439,3,Price Sensitive,hybrid,0.6
14440,14440,2,Low Engagement,hybrid,0.6
14441,14441,2,Low Engagement,hybrid,0.6
14442,14442,2,Low Engagement,hybrid,0.6
14443,14443,1,High Intent,hybrid,0.6
14444,14444,1,High Intent,hybrid,0.75
14445,14445,2,Low Engagement,hybrid,0.6
14446,14446,4,Loyal Customer,hybrid,0.6
14447,14447,2,Low Engagement,hybrid,0.8
14448,14448,1,High Intent,hybrid,0.75
14449,14449,2,Low Engagement,hybrid,0.6
14450,14450,3,Price Sensitive,hybrid,0.75
14451,14451,1,High Intent,hybrid,0.75
14452,14452,3,Price Sensitive,hybrid,0.8
14453,14453,3,Price Sensitive,hybrid,0.75
14454,14454,1,High Intent,hybrid,0.75
14455,14455,1,High Intent,hybrid,0.7
14456,14456,1,High Intent,hybrid,0.7
14457,14457,3,Price Sensitive,hybrid,0.8
14458,14458,2,Low Engagement,hybrid,0.75
14459,14459,4,Loyal Customer,hybrid,0.8
14460,14460,2,Low Engagement,hybrid,0.6
14461,14461,2,Low Engagement,hybrid,0.8
14462,14462,1,High Intent,hybrid,0.6
14463,14463,4,Loyal Customer,hybrid,0.6
14464,14464,2,Low Engagement,hybrid,0.7
14465,14465,1,High Intent,hybrid,0.6
14466,14466,2,Low Engagement,hybrid,0.7
14467,14467,2,Low Engagement,hybrid,0.8
14468,14468,2,Low Engagement,hybrid,0.6
14469,14469,2,Low Engagement,hybrid,0.6
14470,14470,2,Low Engagement,hybrid,0.6
14471,14471,2,Low Engagement,hybrid,0.6
14472,14472,4,Loyal Customer,hybrid,0.8
14473,14473,3,Price Sensitive,hybrid,0.6
14474,14474,3,Price Sensitive,hybrid,0.8
14475,14475,1,High Intent,hybrid,0.8
14476,14476,1,High Intent,hybrid,0.7
14477,14477,4,Loyal Customer,hybrid,0.6
14478,14478,3,Price Sensitive,hybrid,0.75
14479,14479,3,Price Sensitive,hybrid,0.6
14480,14480,1,High Intent,hybrid,0.6
14481,14481,3,Price Sensitive,hybrid,0.6
14482,14482,3,Price Sensitive,hybrid,0.75
14483,14483,1,High Intent,hybrid,0.7
14484,14484,2,Low Engagement,hybrid,0.75
14485,14485,1,High Intent,hybrid,0.8
14486,14486,2,Low Engagement,hybrid,0.8
14487,14487,3,Price Sensitive,hybrid,0.7
14488,14488,1,High Intent,hybrid,0.75
14489,14489,3,Price Sensitive,hybrid,0.6
14490,14490,2,Low Engagement,hybrid,0.6
14491,14491,1,High Intent,hybrid,0.7
14492,14492,1,High Intent,hybrid,0.6
14493,14493,3,Price Sensitive,hybrid,0.7
14494,14494,1,High Intent,hybrid,0.6
14495,14495,1,High Intent,hybrid,0.75
14496,14496,2,Low Engagement,hybrid,0.75
14497,14497,1,High Intent,hybrid,0.6
14498,14498,4,Loyal Customer,hybrid,0.6
14499,14499,2,Low Engagement,hybrid,0.6
14500,14500,4,Loyal Customer,hybrid,0.6
14501,14501,1,High Intent,hybrid,0.7
14502,14502,1,High Intent,hybrid,0.7
14503,14503,3,Price Sensitive,hybrid,0.6
14504,14504,4,Loyal Customer,hybrid,0.95
14505,14505,2,Low Engagement,hybrid,0.6
14506,14506,3,Price Sensitive,hybrid,0.8
14507,14507,1,High Intent,hybrid,0.6
14508,14508,1,High Intent,hybrid,0.7
14509,14509,2,Low Engagement,hybrid,0.6
14510,14510,1,High Intent,hybrid,0.95
14511,14511,2,Low Engagement,hybrid,0.8
14512,14512,1,High Intent,hybrid,0.7
14513,14513,3,Price Sensitive,hybrid,0.6
14514,14514,1,High Intent,hybrid,0.7
14515,14515,3,Price Sensitive,hybrid,0.75
14516,14516,2,Low Engagement,hybrid,0.8
14517,14517,4,Loyal Customer,hybrid,0.6
14518,14518,2,Low Engagement,hybrid,0.6
14519,14519,3,Price Sensitive,hybrid,0.7
14520,14520,1,High Intent,hybrid,0.8
14521,14521,3,Price Sensitive,hybrid,0.6
14522,14522,3,Price Sensitive,hybrid,0.6
14523,14523,2,Low Engagement,hybrid,0.75
14524,14524,3,Price Sensitive,hybrid,0.7
14525,14525,3,Price Sensitive,hybrid,0.8
14526,14526,3,Price Sensitive,hybrid,0.6
14527,14527,2,Low Engagement,hybrid,0.6
14528,14528,4,Loyal Customer,hybrid,0.7
14529,14529,2,Low Engagement,hybrid,0.6
14530,14530,4,Loyal Customer,hybrid,0.7
14531,14531,2,Low Engagement,hybrid,0.7
14532,14532,1,High Intent,hybrid,0.95
14533,14533,4,Loyal Customer,hybrid,0.6
14534,14534,1,High Intent,hybrid,0.7
14535,14535,2,Low Engagement,hybrid,0.6
14536,14536,1,High Intent,hybrid,0.6
14537,14537,3,Price Sensitive,hybrid,0.8
14538,14538,4,Loyal Customer,hybrid,0.6
14539,14539,1,High Intent,hybrid,0.7
14540,14540,1,High Intent,hybrid,0.75
14541,14541,3,Price Sensitive,hybrid,0.75
14542,14542,3,Price Sensitive,hybrid,0.6
14543,14543,3,Price Sensitive,hybrid,0.75
14544,14544,2,Low Engagement,hybrid,0.6
14545,14545,4,Loyal Customer,hybrid,0.6
14546,14546,1,High Intent,hybrid,0.7
14547,14547,2,Low Engagement,hybrid,0.6
14548,14548,2,Low Engagement,hybrid,0.6
14549,14549,4,Loyal Customer,hybrid,0.6
14550,14550,1,High Intent,hybrid,0.7
14551,14551,2,Low Engagement,hybrid,0.75
14552,14552,3,Price Sensitive,hybrid,0.6
14553,14553,3,Price Sensitive,hybrid,0.95
14554,14554,3,Price Sensitive,hybrid,0.7
14555,14555,2,Low Engagement,hybrid,0.6
14556,14556,4,Loyal Customer,hybrid,0.6
14557,14557,4,Loyal Customer,hybrid,0.75
14558,14558,3,Price Sensitive,hybrid,0.75
14559,14559,4,Loyal Customer,hybrid,0.95
14560,14560,3,Price Sensitive,hybrid,0.7
14561,14561,2,Low Engagement,hybrid,0.6
14562,14562,3,Price Sensitive,hybrid,0.95
14563,14563,3,Price Sensitive,hybrid,0.8
14564,14564,4,Loyal Customer,hybrid,0.6
14565,14565,5,New Cold User,hybrid,0.65
14566,14566,1,High Intent,hybrid,0.7
14567,14567,4,Loyal Customer,hybrid,0.6
14568,14568,3,Price Sensitive,hybrid,0.7
14569,14569,3,Price Sensitive,hybrid,0.7
14570,14570,1,High Intent,hybrid,0.7
14571,14571,3,Price Sensitive,hybrid,0.75
14572,14572,3,Price Sensitive,hybrid,0.7
14573,14573,2,Low Engagement,hybrid,0.6
14574,14574,4,Loyal Customer,hybrid,0.95
14575,14575,1,High Intent,hybrid,0.7
14576,14576,4,Loyal Customer,hybrid,0.6
14577,14577,3,Price Sensitive,hybrid,0.7
14578,14578,1,High Intent,hybrid,0.75
14579,14579,2,Low Engagement,hybrid,0.6
14580,14580,2,Low Engagement,hybrid,0.6
14581,14581,2,Low Engagement,hybrid,0.8
14582,14582,3,Price Sensitive,hybrid,0.8
14583,14583,3,Price Sensitive,hybrid,0.6
14584,14584,2,Low Engagement,hybrid,0.6
14585,14585,1,High Intent,hybrid,0.7
14586,14586,3,Price Sensitive,hybrid,0.6
14587,14587,2,Low Engagement,hybrid,0.6
14588,14588,3,Price Sensitive,hybrid,0.75
14589,14589,2,Low Engagement,hybrid,0.75
14590,14590,1,High Intent,hybrid,0.95
14591,14591,2,Low Engagement,hybrid,0.6
14592,14592,1,High Intent,hybrid,0.7
14593,14593,4,Loyal Customer,hybrid,0.6
14594,14594,1,High Intent,hybrid,0.95
14595,14595,4,Loyal Customer,hybrid,0.6
14596,14596,3,Price Sensitive,hybrid,0.8
14597,14597,2,Low Engagement,hybrid,0.75
14598,14598,2,Low Engagement,hybrid,0.6
14599,14599,4,Loyal Customer,hybrid,0.6
14600,14600,4,Loyal Customer,hybrid,0.8
14601,14601,1,High Intent,hybrid,0.7
14602,14602,1,High Intent,hybrid,0.6
14603,14603,1,High Intent,hybrid,0.7
14604,14604,2,Low Engagement,hybrid,0.8
14605,14605,1,High Intent,hybrid,0.7
14606,14606,4,Loyal Customer,hybrid,0.6
14607,14607,2,Low Engagement,hybrid,0.6
14608,14608,1,High Intent,hybrid,0.7
14609,14609,4,Loyal Customer,hybrid,0.6
14610,14610,2,Low Engagement,hybrid,0.6
14611,14611,1,High Intent,hybrid,0.75
14612,14612,2,Low Engagement,hybrid,0.6
14613,14613,2,Low Engagement,hybrid,0.75
14614,14614,2,Low Engagement,hybrid,0.6
14615,14615,1,High Intent,hybrid,0.8
14616,14616,2,Low Engagement,hybrid,0.75
14617,14617,3,Price Sensitive,hybrid,0.6
14618,14618,2,Low Engagement,hybrid,0.75
14619,14619,1,High Intent,hybrid,0.6
14620,14620,2,Low Engagement,hybrid,0.8
14621,14621,3,Price Sensitive,hybrid,0.7
14622,14622,2,Low Engagement,hybrid,0.6
14623,14623,4,Loyal Customer,hybrid,0.8
14624,14624,1,High Intent,hybrid,0.75
14625,14625,1,High Intent,hybrid,0.6
14626,14626,3,Price Sensitive,hybrid,0.95
14627,14627,2,Low Engagement,hybrid,0.6
14628,14628,2,Low Engagement,hybrid,0.6
14629,14629,4,Loyal Customer,hybrid,0.7
14630,14630,2,Low Engagement,hybrid,0.6
14631,14631,3,Price Sensitive,hybrid,0.75
14632,14632,3,Price Sensitive,hybrid,0.7
14633,14633,3,Price Sensitive,hybrid,0.8
14634,14634,1,High Intent,hybrid,0.7
14635,14635,4,Loyal Customer,hybrid,0.7
14636,14636,2,Low Engagement,hybrid,0.8
14637,14637,1,High Intent,hybrid,0.7
14638,14638,1,High Intent,hybrid,0.7
14639,14639,2,Low Engagement,hybrid,0.75
14640,14640,3,Price Sensitive,hybrid,0.75
14641,14641,2,Low Engagement,hybrid,0.6
14642,14642,4,Loyal Customer,hybrid,0.7
14643,14643,2,Low Engagement,hybrid,0.6
14644,14644,4,Loyal Customer,hybrid,0.6
14645,14645,4,Loyal Customer,hybrid,0.8
14646,14646,2,Low Engagement,hybrid,0.7
14647,14647,3,Price Sensitive,hybrid,0.7
14648,14648,1,High Intent,hybrid,0.7
14649,14649,1,High Intent,hybrid,0.75
14650,14650,2,Low Engagement,hybrid,0.8
14651,14651,2,Low Engagement,hybrid,0.75
14652,14652,2,Low Engagement,hybrid,0.7
14653,14653,3,Price Sensitive,hybrid,0.7
14654,14654,2,Low Engagement,hybrid,0.6
14655,14655,2,Low Engagement,hybrid,0.75
14656,14656,3,Price Sensitive,hybrid,0.8
14657,14657,4,Loyal Customer,hybrid,0.7
14658,14658,4,Loyal Customer,hybrid,0.6
14659,14659,4,Loyal Customer,hybrid,0.6
14660,14660,2,Low Engagement,hybrid,0.6
14661,14661,1,High Intent,hybrid,0.75
14662,14662,1,High Intent,hybrid,0.7
14663,14663,2,Low Engagement,hybrid,0.6
14664,14664,1,High Intent,hybrid,0.6
14665,14665,3,Price Sensitive,hybrid,0.7
14666,14666,4,Loyal Customer,hybrid,0.6
14667,14667,2,Low Engagement,hybrid,0.6
14668,14668,1,High Intent,hybrid,0.7
14669,14669,4,Loyal Customer,hybrid,0.6
14670,14670,2,Low Engagement,hybrid,0.6
14671,14671,2,Low Engagement,hybrid,0.75
14672,14672,3,Price Sensitive,hybrid,0.75
14673,14673,2,Low Engagement,hybrid,0.6
14674,14674,2,Low Engagement,hybrid,0.6
14675,14675,4,Loyal Customer,hybrid,0.8
14676,14676,4,Loyal Customer,hybrid,0.6
14677,14677,4,Loyal Customer,hybrid,0.6
14678,14678,1,High Intent,hybrid,0.7
14679,14679,1,High Intent,hybrid,0.75
14680,14680,3,Price Sensitive,hybrid,0.6
14681,14681,4,Loyal Customer,hybrid,0.6
14682,14682,2,Low Engagement,hybrid,0.75
14683,14683,4,Loyal Customer,hybrid,0.7
14684,14684,3,Price Sensitive,hybrid,0.8
14685,14685,3,Price Sensitive,hybrid,0.7
14686,14686,3,Price Sensitive,hybrid,0.6
14687,14687,3,Price Sensitive,hybrid,0.6
14688,14688,1,High Intent,hybrid,0.75
14689,14689,2,Low Engagement,hybrid,0.6
14690,14690,2,Low Engagement,hybrid,0.75
14691,14691,1,High Intent,hybrid,0.6
14692,14692,3,Price Sensitive,hybrid,0.6
14693,14693,3,Price Sensitive,hybrid,0.75
14694,14694,2,Low Engagement,hybrid,0.6
14695,14695,1,High Intent,hybrid,0.95
14696,14696,4,Loyal Customer,hybrid,0.6
14697,14697,1,High Intent,hybrid,0.7
14698,14698,3,Price Sensitive,hybrid,0.7
14699,14699,2,Low Engagement,hybrid,0.75
14700,14700,3,Price Sensitive,hybrid,0.8
14701,14701,1,High Intent,hybrid,0.6
14702,14702,4,Loyal Customer,hybrid,0.6
14703,14703,1,High Intent,hybrid,0.7
14704,14704,2,Low Engagement,hybrid,0.75
14705,14705,4,Loyal Customer,hybrid,0.8
14706,14706,3,Price Sensitive,hybrid,0.75
14707,14707,4,Loyal Customer,hybrid,0.6
14708,14708,2,Low Engagement,hybrid,0.7
14709,14709,2,Low Engagement,hybrid,0.75
14710,14710,4,Loyal Customer,hybrid,0.6
14711,14711,4,Loyal Customer,hybrid,0.6
14712,14712,2,Low Engagement,hybrid,0.6
14713,14713,3,Price Sensitive,hybrid,0.75
14714,14714,4,Loyal Customer,hybrid,0.6
14715,14715,2,Low Engagement,hybrid,0.6
14716,14716,3,Price Sensitive,hybrid,0.8
14717,14717,1,High Intent,hybrid,0.7
14718,14718,1,High Intent,hybrid,0.75
14719,14719,5,New Cold User,hybrid,0.65
14720,14720,3,Price Sensitive,hybrid,0.95
14721,14721,2,Low Engagement,hybrid,0.6
14722,14722,3,Price Sensitive,hybrid,0.6
14723,14723,1,High Intent,hybrid,0.6
14724,14724,4,Loyal Customer,hybrid,0.8
14725,14725,4,Loyal Customer,hybrid,0.8
14726,14726,4,Loyal Customer,hybrid,0.8
14727,14727,3,Price Sensitive,hybrid,0.8
14728,14728,2,Low Engagement,hybrid,0.6
14729,14729,2,Low Engagement,hybrid,0.6
14730,14730,2,Low Engagement,hybrid,0.75
14731,14731,2,Low Engagement,hybrid,0.8
14732,14732,2,Low Engagement,hybrid,0.75
14733,14733,2,Low Engagement,hybrid,0.6
14734,14734,3,Price Sensitive,hybrid,0.95
14735,14735,4,Loyal Customer,hybrid,0.6
14736,14736,2,Low Engagement,hybrid,0.6
14737,14737,3,Price Sensitive,hybrid,0.95
14738,14738,3,Price Sensitive,hybrid,0.8
14739,14739,3,Price Sensitive,hybrid,0.95
14740,14740,3,Price Sensitive,hybrid,0.6
14741,14741,4,Loyal Customer,hybrid,0.6
14742,14742,4,Loyal Customer,hybrid,0.6
14743,14743,3,Price Sensitive,hybrid,0.7
14744,14744,2,Low Engagement,hybrid,0.8
14745,14745,2,Low Engagement,hybrid,0.6
14746,14746,4,Loyal Customer,hybrid,0.95
14747,14747,3,Price Sensitive,hybrid,0.6
14748,14748,1,High Intent,hybrid,0.7
14749,14749,2,Low Engagement,hybrid,0.6
14750,14750,1,High Intent,hybrid,0.7
14751,14751,4,Loyal Customer,hybrid,0.6
14752,14752,3,Price Sensitive,hybrid,0.75
14753,14753,2,Low Engagement,hybrid,0.6
14754,14754,4,Loyal Customer,hybrid,0.6
14755,14755,2,Low Engagement,hybrid,0.6
14756,14756,1,High Intent,hybrid,0.7
14757,14757,1,High Intent,hybrid,0.7
14758,14758,2,Low Engagement,hybrid,0.6
14759,14759,4,Loyal Customer,hybrid,0.75
14760,14760,2,Low Engagement,hybrid,0.6
14761,14761,2,Low Engagement,hybrid,0.6
14762,14762,1,High Intent,hybrid,0.7
14763,14763,4,Loyal Customer,hybrid,0.6
14764,14764,1,High Intent,hybrid,0.7
14765,14765,2,Low Engagement,hybrid,0.6
14766,14766,1,High Intent,hybrid,0.8
14767,14767,3,Price Sensitive,hybrid,0.6
14768,14768,1,High Intent,hybrid,0.6
14769,14769,3,Price Sensitive,hybrid,0.95
14770,14770,3,Price Sensitive,hybrid,0.6
14771,14771,2,Low Engagement,hybrid,0.6
14772,14772,3,Price Sensitive,hybrid,0.7
14773,14773,2,Low Engagement,hybrid,0.6
14774,14774,2,Low Engagement,hybrid,0.75
14775,14775,4,Loyal Customer,hybrid,0.6
14776,14776,1,High Intent,hybrid,0.75
14777,14777,1,High Intent,hybrid,0.7
14778,14778,2,Low Engagement,hybrid,0.75
14779,14779,3,Price Sensitive,hybrid,0.75
14780,14780,1,High Intent,hybrid,0.75
14781,14781,1,High Intent,hybrid,0.7
14782,14782,1,High Intent,hybrid,0.7
14783,14783,3,Price Sensitive,hybrid,0.6
14784,14784,1,High Intent,hybrid,0.75
14785,14785,2,Low Engagement,hybrid,0.6
14786,14786,2,Low Engagement,hybrid,0.6
14787,14787,4,Loyal Customer,hybrid,0.8
14788,14788,2,Low Engagement,hybrid,0.6
14789,14789,4,Loyal Customer,hybrid,0.8
14790,14790,3,Price Sensitive,hybrid,0.75
14791,14791,2,Low Engagement,hybrid,0.6
14792,14792,4,Loyal Customer,hybrid,0.7
14793,14793,2,Low Engagement,hybrid,0.6
14794,14794,2,Low Engagement,hybrid,0.6
14795,14795,4,Loyal Customer,hybrid,0.8
14796,14796,3,Price Sensitive,hybrid,0.8
14797,14797,2,Low Engagement,hybrid,0.6
14798,14798,2,Low Engagement,hybrid,0.7
14799,14799,2,Low Engagement,hybrid,0.6
14800,14800,3,Price Sensitive,hybrid,0.8
14801,14801,2,Low Engagement,hybrid,0.6
14802,14802,5,New Cold User,hybrid,0.65
14803,14803,2,Low Engagement,hybrid,0.6
14804,14804,4,Loyal Customer,hybrid,0.6
14805,14805,4,Loyal Customer,hybrid,0.6
14806,14806,1,High Intent,hybrid,0.6
14807,14807,2,Low Engagement,hybrid,0.75
14808,14808,2,Low Engagement,hybrid,0.6
14809,14809,4,Loyal Customer,hybrid,0.6
14810,14810,3,Price Sensitive,hybrid,0.95
14811,14811,2,Low Engagement,hybrid,0.6
14812,14812,4,Loyal Customer,hybrid,0.7
14813,14813,1,High Intent,hybrid,0.8
14814,14814,2,Low Engagement,hybrid,0.6
14815,14815,1,High Intent,hybrid,0.7
14816,14816,2,Low Engagement,hybrid,0.8
14817,14817,2,Low Engagement,hybrid,0.75
14818,14818,2,Low Engagement,hybrid,0.75
14819,14819,3,Price Sensitive,hybrid,0.6
14820,14820,4,Loyal Customer,hybrid,0.75
14821,14821,4,Loyal Customer,hybrid,0.6
14822,14822,3,Price Sensitive,hybrid,0.8
14823,14823,2,Low Engagement,hybrid,0.6
14824,14824,5,New Cold User,hybrid,0.65
14825,14825,2,Low Engagement,hybrid,0.95
14826,14826,1,High Intent,hybrid,0.7
14827,14827,2,Low Engagement,hybrid,0.6
14828,14828,3,Price Sensitive,hybrid,0.7
14829,14829,3,Price Sensitive,hybrid,0.8
14830,14830,4,Loyal Customer,hybrid,0.6
14831,14831,2,Low Engagement,hybrid,0.6
14832,14832,4,Loyal Customer,hybrid,0.75
14833,14833,2,Low Engagement,hybrid,0.6
14834,14834,1,High Intent,hybrid,0.7
14835,14835,3,Price Sensitive,hybrid,0.75
14836,14836,1,High Intent,hybrid,0.7
14837,14837,2,Low Engagement,hybrid,0.75
14838,14838,4,Loyal Customer,hybrid,0.75
14839,14839,1,High Intent,hybrid,0.6
14840,14840,4,Loyal Customer,hybrid,0.6
14841,14841,2,Low Engagement,hybrid,0.75
14842,14842,1,High Intent,hybrid,0.95
14843,14843,1,High Intent,hybrid,0.7
14844,14844,1,High Intent,hybrid,0.75
14845,14845,1,High Intent,hybrid,0.7
14846,14846,1,High Intent,hybrid,0.75
14847,14847,1,High Intent,hybrid,0.7
14848,14848,3,Price Sensitive,hybrid,0.75
14849,14849,2,Low Engagement,hybrid,0.6
14850,14850,2,Low Engagement,hybrid,0.6
14851,14851,4,Loyal Customer,hybrid,0.6
14852,14852,3,Price Sensitive,hybrid,0.7
14853,14853,3,Price Sensitive,hybrid,0.8
14854,14854,2,Low Engagement,hybrid,0.6
14855,14855,4,Loyal Customer,hybrid,0.7
14856,14856,2,Low Engagement,hybrid,0.8
14857,14857,4,Loyal Customer,hybrid,0.7
14858,14858,4,Loyal Customer,hybrid,0.6
14859,14859,1,High Intent,hybrid,0.6
14860,14860,4,Loyal Customer,hybrid,0.6
14861,14861,3,Price Sensitive,hybrid,0.6
14862,14862,4,Loyal Customer,hybrid,0.6
14863,14863,4,Loyal Customer,hybrid,0.6
14864,14864,3,Price Sensitive,hybrid,0.6
14865,14865,4,Loyal Customer,hybrid,0.8
14866,14866,4,Loyal Customer,hybrid,0.8
14867,14867,2,Low Engagement,hybrid,0.6
14868,14868,4,Loyal Customer,hybrid,0.8
14869,14869,3,Price Sensitive,hybrid,0.6
14870,14870,3,Price Sensitive,hybrid,0.8
14871,14871,3,Price Sensitive,hybrid,0.6
14872,14872,1,High Intent,hybrid,0.7
14873,14873,1,High Intent,hybrid,0.7
14874,14874,1,High Intent,hybrid,0.7
14875,14875,3,Price Sensitive,hybrid,0.6
14876,14876,2,Low Engagement,hybrid,0.7
14877,14877,2,Low Engagement,hybrid,0.75
14878,14878,3,Price Sensitive,hybrid,0.6
14879,14879,4,Loyal Customer,hybrid,0.7
14880,14880,2,Low Engagement,hybrid,0.8
14881,14881,3,Price Sensitive,hybrid,0.8
14882,14882,4,Loyal Customer,hybrid,0.6
14883,14883,2,Low Engagement,hybrid,0.75
14884,14884,3,Price Sensitive,hybrid,0.8
14885,14885,2,Low Engagement,hybrid,0.75
14886,14886,1,High Intent,hybrid,0.7
14887,14887,3,Price Sensitive,hybrid,0.8
14888,14888,2,Low Engagement,hybrid,0.75
14889,14889,1,High Intent,hybrid,0.75
14890,14890,2,Low Engagement,hybrid,0.6
14891,14891,2,Low Engagement,hybrid,0.6
14892,14892,3,Price Sensitive,hybrid,0.75
14893,14893,3,Price Sensitive,hybrid,0.7
14894,14894,3,Price Sensitive,hybrid,0.7
14895,14895,1,High Intent,hybrid,0.7
14896,14896,4,Loyal Customer,hybrid,0.6
14897,14897,5,New Cold User,hybrid,0.65
14898,14898,2,Low Engagement,hybrid,0.6
14899,14899,4,Loyal Customer,hybrid,0.8
14900,14900,4,Loyal Customer,hybrid,0.6
14901,14901,4,Loyal Customer,hybrid,0.7
14902,14902,4,Loyal Customer,hybrid,0.8
14903,14903,3,Price Sensitive,hybrid,0.6
14904,14904,1,High Intent,hybrid,0.6
14905,14905,2,Low Engagement,hybrid,0.6
14906,14906,4,Loyal Customer,hybrid,0.7
14907,14907,1,High Intent,hybrid,0.75
14908,14908,2,Low Engagement,hybrid,0.75
14909,14909,1,High Intent,hybrid,0.7
14910,14910,3,Price Sensitive,hybrid,0.75
14911,14911,4,Loyal Customer,hybrid,0.6
14912,14912,3,Price Sensitive,hybrid,0.75
14913,14913,1,High Intent,hybrid,0.7
14914,14914,2,Low Engagement,hybrid,0.6
14915,14915,1,High Intent,hybrid,0.75
14916,14916,3,Price Sensitive,hybrid,0.75
14917,14917,4,Loyal Customer,hybrid,0.8
14918,14918,1,High Intent,hybrid,0.7
14919,14919,4,Loyal Customer,hybrid,0.95
14920,14920,3,Price Sensitive,hybrid,0.75
14921,14921,5,New Cold User,hybrid,0.65
14922,14922,2,Low Engagement,hybrid,0.6
14923,14923,2,Low Engagement,hybrid,0.75
14924,14924,3,Price Sensitive,hybrid,0.95
14925,14925,2,Low Engagement,hybrid,0.8
14926,14926,3,Price Sensitive,hybrid,0.95
14927,14927,4,Loyal Customer,hybrid,0.8
14928,14928,2,Low Engagement,hybrid,0.6
14929,14929,2,Low Engagement,hybrid,0.6
14930,14930,3,Price Sensitive,hybrid,0.75
14931,14931,2,Low Engagement,hybrid,0.6
14932,14932,2,Low Engagement,hybrid,0.6
14933,14933,1,High Intent,hybrid,0.75
14934,14934,2,Low Engagement,hybrid,0.6
14935,14935,3,Price Sensitive,hybrid,0.8
14936,14936,4,Loyal Customer,hybrid,0.6
14937,14937,4,Loyal Customer,hybrid,0.8
14938,14938,2,Low Engagement,hybrid,0.6
14939,14939,3,Price Sensitive,hybrid,0.95
14940,14940,1,High Intent,hybrid,0.95
14941,14941,4,Loyal Customer,hybrid,0.75
14942,14942,2,Low Engagement,hybrid,0.6
14943,14943,4,Loyal Customer,hybrid,0.7
14944,14944,3,Price Sensitive,hybrid,0.8
14945,14945,3,Price Sensitive,hybrid,0.7
14946,14946,3,Price Sensitive,hybrid,0.6
14947,14947,2,Low Engagement,hybrid,0.6
14948,14948,4,Loyal Customer,hybrid,0.6
14949,14949,2,Low Engagement,hybrid,0.6
14950,14950,4,Loyal Customer,hybrid,0.6
14951,14951,3,Price Sensitive,hybrid,0.8
14952,14952,4,Loyal Customer,hybrid,0.7
14953,14953,4,Loyal Customer,hybrid,0.8
14954,14954,2,Low Engagement,hybrid,0.6
14955,14955,1,High Intent,hybrid,0.75
14956,14956,4,Loyal Customer,hybrid,0.7
14957,14957,2,Low Engagement,hybrid,0.6
14958,14958,1,High Intent,hybrid,0.7
14959,14959,2,Low Engagement,hybrid,0.75
14960,14960,3,Price Sensitive,hybrid,0.8
14961,14961,3,Price Sensitive,hybrid,0.6
14962,14962,2,Low Engagement,hybrid,0.75
14963,14963,3,Price Sensitive,hybrid,0.7
14964,14964,1,High Intent,hybrid,0.75
14965,14965,2,Low Engagement,hybrid,0.75
14966,14966,3,Price Sensitive,hybrid,0.75
14967,14967,2,Low Engagement,hybrid,0.6
14968,14968,4,Loyal Customer,hybrid,0.8
14969,14969,2,Low Engagement,hybrid,0.6
14970,14970,4,Loyal Customer,hybrid,0.75
14971,14971,1,High Intent,hybrid,0.6
14972,14972,4,Loyal Customer,hybrid,0.6
14973,14973,1,High Intent,hybrid,0.7
14974,14974,2,Low Engagement,hybrid,0.6
14975,14975,4,Loyal Customer,hybrid,0.6
14976,14976,2,Low Engagement,hybrid,0.6
14977,14977,4,Loyal Customer,hybrid,0.6
14978,14978,4,Loyal Customer,hybrid,0.6
14979,14979,3,Price Sensitive,hybrid,0.7
14980,14980,5,New Cold User,hybrid,0.65
14981,14981,5,New Cold User,hybrid,0.65
14982,14982,1,High Intent,hybrid,0.7
14983,14983,2,Low Engagement,hybrid,0.75
14984,14984,1,High Intent,hybrid,0.7
14985,14985,4,Loyal Customer,hybrid,0.8
14986,14986,2,Low Engagement,hybrid,0.8
14987,14987,2,Low Engagement,hybrid,0.75
14988,14988,3,Price Sensitive,hybrid,0.75
14989,14989,3,Price Sensitive,hybrid,0.6
14990,14990,3,Price Sensitive,hybrid,0.8
14991,14991,3,Price Sensitive,hybrid,0.6
14992,14992,4,Loyal Customer,hybrid,0.6
14993,14993,1,High Intent,hybrid,0.7
14994,14994,1,High Intent,hybrid,0.95
14995,14995,2,Low Engagement,hybrid,0.6
14996,14996,1,High Intent,hybrid,0.75
14997,14997,4,Loyal Customer,hybrid,0.6
14998,14998,1,High Intent,hybrid,0.7
14999,14999,2,Low Engagement,hybrid,0.8
15000,15000,1,High Intent,hybrid,0.7
15001,15001,1,High Intent,hybrid,0.6
15002,15002,1,High Intent,hybrid,0.7
15003,15003,1,High Intent,hybrid,0.7
15004,15004,3,Price Sensitive,hybrid,0.95
15005,15005,1,High Intent,hybrid,0.7
15006,15006,4,Loyal Customer,hybrid,0.6
15007,15007,2,Low Engagement,hybrid,0.6
15008,15008,2,Low Engagement,hybrid,0.75
15009,15009,1,High Intent,hybrid,0.7
15010,15010,2,Low Engagement,hybrid,0.8
15011,15011,4,Loyal Customer,hybrid,0.6
15012,15012,2,Low Engagement,hybrid,0.6
15013,15013,2,Low Engagement,hybrid,0.75
15014,15014,2,Low Engagement,hybrid,0.6
15015,15015,4,Loyal Customer,hybrid,0.6
15016,15016,4,Loyal Customer,hybrid,0.6
15017,15017,1,High Intent,hybrid,0.8
15018,15018,1,High Intent,hybrid,0.7
15019,15019,4,Loyal Customer,hybrid,0.6
15020,15020,1,High Intent,hybrid,0.7
15021,15021,2,Low Engagement,hybrid,0.6
15022,15022,3,Price Sensitive,hybrid,0.95
15023,15023,1,High Intent,hybrid,0.75
15024,15024,2,Low Engagement,hybrid,0.6
15025,15025,2,Low Engagement,hybrid,0.6
15026,15026,4,Loyal Customer,hybrid,0.7
15027,15027,4,Loyal Customer,hybrid,0.6
15028,15028,2,Low Engagement,hybrid,0.75
15029,15029,2,Low Engagement,hybrid,0.75
15030,15030,2,Low Engagement,hybrid,0.6
15031,15031,4,Loyal Customer,hybrid,0.8
15032,15032,4,Loyal Customer,hybrid,0.6
15033,15033,4,Loyal Customer,hybrid,0.6
15034,15034,1,High Intent,hybrid,0.8
15035,15035,4,Loyal Customer,hybrid,0.7
15036,15036,3,Price Sensitive,hybrid,0.6
15037,15037,5,New Cold User,hybrid,0.65
15038,15038,3,Price Sensitive,hybrid,0.75
15039,15039,4,Loyal Customer,hybrid,0.6
15040,15040,2,Low Engagement,hybrid,0.6
15041,15041,3,Price Sensitive,hybrid,0.95
15042,15042,4,Loyal Customer,hybrid,0.6
15043,15043,2,Low Engagement,hybrid,0.75
15044,15044,2,Low Engagement,hybrid,0.6
15045,15045,3,Price Sensitive,hybrid,0.8
15046,15046,2,Low Engagement,hybrid,0.6
15047,15047,4,Loyal Customer,hybrid,0.6
15048,15048,2,Low Engagement,hybrid,0.6
15049,15049,4,Loyal Customer,hybrid,0.95
15050,15050,3,Price Sensitive,hybrid,0.6
15051,15051,4,Loyal Customer,hybrid,0.7
15052,15052,4,Loyal Customer,hybrid,0.6
15053,15053,3,Price Sensitive,hybrid,0.75
15054,15054,2,Low Engagement,hybrid,0.6
15055,15055,2,Low Engagement,hybrid,0.7
15056,15056,3,Price Sensitive,hybrid,0.6
15057,15057,2,Low Engagement,hybrid,0.6
15058,15058,1,High Intent,hybrid,0.7
15059,15059,5,New Cold User,hybrid,0.65
15060,15060,4,Loyal Customer,hybrid,0.6
15061,15061,1,High Intent,hybrid,0.7
15062,15062,4,Loyal Customer,hybrid,0.95
15063,15063,3,Price Sensitive,hybrid,0.75
15064,15064,2,Low Engagement,hybrid,0.6
15065,15065,2,Low Engagement,hybrid,0.75
15066,15066,3,Price Sensitive,hybrid,0.8
15067,15067,1,High Intent,hybrid,0.7
15068,15068,4,Loyal Customer,hybrid,0.95
15069,15069,1,High Intent,hybrid,0.6
15070,15070,1,High Intent,hybrid,0.7
15071,15071,2,Low Engagement,hybrid,0.75
15072,15072,2,Low Engagement,hybrid,0.75
15073,15073,2,Low Engagement,hybrid,0.6
15074,15074,1,High Intent,hybrid,0.75
15075,15075,2,Low Engagement,hybrid,0.95
15076,15076,2,Low Engagement,hybrid,0.6
15077,15077,3,Price Sensitive,hybrid,0.8
15078,15078,2,Low Engagement,hybrid,0.6
15079,15079,3,Price Sensitive,hybrid,0.75
15080,15080,4,Loyal Customer,hybrid,0.8
15081,15081,1,High Intent,hybrid,0.75
15082,15082,2,Low Engagement,hybrid,0.6
15083,15083,4,Loyal Customer,hybrid,0.6
15084,15084,3,Price Sensitive,hybrid,0.95
15085,15085,1,High Intent,hybrid,0.7
15086,15086,2,Low Engagement,hybrid,0.75
15087,15087,1,High Intent,hybrid,0.6
15088,15088,1,High Intent,hybrid,0.75
15089,15089,4,Loyal Customer,hybrid,0.6
15090,15090,4,Loyal Customer,hybrid,0.8
15091,15091,3,Price Sensitive,hybrid,0.7
15092,15092,4,Loyal Customer,hybrid,0.6
15093,15093,3,Price Sensitive,hybrid,0.8
15094,15094,4,Loyal Customer,hybrid,0.75
15095,15095,2,Low Engagement,hybrid,0.6
15096,15096,3,Price Sensitive,hybrid,0.6
15097,15097,3,Price Sensitive,hybrid,0.8
15098,15098,1,High Intent,hybrid,0.7
15099,15099,2,Low Engagement,hybrid,0.6
15100,15100,2,Low Engagement,hybrid,0.75
15101,15101,2,Low Engagement,hybrid,0.75
15102,15102,2,Low Engagement,hybrid,0.75
15103,15103,1,High Intent,hybrid,0.95
15104,15104,3,Price Sensitive,hybrid,0.95
15105,15105,2,Low Engagement,hybrid,0.6
15106,15106,1,High Intent,hybrid,0.7
15107,15107,2,Low Engagement,hybrid,0.6
15108,15108,2,Low Engagement,hybrid,0.6
15109,15109,2,Low Engagement,hybrid,0.6
15110,15110,5,New Cold User,hybrid,0.65
15111,15111,1,High Intent,hybrid,0.95
15112,15112,2,Low Engagement,hybrid,0.6
15113,15113,2,Low Engagement,hybrid,0.6
15114,15114,1,High Intent,hybrid,0.7
15115,15115,2,Low Engagement,hybrid,0.75
15116,15116,2,Low Engagement,hybrid,0.6
15117,15117,4,Loyal Customer,hybrid,0.75
15118,15118,2,Low Engagement,hybrid,0.6
15119,15119,1,High Intent,hybrid,0.6
15120,15120,4,Loyal Customer,hybrid,0.6
15121,15121,2,Low Engagement,hybrid,0.75
15122,15122,3,Price Sensitive,hybrid,0.7
15123,15123,1,High Intent,hybrid,0.8
15124,15124,5,New Cold User,hybrid,0.65
15125,15125,3,Price Sensitive,hybrid,0.7
15126,15126,3,Price Sensitive,hybrid,0.8
15127,15127,1,High Intent,hybrid,0.7
15128,15128,2,Low Engagement,hybrid,0.6
15129,15129,3,Price Sensitive,hybrid,0.6
15130,15130,1,High Intent,hybrid,0.75
15131,15131,4,Loyal Customer,hybrid,0.7
15132,15132,2,Low Engagement,hybrid,0.6
15133,15133,3,Price Sensitive,hybrid,0.6
15134,15134,4,Loyal Customer,hybrid,0.8
15135,15135,4,Loyal Customer,hybrid,0.7
15136,15136,4,Loyal Customer,hybrid,0.6
15137,15137,3,Price Sensitive,hybrid,0.8
15138,15138,2,Low Engagement,hybrid,0.6
15139,15139,3,Price Sensitive,hybrid,0.7
15140,15140,2,Low Engagement,hybrid,0.6
15141,15141,4,Loyal Customer,hybrid,0.6
15142,15142,2,Low Engagement,hybrid,0.6
15143,15143,3,Price Sensitive,hybrid,0.7
15144,15144,4,Loyal Customer,hybrid,0.6
15145,15145,3,Price Sensitive,hybrid,0.7
15146,15146,2,Low Engagement,hybrid,0.7
15147,15147,3,Price Sensitive,hybrid,0.6
15148,15148,2,Low Engagement,hybrid,0.8
15149,15149,3,Price Sensitive,hybrid,0.75
15150,15150,3,Price Sensitive,hybrid,0.7
15151,15151,4,Loyal Customer,hybrid,0.6
15152,15152,4,Loyal Customer,hybrid,0.7
15153,15153,3,Price Sensitive,hybrid,0.7
15154,15154,1,High Intent,hybrid,0.7
15155,15155,2,Low Engagement,hybrid,0.6
15156,15156,3,Price Sensitive,hybrid,0.75
15157,15157,2,Low Engagement,hybrid,0.6
15158,15158,4,Loyal Customer,hybrid,0.6
15159,15159,2,Low Engagement,hybrid,0.6
15160,15160,2,Low Engagement,hybrid,0.6
15161,15161,3,Price Sensitive,hybrid,0.95
15162,15162,4,Loyal Customer,hybrid,0.8
15163,15163,1,High Intent,hybrid,0.7
15164,15164,1,High Intent,hybrid,0.7
15165,15165,4,Loyal Customer,hybrid,0.6
15166,15166,1,High Intent,hybrid,0.7
15167,15167,3,Price Sensitive,hybrid,0.7
15168,15168,3,Price Sensitive,hybrid,0.7
15169,15169,4,Loyal Customer,hybrid,0.8
15170,15170,3,Price Sensitive,hybrid,0.7
15171,15171,3,Price Sensitive,hybrid,0.75
15172,15172,2,Low Engagement,hybrid,0.8
15173,15173,2,Low Engagement,hybrid,0.6
15174,15174,2,Low Engagement,hybrid,0.6
15175,15175,1,High Intent,hybrid,0.75
15176,15176,2,Low Engagement,hybrid,0.6
15177,15177,3,Price Sensitive,hybrid,0.6
15178,15178,4,Loyal Customer,hybrid,0.6
15179,15179,4,Loyal Customer,hybrid,0.7
15180,15180,4,Loyal Customer,hybrid,0.75
15181,15181,2,Low Engagement,hybrid,0.7
15182,15182,2,Low Engagement,hybrid,0.8
15183,15183,4,Loyal Customer,hybrid,0.7
15184,15184,2,Low Engagement,hybrid,0.75
15185,15185,1,High Intent,hybrid,0.7
15186,15186,4,Loyal Customer,hybrid,0.8
15187,15187,3,Price Sensitive,hybrid,0.8
15188,15188,4,Loyal Customer,hybrid,0.8
15189,15189,3,Price Sensitive,hybrid,0.6
15190,15190,2,Low Engagement,hybrid,0.8
15191,15191,4,Loyal Customer,hybrid,0.6
15192,15192,1,High Intent,hybrid,0.75
15193,15193,2,Low Engagement,hybrid,0.7
15194,15194,1,High Intent,hybrid,0.7
15195,15195,3,Price Sensitive,hybrid,0.6
15196,15196,1,High Intent,hybrid,0.6
15197,15197,4,Loyal Customer,hybrid,0.6
15198,15198,3,Price Sensitive,hybrid,0.8
15199,15199,1,High Intent,hybrid,0.7
15200,15200,4,Loyal Customer,hybrid,0.6
15201,15201,3,Price Sensitive,hybrid,0.95
15202,15202,3,Price Sensitive,hybrid,0.6
15203,15203,4,Loyal Customer,hybrid,0.8
15204,15204,2,Low Engagement,hybrid,0.75
15205,15205,4,Loyal Customer,hybrid,0.6
15206,15206,2,Low Engagement,hybrid,0.6
15207,15207,4,Loyal Customer,hybrid,0.7
15208,15208,2,Low Engagement,hybrid,0.75
15209,15209,4,Loyal Customer,hybrid,0.7
15210,15210,3,Price Sensitive,hybrid,0.7
15211,15211,3,Price Sensitive,hybrid,0.6
15212,15212,2,Low Engagement,hybrid,0.75
15213,15213,4,Loyal Customer,hybrid,0.6
15214,15214,3,Price Sensitive,hybrid,0.6
15215,15215,1,High Intent,hybrid,0.75
15216,15216,3,Price Sensitive,hybrid,0.8
15217,15217,2,Low Engagement,hybrid,0.75
15218,15218,2,Low Engagement,hybrid,0.75
15219,15219,4,Loyal Customer,hybrid,0.6
15220,15220,1,High Intent,hybrid,0.7
15221,15221,4,Loyal Customer,hybrid,0.8
15222,15222,2,Low Engagement,hybrid,0.6
15223,15223,2,Low Engagement,hybrid,0.6
15224,15224,3,Price Sensitive,hybrid,0.75
15225,15225,2,Low Engagement,hybrid,0.8
15226,15226,3,Price Sensitive,hybrid,0.7
15227,15227,1,High Intent,hybrid,0.7
15228,15228,2,Low Engagement,hybrid,0.6
15229,15229,2,Low Engagement,hybrid,0.6
15230,15230,1,High Intent,hybrid,0.7
15231,15231,4,Loyal Customer,hybrid,0.8
15232,15232,2,Low Engagement,hybrid,0.6
15233,15233,2,Low Engagement,hybrid,0.6
15234,15234,4,Loyal Customer,hybrid,0.75
15235,15235,4,Loyal Customer,hybrid,0.8
15236,15236,4,Loyal Customer,hybrid,0.7
15237,15237,1,High Intent,hybrid,0.7
15238,15238,4,Loyal Customer,hybrid,0.7
15239,15239,1,High Intent,hybrid,0.7
15240,15240,2,Low Engagement,hybrid,0.8
15241,15241,1,High Intent,hybrid,0.7
15242,15242,4,Loyal Customer,hybrid,0.6
15243,15243,2,Low Engagement,hybrid,0.6
15244,15244,3,Price Sensitive,hybrid,0.8
15245,15245,1,High Intent,hybrid,0.7
15246,15246,1,High Intent,hybrid,0.7
15247,15247,1,High Intent,hybrid,0.7
15248,15248,2,Low Engagement,hybrid,0.6
15249,15249,1,High Intent,hybrid,0.8
15250,15250,1,High Intent,hybrid,0.7
15251,15251,4,Loyal Customer,hybrid,0.75
15252,15252,2,Low Engagement,hybrid,0.6
15253,15253,3,Price Sensitive,hybrid,0.6
15254,15254,2,Low Engagement,hybrid,0.6
15255,15255,3,Price Sensitive,hybrid,0.6
15256,15256,4,Loyal Customer,hybrid,0.7
15257,15257,3,Price Sensitive,hybrid,0.8
15258,15258,2,Low Engagement,hybrid,0.6
15259,15259,2,Low Engagement,hybrid,0.6
15260,15260,2,Low Engagement,hybrid,0.6
15261,15261,2,Low Engagement,hybrid,0.75
15262,15262,1,High Intent,hybrid,0.75
15263,15263,1,High Intent,hybrid,0.7
15264,15264,4,Loyal Customer,hybrid,0.75
15265,15265,2,Low Engagement,hybrid,0.75
15266,15266,2,Low Engagement,hybrid,0.6
15267,15267,4,Loyal Customer,hybrid,0.7
15268,15268,4,Loyal Customer,hybrid,0.8
15269,15269,4,Loyal Customer,hybrid,0.6
15270,15270,4,Loyal Customer,hybrid,0.7
15271,15271,2,Low Engagement,hybrid,0.6
15272,15272,2,Low Engagement,hybrid,0.75
15273,15273,2,Low Engagement,hybrid,0.6
15274,15274,2,Low Engagement,hybrid,0.8
15275,15275,3,Price Sensitive,hybrid,0.8
15276,15276,1,High Intent,hybrid,0.6
15277,15277,4,Loyal Customer,hybrid,0.75
15278,15278,1,High Intent,hybrid,0.7
15279,15279,2,Low Engagement,hybrid,0.75
15280,15280,3,Price Sensitive,hybrid,0.8
15281,15281,1,High Intent,hybrid,0.75
15282,15282,3,Price Sensitive,hybrid,0.8
15283,15283,2,Low Engagement,hybrid,0.6
15284,15284,2,Low Engagement,hybrid,0.6
15285,15285,2,Low Engagement,hybrid,0.6
15286,15286,4,Loyal Customer,hybrid,0.8
15287,15287,4,Loyal Customer,hybrid,0.6
15288,15288,3,Price Sensitive,hybrid,0.7
15289,15289,4,Loyal Customer,hybrid,0.6
15290,15290,4,Loyal Customer,hybrid,0.6
15291,15291,3,Price Sensitive,hybrid,0.7
15292,15292,2,Low Engagement,hybrid,0.6
15293,15293,2,Low Engagement,hybrid,0.75
15294,15294,4,Loyal Customer,hybrid,0.6
15295,15295,2,Low Engagement,hybrid,0.75
15296,15296,4,Loyal Customer,hybrid,0.8
15297,15297,1,High Intent,hybrid,0.95
15298,15298,4,Loyal Customer,hybrid,0.6
15299,15299,2,Low Engagement,hybrid,0.75
15300,15300,4,Loyal Customer,hybrid,0.8
15301,15301,2,Low Engagement,hybrid,0.6
15302,15302,3,Price Sensitive,hybrid,0.6
15303,15303,3,Price Sensitive,hybrid,0.75
15304,15304,1,High Intent,hybrid,0.95
15305,15305,4,Loyal Customer,hybrid,0.8
15306,15306,1,High Intent,hybrid,0.7
15307,15307,1,High Intent,hybrid,0.6
15308,15308,3,Price Sensitive,hybrid,0.75
15309,15309,2,Low Engagement,hybrid,0.7
15310,15310,2,Low Engagement,hybrid,0.6
15311,15311,2,Low Engagement,hybrid,0.6
15312,15312,4,Loyal Customer,hybrid,0.75
15313,15313,4,Loyal Customer,hybrid,0.6
15314,15314,2,Low Engagement,hybrid,0.8
15315,15315,4,Loyal Customer,hybrid,0.6
15316,15316,3,Price Sensitive,hybrid,0.8
15317,15317,4,Loyal Customer,hybrid,0.8
15318,15318,3,Price Sensitive,hybrid,0.75
15319,15319,3,Price Sensitive,hybrid,0.95
15320,15320,4,Loyal Customer,hybrid,0.6
15321,15321,1,High Intent,hybrid,0.7
15322,15322,4,Loyal Customer,hybrid,0.6
15323,15323,1,High Intent,hybrid,0.7
15324,15324,4,Loyal Customer,hybrid,0.6
15325,15325,2,Low Engagement,hybrid,0.6
15326,15326,4,Loyal Customer,hybrid,0.8
15327,15327,4,Loyal Customer,hybrid,0.6
15328,15328,2,Low Engagement,hybrid,0.6
15329,15329,2,Low Engagement,hybrid,0.6
15330,15330,4,Loyal Customer,hybrid,0.7
15331,15331,5,New Cold User,hybrid,0.65
15332,15332,2,Low Engagement,hybrid,0.8
15333,15333,4,Loyal Customer,hybrid,0.6
15334,15334,1,High Intent,hybrid,0.6
15335,15335,2,Low Engagement,hybrid,0.6
15336,15336,3,Price Sensitive,hybrid,0.6
15337,15337,4,Loyal Customer,hybrid,0.8
15338,15338,4,Loyal Customer,hybrid,0.75
15339,15339,2,Low Engagement,hybrid,0.75
15340,15340,2,Low Engagement,hybrid,0.6
15341,15341,2,Low Engagement,hybrid,0.75
15342,15342,4,Loyal Customer,hybrid,0.6
15343,15343,4,Loyal Customer,hybrid,0.6
15344,15344,1,High Intent,hybrid,0.7
15345,15345,4,Loyal Customer,hybrid,0.6
15346,15346,2,Low Engagement,hybrid,0.6
15347,15347,3,Price Sensitive,hybrid,0.8
15348,15348,1,High Intent,hybrid,0.7
15349,15349,2,Low Engagement,hybrid,0.8
15350,15350,1,High Intent,hybrid,0.6
15351,15351,2,Low Engagement,hybrid,0.8
15352,15352,3,Price Sensitive,hybrid,0.6
15353,15353,2,Low Engagement,hybrid,0.8
15354,15354,3,Price Sensitive,hybrid,0.8
15355,15355,1,High Intent,hybrid,0.7
15356,15356,3,Price Sensitive,hybrid,0.8
15357,15357,4,Loyal Customer,hybrid,0.8
15358,15358,3,Price Sensitive,hybrid,0.8
15359,15359,2,Low Engagement,hybrid,0.75
15360,15360,2,Low Engagement,hybrid,0.75
15361,15361,2,Low Engagement,hybrid,0.6
15362,15362,2,Low Engagement,hybrid,0.6
15363,15363,3,Price Sensitive,hybrid,0.6
15364,15364,2,Low Engagement,hybrid,0.75
15365,15365,4,Loyal Customer,hybrid,0.8
15366,15366,1,High Intent,hybrid,0.6
15367,15367,4,Loyal Customer,hybrid,0.8
15368,15368,3,Price Sensitive,hybrid,0.6
15369,15369,2,Low Engagement,hybrid,0.8
15370,15370,2,Low Engagement,hybrid,0.6
15371,15371,2,Low Engagement,hybrid,0.6
15372,15372,1,High Intent,hybrid,0.7
15373,15373,3,Price Sensitive,hybrid,0.8
15374,15374,2,Low Engagement,hybrid,0.6
15375,15375,3,Price Sensitive,hybrid,0.6
15376,15376,4,Loyal Customer,hybrid,0.7
15377,15377,1,High Intent,hybrid,0.75
15378,15378,4,Loyal Customer,hybrid,0.6
15379,15379,2,Low Engagement,hybrid,0.75
15380,15380,1,High Intent,hybrid,0.6
15381,15381,3,Price Sensitive,hybrid,0.75
15382,15382,3,Price Sensitive,hybrid,0.95
15383,15383,2,Low Engagement,hybrid,0.6
15384,15384,2,Low Engagement,hybrid,0.75
15385,15385,4,Loyal Customer,hybrid,0.8
15386,15386,3,Price Sensitive,hybrid,0.6
15387,15387,3,Price Sensitive,hybrid,0.6
15388,15388,2,Low Engagement,hybrid,0.6
15389,15389,3,Price Sensitive,hybrid,0.75
15390,15390,1,High Intent,hybrid,0.7
15391,15391,2,Low Engagement,hybrid,0.6
15392,15392,3,Price Sensitive,hybrid,0.75
15393,15393,2,Low Engagement,hybrid,0.6
15394,15394,1,High Intent,hybrid,0.6
15395,15395,4,Loyal Customer,hybrid,0.6
15396,15396,1,High Intent,hybrid,0.6
15397,15397,4,Loyal Customer,hybrid,0.6
15398,15398,1,High Intent,hybrid,0.7
15399,15399,3,Price Sensitive,hybrid,0.8
15400,15400,1,High Intent,hybrid,0.6
15401,15401,2,Low Engagement,hybrid,0.6
15402,15402,4,Loyal Customer,hybrid,0.75
15403,15403,4,Loyal Customer,hybrid,0.8
15404,15404,4,Loyal Customer,hybrid,0.6
15405,15405,1,High Intent,hybrid,0.7
15406,15406,4,Loyal Customer,hybrid,0.6
15407,15407,1,High Intent,hybrid,0.7
15408,15408,1,High Intent,hybrid,0.7
15409,15409,2,Low Engagement,hybrid,0.8
15410,15410,1,High Intent,hybrid,0.6
15411,15411,2,Low Engagement,hybrid,0.6
15412,15412,2,Low Engagement,hybrid,0.6
15413,15413,3,Price Sensitive,hybrid,0.6
15414,15414,4,Loyal Customer,hybrid,0.7
15415,15415,3,Price Sensitive,hybrid,0.75
15416,15416,2,Low Engagement,hybrid,0.6
15417,15417,2,Low Engagement,hybrid,0.6
15418,15418,4,Loyal Customer,hybrid,0.8
15419,15419,1,High Intent,hybrid,0.6
15420,15420,1,High Intent,hybrid,0.7
15421,15421,2,Low Engagement,hybrid,0.6
15422,15422,3,Price Sensitive,hybrid,0.75
15423,15423,1,High Intent,hybrid,0.6
15424,15424,2,Low Engagement,hybrid,0.6
15425,15425,3,Price Sensitive,hybrid,0.8
15426,15426,3,Price Sensitive,hybrid,0.8
15427,15427,4,Loyal Customer,hybrid,0.6
15428,15428,2,Low Engagement,hybrid,0.8
15429,15429,3,Price Sensitive,hybrid,0.8
15430,15430,2,Low Engagement,hybrid,0.6
15431,15431,1,High Intent,hybrid,0.75
15432,15432,2,Low Engagement,hybrid,0.75
15433,15433,3,Price Sensitive,hybrid,0.8
15434,15434,2,Low Engagement,hybrid,0.75
15435,15435,3,Price Sensitive,hybrid,0.6
15436,15436,2,Low Engagement,hybrid,0.6
15437,15437,4,Loyal Customer,hybrid,0.6
15438,15438,5,New Cold User,hybrid,0.65
15439,15439,2,Low Engagement,hybrid,0.6
15440,15440,4,Loyal Customer,hybrid,0.7
15441,15441,2,Low Engagement,hybrid,0.75
15442,15442,4,Loyal Customer,hybrid,0.95
15443,15443,2,Low Engagement,hybrid,0.6
15444,15444,1,High Intent,hybrid,0.7
15445,15445,2,Low Engagement,hybrid,0.6
15446,15446,4,Loyal Customer,hybrid,0.7
15447,15447,2,Low Engagement,hybrid,0.8
15448,15448,1,High Intent,hybrid,0.6
15449,15449,3,Price Sensitive,hybrid,0.8
15450,15450,3,Price Sensitive,hybrid,0.6
15451,15451,3,Price Sensitive,hybrid,0.7
15452,15452,2,Low Engagement,hybrid,0.6
15453,15453,1,High Intent,hybrid,0.6
15454,15454,1,High Intent,hybrid,0.7
15455,15455,5,New Cold User,hybrid,0.65
15456,15456,2,Low Engagement,hybrid,0.6
15457,15457,2,Low Engagement,hybrid,0.6
15458,15458,4,Loyal Customer,hybrid,0.8
15459,15459,1,High Intent,hybrid,0.7
15460,15460,1,High Intent,hybrid,0.6
15461,15461,3,Price Sensitive,hybrid,0.8
15462,15462,3,Price Sensitive,hybrid,0.6
15463,15463,3,Price Sensitive,hybrid,0.8
15464,15464,4,Loyal Customer,hybrid,0.75
15465,15465,2,Low Engagement,hybrid,0.6
15466,15466,4,Loyal Customer,hybrid,0.7
15467,15467,2,Low Engagement,hybrid,0.75
15468,15468,1,High Intent,hybrid,0.7
15469,15469,3,Price Sensitive,hybrid,0.7
15470,15470,2,Low Engagement,hybrid,0.6
15471,15471,2,Low Engagement,hybrid,0.6
15472,15472,1,High Intent,hybrid,0.6
15473,15473,2,Low Engagement,hybrid,0.6
15474,15474,4,Loyal Customer,hybrid,0.7
15475,15475,3,Price Sensitive,hybrid,0.7
15476,15476,3,Price Sensitive,hybrid,0.75
15477,15477,1,High Intent,hybrid,0.7
15478,15478,2,Low Engagement,hybrid,0.75
15479,15479,3,Price Sensitive,hybrid,0.75
15480,15480,4,Loyal Customer,hybrid,0.6
15481,15481,3,Price Sensitive,hybrid,0.75
15482,15482,2,Low Engagement,hybrid,0.6
15483,15483,3,Price Sensitive,hybrid,0.75
15484,15484,4,Loyal Customer,hybrid,0.6
15485,15485,1,High Intent,hybrid,0.8
15486,15486,3,Price Sensitive,hybrid,0.6
15487,15487,2,Low Engagement,hybrid,0.6
15488,15488,2,Low Engagement,hybrid,0.75
15489,15489,1,High Intent,hybrid,0.7
15490,15490,3,Price Sensitive,hybrid,0.8
15491,15491,4,Loyal Customer,hybrid,0.6
15492,15492,4,Loyal Customer,hybrid,0.6
15493,15493,2,Low Engagement,hybrid,0.6
15494,15494,2,Low Engagement,hybrid,0.8
15495,15495,1,High Intent,hybrid,0.8
15496,15496,1,High Intent,hybrid,0.6
15497,15497,2,Low Engagement,hybrid,0.75
15498,15498,2,Low Engagement,hybrid,0.6
15499,15499,3,Price Sensitive,hybrid,0.75
15500,15500,1,High Intent,hybrid,0.75
15501,15501,3,Price Sensitive,hybrid,0.8
15502,15502,2,Low Engagement,hybrid,0.6
15503,15503,3,Price Sensitive,hybrid,0.8
15504,15504,1,High Intent,hybrid,0.75
15505,15505,4,Loyal Customer,hybrid,0.7
15506,15506,1,High Intent,hybrid,0.7
15507,15507,1,High Intent,hybrid,0.7
15508,15508,4,Loyal Customer,hybrid,0.6
15509,15509,5,New Cold User,hybrid,0.65
15510,15510,1,High Intent,hybrid,0.75
15511,15511,1,High Intent,hybrid,0.75
15512,15512,1,High Intent,hybrid,0.7
15513,15513,3,Price Sensitive,hybrid,0.6
15514,15514,1,High Intent,hybrid,0.75
15515,15515,1,High Intent,hybrid,0.7
15516,15516,4,Loyal Customer,hybrid,0.6
15517,15517,3,Price Sensitive,hybrid,0.6
15518,15518,3,Price Sensitive,hybrid,0.8
15519,15519,4,Loyal Customer,hybrid,0.6
15520,15520,2,Low Engagement,hybrid,0.6
15521,15521,3,Price Sensitive,hybrid,0.6
15522,15522,1,High Intent,hybrid,0.95
15523,15523,2,Low Engagement,hybrid,0.6
15524,15524,3,Price Sensitive,hybrid,0.75
15525,15525,2,Low Engagement,hybrid,0.75
15526,15526,3,Price Sensitive,hybrid,0.8
15527,15527,2,Low Engagement,hybrid,0.75
15528,15528,2,Low Engagement,hybrid,0.75
15529,15529,2,Low Engagement,hybrid,0.8
15530,15530,3,Price Sensitive,hybrid,0.95
15531,15531,4,Loyal Customer,hybrid,0.6
15532,15532,4,Loyal Customer,hybrid,0.6
15533,15533,4,Loyal Customer,hybrid,0.6
15534,15534,3,Price Sensitive,hybrid,0.8
15535,15535,1,High Intent,hybrid,0.6
15536,15536,3,Price Sensitive,hybrid,0.75
15537,15537,1,High Intent,hybrid,0.7
15538,15538,5,New Cold User,hybrid,0.65
15539,15539,3,Price Sensitive,hybrid,0.6
15540,15540,3,Price Sensitive,hybrid,0.75
15541,15541,1,High Intent,hybrid,0.7
15542,15542,1,High Intent,hybrid,0.7
15543,15543,3,Price Sensitive,hybrid,0.6
15544,15544,3,Price Sensitive,hybrid,0.95
15545,15545,2,Low Engagement,hybrid,0.6
15546,15546,2,Low Engagement,hybrid,0.6
15547,15547,1,High Intent,hybrid,0.75
15548,15548,4,Loyal Customer,hybrid,0.95
15549,15549,2,Low Engagement,hybrid,0.75
15550,15550,1,High Intent,hybrid,0.8
15551,15551,2,Low Engagement,hybrid,0.6
15552,15552,3,Price Sensitive,hybrid,0.8
15553,15553,2,Low Engagement,hybrid,0.6
15554,15554,1,High Intent,hybrid,0.6
15555,15555,1,High Intent,hybrid,0.6
15556,15556,4,Loyal Customer,hybrid,0.6
15557,15557,2,Low Engagement,hybrid,0.6
15558,15558,1,High Intent,hybrid,0.75
15559,15559,1,High Intent,hybrid,0.7
15560,15560,1,High Intent,hybrid,0.6
15561,15561,2,Low Engagement,hybrid,0.6
15562,15562,1,High Intent,hybrid,0.7
15563,15563,4,Loyal Customer,hybrid,0.95
15564,15564,2,Low Engagement,hybrid,0.6
15565,15565,1,High Intent,hybrid,0.7
15566,15566,1,High Intent,hybrid,0.75
15567,15567,4,Loyal Customer,hybrid,0.8
15568,15568,2,Low Engagement,hybrid,0.6
15569,15569,2,Low Engagement,hybrid,0.75
15570,15570,1,High Intent,hybrid,0.75
15571,15571,1,High Intent,hybrid,0.7
15572,15572,4,Loyal Customer,hybrid,0.6
15573,15573,3,Price Sensitive,hybrid,0.75
15574,15574,2,Low Engagement,hybrid,0.6
15575,15575,2,Low Engagement,hybrid,0.6
15576,15576,3,Price Sensitive,hybrid,0.8
15577,15577,4,Loyal Customer,hybrid,0.8
15578,15578,4,Loyal Customer,hybrid,0.75
15579,15579,2,Low Engagement,hybrid,0.75
15580,15580,2,Low Engagement,hybrid,0.75
15581,15581,3,Price Sensitive,hybrid,0.8
15582,15582,1,High Intent,hybrid,0.7
15583,15583,2,Low Engagement,hybrid,0.6
15584,15584,3,Price Sensitive,hybrid,0.6
15585,15585,2,Low Engagement,hybrid,0.6
15586,15586,1,High Intent,hybrid,0.7
15587,15587,2,Low Engagement,hybrid,0.75
15588,15588,1,High Intent,hybrid,0.75
15589,15589,4,Loyal Customer,hybrid,0.75
15590,15590,3,Price Sensitive,hybrid,0.75
15591,15591,4,Loyal Customer,hybrid,0.8
15592,15592,4,Loyal Customer,hybrid,0.6
15593,15593,2,Low Engagement,hybrid,0.75
15594,15594,2,Low Engagement,hybrid,0.7
15595,15595,5,New Cold User,hybrid,0.65
15596,15596,2,Low Engagement,hybrid,0.6
15597,15597,3,Price Sensitive,hybrid,0.7
15598,15598,3,Price Sensitive,hybrid,0.95
15599,15599,1,High Intent,hybrid,0.7
15600,15600,4,Loyal Customer,hybrid,0.8
15601,15601,2,Low Engagement,hybrid,0.6
15602,15602,2,Low Engagement,hybrid,0.6
15603,15603,4,Loyal Customer,hybrid,0.6
15604,15604,3,Price Sensitive,hybrid,0.75
15605,15605,2,Low Engagement,hybrid,0.8
15606,15606,4,Loyal Customer,hybrid,0.6
15607,15607,2,Low Engagement,hybrid,0.6
15608,15608,1,High Intent,hybrid,0.7
15609,15609,1,High Intent,hybrid,0.7
15610,15610,1,High Intent,hybrid,0.7
15611,15611,3,Price Sensitive,hybrid,0.75
15612,15612,2,Low Engagement,hybrid,0.75
15613,15613,1,High Intent,hybrid,0.7
15614,15614,1,High Intent,hybrid,0.7
15615,15615,2,Low Engagement,hybrid,0.6
15616,15616,3,Price Sensitive,hybrid,0.8
15617,15617,4,Loyal Customer,hybrid,0.6
15618,15618,2,Low Engagement,hybrid,0.6
15619,15619,1,High Intent,hybrid,0.6
15620,15620,3,Price Sensitive,hybrid,0.6
15621,15621,2,Low Engagement,hybrid,0.6
15622,15622,2,Low Engagement,hybrid,0.75
15623,15623,1,High Intent,hybrid,0.7
15624,15624,5,New Cold User,hybrid,0.65
15625,15625,2,Low Engagement,hybrid,0.75
15626,15626,4,Loyal Customer,hybrid,0.6
15627,15627,2,Low Engagement,hybrid,0.6
15628,15628,4,Loyal Customer,hybrid,0.8
15629,15629,2,Low Engagement,hybrid,0.6
15630,15630,3,Price Sensitive,hybrid,0.8
15631,15631,2,Low Engagement,hybrid,0.75
15632,15632,4,Loyal Customer,hybrid,0.6
15633,15633,1,High Intent,hybrid,0.7
15634,15634,2,Low Engagement,hybrid,0.75
15635,15635,4,Loyal Customer,hybrid,0.6
15636,15636,2,Low Engagement,hybrid,0.6
15637,15637,2,Low Engagement,hybrid,0.8
15638,15638,4,Loyal Customer,hybrid,0.7
15639,15639,2,Low Engagement,hybrid,0.6
15640,15640,1,High Intent,hybrid,0.7
15641,15641,2,Low Engagement,hybrid,0.6
15642,15642,1,High Intent,hybrid,0.7
15643,15643,3,Price Sensitive,hybrid,0.95
15644,15644,2,Low Engagement,hybrid,0.6
15645,15645,2,Low Engagement,hybrid,0.75
15646,15646,2,Low Engagement,hybrid,0.6
15647,15647,2,Low Engagement,hybrid,0.6
15648,15648,3,Price Sensitive,hybrid,0.8
15649,15649,4,Loyal Customer,hybrid,0.6
15650,15650,4,Loyal Customer,hybrid,0.8
15651,15651,2,Low Engagement,hybrid,0.75
15652,15652,2,Low Engagement,hybrid,0.6
15653,15653,2,Low Engagement,hybrid,0.75
15654,15654,2,Low Engagement,hybrid,0.75
15655,15655,3,Price Sensitive,hybrid,0.8
15656,15656,1,High Intent,hybrid,0.7
15657,15657,1,High Intent,hybrid,0.6
15658,15658,2,Low Engagement,hybrid,0.8
15659,15659,4,Loyal Customer,hybrid,0.6
15660,15660,2,Low Engagement,hybrid,0.6
15661,15661,2,Low Engagement,hybrid,0.6
15662,15662,2,Low Engagement,hybrid,0.6
15663,15663,3,Price Sensitive,hybrid,0.7
15664,15664,3,Price Sensitive,hybrid,0.6
15665,15665,3,Price Sensitive,hybrid,0.95
15666,15666,4,Loyal Customer,hybrid,0.8
15667,15667,1,High Intent,hybrid,0.6
15668,15668,2,Low Engagement,hybrid,0.6
15669,15669,4,Loyal Customer,hybrid,0.8
15670,15670,2,Low Engagement,hybrid,0.75
15671,15671,4,Loyal Customer,hybrid,0.6
15672,15672,2,Low Engagement,hybrid,0.6
15673,15673,2,Low Engagement,hybrid,0.6
15674,15674,2,Low Engagement,hybrid,0.8
15675,15675,4,Loyal Customer,hybrid,0.8
15676,15676,2,Low Engagement,hybrid,0.6
15677,15677,4,Loyal Customer,hybrid,0.75
15678,15678,1,High Intent,hybrid,0.7
15679,15679,4,Loyal Customer,hybrid,0.75
15680,15680,3,Price Sensitive,hybrid,0.8
15681,15681,1,High Intent,hybrid,0.7
15682,15682,1,High Intent,hybrid,0.7
15683,15683,2,Low Engagement,hybrid,0.6
15684,15684,4,Loyal Customer,hybrid,0.6
15685,15685,3,Price Sensitive,hybrid,0.8
15686,15686,2,Low Engagement,hybrid,0.6
15687,15687,4,Loyal Customer,hybrid,0.8
15688,15688,2,Low Engagement,hybrid,0.6
15689,15689,1,High Intent,hybrid,0.7
15690,15690,4,Loyal Customer,hybrid,0.95
15691,15691,1,High Intent,hybrid,0.6
15692,15692,3,Price Sensitive,hybrid,0.75
15693,15693,4,Loyal Customer,hybrid,0.8
15694,15694,3,Price Sensitive,hybrid,0.6
15695,15695,4,Loyal Customer,hybrid,0.8
15696,15696,3,Price Sensitive,hybrid,0.8
15697,15697,1,High Intent,hybrid,0.7
15698,15698,2,Low Engagement,hybrid,0.6
15699,15699,1,High Intent,hybrid,0.75
15700,15700,1,High Intent,hybrid,0.7
15701,15701,2,Low Engagement,hybrid,0.75
15702,15702,3,Price Sensitive,hybrid,0.7
15703,15703,3,Price Sensitive,hybrid,0.7
15704,15704,2,Low Engagement,hybrid,0.6
15705,15705,3,Price Sensitive,hybrid,0.95
15706,15706,2,Low Engagement,hybrid,0.7
15707,15707,1,High Intent,hybrid,0.7
15708,15708,2,Low Engagement,hybrid,0.6
15709,15709,2,Low Engagement,hybrid,0.6
15710,15710,2,Low Engagement,hybrid,0.75
15711,15711,3,Price Sensitive,hybrid,0.6
15712,15712,1,High Intent,hybrid,0.7
15713,15713,4,Loyal Customer,hybrid,0.95
15714,15714,2,Low Engagement,hybrid,0.6
15715,15715,2,Low Engagement,hybrid,0.75
15716,15716,1,High Intent,hybrid,0.6
15717,15717,3,Price Sensitive,hybrid,0.6
15718,15718,4,Loyal Customer,hybrid,0.75
15719,15719,2,Low Engagement,hybrid,0.6
15720,15720,2,Low Engagement,hybrid,0.75
15721,15721,3,Price Sensitive,hybrid,0.7
15722,15722,4,Loyal Customer,hybrid,0.6
15723,15723,2,Low Engagement,hybrid,0.6
15724,15724,4,Loyal Customer,hybrid,0.6
15725,15725,4,Loyal Customer,hybrid,0.8
15726,15726,1,High Intent,hybrid,0.7
15727,15727,2,Low Engagement,hybrid,0.6
15728,15728,4,Loyal Customer,hybrid,0.6
15729,15729,3,Price Sensitive,hybrid,0.7
15730,15730,2,Low Engagement,hybrid,0.75
15731,15731,2,Low Engagement,hybrid,0.6
15732,15732,2,Low Engagement,hybrid,0.6
15733,15733,2,Low Engagement,hybrid,0.8
15734,15734,4,Loyal Customer,hybrid,0.6
15735,15735,1,High Intent,hybrid,0.95
15736,15736,3,Price Sensitive,hybrid,0.6
15737,15737,4,Loyal Customer,hybrid,0.75
15738,15738,4,Loyal Customer,hybrid,0.8
15739,15739,2,Low Engagement,hybrid,0.8
15740,15740,1,High Intent,hybrid,0.75
15741,15741,1,High Intent,hybrid,0.75
15742,15742,3,Price Sensitive,hybrid,0.8
15743,15743,3,Price Sensitive,hybrid,0.75
15744,15744,2,Low Engagement,hybrid,0.6
15745,15745,3,Price Sensitive,hybrid,0.8
15746,15746,2,Low Engagement,hybrid,0.6
15747,15747,4,Loyal Customer,hybrid,0.75
15748,15748,3,Price Sensitive,hybrid,0.75
15749,15749,2,Low Engagement,hybrid,0.6
15750,15750,3,Price Sensitive,hybrid,0.8
15751,15751,2,Low Engagement,hybrid,0.6
15752,15752,2,Low Engagement,hybrid,0.6
15753,15753,1,High Intent,hybrid,0.95
15754,15754,2,Low Engagement,hybrid,0.6
15755,15755,3,Price Sensitive,hybrid,0.75
15756,15756,4,Loyal Customer,hybrid,0.6
15757,15757,5,New Cold User,hybrid,0.65
15758,15758,1,High Intent,hybrid,0.7
15759,15759,3,Price Sensitive,hybrid,0.6
15760,15760,2,Low Engagement,hybrid,0.95
15761,15761,4,Loyal Customer,hybrid,0.8
15762,15762,1,High Intent,hybrid,0.95
15763,15763,2,Low Engagement,hybrid,0.6
15764,15764,1,High Intent,hybrid,0.6
15765,15765,3,Price Sensitive,hybrid,0.7
15766,15766,2,Low Engagement,hybrid,0.75
15767,15767,3,Price Sensitive,hybrid,0.75
15768,15768,3,Price Sensitive,hybrid,0.7
15769,15769,3,Price Sensitive,hybrid,0.6
15770,15770,2,Low Engagement,hybrid,0.6
15771,15771,1,High Intent,hybrid,0.7
15772,15772,1,High Intent,hybrid,0.7
15773,15773,2,Low Engagement,hybrid,0.8
15774,15774,4,Loyal Customer,hybrid,0.95
15775,15775,4,Loyal Customer,hybrid,0.7
15776,15776,1,High Intent,hybrid,0.7
15777,15777,2,Low Engagement,hybrid,0.75
15778,15778,2,Low Engagement,hybrid,0.6
15779,15779,1,High Intent,hybrid,0.7
15780,15780,2,Low Engagement,hybrid,0.7
15781,15781,3,Price Sensitive,hybrid,0.7
15782,15782,2,Low Engagement,hybrid,0.6
15783,15783,2,Low Engagement,hybrid,0.75
15784,15784,1,High Intent,hybrid,0.7
15785,15785,2,Low Engagement,hybrid,0.6
15786,15786,2,Low Engagement,hybrid,0.75
15787,15787,1,High Intent,hybrid,0.7
15788,15788,3,Price Sensitive,hybrid,0.6
15789,15789,3,Price Sensitive,hybrid,0.7
15790,15790,2,Low Engagement,hybrid,0.6
15791,15791,2,Low Engagement,hybrid,0.8
15792,15792,1,High Intent,hybrid,0.7
15793,15793,2,Low Engagement,hybrid,0.6
15794,15794,2,Low Engagement,hybrid,0.75
15795,15795,4,Loyal Customer,hybrid,0.6
15796,15796,3,Price Sensitive,hybrid,0.7
15797,15797,4,Loyal Customer,hybrid,0.95
15798,15798,2,Low Engagement,hybrid,0.75
15799,15799,3,Price Sensitive,hybrid,0.95
15800,15800,3,Price Sensitive,hybrid,0.75
15801,15801,4,Loyal Customer,hybrid,0.75
15802,15802,4,Loyal Customer,hybrid,0.6
15803,15803,3,Price Sensitive,hybrid,0.7
15804,15804,3,Price Sensitive,hybrid,0.8
15805,15805,4,Loyal Customer,hybrid,0.8
15806,15806,3,Price Sensitive,hybrid,0.6
15807,15807,2,Low Engagement,hybrid,0.75
15808,15808,2,Low Engagement,hybrid,0.8
15809,15809,4,Loyal Customer,hybrid,0.75
15810,15810,3,Price Sensitive,hybrid,0.7
15811,15811,2,Low Engagement,hybrid,0.7
15812,15812,2,Low Engagement,hybrid,0.8
15813,15813,2,Low Engagement,hybrid,0.75
15814,15814,2,Low Engagement,hybrid,0.6
15815,15815,1,High Intent,hybrid,0.6
15816,15816,3,Price Sensitive,hybrid,0.7
15817,15817,5,New Cold User,hybrid,0.65
15818,15818,1,High Intent,hybrid,0.7
15819,15819,2,Low Engagement,hybrid,0.6
15820,15820,2,Low Engagement,hybrid,0.8
15821,15821,4,Loyal Customer,hybrid,0.95
15822,15822,1,High Intent,hybrid,0.75
15823,15823,1,High Intent,hybrid,0.6
15824,15824,1,High Intent,hybrid,0.75
15825,15825,1,High Intent,hybrid,0.7
15826,15826,4,Loyal Customer,hybrid,0.6
15827,15827,1,High Intent,hybrid,0.7
15828,15828,4,Loyal Customer,hybrid,0.7
15829,15829,3,Price Sensitive,hybrid,0.8
15830,15830,1,High Intent,hybrid,0.7
15831,15831,3,Price Sensitive,hybrid,0.7
15832,15832,4,Loyal Customer,hybrid,0.8
15833,15833,1,High Intent,hybrid,0.7
15834,15834,4,Loyal Customer,hybrid,0.8
15835,15835,1,High Intent,hybrid,0.6
15836,15836,1,High Intent,hybrid,0.7
15837,15837,2,Low Engagement,hybrid,0.8
15838,15838,1,High Intent,hybrid,0.7
15839,15839,1,High Intent,hybrid,0.7
15840,15840,1,High Intent,hybrid,0.6
15841,15841,2,Low Engagement,hybrid,0.75
15842,15842,4,Loyal Customer,hybrid,0.8
15843,15843,4,Loyal Customer,hybrid,0.75
15844,15844,2,Low Engagement,hybrid,0.6
15845,15845,4,Loyal Customer,hybrid,0.75
15846,15846,2,Low Engagement,hybrid,0.6
15847,15847,3,Price Sensitive,hybrid,0.6
15848,15848,5,New Cold User,hybrid,0.65
15849,15849,4,Loyal Customer,hybrid,0.6
15850,15850,2,Low Engagement,hybrid,0.6
15851,15851,1,High Intent,hybrid,0.7
15852,15852,3,Price Sensitive,hybrid,0.6
15853,15853,3,Price Sensitive,hybrid,0.8
15854,15854,4,Loyal Customer,hybrid,0.8
15855,15855,1,High Intent,hybrid,0.75
15856,15856,2,Low Engagement,hybrid,0.6
15857,15857,2,Low Engagement,hybrid,0.6
15858,15858,2,Low Engagement,hybrid,0.75
15859,15859,3,Price Sensitive,hybrid,0.75
15860,15860,1,High Intent,hybrid,0.7
15861,15861,2,Low Engagement,hybrid,0.6
15862,15862,1,High Intent,hybrid,0.7
15863,15863,3,Price Sensitive,hybrid,0.7
15864,15864,2,Low Engagement,hybrid,0.6
15865,15865,2,Low Engagement,hybrid,0.75
15866,15866,4,Loyal Customer,hybrid,0.6
15867,15867,3,Price Sensitive,hybrid,0.75
15868,15868,2,Low Engagement,hybrid,0.75
15869,15869,4,Loyal Customer,hybrid,0.6
15870,15870,3,Price Sensitive,hybrid,0.75
15871,15871,2,Low Engagement,hybrid,0.75
15872,15872,3,Price Sensitive,hybrid,0.7
15873,15873,2,Low Engagement,hybrid,0.75
15874,15874,2,Low Engagement,hybrid,0.8
15875,15875,2,Low Engagement,hybrid,0.8
15876,15876,4,Loyal Customer,hybrid,0.6
15877,15877,2,Low Engagement,hybrid,0.6
15878,15878,1,High Intent,hybrid,0.6
15879,15879,3,Price Sensitive,hybrid,0.8
15880,15880,1,High Intent,hybrid,0.7
15881,15881,1,High Intent,hybrid,0.7
15882,15882,3,Price Sensitive,hybrid,0.6
15883,15883,4,Loyal Customer,hybrid,0.6
15884,15884,2,Low Engagement,hybrid,0.6
15885,15885,2,Low Engagement,hybrid,0.6
15886,15886,4,Loyal Customer,hybrid,0.8
15887,15887,1,High Intent,hybrid,0.75
15888,15888,2,Low Engagement,hybrid,0.6
15889,15889,2,Low Engagement,hybrid,0.6
15890,15890,1,High Intent,hybrid,0.75
15891,15891,4,Loyal Customer,hybrid,0.6
15892,15892,2,Low Engagement,hybrid,0.6
15893,15893,2,Low Engagement,hybrid,0.6
15894,15894,2,Low Engagement,hybrid,0.75
15895,15895,2,Low Engagement,hybrid,0.6
15896,15896,3,Price Sensitive,hybrid,0.8
15897,15897,4,Loyal Customer,hybrid,0.95
15898,15898,2,Low Engagement,hybrid,0.7
15899,15899,1,High Intent,hybrid,0.7
15900,15900,4,Loyal Customer,hybrid,0.6
15901,15901,4,Loyal Customer,hybrid,0.6
15902,15902,2,Low Engagement,hybrid,0.75
15903,15903,3,Price Sensitive,hybrid,0.95
15904,15904,1,High Intent,hybrid,0.7
15905,15905,2,Low Engagement,hybrid,0.75
15906,15906,3,Price Sensitive,hybrid,0.8
15907,15907,1,High Intent,hybrid,0.6
15908,15908,1,High Intent,hybrid,0.7
15909,15909,2,Low Engagement,hybrid,0.6
15910,15910,3,Price Sensitive,hybrid,0.8
15911,15911,3,Price Sensitive,hybrid,0.7
15912,15912,5,New Cold User,hybrid,0.65
15913,15913,2,Low Engagement,hybrid,0.6
15914,15914,4,Loyal Customer,hybrid,0.6
15915,15915,4,Loyal Customer,hybrid,0.6
15916,15916,4,Loyal Customer,hybrid,0.75
15917,15917,1,High Intent,hybrid,0.6
15918,15918,2,Low Engagement,hybrid,0.6
15919,15919,2,Low Engagement,hybrid,0.8
15920,15920,3,Price Sensitive,hybrid,0.8
15921,15921,4,Loyal Customer,hybrid,0.8
15922,15922,3,Price Sensitive,hybrid,0.95
15923,15923,2,Low Engagement,hybrid,0.6
15924,15924,2,Low Engagement,hybrid,0.6
15925,15925,1,High Intent,hybrid,0.7
15926,15926,2,Low Engagement,hybrid,0.6
15927,15927,4,Loyal Customer,hybrid,0.7
15928,15928,1,High Intent,hybrid,0.7
15929,15929,2,Low Engagement,hybrid,0.7
15930,15930,2,Low Engagement,hybrid,0.6
15931,15931,2,Low Engagement,hybrid,0.6
15932,15932,4,Loyal Customer,hybrid,0.7
15933,15933,3,Price Sensitive,hybrid,0.8
15934,15934,1,High Intent,hybrid,0.7
15935,15935,3,Price Sensitive,hybrid,0.8
15936,15936,4,Loyal Customer,hybrid,0.8
15937,15937,3,Price Sensitive,hybrid,0.95
15938,15938,4,Loyal Customer,hybrid,0.6
15939,15939,4,Loyal Customer,hybrid,0.75
15940,15940,2,Low Engagement,hybrid,0.75
15941,15941,3,Price Sensitive,hybrid,0.7
15942,15942,2,Low Engagement,hybrid,0.6
15943,15943,2,Low Engagement,hybrid,0.6
15944,15944,3,Price Sensitive,hybrid,0.95
15945,15945,3,Price Sensitive,hybrid,0.8
15946,15946,1,High Intent,hybrid,0.6
15947,15947,2,Low Engagement,hybrid,0.7
15948,15948,2,Low Engagement,hybrid,0.6
15949,15949,3,Price Sensitive,hybrid,0.7
15950,15950,4,Loyal Customer,hybrid,0.7
15951,15951,1,High Intent,hybrid,0.7
15952,15952,2,Low Engagement,hybrid,0.6
15953,15953,2,Low Engagement,hybrid,0.6
15954,15954,2,Low Engagement,hybrid,0.6
15955,15955,1,High Intent,hybrid,0.75
15956,15956,2,Low Engagement,hybrid,0.6
15957,15957,2,Low Engagement,hybrid,0.6
15958,15958,3,Price Sensitive,hybrid,0.7
15959,15959,4,Loyal Customer,hybrid,0.8
15960,15960,1,High Intent,hybrid,0.6
15961,15961,1,High Intent,hybrid,0.75
15962,15962,2,Low Engagement,hybrid,0.6
15963,15963,4,Loyal Customer,hybrid,0.6
15964,15964,4,Loyal Customer,hybrid,0.7
15965,15965,3,Price Sensitive,hybrid,0.75
15966,15966,1,High Intent,hybrid,0.7
15967,15967,4,Loyal Customer,hybrid,0.6
15968,15968,4,Loyal Customer,hybrid,0.7
15969,15969,4,Loyal Customer,hybrid,0.8
15970,15970,3,Price Sensitive,hybrid,0.7
15971,15971,1,High Intent,hybrid,0.75
15972,15972,2,Low Engagement,hybrid,0.7
15973,15973,1,High Intent,hybrid,0.6
15974,15974,2,Low Engagement,hybrid,0.6
15975,15975,3,Price Sensitive,hybrid,0.8
15976,15976,1,High Intent,hybrid,0.7
15977,15977,4,Loyal Customer,hybrid,0.6
15978,15978,1,High Intent,hybrid,0.7
15979,15979,3,Price Sensitive,hybrid,0.8
15980,15980,2,Low Engagement,hybrid,0.8
15981,15981,1,High Intent,hybrid,0.6
15982,15982,3,Price Sensitive,hybrid,0.8
15983,15983,3,Price Sensitive,hybrid,0.75
15984,15984,4,Loyal Customer,hybrid,0.6
15985,15985,4,Loyal Customer,hybrid,0.7
15986,15986,1,High Intent,hybrid,0.6
15987,15987,2,Low Engagement,hybrid,0.6
15988,15988,2,Low Engagement,hybrid,0.6
15989,15989,2,Low Engagement,hybrid,0.6
15990,15990,2,Low Engagement,hybrid,0.75
15991,15991,2,Low Engagement,hybrid,0.8
15992,15992,4,Loyal Customer,hybrid,0.7
15993,15993,4,Loyal Customer,hybrid,0.75
15994,15994,4,Loyal Customer,hybrid,0.8
15995,15995,2,Low Engagement,hybrid,0.6
15996,15996,3,Price Sensitive,hybrid,0.8
15997,15997,3,Price Sensitive,hybrid,0.6
15998,15998,1,High Intent,hybrid,0.7
15999,15999,2,Low Engagement,hybrid,0.6
