user_id,segment,confidence
U00000,loyal_customer,0.87
U00001,loyal_customer,0.9
U00002,high_intent,0.99
U00003,low_engagement,0.71
U00004,low_engagement,0.71
U00005,low_engagement,0.68
U00006,new_cold_customer,0.7
U00007,low_engagement,0.74
U00008,high_intent,0.97
U00009,new_cold_customer,0.67
U00010,new_cold_customer,0.7
U00011,low_engagement,0.68
U00012,new_cold_customer,0.67
U00013,high_intent,0.99
U00014,loyal_customer,0.9
U00015,new_cold_customer,0.64
U00016,loyal_customer,0.9
U00017,new_cold_customer,0.7
U00018,new_cold_customer,0.67
U00019,low_engagement,0.68
U00020,loyal_customer,0.87
U00021,new_cold_customer,0.61
U00022,loyal_customer,0.81
U00023,new_cold_customer,0.7
U00024,loyal_customer,0.84
U00025,price_sensitive,0.73
U00026,new_cold_customer,0.67
U00027,new_cold_customer,0.64
U00028,new_cold_customer,0.64
U00029,new_cold_customer,0.64
U00030,price_sensitive,0.73
U00031,new_cold_customer,0.7
U00032,low_engagement,0.74
U00033,new_cold_customer,0.7
U00034,high_intent,0.99
U00035,new_cold_customer,0.67
U00036,loyal_customer,0.87
U00037,price_sensitive,0.79
U00038,low_engagement,0.77
U00039,loyal_customer,0.9
U00040,new_cold_customer,0.7
U00041,loyal_customer,0.81
U00042,new_cold_customer,0.64
U00043,low_engagement,0.68
U00044,loyal_customer,0.84
U00045,low_engagement,0.68
U00046,price_sensitive,0.79
U00047,new_cold_customer,0.61
U00048,loyal_customer,0.9
U00049,high_intent,0.99
U00050,low_engagement,0.71
U00051,high_intent,0.99
U00052,low_engagement,0.77
U00053,new_cold_customer,0.7
U00054,low_engagement,0.71
U00055,new_cold_customer,0.67
U00056,loyal_customer,0.81
U00057,new_cold_customer,0.7
U00058,loyal_customer,0.87
U00059,loyal_customer,0.87
U00060,loyal_customer,0.84
U00061,low_engagement,0.74
U00062,low_engagement,0.74
U00063,new_cold_customer,0.61
U00064,price_sensitive,0.79
U00065,price_sensitive,0.73
U00066,new_cold_customer,0.61
U00067,new_cold_customer,0.64
U00068,new_cold_customer,0.67
U00069,new_cold_customer,0.7
U00070,loyal_customer,0.87
U00071,new_cold_customer,0.61
U00072,new_cold_customer,0.64
U00073,price_sensitive,0.73
U00074,loyal_customer,0.9
U00075,low_engagement,0.74
U00076,low_engagement,0.77
U00077,new_cold_customer,0.67
U00078,price_sensitive,0.79
U00079,new_cold_customer,0.61
U00080,loyal_customer,0.9
U00081,price_sensitive,0.79
U00082,high_intent,0.99
U00083,new_cold_customer,0.64
U00084,new_cold_customer,0.64
U00085,price_sensitive,0.79
U00086,low_engagement,0.77
U00087,low_engagement,0.71
U00088,low_engagement,0.71
U00089,high_intent,0.99
U00090,low_engagement,0.77
U00091,high_intent,0.99
U00092,loyal_customer,0.9
U00093,high_intent,0.97
U00094,new_cold_customer,0.61
U00095,low_engagement,0.71
U00096,high_intent,0.94
U00097,low_engagement,0.68
U00098,low_engagement,0.74
U00099,high_intent,0.99
U00100,new_cold_customer,0.64
U00101,price_sensitive,0.79
U00102,high_intent,0.99
U00103,new_cold_customer,0.64
U00104,loyal_customer,0.9
U00105,low_engagement,0.68
U00106,new_cold_customer,0.61
U00107,new_cold_customer,0.61
U00108,loyal_customer,0.84
U00109,new_cold_customer,0.7
U00110,low_engagement,0.77
U00111,new_cold_customer,0.64
U00112,low_engagement,0.74
U00113,low_engagement,0.68
U00114,new_cold_customer,0.67
U00115,new_cold_customer,0.61
U00116,loyal_customer,0.9
U00117,loyal_customer,0.81
U00118,new_cold_customer,0.67
U00119,new_cold_customer,0.67
U00120,price_sensitive,0.73
U00121,low_engagement,0.68
U00122,price_sensitive,0.79
U00123,new_cold_customer,0.67
U00124,new_cold_customer,0.7
U00125,new_cold_customer,0.7
U00126,new_cold_customer,0.67
U00127,new_cold_customer,0.7
U00128,high_intent,0.99
U00129,new_cold_customer,0.67
U00130,new_cold_customer,0.64
U00131,loyal_customer,0.9
U00132,loyal_customer,0.9
U00133,low_engagement,0.68
U00134,new_cold_customer,0.61
U00135,price_sensitive,0.73
U00136,low_engagement,0.71
U00137,new_cold_customer,0.61
U00138,low_engagement,0.77
U00139,new_cold_customer,0.64
U00140,new_cold_customer,0.61
U00141,low_engagement,0.68
U00142,new_cold_customer,0.67
U00143,loyal_customer,0.84
U00144,low_engagement,0.71
U00145,loyal_customer,0.9
U00146,low_engagement,0.71
U00147,new_cold_customer,0.67
U00148,price_sensitive,0.79
U00149,low_engagement,0.74
U00150,low_engagement,0.68
U00151,new_cold_customer,0.64
U00152,new_cold_customer,0.64
U00153,loyal_customer,0.87
U00154,loyal_customer,0.9
U00155,high_intent,0.97
U00156,new_cold_customer,0.7
U00157,new_cold_customer,0.7
U00158,loyal_customer,0.9
U00159,low_engagement,0.77
U00160,new_cold_customer,0.67
U00161,loyal_customer,0.87
U00162,loyal_customer,0.87
U00163,low_engagement,0.74
U00164,new_cold_customer,0.61
U00165,low_engagement,0.77
U00166,new_cold_customer,0.67
U00167,new_cold_customer,0.61
U00168,low_engagement,0.71
U00169,loyal_customer,0.87
U00170,low_engagement,0.71
U00171,price_sensitive,0.76
U00172,low_engagement,0.71
U00173,low_engagement,0.77
U00174,new_cold_customer,0.67
U00175,new_cold_customer,0.7
U00176,low_engagement,0.68
U00177,loyal_customer,0.9
U00178,new_cold_customer,0.61
U00179,new_cold_customer,0.61
U00180,new_cold_customer,0.64
U00181,low_engagement,0.71
U00182,high_intent,0.97
U00183,high_intent,0.99
U00184,new_cold_customer,0.64
U00185,new_cold_customer,0.61
U00186,new_cold_customer,0.64
U00187,loyal_customer,0.9
U00188,loyal_customer,0.87
U00189,loyal_customer,0.9
U00190,loyal_customer,0.81
U00191,new_cold_customer,0.61
U00192,high_intent,0.94
U00193,price_sensitive,0.79
U00194,new_cold_customer,0.7
U00195,new_cold_customer,0.67
U00196,high_intent,0.99
U00197,low_engagement,0.68
U00198,low_engagement,0.74
U00199,low_engagement,0.71
U00200,low_engagement,0.77
U00201,high_intent,0.94
U00202,high_intent,0.97
U00203,new_cold_customer,0.67
U00204,low_engagement,0.71
U00205,low_engagement,0.68
U00206,high_intent,0.97
U00207,loyal_customer,0.9
U00208,high_intent,0.99
U00209,new_cold_customer,0.64
U00210,high_intent,0.97
U00211,high_intent,0.99
U00212,loyal_customer,0.9
U00213,new_cold_customer,0.64
U00214,new_cold_customer,0.7
U00215,low_engagement,0.77
U00216,loyal_customer,0.81
U00217,loyal_customer,0.81
U00218,high_intent,0.99
U00219,new_cold_customer,0.7
U00220,new_cold_customer,0.61
U00221,new_cold_customer,0.7
U00222,low_engagement,0.77
U00223,price_sensitive,0.76
U00224,new_cold_customer,0.7
U00225,new_cold_customer,0.67
U00226,low_engagement,0.68
U00227,new_cold_customer,0.61
U00228,high_intent,0.97
U00229,new_cold_customer,0.67
U00230,loyal_customer,0.84
U00231,price_sensitive,0.79
U00232,new_cold_customer,0.67
U00233,new_cold_customer,0.61
U00234,new_cold_customer,0.7
U00235,high_intent,0.94
U00236,low_engagement,0.74
U00237,low_engagement,0.68
U00238,new_cold_customer,0.67
U00239,price_sensitive,0.73
U00240,high_intent,0.94
U00241,loyal_customer,0.84
U00242,loyal_customer,0.87
U00243,loyal_customer,0.84
U00244,low_engagement,0.71
U00245,new_cold_customer,0.7
U00246,high_intent,0.99
U00247,new_cold_customer,0.61
U00248,new_cold_customer,0.67
U00249,new_cold_customer,0.61
U00250,price_sensitive,0.76
U00251,loyal_customer,0.9
U00252,low_engagement,0.77
U00253,loyal_customer,0.87
U00254,high_intent,0.94
U00255,loyal_customer,0.81
U00256,loyal_customer,0.84
U00257,new_cold_customer,0.64
U00258,low_engagement,0.68
U00259,loyal_customer,0.84
U00260,low_engagement,0.71
U00261,new_cold_customer,0.61
U00262,new_cold_customer,0.61
U00263,price_sensitive,0.79
U00264,new_cold_customer,0.7
U00265,low_engagement,0.77
U00266,new_cold_customer,0.61
U00267,new_cold_customer,0.64
U00268,new_cold_customer,0.7
U00269,loyal_customer,0.87
U00270,new_cold_customer,0.7
U00271,new_cold_customer,0.61
U00272,new_cold_customer,0.7
U00273,new_cold_customer,0.61
U00274,low_engagement,0.71
U00275,high_intent,0.97
U00276,new_cold_customer,0.64
U00277,loyal_customer,0.81
U00278,low_engagement,0.71
U00279,loyal_customer,0.9
U00280,new_cold_customer,0.64
U00281,low_engagement,0.77
U00282,new_cold_customer,0.7
U00283,low_engagement,0.68
U00284,high_intent,0.94
U00285,low_engagement,0.71
U00286,loyal_customer,0.81
U00287,high_intent,0.99
U00288,low_engagement,0.71
U00289,new_cold_customer,0.64
U00290,low_engagement,0.77
U00291,loyal_customer,0.87
U00292,new_cold_customer,0.67
U00293,new_cold_customer,0.61
U00294,new_cold_customer,0.64
U00295,new_cold_customer,0.61
U00296,new_cold_customer,0.64
U00297,loyal_customer,0.9
U00298,loyal_customer,0.84
U00299,new_cold_customer,0.7
U00300,price_sensitive,0.76
U00301,low_engagement,0.71
U00302,low_engagement,0.77
U00303,loyal_customer,0.9
U00304,new_cold_customer,0.64
U00305,low_engagement,0.71
U00306,new_cold_customer,0.67
U00307,high_intent,0.99
U00308,new_cold_customer,0.61
U00309,new_cold_customer,0.7
U00310,low_engagement,0.74
U00311,low_engagement,0.71
U00312,low_engagement,0.74
U00313,loyal_customer,0.9
U00314,low_engagement,0.74
U00315,low_engagement,0.77
U00316,low_engagement,0.71
U00317,loyal_customer,0.9
U00318,low_engagement,0.74
U00319,high_intent,0.99
U00320,loyal_customer,0.84
U00321,low_engagement,0.74
U00322,new_cold_customer,0.7
U00323,new_cold_customer,0.67
U00324,low_engagement,0.71
U00325,new_cold_customer,0.64
U00326,new_cold_customer,0.7
U00327,high_intent,0.99
U00328,loyal_customer,0.84
U00329,low_engagement,0.74
U00330,loyal_customer,0.81
U00331,loyal_customer,0.87
U00332,new_cold_customer,0.7
U00333,high_intent,0.94
U00334,low_engagement,0.77
U00335,low_engagement,0.68
U00336,low_engagement,0.77
U00337,new_cold_customer,0.67
U00338,loyal_customer,0.81
U00339,new_cold_customer,0.61
U00340,low_engagement,0.77
U00341,high_intent,0.99
U00342,low_engagement,0.74
U00343,new_cold_customer,0.67
U00344,price_sensitive,0.79
U00345,new_cold_customer,0.61
U00346,new_cold_customer,0.67
U00347,new_cold_customer,0.67
U00348,new_cold_customer,0.67
U00349,low_engagement,0.74
U00350,new_cold_customer,0.67
U00351,loyal_customer,0.87
U00352,price_sensitive,0.76
U00353,high_intent,0.94
U00354,new_cold_customer,0.7
U00355,new_cold_customer,0.61
U00356,new_cold_customer,0.64
U00357,new_cold_customer,0.67
U00358,new_cold_customer,0.67
U00359,low_engagement,0.77
U00360,new_cold_customer,0.61
U00361,new_cold_customer,0.64
U00362,loyal_customer,0.84
U00363,high_intent,0.99
U00364,new_cold_customer,0.7
U00365,new_cold_customer,0.7
U00366,price_sensitive,0.73
U00367,high_intent,0.99
U00368,loyal_customer,0.84
U00369,high_intent,0.99
U00370,new_cold_customer,0.67
U00371,price_sensitive,0.76
U00372,low_engagement,0.71
U00373,new_cold_customer,0.7
U00374,new_cold_customer,0.64
U00375,new_cold_customer,0.67
U00376,new_cold_customer,0.67
U00377,loyal_customer,0.87
U00378,high_intent,0.99
U00379,high_intent,0.99
U00380,new_cold_customer,0.61
U00381,loyal_customer,0.87
U00382,loyal_customer,0.84
U00383,new_cold_customer,0.67
U00384,new_cold_customer,0.61
U00385,new_cold_customer,0.61
U00386,loyal_customer,0.84
U00387,loyal_customer,0.84
U00388,loyal_customer,0.87
U00389,new_cold_customer,0.64
U00390,high_intent,0.94
U00391,loyal_customer,0.84
U00392,new_cold_customer,0.61
U00393,loyal_customer,0.84
U00394,new_cold_customer,0.61
U00395,high_intent,0.99
U00396,low_engagement,0.77
U00397,new_cold_customer,0.61
U00398,new_cold_customer,0.64
U00399,high_intent,0.99
U00400,low_engagement,0.68
U00401,new_cold_customer,0.64
U00402,new_cold_customer,0.7
U00403,high_intent,0.99
U00404,new_cold_customer,0.64
U00405,low_engagement,0.74
U00406,new_cold_customer,0.7
U00407,low_engagement,0.71
U00408,new_cold_customer,0.67
U00409,new_cold_customer,0.64
U00410,new_cold_customer,0.7
U00411,low_engagement,0.71
U00412,new_cold_customer,0.67
U00413,new_cold_customer,0.7
U00414,new_cold_customer,0.7
U00415,loyal_customer,0.9
U00416,low_engagement,0.71
U00417,new_cold_customer,0.61
U00418,new_cold_customer,0.64
U00419,loyal_customer,0.9
U00420,low_engagement,0.77
U00421,loyal_customer,0.87
U00422,high_intent,0.99
U00423,low_engagement,0.68
U00424,low_engagement,0.68
U00425,new_cold_customer,0.61
U00426,loyal_customer,0.81
U00427,new_cold_customer,0.61
U00428,new_cold_customer,0.64
U00429,low_engagement,0.74
U00430,low_engagement,0.71
U00431,new_cold_customer,0.61
U00432,low_engagement,0.74
U00433,new_cold_customer,0.61
U00434,loyal_customer,0.9
U00435,price_sensitive,0.73
U00436,low_engagement,0.74
U00437,low_engagement,0.68
U00438,high_intent,0.97
U00439,new_cold_customer,0.7
U00440,loyal_customer,0.9
U00441,loyal_customer,0.84
U00442,new_cold_customer,0.61
U00443,new_cold_customer,0.7
U00444,low_engagement,0.68
U00445,loyal_customer,0.9
U00446,high_intent,0.99
U00447,loyal_customer,0.81
U00448,low_engagement,0.74
U00449,low_engagement,0.74
U00450,high_intent,0.97
U00451,new_cold_customer,0.67
U00452,low_engagement,0.74
U00453,new_cold_customer,0.7
U00454,new_cold_customer,0.61
U00455,new_cold_customer,0.7
U00456,loyal_customer,0.9
U00457,new_cold_customer,0.67
U00458,loyal_customer,0.9
U00459,high_intent,0.94
U00460,new_cold_customer,0.7
U00461,new_cold_customer,0.7
U00462,low_engagement,0.71
U00463,new_cold_customer,0.7
U00464,high_intent,0.99
U00465,loyal_customer,0.84
U00466,low_engagement,0.71
U00467,new_cold_customer,0.7
U00468,new_cold_customer,0.67
U00469,new_cold_customer,0.7
U00470,new_cold_customer,0.64
U00471,low_engagement,0.74
U00472,loyal_customer,0.81
U00473,new_cold_customer,0.7
U00474,loyal_customer,0.9
U00475,high_intent,0.97
U00476,new_cold_customer,0.67
U00477,loyal_customer,0.9
U00478,low_engagement,0.68
U00479,price_sensitive,0.73
U00480,new_cold_customer,0.67
U00481,low_engagement,0.74
U00482,price_sensitive,0.73
U00483,high_intent,0.97
U00484,high_intent,0.94
U00485,high_intent,0.99
U00486,high_intent,0.99
U00487,low_engagement,0.71
U00488,loyal_customer,0.81
U00489,high_intent,0.99
U00490,new_cold_customer,0.7
U00491,low_engagement,0.77
U00492,price_sensitive,0.73
U00493,high_intent,0.99
U00494,high_intent,0.99
U00495,low_engagement,0.74
U00496,low_engagement,0.71
U00497,low_engagement,0.68
U00498,low_engagement,0.77
U00499,price_sensitive,0.76
U00500,low_engagement,0.71
U00501,price_sensitive,0.73
U00502,new_cold_customer,0.61
U00503,low_engagement,0.74
U00504,new_cold_customer,0.64
U00505,low_engagement,0.74
U00506,new_cold_customer,0.67
U00507,price_sensitive,0.73
U00508,low_engagement,0.74
U00509,loyal_customer,0.87
U00510,price_sensitive,0.76
U00511,new_cold_customer,0.61
U00512,new_cold_customer,0.7
U00513,low_engagement,0.77
U00514,new_cold_customer,0.61
U00515,new_cold_customer,0.61
U00516,price_sensitive,0.73
U00517,high_intent,0.94
U00518,new_cold_customer,0.64
U00519,loyal_customer,0.81
U00520,high_intent,0.99
U00521,new_cold_customer,0.64
U00522,new_cold_customer,0.61
U00523,new_cold_customer,0.67
U00524,low_engagement,0.71
U00525,high_intent,0.99
U00526,low_engagement,0.77
U00527,new_cold_customer,0.7
U00528,new_cold_customer,0.7
U00529,new_cold_customer,0.7
U00530,loyal_customer,0.84
U00531,loyal_customer,0.84
U00532,low_engagement,0.68
U00533,price_sensitive,0.73
U00534,low_engagement,0.68
U00535,low_engagement,0.68
U00536,new_cold_customer,0.61
U00537,new_cold_customer,0.67
U00538,loyal_customer,0.81
U00539,low_engagement,0.71
U00540,new_cold_customer,0.61
U00541,loyal_customer,0.81
U00542,high_intent,0.97
U00543,new_cold_customer,0.64
U00544,high_intent,0.97
U00545,low_engagement,0.77
U00546,high_intent,0.99
U00547,low_engagement,0.71
U00548,high_intent,0.99
U00549,low_engagement,0.68
U00550,low_engagement,0.71
U00551,low_engagement,0.77
U00552,low_engagement,0.74
U00553,low_engagement,0.74
U00554,low_engagement,0.71
U00555,low_engagement,0.71
U00556,new_cold_customer,0.7
U00557,low_engagement,0.68
U00558,price_sensitive,0.76
U00559,new_cold_customer,0.67
U00560,low_engagement,0.74
U00561,price_sensitive,0.79
U00562,loyal_customer,0.87
U00563,new_cold_customer,0.67
U00564,loyal_customer,0.84
U00565,loyal_customer,0.87
U00566,loyal_customer,0.9
U00567,new_cold_customer,0.7
U00568,low_engagement,0.74
U00569,new_cold_customer,0.61
U00570,new_cold_customer,0.64
U00571,new_cold_customer,0.61
U00572,high_intent,0.97
U00573,loyal_customer,0.84
U00574,new_cold_customer,0.7
U00575,loyal_customer,0.84
U00576,loyal_customer,0.84
U00577,high_intent,0.97
U00578,price_sensitive,0.79
U00579,loyal_customer,0.84
U00580,loyal_customer,0.9
U00581,loyal_customer,0.84
U00582,high_intent,0.99
U00583,new_cold_customer,0.64
U00584,new_cold_customer,0.61
U00585,new_cold_customer,0.64
U00586,new_cold_customer,0.64
U00587,new_cold_customer,0.64
U00588,new_cold_customer,0.7
U00589,new_cold_customer,0.64
U00590,new_cold_customer,0.7
U00591,low_engagement,0.71
U00592,new_cold_customer,0.67
U00593,price_sensitive,0.79
U00594,new_cold_customer,0.64
U00595,new_cold_customer,0.61
U00596,loyal_customer,0.9
U00597,new_cold_customer,0.7
U00598,loyal_customer,0.9
U00599,loyal_customer,0.9
U00600,loyal_customer,0.9
U00601,low_engagement,0.77
U00602,loyal_customer,0.9
U00603,low_engagement,0.71
U00604,high_intent,0.99
U00605,loyal_customer,0.81
U00606,new_cold_customer,0.67
U00607,low_engagement,0.68
U00608,high_intent,0.99
U00609,new_cold_customer,0.7
U00610,low_engagement,0.77
U00611,new_cold_customer,0.64
U00612,loyal_customer,0.9
U00613,new_cold_customer,0.64
U00614,low_engagement,0.77
U00615,new_cold_customer,0.67
U00616,high_intent,0.99
U00617,new_cold_customer,0.67
U00618,loyal_customer,0.81
U00619,loyal_customer,0.9
U00620,low_engagement,0.74
U00621,new_cold_customer,0.61
U00622,low_engagement,0.68
U00623,high_intent,0.99
U00624,new_cold_customer,0.67
U00625,price_sensitive,0.73
U00626,low_engagement,0.77
U00627,high_intent,0.99
U00628,new_cold_customer,0.7
U00629,price_sensitive,0.73
U00630,loyal_customer,0.9
U00631,loyal_customer,0.9
U00632,new_cold_customer,0.7
U00633,low_engagement,0.68
U00634,price_sensitive,0.76
U00635,high_intent,0.99
U00636,price_sensitive,0.76
U00637,price_sensitive,0.79
U00638,loyal_customer,0.81
U00639,new_cold_customer,0.67
U00640,new_cold_customer,0.61
U00641,loyal_customer,0.87
U00642,new_cold_customer,0.64
U00643,price_sensitive,0.76
U00644,new_cold_customer,0.61
U00645,low_engagement,0.77
U00646,loyal_customer,0.9
U00647,new_cold_customer,0.61
U00648,new_cold_customer,0.61
U00649,new_cold_customer,0.64
U00650,new_cold_customer,0.61
U00651,loyal_customer,0.84
U00652,loyal_customer,0.9
U00653,low_engagement,0.68
U00654,new_cold_customer,0.7
U00655,new_cold_customer,0.61
U00656,loyal_customer,0.9
U00657,loyal_customer,0.87
U00658,price_sensitive,0.73
U00659,low_engagement,0.68
U00660,loyal_customer,0.87
U00661,new_cold_customer,0.7
U00662,new_cold_customer,0.64
U00663,new_cold_customer,0.61
U00664,price_sensitive,0.73
U00665,new_cold_customer,0.7
U00666,loyal_customer,0.84
U00667,loyal_customer,0.9
U00668,new_cold_customer,0.64
U00669,new_cold_customer,0.67
U00670,new_cold_customer,0.67
U00671,loyal_customer,0.84
U00672,low_engagement,0.74
U00673,low_engagement,0.74
U00674,loyal_customer,0.9
U00675,loyal_customer,0.84
U00676,new_cold_customer,0.7
U00677,low_engagement,0.77
U00678,new_cold_customer,0.7
U00679,high_intent,0.99
U00680,high_intent,0.99
U00681,loyal_customer,0.84
U00682,new_cold_customer,0.7
U00683,high_intent,0.94
U00684,low_engagement,0.71
U00685,new_cold_customer,0.61
U00686,low_engagement,0.71
U00687,loyal_customer,0.9
U00688,price_sensitive,0.79
U00689,new_cold_customer,0.67
U00690,low_engagement,0.71
U00691,new_cold_customer,0.67
U00692,low_engagement,0.68
U00693,low_engagement,0.68
U00694,new_cold_customer,0.61
U00695,low_engagement,0.68
U00696,high_intent,0.94
U00697,loyal_customer,0.9
U00698,low_engagement,0.71
U00699,low_engagement,0.68
U00700,loyal_customer,0.81
U00701,new_cold_customer,0.7
U00702,low_engagement,0.71
U00703,new_cold_customer,0.7
U00704,low_engagement,0.77
U00705,low_engagement,0.74
U00706,loyal_customer,0.81
U00707,new_cold_customer,0.64
U00708,loyal_customer,0.81
U00709,loyal_customer,0.81
U00710,low_engagement,0.71
U00711,loyal_customer,0.81
U00712,low_engagement,0.71
U00713,loyal_customer,0.84
U00714,new_cold_customer,0.61
U00715,price_sensitive,0.79
U00716,new_cold_customer,0.67
U00717,loyal_customer,0.9
U00718,high_intent,0.94
U00719,high_intent,0.99
U00720,loyal_customer,0.84
U00721,price_sensitive,0.79
U00722,loyal_customer,0.9
U00723,new_cold_customer,0.64
U00724,low_engagement,0.77
U00725,new_cold_customer,0.67
U00726,loyal_customer,0.87
U00727,new_cold_customer,0.64
U00728,new_cold_customer,0.64
U00729,loyal_customer,0.84
U00730,low_engagement,0.71
U00731,new_cold_customer,0.7
U00732,new_cold_customer,0.67
U00733,low_engagement,0.74
U00734,new_cold_customer,0.7
U00735,new_cold_customer,0.64
U00736,low_engagement,0.77
U00737,high_intent,0.99
U00738,price_sensitive,0.76
U00739,loyal_customer,0.9
U00740,loyal_customer,0.9
U00741,price_sensitive,0.79
U00742,new_cold_customer,0.7
U00743,loyal_customer,0.84
U00744,low_engagement,0.77
U00745,high_intent,0.97
U00746,loyal_customer,0.9
U00747,loyal_customer,0.84
U00748,loyal_customer,0.9
U00749,high_intent,0.94
U00750,new_cold_customer,0.64
U00751,low_engagement,0.74
U00752,loyal_customer,0.87
U00753,low_engagement,0.74
U00754,new_cold_customer,0.64
U00755,new_cold_customer,0.67
U00756,high_intent,0.99
U00757,high_intent,0.99
U00758,low_engagement,0.74
U00759,price_sensitive,0.76
U00760,new_cold_customer,0.67
U00761,new_cold_customer,0.61
U00762,new_cold_customer,0.67
U00763,new_cold_customer,0.64
U00764,low_engagement,0.77
U00765,high_intent,0.99
U00766,loyal_customer,0.9
U00767,new_cold_customer,0.61
U00768,new_cold_customer,0.61
U00769,low_engagement,0.74
U00770,high_intent,0.99
U00771,new_cold_customer,0.64
U00772,loyal_customer,0.9
U00773,new_cold_customer,0.7
U00774,loyal_customer,0.81
U00775,loyal_customer,0.9
U00776,loyal_customer,0.84
U00777,new_cold_customer,0.67
U00778,new_cold_customer,0.64
U00779,loyal_customer,0.9
U00780,low_engagement,0.68
U00781,low_engagement,0.77
U00782,new_cold_customer,0.67
U00783,new_cold_customer,0.67
U00784,price_sensitive,0.73
U00785,new_cold_customer,0.7
U00786,low_engagement,0.77
U00787,new_cold_customer,0.7
U00788,low_engagement,0.77
U00789,new_cold_customer,0.67
U00790,new_cold_customer,0.7
U00791,low_engagement,0.74
U00792,new_cold_customer,0.64
U00793,new_cold_customer,0.61
U00794,new_cold_customer,0.61
U00795,loyal_customer,0.87
U00796,loyal_customer,0.87
U00797,price_sensitive,0.73
U00798,loyal_customer,0.9
U00799,loyal_customer,0.87
U00800,loyal_customer,0.9
U00801,new_cold_customer,0.64
U00802,price_sensitive,0.79
U00803,high_intent,0.99
U00804,low_engagement,0.77
U00805,low_engagement,0.71
U00806,low_engagement,0.68
U00807,new_cold_customer,0.67
U00808,low_engagement,0.77
U00809,loyal_customer,0.87
U00810,new_cold_customer,0.67
U00811,loyal_customer,0.84
U00812,new_cold_customer,0.64
U00813,price_sensitive,0.76
U00814,new_cold_customer,0.7
U00815,low_engagement,0.71
U00816,low_engagement,0.71
U00817,low_engagement,0.74
U00818,low_engagement,0.77
U00819,loyal_customer,0.84
U00820,new_cold_customer,0.61
U00821,new_cold_customer,0.61
U00822,new_cold_customer,0.61
U00823,new_cold_customer,0.67
U00824,low_engagement,0.68
U00825,loyal_customer,0.84
U00826,high_intent,0.99
U00827,high_intent,0.99
U00828,new_cold_customer,0.67
U00829,loyal_customer,0.84
U00830,loyal_customer,0.84
U00831,low_engagement,0.77
U00832,new_cold_customer,0.64
U00833,price_sensitive,0.79
U00834,new_cold_customer,0.61
U00835,loyal_customer,0.9
U00836,new_cold_customer,0.61
U00837,high_intent,0.99
U00838,low_engagement,0.68
U00839,high_intent,0.99
U00840,low_engagement,0.71
U00841,loyal_customer,0.84
U00842,new_cold_customer,0.7
U00843,new_cold_customer,0.67
U00844,high_intent,0.99
U00845,loyal_customer,0.9
U00846,loyal_customer,0.81
U00847,new_cold_customer,0.67
U00848,price_sensitive,0.73
U00849,low_engagement,0.77
U00850,new_cold_customer,0.67
U00851,high_intent,0.99
U00852,new_cold_customer,0.61
U00853,new_cold_customer,0.64
U00854,new_cold_customer,0.64
U00855,new_cold_customer,0.61
U00856,loyal_customer,0.9
U00857,loyal_customer,0.84
U00858,price_sensitive,0.73
U00859,low_engagement,0.71
U00860,new_cold_customer,0.64
U00861,new_cold_customer,0.64
U00862,low_engagement,0.68
U00863,loyal_customer,0.9
U00864,high_intent,0.99
U00865,new_cold_customer,0.7
U00866,new_cold_customer,0.7
U00867,loyal_customer,0.9
U00868,high_intent,0.99
U00869,low_engagement,0.77
U00870,new_cold_customer,0.64
U00871,low_engagement,0.77
U00872,low_engagement,0.77
U00873,high_intent,0.99
U00874,high_intent,0.94
U00875,new_cold_customer,0.7
U00876,new_cold_customer,0.7
U00877,high_intent,0.97
U00878,low_engagement,0.68
U00879,low_engagement,0.74
U00880,new_cold_customer,0.7
U00881,new_cold_customer,0.7
U00882,new_cold_customer,0.7
U00883,loyal_customer,0.9
U00884,high_intent,0.94
U00885,low_engagement,0.77
U00886,price_sensitive,0.79
U00887,low_engagement,0.68
U00888,new_cold_customer,0.67
U00889,new_cold_customer,0.7
U00890,new_cold_customer,0.67
U00891,loyal_customer,0.9
U00892,new_cold_customer,0.7
U00893,new_cold_customer,0.67
U00894,price_sensitive,0.76
U00895,loyal_customer,0.84
U00896,loyal_customer,0.9
U00897,low_engagement,0.71
U00898,low_engagement,0.77
U00899,price_sensitive,0.79
U00900,loyal_customer,0.87
U00901,low_engagement,0.71
U00902,new_cold_customer,0.67
U00903,new_cold_customer,0.7
U00904,loyal_customer,0.84
U00905,loyal_customer,0.84
U00906,loyal_customer,0.87
U00907,new_cold_customer,0.67
U00908,new_cold_customer,0.64
U00909,loyal_customer,0.9
U00910,price_sensitive,0.73
U00911,new_cold_customer,0.7
U00912,low_engagement,0.68
U00913,new_cold_customer,0.61
U00914,loyal_customer,0.84
U00915,low_engagement,0.71
U00916,high_intent,0.97
U00917,new_cold_customer,0.7
U00918,new_cold_customer,0.61
U00919,loyal_customer,0.9
U00920,low_engagement,0.71
U00921,low_engagement,0.77
U00922,loyal_customer,0.84
U00923,loyal_customer,0.81
U00924,new_cold_customer,0.61
U00925,new_cold_customer,0.61
U00926,loyal_customer,0.81
U00927,low_engagement,0.77
U00928,high_intent,0.94
U00929,loyal_customer,0.9
U00930,price_sensitive,0.73
U00931,price_sensitive,0.79
U00932,new_cold_customer,0.64
U00933,new_cold_customer,0.7
U00934,loyal_customer,0.9
U00935,loyal_customer,0.9
U00936,loyal_customer,0.84
U00937,new_cold_customer,0.61
U00938,new_cold_customer,0.64
U00939,low_engagement,0.77
U00940,new_cold_customer,0.7
U00941,new_cold_customer,0.67
U00942,loyal_customer,0.9
U00943,low_engagement,0.74
U00944,loyal_customer,0.87
U00945,new_cold_customer,0.7
U00946,new_cold_customer,0.61
U00947,low_engagement,0.68
U00948,loyal_customer,0.9
U00949,new_cold_customer,0.7
U00950,price_sensitive,0.79
U00951,loyal_customer,0.84
U00952,high_intent,0.94
U00953,new_cold_customer,0.64
U00954,loyal_customer,0.9
U00955,new_cold_customer,0.61
U00956,loyal_customer,0.84
U00957,low_engagement,0.77
U00958,low_engagement,0.74
U00959,loyal_customer,0.87
U00960,new_cold_customer,0.64
U00961,new_cold_customer,0.67
U00962,low_engagement,0.77
U00963,high_intent,0.99
U00964,low_engagement,0.71
U00965,loyal_customer,0.81
U00966,new_cold_customer,0.7
U00967,new_cold_customer,0.67
U00968,new_cold_customer,0.7
U00969,low_engagement,0.74
U00970,low_engagement,0.77
U00971,high_intent,0.99
U00972,new_cold_customer,0.64
U00973,low_engagement,0.74
U00974,new_cold_customer,0.67
U00975,new_cold_customer,0.67
U00976,new_cold_customer,0.64
U00977,new_cold_customer,0.67
U00978,low_engagement,0.68
U00979,new_cold_customer,0.67
U00980,new_cold_customer,0.61
U00981,high_intent,0.99
U00982,loyal_customer,0.81
U00983,price_sensitive,0.73
U00984,new_cold_customer,0.61
U00985,low_engagement,0.74
U00986,new_cold_customer,0.67
U00987,new_cold_customer,0.64
U00988,low_engagement,0.74
U00989,low_engagement,0.74
U00990,low_engagement,0.74
U00991,low_engagement,0.68
U00992,low_engagement,0.74
U00993,new_cold_customer,0.61
U00994,high_intent,0.99
U00995,loyal_customer,0.84
U00996,high_intent,0.99
U00997,new_cold_customer,0.61
U00998,new_cold_customer,0.64
U00999,loyal_customer,0.84
U01000,new_cold_customer,0.7
U01001,high_intent,0.94
U01002,new_cold_customer,0.64
U01003,low_engagement,0.71
U01004,high_intent,0.99
U01005,price_sensitive,0.73
U01006,low_engagement,0.77
U01007,price_sensitive,0.76
U01008,new_cold_customer,0.7
U01009,new_cold_customer,0.7
U01010,new_cold_customer,0.67
U01011,high_intent,0.97
U01012,new_cold_customer,0.64
U01013,low_engagement,0.77
U01014,new_cold_customer,0.64
U01015,new_cold_customer,0.64
U01016,new_cold_customer,0.7
U01017,new_cold_customer,0.67
U01018,new_cold_customer,0.64
U01019,low_engagement,0.74
U01020,new_cold_customer,0.7
U01021,new_cold_customer,0.61
U01022,new_cold_customer,0.7
U01023,low_engagement,0.71
U01024,new_cold_customer,0.61
U01025,high_intent,0.99
U01026,new_cold_customer,0.67
U01027,low_engagement,0.68
U01028,low_engagement,0.68
U01029,loyal_customer,0.87
U01030,price_sensitive,0.76
U01031,price_sensitive,0.73
U01032,new_cold_customer,0.67
U01033,new_cold_customer,0.67
U01034,new_cold_customer,0.64
U01035,new_cold_customer,0.7
U01036,new_cold_customer,0.67
U01037,high_intent,0.94
U01038,new_cold_customer,0.61
U01039,low_engagement,0.74
U01040,loyal_customer,0.81
U01041,high_intent,0.99
U01042,low_engagement,0.77
U01043,low_engagement,0.71
U01044,low_engagement,0.71
U01045,new_cold_customer,0.7
U01046,price_sensitive,0.76
U01047,low_engagement,0.74
U01048,new_cold_customer,0.64
U01049,low_engagement,0.74
U01050,high_intent,0.94
U01051,price_sensitive,0.73
U01052,price_sensitive,0.79
U01053,new_cold_customer,0.7
U01054,price_sensitive,0.79
U01055,loyal_customer,0.9
U01056,low_engagement,0.74
U01057,new_cold_customer,0.67
U01058,new_cold_customer,0.64
U01059,loyal_customer,0.84
U01060,loyal_customer,0.9
U01061,new_cold_customer,0.7
U01062,new_cold_customer,0.67
U01063,loyal_customer,0.84
U01064,low_engagement,0.77
U01065,new_cold_customer,0.7
U01066,low_engagement,0.68
U01067,new_cold_customer,0.7
U01068,low_engagement,0.74
U01069,new_cold_customer,0.64
U01070,low_engagement,0.68
U01071,new_cold_customer,0.67
U01072,loyal_customer,0.9
U01073,loyal_customer,0.9
U01074,low_engagement,0.74
U01075,new_cold_customer,0.67
U01076,loyal_customer,0.9
U01077,new_cold_customer,0.64
U01078,price_sensitive,0.76
U01079,low_engagement,0.74
U01080,high_intent,0.94
U01081,loyal_customer,0.84
U01082,low_engagement,0.71
U01083,new_cold_customer,0.67
U01084,loyal_customer,0.9
U01085,loyal_customer,0.9
U01086,low_engagement,0.71
U01087,loyal_customer,0.87
U01088,new_cold_customer,0.67
U01089,loyal_customer,0.84
U01090,new_cold_customer,0.67
U01091,low_engagement,0.74
U01092,low_engagement,0.71
U01093,low_engagement,0.74
U01094,new_cold_customer,0.67
U01095,low_engagement,0.77
U01096,low_engagement,0.68
U01097,high_intent,0.99
U01098,new_cold_customer,0.67
U01099,low_engagement,0.74
U01100,low_engagement,0.74
U01101,loyal_customer,0.84
U01102,low_engagement,0.68
U01103,loyal_customer,0.87
U01104,new_cold_customer,0.61
U01105,price_sensitive,0.79
U01106,low_engagement,0.71
U01107,low_engagement,0.68
U01108,low_engagement,0.71
U01109,low_engagement,0.74
U01110,low_engagement,0.74
U01111,loyal_customer,0.87
U01112,low_engagement,0.74
U01113,low_engagement,0.71
U01114,low_engagement,0.68
U01115,low_engagement,0.74
U01116,new_cold_customer,0.64
U01117,new_cold_customer,0.67
U01118,high_intent,0.99
U01119,new_cold_customer,0.61
U01120,loyal_customer,0.9
U01121,price_sensitive,0.73
U01122,loyal_customer,0.87
U01123,loyal_customer,0.84
U01124,high_intent,0.97
U01125,new_cold_customer,0.61
U01126,price_sensitive,0.73
U01127,new_cold_customer,0.67
U01128,new_cold_customer,0.7
U01129,new_cold_customer,0.64
U01130,loyal_customer,0.84
U01131,loyal_customer,0.87
U01132,new_cold_customer,0.7
U01133,new_cold_customer,0.7
U01134,high_intent,0.94
U01135,high_intent,0.99
U01136,new_cold_customer,0.7
U01137,loyal_customer,0.81
U01138,loyal_customer,0.87
U01139,low_engagement,0.68
U01140,new_cold_customer,0.64
U01141,new_cold_customer,0.7
U01142,low_engagement,0.74
U01143,new_cold_customer,0.67
U01144,new_cold_customer,0.64
U01145,price_sensitive,0.73
U01146,price_sensitive,0.76
U01147,new_cold_customer,0.61
U01148,loyal_customer,0.87
U01149,new_cold_customer,0.7
U01150,new_cold_customer,0.64
U01151,loyal_customer,0.87
U01152,low_engagement,0.68
U01153,high_intent,0.99
U01154,low_engagement,0.77
U01155,low_engagement,0.77
U01156,loyal_customer,0.81
U01157,new_cold_customer,0.61
U01158,new_cold_customer,0.67
U01159,new_cold_customer,0.64
U01160,price_sensitive,0.73
U01161,loyal_customer,0.87
U01162,new_cold_customer,0.64
U01163,new_cold_customer,0.67
U01164,new_cold_customer,0.64
U01165,new_cold_customer,0.7
U01166,new_cold_customer,0.7
U01167,high_intent,0.99
U01168,loyal_customer,0.87
U01169,low_engagement,0.74
U01170,high_intent,0.97
U01171,new_cold_customer,0.61
U01172,high_intent,0.97
U01173,new_cold_customer,0.7
U01174,new_cold_customer,0.64
U01175,loyal_customer,0.84
U01176,new_cold_customer,0.64
U01177,loyal_customer,0.84
U01178,low_engagement,0.68
U01179,low_engagement,0.71
U01180,new_cold_customer,0.67
U01181,loyal_customer,0.9
U01182,high_intent,0.99
U01183,new_cold_customer,0.7
U01184,loyal_customer,0.81
U01185,loyal_customer,0.81
U01186,loyal_customer,0.87
U01187,new_cold_customer,0.61
U01188,low_engagement,0.77
U01189,new_cold_customer,0.64
U01190,low_engagement,0.77
U01191,new_cold_customer,0.61
U01192,loyal_customer,0.9
U01193,low_engagement,0.68
U01194,high_intent,0.94
U01195,loyal_customer,0.9
U01196,loyal_customer,0.87
U01197,low_engagement,0.74
U01198,low_engagement,0.77
U01199,new_cold_customer,0.64
U01200,loyal_customer,0.81
U01201,low_engagement,0.68
U01202,loyal_customer,0.9
U01203,loyal_customer,0.87
U01204,price_sensitive,0.79
U01205,new_cold_customer,0.67
U01206,loyal_customer,0.87
U01207,loyal_customer,0.84
U01208,new_cold_customer,0.7
U01209,new_cold_customer,0.7
U01210,loyal_customer,0.84
U01211,new_cold_customer,0.67
U01212,low_engagement,0.71
U01213,loyal_customer,0.84
U01214,high_intent,0.97
U01215,low_engagement,0.68
U01216,low_engagement,0.68
U01217,loyal_customer,0.87
U01218,new_cold_customer,0.61
U01219,new_cold_customer,0.67
U01220,price_sensitive,0.79
U01221,loyal_customer,0.81
U01222,new_cold_customer,0.61
U01223,price_sensitive,0.73
U01224,new_cold_customer,0.64
U01225,loyal_customer,0.84
U01226,low_engagement,0.77
U01227,high_intent,0.99
U01228,price_sensitive,0.79
U01229,low_engagement,0.71
U01230,low_engagement,0.77
U01231,high_intent,0.99
U01232,new_cold_customer,0.7
U01233,new_cold_customer,0.67
U01234,new_cold_customer,0.67
U01235,new_cold_customer,0.67
U01236,low_engagement,0.77
U01237,new_cold_customer,0.64
U01238,high_intent,0.99
U01239,low_engagement,0.68
U01240,loyal_customer,0.81
U01241,loyal_customer,0.87
U01242,loyal_customer,0.87
U01243,new_cold_customer,0.61
U01244,new_cold_customer,0.67
U01245,high_intent,0.99
U01246,high_intent,0.94
U01247,low_engagement,0.68
U01248,high_intent,0.99
U01249,price_sensitive,0.76
U01250,loyal_customer,0.84
U01251,low_engagement,0.68
U01252,low_engagement,0.68
U01253,loyal_customer,0.9
U01254,new_cold_customer,0.7
U01255,new_cold_customer,0.61
U01256,new_cold_customer,0.7
U01257,new_cold_customer,0.61
U01258,loyal_customer,0.9
U01259,new_cold_customer,0.7
U01260,loyal_customer,0.9
U01261,low_engagement,0.77
U01262,price_sensitive,0.79
U01263,price_sensitive,0.76
U01264,new_cold_customer,0.7
U01265,loyal_customer,0.9
U01266,low_engagement,0.74
U01267,new_cold_customer,0.61
U01268,high_intent,0.99
U01269,loyal_customer,0.9
U01270,new_cold_customer,0.64
U01271,loyal_customer,0.9
U01272,low_engagement,0.68
U01273,low_engagement,0.77
U01274,new_cold_customer,0.61
U01275,high_intent,0.99
U01276,low_engagement,0.74
U01277,new_cold_customer,0.67
U01278,new_cold_customer,0.61
U01279,new_cold_customer,0.7
U01280,new_cold_customer,0.61
U01281,loyal_customer,0.9
U01282,new_cold_customer,0.64
U01283,price_sensitive,0.73
U01284,new_cold_customer,0.67
U01285,low_engagement,0.68
U01286,new_cold_customer,0.7
U01287,low_engagement,0.77
U01288,new_cold_customer,0.7
U01289,loyal_customer,0.9
U01290,low_engagement,0.77
U01291,new_cold_customer,0.7
U01292,new_cold_customer,0.61
U01293,new_cold_customer,0.67
U01294,new_cold_customer,0.61
U01295,new_cold_customer,0.67
U01296,new_cold_customer,0.67
U01297,new_cold_customer,0.64
U01298,low_engagement,0.68
U01299,loyal_customer,0.9
U01300,loyal_customer,0.81
U01301,new_cold_customer,0.7
U01302,high_intent,0.99
U01303,high_intent,0.94
U01304,new_cold_customer,0.61
U01305,new_cold_customer,0.61
U01306,high_intent,0.99
U01307,high_intent,0.99
U01308,loyal_customer,0.81
U01309,loyal_customer,0.87
U01310,low_engagement,0.77
U01311,low_engagement,0.68
U01312,loyal_customer,0.81
U01313,new_cold_customer,0.67
U01314,low_engagement,0.68
U01315,loyal_customer,0.9
U01316,new_cold_customer,0.7
U01317,low_engagement,0.77
U01318,low_engagement,0.68
U01319,new_cold_customer,0.61
U01320,loyal_customer,0.9
U01321,low_engagement,0.74
U01322,loyal_customer,0.84
U01323,high_intent,0.97
U01324,low_engagement,0.71
U01325,new_cold_customer,0.64
U01326,new_cold_customer,0.64
U01327,price_sensitive,0.73
U01328,loyal_customer,0.84
U01329,low_engagement,0.77
U01330,high_intent,0.99
U01331,loyal_customer,0.84
U01332,new_cold_customer,0.64
U01333,new_cold_customer,0.7
U01334,new_cold_customer,0.64
U01335,low_engagement,0.74
U01336,new_cold_customer,0.67
U01337,price_sensitive,0.76
U01338,new_cold_customer,0.67
U01339,low_engagement,0.74
U01340,low_engagement,0.71
U01341,new_cold_customer,0.67
U01342,high_intent,0.94
U01343,new_cold_customer,0.67
U01344,new_cold_customer,0.67
U01345,new_cold_customer,0.64
U01346,low_engagement,0.77
U01347,loyal_customer,0.84
U01348,low_engagement,0.74
U01349,low_engagement,0.77
U01350,new_cold_customer,0.7
U01351,new_cold_customer,0.7
U01352,low_engagement,0.74
U01353,new_cold_customer,0.7
U01354,price_sensitive,0.73
U01355,new_cold_customer,0.67
U01356,low_engagement,0.68
U01357,new_cold_customer,0.7
U01358,new_cold_customer,0.64
U01359,low_engagement,0.74
U01360,loyal_customer,0.87
U01361,high_intent,0.99
U01362,low_engagement,0.74
U01363,new_cold_customer,0.7
U01364,new_cold_customer,0.64
U01365,low_engagement,0.74
U01366,high_intent,0.94
U01367,new_cold_customer,0.61
U01368,low_engagement,0.74
U01369,high_intent,0.99
U01370,new_cold_customer,0.64
U01371,loyal_customer,0.84
U01372,low_engagement,0.77
U01373,low_engagement,0.71
U01374,new_cold_customer,0.67
U01375,new_cold_customer,0.67
U01376,low_engagement,0.74
U01377,loyal_customer,0.9
U01378,low_engagement,0.68
U01379,low_engagement,0.71
U01380,high_intent,0.99
U01381,new_cold_customer,0.67
U01382,high_intent,0.99
U01383,loyal_customer,0.9
U01384,loyal_customer,0.9
U01385,new_cold_customer,0.64
U01386,low_engagement,0.68
U01387,loyal_customer,0.87
U01388,price_sensitive,0.73
U01389,loyal_customer,0.81
U01390,price_sensitive,0.73
U01391,loyal_customer,0.81
U01392,new_cold_customer,0.67
U01393,low_engagement,0.77
U01394,high_intent,0.99
U01395,low_engagement,0.74
U01396,new_cold_customer,0.7
U01397,high_intent,0.99
U01398,low_engagement,0.77
U01399,price_sensitive,0.79
U01400,low_engagement,0.71
U01401,new_cold_customer,0.61
U01402,loyal_customer,0.81
U01403,low_engagement,0.74
U01404,price_sensitive,0.79
U01405,low_engagement,0.68
U01406,high_intent,0.99
U01407,loyal_customer,0.84
U01408,high_intent,0.94
U01409,high_intent,0.94
U01410,new_cold_customer,0.7
U01411,loyal_customer,0.84
U01412,new_cold_customer,0.61
U01413,low_engagement,0.77
U01414,price_sensitive,0.73
U01415,loyal_customer,0.9
U01416,new_cold_customer,0.67
U01417,new_cold_customer,0.7
U01418,high_intent,0.99
U01419,loyal_customer,0.87
U01420,loyal_customer,0.81
U01421,loyal_customer,0.87
U01422,new_cold_customer,0.61
U01423,low_engagement,0.77
U01424,new_cold_customer,0.61
U01425,low_engagement,0.71
U01426,low_engagement,0.74
U01427,high_intent,0.97
U01428,new_cold_customer,0.67
U01429,high_intent,0.99
U01430,low_engagement,0.68
U01431,price_sensitive,0.73
U01432,loyal_customer,0.81
U01433,loyal_customer,0.84
U01434,loyal_customer,0.81
U01435,low_engagement,0.68
U01436,loyal_customer,0.87
U01437,new_cold_customer,0.67
U01438,new_cold_customer,0.61
U01439,new_cold_customer,0.7
U01440,loyal_customer,0.9
U01441,high_intent,0.99
U01442,high_intent,0.97
U01443,new_cold_customer,0.7
U01444,price_sensitive,0.73
U01445,high_intent,0.99
U01446,new_cold_customer,0.67
U01447,new_cold_customer,0.61
U01448,high_intent,0.99
U01449,new_cold_customer,0.61
U01450,high_intent,0.97
U01451,new_cold_customer,0.7
U01452,low_engagement,0.74
U01453,new_cold_customer,0.64
U01454,new_cold_customer,0.61
U01455,loyal_customer,0.9
U01456,new_cold_customer,0.64
U01457,loyal_customer,0.81
U01458,price_sensitive,0.73
U01459,loyal_customer,0.84
U01460,new_cold_customer,0.7
U01461,low_engagement,0.71
U01462,low_engagement,0.77
U01463,new_cold_customer,0.61
U01464,low_engagement,0.74
U01465,high_intent,0.99
U01466,loyal_customer,0.87
U01467,new_cold_customer,0.7
U01468,new_cold_customer,0.64
U01469,high_intent,0.99
U01470,low_engagement,0.68
U01471,low_engagement,0.74
U01472,price_sensitive,0.79
U01473,loyal_customer,0.81
U01474,loyal_customer,0.87
U01475,new_cold_customer,0.61
U01476,new_cold_customer,0.67
U01477,price_sensitive,0.79
U01478,low_engagement,0.71
U01479,price_sensitive,0.73
U01480,low_engagement,0.71
U01481,price_sensitive,0.76
U01482,high_intent,0.99
U01483,new_cold_customer,0.61
U01484,new_cold_customer,0.67
U01485,new_cold_customer,0.7
U01486,new_cold_customer,0.61
U01487,low_engagement,0.71
U01488,low_engagement,0.71
U01489,new_cold_customer,0.7
U01490,loyal_customer,0.9
U01491,new_cold_customer,0.64
U01492,price_sensitive,0.73
U01493,loyal_customer,0.81
U01494,low_engagement,0.74
U01495,new_cold_customer,0.64
U01496,high_intent,0.99
U01497,loyal_customer,0.9
U01498,high_intent,0.99
U01499,new_cold_customer,0.61
U01500,new_cold_customer,0.67
U01501,new_cold_customer,0.67
U01502,price_sensitive,0.76
U01503,high_intent,0.99
U01504,loyal_customer,0.84
U01505,low_engagement,0.71
U01506,new_cold_customer,0.67
U01507,new_cold_customer,0.61
U01508,new_cold_customer,0.7
U01509,loyal_customer,0.9
U01510,low_engagement,0.68
U01511,low_engagement,0.71
U01512,loyal_customer,0.87
U01513,high_intent,0.97
U01514,new_cold_customer,0.64
U01515,new_cold_customer,0.7
U01516,new_cold_customer,0.61
U01517,new_cold_customer,0.61
U01518,new_cold_customer,0.61
U01519,loyal_customer,0.87
U01520,high_intent,0.99
U01521,low_engagement,0.68
U01522,low_engagement,0.77
U01523,new_cold_customer,0.67
U01524,new_cold_customer,0.64
U01525,low_engagement,0.74
U01526,new_cold_customer,0.61
U01527,high_intent,0.97
U01528,low_engagement,0.71
U01529,low_engagement,0.71
U01530,loyal_customer,0.84
U01531,high_intent,0.99
U01532,loyal_customer,0.9
U01533,low_engagement,0.74
U01534,loyal_customer,0.84
U01535,new_cold_customer,0.61
U01536,new_cold_customer,0.61
U01537,new_cold_customer,0.64
U01538,low_engagement,0.74
U01539,high_intent,0.99
U01540,new_cold_customer,0.7
U01541,loyal_customer,0.87
U01542,loyal_customer,0.87
U01543,new_cold_customer,0.64
U01544,loyal_customer,0.87
U01545,low_engagement,0.77
U01546,loyal_customer,0.84
U01547,low_engagement,0.71
U01548,new_cold_customer,0.67
U01549,new_cold_customer,0.67
U01550,low_engagement,0.77
U01551,price_sensitive,0.76
U01552,high_intent,0.99
U01553,low_engagement,0.71
U01554,loyal_customer,0.87
U01555,new_cold_customer,0.64
U01556,low_engagement,0.74
U01557,new_cold_customer,0.7
U01558,new_cold_customer,0.7
U01559,loyal_customer,0.81
U01560,low_engagement,0.68
U01561,new_cold_customer,0.7
U01562,new_cold_customer,0.7
U01563,low_engagement,0.74
U01564,new_cold_customer,0.64
U01565,loyal_customer,0.81
U01566,new_cold_customer,0.61
U01567,new_cold_customer,0.7
U01568,new_cold_customer,0.61
U01569,new_cold_customer,0.61
U01570,price_sensitive,0.79
U01571,low_engagement,0.68
U01572,new_cold_customer,0.64
U01573,loyal_customer,0.87
U01574,new_cold_customer,0.67
U01575,loyal_customer,0.87
U01576,low_engagement,0.68
U01577,loyal_customer,0.84
U01578,price_sensitive,0.73
U01579,loyal_customer,0.84
U01580,high_intent,0.99
U01581,low_engagement,0.68
U01582,loyal_customer,0.81
U01583,new_cold_customer,0.64
U01584,low_engagement,0.77
U01585,low_engagement,0.74
U01586,high_intent,0.94
U01587,low_engagement,0.77
U01588,loyal_customer,0.84
U01589,loyal_customer,0.9
U01590,low_engagement,0.74
U01591,loyal_customer,0.84
U01592,loyal_customer,0.81
U01593,new_cold_customer,0.7
U01594,low_engagement,0.68
U01595,high_intent,0.94
U01596,new_cold_customer,0.61
U01597,low_engagement,0.74
U01598,new_cold_customer,0.7
U01599,new_cold_customer,0.64
U01600,low_engagement,0.77
U01601,new_cold_customer,0.61
U01602,low_engagement,0.77
U01603,new_cold_customer,0.7
U01604,price_sensitive,0.79
U01605,new_cold_customer,0.61
U01606,low_engagement,0.77
U01607,low_engagement,0.77
U01608,loyal_customer,0.9
U01609,low_engagement,0.77
U01610,high_intent,0.99
U01611,loyal_customer,0.87
U01612,high_intent,0.99
U01613,low_engagement,0.68
U01614,price_sensitive,0.73
U01615,new_cold_customer,0.67
U01616,new_cold_customer,0.67
U01617,new_cold_customer,0.67
U01618,new_cold_customer,0.61
U01619,high_intent,0.99
U01620,low_engagement,0.71
U01621,price_sensitive,0.73
U01622,loyal_customer,0.84
U01623,new_cold_customer,0.67
U01624,new_cold_customer,0.64
U01625,new_cold_customer,0.61
U01626,low_engagement,0.77
U01627,loyal_customer,0.87
U01628,loyal_customer,0.9
U01629,high_intent,0.99
U01630,price_sensitive,0.79
U01631,low_engagement,0.68
U01632,loyal_customer,0.9
U01633,low_engagement,0.74
U01634,loyal_customer,0.84
U01635,low_engagement,0.77
U01636,low_engagement,0.74
U01637,low_engagement,0.68
U01638,low_engagement,0.68
U01639,low_engagement,0.71
U01640,high_intent,0.99
U01641,high_intent,0.99
U01642,low_engagement,0.77
U01643,high_intent,0.94
U01644,low_engagement,0.77
U01645,high_intent,0.99
U01646,new_cold_customer,0.67
U01647,new_cold_customer,0.67
U01648,new_cold_customer,0.61
U01649,low_engagement,0.77
U01650,new_cold_customer,0.64
U01651,new_cold_customer,0.67
U01652,price_sensitive,0.76
U01653,new_cold_customer,0.61
U01654,low_engagement,0.74
U01655,price_sensitive,0.76
U01656,price_sensitive,0.73
U01657,low_engagement,0.71
U01658,high_intent,0.99
U01659,new_cold_customer,0.64
U01660,low_engagement,0.74
U01661,new_cold_customer,0.7
U01662,new_cold_customer,0.7
U01663,low_engagement,0.77
U01664,loyal_customer,0.9
U01665,high_intent,0.99
U01666,high_intent,0.97
U01667,new_cold_customer,0.7
U01668,low_engagement,0.71
U01669,new_cold_customer,0.61
U01670,new_cold_customer,0.67
U01671,new_cold_customer,0.64
U01672,new_cold_customer,0.64
U01673,new_cold_customer,0.7
U01674,loyal_customer,0.84
U01675,low_engagement,0.74
U01676,high_intent,0.99
U01677,low_engagement,0.74
U01678,new_cold_customer,0.7
U01679,new_cold_customer,0.7
U01680,loyal_customer,0.9
U01681,high_intent,0.97
U01682,high_intent,0.99
U01683,low_engagement,0.68
U01684,low_engagement,0.74
U01685,new_cold_customer,0.67
U01686,low_engagement,0.71
U01687,new_cold_customer,0.64
U01688,low_engagement,0.71
U01689,high_intent,0.99
U01690,low_engagement,0.68
U01691,high_intent,0.99
U01692,low_engagement,0.77
U01693,new_cold_customer,0.7
U01694,high_intent,0.99
U01695,price_sensitive,0.79
U01696,loyal_customer,0.9
U01697,high_intent,0.99
U01698,high_intent,0.99
U01699,low_engagement,0.68
U01700,low_engagement,0.68
U01701,new_cold_customer,0.7
U01702,low_engagement,0.74
U01703,new_cold_customer,0.61
U01704,new_cold_customer,0.61
U01705,loyal_customer,0.9
U01706,new_cold_customer,0.61
U01707,new_cold_customer,0.61
U01708,loyal_customer,0.84
U01709,new_cold_customer,0.7
U01710,loyal_customer,0.87
U01711,new_cold_customer,0.67
U01712,new_cold_customer,0.61
U01713,new_cold_customer,0.7
U01714,new_cold_customer,0.64
U01715,new_cold_customer,0.7
U01716,high_intent,0.99
U01717,low_engagement,0.71
U01718,price_sensitive,0.79
U01719,price_sensitive,0.73
U01720,price_sensitive,0.76
U01721,loyal_customer,0.9
U01722,low_engagement,0.68
U01723,high_intent,0.97
U01724,new_cold_customer,0.67
U01725,high_intent,0.97
U01726,low_engagement,0.77
U01727,low_engagement,0.71
U01728,new_cold_customer,0.64
U01729,high_intent,0.97
U01730,low_engagement,0.74
U01731,high_intent,0.99
U01732,new_cold_customer,0.61
U01733,loyal_customer,0.84
U01734,new_cold_customer,0.64
U01735,high_intent,0.97
U01736,low_engagement,0.74
U01737,low_engagement,0.77
U01738,low_engagement,0.74
U01739,new_cold_customer,0.7
U01740,low_engagement,0.68
U01741,price_sensitive,0.79
U01742,loyal_customer,0.81
U01743,high_intent,0.99
U01744,loyal_customer,0.9
U01745,high_intent,0.99
U01746,loyal_customer,0.84
U01747,price_sensitive,0.79
U01748,new_cold_customer,0.7
U01749,low_engagement,0.74
U01750,loyal_customer,0.87
U01751,low_engagement,0.68
U01752,new_cold_customer,0.64
U01753,new_cold_customer,0.61
U01754,price_sensitive,0.73
U01755,low_engagement,0.71
U01756,new_cold_customer,0.61
U01757,loyal_customer,0.9
U01758,low_engagement,0.68
U01759,loyal_customer,0.9
U01760,loyal_customer,0.9
U01761,price_sensitive,0.73
U01762,new_cold_customer,0.64
U01763,low_engagement,0.68
U01764,low_engagement,0.71
U01765,high_intent,0.99
U01766,high_intent,0.99
U01767,low_engagement,0.68
U01768,new_cold_customer,0.61
U01769,low_engagement,0.74
U01770,low_engagement,0.74
U01771,new_cold_customer,0.61
U01772,low_engagement,0.77
U01773,low_engagement,0.68
U01774,new_cold_customer,0.64
U01775,loyal_customer,0.84
U01776,new_cold_customer,0.61
U01777,loyal_customer,0.81
U01778,high_intent,0.99
U01779,new_cold_customer,0.7
U01780,new_cold_customer,0.67
U01781,low_engagement,0.68
U01782,high_intent,0.99
U01783,high_intent,0.94
U01784,loyal_customer,0.9
U01785,loyal_customer,0.84
U01786,price_sensitive,0.79
U01787,new_cold_customer,0.67
U01788,loyal_customer,0.81
U01789,low_engagement,0.71
U01790,loyal_customer,0.87
U01791,new_cold_customer,0.64
U01792,loyal_customer,0.81
U01793,new_cold_customer,0.64
U01794,low_engagement,0.74
U01795,new_cold_customer,0.61
U01796,new_cold_customer,0.61
U01797,new_cold_customer,0.61
U01798,low_engagement,0.71
U01799,low_engagement,0.71
U01800,low_engagement,0.71
U01801,loyal_customer,0.81
U01802,loyal_customer,0.87
U01803,new_cold_customer,0.64
U01804,new_cold_customer,0.67
U01805,low_engagement,0.74
U01806,low_engagement,0.68
U01807,loyal_customer,0.9
U01808,new_cold_customer,0.7
U01809,loyal_customer,0.87
U01810,low_engagement,0.77
U01811,low_engagement,0.74
U01812,low_engagement,0.68
U01813,low_engagement,0.68
U01814,new_cold_customer,0.67
U01815,loyal_customer,0.9
U01816,loyal_customer,0.81
U01817,new_cold_customer,0.67
U01818,new_cold_customer,0.67
U01819,low_engagement,0.71
U01820,loyal_customer,0.87
U01821,new_cold_customer,0.67
U01822,loyal_customer,0.84
U01823,low_engagement,0.74
U01824,low_engagement,0.77
U01825,new_cold_customer,0.67
U01826,low_engagement,0.68
U01827,high_intent,0.99
U01828,low_engagement,0.68
U01829,loyal_customer,0.9
U01830,loyal_customer,0.9
U01831,low_engagement,0.74
U01832,loyal_customer,0.87
U01833,new_cold_customer,0.61
U01834,loyal_customer,0.81
U01835,high_intent,0.99
U01836,low_engagement,0.68
U01837,loyal_customer,0.84
U01838,new_cold_customer,0.61
U01839,new_cold_customer,0.61
U01840,high_intent,0.99
U01841,loyal_customer,0.84
U01842,new_cold_customer,0.64
U01843,low_engagement,0.68
U01844,loyal_customer,0.87
U01845,new_cold_customer,0.61
U01846,loyal_customer,0.84
U01847,loyal_customer,0.9
U01848,price_sensitive,0.73
U01849,loyal_customer,0.87
U01850,low_engagement,0.68
U01851,low_engagement,0.71
U01852,low_engagement,0.68
U01853,new_cold_customer,0.61
U01854,high_intent,0.97
U01855,loyal_customer,0.84
U01856,new_cold_customer,0.64
U01857,low_engagement,0.74
U01858,loyal_customer,0.9
U01859,loyal_customer,0.84
U01860,loyal_customer,0.84
U01861,price_sensitive,0.79
U01862,low_engagement,0.68
U01863,new_cold_customer,0.61
U01864,loyal_customer,0.87
U01865,loyal_customer,0.87
U01866,high_intent,0.99
U01867,new_cold_customer,0.61
U01868,low_engagement,0.74
U01869,high_intent,0.99
U01870,new_cold_customer,0.67
U01871,low_engagement,0.71
U01872,new_cold_customer,0.7
U01873,low_engagement,0.68
U01874,low_engagement,0.71
U01875,new_cold_customer,0.67
U01876,new_cold_customer,0.64
U01877,high_intent,0.99
U01878,loyal_customer,0.87
U01879,new_cold_customer,0.61
U01880,price_sensitive,0.76
U01881,new_cold_customer,0.67
U01882,low_engagement,0.68
U01883,new_cold_customer,0.64
U01884,low_engagement,0.74
U01885,new_cold_customer,0.61
U01886,new_cold_customer,0.64
U01887,new_cold_customer,0.61
U01888,loyal_customer,0.81
U01889,low_engagement,0.74
U01890,low_engagement,0.68
U01891,loyal_customer,0.81
U01892,new_cold_customer,0.61
U01893,new_cold_customer,0.7
U01894,high_intent,0.99
U01895,high_intent,0.99
U01896,new_cold_customer,0.64
U01897,low_engagement,0.77
U01898,high_intent,0.99
U01899,low_engagement,0.71
U01900,loyal_customer,0.9
U01901,new_cold_customer,0.7
U01902,low_engagement,0.71
U01903,high_intent,0.94
U01904,low_engagement,0.71
U01905,high_intent,0.99
U01906,loyal_customer,0.9
U01907,loyal_customer,0.87
U01908,loyal_customer,0.87
U01909,high_intent,0.99
U01910,new_cold_customer,0.67
U01911,new_cold_customer,0.7
U01912,low_engagement,0.68
U01913,low_engagement,0.68
U01914,new_cold_customer,0.61
U01915,new_cold_customer,0.67
U01916,low_engagement,0.77
U01917,low_engagement,0.77
U01918,new_cold_customer,0.64
U01919,new_cold_customer,0.67
U01920,new_cold_customer,0.67
U01921,new_cold_customer,0.7
U01922,high_intent,0.99
U01923,loyal_customer,0.87
U01924,low_engagement,0.77
U01925,new_cold_customer,0.61
U01926,low_engagement,0.77
U01927,loyal_customer,0.9
U01928,loyal_customer,0.9
U01929,low_engagement,0.68
U01930,loyal_customer,0.87
U01931,loyal_customer,0.87
U01932,loyal_customer,0.81
U01933,high_intent,0.99
U01934,high_intent,0.99
U01935,high_intent,0.99
U01936,low_engagement,0.77
U01937,new_cold_customer,0.61
U01938,high_intent,0.99
U01939,new_cold_customer,0.67
U01940,low_engagement,0.71
U01941,new_cold_customer,0.64
U01942,low_engagement,0.77
U01943,high_intent,0.97
U01944,new_cold_customer,0.67
U01945,loyal_customer,0.81
U01946,new_cold_customer,0.67
U01947,low_engagement,0.74
U01948,price_sensitive,0.73
U01949,new_cold_customer,0.61
U01950,new_cold_customer,0.7
U01951,new_cold_customer,0.67
U01952,new_cold_customer,0.64
U01953,loyal_customer,0.9
U01954,price_sensitive,0.73
U01955,low_engagement,0.74
U01956,new_cold_customer,0.61
U01957,low_engagement,0.68
U01958,new_cold_customer,0.64
U01959,new_cold_customer,0.61
U01960,low_engagement,0.74
U01961,price_sensitive,0.79
U01962,loyal_customer,0.84
U01963,low_engagement,0.71
U01964,new_cold_customer,0.67
U01965,low_engagement,0.74
U01966,low_engagement,0.68
U01967,loyal_customer,0.9
U01968,low_engagement,0.68
U01969,loyal_customer,0.84
U01970,high_intent,0.99
U01971,low_engagement,0.68
U01972,low_engagement,0.68
U01973,loyal_customer,0.87
U01974,low_engagement,0.68
U01975,low_engagement,0.74
U01976,new_cold_customer,0.61
U01977,new_cold_customer,0.61
U01978,price_sensitive,0.79
U01979,new_cold_customer,0.7
U01980,high_intent,0.97
U01981,new_cold_customer,0.7
U01982,loyal_customer,0.9
U01983,new_cold_customer,0.7
U01984,new_cold_customer,0.64
U01985,low_engagement,0.71
U01986,new_cold_customer,0.7
U01987,new_cold_customer,0.61
U01988,low_engagement,0.71
U01989,loyal_customer,0.87
U01990,new_cold_customer,0.64
U01991,low_engagement,0.74
U01992,new_cold_customer,0.61
U01993,new_cold_customer,0.64
U01994,new_cold_customer,0.7
U01995,loyal_customer,0.84
U01996,low_engagement,0.74
U01997,low_engagement,0.74
U01998,low_engagement,0.68
U01999,low_engagement,0.77
U02000,new_cold_customer,0.67
U02001,new_cold_customer,0.67
U02002,new_cold_customer,0.7
U02003,high_intent,0.94
U02004,new_cold_customer,0.7
U02005,low_engagement,0.68
U02006,new_cold_customer,0.61
U02007,low_engagement,0.68
U02008,new_cold_customer,0.64
U02009,high_intent,0.99
U02010,low_engagement,0.71
U02011,new_cold_customer,0.64
U02012,low_engagement,0.77
U02013,new_cold_customer,0.64
U02014,loyal_customer,0.9
U02015,new_cold_customer,0.7
U02016,low_engagement,0.77
U02017,high_intent,0.99
U02018,new_cold_customer,0.7
U02019,low_engagement,0.77
U02020,high_intent,0.99
U02021,loyal_customer,0.9
U02022,new_cold_customer,0.7
U02023,price_sensitive,0.79
U02024,new_cold_customer,0.61
U02025,low_engagement,0.74
U02026,new_cold_customer,0.7
U02027,loyal_customer,0.87
U02028,new_cold_customer,0.67
U02029,new_cold_customer,0.64
U02030,new_cold_customer,0.67
U02031,new_cold_customer,0.67
U02032,new_cold_customer,0.64
U02033,low_engagement,0.77
U02034,loyal_customer,0.9
U02035,high_intent,0.97
U02036,low_engagement,0.74
U02037,high_intent,0.99
U02038,loyal_customer,0.9
U02039,high_intent,0.94
U02040,new_cold_customer,0.61
U02041,new_cold_customer,0.61
U02042,new_cold_customer,0.61
U02043,new_cold_customer,0.61
U02044,low_engagement,0.74
U02045,new_cold_customer,0.67
U02046,loyal_customer,0.9
U02047,new_cold_customer,0.61
U02048,new_cold_customer,0.67
U02049,high_intent,0.99
U02050,low_engagement,0.68
U02051,loyal_customer,0.9
U02052,loyal_customer,0.87
U02053,new_cold_customer,0.7
U02054,new_cold_customer,0.67
U02055,loyal_customer,0.81
U02056,loyal_customer,0.87
U02057,new_cold_customer,0.64
U02058,low_engagement,0.77
U02059,low_engagement,0.68
U02060,low_engagement,0.68
U02061,new_cold_customer,0.7
U02062,low_engagement,0.77
U02063,loyal_customer,0.9
U02064,new_cold_customer,0.61
U02065,high_intent,0.94
U02066,new_cold_customer,0.61
U02067,loyal_customer,0.87
U02068,low_engagement,0.77
U02069,new_cold_customer,0.61
U02070,new_cold_customer,0.64
U02071,price_sensitive,0.73
U02072,new_cold_customer,0.61
U02073,new_cold_customer,0.64
U02074,low_engagement,0.74
U02075,new_cold_customer,0.64
U02076,new_cold_customer,0.64
U02077,low_engagement,0.74
U02078,new_cold_customer,0.7
U02079,new_cold_customer,0.67
U02080,loyal_customer,0.9
U02081,high_intent,0.99
U02082,low_engagement,0.68
U02083,loyal_customer,0.87
U02084,price_sensitive,0.76
U02085,high_intent,0.99
U02086,new_cold_customer,0.67
U02087,high_intent,0.99
U02088,low_engagement,0.71
U02089,low_engagement,0.77
U02090,low_engagement,0.68
U02091,loyal_customer,0.84
U02092,new_cold_customer,0.61
U02093,new_cold_customer,0.67
U02094,loyal_customer,0.9
U02095,new_cold_customer,0.64
U02096,low_engagement,0.71
U02097,low_engagement,0.77
U02098,new_cold_customer,0.7
U02099,low_engagement,0.71
U02100,loyal_customer,0.81
U02101,new_cold_customer,0.7
U02102,low_engagement,0.71
U02103,low_engagement,0.77
U02104,high_intent,0.99
U02105,loyal_customer,0.81
U02106,price_sensitive,0.79
U02107,new_cold_customer,0.61
U02108,new_cold_customer,0.67
U02109,low_engagement,0.77
U02110,high_intent,0.94
U02111,low_engagement,0.74
U02112,low_engagement,0.71
U02113,new_cold_customer,0.64
U02114,low_engagement,0.68
U02115,low_engagement,0.74
U02116,loyal_customer,0.84
U02117,high_intent,0.94
U02118,loyal_customer,0.81
U02119,low_engagement,0.74
U02120,new_cold_customer,0.7
U02121,high_intent,0.99
U02122,high_intent,0.97
U02123,low_engagement,0.77
U02124,new_cold_customer,0.61
U02125,low_engagement,0.74
U02126,new_cold_customer,0.61
U02127,low_engagement,0.71
U02128,new_cold_customer,0.64
U02129,low_engagement,0.71
U02130,high_intent,0.97
U02131,new_cold_customer,0.64
U02132,loyal_customer,0.9
U02133,low_engagement,0.74
U02134,loyal_customer,0.81
U02135,low_engagement,0.71
U02136,low_engagement,0.68
U02137,price_sensitive,0.76
U02138,new_cold_customer,0.7
U02139,low_engagement,0.68
U02140,new_cold_customer,0.67
U02141,low_engagement,0.77
U02142,high_intent,0.94
U02143,low_engagement,0.74
U02144,loyal_customer,0.9
U02145,low_engagement,0.74
U02146,low_engagement,0.68
U02147,low_engagement,0.77
U02148,high_intent,0.99
U02149,low_engagement,0.68
U02150,price_sensitive,0.79
U02151,loyal_customer,0.9
U02152,loyal_customer,0.87
U02153,new_cold_customer,0.64
U02154,loyal_customer,0.9
U02155,high_intent,0.99
U02156,low_engagement,0.74
U02157,low_engagement,0.68
U02158,price_sensitive,0.73
U02159,high_intent,0.99
U02160,price_sensitive,0.76
U02161,low_engagement,0.74
U02162,low_engagement,0.77
U02163,low_engagement,0.71
U02164,low_engagement,0.77
U02165,new_cold_customer,0.64
U02166,loyal_customer,0.84
U02167,low_engagement,0.71
U02168,high_intent,0.99
U02169,new_cold_customer,0.7
U02170,high_intent,0.97
U02171,new_cold_customer,0.61
U02172,new_cold_customer,0.7
U02173,new_cold_customer,0.64
U02174,loyal_customer,0.9
U02175,new_cold_customer,0.7
U02176,new_cold_customer,0.64
U02177,high_intent,0.94
U02178,price_sensitive,0.76
U02179,high_intent,0.99
U02180,loyal_customer,0.84
U02181,low_engagement,0.77
U02182,low_engagement,0.74
U02183,new_cold_customer,0.67
U02184,new_cold_customer,0.67
U02185,new_cold_customer,0.64
U02186,loyal_customer,0.9
U02187,new_cold_customer,0.67
U02188,new_cold_customer,0.61
U02189,low_engagement,0.71
U02190,low_engagement,0.71
U02191,loyal_customer,0.87
U02192,low_engagement,0.71
U02193,new_cold_customer,0.7
U02194,loyal_customer,0.9
U02195,new_cold_customer,0.64
U02196,loyal_customer,0.81
U02197,low_engagement,0.77
U02198,loyal_customer,0.9
U02199,new_cold_customer,0.7
U02200,low_engagement,0.71
U02201,high_intent,0.94
U02202,low_engagement,0.77
U02203,high_intent,0.99
U02204,new_cold_customer,0.61
U02205,loyal_customer,0.81
U02206,loyal_customer,0.9
U02207,high_intent,0.99
U02208,new_cold_customer,0.61
U02209,high_intent,0.99
U02210,loyal_customer,0.84
U02211,new_cold_customer,0.67
U02212,price_sensitive,0.76
U02213,new_cold_customer,0.67
U02214,loyal_customer,0.9
U02215,loyal_customer,0.81
U02216,new_cold_customer,0.7
U02217,high_intent,0.99
U02218,low_engagement,0.74
U02219,low_engagement,0.68
U02220,loyal_customer,0.84
U02221,loyal_customer,0.81
U02222,price_sensitive,0.76
U02223,new_cold_customer,0.67
U02224,low_engagement,0.71
U02225,loyal_customer,0.81
U02226,new_cold_customer,0.67
U02227,high_intent,0.99
U02228,low_engagement,0.68
U02229,price_sensitive,0.73
U02230,low_engagement,0.68
U02231,low_engagement,0.74
U02232,loyal_customer,0.9
U02233,loyal_customer,0.84
U02234,loyal_customer,0.9
U02235,new_cold_customer,0.7
U02236,new_cold_customer,0.61
U02237,new_cold_customer,0.7
U02238,new_cold_customer,0.7
U02239,low_engagement,0.74
U02240,new_cold_customer,0.61
U02241,low_engagement,0.71
U02242,low_engagement,0.77
U02243,new_cold_customer,0.61
U02244,low_engagement,0.71
U02245,new_cold_customer,0.64
U02246,high_intent,0.99
U02247,high_intent,0.99
U02248,high_intent,0.99
U02249,new_cold_customer,0.7
U02250,low_engagement,0.71
U02251,new_cold_customer,0.61
U02252,high_intent,0.97
U02253,new_cold_customer,0.7
U02254,new_cold_customer,0.7
U02255,low_engagement,0.77
U02256,low_engagement,0.71
U02257,new_cold_customer,0.67
U02258,high_intent,0.97
U02259,price_sensitive,0.79
U02260,low_engagement,0.68
U02261,loyal_customer,0.81
U02262,new_cold_customer,0.61
U02263,new_cold_customer,0.61
U02264,high_intent,0.99
U02265,new_cold_customer,0.64
U02266,low_engagement,0.77
U02267,price_sensitive,0.73
U02268,new_cold_customer,0.64
U02269,new_cold_customer,0.64
U02270,high_intent,0.97
U02271,new_cold_customer,0.7
U02272,loyal_customer,0.9
U02273,price_sensitive,0.73
U02274,loyal_customer,0.9
U02275,loyal_customer,0.9
U02276,loyal_customer,0.9
U02277,loyal_customer,0.9
U02278,new_cold_customer,0.7
U02279,new_cold_customer,0.67
U02280,loyal_customer,0.9
U02281,loyal_customer,0.9
U02282,loyal_customer,0.9
U02283,low_engagement,0.68
U02284,loyal_customer,0.9
U02285,high_intent,0.99
U02286,low_engagement,0.68
U02287,low_engagement,0.77
U02288,loyal_customer,0.9
U02289,price_sensitive,0.76
U02290,low_engagement,0.71
U02291,loyal_customer,0.81
U02292,new_cold_customer,0.67
U02293,low_engagement,0.74
U02294,new_cold_customer,0.64
U02295,new_cold_customer,0.64
U02296,new_cold_customer,0.61
U02297,low_engagement,0.77
U02298,new_cold_customer,0.7
U02299,new_cold_customer,0.67
U02300,low_engagement,0.71
U02301,loyal_customer,0.9
U02302,low_engagement,0.68
U02303,low_engagement,0.74
U02304,high_intent,0.99
U02305,price_sensitive,0.76
U02306,high_intent,0.99
U02307,high_intent,0.99
U02308,price_sensitive,0.73
U02309,high_intent,0.99
U02310,low_engagement,0.68
U02311,low_engagement,0.74
U02312,new_cold_customer,0.67
U02313,new_cold_customer,0.7
U02314,price_sensitive,0.79
U02315,price_sensitive,0.79
U02316,new_cold_customer,0.61
U02317,price_sensitive,0.73
U02318,low_engagement,0.71
U02319,new_cold_customer,0.67
U02320,new_cold_customer,0.61
U02321,new_cold_customer,0.64
U02322,low_engagement,0.68
U02323,price_sensitive,0.79
U02324,price_sensitive,0.73
U02325,new_cold_customer,0.64
U02326,new_cold_customer,0.61
U02327,low_engagement,0.74
U02328,loyal_customer,0.84
U02329,new_cold_customer,0.61
U02330,new_cold_customer,0.64
U02331,new_cold_customer,0.7
U02332,new_cold_customer,0.67
U02333,new_cold_customer,0.67
U02334,low_engagement,0.71
U02335,new_cold_customer,0.7
U02336,loyal_customer,0.87
U02337,high_intent,0.97
U02338,loyal_customer,0.84
U02339,new_cold_customer,0.7
U02340,low_engagement,0.77
U02341,new_cold_customer,0.67
U02342,price_sensitive,0.79
U02343,low_engagement,0.71
U02344,low_engagement,0.74
U02345,low_engagement,0.71
U02346,new_cold_customer,0.61
U02347,low_engagement,0.74
U02348,price_sensitive,0.73
U02349,low_engagement,0.68
U02350,loyal_customer,0.9
U02351,loyal_customer,0.84
U02352,low_engagement,0.77
U02353,new_cold_customer,0.7
U02354,low_engagement,0.77
U02355,low_engagement,0.68
U02356,loyal_customer,0.87
U02357,new_cold_customer,0.67
U02358,low_engagement,0.77
U02359,new_cold_customer,0.7
U02360,new_cold_customer,0.7
U02361,low_engagement,0.77
U02362,loyal_customer,0.9
U02363,loyal_customer,0.81
U02364,new_cold_customer,0.61
U02365,new_cold_customer,0.7
U02366,low_engagement,0.68
U02367,new_cold_customer,0.7
U02368,low_engagement,0.77
U02369,low_engagement,0.68
U02370,price_sensitive,0.79
U02371,new_cold_customer,0.7
U02372,low_engagement,0.71
U02373,high_intent,0.94
U02374,loyal_customer,0.87
U02375,low_engagement,0.74
U02376,loyal_customer,0.87
U02377,low_engagement,0.71
U02378,new_cold_customer,0.64
U02379,low_engagement,0.71
U02380,low_engagement,0.68
U02381,loyal_customer,0.84
U02382,low_engagement,0.68
U02383,loyal_customer,0.87
U02384,low_engagement,0.68
U02385,new_cold_customer,0.7
U02386,new_cold_customer,0.7
U02387,price_sensitive,0.73
U02388,low_engagement,0.68
U02389,new_cold_customer,0.64
U02390,low_engagement,0.77
U02391,new_cold_customer,0.61
U02392,high_intent,0.94
U02393,new_cold_customer,0.67
U02394,low_engagement,0.77
U02395,low_engagement,0.68
U02396,new_cold_customer,0.61
U02397,low_engagement,0.74
U02398,loyal_customer,0.87
U02399,new_cold_customer,0.7
U02400,new_cold_customer,0.67
U02401,loyal_customer,0.9
U02402,new_cold_customer,0.61
U02403,low_engagement,0.68
U02404,new_cold_customer,0.67
U02405,new_cold_customer,0.7
U02406,low_engagement,0.77
U02407,low_engagement,0.74
U02408,loyal_customer,0.84
U02409,low_engagement,0.68
U02410,new_cold_customer,0.67
U02411,loyal_customer,0.9
U02412,high_intent,0.99
U02413,new_cold_customer,0.61
U02414,loyal_customer,0.9
U02415,high_intent,0.99
U02416,new_cold_customer,0.7
U02417,new_cold_customer,0.67
U02418,low_engagement,0.74
U02419,new_cold_customer,0.64
U02420,loyal_customer,0.9
U02421,new_cold_customer,0.7
U02422,price_sensitive,0.76
U02423,loyal_customer,0.9
U02424,low_engagement,0.77
U02425,loyal_customer,0.87
U02426,high_intent,0.97
U02427,low_engagement,0.77
U02428,loyal_customer,0.9
U02429,loyal_customer,0.81
U02430,loyal_customer,0.9
U02431,new_cold_customer,0.7
U02432,price_sensitive,0.79
U02433,new_cold_customer,0.64
U02434,price_sensitive,0.79
U02435,price_sensitive,0.73
U02436,new_cold_customer,0.67
U02437,new_cold_customer,0.7
U02438,high_intent,0.99
U02439,low_engagement,0.74
U02440,low_engagement,0.68
U02441,low_engagement,0.77
U02442,new_cold_customer,0.64
U02443,low_engagement,0.74
U02444,price_sensitive,0.79
U02445,high_intent,0.94
U02446,loyal_customer,0.81
U02447,new_cold_customer,0.61
U02448,new_cold_customer,0.61
U02449,loyal_customer,0.9
U02450,high_intent,0.94
U02451,loyal_customer,0.9
U02452,new_cold_customer,0.61
U02453,low_engagement,0.77
U02454,high_intent,0.99
U02455,loyal_customer,0.9
U02456,new_cold_customer,0.61
U02457,new_cold_customer,0.7
U02458,loyal_customer,0.9
U02459,low_engagement,0.71
U02460,price_sensitive,0.73
U02461,new_cold_customer,0.61
U02462,low_engagement,0.74
U02463,loyal_customer,0.9
U02464,new_cold_customer,0.67
U02465,new_cold_customer,0.64
U02466,new_cold_customer,0.61
U02467,new_cold_customer,0.7
U02468,high_intent,0.99
U02469,price_sensitive,0.73
U02470,new_cold_customer,0.67
U02471,price_sensitive,0.79
U02472,low_engagement,0.77
U02473,high_intent,0.99
U02474,new_cold_customer,0.67
U02475,new_cold_customer,0.67
U02476,new_cold_customer,0.61
U02477,loyal_customer,0.87
U02478,high_intent,0.94
U02479,high_intent,0.97
U02480,new_cold_customer,0.64
U02481,new_cold_customer,0.64
U02482,low_engagement,0.68
U02483,low_engagement,0.74
U02484,loyal_customer,0.9
U02485,new_cold_customer,0.67
U02486,price_sensitive,0.73
U02487,new_cold_customer,0.7
U02488,loyal_customer,0.81
U02489,new_cold_customer,0.64
U02490,new_cold_customer,0.67
U02491,low_engagement,0.74
U02492,new_cold_customer,0.67
U02493,price_sensitive,0.73
U02494,loyal_customer,0.84
U02495,loyal_customer,0.9
U02496,high_intent,0.94
U02497,loyal_customer,0.84
U02498,high_intent,0.94
U02499,low_engagement,0.68
U02500,low_engagement,0.77
U02501,new_cold_customer,0.7
U02502,new_cold_customer,0.61
U02503,loyal_customer,0.84
U02504,high_intent,0.99
U02505,price_sensitive,0.76
U02506,new_cold_customer,0.7
U02507,low_engagement,0.68
U02508,low_engagement,0.71
U02509,loyal_customer,0.9
U02510,loyal_customer,0.84
U02511,new_cold_customer,0.7
U02512,high_intent,0.99
U02513,low_engagement,0.77
U02514,low_engagement,0.71
U02515,new_cold_customer,0.7
U02516,low_engagement,0.71
U02517,loyal_customer,0.87
U02518,loyal_customer,0.9
U02519,new_cold_customer,0.64
U02520,new_cold_customer,0.64
U02521,new_cold_customer,0.64
U02522,new_cold_customer,0.61
U02523,high_intent,0.99
U02524,new_cold_customer,0.61
U02525,high_intent,0.99
U02526,new_cold_customer,0.61
U02527,new_cold_customer,0.64
U02528,low_engagement,0.74
U02529,price_sensitive,0.76
U02530,high_intent,0.97
U02531,new_cold_customer,0.64
U02532,high_intent,0.99
U02533,low_engagement,0.71
U02534,new_cold_customer,0.7
U02535,new_cold_customer,0.61
U02536,high_intent,0.97
U02537,price_sensitive,0.73
U02538,low_engagement,0.77
U02539,high_intent,0.99
U02540,low_engagement,0.77
U02541,loyal_customer,0.9
U02542,new_cold_customer,0.67
U02543,new_cold_customer,0.67
U02544,new_cold_customer,0.67
U02545,price_sensitive,0.76
U02546,low_engagement,0.77
U02547,loyal_customer,0.87
U02548,low_engagement,0.74
U02549,new_cold_customer,0.7
U02550,new_cold_customer,0.67
U02551,new_cold_customer,0.67
U02552,new_cold_customer,0.64
U02553,loyal_customer,0.84
U02554,new_cold_customer,0.61
U02555,loyal_customer,0.84
U02556,new_cold_customer,0.7
U02557,low_engagement,0.71
U02558,new_cold_customer,0.61
U02559,new_cold_customer,0.7
U02560,low_engagement,0.74
U02561,low_engagement,0.71
U02562,new_cold_customer,0.64
U02563,new_cold_customer,0.67
U02564,new_cold_customer,0.61
U02565,high_intent,0.97
U02566,loyal_customer,0.84
U02567,high_intent,0.99
U02568,loyal_customer,0.9
U02569,price_sensitive,0.76
U02570,price_sensitive,0.79
U02571,low_engagement,0.77
U02572,high_intent,0.99
U02573,high_intent,0.99
U02574,low_engagement,0.77
U02575,high_intent,0.94
U02576,new_cold_customer,0.7
U02577,low_engagement,0.74
U02578,loyal_customer,0.81
U02579,low_engagement,0.71
U02580,new_cold_customer,0.64
U02581,loyal_customer,0.9
U02582,high_intent,0.99
U02583,new_cold_customer,0.64
U02584,low_engagement,0.74
U02585,new_cold_customer,0.64
U02586,new_cold_customer,0.61
U02587,low_engagement,0.74
U02588,price_sensitive,0.73
U02589,new_cold_customer,0.61
U02590,price_sensitive,0.76
U02591,high_intent,0.94
U02592,new_cold_customer,0.61
U02593,new_cold_customer,0.7
U02594,new_cold_customer,0.7
U02595,low_engagement,0.77
U02596,new_cold_customer,0.61
U02597,loyal_customer,0.81
U02598,new_cold_customer,0.67
U02599,low_engagement,0.68
U02600,loyal_customer,0.84
U02601,low_engagement,0.71
U02602,low_engagement,0.71
U02603,high_intent,0.99
U02604,loyal_customer,0.87
U02605,new_cold_customer,0.67
U02606,loyal_customer,0.81
U02607,high_intent,0.99
U02608,loyal_customer,0.87
U02609,low_engagement,0.74
U02610,new_cold_customer,0.67
U02611,loyal_customer,0.9
U02612,low_engagement,0.68
U02613,price_sensitive,0.73
U02614,price_sensitive,0.73
U02615,new_cold_customer,0.7
U02616,low_engagement,0.68
U02617,new_cold_customer,0.61
U02618,loyal_customer,0.87
U02619,low_engagement,0.74
U02620,new_cold_customer,0.7
U02621,loyal_customer,0.81
U02622,low_engagement,0.68
U02623,low_engagement,0.74
U02624,high_intent,0.99
U02625,loyal_customer,0.9
U02626,high_intent,0.99
U02627,high_intent,0.99
U02628,new_cold_customer,0.7
U02629,low_engagement,0.68
U02630,new_cold_customer,0.61
U02631,new_cold_customer,0.67
U02632,new_cold_customer,0.61
U02633,loyal_customer,0.9
U02634,low_engagement,0.71
U02635,new_cold_customer,0.67
U02636,loyal_customer,0.84
U02637,new_cold_customer,0.67
U02638,high_intent,0.94
U02639,low_engagement,0.74
U02640,new_cold_customer,0.67
U02641,new_cold_customer,0.67
U02642,new_cold_customer,0.61
U02643,new_cold_customer,0.67
U02644,new_cold_customer,0.64
U02645,loyal_customer,0.84
U02646,low_engagement,0.74
U02647,new_cold_customer,0.7
U02648,low_engagement,0.71
U02649,low_engagement,0.68
U02650,low_engagement,0.74
U02651,low_engagement,0.68
U02652,new_cold_customer,0.7
U02653,new_cold_customer,0.7
U02654,new_cold_customer,0.7
U02655,low_engagement,0.71
U02656,low_engagement,0.71
U02657,new_cold_customer,0.7
U02658,new_cold_customer,0.64
U02659,new_cold_customer,0.67
U02660,low_engagement,0.77
U02661,price_sensitive,0.76
U02662,low_engagement,0.68
U02663,new_cold_customer,0.64
U02664,new_cold_customer,0.61
U02665,low_engagement,0.71
U02666,loyal_customer,0.84
U02667,low_engagement,0.71
U02668,low_engagement,0.74
U02669,loyal_customer,0.81
U02670,low_engagement,0.68
U02671,loyal_customer,0.84
U02672,new_cold_customer,0.64
U02673,loyal_customer,0.84
U02674,loyal_customer,0.81
U02675,low_engagement,0.74
U02676,loyal_customer,0.87
U02677,low_engagement,0.74
U02678,price_sensitive,0.73
U02679,loyal_customer,0.9
U02680,new_cold_customer,0.7
U02681,new_cold_customer,0.67
U02682,loyal_customer,0.84
U02683,new_cold_customer,0.61
U02684,low_engagement,0.71
U02685,price_sensitive,0.73
U02686,new_cold_customer,0.67
U02687,high_intent,0.99
U02688,new_cold_customer,0.7
U02689,high_intent,0.99
U02690,new_cold_customer,0.61
U02691,loyal_customer,0.87
U02692,new_cold_customer,0.61
U02693,loyal_customer,0.9
U02694,low_engagement,0.71
U02695,loyal_customer,0.84
U02696,low_engagement,0.74
U02697,high_intent,0.99
U02698,new_cold_customer,0.61
U02699,low_engagement,0.74
U02700,new_cold_customer,0.61
U02701,loyal_customer,0.9
U02702,new_cold_customer,0.61
U02703,new_cold_customer,0.61
U02704,price_sensitive,0.76
U02705,price_sensitive,0.79
U02706,high_intent,0.99
U02707,new_cold_customer,0.64
U02708,loyal_customer,0.9
U02709,price_sensitive,0.79
U02710,low_engagement,0.68
U02711,high_intent,0.99
U02712,low_engagement,0.68
U02713,low_engagement,0.71
U02714,new_cold_customer,0.67
U02715,low_engagement,0.74
U02716,loyal_customer,0.84
U02717,low_engagement,0.71
U02718,low_engagement,0.68
U02719,low_engagement,0.68
U02720,new_cold_customer,0.67
U02721,price_sensitive,0.73
U02722,new_cold_customer,0.67
U02723,new_cold_customer,0.7
U02724,new_cold_customer,0.64
U02725,loyal_customer,0.84
U02726,high_intent,0.94
U02727,high_intent,0.99
U02728,low_engagement,0.74
U02729,new_cold_customer,0.61
U02730,loyal_customer,0.81
U02731,low_engagement,0.71
U02732,new_cold_customer,0.7
U02733,new_cold_customer,0.67
U02734,loyal_customer,0.87
U02735,new_cold_customer,0.7
U02736,loyal_customer,0.9
U02737,low_engagement,0.71
U02738,loyal_customer,0.9
U02739,new_cold_customer,0.67
U02740,loyal_customer,0.87
U02741,price_sensitive,0.79
U02742,low_engagement,0.77
U02743,loyal_customer,0.87
U02744,low_engagement,0.77
U02745,new_cold_customer,0.64
U02746,low_engagement,0.68
U02747,loyal_customer,0.9
U02748,high_intent,0.99
U02749,loyal_customer,0.9
U02750,new_cold_customer,0.7
U02751,loyal_customer,0.9
U02752,new_cold_customer,0.7
U02753,new_cold_customer,0.64
U02754,new_cold_customer,0.67
U02755,loyal_customer,0.84
U02756,high_intent,0.99
U02757,new_cold_customer,0.67
U02758,low_engagement,0.77
U02759,price_sensitive,0.76
U02760,price_sensitive,0.76
U02761,new_cold_customer,0.64
U02762,new_cold_customer,0.67
U02763,new_cold_customer,0.64
U02764,loyal_customer,0.87
U02765,price_sensitive,0.73
U02766,new_cold_customer,0.7
U02767,high_intent,0.94
U02768,new_cold_customer,0.7
U02769,low_engagement,0.68
U02770,low_engagement,0.71
U02771,loyal_customer,0.84
U02772,low_engagement,0.68
U02773,new_cold_customer,0.7
U02774,new_cold_customer,0.64
U02775,low_engagement,0.68
U02776,new_cold_customer,0.7
U02777,high_intent,0.99
U02778,loyal_customer,0.9
U02779,low_engagement,0.71
U02780,high_intent,0.97
U02781,new_cold_customer,0.64
U02782,new_cold_customer,0.7
U02783,new_cold_customer,0.61
U02784,loyal_customer,0.9
U02785,price_sensitive,0.79
U02786,loyal_customer,0.84
U02787,high_intent,0.94
U02788,low_engagement,0.74
U02789,low_engagement,0.74
U02790,low_engagement,0.77
U02791,loyal_customer,0.81
U02792,low_engagement,0.68
U02793,high_intent,0.99
U02794,low_engagement,0.68
U02795,low_engagement,0.74
U02796,low_engagement,0.74
U02797,loyal_customer,0.9
U02798,price_sensitive,0.79
U02799,low_engagement,0.68
U02800,loyal_customer,0.81
U02801,price_sensitive,0.76
U02802,loyal_customer,0.84
U02803,loyal_customer,0.84
U02804,new_cold_customer,0.67
U02805,loyal_customer,0.87
U02806,low_engagement,0.68
U02807,loyal_customer,0.81
U02808,low_engagement,0.77
U02809,low_engagement,0.74
U02810,high_intent,0.94
U02811,loyal_customer,0.9
U02812,high_intent,0.99
U02813,price_sensitive,0.73
U02814,low_engagement,0.68
U02815,low_engagement,0.71
U02816,high_intent,0.99
U02817,new_cold_customer,0.7
U02818,loyal_customer,0.9
U02819,price_sensitive,0.79
U02820,new_cold_customer,0.7
U02821,new_cold_customer,0.7
U02822,new_cold_customer,0.7
U02823,loyal_customer,0.87
U02824,price_sensitive,0.76
U02825,loyal_customer,0.87
U02826,low_engagement,0.68
U02827,new_cold_customer,0.64
U02828,low_engagement,0.68
U02829,loyal_customer,0.84
U02830,low_engagement,0.74
U02831,new_cold_customer,0.61
U02832,loyal_customer,0.84
U02833,low_engagement,0.77
U02834,loyal_customer,0.87
U02835,low_engagement,0.74
U02836,new_cold_customer,0.64
U02837,loyal_customer,0.87
U02838,new_cold_customer,0.61
U02839,high_intent,0.99
U02840,low_engagement,0.74
U02841,high_intent,0.99
U02842,loyal_customer,0.9
U02843,high_intent,0.94
U02844,new_cold_customer,0.7
U02845,new_cold_customer,0.61
U02846,high_intent,0.97
U02847,low_engagement,0.74
U02848,low_engagement,0.77
U02849,high_intent,0.99
U02850,low_engagement,0.77
U02851,loyal_customer,0.9
U02852,new_cold_customer,0.64
U02853,low_engagement,0.77
U02854,low_engagement,0.71
U02855,new_cold_customer,0.64
U02856,price_sensitive,0.79
U02857,new_cold_customer,0.61
U02858,price_sensitive,0.79
U02859,price_sensitive,0.76
U02860,high_intent,0.99
U02861,new_cold_customer,0.7
U02862,new_cold_customer,0.67
U02863,new_cold_customer,0.7
U02864,price_sensitive,0.79
U02865,loyal_customer,0.81
U02866,price_sensitive,0.76
U02867,low_engagement,0.68
U02868,low_engagement,0.77
U02869,price_sensitive,0.76
U02870,new_cold_customer,0.7
U02871,new_cold_customer,0.64
U02872,high_intent,0.94
U02873,high_intent,0.99
U02874,loyal_customer,0.9
U02875,new_cold_customer,0.61
U02876,new_cold_customer,0.7
U02877,loyal_customer,0.9
U02878,new_cold_customer,0.7
U02879,low_engagement,0.77
U02880,loyal_customer,0.9
U02881,low_engagement,0.68
U02882,loyal_customer,0.87
U02883,new_cold_customer,0.61
U02884,price_sensitive,0.73
U02885,new_cold_customer,0.64
U02886,new_cold_customer,0.67
U02887,new_cold_customer,0.61
U02888,new_cold_customer,0.7
U02889,loyal_customer,0.9
U02890,high_intent,0.99
U02891,loyal_customer,0.9
U02892,new_cold_customer,0.64
U02893,high_intent,0.94
U02894,price_sensitive,0.76
U02895,high_intent,0.99
U02896,low_engagement,0.74
U02897,low_engagement,0.68
U02898,new_cold_customer,0.64
U02899,new_cold_customer,0.7
U02900,price_sensitive,0.79
U02901,new_cold_customer,0.7
U02902,loyal_customer,0.9
U02903,low_engagement,0.77
U02904,new_cold_customer,0.67
U02905,new_cold_customer,0.67
U02906,loyal_customer,0.81
U02907,high_intent,0.99
U02908,low_engagement,0.77
U02909,price_sensitive,0.73
U02910,new_cold_customer,0.61
U02911,low_engagement,0.77
U02912,low_engagement,0.68
U02913,low_engagement,0.74
U02914,loyal_customer,0.84
U02915,new_cold_customer,0.64
U02916,new_cold_customer,0.67
U02917,loyal_customer,0.81
U02918,loyal_customer,0.9
U02919,new_cold_customer,0.61
U02920,loyal_customer,0.81
U02921,new_cold_customer,0.67
U02922,new_cold_customer,0.7
U02923,loyal_customer,0.84
U02924,loyal_customer,0.87
U02925,high_intent,0.97
U02926,low_engagement,0.74
U02927,new_cold_customer,0.64
U02928,price_sensitive,0.73
U02929,low_engagement,0.77
U02930,new_cold_customer,0.7
U02931,low_engagement,0.68
U02932,loyal_customer,0.84
U02933,low_engagement,0.74
U02934,price_sensitive,0.76
U02935,low_engagement,0.77
U02936,high_intent,0.97
U02937,new_cold_customer,0.7
U02938,loyal_customer,0.81
U02939,new_cold_customer,0.7
U02940,high_intent,0.94
U02941,new_cold_customer,0.61
U02942,high_intent,0.94
U02943,new_cold_customer,0.67
U02944,loyal_customer,0.9
U02945,loyal_customer,0.87
U02946,low_engagement,0.74
U02947,new_cold_customer,0.61
U02948,loyal_customer,0.87
U02949,low_engagement,0.68
U02950,new_cold_customer,0.7
U02951,low_engagement,0.74
U02952,high_intent,0.99
U02953,high_intent,0.99
U02954,new_cold_customer,0.7
U02955,loyal_customer,0.9
U02956,loyal_customer,0.84
U02957,new_cold_customer,0.7
U02958,low_engagement,0.68
U02959,loyal_customer,0.87
U02960,new_cold_customer,0.67
U02961,new_cold_customer,0.61
U02962,new_cold_customer,0.67
U02963,loyal_customer,0.81
U02964,new_cold_customer,0.67
U02965,new_cold_customer,0.61
U02966,price_sensitive,0.79
U02967,new_cold_customer,0.7
U02968,new_cold_customer,0.7
U02969,high_intent,0.99
U02970,new_cold_customer,0.64
U02971,high_intent,0.99
U02972,new_cold_customer,0.61
U02973,loyal_customer,0.84
U02974,new_cold_customer,0.64
U02975,low_engagement,0.68
U02976,new_cold_customer,0.64
U02977,new_cold_customer,0.61
U02978,loyal_customer,0.81
U02979,loyal_customer,0.84
U02980,low_engagement,0.68
U02981,new_cold_customer,0.7
U02982,low_engagement,0.71
U02983,loyal_customer,0.84
U02984,low_engagement,0.74
U02985,new_cold_customer,0.7
U02986,loyal_customer,0.9
U02987,new_cold_customer,0.64
U02988,new_cold_customer,0.67
U02989,new_cold_customer,0.64
U02990,loyal_customer,0.81
U02991,high_intent,0.97
U02992,high_intent,0.99
U02993,new_cold_customer,0.64
U02994,new_cold_customer,0.64
U02995,new_cold_customer,0.7
U02996,loyal_customer,0.81
U02997,new_cold_customer,0.64
U02998,low_engagement,0.74
U02999,new_cold_customer,0.7
U03000,high_intent,0.97
U03001,new_cold_customer,0.61
U03002,new_cold_customer,0.64
U03003,low_engagement,0.77
U03004,new_cold_customer,0.7
U03005,new_cold_customer,0.61
U03006,new_cold_customer,0.67
U03007,new_cold_customer,0.7
U03008,low_engagement,0.74
U03009,new_cold_customer,0.64
U03010,low_engagement,0.68
U03011,high_intent,0.99
U03012,high_intent,0.99
U03013,new_cold_customer,0.64
U03014,high_intent,0.99
U03015,new_cold_customer,0.7
U03016,loyal_customer,0.9
U03017,new_cold_customer,0.61
U03018,new_cold_customer,0.61
U03019,high_intent,0.99
U03020,low_engagement,0.68
U03021,low_engagement,0.74
U03022,new_cold_customer,0.64
U03023,price_sensitive,0.76
U03024,low_engagement,0.68
U03025,loyal_customer,0.9
U03026,loyal_customer,0.84
U03027,loyal_customer,0.84
U03028,low_engagement,0.77
U03029,low_engagement,0.68
U03030,new_cold_customer,0.64
U03031,high_intent,0.99
U03032,high_intent,0.99
U03033,low_engagement,0.77
U03034,loyal_customer,0.9
U03035,low_engagement,0.77
U03036,new_cold_customer,0.67
U03037,new_cold_customer,0.67
U03038,low_engagement,0.71
U03039,new_cold_customer,0.61
U03040,loyal_customer,0.81
U03041,loyal_customer,0.81
U03042,price_sensitive,0.73
U03043,low_engagement,0.71
U03044,new_cold_customer,0.64
U03045,low_engagement,0.74
U03046,loyal_customer,0.84
U03047,loyal_customer,0.9
U03048,low_engagement,0.77
U03049,low_engagement,0.71
U03050,high_intent,0.99
U03051,new_cold_customer,0.67
U03052,low_engagement,0.77
U03053,new_cold_customer,0.64
U03054,loyal_customer,0.9
U03055,low_engagement,0.68
U03056,new_cold_customer,0.7
U03057,low_engagement,0.71
U03058,low_engagement,0.68
U03059,loyal_customer,0.9
U03060,low_engagement,0.68
U03061,new_cold_customer,0.64
U03062,new_cold_customer,0.7
U03063,high_intent,0.97
U03064,high_intent,0.94
U03065,new_cold_customer,0.7
U03066,new_cold_customer,0.67
U03067,high_intent,0.97
U03068,loyal_customer,0.84
U03069,loyal_customer,0.87
U03070,loyal_customer,0.9
U03071,new_cold_customer,0.61
U03072,high_intent,0.99
U03073,loyal_customer,0.9
U03074,price_sensitive,0.73
U03075,loyal_customer,0.9
U03076,new_cold_customer,0.7
U03077,loyal_customer,0.81
U03078,new_cold_customer,0.7
U03079,loyal_customer,0.9
U03080,price_sensitive,0.76
U03081,new_cold_customer,0.67
U03082,low_engagement,0.77
U03083,low_engagement,0.68
U03084,new_cold_customer,0.64
U03085,low_engagement,0.77
U03086,low_engagement,0.77
U03087,low_engagement,0.74
U03088,price_sensitive,0.79
U03089,high_intent,0.99
U03090,new_cold_customer,0.7
U03091,new_cold_customer,0.61
U03092,new_cold_customer,0.67
U03093,loyal_customer,0.9
U03094,new_cold_customer,0.7
U03095,loyal_customer,0.9
U03096,low_engagement,0.68
U03097,new_cold_customer,0.64
U03098,loyal_customer,0.81
U03099,high_intent,0.99
U03100,new_cold_customer,0.64
U03101,new_cold_customer,0.7
U03102,new_cold_customer,0.61
U03103,low_engagement,0.71
U03104,price_sensitive,0.76
U03105,new_cold_customer,0.61
U03106,high_intent,0.97
U03107,new_cold_customer,0.67
U03108,new_cold_customer,0.64
U03109,high_intent,0.99
U03110,new_cold_customer,0.67
U03111,new_cold_customer,0.67
U03112,new_cold_customer,0.67
U03113,low_engagement,0.74
U03114,new_cold_customer,0.7
U03115,new_cold_customer,0.7
U03116,loyal_customer,0.87
U03117,loyal_customer,0.9
U03118,new_cold_customer,0.7
U03119,new_cold_customer,0.64
U03120,high_intent,0.94
U03121,high_intent,0.94
U03122,low_engagement,0.68
U03123,new_cold_customer,0.67
U03124,low_engagement,0.74
U03125,new_cold_customer,0.61
U03126,high_intent,0.99
U03127,low_engagement,0.71
U03128,low_engagement,0.74
U03129,loyal_customer,0.87
U03130,high_intent,0.99
U03131,price_sensitive,0.79
U03132,price_sensitive,0.79
U03133,loyal_customer,0.9
U03134,price_sensitive,0.76
U03135,new_cold_customer,0.64
U03136,loyal_customer,0.84
U03137,new_cold_customer,0.61
U03138,high_intent,0.94
U03139,new_cold_customer,0.67
U03140,high_intent,0.99
U03141,price_sensitive,0.79
U03142,new_cold_customer,0.67
U03143,new_cold_customer,0.61
U03144,price_sensitive,0.76
U03145,high_intent,0.99
U03146,high_intent,0.99
U03147,loyal_customer,0.9
U03148,low_engagement,0.74
U03149,new_cold_customer,0.61
U03150,high_intent,0.99
U03151,low_engagement,0.68
U03152,low_engagement,0.68
U03153,loyal_customer,0.9
U03154,new_cold_customer,0.67
U03155,new_cold_customer,0.61
U03156,high_intent,0.99
U03157,new_cold_customer,0.67
U03158,new_cold_customer,0.67
U03159,high_intent,0.94
U03160,loyal_customer,0.81
U03161,high_intent,0.99
U03162,new_cold_customer,0.67
U03163,new_cold_customer,0.67
U03164,low_engagement,0.71
U03165,low_engagement,0.68
U03166,new_cold_customer,0.67
U03167,new_cold_customer,0.64
U03168,new_cold_customer,0.7
U03169,new_cold_customer,0.64
U03170,loyal_customer,0.9
U03171,new_cold_customer,0.67
U03172,high_intent,0.99
U03173,high_intent,0.99
U03174,loyal_customer,0.87
U03175,new_cold_customer,0.64
U03176,new_cold_customer,0.7
U03177,high_intent,0.99
U03178,low_engagement,0.74
U03179,new_cold_customer,0.7
U03180,loyal_customer,0.84
U03181,new_cold_customer,0.67
U03182,low_engagement,0.77
U03183,low_engagement,0.68
U03184,low_engagement,0.77
U03185,new_cold_customer,0.64
U03186,price_sensitive,0.76
U03187,loyal_customer,0.84
U03188,new_cold_customer,0.7
U03189,price_sensitive,0.79
U03190,price_sensitive,0.73
U03191,low_engagement,0.77
U03192,low_engagement,0.74
U03193,low_engagement,0.68
U03194,new_cold_customer,0.67
U03195,new_cold_customer,0.7
U03196,low_engagement,0.68
U03197,low_engagement,0.77
U03198,new_cold_customer,0.61
U03199,low_engagement,0.68
U03200,new_cold_customer,0.64
U03201,low_engagement,0.74
U03202,new_cold_customer,0.7
U03203,new_cold_customer,0.61
U03204,new_cold_customer,0.67
U03205,low_engagement,0.71
U03206,new_cold_customer,0.67
U03207,loyal_customer,0.9
U03208,low_engagement,0.74
U03209,loyal_customer,0.9
U03210,loyal_customer,0.9
U03211,loyal_customer,0.81
U03212,loyal_customer,0.81
U03213,new_cold_customer,0.7
U03214,new_cold_customer,0.67
U03215,low_engagement,0.71
U03216,low_engagement,0.71
U03217,low_engagement,0.68
U03218,new_cold_customer,0.61
U03219,low_engagement,0.74
U03220,new_cold_customer,0.61
U03221,new_cold_customer,0.64
U03222,low_engagement,0.71
U03223,loyal_customer,0.9
U03224,price_sensitive,0.73
U03225,new_cold_customer,0.64
U03226,low_engagement,0.68
U03227,high_intent,0.97
U03228,new_cold_customer,0.7
U03229,loyal_customer,0.87
U03230,high_intent,0.99
U03231,loyal_customer,0.9
U03232,loyal_customer,0.9
U03233,new_cold_customer,0.7
U03234,new_cold_customer,0.7
U03235,loyal_customer,0.87
U03236,low_engagement,0.74
U03237,price_sensitive,0.79
U03238,new_cold_customer,0.67
U03239,price_sensitive,0.73
U03240,low_engagement,0.71
U03241,new_cold_customer,0.7
U03242,new_cold_customer,0.7
U03243,loyal_customer,0.9
U03244,loyal_customer,0.9
U03245,loyal_customer,0.87
U03246,price_sensitive,0.73
U03247,new_cold_customer,0.67
U03248,low_engagement,0.71
U03249,loyal_customer,0.84
U03250,new_cold_customer,0.64
U03251,price_sensitive,0.79
U03252,low_engagement,0.74
U03253,low_engagement,0.71
U03254,low_engagement,0.71
U03255,new_cold_customer,0.7
U03256,new_cold_customer,0.7
U03257,high_intent,0.99
U03258,low_engagement,0.77
U03259,high_intent,0.99
U03260,low_engagement,0.68
U03261,loyal_customer,0.9
U03262,low_engagement,0.77
U03263,new_cold_customer,0.61
U03264,new_cold_customer,0.64
U03265,low_engagement,0.68
U03266,high_intent,0.94
U03267,new_cold_customer,0.7
U03268,low_engagement,0.74
U03269,low_engagement,0.71
U03270,new_cold_customer,0.7
U03271,high_intent,0.94
U03272,price_sensitive,0.76
U03273,low_engagement,0.68
U03274,new_cold_customer,0.61
U03275,low_engagement,0.68
U03276,loyal_customer,0.87
U03277,price_sensitive,0.79
U03278,high_intent,0.97
U03279,low_engagement,0.77
U03280,price_sensitive,0.76
U03281,loyal_customer,0.81
U03282,low_engagement,0.77
U03283,loyal_customer,0.9
U03284,high_intent,0.99
U03285,high_intent,0.99
U03286,new_cold_customer,0.7
U03287,new_cold_customer,0.61
U03288,new_cold_customer,0.64
U03289,new_cold_customer,0.61
U03290,new_cold_customer,0.61
U03291,price_sensitive,0.76
U03292,loyal_customer,0.81
U03293,new_cold_customer,0.61
U03294,new_cold_customer,0.64
U03295,low_engagement,0.71
U03296,low_engagement,0.77
U03297,price_sensitive,0.79
U03298,new_cold_customer,0.67
U03299,low_engagement,0.71
U03300,new_cold_customer,0.61
U03301,new_cold_customer,0.7
U03302,loyal_customer,0.84
U03303,new_cold_customer,0.64
U03304,new_cold_customer,0.61
U03305,low_engagement,0.71
U03306,low_engagement,0.71
U03307,loyal_customer,0.9
U03308,loyal_customer,0.9
U03309,new_cold_customer,0.67
U03310,new_cold_customer,0.61
U03311,low_engagement,0.77
U03312,loyal_customer,0.81
U03313,loyal_customer,0.9
U03314,low_engagement,0.77
U03315,high_intent,0.97
U03316,low_engagement,0.68
U03317,new_cold_customer,0.67
U03318,loyal_customer,0.9
U03319,low_engagement,0.77
U03320,new_cold_customer,0.67
U03321,loyal_customer,0.84
U03322,new_cold_customer,0.61
U03323,loyal_customer,0.9
U03324,low_engagement,0.74
U03325,high_intent,0.99
U03326,price_sensitive,0.73
U03327,high_intent,0.99
U03328,new_cold_customer,0.61
U03329,new_cold_customer,0.64
U03330,low_engagement,0.77
U03331,high_intent,0.99
U03332,new_cold_customer,0.61
U03333,low_engagement,0.77
U03334,new_cold_customer,0.64
U03335,new_cold_customer,0.61
U03336,high_intent,0.99
U03337,low_engagement,0.71
U03338,loyal_customer,0.9
U03339,low_engagement,0.71
U03340,low_engagement,0.68
U03341,loyal_customer,0.87
U03342,loyal_customer,0.9
U03343,high_intent,0.99
U03344,high_intent,0.99
U03345,low_engagement,0.71
U03346,low_engagement,0.77
U03347,high_intent,0.99
U03348,new_cold_customer,0.61
U03349,loyal_customer,0.81
U03350,high_intent,0.99
U03351,loyal_customer,0.87
U03352,loyal_customer,0.9
U03353,low_engagement,0.68
U03354,new_cold_customer,0.7
U03355,loyal_customer,0.9
U03356,new_cold_customer,0.67
U03357,new_cold_customer,0.61
U03358,new_cold_customer,0.67
U03359,loyal_customer,0.9
U03360,loyal_customer,0.9
U03361,low_engagement,0.68
U03362,loyal_customer,0.9
U03363,new_cold_customer,0.7
U03364,new_cold_customer,0.61
U03365,new_cold_customer,0.61
U03366,low_engagement,0.74
U03367,new_cold_customer,0.7
U03368,high_intent,0.97
U03369,price_sensitive,0.76
U03370,new_cold_customer,0.61
U03371,high_intent,0.99
U03372,low_engagement,0.77
U03373,loyal_customer,0.9
U03374,low_engagement,0.77
U03375,loyal_customer,0.9
U03376,low_engagement,0.71
U03377,new_cold_customer,0.7
U03378,low_engagement,0.68
U03379,new_cold_customer,0.64
U03380,low_engagement,0.74
U03381,loyal_customer,0.84
U03382,low_engagement,0.68
U03383,new_cold_customer,0.7
U03384,low_engagement,0.71
U03385,low_engagement,0.74
U03386,low_engagement,0.77
U03387,new_cold_customer,0.7
U03388,loyal_customer,0.81
U03389,loyal_customer,0.87
U03390,low_engagement,0.77
U03391,price_sensitive,0.76
U03392,loyal_customer,0.81
U03393,high_intent,0.97
U03394,loyal_customer,0.87
U03395,loyal_customer,0.87
U03396,high_intent,0.99
U03397,new_cold_customer,0.61
U03398,new_cold_customer,0.61
U03399,low_engagement,0.71
U03400,loyal_customer,0.81
U03401,new_cold_customer,0.67
U03402,new_cold_customer,0.67
U03403,price_sensitive,0.73
U03404,price_sensitive,0.79
U03405,low_engagement,0.71
U03406,low_engagement,0.71
U03407,loyal_customer,0.9
U03408,low_engagement,0.68
U03409,price_sensitive,0.73
U03410,price_sensitive,0.76
U03411,high_intent,0.97
U03412,loyal_customer,0.9
U03413,new_cold_customer,0.7
U03414,loyal_customer,0.9
U03415,new_cold_customer,0.67
U03416,low_engagement,0.68
U03417,loyal_customer,0.84
U03418,new_cold_customer,0.67
U03419,new_cold_customer,0.67
U03420,price_sensitive,0.79
U03421,loyal_customer,0.9
U03422,low_engagement,0.77
U03423,loyal_customer,0.9
U03424,price_sensitive,0.76
U03425,new_cold_customer,0.7
U03426,loyal_customer,0.84
U03427,loyal_customer,0.87
U03428,new_cold_customer,0.67
U03429,new_cold_customer,0.61
U03430,new_cold_customer,0.7
U03431,low_engagement,0.77
U03432,new_cold_customer,0.64
U03433,low_engagement,0.71
U03434,low_engagement,0.77
U03435,new_cold_customer,0.7
U03436,price_sensitive,0.73
U03437,low_engagement,0.74
U03438,price_sensitive,0.79
U03439,new_cold_customer,0.67
U03440,low_engagement,0.68
U03441,new_cold_customer,0.67
U03442,new_cold_customer,0.7
U03443,loyal_customer,0.84
U03444,low_engagement,0.77
U03445,high_intent,0.99
U03446,new_cold_customer,0.67
U03447,loyal_customer,0.9
U03448,low_engagement,0.74
U03449,low_engagement,0.74
U03450,loyal_customer,0.81
U03451,low_engagement,0.74
U03452,high_intent,0.99
U03453,low_engagement,0.77
U03454,low_engagement,0.74
U03455,loyal_customer,0.81
U03456,loyal_customer,0.84
U03457,high_intent,0.97
U03458,loyal_customer,0.81
U03459,loyal_customer,0.9
U03460,low_engagement,0.74
U03461,high_intent,0.97
U03462,new_cold_customer,0.7
U03463,low_engagement,0.71
U03464,new_cold_customer,0.64
U03465,low_engagement,0.74
U03466,loyal_customer,0.87
U03467,low_engagement,0.77
U03468,low_engagement,0.71
U03469,price_sensitive,0.73
U03470,high_intent,0.99
U03471,high_intent,0.99
U03472,high_intent,0.94
U03473,new_cold_customer,0.7
U03474,loyal_customer,0.9
U03475,loyal_customer,0.9
U03476,low_engagement,0.71
U03477,low_engagement,0.77
U03478,new_cold_customer,0.7
U03479,new_cold_customer,0.61
U03480,price_sensitive,0.79
U03481,high_intent,0.99
U03482,low_engagement,0.68
U03483,loyal_customer,0.9
U03484,low_engagement,0.68
U03485,low_engagement,0.71
U03486,price_sensitive,0.73
U03487,new_cold_customer,0.67
U03488,low_engagement,0.68
U03489,low_engagement,0.71
U03490,new_cold_customer,0.61
U03491,high_intent,0.99
U03492,loyal_customer,0.81
U03493,loyal_customer,0.87
U03494,loyal_customer,0.81
U03495,new_cold_customer,0.64
U03496,low_engagement,0.71
U03497,low_engagement,0.68
U03498,low_engagement,0.68
U03499,low_engagement,0.68
U03500,loyal_customer,0.84
U03501,loyal_customer,0.9
U03502,new_cold_customer,0.7
U03503,price_sensitive,0.79
U03504,high_intent,0.99
U03505,low_engagement,0.71
U03506,new_cold_customer,0.67
U03507,new_cold_customer,0.64
U03508,new_cold_customer,0.61
U03509,price_sensitive,0.76
U03510,loyal_customer,0.9
U03511,new_cold_customer,0.67
U03512,loyal_customer,0.9
U03513,new_cold_customer,0.7
U03514,price_sensitive,0.76
U03515,low_engagement,0.71
U03516,high_intent,0.99
U03517,low_engagement,0.71
U03518,high_intent,0.97
U03519,loyal_customer,0.84
U03520,low_engagement,0.74
U03521,loyal_customer,0.87
U03522,new_cold_customer,0.7
U03523,loyal_customer,0.84
U03524,low_engagement,0.74
U03525,loyal_customer,0.87
U03526,high_intent,0.94
U03527,new_cold_customer,0.7
U03528,loyal_customer,0.81
U03529,new_cold_customer,0.67
U03530,new_cold_customer,0.67
U03531,new_cold_customer,0.64
U03532,new_cold_customer,0.7
U03533,new_cold_customer,0.7
U03534,loyal_customer,0.9
U03535,loyal_customer,0.87
U03536,new_cold_customer,0.7
U03537,low_engagement,0.77
U03538,new_cold_customer,0.7
U03539,new_cold_customer,0.7
U03540,new_cold_customer,0.67
U03541,low_engagement,0.74
U03542,loyal_customer,0.84
U03543,low_engagement,0.68
U03544,low_engagement,0.68
U03545,high_intent,0.99
U03546,low_engagement,0.77
U03547,price_sensitive,0.79
U03548,new_cold_customer,0.64
U03549,loyal_customer,0.87
U03550,high_intent,0.94
U03551,new_cold_customer,0.67
U03552,low_engagement,0.74
U03553,low_engagement,0.68
U03554,price_sensitive,0.73
U03555,new_cold_customer,0.61
U03556,low_engagement,0.74
U03557,low_engagement,0.68
U03558,loyal_customer,0.87
U03559,loyal_customer,0.81
U03560,high_intent,0.94
U03561,high_intent,0.97
U03562,low_engagement,0.71
U03563,new_cold_customer,0.67
U03564,loyal_customer,0.84
U03565,low_engagement,0.71
U03566,new_cold_customer,0.61
U03567,high_intent,0.94
U03568,new_cold_customer,0.64
U03569,low_engagement,0.77
U03570,new_cold_customer,0.7
U03571,new_cold_customer,0.64
U03572,new_cold_customer,0.64
U03573,new_cold_customer,0.67
U03574,price_sensitive,0.76
U03575,loyal_customer,0.81
U03576,high_intent,0.99
U03577,new_cold_customer,0.7
U03578,loyal_customer,0.81
U03579,low_engagement,0.77
U03580,new_cold_customer,0.7
U03581,price_sensitive,0.73
U03582,price_sensitive,0.73
U03583,loyal_customer,0.81
U03584,new_cold_customer,0.61
U03585,loyal_customer,0.81
U03586,new_cold_customer,0.7
U03587,loyal_customer,0.81
U03588,high_intent,0.99
U03589,loyal_customer,0.9
U03590,low_engagement,0.71
U03591,new_cold_customer,0.67
U03592,new_cold_customer,0.61
U03593,new_cold_customer,0.64
U03594,low_engagement,0.74
U03595,new_cold_customer,0.64
U03596,new_cold_customer,0.7
U03597,new_cold_customer,0.67
U03598,new_cold_customer,0.64
U03599,high_intent,0.97
U03600,low_engagement,0.68
U03601,high_intent,0.99
U03602,price_sensitive,0.73
U03603,new_cold_customer,0.61
U03604,new_cold_customer,0.64
U03605,new_cold_customer,0.7
U03606,high_intent,0.97
U03607,loyal_customer,0.9
U03608,new_cold_customer,0.67
U03609,new_cold_customer,0.67
U03610,new_cold_customer,0.67
U03611,new_cold_customer,0.67
U03612,low_engagement,0.68
U03613,high_intent,0.94
U03614,new_cold_customer,0.61
U03615,low_engagement,0.74
U03616,new_cold_customer,0.61
U03617,low_engagement,0.71
U03618,price_sensitive,0.79
U03619,low_engagement,0.68
U03620,loyal_customer,0.81
U03621,low_engagement,0.77
U03622,loyal_customer,0.81
U03623,low_engagement,0.71
U03624,low_engagement,0.77
U03625,loyal_customer,0.87
U03626,high_intent,0.99
U03627,new_cold_customer,0.7
U03628,low_engagement,0.71
U03629,new_cold_customer,0.7
U03630,price_sensitive,0.76
U03631,low_engagement,0.71
U03632,new_cold_customer,0.7
U03633,price_sensitive,0.79
U03634,loyal_customer,0.81
U03635,high_intent,0.99
U03636,new_cold_customer,0.64
U03637,high_intent,0.94
U03638,low_engagement,0.68
U03639,new_cold_customer,0.61
U03640,price_sensitive,0.73
U03641,low_engagement,0.74
U03642,low_engagement,0.74
U03643,loyal_customer,0.87
U03644,new_cold_customer,0.61
U03645,low_engagement,0.68
U03646,new_cold_customer,0.64
U03647,loyal_customer,0.81
U03648,new_cold_customer,0.7
U03649,price_sensitive,0.76
U03650,low_engagement,0.68
U03651,high_intent,0.99
U03652,low_engagement,0.68
U03653,price_sensitive,0.73
U03654,high_intent,0.99
U03655,new_cold_customer,0.67
U03656,low_engagement,0.74
U03657,new_cold_customer,0.67
U03658,new_cold_customer,0.7
U03659,low_engagement,0.74
U03660,low_engagement,0.74
U03661,loyal_customer,0.9
U03662,loyal_customer,0.81
U03663,loyal_customer,0.81
U03664,high_intent,0.94
U03665,low_engagement,0.77
U03666,loyal_customer,0.9
U03667,new_cold_customer,0.64
U03668,price_sensitive,0.76
U03669,price_sensitive,0.73
U03670,new_cold_customer,0.7
U03671,high_intent,0.99
U03672,high_intent,0.99
U03673,loyal_customer,0.81
U03674,high_intent,0.97
U03675,low_engagement,0.74
U03676,price_sensitive,0.79
U03677,new_cold_customer,0.7
U03678,low_engagement,0.68
U03679,low_engagement,0.71
U03680,loyal_customer,0.87
U03681,price_sensitive,0.76
U03682,low_engagement,0.71
U03683,loyal_customer,0.84
U03684,low_engagement,0.77
U03685,low_engagement,0.71
U03686,new_cold_customer,0.61
U03687,low_engagement,0.74
U03688,low_engagement,0.77
U03689,low_engagement,0.68
U03690,new_cold_customer,0.61
U03691,new_cold_customer,0.61
U03692,low_engagement,0.77
U03693,loyal_customer,0.87
U03694,high_intent,0.94
U03695,new_cold_customer,0.64
U03696,price_sensitive,0.76
U03697,loyal_customer,0.87
U03698,new_cold_customer,0.61
U03699,high_intent,0.97
U03700,new_cold_customer,0.61
U03701,low_engagement,0.71
U03702,price_sensitive,0.73
U03703,loyal_customer,0.84
U03704,price_sensitive,0.73
U03705,new_cold_customer,0.61
U03706,new_cold_customer,0.64
U03707,low_engagement,0.68
U03708,loyal_customer,0.9
U03709,low_engagement,0.71
U03710,new_cold_customer,0.67
U03711,low_engagement,0.71
U03712,high_intent,0.99
U03713,price_sensitive,0.73
U03714,loyal_customer,0.9
U03715,high_intent,0.94
U03716,high_intent,0.99
U03717,new_cold_customer,0.67
U03718,new_cold_customer,0.67
U03719,new_cold_customer,0.64
U03720,high_intent,0.94
U03721,low_engagement,0.68
U03722,new_cold_customer,0.61
U03723,loyal_customer,0.81
U03724,high_intent,0.99
U03725,price_sensitive,0.73
U03726,new_cold_customer,0.61
U03727,low_engagement,0.77
U03728,low_engagement,0.77
U03729,new_cold_customer,0.67
U03730,low_engagement,0.68
U03731,loyal_customer,0.84
U03732,loyal_customer,0.87
U03733,loyal_customer,0.84
U03734,price_sensitive,0.79
U03735,loyal_customer,0.81
U03736,low_engagement,0.71
U03737,low_engagement,0.77
U03738,new_cold_customer,0.61
U03739,new_cold_customer,0.7
U03740,price_sensitive,0.73
U03741,loyal_customer,0.9
U03742,low_engagement,0.77
U03743,loyal_customer,0.87
U03744,low_engagement,0.77
U03745,loyal_customer,0.9
U03746,low_engagement,0.68
U03747,new_cold_customer,0.61
U03748,low_engagement,0.68
U03749,high_intent,0.99
U03750,low_engagement,0.71
U03751,low_engagement,0.68
U03752,new_cold_customer,0.64
U03753,loyal_customer,0.87
U03754,new_cold_customer,0.64
U03755,price_sensitive,0.76
U03756,new_cold_customer,0.67
U03757,loyal_customer,0.84
U03758,loyal_customer,0.87
U03759,new_cold_customer,0.64
U03760,low_engagement,0.77
U03761,new_cold_customer,0.61
U03762,new_cold_customer,0.7
U03763,new_cold_customer,0.7
U03764,loyal_customer,0.9
U03765,new_cold_customer,0.61
U03766,loyal_customer,0.81
U03767,loyal_customer,0.87
U03768,new_cold_customer,0.67
U03769,new_cold_customer,0.64
U03770,loyal_customer,0.87
U03771,low_engagement,0.71
U03772,price_sensitive,0.76
U03773,loyal_customer,0.9
U03774,loyal_customer,0.84
U03775,high_intent,0.97
U03776,loyal_customer,0.9
U03777,new_cold_customer,0.7
U03778,low_engagement,0.68
U03779,low_engagement,0.68
U03780,high_intent,0.99
U03781,new_cold_customer,0.67
U03782,low_engagement,0.77
U03783,new_cold_customer,0.67
U03784,low_engagement,0.71
U03785,loyal_customer,0.9
U03786,new_cold_customer,0.61
U03787,low_engagement,0.77
U03788,new_cold_customer,0.7
U03789,low_engagement,0.71
U03790,price_sensitive,0.79
U03791,low_engagement,0.74
U03792,loyal_customer,0.84
U03793,loyal_customer,0.9
U03794,new_cold_customer,0.67
U03795,price_sensitive,0.76
U03796,loyal_customer,0.87
U03797,new_cold_customer,0.61
U03798,low_engagement,0.77
U03799,low_engagement,0.71
U03800,price_sensitive,0.73
U03801,high_intent,0.94
U03802,price_sensitive,0.73
U03803,new_cold_customer,0.7
U03804,new_cold_customer,0.67
U03805,new_cold_customer,0.64
U03806,low_engagement,0.74
U03807,new_cold_customer,0.7
U03808,loyal_customer,0.87
U03809,new_cold_customer,0.7
U03810,new_cold_customer,0.7
U03811,low_engagement,0.74
U03812,high_intent,0.99
U03813,low_engagement,0.77
U03814,loyal_customer,0.84
U03815,price_sensitive,0.76
U03816,low_engagement,0.68
U03817,low_engagement,0.74
U03818,low_engagement,0.77
U03819,new_cold_customer,0.7
U03820,loyal_customer,0.87
U03821,high_intent,0.97
U03822,high_intent,0.99
U03823,low_engagement,0.71
U03824,new_cold_customer,0.7
U03825,loyal_customer,0.9
U03826,low_engagement,0.71
U03827,loyal_customer,0.9
U03828,price_sensitive,0.73
U03829,loyal_customer,0.9
U03830,price_sensitive,0.73
U03831,new_cold_customer,0.7
U03832,low_engagement,0.71
U03833,low_engagement,0.77
U03834,price_sensitive,0.79
U03835,new_cold_customer,0.61
U03836,high_intent,0.99
U03837,loyal_customer,0.87
U03838,new_cold_customer,0.67
U03839,loyal_customer,0.9
U03840,new_cold_customer,0.7
U03841,low_engagement,0.74
U03842,loyal_customer,0.9
U03843,low_engagement,0.77
U03844,high_intent,0.97
U03845,low_engagement,0.71
U03846,high_intent,0.94
U03847,new_cold_customer,0.67
U03848,loyal_customer,0.9
U03849,low_engagement,0.71
U03850,low_engagement,0.74
U03851,price_sensitive,0.79
U03852,low_engagement,0.71
U03853,new_cold_customer,0.7
U03854,low_engagement,0.71
U03855,loyal_customer,0.87
U03856,price_sensitive,0.73
U03857,loyal_customer,0.81
U03858,new_cold_customer,0.7
U03859,new_cold_customer,0.67
U03860,loyal_customer,0.84
U03861,low_engagement,0.71
U03862,low_engagement,0.74
U03863,high_intent,0.94
U03864,low_engagement,0.71
U03865,high_intent,0.99
U03866,loyal_customer,0.9
U03867,new_cold_customer,0.61
U03868,price_sensitive,0.76
U03869,low_engagement,0.71
U03870,new_cold_customer,0.67
U03871,new_cold_customer,0.64
U03872,new_cold_customer,0.7
U03873,price_sensitive,0.73
U03874,loyal_customer,0.81
U03875,low_engagement,0.68
U03876,loyal_customer,0.81
U03877,high_intent,0.99
U03878,new_cold_customer,0.61
U03879,price_sensitive,0.79
U03880,price_sensitive,0.79
U03881,low_engagement,0.77
U03882,new_cold_customer,0.7
U03883,loyal_customer,0.9
U03884,price_sensitive,0.79
U03885,high_intent,0.99
U03886,low_engagement,0.77
U03887,new_cold_customer,0.61
U03888,loyal_customer,0.84
U03889,new_cold_customer,0.7
U03890,low_engagement,0.71
U03891,loyal_customer,0.9
U03892,high_intent,0.99
U03893,low_engagement,0.77
U03894,new_cold_customer,0.7
U03895,loyal_customer,0.9
U03896,loyal_customer,0.81
U03897,low_engagement,0.77
U03898,new_cold_customer,0.64
U03899,new_cold_customer,0.61
U03900,low_engagement,0.68
U03901,low_engagement,0.71
U03902,new_cold_customer,0.61
U03903,loyal_customer,0.84
U03904,loyal_customer,0.81
U03905,loyal_customer,0.84
U03906,low_engagement,0.68
U03907,high_intent,0.99
U03908,price_sensitive,0.79
U03909,low_engagement,0.71
U03910,low_engagement,0.68
U03911,high_intent,0.99
U03912,loyal_customer,0.9
U03913,loyal_customer,0.9
U03914,loyal_customer,0.87
U03915,price_sensitive,0.79
U03916,new_cold_customer,0.64
U03917,loyal_customer,0.81
U03918,high_intent,0.99
U03919,new_cold_customer,0.67
U03920,new_cold_customer,0.61
U03921,low_engagement,0.68
U03922,loyal_customer,0.9
U03923,low_engagement,0.77
U03924,low_engagement,0.74
U03925,new_cold_customer,0.61
U03926,low_engagement,0.71
U03927,new_cold_customer,0.7
U03928,new_cold_customer,0.61
U03929,loyal_customer,0.81
U03930,price_sensitive,0.76
U03931,price_sensitive,0.76
U03932,high_intent,0.99
U03933,low_engagement,0.77
U03934,high_intent,0.94
U03935,new_cold_customer,0.64
U03936,price_sensitive,0.76
U03937,low_engagement,0.68
U03938,new_cold_customer,0.7
U03939,new_cold_customer,0.67
U03940,high_intent,0.97
U03941,loyal_customer,0.87
U03942,low_engagement,0.77
U03943,low_engagement,0.68
U03944,loyal_customer,0.87
U03945,price_sensitive,0.73
U03946,new_cold_customer,0.64
U03947,new_cold_customer,0.7
U03948,price_sensitive,0.73
U03949,new_cold_customer,0.67
U03950,new_cold_customer,0.61
U03951,high_intent,0.97
U03952,loyal_customer,0.81
U03953,low_engagement,0.77
U03954,low_engagement,0.74
U03955,new_cold_customer,0.61
U03956,loyal_customer,0.81
U03957,loyal_customer,0.87
U03958,loyal_customer,0.87
U03959,loyal_customer,0.9
U03960,new_cold_customer,0.64
U03961,new_cold_customer,0.61
U03962,low_engagement,0.74
U03963,low_engagement,0.74
U03964,low_engagement,0.68
U03965,low_engagement,0.68
U03966,low_engagement,0.74
U03967,loyal_customer,0.9
U03968,new_cold_customer,0.61
U03969,low_engagement,0.74
U03970,loyal_customer,0.9
U03971,new_cold_customer,0.61
U03972,loyal_customer,0.9
U03973,new_cold_customer,0.64
U03974,new_cold_customer,0.67
U03975,high_intent,0.99
U03976,loyal_customer,0.84
U03977,low_engagement,0.68
U03978,low_engagement,0.68
U03979,low_engagement,0.68
U03980,loyal_customer,0.9
U03981,new_cold_customer,0.64
U03982,low_engagement,0.71
U03983,new_cold_customer,0.7
U03984,new_cold_customer,0.61
U03985,new_cold_customer,0.64
U03986,low_engagement,0.74
U03987,loyal_customer,0.81
U03988,loyal_customer,0.9
U03989,low_engagement,0.71
U03990,loyal_customer,0.9
U03991,price_sensitive,0.76
U03992,loyal_customer,0.9
U03993,low_engagement,0.68
U03994,low_engagement,0.74
U03995,low_engagement,0.74
U03996,low_engagement,0.71
U03997,high_intent,0.97
U03998,high_intent,0.99
U03999,new_cold_customer,0.64
U04000,low_engagement,0.77
U04001,price_sensitive,0.76
U04002,loyal_customer,0.9
U04003,new_cold_customer,0.64
U04004,new_cold_customer,0.67
U04005,loyal_customer,0.87
U04006,loyal_customer,0.84
U04007,price_sensitive,0.76
U04008,new_cold_customer,0.7
U04009,loyal_customer,0.9
U04010,price_sensitive,0.79
U04011,loyal_customer,0.84
U04012,new_cold_customer,0.67
U04013,loyal_customer,0.84
U04014,new_cold_customer,0.67
U04015,low_engagement,0.71
U04016,low_engagement,0.74
U04017,new_cold_customer,0.64
U04018,loyal_customer,0.9
U04019,high_intent,0.97
U04020,new_cold_customer,0.7
U04021,new_cold_customer,0.61
U04022,new_cold_customer,0.7
U04023,loyal_customer,0.81
U04024,new_cold_customer,0.61
U04025,loyal_customer,0.9
U04026,new_cold_customer,0.7
U04027,new_cold_customer,0.64
U04028,low_engagement,0.68
U04029,low_engagement,0.68
U04030,high_intent,0.97
U04031,price_sensitive,0.76
U04032,loyal_customer,0.84
U04033,low_engagement,0.74
U04034,high_intent,0.94
U04035,price_sensitive,0.73
U04036,low_engagement,0.71
U04037,low_engagement,0.68
U04038,low_engagement,0.77
U04039,new_cold_customer,0.67
U04040,new_cold_customer,0.67
U04041,new_cold_customer,0.7
U04042,high_intent,0.99
U04043,low_engagement,0.77
U04044,low_engagement,0.74
U04045,loyal_customer,0.9
U04046,loyal_customer,0.84
U04047,new_cold_customer,0.64
U04048,new_cold_customer,0.61
U04049,new_cold_customer,0.7
U04050,low_engagement,0.77
U04051,new_cold_customer,0.61
U04052,loyal_customer,0.9
U04053,low_engagement,0.68
U04054,low_engagement,0.74
U04055,high_intent,0.94
U04056,loyal_customer,0.81
U04057,high_intent,0.99
U04058,low_engagement,0.77
U04059,low_engagement,0.77
U04060,new_cold_customer,0.64
U04061,new_cold_customer,0.64
U04062,high_intent,0.99
U04063,low_engagement,0.77
U04064,loyal_customer,0.9
U04065,new_cold_customer,0.7
U04066,loyal_customer,0.87
U04067,new_cold_customer,0.7
U04068,loyal_customer,0.81
U04069,low_engagement,0.74
U04070,new_cold_customer,0.67
U04071,new_cold_customer,0.67
U04072,low_engagement,0.68
U04073,new_cold_customer,0.67
U04074,new_cold_customer,0.61
U04075,low_engagement,0.71
U04076,low_engagement,0.68
U04077,low_engagement,0.71
U04078,new_cold_customer,0.64
U04079,low_engagement,0.74
U04080,low_engagement,0.77
U04081,new_cold_customer,0.61
U04082,low_engagement,0.68
U04083,new_cold_customer,0.64
U04084,new_cold_customer,0.7
U04085,new_cold_customer,0.67
U04086,loyal_customer,0.81
U04087,price_sensitive,0.76
U04088,low_engagement,0.71
U04089,loyal_customer,0.87
U04090,low_engagement,0.74
U04091,new_cold_customer,0.7
U04092,new_cold_customer,0.64
U04093,low_engagement,0.74
U04094,low_engagement,0.68
U04095,new_cold_customer,0.67
U04096,new_cold_customer,0.64
U04097,loyal_customer,0.9
U04098,new_cold_customer,0.64
U04099,new_cold_customer,0.61
U04100,low_engagement,0.68
U04101,new_cold_customer,0.67
U04102,low_engagement,0.74
U04103,low_engagement,0.77
U04104,high_intent,0.99
U04105,new_cold_customer,0.7
U04106,loyal_customer,0.84
U04107,high_intent,0.99
U04108,new_cold_customer,0.64
U04109,new_cold_customer,0.67
U04110,price_sensitive,0.76
U04111,low_engagement,0.74
U04112,new_cold_customer,0.67
U04113,new_cold_customer,0.7
U04114,low_engagement,0.77
U04115,loyal_customer,0.84
U04116,new_cold_customer,0.67
U04117,new_cold_customer,0.61
U04118,low_engagement,0.74
U04119,new_cold_customer,0.64
U04120,price_sensitive,0.76
U04121,loyal_customer,0.87
U04122,low_engagement,0.71
U04123,new_cold_customer,0.67
U04124,low_engagement,0.71
U04125,new_cold_customer,0.7
U04126,new_cold_customer,0.64
U04127,new_cold_customer,0.7
U04128,new_cold_customer,0.61
U04129,low_engagement,0.71
U04130,new_cold_customer,0.67
U04131,low_engagement,0.71
U04132,new_cold_customer,0.64
U04133,high_intent,0.99
U04134,loyal_customer,0.81
U04135,low_engagement,0.74
U04136,loyal_customer,0.87
U04137,low_engagement,0.71
U04138,new_cold_customer,0.7
U04139,price_sensitive,0.76
U04140,loyal_customer,0.81
U04141,new_cold_customer,0.61
U04142,low_engagement,0.68
U04143,loyal_customer,0.9
U04144,loyal_customer,0.87
U04145,new_cold_customer,0.61
U04146,low_engagement,0.77
U04147,loyal_customer,0.9
U04148,low_engagement,0.68
U04149,low_engagement,0.74
U04150,loyal_customer,0.87
U04151,high_intent,0.99
U04152,price_sensitive,0.76
U04153,low_engagement,0.71
U04154,low_engagement,0.74
U04155,high_intent,0.99
U04156,high_intent,0.99
U04157,low_engagement,0.74
U04158,high_intent,0.94
U04159,low_engagement,0.77
U04160,low_engagement,0.77
U04161,loyal_customer,0.9
U04162,high_intent,0.99
U04163,loyal_customer,0.87
U04164,low_engagement,0.74
U04165,new_cold_customer,0.7
U04166,low_engagement,0.77
U04167,new_cold_customer,0.61
U04168,high_intent,0.99
U04169,new_cold_customer,0.67
U04170,loyal_customer,0.84
U04171,low_engagement,0.68
U04172,loyal_customer,0.81
U04173,loyal_customer,0.84
U04174,new_cold_customer,0.61
U04175,loyal_customer,0.84
U04176,loyal_customer,0.87
U04177,low_engagement,0.74
U04178,new_cold_customer,0.67
U04179,high_intent,0.99
U04180,new_cold_customer,0.7
U04181,new_cold_customer,0.61
U04182,price_sensitive,0.76
U04183,loyal_customer,0.9
U04184,high_intent,0.94
U04185,high_intent,0.97
U04186,price_sensitive,0.79
U04187,new_cold_customer,0.61
U04188,loyal_customer,0.9
U04189,high_intent,0.97
U04190,loyal_customer,0.9
U04191,low_engagement,0.68
U04192,loyal_customer,0.84
U04193,high_intent,0.97
U04194,new_cold_customer,0.7
U04195,high_intent,0.99
U04196,loyal_customer,0.87
U04197,price_sensitive,0.73
U04198,low_engagement,0.68
U04199,low_engagement,0.71
U04200,high_intent,0.99
U04201,new_cold_customer,0.61
U04202,new_cold_customer,0.64
U04203,low_engagement,0.74
U04204,low_engagement,0.71
U04205,low_engagement,0.71
U04206,high_intent,0.99
U04207,high_intent,0.94
U04208,new_cold_customer,0.67
U04209,price_sensitive,0.79
U04210,new_cold_customer,0.61
U04211,high_intent,0.99
U04212,new_cold_customer,0.64
U04213,loyal_customer,0.87
U04214,low_engagement,0.74
U04215,new_cold_customer,0.67
U04216,high_intent,0.99
U04217,low_engagement,0.77
U04218,new_cold_customer,0.67
U04219,new_cold_customer,0.64
U04220,new_cold_customer,0.61
U04221,low_engagement,0.71
U04222,new_cold_customer,0.64
U04223,low_engagement,0.74
U04224,new_cold_customer,0.64
U04225,new_cold_customer,0.67
U04226,new_cold_customer,0.64
U04227,new_cold_customer,0.7
U04228,new_cold_customer,0.7
U04229,new_cold_customer,0.61
U04230,low_engagement,0.74
U04231,new_cold_customer,0.67
U04232,loyal_customer,0.9
U04233,price_sensitive,0.79
U04234,loyal_customer,0.9
U04235,price_sensitive,0.76
U04236,new_cold_customer,0.7
U04237,new_cold_customer,0.7
U04238,high_intent,0.99
U04239,new_cold_customer,0.67
U04240,low_engagement,0.74
U04241,loyal_customer,0.9
U04242,low_engagement,0.71
U04243,new_cold_customer,0.7
U04244,loyal_customer,0.84
U04245,new_cold_customer,0.64
U04246,high_intent,0.97
U04247,loyal_customer,0.9
U04248,low_engagement,0.77
U04249,new_cold_customer,0.64
U04250,new_cold_customer,0.64
U04251,loyal_customer,0.9
U04252,new_cold_customer,0.61
U04253,new_cold_customer,0.61
U04254,price_sensitive,0.76
U04255,loyal_customer,0.84
U04256,new_cold_customer,0.67
U04257,new_cold_customer,0.64
U04258,loyal_customer,0.84
U04259,new_cold_customer,0.64
U04260,new_cold_customer,0.7
U04261,low_engagement,0.77
U04262,loyal_customer,0.81
U04263,loyal_customer,0.9
U04264,loyal_customer,0.9
U04265,new_cold_customer,0.67
U04266,new_cold_customer,0.64
U04267,new_cold_customer,0.7
U04268,high_intent,0.99
U04269,new_cold_customer,0.67
U04270,new_cold_customer,0.64
U04271,loyal_customer,0.84
U04272,loyal_customer,0.9
U04273,low_engagement,0.68
U04274,low_engagement,0.77
U04275,loyal_customer,0.84
U04276,new_cold_customer,0.67
U04277,price_sensitive,0.76
U04278,price_sensitive,0.76
U04279,new_cold_customer,0.67
U04280,new_cold_customer,0.61
U04281,new_cold_customer,0.67
U04282,loyal_customer,0.84
U04283,low_engagement,0.68
U04284,low_engagement,0.68
U04285,new_cold_customer,0.61
U04286,low_engagement,0.68
U04287,new_cold_customer,0.67
U04288,low_engagement,0.71
U04289,loyal_customer,0.9
U04290,new_cold_customer,0.61
U04291,new_cold_customer,0.7
U04292,low_engagement,0.77
U04293,low_engagement,0.74
U04294,low_engagement,0.68
U04295,new_cold_customer,0.67
U04296,loyal_customer,0.9
U04297,price_sensitive,0.73
U04298,high_intent,0.94
U04299,loyal_customer,0.9
U04300,new_cold_customer,0.67
U04301,new_cold_customer,0.67
U04302,price_sensitive,0.76
U04303,new_cold_customer,0.67
U04304,new_cold_customer,0.64
U04305,low_engagement,0.74
U04306,new_cold_customer,0.64
U04307,loyal_customer,0.81
U04308,new_cold_customer,0.64
U04309,loyal_customer,0.81
U04310,high_intent,0.99
U04311,loyal_customer,0.9
U04312,loyal_customer,0.9
U04313,low_engagement,0.71
U04314,new_cold_customer,0.7
U04315,loyal_customer,0.87
U04316,price_sensitive,0.73
U04317,new_cold_customer,0.67
U04318,new_cold_customer,0.61
U04319,low_engagement,0.77
U04320,high_intent,0.99
U04321,new_cold_customer,0.7
U04322,new_cold_customer,0.61
U04323,high_intent,0.99
U04324,new_cold_customer,0.7
U04325,low_engagement,0.74
U04326,low_engagement,0.74
U04327,loyal_customer,0.9
U04328,low_engagement,0.71
U04329,price_sensitive,0.79
U04330,low_engagement,0.68
U04331,high_intent,0.99
U04332,new_cold_customer,0.64
U04333,loyal_customer,0.87
U04334,new_cold_customer,0.67
U04335,low_engagement,0.68
U04336,low_engagement,0.71
U04337,new_cold_customer,0.61
U04338,low_engagement,0.74
U04339,price_sensitive,0.76
U04340,high_intent,0.94
U04341,new_cold_customer,0.7
U04342,low_engagement,0.68
U04343,new_cold_customer,0.64
U04344,new_cold_customer,0.67
U04345,new_cold_customer,0.67
U04346,low_engagement,0.77
U04347,high_intent,0.99
U04348,low_engagement,0.68
U04349,high_intent,0.94
U04350,high_intent,0.99
U04351,new_cold_customer,0.64
U04352,new_cold_customer,0.67
U04353,high_intent,0.97
U04354,loyal_customer,0.9
U04355,new_cold_customer,0.7
U04356,new_cold_customer,0.7
U04357,new_cold_customer,0.64
U04358,new_cold_customer,0.61
U04359,new_cold_customer,0.61
U04360,loyal_customer,0.84
U04361,new_cold_customer,0.61
U04362,loyal_customer,0.84
U04363,loyal_customer,0.81
U04364,new_cold_customer,0.67
U04365,price_sensitive,0.73
U04366,loyal_customer,0.81
U04367,high_intent,0.97
U04368,price_sensitive,0.73
U04369,new_cold_customer,0.7
U04370,low_engagement,0.71
U04371,loyal_customer,0.87
U04372,new_cold_customer,0.61
U04373,new_cold_customer,0.67
U04374,new_cold_customer,0.64
U04375,price_sensitive,0.73
U04376,loyal_customer,0.9
U04377,new_cold_customer,0.64
U04378,new_cold_customer,0.67
U04379,low_engagement,0.74
U04380,loyal_customer,0.81
U04381,new_cold_customer,0.61
U04382,new_cold_customer,0.64
U04383,new_cold_customer,0.61
U04384,loyal_customer,0.81
U04385,low_engagement,0.71
U04386,low_engagement,0.77
U04387,price_sensitive,0.76
U04388,new_cold_customer,0.67
U04389,new_cold_customer,0.7
U04390,loyal_customer,0.84
U04391,loyal_customer,0.87
U04392,price_sensitive,0.76
U04393,low_engagement,0.77
U04394,new_cold_customer,0.67
U04395,loyal_customer,0.87
U04396,low_engagement,0.71
U04397,low_engagement,0.74
U04398,new_cold_customer,0.61
U04399,price_sensitive,0.73
U04400,high_intent,0.97
U04401,high_intent,0.94
U04402,low_engagement,0.74
U04403,price_sensitive,0.76
U04404,new_cold_customer,0.67
U04405,price_sensitive,0.73
U04406,new_cold_customer,0.67
U04407,low_engagement,0.77
U04408,new_cold_customer,0.67
U04409,loyal_customer,0.84
U04410,new_cold_customer,0.64
U04411,low_engagement,0.71
U04412,new_cold_customer,0.64
U04413,new_cold_customer,0.67
U04414,new_cold_customer,0.7
U04415,loyal_customer,0.9
U04416,high_intent,0.99
U04417,low_engagement,0.68
U04418,high_intent,0.99
U04419,low_engagement,0.74
U04420,loyal_customer,0.84
U04421,low_engagement,0.68
U04422,low_engagement,0.77
U04423,loyal_customer,0.87
U04424,new_cold_customer,0.7
U04425,loyal_customer,0.9
U04426,low_engagement,0.71
U04427,loyal_customer,0.84
U04428,new_cold_customer,0.61
U04429,low_engagement,0.71
U04430,high_intent,0.94
U04431,low_engagement,0.77
U04432,low_engagement,0.74
U04433,loyal_customer,0.9
U04434,high_intent,0.99
U04435,loyal_customer,0.9
U04436,high_intent,0.99
U04437,new_cold_customer,0.67
U04438,new_cold_customer,0.67
U04439,new_cold_customer,0.64
U04440,low_engagement,0.71
U04441,price_sensitive,0.79
U04442,new_cold_customer,0.67
U04443,new_cold_customer,0.67
U04444,new_cold_customer,0.61
U04445,loyal_customer,0.9
U04446,new_cold_customer,0.67
U04447,loyal_customer,0.81
U04448,new_cold_customer,0.64
U04449,loyal_customer,0.87
U04450,price_sensitive,0.79
U04451,new_cold_customer,0.67
U04452,high_intent,0.94
U04453,new_cold_customer,0.67
U04454,high_intent,0.99
U04455,high_intent,0.99
U04456,low_engagement,0.77
U04457,new_cold_customer,0.7
U04458,loyal_customer,0.81
U04459,low_engagement,0.71
U04460,loyal_customer,0.84
U04461,new_cold_customer,0.7
U04462,price_sensitive,0.76
U04463,low_engagement,0.71
U04464,new_cold_customer,0.67
U04465,low_engagement,0.77
U04466,new_cold_customer,0.7
U04467,low_engagement,0.74
U04468,loyal_customer,0.9
U04469,price_sensitive,0.76
U04470,loyal_customer,0.87
U04471,loyal_customer,0.84
U04472,price_sensitive,0.76
U04473,loyal_customer,0.9
U04474,price_sensitive,0.79
U04475,new_cold_customer,0.64
U04476,low_engagement,0.68
U04477,low_engagement,0.68
U04478,high_intent,0.99
U04479,loyal_customer,0.87
U04480,price_sensitive,0.73
U04481,new_cold_customer,0.61
U04482,new_cold_customer,0.64
U04483,loyal_customer,0.9
U04484,new_cold_customer,0.61
U04485,low_engagement,0.77
U04486,loyal_customer,0.84
U04487,high_intent,0.99
U04488,new_cold_customer,0.61
U04489,new_cold_customer,0.64
U04490,loyal_customer,0.81
U04491,new_cold_customer,0.64
U04492,high_intent,0.94
U04493,high_intent,0.99
U04494,high_intent,0.99
U04495,low_engagement,0.68
U04496,low_engagement,0.74
U04497,new_cold_customer,0.7
U04498,high_intent,0.97
U04499,loyal_customer,0.84
U04500,low_engagement,0.74
U04501,new_cold_customer,0.7
U04502,price_sensitive,0.73
U04503,low_engagement,0.77
U04504,high_intent,0.99
U04505,price_sensitive,0.76
U04506,new_cold_customer,0.61
U04507,loyal_customer,0.9
U04508,low_engagement,0.71
U04509,high_intent,0.99
U04510,low_engagement,0.74
U04511,new_cold_customer,0.64
U04512,high_intent,0.99
U04513,new_cold_customer,0.61
U04514,low_engagement,0.71
U04515,loyal_customer,0.9
U04516,low_engagement,0.71
U04517,low_engagement,0.77
U04518,new_cold_customer,0.7
U04519,new_cold_customer,0.61
U04520,new_cold_customer,0.67
U04521,new_cold_customer,0.67
U04522,high_intent,0.99
U04523,low_engagement,0.71
U04524,new_cold_customer,0.67
U04525,low_engagement,0.77
U04526,loyal_customer,0.9
U04527,new_cold_customer,0.61
U04528,new_cold_customer,0.7
U04529,loyal_customer,0.84
U04530,price_sensitive,0.73
U04531,new_cold_customer,0.61
U04532,new_cold_customer,0.64
U04533,new_cold_customer,0.67
U04534,new_cold_customer,0.7
U04535,loyal_customer,0.9
U04536,new_cold_customer,0.7
U04537,loyal_customer,0.81
U04538,loyal_customer,0.84
U04539,new_cold_customer,0.64
U04540,new_cold_customer,0.67
U04541,high_intent,0.94
U04542,low_engagement,0.74
U04543,new_cold_customer,0.61
U04544,loyal_customer,0.9
U04545,new_cold_customer,0.67
U04546,low_engagement,0.77
U04547,high_intent,0.99
U04548,low_engagement,0.68
U04549,high_intent,0.94
U04550,new_cold_customer,0.7
U04551,loyal_customer,0.9
U04552,high_intent,0.99
U04553,new_cold_customer,0.7
U04554,new_cold_customer,0.67
U04555,low_engagement,0.68
U04556,loyal_customer,0.87
U04557,new_cold_customer,0.64
U04558,high_intent,0.99
U04559,low_engagement,0.71
U04560,loyal_customer,0.9
U04561,high_intent,0.99
U04562,loyal_customer,0.9
U04563,low_engagement,0.68
U04564,new_cold_customer,0.64
U04565,high_intent,0.99
U04566,new_cold_customer,0.64
U04567,high_intent,0.97
U04568,new_cold_customer,0.67
U04569,new_cold_customer,0.64
U04570,new_cold_customer,0.61
U04571,new_cold_customer,0.61
U04572,new_cold_customer,0.64
U04573,new_cold_customer,0.61
U04574,price_sensitive,0.73
U04575,new_cold_customer,0.67
U04576,price_sensitive,0.73
U04577,loyal_customer,0.84
U04578,new_cold_customer,0.67
U04579,new_cold_customer,0.64
U04580,high_intent,0.99
U04581,price_sensitive,0.73
U04582,price_sensitive,0.79
U04583,high_intent,0.99
U04584,low_engagement,0.77
U04585,low_engagement,0.74
U04586,price_sensitive,0.76
U04587,new_cold_customer,0.64
U04588,new_cold_customer,0.64
U04589,loyal_customer,0.9
U04590,high_intent,0.99
U04591,low_engagement,0.74
U04592,high_intent,0.99
U04593,new_cold_customer,0.64
U04594,high_intent,0.97
U04595,low_engagement,0.77
U04596,new_cold_customer,0.7
U04597,new_cold_customer,0.64
U04598,high_intent,0.99
U04599,loyal_customer,0.81
U04600,new_cold_customer,0.61
U04601,low_engagement,0.74
U04602,high_intent,0.94
U04603,low_engagement,0.68
U04604,high_intent,0.99
U04605,new_cold_customer,0.64
U04606,low_engagement,0.77
U04607,new_cold_customer,0.61
U04608,low_engagement,0.68
U04609,price_sensitive,0.76
U04610,low_engagement,0.68
U04611,low_engagement,0.74
U04612,loyal_customer,0.81
U04613,low_engagement,0.74
U04614,low_engagement,0.74
U04615,low_engagement,0.77
U04616,new_cold_customer,0.64
U04617,new_cold_customer,0.64
U04618,loyal_customer,0.81
U04619,price_sensitive,0.73
U04620,new_cold_customer,0.61
U04621,low_engagement,0.71
U04622,loyal_customer,0.84
U04623,new_cold_customer,0.61
U04624,new_cold_customer,0.64
U04625,new_cold_customer,0.61
U04626,low_engagement,0.71
U04627,new_cold_customer,0.64
U04628,price_sensitive,0.73
U04629,low_engagement,0.68
U04630,new_cold_customer,0.61
U04631,new_cold_customer,0.7
U04632,loyal_customer,0.81
U04633,low_engagement,0.77
U04634,low_engagement,0.71
U04635,low_engagement,0.71
U04636,new_cold_customer,0.7
U04637,price_sensitive,0.76
U04638,price_sensitive,0.76
U04639,low_engagement,0.74
U04640,new_cold_customer,0.67
U04641,new_cold_customer,0.7
U04642,new_cold_customer,0.64
U04643,new_cold_customer,0.7
U04644,new_cold_customer,0.67
U04645,high_intent,0.99
U04646,new_cold_customer,0.67
U04647,loyal_customer,0.9
U04648,loyal_customer,0.84
U04649,new_cold_customer,0.64
U04650,loyal_customer,0.87
U04651,price_sensitive,0.76
U04652,low_engagement,0.71
U04653,loyal_customer,0.87
U04654,new_cold_customer,0.67
U04655,new_cold_customer,0.64
U04656,low_engagement,0.71
U04657,new_cold_customer,0.7
U04658,new_cold_customer,0.67
U04659,high_intent,0.99
U04660,low_engagement,0.74
U04661,new_cold_customer,0.64
U04662,loyal_customer,0.84
U04663,new_cold_customer,0.64
U04664,new_cold_customer,0.67
U04665,new_cold_customer,0.67
U04666,price_sensitive,0.76
U04667,loyal_customer,0.9
U04668,price_sensitive,0.76
U04669,low_engagement,0.77
U04670,high_intent,0.99
U04671,high_intent,0.99
U04672,low_engagement,0.74
U04673,low_engagement,0.71
U04674,low_engagement,0.77
U04675,new_cold_customer,0.7
U04676,low_engagement,0.71
U04677,high_intent,0.99
U04678,new_cold_customer,0.7
U04679,low_engagement,0.74
U04680,new_cold_customer,0.7
U04681,low_engagement,0.77
U04682,high_intent,0.99
U04683,high_intent,0.99
U04684,price_sensitive,0.76
U04685,new_cold_customer,0.64
U04686,new_cold_customer,0.64
U04687,low_engagement,0.68
U04688,new_cold_customer,0.7
U04689,new_cold_customer,0.7
U04690,new_cold_customer,0.61
U04691,loyal_customer,0.9
U04692,high_intent,0.94
U04693,new_cold_customer,0.67
U04694,new_cold_customer,0.61
U04695,price_sensitive,0.73
U04696,new_cold_customer,0.61
U04697,new_cold_customer,0.64
U04698,loyal_customer,0.87
U04699,low_engagement,0.71
U04700,loyal_customer,0.9
U04701,loyal_customer,0.9
U04702,loyal_customer,0.9
U04703,low_engagement,0.68
U04704,high_intent,0.94
U04705,low_engagement,0.68
U04706,loyal_customer,0.87
U04707,loyal_customer,0.9
U04708,new_cold_customer,0.61
U04709,low_engagement,0.74
U04710,new_cold_customer,0.61
U04711,low_engagement,0.74
U04712,loyal_customer,0.87
U04713,low_engagement,0.74
U04714,high_intent,0.99
U04715,new_cold_customer,0.64
U04716,low_engagement,0.74
U04717,loyal_customer,0.81
U04718,new_cold_customer,0.61
U04719,price_sensitive,0.73
U04720,new_cold_customer,0.7
U04721,high_intent,0.99
U04722,low_engagement,0.71
U04723,low_engagement,0.74
U04724,low_engagement,0.77
U04725,loyal_customer,0.9
U04726,high_intent,0.94
U04727,high_intent,0.99
U04728,low_engagement,0.77
U04729,low_engagement,0.74
U04730,new_cold_customer,0.7
U04731,low_engagement,0.68
U04732,price_sensitive,0.73
U04733,low_engagement,0.68
U04734,loyal_customer,0.84
U04735,low_engagement,0.77
U04736,high_intent,0.99
U04737,loyal_customer,0.9
U04738,loyal_customer,0.84
U04739,loyal_customer,0.84
U04740,new_cold_customer,0.7
U04741,loyal_customer,0.9
U04742,new_cold_customer,0.67
U04743,low_engagement,0.77
U04744,low_engagement,0.74
U04745,low_engagement,0.68
U04746,loyal_customer,0.9
U04747,price_sensitive,0.76
U04748,high_intent,0.99
U04749,low_engagement,0.74
U04750,new_cold_customer,0.7
U04751,low_engagement,0.68
U04752,new_cold_customer,0.61
U04753,low_engagement,0.74
U04754,new_cold_customer,0.64
U04755,new_cold_customer,0.67
U04756,loyal_customer,0.84
U04757,new_cold_customer,0.61
U04758,new_cold_customer,0.64
U04759,low_engagement,0.74
U04760,loyal_customer,0.84
U04761,loyal_customer,0.9
U04762,loyal_customer,0.9
U04763,high_intent,0.99
U04764,low_engagement,0.68
U04765,loyal_customer,0.9
U04766,low_engagement,0.74
U04767,low_engagement,0.77
U04768,high_intent,0.99
U04769,new_cold_customer,0.64
U04770,loyal_customer,0.81
U04771,low_engagement,0.74
U04772,new_cold_customer,0.64
U04773,loyal_customer,0.87
U04774,high_intent,0.94
U04775,low_engagement,0.74
U04776,new_cold_customer,0.64
U04777,low_engagement,0.74
U04778,loyal_customer,0.81
U04779,low_engagement,0.71
U04780,high_intent,0.99
U04781,high_intent,0.97
U04782,loyal_customer,0.81
U04783,high_intent,0.99
U04784,low_engagement,0.71
U04785,high_intent,0.99
U04786,low_engagement,0.74
U04787,high_intent,0.94
U04788,loyal_customer,0.87
U04789,low_engagement,0.68
U04790,high_intent,0.99
U04791,new_cold_customer,0.67
U04792,low_engagement,0.77
U04793,loyal_customer,0.84
U04794,new_cold_customer,0.64
U04795,price_sensitive,0.76
U04796,low_engagement,0.77
U04797,new_cold_customer,0.64
U04798,loyal_customer,0.87
U04799,new_cold_customer,0.7
U04800,low_engagement,0.74
U04801,high_intent,0.99
U04802,high_intent,0.99
U04803,new_cold_customer,0.64
U04804,high_intent,0.94
U04805,new_cold_customer,0.64
U04806,high_intent,0.99
U04807,new_cold_customer,0.67
U04808,low_engagement,0.74
U04809,low_engagement,0.71
U04810,new_cold_customer,0.61
U04811,low_engagement,0.71
U04812,price_sensitive,0.76
U04813,new_cold_customer,0.67
U04814,new_cold_customer,0.64
U04815,new_cold_customer,0.61
U04816,price_sensitive,0.73
U04817,high_intent,0.97
U04818,new_cold_customer,0.64
U04819,high_intent,0.99
U04820,new_cold_customer,0.64
U04821,new_cold_customer,0.64
U04822,low_engagement,0.68
U04823,new_cold_customer,0.61
U04824,high_intent,0.99
U04825,low_engagement,0.74
U04826,loyal_customer,0.9
U04827,high_intent,0.99
U04828,loyal_customer,0.81
U04829,new_cold_customer,0.67
U04830,price_sensitive,0.76
U04831,price_sensitive,0.79
U04832,low_engagement,0.71
U04833,loyal_customer,0.81
U04834,low_engagement,0.74
U04835,loyal_customer,0.81
U04836,loyal_customer,0.84
U04837,new_cold_customer,0.7
U04838,low_engagement,0.77
U04839,low_engagement,0.71
U04840,new_cold_customer,0.67
U04841,low_engagement,0.77
U04842,loyal_customer,0.84
U04843,high_intent,0.97
U04844,low_engagement,0.71
U04845,new_cold_customer,0.64
U04846,low_engagement,0.68
U04847,loyal_customer,0.9
U04848,loyal_customer,0.9
U04849,price_sensitive,0.73
U04850,loyal_customer,0.81
U04851,low_engagement,0.74
U04852,price_sensitive,0.76
U04853,low_engagement,0.77
U04854,low_engagement,0.74
U04855,new_cold_customer,0.64
U04856,price_sensitive,0.76
U04857,low_engagement,0.68
U04858,loyal_customer,0.87
U04859,low_engagement,0.74
U04860,low_engagement,0.71
U04861,low_engagement,0.74
U04862,low_engagement,0.71
U04863,new_cold_customer,0.64
U04864,new_cold_customer,0.64
U04865,high_intent,0.99
U04866,low_engagement,0.68
U04867,low_engagement,0.68
U04868,new_cold_customer,0.64
U04869,new_cold_customer,0.61
U04870,low_engagement,0.74
U04871,low_engagement,0.74
U04872,low_engagement,0.74
U04873,low_engagement,0.68
U04874,low_engagement,0.77
U04875,new_cold_customer,0.61
U04876,new_cold_customer,0.61
U04877,loyal_customer,0.84
U04878,low_engagement,0.77
U04879,new_cold_customer,0.64
U04880,new_cold_customer,0.61
U04881,loyal_customer,0.9
U04882,loyal_customer,0.84
U04883,high_intent,0.99
U04884,low_engagement,0.68
U04885,loyal_customer,0.81
U04886,low_engagement,0.68
U04887,low_engagement,0.68
U04888,price_sensitive,0.76
U04889,new_cold_customer,0.64
U04890,new_cold_customer,0.64
U04891,new_cold_customer,0.61
U04892,new_cold_customer,0.67
U04893,price_sensitive,0.79
U04894,new_cold_customer,0.67
U04895,loyal_customer,0.87
U04896,loyal_customer,0.9
U04897,price_sensitive,0.76
U04898,new_cold_customer,0.67
U04899,high_intent,0.99
U04900,high_intent,0.97
U04901,new_cold_customer,0.7
U04902,loyal_customer,0.9
U04903,high_intent,0.99
U04904,loyal_customer,0.84
U04905,new_cold_customer,0.67
U04906,loyal_customer,0.9
U04907,low_engagement,0.68
U04908,new_cold_customer,0.7
U04909,loyal_customer,0.9
U04910,loyal_customer,0.9
U04911,new_cold_customer,0.7
U04912,new_cold_customer,0.64
U04913,new_cold_customer,0.7
U04914,high_intent,0.99
U04915,new_cold_customer,0.61
U04916,low_engagement,0.74
U04917,low_engagement,0.74
U04918,new_cold_customer,0.61
U04919,low_engagement,0.74
U04920,low_engagement,0.74
U04921,new_cold_customer,0.7
U04922,loyal_customer,0.81
U04923,high_intent,0.99
U04924,loyal_customer,0.9
U04925,loyal_customer,0.87
U04926,loyal_customer,0.84
U04927,new_cold_customer,0.7
U04928,loyal_customer,0.9
U04929,loyal_customer,0.9
U04930,loyal_customer,0.84
U04931,new_cold_customer,0.67
U04932,loyal_customer,0.84
U04933,low_engagement,0.77
U04934,new_cold_customer,0.7
U04935,low_engagement,0.77
U04936,high_intent,0.99
U04937,new_cold_customer,0.67
U04938,low_engagement,0.74
U04939,loyal_customer,0.84
U04940,high_intent,0.97
U04941,loyal_customer,0.81
U04942,low_engagement,0.71
U04943,price_sensitive,0.79
U04944,loyal_customer,0.84
U04945,high_intent,0.99
U04946,low_engagement,0.74
U04947,low_engagement,0.74
U04948,low_engagement,0.77
U04949,low_engagement,0.71
U04950,new_cold_customer,0.64
U04951,loyal_customer,0.9
U04952,new_cold_customer,0.67
U04953,new_cold_customer,0.64
U04954,high_intent,0.97
U04955,low_engagement,0.71
U04956,loyal_customer,0.9
U04957,price_sensitive,0.76
U04958,loyal_customer,0.87
U04959,loyal_customer,0.9
U04960,low_engagement,0.74
U04961,price_sensitive,0.76
U04962,high_intent,0.99
U04963,low_engagement,0.74
U04964,loyal_customer,0.81
U04965,low_engagement,0.74
U04966,new_cold_customer,0.7
U04967,new_cold_customer,0.61
U04968,new_cold_customer,0.64
U04969,loyal_customer,0.81
U04970,new_cold_customer,0.61
U04971,high_intent,0.99
U04972,low_engagement,0.77
U04973,high_intent,0.99
U04974,high_intent,0.99
U04975,high_intent,0.99
U04976,loyal_customer,0.81
U04977,low_engagement,0.77
U04978,loyal_customer,0.81
U04979,high_intent,0.94
U04980,new_cold_customer,0.7
U04981,low_engagement,0.74
U04982,new_cold_customer,0.7
U04983,new_cold_customer,0.64
U04984,loyal_customer,0.9
U04985,new_cold_customer,0.64
U04986,low_engagement,0.74
U04987,new_cold_customer,0.61
U04988,loyal_customer,0.9
U04989,low_engagement,0.71
U04990,low_engagement,0.74
U04991,loyal_customer,0.84
U04992,high_intent,0.97
U04993,new_cold_customer,0.64
U04994,new_cold_customer,0.7
U04995,new_cold_customer,0.7
U04996,new_cold_customer,0.67
U04997,low_engagement,0.68
U04998,price_sensitive,0.79
U04999,new_cold_customer,0.7
U05000,low_engagement,0.74
U05001,new_cold_customer,0.64
U05002,new_cold_customer,0.67
U05003,new_cold_customer,0.7
U05004,new_cold_customer,0.67
U05005,low_engagement,0.77
U05006,loyal_customer,0.81
U05007,loyal_customer,0.87
U05008,new_cold_customer,0.61
U05009,high_intent,0.99
U05010,new_cold_customer,0.61
U05011,low_engagement,0.77
U05012,new_cold_customer,0.64
U05013,low_engagement,0.71
U05014,low_engagement,0.74
U05015,price_sensitive,0.79
U05016,new_cold_customer,0.64
U05017,low_engagement,0.74
U05018,price_sensitive,0.76
U05019,low_engagement,0.71
U05020,price_sensitive,0.76
U05021,new_cold_customer,0.64
U05022,high_intent,0.97
U05023,new_cold_customer,0.7
U05024,loyal_customer,0.87
U05025,new_cold_customer,0.61
U05026,new_cold_customer,0.64
U05027,loyal_customer,0.9
U05028,price_sensitive,0.79
U05029,high_intent,0.99
U05030,high_intent,0.97
U05031,price_sensitive,0.73
U05032,price_sensitive,0.79
U05033,low_engagement,0.77
U05034,loyal_customer,0.9
U05035,low_engagement,0.68
U05036,new_cold_customer,0.7
U05037,low_engagement,0.68
U05038,loyal_customer,0.81
U05039,new_cold_customer,0.61
U05040,new_cold_customer,0.7
U05041,price_sensitive,0.76
U05042,low_engagement,0.68
U05043,low_engagement,0.77
U05044,low_engagement,0.71
U05045,loyal_customer,0.87
U05046,low_engagement,0.68
U05047,high_intent,0.94
U05048,low_engagement,0.71
U05049,loyal_customer,0.81
U05050,low_engagement,0.68
U05051,low_engagement,0.77
U05052,low_engagement,0.68
U05053,new_cold_customer,0.67
U05054,price_sensitive,0.79
U05055,new_cold_customer,0.67
U05056,loyal_customer,0.87
U05057,loyal_customer,0.87
U05058,new_cold_customer,0.61
U05059,loyal_customer,0.84
U05060,loyal_customer,0.81
U05061,low_engagement,0.71
U05062,low_engagement,0.77
U05063,high_intent,0.99
U05064,price_sensitive,0.79
U05065,new_cold_customer,0.61
U05066,new_cold_customer,0.7
U05067,loyal_customer,0.84
U05068,new_cold_customer,0.61
U05069,loyal_customer,0.9
U05070,low_engagement,0.71
U05071,new_cold_customer,0.67
U05072,low_engagement,0.74
U05073,price_sensitive,0.79
U05074,new_cold_customer,0.64
U05075,new_cold_customer,0.64
U05076,loyal_customer,0.9
U05077,loyal_customer,0.84
U05078,low_engagement,0.77
U05079,low_engagement,0.77
U05080,loyal_customer,0.9
U05081,price_sensitive,0.79
U05082,low_engagement,0.68
U05083,low_engagement,0.77
U05084,low_engagement,0.68
U05085,new_cold_customer,0.7
U05086,loyal_customer,0.84
U05087,price_sensitive,0.79
U05088,new_cold_customer,0.67
U05089,high_intent,0.99
U05090,new_cold_customer,0.67
U05091,new_cold_customer,0.64
U05092,new_cold_customer,0.64
U05093,low_engagement,0.74
U05094,loyal_customer,0.87
U05095,new_cold_customer,0.7
U05096,loyal_customer,0.81
U05097,new_cold_customer,0.64
U05098,loyal_customer,0.87
U05099,low_engagement,0.74
U05100,loyal_customer,0.87
U05101,high_intent,0.99
U05102,high_intent,0.99
U05103,loyal_customer,0.9
U05104,low_engagement,0.77
U05105,high_intent,0.99
U05106,low_engagement,0.77
U05107,loyal_customer,0.81
U05108,new_cold_customer,0.67
U05109,new_cold_customer,0.64
U05110,low_engagement,0.71
U05111,loyal_customer,0.9
U05112,low_engagement,0.68
U05113,new_cold_customer,0.67
U05114,new_cold_customer,0.64
U05115,new_cold_customer,0.67
U05116,new_cold_customer,0.61
U05117,new_cold_customer,0.64
U05118,price_sensitive,0.73
U05119,new_cold_customer,0.67
U05120,high_intent,0.94
U05121,price_sensitive,0.73
U05122,price_sensitive,0.79
U05123,new_cold_customer,0.7
U05124,new_cold_customer,0.7
U05125,new_cold_customer,0.67
U05126,loyal_customer,0.87
U05127,low_engagement,0.74
U05128,loyal_customer,0.9
U05129,price_sensitive,0.79
U05130,loyal_customer,0.9
U05131,loyal_customer,0.84
U05132,low_engagement,0.71
U05133,low_engagement,0.71
U05134,new_cold_customer,0.64
U05135,high_intent,0.94
U05136,new_cold_customer,0.7
U05137,new_cold_customer,0.64
U05138,new_cold_customer,0.67
U05139,low_engagement,0.74
U05140,new_cold_customer,0.7
U05141,loyal_customer,0.87
U05142,low_engagement,0.68
U05143,low_engagement,0.71
U05144,high_intent,0.99
U05145,new_cold_customer,0.64
U05146,low_engagement,0.68
U05147,price_sensitive,0.79
U05148,new_cold_customer,0.64
U05149,new_cold_customer,0.61
U05150,loyal_customer,0.87
U05151,new_cold_customer,0.61
U05152,low_engagement,0.77
U05153,high_intent,0.99
U05154,new_cold_customer,0.61
U05155,low_engagement,0.68
U05156,new_cold_customer,0.67
U05157,high_intent,0.97
U05158,loyal_customer,0.84
U05159,loyal_customer,0.9
U05160,low_engagement,0.77
U05161,price_sensitive,0.76
U05162,price_sensitive,0.76
U05163,price_sensitive,0.76
U05164,loyal_customer,0.9
U05165,high_intent,0.99
U05166,loyal_customer,0.9
U05167,low_engagement,0.68
U05168,low_engagement,0.71
U05169,loyal_customer,0.9
U05170,loyal_customer,0.87
U05171,new_cold_customer,0.61
U05172,high_intent,0.99
U05173,loyal_customer,0.87
U05174,new_cold_customer,0.67
U05175,new_cold_customer,0.67
U05176,new_cold_customer,0.61
U05177,new_cold_customer,0.7
U05178,new_cold_customer,0.7
U05179,loyal_customer,0.81
U05180,new_cold_customer,0.64
U05181,low_engagement,0.74
U05182,new_cold_customer,0.64
U05183,loyal_customer,0.81
U05184,new_cold_customer,0.7
U05185,low_engagement,0.74
U05186,loyal_customer,0.9
U05187,loyal_customer,0.87
U05188,loyal_customer,0.9
U05189,price_sensitive,0.79
U05190,high_intent,0.99
U05191,low_engagement,0.74
U05192,new_cold_customer,0.67
U05193,low_engagement,0.68
U05194,new_cold_customer,0.7
U05195,new_cold_customer,0.64
U05196,high_intent,0.99
U05197,new_cold_customer,0.61
U05198,price_sensitive,0.76
U05199,high_intent,0.94
U05200,new_cold_customer,0.64
U05201,new_cold_customer,0.67
U05202,loyal_customer,0.87
U05203,new_cold_customer,0.61
U05204,loyal_customer,0.81
U05205,price_sensitive,0.79
U05206,high_intent,0.99
U05207,new_cold_customer,0.67
U05208,high_intent,0.99
U05209,high_intent,0.99
U05210,price_sensitive,0.79
U05211,new_cold_customer,0.7
U05212,loyal_customer,0.84
U05213,loyal_customer,0.87
U05214,high_intent,0.99
U05215,new_cold_customer,0.61
U05216,low_engagement,0.68
U05217,new_cold_customer,0.61
U05218,high_intent,0.99
U05219,low_engagement,0.68
U05220,new_cold_customer,0.64
U05221,loyal_customer,0.9
U05222,new_cold_customer,0.67
U05223,new_cold_customer,0.64
U05224,loyal_customer,0.9
U05225,new_cold_customer,0.64
U05226,high_intent,0.94
U05227,loyal_customer,0.84
U05228,low_engagement,0.71
U05229,low_engagement,0.68
U05230,loyal_customer,0.9
U05231,loyal_customer,0.84
U05232,low_engagement,0.71
U05233,new_cold_customer,0.7
U05234,high_intent,0.99
U05235,new_cold_customer,0.67
U05236,low_engagement,0.74
U05237,new_cold_customer,0.7
U05238,loyal_customer,0.9
U05239,new_cold_customer,0.7
U05240,low_engagement,0.74
U05241,loyal_customer,0.84
U05242,low_engagement,0.68
U05243,new_cold_customer,0.67
U05244,new_cold_customer,0.67
U05245,new_cold_customer,0.64
U05246,loyal_customer,0.84
U05247,new_cold_customer,0.61
U05248,low_engagement,0.77
U05249,loyal_customer,0.84
U05250,loyal_customer,0.81
U05251,low_engagement,0.68
U05252,new_cold_customer,0.61
U05253,new_cold_customer,0.64
U05254,high_intent,0.99
U05255,price_sensitive,0.79
U05256,low_engagement,0.68
U05257,price_sensitive,0.73
U05258,new_cold_customer,0.64
U05259,new_cold_customer,0.64
U05260,price_sensitive,0.76
U05261,low_engagement,0.74
U05262,low_engagement,0.68
U05263,low_engagement,0.74
U05264,loyal_customer,0.84
U05265,new_cold_customer,0.61
U05266,low_engagement,0.74
U05267,new_cold_customer,0.64
U05268,low_engagement,0.68
U05269,new_cold_customer,0.64
U05270,new_cold_customer,0.67
U05271,new_cold_customer,0.7
U05272,high_intent,0.99
U05273,low_engagement,0.74
U05274,new_cold_customer,0.7
U05275,low_engagement,0.74
U05276,new_cold_customer,0.67
U05277,new_cold_customer,0.7
U05278,high_intent,0.99
U05279,low_engagement,0.74
U05280,new_cold_customer,0.7
U05281,new_cold_customer,0.61
U05282,new_cold_customer,0.67
U05283,loyal_customer,0.81
U05284,price_sensitive,0.79
U05285,high_intent,0.99
U05286,low_engagement,0.77
U05287,new_cold_customer,0.64
U05288,high_intent,0.94
U05289,high_intent,0.99
U05290,price_sensitive,0.73
U05291,loyal_customer,0.81
U05292,high_intent,0.99
U05293,loyal_customer,0.81
U05294,loyal_customer,0.84
U05295,low_engagement,0.77
U05296,low_engagement,0.77
U05297,price_sensitive,0.73
U05298,low_engagement,0.77
U05299,low_engagement,0.77
U05300,new_cold_customer,0.61
U05301,new_cold_customer,0.7
U05302,price_sensitive,0.79
U05303,new_cold_customer,0.64
U05304,price_sensitive,0.79
U05305,new_cold_customer,0.67
U05306,loyal_customer,0.87
U05307,new_cold_customer,0.64
U05308,low_engagement,0.74
U05309,low_engagement,0.74
U05310,new_cold_customer,0.67
U05311,new_cold_customer,0.61
U05312,high_intent,0.99
U05313,high_intent,0.97
U05314,low_engagement,0.74
U05315,loyal_customer,0.87
U05316,new_cold_customer,0.67
U05317,low_engagement,0.71
U05318,low_engagement,0.71
U05319,loyal_customer,0.9
U05320,new_cold_customer,0.64
U05321,price_sensitive,0.73
U05322,low_engagement,0.68
U05323,loyal_customer,0.84
U05324,low_engagement,0.77
U05325,new_cold_customer,0.67
U05326,price_sensitive,0.79
U05327,low_engagement,0.71
U05328,high_intent,0.97
U05329,loyal_customer,0.9
U05330,high_intent,0.99
U05331,high_intent,0.97
U05332,loyal_customer,0.84
U05333,new_cold_customer,0.61
U05334,new_cold_customer,0.67
U05335,high_intent,0.99
U05336,loyal_customer,0.84
U05337,new_cold_customer,0.67
U05338,new_cold_customer,0.7
U05339,low_engagement,0.77
U05340,high_intent,0.97
U05341,loyal_customer,0.9
U05342,low_engagement,0.68
U05343,low_engagement,0.71
U05344,high_intent,0.99
U05345,loyal_customer,0.87
U05346,new_cold_customer,0.67
U05347,new_cold_customer,0.61
U05348,low_engagement,0.71
U05349,price_sensitive,0.73
U05350,new_cold_customer,0.61
U05351,low_engagement,0.68
U05352,low_engagement,0.68
U05353,high_intent,0.97
U05354,loyal_customer,0.81
U05355,low_engagement,0.71
U05356,high_intent,0.94
U05357,loyal_customer,0.81
U05358,low_engagement,0.74
U05359,new_cold_customer,0.64
U05360,high_intent,0.99
U05361,loyal_customer,0.9
U05362,new_cold_customer,0.7
U05363,price_sensitive,0.73
U05364,high_intent,0.94
U05365,low_engagement,0.74
U05366,low_engagement,0.77
U05367,new_cold_customer,0.7
U05368,new_cold_customer,0.7
U05369,high_intent,0.99
U05370,low_engagement,0.77
U05371,loyal_customer,0.81
U05372,new_cold_customer,0.67
U05373,low_engagement,0.77
U05374,low_engagement,0.71
U05375,low_engagement,0.77
U05376,high_intent,0.99
U05377,new_cold_customer,0.67
U05378,new_cold_customer,0.61
U05379,low_engagement,0.77
U05380,new_cold_customer,0.61
U05381,price_sensitive,0.73
U05382,new_cold_customer,0.61
U05383,low_engagement,0.71
U05384,low_engagement,0.71
U05385,price_sensitive,0.73
U05386,loyal_customer,0.9
U05387,new_cold_customer,0.7
U05388,loyal_customer,0.9
U05389,price_sensitive,0.76
U05390,new_cold_customer,0.67
U05391,new_cold_customer,0.7
U05392,new_cold_customer,0.61
U05393,loyal_customer,0.81
U05394,low_engagement,0.74
U05395,high_intent,0.97
U05396,low_engagement,0.74
U05397,price_sensitive,0.79
U05398,low_engagement,0.74
U05399,loyal_customer,0.9
U05400,loyal_customer,0.87
U05401,low_engagement,0.77
U05402,loyal_customer,0.81
U05403,new_cold_customer,0.64
U05404,new_cold_customer,0.64
U05405,low_engagement,0.68
U05406,high_intent,0.99
U05407,low_engagement,0.68
U05408,loyal_customer,0.87
U05409,new_cold_customer,0.64
U05410,loyal_customer,0.84
U05411,high_intent,0.97
U05412,new_cold_customer,0.67
U05413,low_engagement,0.74
U05414,loyal_customer,0.9
U05415,new_cold_customer,0.64
U05416,new_cold_customer,0.64
U05417,new_cold_customer,0.7
U05418,loyal_customer,0.84
U05419,new_cold_customer,0.64
U05420,new_cold_customer,0.7
U05421,new_cold_customer,0.7
U05422,loyal_customer,0.9
U05423,low_engagement,0.71
U05424,loyal_customer,0.87
U05425,low_engagement,0.71
U05426,low_engagement,0.68
U05427,new_cold_customer,0.7
U05428,high_intent,0.94
U05429,loyal_customer,0.81
U05430,new_cold_customer,0.7
U05431,loyal_customer,0.9
U05432,new_cold_customer,0.67
U05433,low_engagement,0.71
U05434,low_engagement,0.68
U05435,loyal_customer,0.87
U05436,loyal_customer,0.9
U05437,high_intent,0.99
U05438,low_engagement,0.71
U05439,high_intent,0.99
U05440,price_sensitive,0.73
U05441,new_cold_customer,0.61
U05442,new_cold_customer,0.64
U05443,high_intent,0.99
U05444,new_cold_customer,0.7
U05445,new_cold_customer,0.7
U05446,low_engagement,0.71
U05447,price_sensitive,0.79
U05448,high_intent,0.99
U05449,low_engagement,0.77
U05450,new_cold_customer,0.61
U05451,high_intent,0.99
U05452,new_cold_customer,0.64
U05453,loyal_customer,0.9
U05454,high_intent,0.94
U05455,loyal_customer,0.9
U05456,low_engagement,0.68
U05457,new_cold_customer,0.7
U05458,low_engagement,0.71
U05459,low_engagement,0.68
U05460,price_sensitive,0.79
U05461,high_intent,0.99
U05462,low_engagement,0.77
U05463,loyal_customer,0.81
U05464,low_engagement,0.68
U05465,high_intent,0.99
U05466,new_cold_customer,0.7
U05467,new_cold_customer,0.64
U05468,loyal_customer,0.81
U05469,price_sensitive,0.76
U05470,loyal_customer,0.9
U05471,low_engagement,0.77
U05472,loyal_customer,0.9
U05473,new_cold_customer,0.61
U05474,new_cold_customer,0.64
U05475,new_cold_customer,0.61
U05476,new_cold_customer,0.7
U05477,low_engagement,0.74
U05478,low_engagement,0.68
U05479,high_intent,0.99
U05480,high_intent,0.97
U05481,low_engagement,0.71
U05482,new_cold_customer,0.61
U05483,low_engagement,0.71
U05484,new_cold_customer,0.7
U05485,new_cold_customer,0.64
U05486,new_cold_customer,0.7
U05487,new_cold_customer,0.64
U05488,new_cold_customer,0.7
U05489,loyal_customer,0.9
U05490,new_cold_customer,0.67
U05491,new_cold_customer,0.67
U05492,low_engagement,0.68
U05493,new_cold_customer,0.7
U05494,low_engagement,0.77
U05495,low_engagement,0.74
U05496,low_engagement,0.77
U05497,high_intent,0.99
U05498,new_cold_customer,0.64
U05499,low_engagement,0.71
U05500,price_sensitive,0.76
U05501,new_cold_customer,0.64
U05502,new_cold_customer,0.64
U05503,new_cold_customer,0.67
U05504,new_cold_customer,0.61
U05505,low_engagement,0.74
U05506,low_engagement,0.74
U05507,low_engagement,0.68
U05508,loyal_customer,0.9
U05509,low_engagement,0.74
U05510,new_cold_customer,0.67
U05511,low_engagement,0.74
U05512,new_cold_customer,0.64
U05513,low_engagement,0.71
U05514,low_engagement,0.77
U05515,price_sensitive,0.79
U05516,loyal_customer,0.84
U05517,new_cold_customer,0.7
U05518,new_cold_customer,0.64
U05519,loyal_customer,0.9
U05520,loyal_customer,0.87
U05521,high_intent,0.97
U05522,loyal_customer,0.81
U05523,new_cold_customer,0.64
U05524,high_intent,0.99
U05525,price_sensitive,0.76
U05526,new_cold_customer,0.67
U05527,price_sensitive,0.79
U05528,low_engagement,0.71
U05529,low_engagement,0.68
U05530,price_sensitive,0.73
U05531,new_cold_customer,0.67
U05532,new_cold_customer,0.67
U05533,new_cold_customer,0.7
U05534,high_intent,0.99
U05535,high_intent,0.99
U05536,new_cold_customer,0.7
U05537,new_cold_customer,0.67
U05538,low_engagement,0.71
U05539,new_cold_customer,0.61
U05540,new_cold_customer,0.61
U05541,new_cold_customer,0.64
U05542,loyal_customer,0.9
U05543,new_cold_customer,0.67
U05544,high_intent,0.97
U05545,low_engagement,0.74
U05546,new_cold_customer,0.64
U05547,new_cold_customer,0.64
U05548,loyal_customer,0.9
U05549,low_engagement,0.68
U05550,low_engagement,0.77
U05551,loyal_customer,0.9
U05552,low_engagement,0.71
U05553,loyal_customer,0.87
U05554,price_sensitive,0.79
U05555,new_cold_customer,0.64
U05556,new_cold_customer,0.67
U05557,loyal_customer,0.84
U05558,high_intent,0.94
U05559,low_engagement,0.68
U05560,price_sensitive,0.79
U05561,price_sensitive,0.76
U05562,low_engagement,0.71
U05563,new_cold_customer,0.67
U05564,high_intent,0.97
U05565,new_cold_customer,0.67
U05566,low_engagement,0.74
U05567,low_engagement,0.71
U05568,loyal_customer,0.9
U05569,loyal_customer,0.87
U05570,new_cold_customer,0.64
U05571,new_cold_customer,0.7
U05572,new_cold_customer,0.64
U05573,loyal_customer,0.87
U05574,high_intent,0.97
U05575,new_cold_customer,0.61
U05576,price_sensitive,0.79
U05577,low_engagement,0.77
U05578,low_engagement,0.68
U05579,price_sensitive,0.79
U05580,new_cold_customer,0.7
U05581,new_cold_customer,0.67
U05582,loyal_customer,0.87
U05583,loyal_customer,0.81
U05584,loyal_customer,0.84
U05585,new_cold_customer,0.64
U05586,low_engagement,0.68
U05587,new_cold_customer,0.67
U05588,low_engagement,0.68
U05589,loyal_customer,0.84
U05590,new_cold_customer,0.61
U05591,new_cold_customer,0.7
U05592,high_intent,0.99
U05593,new_cold_customer,0.7
U05594,low_engagement,0.68
U05595,loyal_customer,0.81
U05596,price_sensitive,0.73
U05597,high_intent,0.99
U05598,price_sensitive,0.76
U05599,new_cold_customer,0.7
U05600,loyal_customer,0.87
U05601,low_engagement,0.71
U05602,new_cold_customer,0.7
U05603,low_engagement,0.71
U05604,low_engagement,0.71
U05605,price_sensitive,0.76
U05606,new_cold_customer,0.67
U05607,new_cold_customer,0.64
U05608,low_engagement,0.77
U05609,loyal_customer,0.84
U05610,new_cold_customer,0.67
U05611,high_intent,0.99
U05612,loyal_customer,0.9
U05613,new_cold_customer,0.67
U05614,price_sensitive,0.76
U05615,low_engagement,0.74
U05616,low_engagement,0.68
U05617,high_intent,0.94
U05618,high_intent,0.94
U05619,low_engagement,0.68
U05620,loyal_customer,0.87
U05621,low_engagement,0.68
U05622,new_cold_customer,0.67
U05623,price_sensitive,0.73
U05624,new_cold_customer,0.7
U05625,loyal_customer,0.81
U05626,low_engagement,0.68
U05627,new_cold_customer,0.61
U05628,new_cold_customer,0.67
U05629,low_engagement,0.68
U05630,high_intent,0.99
U05631,high_intent,0.99
U05632,new_cold_customer,0.7
U05633,new_cold_customer,0.64
U05634,loyal_customer,0.81
U05635,new_cold_customer,0.64
U05636,new_cold_customer,0.7
U05637,new_cold_customer,0.67
U05638,new_cold_customer,0.67
U05639,loyal_customer,0.9
U05640,new_cold_customer,0.64
U05641,low_engagement,0.74
U05642,new_cold_customer,0.67
U05643,low_engagement,0.74
U05644,new_cold_customer,0.7
U05645,low_engagement,0.77
U05646,new_cold_customer,0.64
U05647,new_cold_customer,0.61
U05648,loyal_customer,0.84
U05649,low_engagement,0.68
U05650,low_engagement,0.77
U05651,new_cold_customer,0.61
U05652,new_cold_customer,0.64
U05653,high_intent,0.99
U05654,high_intent,0.99
U05655,high_intent,0.97
U05656,new_cold_customer,0.7
U05657,loyal_customer,0.84
U05658,high_intent,0.99
U05659,low_engagement,0.68
U05660,new_cold_customer,0.7
U05661,low_engagement,0.71
U05662,loyal_customer,0.84
U05663,new_cold_customer,0.7
U05664,low_engagement,0.74
U05665,new_cold_customer,0.61
U05666,loyal_customer,0.87
U05667,new_cold_customer,0.67
U05668,high_intent,0.99
U05669,new_cold_customer,0.61
U05670,new_cold_customer,0.7
U05671,loyal_customer,0.87
U05672,high_intent,0.99
U05673,high_intent,0.99
U05674,high_intent,0.99
U05675,loyal_customer,0.87
U05676,new_cold_customer,0.61
U05677,new_cold_customer,0.67
U05678,low_engagement,0.77
U05679,new_cold_customer,0.67
U05680,new_cold_customer,0.61
U05681,high_intent,0.99
U05682,new_cold_customer,0.67
U05683,new_cold_customer,0.67
U05684,high_intent,0.99
U05685,loyal_customer,0.81
U05686,low_engagement,0.71
U05687,new_cold_customer,0.67
U05688,low_engagement,0.71
U05689,low_engagement,0.71
U05690,high_intent,0.99
U05691,low_engagement,0.77
U05692,low_engagement,0.74
U05693,new_cold_customer,0.64
U05694,low_engagement,0.77
U05695,loyal_customer,0.84
U05696,low_engagement,0.71
U05697,low_engagement,0.71
U05698,low_engagement,0.77
U05699,low_engagement,0.71
U05700,new_cold_customer,0.7
U05701,new_cold_customer,0.7
U05702,price_sensitive,0.73
U05703,price_sensitive,0.73
U05704,price_sensitive,0.76
U05705,new_cold_customer,0.7
U05706,loyal_customer,0.9
U05707,low_engagement,0.74
U05708,new_cold_customer,0.7
U05709,new_cold_customer,0.67
U05710,new_cold_customer,0.7
U05711,new_cold_customer,0.61
U05712,loyal_customer,0.9
U05713,loyal_customer,0.9
U05714,high_intent,0.97
U05715,low_engagement,0.68
U05716,loyal_customer,0.9
U05717,low_engagement,0.77
U05718,loyal_customer,0.9
U05719,new_cold_customer,0.67
U05720,low_engagement,0.71
U05721,price_sensitive,0.79
U05722,new_cold_customer,0.64
U05723,price_sensitive,0.76
U05724,new_cold_customer,0.61
U05725,new_cold_customer,0.7
U05726,low_engagement,0.77
U05727,new_cold_customer,0.67
U05728,new_cold_customer,0.64
U05729,new_cold_customer,0.7
U05730,low_engagement,0.77
U05731,new_cold_customer,0.7
U05732,new_cold_customer,0.64
U05733,new_cold_customer,0.67
U05734,high_intent,0.99
U05735,low_engagement,0.68
U05736,low_engagement,0.68
U05737,loyal_customer,0.81
U05738,new_cold_customer,0.7
U05739,loyal_customer,0.9
U05740,high_intent,0.99
U05741,new_cold_customer,0.67
U05742,new_cold_customer,0.7
U05743,new_cold_customer,0.67
U05744,low_engagement,0.74
U05745,loyal_customer,0.81
U05746,loyal_customer,0.87
U05747,new_cold_customer,0.64
U05748,new_cold_customer,0.61
U05749,low_engagement,0.68
U05750,high_intent,0.97
U05751,new_cold_customer,0.61
U05752,new_cold_customer,0.67
U05753,low_engagement,0.68
U05754,new_cold_customer,0.64
U05755,new_cold_customer,0.67
U05756,new_cold_customer,0.64
U05757,loyal_customer,0.81
U05758,price_sensitive,0.79
U05759,new_cold_customer,0.67
U05760,loyal_customer,0.9
U05761,high_intent,0.99
U05762,price_sensitive,0.76
U05763,new_cold_customer,0.61
U05764,price_sensitive,0.73
U05765,loyal_customer,0.9
U05766,loyal_customer,0.81
U05767,low_engagement,0.68
U05768,high_intent,0.99
U05769,high_intent,0.99
U05770,low_engagement,0.74
U05771,price_sensitive,0.76
U05772,loyal_customer,0.9
U05773,low_engagement,0.74
U05774,price_sensitive,0.79
U05775,loyal_customer,0.9
U05776,new_cold_customer,0.64
U05777,low_engagement,0.77
U05778,new_cold_customer,0.7
U05779,low_engagement,0.74
U05780,high_intent,0.99
U05781,low_engagement,0.77
U05782,new_cold_customer,0.64
U05783,new_cold_customer,0.67
U05784,high_intent,0.99
U05785,new_cold_customer,0.61
U05786,new_cold_customer,0.64
U05787,new_cold_customer,0.67
U05788,high_intent,0.99
U05789,loyal_customer,0.9
U05790,new_cold_customer,0.67
U05791,new_cold_customer,0.67
U05792,high_intent,0.97
U05793,low_engagement,0.77
U05794,loyal_customer,0.9
U05795,loyal_customer,0.9
U05796,new_cold_customer,0.7
U05797,new_cold_customer,0.7
U05798,loyal_customer,0.87
U05799,low_engagement,0.71
U05800,low_engagement,0.74
U05801,new_cold_customer,0.64
U05802,new_cold_customer,0.67
U05803,new_cold_customer,0.61
U05804,new_cold_customer,0.67
U05805,high_intent,0.99
U05806,new_cold_customer,0.7
U05807,loyal_customer,0.81
U05808,loyal_customer,0.84
U05809,high_intent,0.97
U05810,price_sensitive,0.73
U05811,loyal_customer,0.81
U05812,loyal_customer,0.9
U05813,low_engagement,0.71
U05814,low_engagement,0.77
U05815,low_engagement,0.68
U05816,loyal_customer,0.84
U05817,low_engagement,0.71
U05818,new_cold_customer,0.67
U05819,high_intent,0.99
U05820,new_cold_customer,0.67
U05821,price_sensitive,0.76
U05822,high_intent,0.94
U05823,new_cold_customer,0.64
U05824,low_engagement,0.71
U05825,high_intent,0.94
U05826,low_engagement,0.71
U05827,price_sensitive,0.73
U05828,low_engagement,0.77
U05829,loyal_customer,0.87
U05830,new_cold_customer,0.64
U05831,low_engagement,0.74
U05832,low_engagement,0.71
U05833,low_engagement,0.71
U05834,new_cold_customer,0.64
U05835,price_sensitive,0.73
U05836,loyal_customer,0.87
U05837,low_engagement,0.71
U05838,loyal_customer,0.9
U05839,price_sensitive,0.73
U05840,high_intent,0.99
U05841,low_engagement,0.71
U05842,low_engagement,0.74
U05843,low_engagement,0.68
U05844,price_sensitive,0.79
U05845,new_cold_customer,0.67
U05846,high_intent,0.99
U05847,loyal_customer,0.81
U05848,price_sensitive,0.79
U05849,loyal_customer,0.87
U05850,low_engagement,0.71
U05851,low_engagement,0.77
U05852,low_engagement,0.74
U05853,high_intent,0.99
U05854,low_engagement,0.74
U05855,loyal_customer,0.9
U05856,new_cold_customer,0.67
U05857,high_intent,0.99
U05858,new_cold_customer,0.67
U05859,price_sensitive,0.79
U05860,high_intent,0.94
U05861,high_intent,0.99
U05862,low_engagement,0.74
U05863,low_engagement,0.68
U05864,high_intent,0.97
U05865,loyal_customer,0.84
U05866,loyal_customer,0.84
U05867,price_sensitive,0.73
U05868,new_cold_customer,0.67
U05869,new_cold_customer,0.7
U05870,high_intent,0.99
U05871,low_engagement,0.68
U05872,loyal_customer,0.9
U05873,new_cold_customer,0.7
U05874,loyal_customer,0.84
U05875,high_intent,0.99
U05876,price_sensitive,0.79
U05877,low_engagement,0.77
U05878,low_engagement,0.74
U05879,new_cold_customer,0.64
U05880,low_engagement,0.77
U05881,new_cold_customer,0.67
U05882,new_cold_customer,0.67
U05883,loyal_customer,0.9
U05884,loyal_customer,0.9
U05885,price_sensitive,0.73
U05886,loyal_customer,0.9
U05887,loyal_customer,0.87
U05888,new_cold_customer,0.7
U05889,high_intent,0.99
U05890,loyal_customer,0.87
U05891,low_engagement,0.68
U05892,new_cold_customer,0.61
U05893,loyal_customer,0.81
U05894,high_intent,0.99
U05895,new_cold_customer,0.61
U05896,loyal_customer,0.81
U05897,low_engagement,0.71
U05898,loyal_customer,0.9
U05899,low_engagement,0.68
U05900,loyal_customer,0.81
U05901,high_intent,0.99
U05902,low_engagement,0.77
U05903,new_cold_customer,0.67
U05904,loyal_customer,0.84
U05905,low_engagement,0.74
U05906,high_intent,0.99
U05907,new_cold_customer,0.7
U05908,new_cold_customer,0.61
U05909,low_engagement,0.68
U05910,high_intent,0.99
U05911,new_cold_customer,0.64
U05912,price_sensitive,0.73
U05913,low_engagement,0.74
U05914,new_cold_customer,0.64
U05915,low_engagement,0.68
U05916,new_cold_customer,0.67
U05917,loyal_customer,0.81
U05918,high_intent,0.99
U05919,low_engagement,0.74
U05920,new_cold_customer,0.64
U05921,high_intent,0.99
U05922,loyal_customer,0.84
U05923,new_cold_customer,0.64
U05924,low_engagement,0.77
U05925,new_cold_customer,0.61
U05926,low_engagement,0.71
U05927,loyal_customer,0.9
U05928,low_engagement,0.71
U05929,low_engagement,0.77
U05930,new_cold_customer,0.67
U05931,loyal_customer,0.9
U05932,low_engagement,0.71
U05933,new_cold_customer,0.7
U05934,new_cold_customer,0.64
U05935,low_engagement,0.68
U05936,new_cold_customer,0.67
U05937,low_engagement,0.74
U05938,price_sensitive,0.76
U05939,low_engagement,0.74
U05940,low_engagement,0.68
U05941,new_cold_customer,0.7
U05942,new_cold_customer,0.67
U05943,low_engagement,0.68
U05944,new_cold_customer,0.7
U05945,new_cold_customer,0.64
U05946,loyal_customer,0.9
U05947,low_engagement,0.68
U05948,loyal_customer,0.84
U05949,loyal_customer,0.9
U05950,high_intent,0.99
U05951,high_intent,0.97
U05952,new_cold_customer,0.64
U05953,new_cold_customer,0.67
U05954,loyal_customer,0.9
U05955,loyal_customer,0.9
U05956,low_engagement,0.71
U05957,price_sensitive,0.73
U05958,low_engagement,0.74
U05959,price_sensitive,0.76
U05960,low_engagement,0.71
U05961,low_engagement,0.71
U05962,new_cold_customer,0.61
U05963,loyal_customer,0.87
U05964,high_intent,0.99
U05965,low_engagement,0.71
U05966,low_engagement,0.71
U05967,loyal_customer,0.9
U05968,loyal_customer,0.9
U05969,loyal_customer,0.9
U05970,loyal_customer,0.87
U05971,loyal_customer,0.87
U05972,high_intent,0.99
U05973,new_cold_customer,0.64
U05974,high_intent,0.99
U05975,new_cold_customer,0.67
U05976,new_cold_customer,0.64
U05977,low_engagement,0.77
U05978,new_cold_customer,0.7
U05979,high_intent,0.99
U05980,new_cold_customer,0.67
U05981,high_intent,0.99
U05982,loyal_customer,0.9
U05983,low_engagement,0.71
U05984,new_cold_customer,0.7
U05985,loyal_customer,0.87
U05986,new_cold_customer,0.61
U05987,high_intent,0.99
U05988,low_engagement,0.77
U05989,new_cold_customer,0.61
U05990,new_cold_customer,0.61
U05991,low_engagement,0.77
U05992,new_cold_customer,0.67
U05993,new_cold_customer,0.7
U05994,high_intent,0.99
U05995,loyal_customer,0.87
U05996,high_intent,0.97
U05997,new_cold_customer,0.64
U05998,new_cold_customer,0.64
U05999,price_sensitive,0.79
U06000,low_engagement,0.68
U06001,loyal_customer,0.9
U06002,high_intent,0.97
U06003,new_cold_customer,0.67
U06004,new_cold_customer,0.67
U06005,price_sensitive,0.73
U06006,high_intent,0.99
U06007,new_cold_customer,0.7
U06008,low_engagement,0.68
U06009,low_engagement,0.71
U06010,low_engagement,0.74
U06011,new_cold_customer,0.64
U06012,price_sensitive,0.79
U06013,new_cold_customer,0.67
U06014,price_sensitive,0.76
U06015,low_engagement,0.68
U06016,new_cold_customer,0.61
U06017,new_cold_customer,0.64
U06018,new_cold_customer,0.7
U06019,price_sensitive,0.73
U06020,low_engagement,0.71
U06021,price_sensitive,0.76
U06022,low_engagement,0.74
U06023,low_engagement,0.77
U06024,new_cold_customer,0.7
U06025,new_cold_customer,0.64
U06026,low_engagement,0.68
U06027,low_engagement,0.68
U06028,new_cold_customer,0.7
U06029,low_engagement,0.68
U06030,low_engagement,0.77
U06031,high_intent,0.99
U06032,low_engagement,0.77
U06033,loyal_customer,0.87
U06034,price_sensitive,0.73
U06035,new_cold_customer,0.7
U06036,new_cold_customer,0.67
U06037,new_cold_customer,0.67
U06038,low_engagement,0.71
U06039,new_cold_customer,0.61
U06040,new_cold_customer,0.7
U06041,price_sensitive,0.76
U06042,low_engagement,0.77
U06043,new_cold_customer,0.64
U06044,low_engagement,0.71
U06045,new_cold_customer,0.67
U06046,new_cold_customer,0.61
U06047,loyal_customer,0.9
U06048,new_cold_customer,0.7
U06049,new_cold_customer,0.64
U06050,new_cold_customer,0.7
U06051,new_cold_customer,0.61
U06052,new_cold_customer,0.67
U06053,loyal_customer,0.87
U06054,high_intent,0.97
U06055,new_cold_customer,0.67
U06056,new_cold_customer,0.67
U06057,loyal_customer,0.9
U06058,new_cold_customer,0.67
U06059,loyal_customer,0.84
U06060,low_engagement,0.74
U06061,high_intent,0.99
U06062,new_cold_customer,0.61
U06063,low_engagement,0.71
U06064,high_intent,0.99
U06065,low_engagement,0.77
U06066,new_cold_customer,0.67
U06067,new_cold_customer,0.64
U06068,new_cold_customer,0.64
U06069,loyal_customer,0.9
U06070,low_engagement,0.68
U06071,high_intent,0.99
U06072,low_engagement,0.74
U06073,loyal_customer,0.9
U06074,new_cold_customer,0.67
U06075,new_cold_customer,0.7
U06076,loyal_customer,0.9
U06077,low_engagement,0.74
U06078,loyal_customer,0.9
U06079,new_cold_customer,0.61
U06080,low_engagement,0.77
U06081,new_cold_customer,0.64
U06082,high_intent,0.97
U06083,new_cold_customer,0.7
U06084,new_cold_customer,0.64
U06085,new_cold_customer,0.7
U06086,high_intent,0.99
U06087,new_cold_customer,0.67
U06088,low_engagement,0.71
U06089,new_cold_customer,0.7
U06090,high_intent,0.99
U06091,loyal_customer,0.9
U06092,loyal_customer,0.87
U06093,new_cold_customer,0.61
U06094,loyal_customer,0.87
U06095,loyal_customer,0.81
U06096,high_intent,0.94
U06097,loyal_customer,0.84
U06098,high_intent,0.94
U06099,high_intent,0.97
U06100,low_engagement,0.68
U06101,new_cold_customer,0.64
U06102,low_engagement,0.71
U06103,low_engagement,0.77
U06104,new_cold_customer,0.7
U06105,low_engagement,0.71
U06106,low_engagement,0.68
U06107,new_cold_customer,0.61
U06108,loyal_customer,0.87
U06109,low_engagement,0.77
U06110,new_cold_customer,0.64
U06111,new_cold_customer,0.67
U06112,new_cold_customer,0.7
U06113,new_cold_customer,0.64
U06114,new_cold_customer,0.64
U06115,loyal_customer,0.9
U06116,loyal_customer,0.84
U06117,loyal_customer,0.9
U06118,low_engagement,0.74
U06119,loyal_customer,0.84
U06120,new_cold_customer,0.64
U06121,low_engagement,0.68
U06122,high_intent,0.94
U06123,high_intent,0.99
U06124,low_engagement,0.68
U06125,new_cold_customer,0.64
U06126,loyal_customer,0.81
U06127,low_engagement,0.68
U06128,loyal_customer,0.9
U06129,loyal_customer,0.9
U06130,price_sensitive,0.76
U06131,low_engagement,0.74
U06132,high_intent,0.99
U06133,low_engagement,0.77
U06134,low_engagement,0.74
U06135,new_cold_customer,0.67
U06136,loyal_customer,0.84
U06137,high_intent,0.94
U06138,new_cold_customer,0.61
U06139,loyal_customer,0.9
U06140,new_cold_customer,0.67
U06141,loyal_customer,0.9
U06142,low_engagement,0.71
U06143,new_cold_customer,0.7
U06144,loyal_customer,0.81
U06145,low_engagement,0.68
U06146,low_engagement,0.68
U06147,loyal_customer,0.84
U06148,new_cold_customer,0.7
U06149,high_intent,0.99
U06150,new_cold_customer,0.7
U06151,low_engagement,0.68
U06152,loyal_customer,0.9
U06153,loyal_customer,0.9
U06154,low_engagement,0.68
U06155,price_sensitive,0.73
U06156,new_cold_customer,0.7
U06157,loyal_customer,0.87
U06158,low_engagement,0.77
U06159,new_cold_customer,0.67
U06160,low_engagement,0.71
U06161,new_cold_customer,0.67
U06162,new_cold_customer,0.64
U06163,high_intent,0.99
U06164,loyal_customer,0.84
U06165,new_cold_customer,0.64
U06166,low_engagement,0.74
U06167,price_sensitive,0.73
U06168,loyal_customer,0.81
U06169,low_engagement,0.68
U06170,new_cold_customer,0.67
U06171,low_engagement,0.68
U06172,low_engagement,0.74
U06173,new_cold_customer,0.7
U06174,low_engagement,0.77
U06175,loyal_customer,0.9
U06176,low_engagement,0.68
U06177,new_cold_customer,0.7
U06178,price_sensitive,0.73
U06179,loyal_customer,0.81
U06180,new_cold_customer,0.61
U06181,new_cold_customer,0.7
U06182,low_engagement,0.68
U06183,loyal_customer,0.9
U06184,low_engagement,0.74
U06185,low_engagement,0.71
U06186,new_cold_customer,0.64
U06187,low_engagement,0.74
U06188,new_cold_customer,0.67
U06189,new_cold_customer,0.67
U06190,new_cold_customer,0.7
U06191,loyal_customer,0.9
U06192,new_cold_customer,0.67
U06193,new_cold_customer,0.7
U06194,loyal_customer,0.81
U06195,low_engagement,0.68
U06196,low_engagement,0.77
U06197,loyal_customer,0.81
U06198,low_engagement,0.68
U06199,high_intent,0.99
U06200,new_cold_customer,0.67
U06201,low_engagement,0.74
U06202,loyal_customer,0.81
U06203,new_cold_customer,0.64
U06204,low_engagement,0.71
U06205,high_intent,0.99
U06206,low_engagement,0.71
U06207,low_engagement,0.77
U06208,loyal_customer,0.9
U06209,loyal_customer,0.9
U06210,price_sensitive,0.76
U06211,loyal_customer,0.81
U06212,new_cold_customer,0.64
U06213,loyal_customer,0.84
U06214,low_engagement,0.71
U06215,low_engagement,0.68
U06216,high_intent,0.94
U06217,loyal_customer,0.84
U06218,new_cold_customer,0.7
U06219,new_cold_customer,0.64
U06220,new_cold_customer,0.64
U06221,low_engagement,0.74
U06222,new_cold_customer,0.67
U06223,new_cold_customer,0.7
U06224,high_intent,0.99
U06225,high_intent,0.99
U06226,loyal_customer,0.9
U06227,loyal_customer,0.87
U06228,high_intent,0.97
U06229,high_intent,0.97
U06230,new_cold_customer,0.7
U06231,high_intent,0.99
U06232,new_cold_customer,0.7
U06233,new_cold_customer,0.7
U06234,loyal_customer,0.9
U06235,high_intent,0.99
U06236,new_cold_customer,0.61
U06237,low_engagement,0.74
U06238,low_engagement,0.74
U06239,low_engagement,0.68
U06240,low_engagement,0.71
U06241,high_intent,0.99
U06242,low_engagement,0.71
U06243,loyal_customer,0.9
U06244,low_engagement,0.71
U06245,low_engagement,0.74
U06246,new_cold_customer,0.64
U06247,loyal_customer,0.84
U06248,low_engagement,0.74
U06249,high_intent,0.94
U06250,loyal_customer,0.87
U06251,new_cold_customer,0.67
U06252,new_cold_customer,0.67
U06253,loyal_customer,0.87
U06254,new_cold_customer,0.7
U06255,high_intent,0.99
U06256,loyal_customer,0.87
U06257,new_cold_customer,0.7
U06258,new_cold_customer,0.64
U06259,low_engagement,0.77
U06260,new_cold_customer,0.61
U06261,loyal_customer,0.9
U06262,new_cold_customer,0.67
U06263,high_intent,0.94
U06264,new_cold_customer,0.61
U06265,loyal_customer,0.84
U06266,loyal_customer,0.87
U06267,high_intent,0.99
U06268,new_cold_customer,0.7
U06269,low_engagement,0.74
U06270,loyal_customer,0.9
U06271,new_cold_customer,0.61
U06272,loyal_customer,0.87
U06273,loyal_customer,0.84
U06274,price_sensitive,0.79
U06275,loyal_customer,0.84
U06276,new_cold_customer,0.61
U06277,new_cold_customer,0.64
U06278,price_sensitive,0.73
U06279,new_cold_customer,0.61
U06280,high_intent,0.99
U06281,high_intent,0.94
U06282,high_intent,0.94
U06283,new_cold_customer,0.64
U06284,price_sensitive,0.73
U06285,low_engagement,0.77
U06286,new_cold_customer,0.64
U06287,loyal_customer,0.9
U06288,high_intent,0.97
U06289,new_cold_customer,0.61
U06290,new_cold_customer,0.7
U06291,new_cold_customer,0.67
U06292,low_engagement,0.74
U06293,new_cold_customer,0.7
U06294,low_engagement,0.68
U06295,new_cold_customer,0.67
U06296,new_cold_customer,0.64
U06297,low_engagement,0.71
U06298,low_engagement,0.74
U06299,loyal_customer,0.81
U06300,new_cold_customer,0.61
U06301,loyal_customer,0.81
U06302,loyal_customer,0.87
U06303,low_engagement,0.74
U06304,loyal_customer,0.9
U06305,loyal_customer,0.9
U06306,low_engagement,0.71
U06307,low_engagement,0.68
U06308,low_engagement,0.74
U06309,new_cold_customer,0.61
U06310,new_cold_customer,0.61
U06311,low_engagement,0.74
U06312,loyal_customer,0.9
U06313,price_sensitive,0.79
U06314,new_cold_customer,0.67
U06315,new_cold_customer,0.67
U06316,new_cold_customer,0.67
U06317,new_cold_customer,0.64
U06318,loyal_customer,0.84
U06319,new_cold_customer,0.64
U06320,price_sensitive,0.79
U06321,high_intent,0.99
U06322,new_cold_customer,0.64
U06323,low_engagement,0.77
U06324,new_cold_customer,0.61
U06325,new_cold_customer,0.61
U06326,loyal_customer,0.9
U06327,new_cold_customer,0.7
U06328,low_engagement,0.74
U06329,new_cold_customer,0.61
U06330,new_cold_customer,0.67
U06331,low_engagement,0.71
U06332,new_cold_customer,0.67
U06333,loyal_customer,0.87
U06334,new_cold_customer,0.61
U06335,loyal_customer,0.84
U06336,new_cold_customer,0.67
U06337,new_cold_customer,0.7
U06338,high_intent,0.94
U06339,new_cold_customer,0.67
U06340,new_cold_customer,0.61
U06341,loyal_customer,0.84
U06342,loyal_customer,0.9
U06343,high_intent,0.97
U06344,low_engagement,0.71
U06345,loyal_customer,0.9
U06346,low_engagement,0.71
U06347,loyal_customer,0.81
U06348,low_engagement,0.74
U06349,low_engagement,0.74
U06350,new_cold_customer,0.64
U06351,new_cold_customer,0.7
U06352,price_sensitive,0.73
U06353,loyal_customer,0.84
U06354,new_cold_customer,0.64
U06355,new_cold_customer,0.67
U06356,new_cold_customer,0.64
U06357,high_intent,0.97
U06358,low_engagement,0.77
U06359,low_engagement,0.71
U06360,high_intent,0.97
U06361,new_cold_customer,0.61
U06362,low_engagement,0.68
U06363,new_cold_customer,0.64
U06364,new_cold_customer,0.67
U06365,loyal_customer,0.9
U06366,price_sensitive,0.73
U06367,loyal_customer,0.81
U06368,low_engagement,0.77
U06369,new_cold_customer,0.61
U06370,high_intent,0.99
U06371,new_cold_customer,0.7
U06372,price_sensitive,0.73
U06373,high_intent,0.94
U06374,loyal_customer,0.81
U06375,loyal_customer,0.84
U06376,loyal_customer,0.9
U06377,low_engagement,0.74
U06378,price_sensitive,0.79
U06379,new_cold_customer,0.7
U06380,high_intent,0.97
U06381,low_engagement,0.77
U06382,low_engagement,0.74
U06383,new_cold_customer,0.67
U06384,loyal_customer,0.84
U06385,new_cold_customer,0.64
U06386,price_sensitive,0.76
U06387,new_cold_customer,0.61
U06388,low_engagement,0.71
U06389,price_sensitive,0.73
U06390,new_cold_customer,0.67
U06391,new_cold_customer,0.67
U06392,price_sensitive,0.79
U06393,low_engagement,0.77
U06394,price_sensitive,0.76
U06395,loyal_customer,0.81
U06396,new_cold_customer,0.7
U06397,high_intent,0.99
U06398,loyal_customer,0.84
U06399,price_sensitive,0.79
U06400,new_cold_customer,0.7
U06401,loyal_customer,0.9
U06402,new_cold_customer,0.67
U06403,new_cold_customer,0.67
U06404,new_cold_customer,0.64
U06405,price_sensitive,0.73
U06406,low_engagement,0.71
U06407,low_engagement,0.68
U06408,new_cold_customer,0.67
U06409,new_cold_customer,0.61
U06410,low_engagement,0.68
U06411,new_cold_customer,0.7
U06412,new_cold_customer,0.7
U06413,loyal_customer,0.87
U06414,loyal_customer,0.9
U06415,new_cold_customer,0.61
U06416,loyal_customer,0.9
U06417,loyal_customer,0.84
U06418,price_sensitive,0.79
U06419,new_cold_customer,0.67
U06420,new_cold_customer,0.64
U06421,low_engagement,0.68
U06422,new_cold_customer,0.64
U06423,new_cold_customer,0.61
U06424,new_cold_customer,0.64
U06425,loyal_customer,0.9
U06426,loyal_customer,0.84
U06427,new_cold_customer,0.64
U06428,low_engagement,0.71
U06429,loyal_customer,0.87
U06430,loyal_customer,0.9
U06431,new_cold_customer,0.67
U06432,high_intent,0.99
U06433,high_intent,0.99
U06434,high_intent,0.97
U06435,price_sensitive,0.76
U06436,price_sensitive,0.76
U06437,loyal_customer,0.9
U06438,loyal_customer,0.9
U06439,high_intent,0.99
U06440,low_engagement,0.71
U06441,new_cold_customer,0.67
U06442,new_cold_customer,0.64
U06443,new_cold_customer,0.67
U06444,loyal_customer,0.81
U06445,new_cold_customer,0.7
U06446,loyal_customer,0.9
U06447,price_sensitive,0.73
U06448,low_engagement,0.71
U06449,new_cold_customer,0.61
U06450,low_engagement,0.71
U06451,new_cold_customer,0.67
U06452,loyal_customer,0.9
U06453,low_engagement,0.77
U06454,loyal_customer,0.9
U06455,new_cold_customer,0.64
U06456,low_engagement,0.68
U06457,new_cold_customer,0.61
U06458,new_cold_customer,0.61
U06459,low_engagement,0.68
U06460,high_intent,0.99
U06461,price_sensitive,0.73
U06462,new_cold_customer,0.67
U06463,low_engagement,0.74
U06464,high_intent,0.99
U06465,new_cold_customer,0.67
U06466,low_engagement,0.77
U06467,loyal_customer,0.87
U06468,new_cold_customer,0.64
U06469,low_engagement,0.71
U06470,price_sensitive,0.73
U06471,low_engagement,0.77
U06472,price_sensitive,0.79
U06473,new_cold_customer,0.61
U06474,low_engagement,0.71
U06475,new_cold_customer,0.67
U06476,new_cold_customer,0.64
U06477,price_sensitive,0.73
U06478,new_cold_customer,0.61
U06479,new_cold_customer,0.7
U06480,price_sensitive,0.79
U06481,new_cold_customer,0.7
U06482,new_cold_customer,0.64
U06483,new_cold_customer,0.67
U06484,new_cold_customer,0.7
U06485,new_cold_customer,0.7
U06486,low_engagement,0.71
U06487,loyal_customer,0.9
U06488,new_cold_customer,0.67
U06489,loyal_customer,0.87
U06490,new_cold_customer,0.7
U06491,price_sensitive,0.76
U06492,high_intent,0.99
U06493,low_engagement,0.68
U06494,new_cold_customer,0.61
U06495,price_sensitive,0.76
U06496,loyal_customer,0.87
U06497,low_engagement,0.71
U06498,price_sensitive,0.73
U06499,new_cold_customer,0.67
U06500,new_cold_customer,0.61
U06501,new_cold_customer,0.67
U06502,new_cold_customer,0.61
U06503,high_intent,0.97
U06504,low_engagement,0.74
U06505,loyal_customer,0.9
U06506,low_engagement,0.74
U06507,new_cold_customer,0.67
U06508,loyal_customer,0.81
U06509,high_intent,0.97
U06510,low_engagement,0.71
U06511,high_intent,0.99
U06512,new_cold_customer,0.61
U06513,low_engagement,0.68
U06514,new_cold_customer,0.7
U06515,new_cold_customer,0.67
U06516,loyal_customer,0.84
U06517,new_cold_customer,0.64
U06518,new_cold_customer,0.7
U06519,loyal_customer,0.9
U06520,loyal_customer,0.84
U06521,low_engagement,0.74
U06522,new_cold_customer,0.64
U06523,new_cold_customer,0.67
U06524,loyal_customer,0.9
U06525,high_intent,0.99
U06526,new_cold_customer,0.7
U06527,new_cold_customer,0.67
U06528,new_cold_customer,0.67
U06529,new_cold_customer,0.67
U06530,new_cold_customer,0.61
U06531,new_cold_customer,0.61
U06532,loyal_customer,0.9
U06533,price_sensitive,0.79
U06534,loyal_customer,0.81
U06535,low_engagement,0.77
U06536,low_engagement,0.77
U06537,new_cold_customer,0.7
U06538,price_sensitive,0.79
U06539,low_engagement,0.68
U06540,loyal_customer,0.84
U06541,high_intent,0.99
U06542,new_cold_customer,0.61
U06543,new_cold_customer,0.7
U06544,loyal_customer,0.9
U06545,new_cold_customer,0.61
U06546,high_intent,0.94
U06547,high_intent,0.99
U06548,low_engagement,0.68
U06549,new_cold_customer,0.67
U06550,low_engagement,0.71
U06551,new_cold_customer,0.64
U06552,loyal_customer,0.81
U06553,high_intent,0.99
U06554,price_sensitive,0.79
U06555,high_intent,0.99
U06556,new_cold_customer,0.64
U06557,new_cold_customer,0.61
U06558,new_cold_customer,0.67
U06559,price_sensitive,0.79
U06560,new_cold_customer,0.7
U06561,low_engagement,0.71
U06562,new_cold_customer,0.64
U06563,low_engagement,0.71
U06564,low_engagement,0.68
U06565,loyal_customer,0.81
U06566,new_cold_customer,0.64
U06567,high_intent,0.97
U06568,low_engagement,0.77
U06569,low_engagement,0.71
U06570,low_engagement,0.74
U06571,new_cold_customer,0.64
U06572,high_intent,0.94
U06573,low_engagement,0.71
U06574,low_engagement,0.77
U06575,loyal_customer,0.81
U06576,new_cold_customer,0.7
U06577,low_engagement,0.74
U06578,new_cold_customer,0.67
U06579,new_cold_customer,0.67
U06580,high_intent,0.99
U06581,new_cold_customer,0.67
U06582,new_cold_customer,0.61
U06583,new_cold_customer,0.7
U06584,loyal_customer,0.81
U06585,new_cold_customer,0.67
U06586,new_cold_customer,0.64
U06587,new_cold_customer,0.64
U06588,price_sensitive,0.73
U06589,low_engagement,0.68
U06590,new_cold_customer,0.67
U06591,high_intent,0.99
U06592,loyal_customer,0.9
U06593,new_cold_customer,0.7
U06594,new_cold_customer,0.61
U06595,loyal_customer,0.87
U06596,new_cold_customer,0.61
U06597,price_sensitive,0.73
U06598,new_cold_customer,0.7
U06599,price_sensitive,0.76
U06600,loyal_customer,0.81
U06601,low_engagement,0.68
U06602,price_sensitive,0.73
U06603,low_engagement,0.77
U06604,new_cold_customer,0.64
U06605,high_intent,0.99
U06606,high_intent,0.99
U06607,new_cold_customer,0.64
U06608,loyal_customer,0.81
U06609,low_engagement,0.77
U06610,loyal_customer,0.87
U06611,new_cold_customer,0.64
U06612,new_cold_customer,0.64
U06613,high_intent,0.99
U06614,loyal_customer,0.84
U06615,low_engagement,0.68
U06616,price_sensitive,0.76
U06617,high_intent,0.99
U06618,new_cold_customer,0.61
U06619,price_sensitive,0.73
U06620,new_cold_customer,0.61
U06621,loyal_customer,0.81
U06622,price_sensitive,0.73
U06623,low_engagement,0.71
U06624,new_cold_customer,0.64
U06625,low_engagement,0.71
U06626,low_engagement,0.74
U06627,low_engagement,0.68
U06628,price_sensitive,0.79
U06629,price_sensitive,0.76
U06630,new_cold_customer,0.64
U06631,new_cold_customer,0.64
U06632,loyal_customer,0.9
U06633,price_sensitive,0.73
U06634,low_engagement,0.71
U06635,low_engagement,0.74
U06636,price_sensitive,0.73
U06637,high_intent,0.99
U06638,low_engagement,0.74
U06639,loyal_customer,0.84
U06640,high_intent,0.99
U06641,new_cold_customer,0.61
U06642,new_cold_customer,0.67
U06643,new_cold_customer,0.61
U06644,high_intent,0.94
U06645,high_intent,0.99
U06646,price_sensitive,0.76
U06647,new_cold_customer,0.64
U06648,new_cold_customer,0.67
U06649,new_cold_customer,0.67
U06650,low_engagement,0.71
U06651,low_engagement,0.71
U06652,new_cold_customer,0.67
U06653,low_engagement,0.74
U06654,loyal_customer,0.9
U06655,loyal_customer,0.81
U06656,loyal_customer,0.9
U06657,new_cold_customer,0.67
U06658,loyal_customer,0.87
U06659,price_sensitive,0.76
U06660,loyal_customer,0.81
U06661,new_cold_customer,0.7
U06662,new_cold_customer,0.7
U06663,high_intent,0.99
U06664,new_cold_customer,0.64
U06665,low_engagement,0.74
U06666,loyal_customer,0.9
U06667,high_intent,0.99
U06668,high_intent,0.94
U06669,price_sensitive,0.73
U06670,new_cold_customer,0.64
U06671,loyal_customer,0.81
U06672,loyal_customer,0.87
U06673,low_engagement,0.74
U06674,low_engagement,0.77
U06675,low_engagement,0.68
U06676,new_cold_customer,0.61
U06677,new_cold_customer,0.61
U06678,loyal_customer,0.87
U06679,high_intent,0.99
U06680,high_intent,0.99
U06681,loyal_customer,0.9
U06682,new_cold_customer,0.67
U06683,new_cold_customer,0.67
U06684,low_engagement,0.71
U06685,new_cold_customer,0.7
U06686,new_cold_customer,0.64
U06687,loyal_customer,0.84
U06688,low_engagement,0.74
U06689,low_engagement,0.77
U06690,new_cold_customer,0.7
U06691,loyal_customer,0.81
U06692,low_engagement,0.71
U06693,low_engagement,0.77
U06694,high_intent,0.99
U06695,new_cold_customer,0.7
U06696,loyal_customer,0.81
U06697,loyal_customer,0.84
U06698,loyal_customer,0.9
U06699,loyal_customer,0.84
U06700,low_engagement,0.74
U06701,high_intent,0.99
U06702,high_intent,0.94
U06703,new_cold_customer,0.7
U06704,new_cold_customer,0.61
U06705,loyal_customer,0.81
U06706,new_cold_customer,0.64
U06707,low_engagement,0.71
U06708,new_cold_customer,0.67
U06709,new_cold_customer,0.67
U06710,price_sensitive,0.73
U06711,new_cold_customer,0.67
U06712,high_intent,0.97
U06713,new_cold_customer,0.67
U06714,high_intent,0.97
U06715,loyal_customer,0.81
U06716,low_engagement,0.68
U06717,new_cold_customer,0.61
U06718,low_engagement,0.71
U06719,new_cold_customer,0.64
U06720,new_cold_customer,0.7
U06721,high_intent,0.97
U06722,low_engagement,0.74
U06723,new_cold_customer,0.61
U06724,new_cold_customer,0.61
U06725,low_engagement,0.74
U06726,loyal_customer,0.81
U06727,high_intent,0.94
U06728,new_cold_customer,0.64
U06729,low_engagement,0.71
U06730,loyal_customer,0.81
U06731,new_cold_customer,0.67
U06732,low_engagement,0.68
U06733,low_engagement,0.77
U06734,loyal_customer,0.9
U06735,high_intent,0.97
U06736,new_cold_customer,0.7
U06737,low_engagement,0.74
U06738,loyal_customer,0.87
U06739,new_cold_customer,0.64
U06740,low_engagement,0.71
U06741,new_cold_customer,0.61
U06742,new_cold_customer,0.61
U06743,loyal_customer,0.87
U06744,new_cold_customer,0.64
U06745,high_intent,0.99
U06746,price_sensitive,0.79
U06747,loyal_customer,0.9
U06748,new_cold_customer,0.64
U06749,low_engagement,0.71
U06750,new_cold_customer,0.61
U06751,loyal_customer,0.81
U06752,new_cold_customer,0.67
U06753,new_cold_customer,0.64
U06754,new_cold_customer,0.64
U06755,new_cold_customer,0.7
U06756,loyal_customer,0.81
U06757,new_cold_customer,0.67
U06758,loyal_customer,0.9
U06759,low_engagement,0.77
U06760,low_engagement,0.77
U06761,new_cold_customer,0.64
U06762,low_engagement,0.71
U06763,loyal_customer,0.84
U06764,loyal_customer,0.9
U06765,loyal_customer,0.84
U06766,new_cold_customer,0.64
U06767,low_engagement,0.71
U06768,new_cold_customer,0.61
U06769,low_engagement,0.74
U06770,low_engagement,0.71
U06771,low_engagement,0.68
U06772,new_cold_customer,0.64
U06773,low_engagement,0.71
U06774,low_engagement,0.74
U06775,loyal_customer,0.87
U06776,high_intent,0.99
U06777,loyal_customer,0.84
U06778,new_cold_customer,0.64
U06779,new_cold_customer,0.7
U06780,loyal_customer,0.81
U06781,price_sensitive,0.79
U06782,low_engagement,0.71
U06783,low_engagement,0.68
U06784,loyal_customer,0.84
U06785,low_engagement,0.68
U06786,new_cold_customer,0.7
U06787,new_cold_customer,0.67
U06788,loyal_customer,0.9
U06789,loyal_customer,0.9
U06790,low_engagement,0.74
U06791,new_cold_customer,0.61
U06792,new_cold_customer,0.7
U06793,low_engagement,0.77
U06794,new_cold_customer,0.61
U06795,new_cold_customer,0.67
U06796,new_cold_customer,0.61
U06797,low_engagement,0.68
U06798,new_cold_customer,0.61
U06799,loyal_customer,0.9
U06800,new_cold_customer,0.67
U06801,new_cold_customer,0.64
U06802,new_cold_customer,0.7
U06803,low_engagement,0.71
U06804,new_cold_customer,0.61
U06805,price_sensitive,0.76
U06806,new_cold_customer,0.61
U06807,loyal_customer,0.84
U06808,new_cold_customer,0.61
U06809,new_cold_customer,0.64
U06810,new_cold_customer,0.64
U06811,new_cold_customer,0.67
U06812,new_cold_customer,0.7
U06813,low_engagement,0.77
U06814,new_cold_customer,0.7
U06815,low_engagement,0.77
U06816,high_intent,0.99
U06817,low_engagement,0.77
U06818,new_cold_customer,0.67
U06819,high_intent,0.99
U06820,new_cold_customer,0.61
U06821,loyal_customer,0.84
U06822,high_intent,0.99
U06823,new_cold_customer,0.67
U06824,new_cold_customer,0.7
U06825,high_intent,0.97
U06826,high_intent,0.99
U06827,low_engagement,0.74
U06828,low_engagement,0.77
U06829,loyal_customer,0.9
U06830,new_cold_customer,0.64
U06831,high_intent,0.99
U06832,loyal_customer,0.81
U06833,low_engagement,0.74
U06834,price_sensitive,0.76
U06835,new_cold_customer,0.67
U06836,loyal_customer,0.9
U06837,low_engagement,0.74
U06838,new_cold_customer,0.7
U06839,loyal_customer,0.9
U06840,new_cold_customer,0.7
U06841,loyal_customer,0.87
U06842,new_cold_customer,0.64
U06843,new_cold_customer,0.7
U06844,price_sensitive,0.79
U06845,high_intent,0.99
U06846,price_sensitive,0.73
U06847,new_cold_customer,0.67
U06848,new_cold_customer,0.7
U06849,price_sensitive,0.76
U06850,price_sensitive,0.79
U06851,new_cold_customer,0.67
U06852,new_cold_customer,0.64
U06853,low_engagement,0.71
U06854,high_intent,0.99
U06855,new_cold_customer,0.67
U06856,new_cold_customer,0.61
U06857,loyal_customer,0.84
U06858,low_engagement,0.74
U06859,new_cold_customer,0.64
U06860,new_cold_customer,0.61
U06861,new_cold_customer,0.61
U06862,new_cold_customer,0.67
U06863,low_engagement,0.74
U06864,new_cold_customer,0.61
U06865,high_intent,0.99
U06866,new_cold_customer,0.61
U06867,loyal_customer,0.84
U06868,new_cold_customer,0.64
U06869,high_intent,0.94
U06870,new_cold_customer,0.67
U06871,high_intent,0.94
U06872,high_intent,0.94
U06873,low_engagement,0.74
U06874,new_cold_customer,0.64
U06875,high_intent,0.99
U06876,new_cold_customer,0.67
U06877,low_engagement,0.77
U06878,loyal_customer,0.84
U06879,new_cold_customer,0.64
U06880,high_intent,0.99
U06881,new_cold_customer,0.64
U06882,loyal_customer,0.81
U06883,low_engagement,0.74
U06884,low_engagement,0.71
U06885,high_intent,0.94
U06886,low_engagement,0.71
U06887,loyal_customer,0.84
U06888,loyal_customer,0.9
U06889,new_cold_customer,0.67
U06890,new_cold_customer,0.7
U06891,loyal_customer,0.81
U06892,loyal_customer,0.9
U06893,high_intent,0.99
U06894,high_intent,0.99
U06895,low_engagement,0.71
U06896,price_sensitive,0.79
U06897,low_engagement,0.68
U06898,low_engagement,0.77
U06899,loyal_customer,0.9
U06900,new_cold_customer,0.61
U06901,loyal_customer,0.84
U06902,low_engagement,0.68
U06903,new_cold_customer,0.64
U06904,new_cold_customer,0.61
U06905,high_intent,0.99
U06906,low_engagement,0.77
U06907,high_intent,0.99
U06908,price_sensitive,0.73
U06909,low_engagement,0.71
U06910,loyal_customer,0.81
U06911,high_intent,0.99
U06912,low_engagement,0.71
U06913,low_engagement,0.71
U06914,high_intent,0.99
U06915,loyal_customer,0.81
U06916,high_intent,0.97
U06917,loyal_customer,0.9
U06918,high_intent,0.99
U06919,high_intent,0.97
U06920,new_cold_customer,0.7
U06921,new_cold_customer,0.7
U06922,low_engagement,0.74
U06923,new_cold_customer,0.64
U06924,low_engagement,0.77
U06925,low_engagement,0.68
U06926,low_engagement,0.71
U06927,low_engagement,0.68
U06928,new_cold_customer,0.7
U06929,new_cold_customer,0.7
U06930,low_engagement,0.68
U06931,high_intent,0.99
U06932,new_cold_customer,0.67
U06933,new_cold_customer,0.64
U06934,new_cold_customer,0.61
U06935,new_cold_customer,0.61
U06936,new_cold_customer,0.67
U06937,low_engagement,0.68
U06938,high_intent,0.99
U06939,new_cold_customer,0.67
U06940,low_engagement,0.71
U06941,new_cold_customer,0.61
U06942,new_cold_customer,0.64
U06943,low_engagement,0.74
U06944,new_cold_customer,0.64
U06945,low_engagement,0.77
U06946,low_engagement,0.68
U06947,low_engagement,0.68
U06948,price_sensitive,0.73
U06949,loyal_customer,0.9
U06950,high_intent,0.99
U06951,high_intent,0.99
U06952,new_cold_customer,0.7
U06953,loyal_customer,0.9
U06954,new_cold_customer,0.64
U06955,price_sensitive,0.79
U06956,new_cold_customer,0.64
U06957,high_intent,0.99
U06958,loyal_customer,0.87
U06959,high_intent,0.99
U06960,loyal_customer,0.87
U06961,low_engagement,0.74
U06962,low_engagement,0.77
U06963,low_engagement,0.71
U06964,new_cold_customer,0.61
U06965,new_cold_customer,0.7
U06966,low_engagement,0.68
U06967,high_intent,0.94
U06968,loyal_customer,0.87
U06969,low_engagement,0.68
U06970,loyal_customer,0.9
U06971,low_engagement,0.74
U06972,high_intent,0.99
U06973,low_engagement,0.77
U06974,new_cold_customer,0.61
U06975,low_engagement,0.74
U06976,new_cold_customer,0.7
U06977,loyal_customer,0.84
U06978,low_engagement,0.68
U06979,low_engagement,0.74
U06980,loyal_customer,0.9
U06981,new_cold_customer,0.61
U06982,low_engagement,0.68
U06983,price_sensitive,0.79
U06984,loyal_customer,0.9
U06985,new_cold_customer,0.64
U06986,new_cold_customer,0.67
U06987,new_cold_customer,0.64
U06988,new_cold_customer,0.7
U06989,price_sensitive,0.76
U06990,new_cold_customer,0.61
U06991,price_sensitive,0.76
U06992,low_engagement,0.77
U06993,new_cold_customer,0.7
U06994,low_engagement,0.77
U06995,price_sensitive,0.76
U06996,low_engagement,0.74
U06997,low_engagement,0.74
U06998,new_cold_customer,0.67
U06999,high_intent,0.97
U07000,new_cold_customer,0.61
U07001,new_cold_customer,0.64
U07002,loyal_customer,0.9
U07003,loyal_customer,0.84
U07004,new_cold_customer,0.64
U07005,new_cold_customer,0.67
U07006,low_engagement,0.77
U07007,loyal_customer,0.9
U07008,low_engagement,0.74
U07009,high_intent,0.99
U07010,loyal_customer,0.81
U07011,high_intent,0.97
U07012,new_cold_customer,0.64
U07013,low_engagement,0.71
U07014,low_engagement,0.74
U07015,price_sensitive,0.79
U07016,loyal_customer,0.81
U07017,high_intent,0.94
U07018,new_cold_customer,0.64
U07019,new_cold_customer,0.67
U07020,new_cold_customer,0.7
U07021,new_cold_customer,0.64
U07022,price_sensitive,0.73
U07023,new_cold_customer,0.7
U07024,new_cold_customer,0.61
U07025,new_cold_customer,0.7
U07026,price_sensitive,0.73
U07027,new_cold_customer,0.67
U07028,low_engagement,0.68
U07029,new_cold_customer,0.64
U07030,new_cold_customer,0.67
U07031,loyal_customer,0.87
U07032,loyal_customer,0.9
U07033,low_engagement,0.71
U07034,new_cold_customer,0.61
U07035,new_cold_customer,0.61
U07036,high_intent,0.99
U07037,low_engagement,0.77
U07038,new_cold_customer,0.64
U07039,new_cold_customer,0.61
U07040,high_intent,0.99
U07041,new_cold_customer,0.64
U07042,high_intent,0.99
U07043,high_intent,0.99
U07044,loyal_customer,0.81
U07045,loyal_customer,0.9
U07046,high_intent,0.97
U07047,new_cold_customer,0.64
U07048,low_engagement,0.68
U07049,low_engagement,0.68
U07050,new_cold_customer,0.67
U07051,low_engagement,0.74
U07052,high_intent,0.99
U07053,new_cold_customer,0.64
U07054,new_cold_customer,0.61
U07055,new_cold_customer,0.64
U07056,low_engagement,0.77
U07057,new_cold_customer,0.7
U07058,low_engagement,0.77
U07059,new_cold_customer,0.61
U07060,low_engagement,0.74
U07061,new_cold_customer,0.7
U07062,new_cold_customer,0.61
U07063,low_engagement,0.68
U07064,loyal_customer,0.87
U07065,new_cold_customer,0.61
U07066,loyal_customer,0.87
U07067,loyal_customer,0.81
U07068,new_cold_customer,0.7
U07069,loyal_customer,0.9
U07070,new_cold_customer,0.7
U07071,new_cold_customer,0.7
U07072,price_sensitive,0.73
U07073,low_engagement,0.74
U07074,new_cold_customer,0.7
U07075,new_cold_customer,0.67
U07076,high_intent,0.99
U07077,new_cold_customer,0.67
U07078,new_cold_customer,0.64
U07079,high_intent,0.99
U07080,low_engagement,0.74
U07081,new_cold_customer,0.67
U07082,low_engagement,0.68
U07083,price_sensitive,0.76
U07084,low_engagement,0.74
U07085,high_intent,0.99
U07086,loyal_customer,0.9
U07087,price_sensitive,0.79
U07088,new_cold_customer,0.61
U07089,new_cold_customer,0.67
U07090,low_engagement,0.68
U07091,new_cold_customer,0.61
U07092,loyal_customer,0.84
U07093,high_intent,0.99
U07094,low_engagement,0.77
U07095,new_cold_customer,0.64
U07096,new_cold_customer,0.67
U07097,high_intent,0.97
U07098,new_cold_customer,0.61
U07099,new_cold_customer,0.7
U07100,new_cold_customer,0.61
U07101,new_cold_customer,0.61
U07102,low_engagement,0.68
U07103,low_engagement,0.74
U07104,low_engagement,0.68
U07105,price_sensitive,0.79
U07106,high_intent,0.99
U07107,new_cold_customer,0.64
U07108,loyal_customer,0.9
U07109,loyal_customer,0.87
U07110,price_sensitive,0.76
U07111,loyal_customer,0.87
U07112,loyal_customer,0.81
U07113,loyal_customer,0.84
U07114,loyal_customer,0.9
U07115,high_intent,0.99
U07116,loyal_customer,0.87
U07117,high_intent,0.99
U07118,new_cold_customer,0.7
U07119,new_cold_customer,0.64
U07120,new_cold_customer,0.7
U07121,low_engagement,0.71
U07122,low_engagement,0.74
U07123,low_engagement,0.68
U07124,low_engagement,0.77
U07125,low_engagement,0.68
U07126,new_cold_customer,0.64
U07127,low_engagement,0.71
U07128,price_sensitive,0.79
U07129,price_sensitive,0.79
U07130,low_engagement,0.68
U07131,new_cold_customer,0.67
U07132,loyal_customer,0.9
U07133,new_cold_customer,0.64
U07134,low_engagement,0.74
U07135,loyal_customer,0.84
U07136,low_engagement,0.77
U07137,high_intent,0.99
U07138,low_engagement,0.71
U07139,low_engagement,0.71
U07140,new_cold_customer,0.64
U07141,new_cold_customer,0.64
U07142,new_cold_customer,0.64
U07143,high_intent,0.99
U07144,high_intent,0.94
U07145,loyal_customer,0.81
U07146,new_cold_customer,0.61
U07147,low_engagement,0.71
U07148,loyal_customer,0.81
U07149,new_cold_customer,0.64
U07150,low_engagement,0.74
U07151,loyal_customer,0.9
U07152,new_cold_customer,0.64
U07153,new_cold_customer,0.7
U07154,new_cold_customer,0.67
U07155,high_intent,0.97
U07156,low_engagement,0.68
U07157,new_cold_customer,0.64
U07158,loyal_customer,0.84
U07159,new_cold_customer,0.64
U07160,new_cold_customer,0.64
U07161,low_engagement,0.77
U07162,new_cold_customer,0.67
U07163,new_cold_customer,0.61
U07164,new_cold_customer,0.7
U07165,low_engagement,0.71
U07166,new_cold_customer,0.7
U07167,loyal_customer,0.9
U07168,price_sensitive,0.76
U07169,loyal_customer,0.81
U07170,low_engagement,0.68
U07171,new_cold_customer,0.7
U07172,low_engagement,0.74
U07173,high_intent,0.97
U07174,new_cold_customer,0.67
U07175,loyal_customer,0.84
U07176,price_sensitive,0.73
U07177,loyal_customer,0.81
U07178,new_cold_customer,0.67
U07179,price_sensitive,0.79
U07180,low_engagement,0.74
U07181,high_intent,0.99
U07182,low_engagement,0.68
U07183,loyal_customer,0.9
U07184,new_cold_customer,0.64
U07185,price_sensitive,0.79
U07186,high_intent,0.99
U07187,loyal_customer,0.9
U07188,loyal_customer,0.81
U07189,loyal_customer,0.84
U07190,low_engagement,0.74
U07191,high_intent,0.99
U07192,new_cold_customer,0.7
U07193,price_sensitive,0.76
U07194,high_intent,0.99
U07195,loyal_customer,0.84
U07196,high_intent,0.99
U07197,new_cold_customer,0.7
U07198,low_engagement,0.71
U07199,low_engagement,0.77
U07200,loyal_customer,0.9
U07201,low_engagement,0.68
U07202,low_engagement,0.68
U07203,new_cold_customer,0.67
U07204,high_intent,0.99
U07205,new_cold_customer,0.7
U07206,new_cold_customer,0.7
U07207,low_engagement,0.74
U07208,low_engagement,0.74
U07209,low_engagement,0.68
U07210,new_cold_customer,0.7
U07211,low_engagement,0.74
U07212,loyal_customer,0.9
U07213,new_cold_customer,0.61
U07214,new_cold_customer,0.67
U07215,new_cold_customer,0.67
U07216,new_cold_customer,0.67
U07217,new_cold_customer,0.61
U07218,new_cold_customer,0.61
U07219,loyal_customer,0.9
U07220,new_cold_customer,0.7
U07221,high_intent,0.97
U07222,loyal_customer,0.81
U07223,high_intent,0.97
U07224,loyal_customer,0.81
U07225,new_cold_customer,0.7
U07226,low_engagement,0.71
U07227,loyal_customer,0.9
U07228,loyal_customer,0.84
U07229,low_engagement,0.74
U07230,new_cold_customer,0.7
U07231,new_cold_customer,0.7
U07232,low_engagement,0.68
U07233,low_engagement,0.68
U07234,loyal_customer,0.9
U07235,price_sensitive,0.79
U07236,new_cold_customer,0.67
U07237,new_cold_customer,0.67
U07238,low_engagement,0.71
U07239,low_engagement,0.77
U07240,new_cold_customer,0.61
U07241,price_sensitive,0.73
U07242,new_cold_customer,0.7
U07243,low_engagement,0.74
U07244,high_intent,0.99
U07245,low_engagement,0.71
U07246,high_intent,0.99
U07247,new_cold_customer,0.61
U07248,new_cold_customer,0.7
U07249,new_cold_customer,0.67
U07250,low_engagement,0.68
U07251,loyal_customer,0.9
U07252,new_cold_customer,0.67
U07253,new_cold_customer,0.7
U07254,low_engagement,0.71
U07255,low_engagement,0.68
U07256,loyal_customer,0.87
U07257,low_engagement,0.77
U07258,new_cold_customer,0.67
U07259,price_sensitive,0.76
U07260,new_cold_customer,0.7
U07261,new_cold_customer,0.61
U07262,new_cold_customer,0.67
U07263,high_intent,0.99
U07264,low_engagement,0.71
U07265,high_intent,0.99
U07266,loyal_customer,0.87
U07267,new_cold_customer,0.61
U07268,price_sensitive,0.79
U07269,new_cold_customer,0.64
U07270,new_cold_customer,0.61
U07271,price_sensitive,0.79
U07272,new_cold_customer,0.67
U07273,loyal_customer,0.87
U07274,low_engagement,0.71
U07275,new_cold_customer,0.61
U07276,new_cold_customer,0.64
U07277,new_cold_customer,0.64
U07278,new_cold_customer,0.67
U07279,loyal_customer,0.9
U07280,new_cold_customer,0.64
U07281,loyal_customer,0.9
U07282,high_intent,0.94
U07283,new_cold_customer,0.67
U07284,new_cold_customer,0.64
U07285,loyal_customer,0.81
U07286,loyal_customer,0.84
U07287,new_cold_customer,0.61
U07288,loyal_customer,0.9
U07289,high_intent,0.94
U07290,new_cold_customer,0.7
U07291,loyal_customer,0.87
U07292,new_cold_customer,0.64
U07293,low_engagement,0.68
U07294,new_cold_customer,0.61
U07295,low_engagement,0.68
U07296,low_engagement,0.71
U07297,loyal_customer,0.9
U07298,new_cold_customer,0.61
U07299,low_engagement,0.68
U07300,low_engagement,0.74
U07301,low_engagement,0.74
U07302,low_engagement,0.71
U07303,loyal_customer,0.84
U07304,low_engagement,0.77
U07305,low_engagement,0.68
U07306,loyal_customer,0.87
U07307,price_sensitive,0.73
U07308,new_cold_customer,0.61
U07309,new_cold_customer,0.7
U07310,high_intent,0.99
U07311,new_cold_customer,0.7
U07312,loyal_customer,0.84
U07313,low_engagement,0.71
U07314,loyal_customer,0.81
U07315,price_sensitive,0.79
U07316,low_engagement,0.68
U07317,loyal_customer,0.87
U07318,low_engagement,0.77
U07319,loyal_customer,0.9
U07320,loyal_customer,0.81
U07321,new_cold_customer,0.61
U07322,loyal_customer,0.87
U07323,high_intent,0.99
U07324,low_engagement,0.68
U07325,new_cold_customer,0.7
U07326,low_engagement,0.77
U07327,loyal_customer,0.87
U07328,high_intent,0.99
U07329,high_intent,0.99
U07330,new_cold_customer,0.64
U07331,low_engagement,0.74
U07332,new_cold_customer,0.61
U07333,loyal_customer,0.84
U07334,low_engagement,0.71
U07335,high_intent,0.97
U07336,low_engagement,0.71
U07337,new_cold_customer,0.64
U07338,loyal_customer,0.84
U07339,new_cold_customer,0.67
U07340,new_cold_customer,0.7
U07341,loyal_customer,0.87
U07342,low_engagement,0.77
U07343,loyal_customer,0.84
U07344,new_cold_customer,0.61
U07345,loyal_customer,0.9
U07346,high_intent,0.94
U07347,new_cold_customer,0.67
U07348,low_engagement,0.68
U07349,loyal_customer,0.87
U07350,low_engagement,0.71
U07351,low_engagement,0.68
U07352,new_cold_customer,0.61
U07353,loyal_customer,0.9
U07354,loyal_customer,0.87
U07355,low_engagement,0.74
U07356,low_engagement,0.71
U07357,loyal_customer,0.9
U07358,new_cold_customer,0.64
U07359,loyal_customer,0.9
U07360,loyal_customer,0.84
U07361,loyal_customer,0.87
U07362,loyal_customer,0.87
U07363,loyal_customer,0.84
U07364,high_intent,0.99
U07365,new_cold_customer,0.61
U07366,high_intent,0.99
U07367,low_engagement,0.74
U07368,price_sensitive,0.79
U07369,low_engagement,0.77
U07370,high_intent,0.94
U07371,low_engagement,0.71
U07372,new_cold_customer,0.61
U07373,loyal_customer,0.81
U07374,new_cold_customer,0.7
U07375,loyal_customer,0.9
U07376,new_cold_customer,0.61
U07377,loyal_customer,0.9
U07378,loyal_customer,0.81
U07379,new_cold_customer,0.61
U07380,low_engagement,0.74
U07381,price_sensitive,0.76
U07382,new_cold_customer,0.7
U07383,new_cold_customer,0.7
U07384,low_engagement,0.68
U07385,new_cold_customer,0.67
U07386,low_engagement,0.68
U07387,new_cold_customer,0.67
U07388,loyal_customer,0.84
U07389,low_engagement,0.74
U07390,new_cold_customer,0.61
U07391,high_intent,0.99
U07392,loyal_customer,0.9
U07393,loyal_customer,0.9
U07394,new_cold_customer,0.67
U07395,low_engagement,0.71
U07396,low_engagement,0.74
U07397,low_engagement,0.71
U07398,price_sensitive,0.76
U07399,low_engagement,0.77
U07400,loyal_customer,0.87
U07401,new_cold_customer,0.61
U07402,price_sensitive,0.73
U07403,high_intent,0.99
U07404,low_engagement,0.68
U07405,new_cold_customer,0.64
U07406,price_sensitive,0.76
U07407,new_cold_customer,0.61
U07408,price_sensitive,0.76
U07409,low_engagement,0.74
U07410,new_cold_customer,0.7
U07411,new_cold_customer,0.64
U07412,high_intent,0.99
U07413,low_engagement,0.74
U07414,high_intent,0.99
U07415,new_cold_customer,0.61
U07416,loyal_customer,0.87
U07417,low_engagement,0.77
U07418,loyal_customer,0.81
U07419,high_intent,0.99
U07420,loyal_customer,0.87
U07421,low_engagement,0.68
U07422,price_sensitive,0.76
U07423,new_cold_customer,0.7
U07424,new_cold_customer,0.64
U07425,high_intent,0.99
U07426,new_cold_customer,0.67
U07427,new_cold_customer,0.67
U07428,price_sensitive,0.73
U07429,new_cold_customer,0.61
U07430,loyal_customer,0.81
U07431,new_cold_customer,0.61
U07432,low_engagement,0.71
U07433,price_sensitive,0.73
U07434,new_cold_customer,0.7
U07435,new_cold_customer,0.7
U07436,high_intent,0.99
U07437,low_engagement,0.74
U07438,new_cold_customer,0.61
U07439,new_cold_customer,0.67
U07440,new_cold_customer,0.67
U07441,new_cold_customer,0.7
U07442,low_engagement,0.68
U07443,low_engagement,0.74
U07444,high_intent,0.99
U07445,price_sensitive,0.79
U07446,loyal_customer,0.9
U07447,loyal_customer,0.9
U07448,new_cold_customer,0.7
U07449,price_sensitive,0.76
U07450,high_intent,0.94
U07451,low_engagement,0.77
U07452,new_cold_customer,0.7
U07453,high_intent,0.99
U07454,new_cold_customer,0.67
U07455,loyal_customer,0.9
U07456,new_cold_customer,0.61
U07457,low_engagement,0.71
U07458,low_engagement,0.68
U07459,new_cold_customer,0.64
U07460,low_engagement,0.71
U07461,new_cold_customer,0.67
U07462,low_engagement,0.74
U07463,new_cold_customer,0.7
U07464,low_engagement,0.71
U07465,low_engagement,0.68
U07466,low_engagement,0.68
U07467,new_cold_customer,0.64
U07468,high_intent,0.99
U07469,low_engagement,0.74
U07470,new_cold_customer,0.67
U07471,loyal_customer,0.84
U07472,new_cold_customer,0.67
U07473,low_engagement,0.77
U07474,new_cold_customer,0.61
U07475,new_cold_customer,0.64
U07476,loyal_customer,0.87
U07477,loyal_customer,0.87
U07478,loyal_customer,0.87
U07479,new_cold_customer,0.61
U07480,new_cold_customer,0.61
U07481,new_cold_customer,0.64
U07482,new_cold_customer,0.64
U07483,high_intent,0.99
U07484,low_engagement,0.74
U07485,low_engagement,0.77
U07486,loyal_customer,0.9
U07487,high_intent,0.99
U07488,low_engagement,0.71
U07489,low_engagement,0.71
U07490,low_engagement,0.71
U07491,new_cold_customer,0.61
U07492,new_cold_customer,0.61
U07493,new_cold_customer,0.61
U07494,new_cold_customer,0.64
U07495,low_engagement,0.77
U07496,low_engagement,0.77
U07497,loyal_customer,0.87
U07498,low_engagement,0.74
U07499,loyal_customer,0.9
U07500,price_sensitive,0.79
U07501,high_intent,0.99
U07502,low_engagement,0.71
U07503,price_sensitive,0.73
U07504,new_cold_customer,0.61
U07505,new_cold_customer,0.61
U07506,new_cold_customer,0.67
U07507,new_cold_customer,0.7
U07508,loyal_customer,0.9
U07509,new_cold_customer,0.64
U07510,price_sensitive,0.73
U07511,low_engagement,0.68
U07512,high_intent,0.99
U07513,loyal_customer,0.9
U07514,new_cold_customer,0.7
U07515,new_cold_customer,0.7
U07516,loyal_customer,0.9
U07517,new_cold_customer,0.7
U07518,new_cold_customer,0.64
U07519,loyal_customer,0.81
U07520,new_cold_customer,0.7
U07521,loyal_customer,0.84
U07522,loyal_customer,0.9
U07523,high_intent,0.99
U07524,new_cold_customer,0.7
U07525,price_sensitive,0.76
U07526,low_engagement,0.77
U07527,high_intent,0.99
U07528,new_cold_customer,0.64
U07529,new_cold_customer,0.61
U07530,new_cold_customer,0.7
U07531,new_cold_customer,0.61
U07532,high_intent,0.99
U07533,high_intent,0.99
U07534,low_engagement,0.71
U07535,low_engagement,0.77
U07536,low_engagement,0.77
U07537,loyal_customer,0.81
U07538,loyal_customer,0.81
U07539,new_cold_customer,0.7
U07540,loyal_customer,0.81
U07541,new_cold_customer,0.64
U07542,loyal_customer,0.84
U07543,new_cold_customer,0.61
U07544,loyal_customer,0.9
U07545,loyal_customer,0.9
U07546,price_sensitive,0.79
U07547,high_intent,0.99
U07548,loyal_customer,0.81
U07549,low_engagement,0.77
U07550,price_sensitive,0.73
U07551,high_intent,0.99
U07552,low_engagement,0.74
U07553,price_sensitive,0.79
U07554,loyal_customer,0.84
U07555,low_engagement,0.74
U07556,new_cold_customer,0.61
U07557,low_engagement,0.71
U07558,new_cold_customer,0.7
U07559,new_cold_customer,0.61
U07560,high_intent,0.99
U07561,low_engagement,0.74
U07562,new_cold_customer,0.61
U07563,price_sensitive,0.76
U07564,low_engagement,0.68
U07565,new_cold_customer,0.67
U07566,new_cold_customer,0.61
U07567,low_engagement,0.77
U07568,new_cold_customer,0.67
U07569,high_intent,0.99
U07570,loyal_customer,0.81
U07571,price_sensitive,0.73
U07572,price_sensitive,0.73
U07573,low_engagement,0.71
U07574,new_cold_customer,0.7
U07575,new_cold_customer,0.67
U07576,low_engagement,0.68
U07577,price_sensitive,0.76
U07578,loyal_customer,0.9
U07579,new_cold_customer,0.61
U07580,low_engagement,0.74
U07581,new_cold_customer,0.67
U07582,new_cold_customer,0.61
U07583,new_cold_customer,0.7
U07584,new_cold_customer,0.67
U07585,loyal_customer,0.84
U07586,high_intent,0.97
U07587,new_cold_customer,0.64
U07588,new_cold_customer,0.64
U07589,new_cold_customer,0.64
U07590,high_intent,0.99
U07591,high_intent,0.99
U07592,price_sensitive,0.79
U07593,loyal_customer,0.9
U07594,price_sensitive,0.79
U07595,price_sensitive,0.73
U07596,new_cold_customer,0.61
U07597,loyal_customer,0.87
U07598,new_cold_customer,0.67
U07599,new_cold_customer,0.7
U07600,loyal_customer,0.87
U07601,new_cold_customer,0.61
U07602,loyal_customer,0.9
U07603,loyal_customer,0.9
U07604,loyal_customer,0.87
U07605,low_engagement,0.74
U07606,new_cold_customer,0.61
U07607,low_engagement,0.74
U07608,loyal_customer,0.84
U07609,new_cold_customer,0.67
U07610,new_cold_customer,0.7
U07611,price_sensitive,0.73
U07612,loyal_customer,0.84
U07613,loyal_customer,0.84
U07614,low_engagement,0.77
U07615,low_engagement,0.74
U07616,new_cold_customer,0.64
U07617,new_cold_customer,0.67
U07618,price_sensitive,0.73
U07619,new_cold_customer,0.67
U07620,new_cold_customer,0.7
U07621,high_intent,0.99
U07622,low_engagement,0.68
U07623,price_sensitive,0.79
U07624,new_cold_customer,0.61
U07625,low_engagement,0.74
U07626,low_engagement,0.77
U07627,new_cold_customer,0.61
U07628,loyal_customer,0.87
U07629,loyal_customer,0.9
U07630,loyal_customer,0.9
U07631,price_sensitive,0.79
U07632,loyal_customer,0.9
U07633,new_cold_customer,0.61
U07634,price_sensitive,0.73
U07635,new_cold_customer,0.67
U07636,new_cold_customer,0.7
U07637,new_cold_customer,0.61
U07638,low_engagement,0.74
U07639,low_engagement,0.77
U07640,new_cold_customer,0.7
U07641,loyal_customer,0.9
U07642,new_cold_customer,0.7
U07643,new_cold_customer,0.7
U07644,low_engagement,0.71
U07645,new_cold_customer,0.61
U07646,loyal_customer,0.81
U07647,new_cold_customer,0.67
U07648,low_engagement,0.74
U07649,new_cold_customer,0.64
U07650,low_engagement,0.71
U07651,low_engagement,0.74
U07652,loyal_customer,0.84
U07653,new_cold_customer,0.64
U07654,high_intent,0.99
U07655,low_engagement,0.71
U07656,low_engagement,0.71
U07657,new_cold_customer,0.61
U07658,new_cold_customer,0.7
U07659,new_cold_customer,0.67
U07660,loyal_customer,0.9
U07661,high_intent,0.99
U07662,low_engagement,0.74
U07663,loyal_customer,0.87
U07664,loyal_customer,0.84
U07665,low_engagement,0.77
U07666,low_engagement,0.74
U07667,price_sensitive,0.76
U07668,loyal_customer,0.87
U07669,low_engagement,0.71
U07670,high_intent,0.99
U07671,new_cold_customer,0.7
U07672,new_cold_customer,0.67
U07673,new_cold_customer,0.64
U07674,low_engagement,0.74
U07675,loyal_customer,0.87
U07676,new_cold_customer,0.67
U07677,loyal_customer,0.9
U07678,low_engagement,0.68
U07679,new_cold_customer,0.7
U07680,high_intent,0.97
U07681,high_intent,0.99
U07682,high_intent,0.99
U07683,new_cold_customer,0.67
U07684,loyal_customer,0.84
U07685,price_sensitive,0.79
U07686,high_intent,0.94
U07687,loyal_customer,0.9
U07688,new_cold_customer,0.61
U07689,loyal_customer,0.87
U07690,high_intent,0.99
U07691,price_sensitive,0.73
U07692,new_cold_customer,0.7
U07693,high_intent,0.94
U07694,low_engagement,0.71
U07695,new_cold_customer,0.64
U07696,new_cold_customer,0.7
U07697,loyal_customer,0.9
U07698,low_engagement,0.74
U07699,low_engagement,0.68
U07700,low_engagement,0.74
U07701,low_engagement,0.68
U07702,loyal_customer,0.9
U07703,price_sensitive,0.76
U07704,new_cold_customer,0.64
U07705,new_cold_customer,0.64
U07706,low_engagement,0.68
U07707,loyal_customer,0.81
U07708,low_engagement,0.68
U07709,high_intent,0.99
U07710,price_sensitive,0.73
U07711,price_sensitive,0.73
U07712,new_cold_customer,0.7
U07713,new_cold_customer,0.7
U07714,low_engagement,0.71
U07715,low_engagement,0.71
U07716,new_cold_customer,0.7
U07717,loyal_customer,0.9
U07718,price_sensitive,0.76
U07719,low_engagement,0.77
U07720,high_intent,0.99
U07721,low_engagement,0.71
U07722,low_engagement,0.74
U07723,new_cold_customer,0.64
U07724,price_sensitive,0.76
U07725,new_cold_customer,0.61
U07726,low_engagement,0.71
U07727,low_engagement,0.68
U07728,new_cold_customer,0.61
U07729,loyal_customer,0.81
U07730,new_cold_customer,0.61
U07731,loyal_customer,0.9
U07732,new_cold_customer,0.67
U07733,new_cold_customer,0.67
U07734,new_cold_customer,0.64
U07735,new_cold_customer,0.7
U07736,high_intent,0.99
U07737,low_engagement,0.74
U07738,low_engagement,0.77
U07739,high_intent,0.99
U07740,high_intent,0.94
U07741,new_cold_customer,0.61
U07742,loyal_customer,0.81
U07743,loyal_customer,0.81
U07744,new_cold_customer,0.64
U07745,loyal_customer,0.9
U07746,new_cold_customer,0.61
U07747,new_cold_customer,0.64
U07748,new_cold_customer,0.61
U07749,low_engagement,0.77
U07750,loyal_customer,0.87
U07751,new_cold_customer,0.7
U07752,loyal_customer,0.87
U07753,price_sensitive,0.73
U07754,new_cold_customer,0.7
U07755,low_engagement,0.77
U07756,low_engagement,0.74
U07757,loyal_customer,0.84
U07758,new_cold_customer,0.64
U07759,new_cold_customer,0.64
U07760,low_engagement,0.68
U07761,new_cold_customer,0.67
U07762,loyal_customer,0.9
U07763,new_cold_customer,0.64
U07764,new_cold_customer,0.61
U07765,new_cold_customer,0.67
U07766,new_cold_customer,0.7
U07767,new_cold_customer,0.7
U07768,new_cold_customer,0.67
U07769,low_engagement,0.68
U07770,loyal_customer,0.87
U07771,loyal_customer,0.9
U07772,loyal_customer,0.81
U07773,high_intent,0.99
U07774,new_cold_customer,0.61
U07775,low_engagement,0.71
U07776,low_engagement,0.77
U07777,price_sensitive,0.79
U07778,new_cold_customer,0.64
U07779,new_cold_customer,0.64
U07780,loyal_customer,0.81
U07781,low_engagement,0.77
U07782,price_sensitive,0.79
U07783,low_engagement,0.71
U07784,low_engagement,0.71
U07785,low_engagement,0.74
U07786,low_engagement,0.68
U07787,low_engagement,0.71
U07788,high_intent,0.94
U07789,new_cold_customer,0.67
U07790,loyal_customer,0.84
U07791,loyal_customer,0.84
U07792,new_cold_customer,0.61
U07793,high_intent,0.99
U07794,low_engagement,0.71
U07795,loyal_customer,0.9
U07796,price_sensitive,0.76
U07797,new_cold_customer,0.61
U07798,new_cold_customer,0.61
U07799,low_engagement,0.71
U07800,new_cold_customer,0.7
U07801,low_engagement,0.68
U07802,new_cold_customer,0.7
U07803,new_cold_customer,0.64
U07804,low_engagement,0.74
U07805,new_cold_customer,0.61
U07806,loyal_customer,0.9
U07807,low_engagement,0.74
U07808,price_sensitive,0.79
U07809,high_intent,0.94
U07810,low_engagement,0.74
U07811,low_engagement,0.77
U07812,high_intent,0.99
U07813,high_intent,0.94
U07814,new_cold_customer,0.7
U07815,new_cold_customer,0.64
U07816,price_sensitive,0.73
U07817,new_cold_customer,0.67
U07818,low_engagement,0.68
U07819,new_cold_customer,0.61
U07820,new_cold_customer,0.64
U07821,loyal_customer,0.9
U07822,new_cold_customer,0.61
U07823,low_engagement,0.71
U07824,price_sensitive,0.73
U07825,new_cold_customer,0.64
U07826,new_cold_customer,0.67
U07827,loyal_customer,0.81
U07828,low_engagement,0.71
U07829,loyal_customer,0.87
U07830,low_engagement,0.74
U07831,loyal_customer,0.87
U07832,new_cold_customer,0.7
U07833,loyal_customer,0.81
U07834,low_engagement,0.77
U07835,low_engagement,0.77
U07836,low_engagement,0.74
U07837,high_intent,0.97
U07838,new_cold_customer,0.67
U07839,low_engagement,0.74
U07840,low_engagement,0.74
U07841,new_cold_customer,0.67
U07842,new_cold_customer,0.64
U07843,high_intent,0.99
U07844,low_engagement,0.77
U07845,new_cold_customer,0.7
U07846,new_cold_customer,0.7
U07847,high_intent,0.99
U07848,loyal_customer,0.81
U07849,new_cold_customer,0.64
U07850,new_cold_customer,0.61
U07851,new_cold_customer,0.67
U07852,new_cold_customer,0.64
U07853,new_cold_customer,0.61
U07854,low_engagement,0.74
U07855,loyal_customer,0.9
U07856,loyal_customer,0.87
U07857,low_engagement,0.77
U07858,low_engagement,0.74
U07859,high_intent,0.99
U07860,low_engagement,0.68
U07861,new_cold_customer,0.67
U07862,new_cold_customer,0.7
U07863,high_intent,0.99
U07864,price_sensitive,0.73
U07865,new_cold_customer,0.64
U07866,new_cold_customer,0.61
U07867,high_intent,0.99
U07868,new_cold_customer,0.61
U07869,new_cold_customer,0.67
U07870,low_engagement,0.74
U07871,price_sensitive,0.76
U07872,new_cold_customer,0.67
U07873,loyal_customer,0.9
U07874,high_intent,0.99
U07875,new_cold_customer,0.64
U07876,loyal_customer,0.87
U07877,loyal_customer,0.81
U07878,new_cold_customer,0.64
U07879,new_cold_customer,0.7
U07880,low_engagement,0.68
U07881,price_sensitive,0.79
U07882,new_cold_customer,0.64
U07883,loyal_customer,0.9
U07884,price_sensitive,0.79
U07885,high_intent,0.99
U07886,new_cold_customer,0.7
U07887,high_intent,0.99
U07888,new_cold_customer,0.64
U07889,new_cold_customer,0.67
U07890,high_intent,0.94
U07891,new_cold_customer,0.64
U07892,low_engagement,0.74
U07893,new_cold_customer,0.61
U07894,new_cold_customer,0.64
U07895,loyal_customer,0.81
U07896,new_cold_customer,0.61
U07897,low_engagement,0.68
U07898,low_engagement,0.71
U07899,new_cold_customer,0.67
U07900,low_engagement,0.68
U07901,low_engagement,0.68
U07902,loyal_customer,0.9
U07903,new_cold_customer,0.64
U07904,new_cold_customer,0.67
U07905,low_engagement,0.71
U07906,new_cold_customer,0.7
U07907,loyal_customer,0.87
U07908,low_engagement,0.74
U07909,new_cold_customer,0.61
U07910,new_cold_customer,0.67
U07911,new_cold_customer,0.67
U07912,new_cold_customer,0.64
U07913,high_intent,0.99
U07914,high_intent,0.99
U07915,new_cold_customer,0.7
U07916,low_engagement,0.77
U07917,high_intent,0.94
U07918,high_intent,0.99
U07919,new_cold_customer,0.67
U07920,new_cold_customer,0.64
U07921,loyal_customer,0.87
U07922,loyal_customer,0.81
U07923,high_intent,0.94
U07924,price_sensitive,0.73
U07925,price_sensitive,0.73
U07926,new_cold_customer,0.67
U07927,high_intent,0.99
U07928,new_cold_customer,0.7
U07929,low_engagement,0.77
U07930,new_cold_customer,0.7
U07931,low_engagement,0.68
U07932,loyal_customer,0.9
U07933,new_cold_customer,0.64
U07934,new_cold_customer,0.61
U07935,low_engagement,0.77
U07936,low_engagement,0.68
U07937,high_intent,0.99
U07938,low_engagement,0.74
U07939,high_intent,0.99
U07940,new_cold_customer,0.61
U07941,new_cold_customer,0.7
U07942,new_cold_customer,0.64
U07943,loyal_customer,0.9
U07944,low_engagement,0.77
U07945,low_engagement,0.74
U07946,new_cold_customer,0.61
U07947,new_cold_customer,0.64
U07948,loyal_customer,0.9
U07949,loyal_customer,0.81
U07950,new_cold_customer,0.7
U07951,new_cold_customer,0.61
U07952,new_cold_customer,0.64
U07953,loyal_customer,0.81
U07954,new_cold_customer,0.67
U07955,low_engagement,0.71
U07956,low_engagement,0.68
U07957,low_engagement,0.68
U07958,new_cold_customer,0.61
U07959,new_cold_customer,0.7
U07960,loyal_customer,0.9
U07961,new_cold_customer,0.7
U07962,loyal_customer,0.9
U07963,new_cold_customer,0.61
U07964,new_cold_customer,0.64
U07965,new_cold_customer,0.61
U07966,loyal_customer,0.84
U07967,low_engagement,0.74
U07968,new_cold_customer,0.7
U07969,new_cold_customer,0.61
U07970,loyal_customer,0.81
U07971,new_cold_customer,0.61
U07972,low_engagement,0.68
U07973,low_engagement,0.71
U07974,new_cold_customer,0.61
U07975,low_engagement,0.71
U07976,loyal_customer,0.9
U07977,high_intent,0.99
U07978,loyal_customer,0.87
U07979,loyal_customer,0.81
U07980,low_engagement,0.74
U07981,low_engagement,0.74
U07982,loyal_customer,0.9
U07983,loyal_customer,0.81
U07984,new_cold_customer,0.64
U07985,loyal_customer,0.81
U07986,low_engagement,0.77
U07987,new_cold_customer,0.67
U07988,loyal_customer,0.9
U07989,low_engagement,0.77
U07990,low_engagement,0.77
U07991,high_intent,0.99
U07992,low_engagement,0.77
U07993,new_cold_customer,0.67
U07994,new_cold_customer,0.61
U07995,new_cold_customer,0.7
U07996,new_cold_customer,0.67
U07997,price_sensitive,0.76
U07998,loyal_customer,0.9
U07999,low_engagement,0.74
U08000,low_engagement,0.71
U08001,loyal_customer,0.84
U08002,price_sensitive,0.79
U08003,low_engagement,0.74
U08004,low_engagement,0.77
U08005,new_cold_customer,0.61
U08006,low_engagement,0.71
U08007,low_engagement,0.71
U08008,new_cold_customer,0.64
U08009,new_cold_customer,0.61
U08010,price_sensitive,0.73
U08011,low_engagement,0.68
U08012,price_sensitive,0.79
U08013,new_cold_customer,0.67
U08014,new_cold_customer,0.7
U08015,low_engagement,0.71
U08016,low_engagement,0.68
U08017,low_engagement,0.71
U08018,new_cold_customer,0.7
U08019,low_engagement,0.68
U08020,loyal_customer,0.87
U08021,low_engagement,0.68
U08022,loyal_customer,0.87
U08023,new_cold_customer,0.7
U08024,new_cold_customer,0.7
U08025,new_cold_customer,0.61
U08026,loyal_customer,0.9
U08027,high_intent,0.97
U08028,low_engagement,0.68
U08029,new_cold_customer,0.64
U08030,low_engagement,0.71
U08031,loyal_customer,0.84
U08032,new_cold_customer,0.7
U08033,new_cold_customer,0.61
U08034,new_cold_customer,0.67
U08035,new_cold_customer,0.67
U08036,price_sensitive,0.73
U08037,new_cold_customer,0.64
U08038,high_intent,0.99
U08039,low_engagement,0.77
U08040,new_cold_customer,0.64
U08041,low_engagement,0.74
U08042,new_cold_customer,0.61
U08043,new_cold_customer,0.64
U08044,high_intent,0.97
U08045,price_sensitive,0.79
U08046,low_engagement,0.74
U08047,low_engagement,0.68
U08048,new_cold_customer,0.67
U08049,loyal_customer,0.9
U08050,loyal_customer,0.9
U08051,low_engagement,0.68
U08052,high_intent,0.99
U08053,low_engagement,0.71
U08054,new_cold_customer,0.7
U08055,loyal_customer,0.84
U08056,new_cold_customer,0.67
U08057,new_cold_customer,0.64
U08058,price_sensitive,0.76
U08059,low_engagement,0.74
U08060,loyal_customer,0.84
U08061,low_engagement,0.77
U08062,new_cold_customer,0.7
U08063,loyal_customer,0.9
U08064,new_cold_customer,0.64
U08065,new_cold_customer,0.64
U08066,low_engagement,0.77
U08067,low_engagement,0.77
U08068,low_engagement,0.71
U08069,price_sensitive,0.76
U08070,new_cold_customer,0.61
U08071,loyal_customer,0.84
U08072,low_engagement,0.71
U08073,low_engagement,0.77
U08074,loyal_customer,0.9
U08075,new_cold_customer,0.61
U08076,new_cold_customer,0.7
U08077,low_engagement,0.68
U08078,new_cold_customer,0.61
U08079,new_cold_customer,0.7
U08080,loyal_customer,0.9
U08081,price_sensitive,0.79
U08082,low_engagement,0.74
U08083,new_cold_customer,0.67
U08084,low_engagement,0.68
U08085,loyal_customer,0.84
U08086,new_cold_customer,0.61
U08087,low_engagement,0.68
U08088,loyal_customer,0.84
U08089,low_engagement,0.71
U08090,low_engagement,0.74
U08091,new_cold_customer,0.61
U08092,low_engagement,0.68
U08093,low_engagement,0.68
U08094,low_engagement,0.71
U08095,new_cold_customer,0.67
U08096,new_cold_customer,0.67
U08097,new_cold_customer,0.7
U08098,new_cold_customer,0.67
U08099,new_cold_customer,0.64
U08100,price_sensitive,0.76
U08101,price_sensitive,0.73
U08102,new_cold_customer,0.7
U08103,high_intent,0.99
U08104,loyal_customer,0.84
U08105,new_cold_customer,0.64
U08106,new_cold_customer,0.7
U08107,loyal_customer,0.87
U08108,loyal_customer,0.81
U08109,new_cold_customer,0.67
U08110,high_intent,0.99
U08111,low_engagement,0.77
U08112,new_cold_customer,0.7
U08113,low_engagement,0.74
U08114,low_engagement,0.77
U08115,loyal_customer,0.87
U08116,price_sensitive,0.73
U08117,new_cold_customer,0.67
U08118,new_cold_customer,0.61
U08119,new_cold_customer,0.64
U08120,loyal_customer,0.87
U08121,low_engagement,0.74
U08122,new_cold_customer,0.64
U08123,new_cold_customer,0.64
U08124,low_engagement,0.74
U08125,low_engagement,0.74
U08126,new_cold_customer,0.64
U08127,new_cold_customer,0.64
U08128,loyal_customer,0.81
U08129,new_cold_customer,0.7
U08130,loyal_customer,0.81
U08131,low_engagement,0.68
U08132,loyal_customer,0.84
U08133,new_cold_customer,0.61
U08134,new_cold_customer,0.64
U08135,low_engagement,0.71
U08136,new_cold_customer,0.64
U08137,new_cold_customer,0.7
U08138,loyal_customer,0.84
U08139,new_cold_customer,0.67
U08140,loyal_customer,0.84
U08141,new_cold_customer,0.64
U08142,low_engagement,0.77
U08143,new_cold_customer,0.67
U08144,high_intent,0.99
U08145,loyal_customer,0.84
U08146,low_engagement,0.77
U08147,low_engagement,0.71
U08148,loyal_customer,0.9
U08149,new_cold_customer,0.64
U08150,price_sensitive,0.76
U08151,loyal_customer,0.9
U08152,new_cold_customer,0.64
U08153,loyal_customer,0.84
U08154,high_intent,0.99
U08155,new_cold_customer,0.61
U08156,new_cold_customer,0.61
U08157,new_cold_customer,0.67
U08158,low_engagement,0.77
U08159,loyal_customer,0.84
U08160,low_engagement,0.74
U08161,new_cold_customer,0.67
U08162,loyal_customer,0.9
U08163,loyal_customer,0.87
U08164,new_cold_customer,0.61
U08165,price_sensitive,0.76
U08166,new_cold_customer,0.67
U08167,new_cold_customer,0.61
U08168,new_cold_customer,0.61
U08169,low_engagement,0.74
U08170,low_engagement,0.71
U08171,low_engagement,0.71
U08172,price_sensitive,0.76
U08173,loyal_customer,0.9
U08174,low_engagement,0.71
U08175,new_cold_customer,0.64
U08176,low_engagement,0.74
U08177,high_intent,0.99
U08178,loyal_customer,0.84
U08179,loyal_customer,0.84
U08180,loyal_customer,0.9
U08181,low_engagement,0.68
U08182,new_cold_customer,0.61
U08183,price_sensitive,0.73
U08184,loyal_customer,0.87
U08185,price_sensitive,0.79
U08186,new_cold_customer,0.67
U08187,low_engagement,0.71
U08188,price_sensitive,0.73
U08189,price_sensitive,0.73
U08190,new_cold_customer,0.67
U08191,new_cold_customer,0.64
U08192,new_cold_customer,0.67
U08193,new_cold_customer,0.7
U08194,high_intent,0.94
U08195,low_engagement,0.71
U08196,new_cold_customer,0.67
U08197,loyal_customer,0.9
U08198,price_sensitive,0.76
U08199,new_cold_customer,0.61
U08200,new_cold_customer,0.64
U08201,loyal_customer,0.84
U08202,price_sensitive,0.79
U08203,loyal_customer,0.9
U08204,loyal_customer,0.9
U08205,loyal_customer,0.87
U08206,price_sensitive,0.79
U08207,new_cold_customer,0.7
U08208,low_engagement,0.68
U08209,new_cold_customer,0.61
U08210,loyal_customer,0.9
U08211,low_engagement,0.74
U08212,new_cold_customer,0.64
U08213,high_intent,0.99
U08214,high_intent,0.97
U08215,high_intent,0.99
U08216,new_cold_customer,0.7
U08217,low_engagement,0.77
U08218,loyal_customer,0.9
U08219,price_sensitive,0.79
U08220,loyal_customer,0.9
U08221,low_engagement,0.68
U08222,low_engagement,0.74
U08223,high_intent,0.99
U08224,new_cold_customer,0.7
U08225,new_cold_customer,0.64
U08226,loyal_customer,0.9
U08227,new_cold_customer,0.64
U08228,loyal_customer,0.81
U08229,loyal_customer,0.9
U08230,low_engagement,0.77
U08231,low_engagement,0.71
U08232,low_engagement,0.74
U08233,low_engagement,0.68
U08234,loyal_customer,0.9
U08235,new_cold_customer,0.7
U08236,new_cold_customer,0.7
U08237,price_sensitive,0.73
U08238,high_intent,0.99
U08239,new_cold_customer,0.67
U08240,low_engagement,0.74
U08241,new_cold_customer,0.61
U08242,high_intent,0.99
U08243,new_cold_customer,0.67
U08244,price_sensitive,0.76
U08245,price_sensitive,0.76
U08246,high_intent,0.94
U08247,low_engagement,0.74
U08248,new_cold_customer,0.67
U08249,loyal_customer,0.9
U08250,loyal_customer,0.81
U08251,loyal_customer,0.9
U08252,new_cold_customer,0.7
U08253,loyal_customer,0.9
U08254,low_engagement,0.74
U08255,price_sensitive,0.79
U08256,low_engagement,0.77
U08257,price_sensitive,0.76
U08258,low_engagement,0.68
U08259,high_intent,0.94
U08260,high_intent,0.99
U08261,high_intent,0.99
U08262,high_intent,0.99
U08263,new_cold_customer,0.64
U08264,low_engagement,0.74
U08265,high_intent,0.99
U08266,low_engagement,0.71
U08267,price_sensitive,0.73
U08268,loyal_customer,0.81
U08269,loyal_customer,0.81
U08270,new_cold_customer,0.64
U08271,price_sensitive,0.73
U08272,loyal_customer,0.84
U08273,low_engagement,0.71
U08274,high_intent,0.97
U08275,loyal_customer,0.81
U08276,low_engagement,0.71
U08277,high_intent,0.99
U08278,high_intent,0.94
U08279,price_sensitive,0.76
U08280,new_cold_customer,0.67
U08281,new_cold_customer,0.61
U08282,low_engagement,0.77
U08283,high_intent,0.99
U08284,loyal_customer,0.81
U08285,new_cold_customer,0.67
U08286,low_engagement,0.77
U08287,high_intent,0.99
U08288,new_cold_customer,0.67
U08289,new_cold_customer,0.7
U08290,low_engagement,0.68
U08291,new_cold_customer,0.64
U08292,loyal_customer,0.9
U08293,new_cold_customer,0.61
U08294,new_cold_customer,0.7
U08295,new_cold_customer,0.7
U08296,new_cold_customer,0.64
U08297,new_cold_customer,0.67
U08298,low_engagement,0.71
U08299,new_cold_customer,0.67
U08300,high_intent,0.99
U08301,high_intent,0.94
U08302,high_intent,0.99
U08303,loyal_customer,0.84
U08304,high_intent,0.99
U08305,low_engagement,0.68
U08306,new_cold_customer,0.7
U08307,low_engagement,0.74
U08308,low_engagement,0.71
U08309,low_engagement,0.74
U08310,low_engagement,0.71
U08311,new_cold_customer,0.61
U08312,price_sensitive,0.79
U08313,new_cold_customer,0.61
U08314,new_cold_customer,0.7
U08315,new_cold_customer,0.7
U08316,low_engagement,0.71
U08317,new_cold_customer,0.7
U08318,low_engagement,0.77
U08319,low_engagement,0.74
U08320,loyal_customer,0.87
U08321,new_cold_customer,0.61
U08322,loyal_customer,0.9
U08323,new_cold_customer,0.67
U08324,new_cold_customer,0.67
U08325,low_engagement,0.77
U08326,new_cold_customer,0.7
U08327,new_cold_customer,0.61
U08328,new_cold_customer,0.61
U08329,high_intent,0.99
U08330,high_intent,0.94
U08331,low_engagement,0.68
U08332,high_intent,0.99
U08333,low_engagement,0.68
U08334,low_engagement,0.74
U08335,high_intent,0.99
U08336,high_intent,0.99
U08337,loyal_customer,0.84
U08338,new_cold_customer,0.7
U08339,new_cold_customer,0.64
U08340,loyal_customer,0.87
U08341,low_engagement,0.68
U08342,high_intent,0.94
U08343,new_cold_customer,0.64
U08344,low_engagement,0.77
U08345,low_engagement,0.71
U08346,low_engagement,0.74
U08347,new_cold_customer,0.7
U08348,new_cold_customer,0.64
U08349,price_sensitive,0.73
U08350,new_cold_customer,0.64
U08351,high_intent,0.94
U08352,new_cold_customer,0.67
U08353,loyal_customer,0.87
U08354,new_cold_customer,0.61
U08355,loyal_customer,0.9
U08356,low_engagement,0.71
U08357,low_engagement,0.77
U08358,low_engagement,0.74
U08359,loyal_customer,0.81
U08360,price_sensitive,0.73
U08361,low_engagement,0.74
U08362,price_sensitive,0.79
U08363,high_intent,0.97
U08364,price_sensitive,0.73
U08365,loyal_customer,0.81
U08366,new_cold_customer,0.7
U08367,low_engagement,0.68
U08368,low_engagement,0.71
U08369,new_cold_customer,0.67
U08370,new_cold_customer,0.7
U08371,loyal_customer,0.81
U08372,new_cold_customer,0.7
U08373,loyal_customer,0.81
U08374,price_sensitive,0.76
U08375,new_cold_customer,0.67
U08376,low_engagement,0.74
U08377,low_engagement,0.71
U08378,price_sensitive,0.76
U08379,high_intent,0.99
U08380,low_engagement,0.68
U08381,low_engagement,0.71
U08382,low_engagement,0.68
U08383,new_cold_customer,0.64
U08384,new_cold_customer,0.64
U08385,high_intent,0.99
U08386,new_cold_customer,0.64
U08387,low_engagement,0.77
U08388,loyal_customer,0.9
U08389,new_cold_customer,0.64
U08390,new_cold_customer,0.61
U08391,low_engagement,0.68
U08392,low_engagement,0.74
U08393,low_engagement,0.68
U08394,new_cold_customer,0.64
U08395,price_sensitive,0.73
U08396,new_cold_customer,0.64
U08397,price_sensitive,0.79
U08398,loyal_customer,0.9
U08399,loyal_customer,0.87
U08400,loyal_customer,0.81
U08401,high_intent,0.99
U08402,new_cold_customer,0.67
U08403,loyal_customer,0.9
U08404,high_intent,0.99
U08405,high_intent,0.94
U08406,loyal_customer,0.9
U08407,low_engagement,0.74
U08408,loyal_customer,0.81
U08409,low_engagement,0.74
U08410,new_cold_customer,0.7
U08411,low_engagement,0.74
U08412,new_cold_customer,0.64
U08413,low_engagement,0.77
U08414,low_engagement,0.68
U08415,new_cold_customer,0.67
U08416,low_engagement,0.68
U08417,new_cold_customer,0.61
U08418,high_intent,0.99
U08419,price_sensitive,0.76
U08420,loyal_customer,0.81
U08421,new_cold_customer,0.7
U08422,new_cold_customer,0.67
U08423,new_cold_customer,0.61
U08424,new_cold_customer,0.7
U08425,low_engagement,0.68
U08426,loyal_customer,0.81
U08427,low_engagement,0.77
U08428,low_engagement,0.71
U08429,high_intent,0.99
U08430,low_engagement,0.77
U08431,price_sensitive,0.76
U08432,high_intent,0.99
U08433,new_cold_customer,0.61
U08434,loyal_customer,0.9
U08435,loyal_customer,0.9
U08436,price_sensitive,0.73
U08437,new_cold_customer,0.7
U08438,loyal_customer,0.9
U08439,low_engagement,0.71
U08440,low_engagement,0.68
U08441,price_sensitive,0.76
U08442,new_cold_customer,0.61
U08443,new_cold_customer,0.67
U08444,loyal_customer,0.9
U08445,loyal_customer,0.81
U08446,new_cold_customer,0.64
U08447,high_intent,0.97
U08448,low_engagement,0.74
U08449,new_cold_customer,0.7
U08450,low_engagement,0.74
U08451,low_engagement,0.74
U08452,new_cold_customer,0.64
U08453,new_cold_customer,0.61
U08454,loyal_customer,0.84
U08455,loyal_customer,0.87
U08456,new_cold_customer,0.64
U08457,new_cold_customer,0.67
U08458,new_cold_customer,0.61
U08459,low_engagement,0.71
U08460,loyal_customer,0.84
U08461,price_sensitive,0.73
U08462,new_cold_customer,0.7
U08463,low_engagement,0.71
U08464,new_cold_customer,0.67
U08465,low_engagement,0.77
U08466,loyal_customer,0.84
U08467,price_sensitive,0.73
U08468,new_cold_customer,0.61
U08469,loyal_customer,0.9
U08470,low_engagement,0.71
U08471,loyal_customer,0.84
U08472,high_intent,0.99
U08473,loyal_customer,0.87
U08474,loyal_customer,0.87
U08475,new_cold_customer,0.64
U08476,loyal_customer,0.81
U08477,new_cold_customer,0.61
U08478,new_cold_customer,0.64
U08479,low_engagement,0.77
U08480,new_cold_customer,0.67
U08481,low_engagement,0.71
U08482,new_cold_customer,0.7
U08483,new_cold_customer,0.7
U08484,loyal_customer,0.9
U08485,new_cold_customer,0.7
U08486,high_intent,0.99
U08487,high_intent,0.99
U08488,low_engagement,0.74
U08489,new_cold_customer,0.67
U08490,loyal_customer,0.87
U08491,loyal_customer,0.81
U08492,high_intent,0.94
U08493,high_intent,0.94
U08494,high_intent,0.99
U08495,loyal_customer,0.84
U08496,high_intent,0.99
U08497,new_cold_customer,0.67
U08498,price_sensitive,0.79
U08499,new_cold_customer,0.7
U08500,loyal_customer,0.9
U08501,low_engagement,0.77
U08502,new_cold_customer,0.61
U08503,new_cold_customer,0.61
U08504,high_intent,0.97
U08505,new_cold_customer,0.67
U08506,loyal_customer,0.9
U08507,new_cold_customer,0.64
U08508,low_engagement,0.71
U08509,loyal_customer,0.84
U08510,high_intent,0.99
U08511,low_engagement,0.77
U08512,new_cold_customer,0.61
U08513,new_cold_customer,0.7
U08514,high_intent,0.97
U08515,new_cold_customer,0.7
U08516,loyal_customer,0.87
U08517,new_cold_customer,0.64
U08518,loyal_customer,0.9
U08519,low_engagement,0.68
U08520,loyal_customer,0.81
U08521,new_cold_customer,0.61
U08522,high_intent,0.97
U08523,new_cold_customer,0.64
U08524,new_cold_customer,0.64
U08525,new_cold_customer,0.7
U08526,new_cold_customer,0.7
U08527,loyal_customer,0.84
U08528,loyal_customer,0.81
U08529,low_engagement,0.71
U08530,price_sensitive,0.76
U08531,new_cold_customer,0.61
U08532,low_engagement,0.68
U08533,high_intent,0.99
U08534,loyal_customer,0.9
U08535,low_engagement,0.71
U08536,high_intent,0.97
U08537,new_cold_customer,0.7
U08538,new_cold_customer,0.7
U08539,low_engagement,0.71
U08540,new_cold_customer,0.7
U08541,new_cold_customer,0.61
U08542,low_engagement,0.68
U08543,new_cold_customer,0.61
U08544,loyal_customer,0.81
U08545,low_engagement,0.68
U08546,price_sensitive,0.76
U08547,loyal_customer,0.9
U08548,low_engagement,0.77
U08549,loyal_customer,0.87
U08550,new_cold_customer,0.61
U08551,price_sensitive,0.79
U08552,loyal_customer,0.87
U08553,low_engagement,0.77
U08554,loyal_customer,0.9
U08555,high_intent,0.97
U08556,low_engagement,0.77
U08557,new_cold_customer,0.67
U08558,low_engagement,0.74
U08559,low_engagement,0.74
U08560,price_sensitive,0.73
U08561,new_cold_customer,0.64
U08562,price_sensitive,0.73
U08563,low_engagement,0.68
U08564,new_cold_customer,0.67
U08565,loyal_customer,0.84
U08566,loyal_customer,0.9
U08567,high_intent,0.99
U08568,new_cold_customer,0.64
U08569,new_cold_customer,0.64
U08570,new_cold_customer,0.67
U08571,low_engagement,0.68
U08572,low_engagement,0.74
U08573,new_cold_customer,0.64
U08574,price_sensitive,0.79
U08575,new_cold_customer,0.67
U08576,high_intent,0.99
U08577,low_engagement,0.74
U08578,low_engagement,0.74
U08579,new_cold_customer,0.7
U08580,low_engagement,0.74
U08581,loyal_customer,0.81
U08582,low_engagement,0.77
U08583,loyal_customer,0.81
U08584,new_cold_customer,0.67
U08585,loyal_customer,0.9
U08586,loyal_customer,0.9
U08587,low_engagement,0.68
U08588,new_cold_customer,0.61
U08589,low_engagement,0.68
U08590,new_cold_customer,0.61
U08591,loyal_customer,0.81
U08592,price_sensitive,0.76
U08593,new_cold_customer,0.64
U08594,new_cold_customer,0.64
U08595,new_cold_customer,0.67
U08596,new_cold_customer,0.7
U08597,loyal_customer,0.81
U08598,low_engagement,0.68
U08599,new_cold_customer,0.67
U08600,low_engagement,0.77
U08601,low_engagement,0.71
U08602,low_engagement,0.77
U08603,loyal_customer,0.81
U08604,new_cold_customer,0.7
U08605,low_engagement,0.71
U08606,new_cold_customer,0.61
U08607,loyal_customer,0.81
U08608,price_sensitive,0.79
U08609,new_cold_customer,0.64
U08610,price_sensitive,0.76
U08611,price_sensitive,0.79
U08612,new_cold_customer,0.61
U08613,high_intent,0.94
U08614,low_engagement,0.68
U08615,new_cold_customer,0.64
U08616,low_engagement,0.71
U08617,new_cold_customer,0.7
U08618,new_cold_customer,0.64
U08619,high_intent,0.99
U08620,loyal_customer,0.87
U08621,new_cold_customer,0.61
U08622,new_cold_customer,0.64
U08623,high_intent,0.99
U08624,low_engagement,0.77
U08625,high_intent,0.99
U08626,new_cold_customer,0.7
U08627,new_cold_customer,0.67
U08628,new_cold_customer,0.67
U08629,high_intent,0.99
U08630,new_cold_customer,0.61
U08631,loyal_customer,0.81
U08632,new_cold_customer,0.61
U08633,new_cold_customer,0.64
U08634,low_engagement,0.74
U08635,price_sensitive,0.76
U08636,low_engagement,0.68
U08637,high_intent,0.97
U08638,new_cold_customer,0.64
U08639,low_engagement,0.77
U08640,low_engagement,0.71
U08641,low_engagement,0.74
U08642,low_engagement,0.68
U08643,loyal_customer,0.9
U08644,loyal_customer,0.81
U08645,high_intent,0.97
U08646,high_intent,0.99
U08647,low_engagement,0.68
U08648,loyal_customer,0.84
U08649,low_engagement,0.68
U08650,price_sensitive,0.73
U08651,new_cold_customer,0.64
U08652,new_cold_customer,0.67
U08653,new_cold_customer,0.67
U08654,low_engagement,0.77
U08655,low_engagement,0.74
U08656,new_cold_customer,0.64
U08657,new_cold_customer,0.64
U08658,new_cold_customer,0.64
U08659,low_engagement,0.68
U08660,loyal_customer,0.9
U08661,low_engagement,0.71
U08662,new_cold_customer,0.7
U08663,low_engagement,0.74
U08664,new_cold_customer,0.7
U08665,loyal_customer,0.84
U08666,low_engagement,0.71
U08667,loyal_customer,0.81
U08668,new_cold_customer,0.67
U08669,loyal_customer,0.81
U08670,low_engagement,0.77
U08671,new_cold_customer,0.7
U08672,loyal_customer,0.87
U08673,loyal_customer,0.87
U08674,new_cold_customer,0.64
U08675,high_intent,0.99
U08676,loyal_customer,0.84
U08677,new_cold_customer,0.64
U08678,new_cold_customer,0.61
U08679,low_engagement,0.68
U08680,new_cold_customer,0.7
U08681,low_engagement,0.74
U08682,new_cold_customer,0.7
U08683,loyal_customer,0.84
U08684,high_intent,0.99
U08685,low_engagement,0.68
U08686,new_cold_customer,0.64
U08687,low_engagement,0.74
U08688,loyal_customer,0.9
U08689,new_cold_customer,0.64
U08690,loyal_customer,0.81
U08691,new_cold_customer,0.67
U08692,new_cold_customer,0.61
U08693,new_cold_customer,0.67
U08694,low_engagement,0.68
U08695,new_cold_customer,0.7
U08696,high_intent,0.99
U08697,loyal_customer,0.9
U08698,low_engagement,0.68
U08699,new_cold_customer,0.67
U08700,new_cold_customer,0.67
U08701,low_engagement,0.68
U08702,loyal_customer,0.84
U08703,high_intent,0.97
U08704,loyal_customer,0.84
U08705,loyal_customer,0.81
U08706,low_engagement,0.74
U08707,low_engagement,0.77
U08708,low_engagement,0.68
U08709,loyal_customer,0.81
U08710,new_cold_customer,0.61
U08711,high_intent,0.99
U08712,loyal_customer,0.9
U08713,new_cold_customer,0.61
U08714,loyal_customer,0.87
U08715,low_engagement,0.74
U08716,loyal_customer,0.9
U08717,new_cold_customer,0.67
U08718,loyal_customer,0.9
U08719,high_intent,0.97
U08720,new_cold_customer,0.64
U08721,low_engagement,0.74
U08722,new_cold_customer,0.64
U08723,new_cold_customer,0.61
U08724,loyal_customer,0.81
U08725,new_cold_customer,0.61
U08726,new_cold_customer,0.64
U08727,low_engagement,0.71
U08728,low_engagement,0.74
U08729,new_cold_customer,0.61
U08730,loyal_customer,0.84
U08731,new_cold_customer,0.67
U08732,new_cold_customer,0.7
U08733,new_cold_customer,0.61
U08734,low_engagement,0.74
U08735,low_engagement,0.71
U08736,loyal_customer,0.84
U08737,high_intent,0.99
U08738,loyal_customer,0.9
U08739,high_intent,0.99
U08740,loyal_customer,0.9
U08741,new_cold_customer,0.64
U08742,loyal_customer,0.9
U08743,low_engagement,0.74
U08744,low_engagement,0.68
U08745,loyal_customer,0.84
U08746,loyal_customer,0.84
U08747,high_intent,0.99
U08748,low_engagement,0.74
U08749,low_engagement,0.68
U08750,high_intent,0.99
U08751,low_engagement,0.68
U08752,new_cold_customer,0.7
U08753,new_cold_customer,0.61
U08754,high_intent,0.99
U08755,low_engagement,0.77
U08756,new_cold_customer,0.61
U08757,new_cold_customer,0.7
U08758,low_engagement,0.71
U08759,low_engagement,0.68
U08760,low_engagement,0.71
U08761,new_cold_customer,0.7
U08762,new_cold_customer,0.7
U08763,price_sensitive,0.76
U08764,new_cold_customer,0.61
U08765,price_sensitive,0.79
U08766,new_cold_customer,0.67
U08767,low_engagement,0.68
U08768,new_cold_customer,0.64
U08769,loyal_customer,0.81
U08770,new_cold_customer,0.7
U08771,low_engagement,0.71
U08772,new_cold_customer,0.67
U08773,low_engagement,0.68
U08774,low_engagement,0.74
U08775,low_engagement,0.74
U08776,high_intent,0.99
U08777,new_cold_customer,0.67
U08778,low_engagement,0.71
U08779,low_engagement,0.77
U08780,price_sensitive,0.79
U08781,loyal_customer,0.9
U08782,low_engagement,0.77
U08783,price_sensitive,0.73
U08784,new_cold_customer,0.64
U08785,loyal_customer,0.9
U08786,low_engagement,0.74
U08787,new_cold_customer,0.67
U08788,new_cold_customer,0.67
U08789,loyal_customer,0.9
U08790,loyal_customer,0.81
U08791,low_engagement,0.74
U08792,low_engagement,0.77
U08793,new_cold_customer,0.61
U08794,high_intent,0.97
U08795,low_engagement,0.74
U08796,low_engagement,0.68
U08797,new_cold_customer,0.61
U08798,low_engagement,0.74
U08799,loyal_customer,0.87
U08800,new_cold_customer,0.7
U08801,loyal_customer,0.84
U08802,new_cold_customer,0.7
U08803,new_cold_customer,0.61
U08804,low_engagement,0.71
U08805,loyal_customer,0.87
U08806,new_cold_customer,0.67
U08807,new_cold_customer,0.64
U08808,price_sensitive,0.79
U08809,low_engagement,0.74
U08810,low_engagement,0.77
U08811,new_cold_customer,0.7
U08812,new_cold_customer,0.61
U08813,low_engagement,0.71
U08814,low_engagement,0.68
U08815,low_engagement,0.77
U08816,price_sensitive,0.73
U08817,low_engagement,0.74
U08818,new_cold_customer,0.64
U08819,loyal_customer,0.87
U08820,high_intent,0.99
U08821,high_intent,0.99
U08822,loyal_customer,0.87
U08823,loyal_customer,0.81
U08824,new_cold_customer,0.67
U08825,loyal_customer,0.9
U08826,low_engagement,0.77
U08827,loyal_customer,0.81
U08828,loyal_customer,0.9
U08829,low_engagement,0.74
U08830,low_engagement,0.77
U08831,new_cold_customer,0.67
U08832,new_cold_customer,0.67
U08833,new_cold_customer,0.67
U08834,low_engagement,0.71
U08835,loyal_customer,0.9
U08836,loyal_customer,0.84
U08837,loyal_customer,0.84
U08838,high_intent,0.99
U08839,loyal_customer,0.9
U08840,high_intent,0.97
U08841,high_intent,0.99
U08842,new_cold_customer,0.67
U08843,loyal_customer,0.87
U08844,new_cold_customer,0.61
U08845,loyal_customer,0.9
U08846,low_engagement,0.71
U08847,low_engagement,0.77
U08848,new_cold_customer,0.7
U08849,loyal_customer,0.81
U08850,low_engagement,0.77
U08851,low_engagement,0.74
U08852,high_intent,0.99
U08853,low_engagement,0.71
U08854,loyal_customer,0.81
U08855,low_engagement,0.68
U08856,new_cold_customer,0.7
U08857,price_sensitive,0.73
U08858,loyal_customer,0.9
U08859,high_intent,0.99
U08860,new_cold_customer,0.7
U08861,low_engagement,0.71
U08862,loyal_customer,0.9
U08863,loyal_customer,0.81
U08864,high_intent,0.99
U08865,loyal_customer,0.87
U08866,new_cold_customer,0.67
U08867,low_engagement,0.71
U08868,new_cold_customer,0.7
U08869,high_intent,0.97
U08870,high_intent,0.99
U08871,loyal_customer,0.81
U08872,loyal_customer,0.9
U08873,new_cold_customer,0.7
U08874,low_engagement,0.68
U08875,low_engagement,0.74
U08876,price_sensitive,0.73
U08877,loyal_customer,0.9
U08878,price_sensitive,0.76
U08879,high_intent,0.99
U08880,price_sensitive,0.73
U08881,low_engagement,0.74
U08882,low_engagement,0.74
U08883,low_engagement,0.71
U08884,loyal_customer,0.81
U08885,price_sensitive,0.79
U08886,high_intent,0.94
U08887,high_intent,0.99
U08888,high_intent,0.97
U08889,low_engagement,0.77
U08890,low_engagement,0.74
U08891,price_sensitive,0.79
U08892,low_engagement,0.68
U08893,new_cold_customer,0.64
U08894,new_cold_customer,0.67
U08895,low_engagement,0.71
U08896,loyal_customer,0.84
U08897,high_intent,0.99
U08898,new_cold_customer,0.61
U08899,low_engagement,0.77
U08900,low_engagement,0.74
U08901,low_engagement,0.71
U08902,new_cold_customer,0.67
U08903,low_engagement,0.71
U08904,loyal_customer,0.9
U08905,low_engagement,0.71
U08906,new_cold_customer,0.7
U08907,loyal_customer,0.9
U08908,new_cold_customer,0.67
U08909,low_engagement,0.71
U08910,high_intent,0.97
U08911,low_engagement,0.74
U08912,new_cold_customer,0.64
U08913,new_cold_customer,0.61
U08914,low_engagement,0.68
U08915,new_cold_customer,0.64
U08916,low_engagement,0.68
U08917,loyal_customer,0.81
U08918,high_intent,0.94
U08919,new_cold_customer,0.7
U08920,new_cold_customer,0.64
U08921,loyal_customer,0.9
U08922,new_cold_customer,0.61
U08923,low_engagement,0.74
U08924,new_cold_customer,0.7
U08925,low_engagement,0.71
U08926,new_cold_customer,0.61
U08927,low_engagement,0.77
U08928,price_sensitive,0.79
U08929,low_engagement,0.77
U08930,low_engagement,0.74
U08931,high_intent,0.99
U08932,new_cold_customer,0.7
U08933,new_cold_customer,0.64
U08934,high_intent,0.99
U08935,low_engagement,0.68
U08936,new_cold_customer,0.67
U08937,low_engagement,0.68
U08938,low_engagement,0.68
U08939,loyal_customer,0.84
U08940,low_engagement,0.74
U08941,new_cold_customer,0.64
U08942,new_cold_customer,0.67
U08943,new_cold_customer,0.7
U08944,high_intent,0.99
U08945,low_engagement,0.74
U08946,low_engagement,0.74
U08947,price_sensitive,0.73
U08948,loyal_customer,0.84
U08949,new_cold_customer,0.64
U08950,new_cold_customer,0.7
U08951,new_cold_customer,0.61
U08952,new_cold_customer,0.64
U08953,loyal_customer,0.9
U08954,new_cold_customer,0.7
U08955,loyal_customer,0.9
U08956,new_cold_customer,0.67
U08957,loyal_customer,0.9
U08958,new_cold_customer,0.67
U08959,loyal_customer,0.9
U08960,high_intent,0.99
U08961,loyal_customer,0.87
U08962,new_cold_customer,0.7
U08963,new_cold_customer,0.61
U08964,new_cold_customer,0.64
U08965,loyal_customer,0.81
U08966,new_cold_customer,0.64
U08967,price_sensitive,0.73
U08968,loyal_customer,0.81
U08969,loyal_customer,0.9
U08970,low_engagement,0.74
U08971,low_engagement,0.77
U08972,low_engagement,0.71
U08973,new_cold_customer,0.67
U08974,new_cold_customer,0.61
U08975,new_cold_customer,0.67
U08976,loyal_customer,0.84
U08977,new_cold_customer,0.7
U08978,high_intent,0.99
U08979,loyal_customer,0.9
U08980,loyal_customer,0.9
U08981,low_engagement,0.77
U08982,loyal_customer,0.9
U08983,new_cold_customer,0.64
U08984,new_cold_customer,0.64
U08985,loyal_customer,0.9
U08986,new_cold_customer,0.64
U08987,low_engagement,0.68
U08988,loyal_customer,0.9
U08989,price_sensitive,0.73
U08990,new_cold_customer,0.7
U08991,low_engagement,0.77
U08992,new_cold_customer,0.67
U08993,new_cold_customer,0.67
U08994,new_cold_customer,0.7
U08995,low_engagement,0.71
U08996,new_cold_customer,0.67
U08997,low_engagement,0.71
U08998,loyal_customer,0.9
U08999,loyal_customer,0.84
U09000,price_sensitive,0.79
U09001,low_engagement,0.71
U09002,low_engagement,0.68
U09003,low_engagement,0.77
U09004,new_cold_customer,0.7
U09005,new_cold_customer,0.7
U09006,low_engagement,0.77
U09007,new_cold_customer,0.67
U09008,loyal_customer,0.9
U09009,loyal_customer,0.9
U09010,new_cold_customer,0.61
U09011,new_cold_customer,0.7
U09012,loyal_customer,0.81
U09013,new_cold_customer,0.67
U09014,low_engagement,0.74
U09015,low_engagement,0.74
U09016,price_sensitive,0.79
U09017,price_sensitive,0.76
U09018,high_intent,0.97
U09019,new_cold_customer,0.7
U09020,new_cold_customer,0.61
U09021,high_intent,0.99
U09022,high_intent,0.99
U09023,price_sensitive,0.76
U09024,price_sensitive,0.79
U09025,loyal_customer,0.9
U09026,loyal_customer,0.84
U09027,price_sensitive,0.73
U09028,low_engagement,0.77
U09029,low_engagement,0.71
U09030,low_engagement,0.68
U09031,high_intent,0.99
U09032,new_cold_customer,0.64
U09033,loyal_customer,0.9
U09034,new_cold_customer,0.7
U09035,high_intent,0.99
U09036,low_engagement,0.71
U09037,low_engagement,0.71
U09038,low_engagement,0.77
U09039,loyal_customer,0.84
U09040,loyal_customer,0.81
U09041,loyal_customer,0.81
U09042,new_cold_customer,0.7
U09043,new_cold_customer,0.61
U09044,new_cold_customer,0.61
U09045,loyal_customer,0.87
U09046,new_cold_customer,0.64
U09047,low_engagement,0.74
U09048,loyal_customer,0.9
U09049,low_engagement,0.74
U09050,high_intent,0.97
U09051,high_intent,0.99
U09052,high_intent,0.94
U09053,price_sensitive,0.76
U09054,loyal_customer,0.81
U09055,price_sensitive,0.79
U09056,loyal_customer,0.9
U09057,loyal_customer,0.81
U09058,loyal_customer,0.9
U09059,low_engagement,0.77
U09060,new_cold_customer,0.61
U09061,new_cold_customer,0.64
U09062,low_engagement,0.74
U09063,price_sensitive,0.79
U09064,new_cold_customer,0.64
U09065,new_cold_customer,0.61
U09066,loyal_customer,0.84
U09067,new_cold_customer,0.67
U09068,loyal_customer,0.84
U09069,low_engagement,0.77
U09070,new_cold_customer,0.67
U09071,high_intent,0.99
U09072,low_engagement,0.71
U09073,low_engagement,0.71
U09074,new_cold_customer,0.61
U09075,high_intent,0.99
U09076,low_engagement,0.77
U09077,low_engagement,0.77
U09078,low_engagement,0.74
U09079,high_intent,0.94
U09080,new_cold_customer,0.64
U09081,loyal_customer,0.9
U09082,low_engagement,0.74
U09083,loyal_customer,0.81
U09084,new_cold_customer,0.61
U09085,loyal_customer,0.87
U09086,loyal_customer,0.84
U09087,loyal_customer,0.84
U09088,new_cold_customer,0.67
U09089,new_cold_customer,0.67
U09090,loyal_customer,0.84
U09091,new_cold_customer,0.67
U09092,low_engagement,0.77
U09093,new_cold_customer,0.67
U09094,high_intent,0.99
U09095,new_cold_customer,0.64
U09096,low_engagement,0.71
U09097,new_cold_customer,0.61
U09098,new_cold_customer,0.61
U09099,loyal_customer,0.87
U09100,low_engagement,0.68
U09101,price_sensitive,0.76
U09102,new_cold_customer,0.7
U09103,high_intent,0.94
U09104,low_engagement,0.77
U09105,price_sensitive,0.73
U09106,low_engagement,0.71
U09107,new_cold_customer,0.7
U09108,high_intent,0.99
U09109,loyal_customer,0.9
U09110,new_cold_customer,0.7
U09111,new_cold_customer,0.67
U09112,new_cold_customer,0.7
U09113,low_engagement,0.77
U09114,low_engagement,0.77
U09115,loyal_customer,0.9
U09116,high_intent,0.99
U09117,low_engagement,0.71
U09118,low_engagement,0.77
U09119,new_cold_customer,0.7
U09120,new_cold_customer,0.67
U09121,new_cold_customer,0.7
U09122,new_cold_customer,0.7
U09123,loyal_customer,0.87
U09124,high_intent,0.99
U09125,loyal_customer,0.9
U09126,low_engagement,0.77
U09127,high_intent,0.99
U09128,price_sensitive,0.76
U09129,high_intent,0.99
U09130,loyal_customer,0.84
U09131,new_cold_customer,0.64
U09132,price_sensitive,0.73
U09133,loyal_customer,0.84
U09134,low_engagement,0.71
U09135,high_intent,0.97
U09136,new_cold_customer,0.61
U09137,new_cold_customer,0.7
U09138,high_intent,0.99
U09139,price_sensitive,0.73
U09140,loyal_customer,0.81
U09141,low_engagement,0.77
U09142,high_intent,0.99
U09143,loyal_customer,0.81
U09144,loyal_customer,0.81
U09145,high_intent,0.99
U09146,low_engagement,0.68
U09147,low_engagement,0.68
U09148,price_sensitive,0.73
U09149,new_cold_customer,0.61
U09150,loyal_customer,0.87
U09151,new_cold_customer,0.67
U09152,low_engagement,0.71
U09153,loyal_customer,0.9
U09154,low_engagement,0.77
U09155,high_intent,0.99
U09156,high_intent,0.99
U09157,new_cold_customer,0.7
U09158,low_engagement,0.77
U09159,new_cold_customer,0.67
U09160,new_cold_customer,0.7
U09161,high_intent,0.94
U09162,new_cold_customer,0.7
U09163,loyal_customer,0.84
U09164,new_cold_customer,0.7
U09165,low_engagement,0.71
U09166,loyal_customer,0.81
U09167,new_cold_customer,0.7
U09168,high_intent,0.99
U09169,price_sensitive,0.79
U09170,loyal_customer,0.87
U09171,low_engagement,0.68
U09172,low_engagement,0.74
U09173,low_engagement,0.77
U09174,price_sensitive,0.79
U09175,low_engagement,0.74
U09176,loyal_customer,0.9
U09177,low_engagement,0.77
U09178,high_intent,0.94
U09179,loyal_customer,0.9
U09180,high_intent,0.94
U09181,new_cold_customer,0.64
U09182,high_intent,0.94
U09183,low_engagement,0.74
U09184,low_engagement,0.74
U09185,low_engagement,0.77
U09186,new_cold_customer,0.67
U09187,new_cold_customer,0.7
U09188,loyal_customer,0.81
U09189,new_cold_customer,0.64
U09190,low_engagement,0.68
U09191,high_intent,0.99
U09192,new_cold_customer,0.64
U09193,new_cold_customer,0.61
U09194,new_cold_customer,0.67
U09195,new_cold_customer,0.67
U09196,new_cold_customer,0.67
U09197,new_cold_customer,0.61
U09198,low_engagement,0.71
U09199,new_cold_customer,0.7
U09200,high_intent,0.99
U09201,new_cold_customer,0.64
U09202,new_cold_customer,0.64
U09203,loyal_customer,0.9
U09204,high_intent,0.97
U09205,price_sensitive,0.73
U09206,high_intent,0.99
U09207,high_intent,0.99
U09208,new_cold_customer,0.64
U09209,new_cold_customer,0.7
U09210,new_cold_customer,0.61
U09211,new_cold_customer,0.67
U09212,low_engagement,0.68
U09213,high_intent,0.99
U09214,loyal_customer,0.87
U09215,new_cold_customer,0.64
U09216,high_intent,0.99
U09217,low_engagement,0.77
U09218,new_cold_customer,0.67
U09219,new_cold_customer,0.61
U09220,low_engagement,0.71
U09221,high_intent,0.99
U09222,low_engagement,0.77
U09223,low_engagement,0.71
U09224,loyal_customer,0.9
U09225,loyal_customer,0.9
U09226,low_engagement,0.68
U09227,new_cold_customer,0.67
U09228,new_cold_customer,0.64
U09229,new_cold_customer,0.64
U09230,new_cold_customer,0.67
U09231,new_cold_customer,0.61
U09232,new_cold_customer,0.64
U09233,price_sensitive,0.79
U09234,loyal_customer,0.81
U09235,low_engagement,0.68
U09236,high_intent,0.99
U09237,low_engagement,0.74
U09238,loyal_customer,0.87
U09239,high_intent,0.99
U09240,price_sensitive,0.79
U09241,high_intent,0.99
U09242,loyal_customer,0.87
U09243,loyal_customer,0.81
U09244,new_cold_customer,0.67
U09245,new_cold_customer,0.61
U09246,new_cold_customer,0.7
U09247,loyal_customer,0.9
U09248,new_cold_customer,0.67
U09249,low_engagement,0.71
U09250,new_cold_customer,0.67
U09251,price_sensitive,0.76
U09252,low_engagement,0.71
U09253,loyal_customer,0.9
U09254,low_engagement,0.77
U09255,low_engagement,0.68
U09256,low_engagement,0.68
U09257,new_cold_customer,0.61
U09258,new_cold_customer,0.64
U09259,low_engagement,0.77
U09260,new_cold_customer,0.7
U09261,new_cold_customer,0.61
U09262,high_intent,0.99
U09263,loyal_customer,0.9
U09264,loyal_customer,0.84
U09265,low_engagement,0.77
U09266,loyal_customer,0.87
U09267,new_cold_customer,0.67
U09268,new_cold_customer,0.64
U09269,low_engagement,0.74
U09270,low_engagement,0.74
U09271,new_cold_customer,0.61
U09272,price_sensitive,0.79
U09273,loyal_customer,0.9
U09274,high_intent,0.99
U09275,low_engagement,0.74
U09276,loyal_customer,0.9
U09277,loyal_customer,0.87
U09278,new_cold_customer,0.67
U09279,loyal_customer,0.9
U09280,new_cold_customer,0.64
U09281,loyal_customer,0.84
U09282,price_sensitive,0.79
U09283,low_engagement,0.74
U09284,loyal_customer,0.9
U09285,low_engagement,0.77
U09286,high_intent,0.99
U09287,new_cold_customer,0.64
U09288,high_intent,0.97
U09289,new_cold_customer,0.7
U09290,high_intent,0.99
U09291,price_sensitive,0.79
U09292,loyal_customer,0.87
U09293,low_engagement,0.77
U09294,loyal_customer,0.87
U09295,new_cold_customer,0.64
U09296,new_cold_customer,0.7
U09297,new_cold_customer,0.61
U09298,loyal_customer,0.84
U09299,low_engagement,0.74
U09300,low_engagement,0.77
U09301,new_cold_customer,0.61
U09302,loyal_customer,0.84
U09303,low_engagement,0.68
U09304,loyal_customer,0.87
U09305,low_engagement,0.71
U09306,high_intent,0.99
U09307,low_engagement,0.77
U09308,low_engagement,0.77
U09309,high_intent,0.99
U09310,price_sensitive,0.79
U09311,new_cold_customer,0.7
U09312,new_cold_customer,0.61
U09313,loyal_customer,0.84
U09314,new_cold_customer,0.64
U09315,new_cold_customer,0.64
U09316,new_cold_customer,0.7
U09317,loyal_customer,0.87
U09318,new_cold_customer,0.61
U09319,loyal_customer,0.9
U09320,new_cold_customer,0.61
U09321,low_engagement,0.77
U09322,price_sensitive,0.73
U09323,new_cold_customer,0.61
U09324,new_cold_customer,0.64
U09325,low_engagement,0.74
U09326,new_cold_customer,0.67
U09327,new_cold_customer,0.7
U09328,loyal_customer,0.81
U09329,price_sensitive,0.79
U09330,new_cold_customer,0.7
U09331,new_cold_customer,0.64
U09332,low_engagement,0.71
U09333,low_engagement,0.74
U09334,loyal_customer,0.9
U09335,low_engagement,0.77
U09336,low_engagement,0.74
U09337,new_cold_customer,0.64
U09338,low_engagement,0.68
U09339,loyal_customer,0.81
U09340,low_engagement,0.71
U09341,loyal_customer,0.87
U09342,high_intent,0.99
U09343,price_sensitive,0.79
U09344,loyal_customer,0.9
U09345,price_sensitive,0.76
U09346,high_intent,0.97
U09347,high_intent,0.99
U09348,new_cold_customer,0.61
U09349,loyal_customer,0.9
U09350,new_cold_customer,0.7
U09351,price_sensitive,0.79
U09352,new_cold_customer,0.67
U09353,high_intent,0.97
U09354,loyal_customer,0.87
U09355,high_intent,0.94
U09356,new_cold_customer,0.64
U09357,loyal_customer,0.81
U09358,low_engagement,0.77
U09359,new_cold_customer,0.61
U09360,new_cold_customer,0.7
U09361,low_engagement,0.68
U09362,low_engagement,0.74
U09363,new_cold_customer,0.7
U09364,new_cold_customer,0.64
U09365,loyal_customer,0.9
U09366,new_cold_customer,0.67
U09367,low_engagement,0.71
U09368,low_engagement,0.68
U09369,new_cold_customer,0.64
U09370,low_engagement,0.77
U09371,low_engagement,0.74
U09372,loyal_customer,0.87
U09373,loyal_customer,0.81
U09374,new_cold_customer,0.61
U09375,new_cold_customer,0.61
U09376,low_engagement,0.71
U09377,loyal_customer,0.81
U09378,new_cold_customer,0.67
U09379,low_engagement,0.74
U09380,low_engagement,0.71
U09381,high_intent,0.99
U09382,new_cold_customer,0.7
U09383,new_cold_customer,0.64
U09384,new_cold_customer,0.67
U09385,new_cold_customer,0.61
U09386,low_engagement,0.77
U09387,new_cold_customer,0.61
U09388,low_engagement,0.74
U09389,low_engagement,0.71
U09390,low_engagement,0.68
U09391,low_engagement,0.68
U09392,low_engagement,0.74
U09393,loyal_customer,0.87
U09394,loyal_customer,0.81
U09395,new_cold_customer,0.61
U09396,loyal_customer,0.9
U09397,loyal_customer,0.9
U09398,loyal_customer,0.87
U09399,low_engagement,0.74
U09400,high_intent,0.99
U09401,loyal_customer,0.9
U09402,new_cold_customer,0.7
U09403,price_sensitive,0.79
U09404,loyal_customer,0.9
U09405,low_engagement,0.68
U09406,low_engagement,0.71
U09407,loyal_customer,0.87
U09408,new_cold_customer,0.7
U09409,new_cold_customer,0.7
U09410,new_cold_customer,0.67
U09411,new_cold_customer,0.64
U09412,new_cold_customer,0.64
U09413,high_intent,0.99
U09414,new_cold_customer,0.7
U09415,loyal_customer,0.9
U09416,new_cold_customer,0.67
U09417,new_cold_customer,0.7
U09418,new_cold_customer,0.61
U09419,loyal_customer,0.87
U09420,low_engagement,0.71
U09421,loyal_customer,0.9
U09422,new_cold_customer,0.7
U09423,low_engagement,0.74
U09424,low_engagement,0.74
U09425,new_cold_customer,0.7
U09426,loyal_customer,0.81
U09427,new_cold_customer,0.61
U09428,low_engagement,0.68
U09429,loyal_customer,0.9
U09430,new_cold_customer,0.7
U09431,low_engagement,0.71
U09432,loyal_customer,0.9
U09433,new_cold_customer,0.67
U09434,new_cold_customer,0.7
U09435,loyal_customer,0.9
U09436,new_cold_customer,0.64
U09437,new_cold_customer,0.67
U09438,new_cold_customer,0.67
U09439,new_cold_customer,0.7
U09440,new_cold_customer,0.7
U09441,new_cold_customer,0.64
U09442,price_sensitive,0.76
U09443,new_cold_customer,0.64
U09444,new_cold_customer,0.64
U09445,price_sensitive,0.79
U09446,low_engagement,0.77
U09447,new_cold_customer,0.64
U09448,price_sensitive,0.73
U09449,loyal_customer,0.81
U09450,low_engagement,0.77
U09451,high_intent,0.99
U09452,new_cold_customer,0.7
U09453,new_cold_customer,0.61
U09454,loyal_customer,0.87
U09455,low_engagement,0.77
U09456,price_sensitive,0.76
U09457,price_sensitive,0.76
U09458,low_engagement,0.77
U09459,new_cold_customer,0.61
U09460,low_engagement,0.74
U09461,loyal_customer,0.84
U09462,low_engagement,0.77
U09463,new_cold_customer,0.64
U09464,low_engagement,0.68
U09465,low_engagement,0.68
U09466,low_engagement,0.74
U09467,new_cold_customer,0.67
U09468,loyal_customer,0.9
U09469,new_cold_customer,0.67
U09470,low_engagement,0.71
U09471,low_engagement,0.68
U09472,low_engagement,0.74
U09473,low_engagement,0.74
U09474,loyal_customer,0.9
U09475,high_intent,0.99
U09476,loyal_customer,0.84
U09477,loyal_customer,0.81
U09478,new_cold_customer,0.67
U09479,loyal_customer,0.84
U09480,new_cold_customer,0.7
U09481,price_sensitive,0.73
U09482,low_engagement,0.68
U09483,high_intent,0.99
U09484,new_cold_customer,0.7
U09485,new_cold_customer,0.61
U09486,loyal_customer,0.9
U09487,new_cold_customer,0.64
U09488,loyal_customer,0.9
U09489,new_cold_customer,0.67
U09490,low_engagement,0.68
U09491,low_engagement,0.77
U09492,new_cold_customer,0.64
U09493,loyal_customer,0.9
U09494,low_engagement,0.68
U09495,low_engagement,0.68
U09496,new_cold_customer,0.64
U09497,price_sensitive,0.79
U09498,low_engagement,0.77
U09499,loyal_customer,0.84
U09500,loyal_customer,0.87
U09501,low_engagement,0.77
U09502,new_cold_customer,0.7
U09503,loyal_customer,0.84
U09504,low_engagement,0.68
U09505,low_engagement,0.77
U09506,new_cold_customer,0.64
U09507,loyal_customer,0.87
U09508,new_cold_customer,0.64
U09509,loyal_customer,0.87
U09510,loyal_customer,0.87
U09511,low_engagement,0.74
U09512,low_engagement,0.77
U09513,low_engagement,0.74
U09514,loyal_customer,0.87
U09515,low_engagement,0.74
U09516,loyal_customer,0.9
U09517,low_engagement,0.74
U09518,new_cold_customer,0.61
U09519,new_cold_customer,0.7
U09520,new_cold_customer,0.61
U09521,new_cold_customer,0.67
U09522,low_engagement,0.77
U09523,high_intent,0.99
U09524,new_cold_customer,0.67
U09525,high_intent,0.94
U09526,price_sensitive,0.73
U09527,loyal_customer,0.9
U09528,new_cold_customer,0.67
U09529,new_cold_customer,0.7
U09530,new_cold_customer,0.64
U09531,loyal_customer,0.9
U09532,loyal_customer,0.84
U09533,new_cold_customer,0.7
U09534,loyal_customer,0.9
U09535,price_sensitive,0.76
U09536,new_cold_customer,0.67
U09537,low_engagement,0.74
U09538,low_engagement,0.71
U09539,low_engagement,0.71
U09540,price_sensitive,0.73
U09541,loyal_customer,0.9
U09542,new_cold_customer,0.67
U09543,low_engagement,0.71
U09544,new_cold_customer,0.7
U09545,new_cold_customer,0.64
U09546,new_cold_customer,0.7
U09547,new_cold_customer,0.64
U09548,new_cold_customer,0.64
U09549,new_cold_customer,0.7
U09550,low_engagement,0.68
U09551,low_engagement,0.68
U09552,new_cold_customer,0.64
U09553,new_cold_customer,0.61
U09554,high_intent,0.99
U09555,price_sensitive,0.79
U09556,low_engagement,0.77
U09557,low_engagement,0.71
U09558,loyal_customer,0.9
U09559,high_intent,0.99
U09560,low_engagement,0.71
U09561,low_engagement,0.77
U09562,low_engagement,0.71
U09563,new_cold_customer,0.64
U09564,high_intent,0.99
U09565,high_intent,0.94
U09566,new_cold_customer,0.67
U09567,low_engagement,0.74
U09568,low_engagement,0.71
U09569,new_cold_customer,0.67
U09570,new_cold_customer,0.61
U09571,low_engagement,0.77
U09572,new_cold_customer,0.7
U09573,new_cold_customer,0.7
U09574,price_sensitive,0.76
U09575,loyal_customer,0.87
U09576,new_cold_customer,0.64
U09577,price_sensitive,0.73
U09578,new_cold_customer,0.64
U09579,loyal_customer,0.87
U09580,new_cold_customer,0.67
U09581,loyal_customer,0.81
U09582,price_sensitive,0.79
U09583,low_engagement,0.71
U09584,new_cold_customer,0.7
U09585,new_cold_customer,0.7
U09586,new_cold_customer,0.7
U09587,loyal_customer,0.9
U09588,low_engagement,0.71
U09589,loyal_customer,0.81
U09590,new_cold_customer,0.67
U09591,new_cold_customer,0.67
U09592,low_engagement,0.68
U09593,new_cold_customer,0.61
U09594,new_cold_customer,0.67
U09595,new_cold_customer,0.64
U09596,price_sensitive,0.76
U09597,price_sensitive,0.73
U09598,new_cold_customer,0.7
U09599,low_engagement,0.71
U09600,loyal_customer,0.9
U09601,low_engagement,0.68
U09602,high_intent,0.99
U09603,loyal_customer,0.9
U09604,high_intent,0.99
U09605,loyal_customer,0.84
U09606,low_engagement,0.74
U09607,high_intent,0.94
U09608,new_cold_customer,0.67
U09609,loyal_customer,0.87
U09610,new_cold_customer,0.64
U09611,new_cold_customer,0.61
U09612,loyal_customer,0.9
U09613,low_engagement,0.74
U09614,low_engagement,0.68
U09615,low_engagement,0.74
U09616,new_cold_customer,0.67
U09617,low_engagement,0.74
U09618,high_intent,0.94
U09619,low_engagement,0.68
U09620,price_sensitive,0.79
U09621,new_cold_customer,0.67
U09622,high_intent,0.99
U09623,new_cold_customer,0.7
U09624,new_cold_customer,0.67
U09625,loyal_customer,0.81
U09626,new_cold_customer,0.7
U09627,new_cold_customer,0.7
U09628,new_cold_customer,0.64
U09629,price_sensitive,0.79
U09630,price_sensitive,0.76
U09631,loyal_customer,0.84
U09632,loyal_customer,0.9
U09633,loyal_customer,0.81
U09634,new_cold_customer,0.67
U09635,new_cold_customer,0.67
U09636,loyal_customer,0.81
U09637,new_cold_customer,0.7
U09638,loyal_customer,0.81
U09639,low_engagement,0.71
U09640,low_engagement,0.68
U09641,low_engagement,0.77
U09642,high_intent,0.99
U09643,new_cold_customer,0.67
U09644,new_cold_customer,0.61
U09645,new_cold_customer,0.61
U09646,new_cold_customer,0.64
U09647,low_engagement,0.77
U09648,loyal_customer,0.84
U09649,price_sensitive,0.76
U09650,high_intent,0.99
U09651,high_intent,0.94
U09652,new_cold_customer,0.67
U09653,high_intent,0.99
U09654,new_cold_customer,0.67
U09655,low_engagement,0.71
U09656,new_cold_customer,0.7
U09657,low_engagement,0.71
U09658,price_sensitive,0.79
U09659,new_cold_customer,0.7
U09660,high_intent,0.94
U09661,low_engagement,0.74
U09662,loyal_customer,0.9
U09663,loyal_customer,0.87
U09664,high_intent,0.99
U09665,high_intent,0.99
U09666,low_engagement,0.74
U09667,low_engagement,0.68
U09668,low_engagement,0.77
U09669,high_intent,0.97
U09670,loyal_customer,0.81
U09671,loyal_customer,0.9
U09672,new_cold_customer,0.67
U09673,loyal_customer,0.9
U09674,loyal_customer,0.9
U09675,low_engagement,0.71
U09676,loyal_customer,0.9
U09677,new_cold_customer,0.61
U09678,new_cold_customer,0.61
U09679,low_engagement,0.74
U09680,price_sensitive,0.76
U09681,loyal_customer,0.9
U09682,new_cold_customer,0.64
U09683,loyal_customer,0.81
U09684,loyal_customer,0.81
U09685,new_cold_customer,0.67
U09686,new_cold_customer,0.64
U09687,new_cold_customer,0.67
U09688,loyal_customer,0.9
U09689,new_cold_customer,0.64
U09690,high_intent,0.94
U09691,new_cold_customer,0.67
U09692,new_cold_customer,0.64
U09693,loyal_customer,0.9
U09694,low_engagement,0.74
U09695,low_engagement,0.77
U09696,new_cold_customer,0.61
U09697,price_sensitive,0.79
U09698,loyal_customer,0.84
U09699,new_cold_customer,0.67
U09700,new_cold_customer,0.7
U09701,new_cold_customer,0.7
U09702,loyal_customer,0.9
U09703,high_intent,0.97
U09704,low_engagement,0.68
U09705,high_intent,0.94
U09706,loyal_customer,0.87
U09707,price_sensitive,0.73
U09708,new_cold_customer,0.61
U09709,loyal_customer,0.81
U09710,new_cold_customer,0.7
U09711,high_intent,0.99
U09712,new_cold_customer,0.64
U09713,new_cold_customer,0.7
U09714,price_sensitive,0.79
U09715,low_engagement,0.77
U09716,price_sensitive,0.76
U09717,high_intent,0.99
U09718,new_cold_customer,0.7
U09719,new_cold_customer,0.67
U09720,new_cold_customer,0.61
U09721,loyal_customer,0.9
U09722,low_engagement,0.71
U09723,loyal_customer,0.84
U09724,new_cold_customer,0.67
U09725,low_engagement,0.71
U09726,new_cold_customer,0.61
U09727,low_engagement,0.77
U09728,high_intent,0.99
U09729,high_intent,0.97
U09730,loyal_customer,0.81
U09731,new_cold_customer,0.67
U09732,low_engagement,0.68
U09733,low_engagement,0.71
U09734,new_cold_customer,0.67
U09735,low_engagement,0.68
U09736,new_cold_customer,0.67
U09737,low_engagement,0.77
U09738,new_cold_customer,0.61
U09739,loyal_customer,0.87
U09740,loyal_customer,0.81
U09741,new_cold_customer,0.67
U09742,new_cold_customer,0.61
U09743,high_intent,0.99
U09744,high_intent,0.99
U09745,low_engagement,0.71
U09746,low_engagement,0.77
U09747,high_intent,0.99
U09748,loyal_customer,0.84
U09749,new_cold_customer,0.67
U09750,price_sensitive,0.79
U09751,new_cold_customer,0.7
U09752,high_intent,0.99
U09753,low_engagement,0.71
U09754,new_cold_customer,0.61
U09755,price_sensitive,0.79
U09756,new_cold_customer,0.64
U09757,new_cold_customer,0.7
U09758,new_cold_customer,0.64
U09759,low_engagement,0.68
U09760,loyal_customer,0.81
U09761,price_sensitive,0.73
U09762,low_engagement,0.68
U09763,low_engagement,0.77
U09764,high_intent,0.97
U09765,price_sensitive,0.73
U09766,loyal_customer,0.9
U09767,new_cold_customer,0.7
U09768,low_engagement,0.77
U09769,new_cold_customer,0.67
U09770,price_sensitive,0.73
U09771,new_cold_customer,0.67
U09772,low_engagement,0.71
U09773,loyal_customer,0.84
U09774,new_cold_customer,0.7
U09775,high_intent,0.99
U09776,price_sensitive,0.73
U09777,new_cold_customer,0.67
U09778,loyal_customer,0.9
U09779,new_cold_customer,0.7
U09780,new_cold_customer,0.64
U09781,low_engagement,0.71
U09782,low_engagement,0.71
U09783,new_cold_customer,0.64
U09784,low_engagement,0.77
U09785,low_engagement,0.74
U09786,low_engagement,0.74
U09787,new_cold_customer,0.64
U09788,new_cold_customer,0.7
U09789,new_cold_customer,0.64
U09790,new_cold_customer,0.61
U09791,low_engagement,0.77
U09792,new_cold_customer,0.61
U09793,high_intent,0.99
U09794,high_intent,0.99
U09795,loyal_customer,0.84
U09796,low_engagement,0.74
U09797,loyal_customer,0.84
U09798,new_cold_customer,0.67
U09799,low_engagement,0.68
U09800,price_sensitive,0.76
U09801,loyal_customer,0.9
U09802,low_engagement,0.71
U09803,low_engagement,0.74
U09804,low_engagement,0.77
U09805,new_cold_customer,0.67
U09806,low_engagement,0.68
U09807,new_cold_customer,0.64
U09808,low_engagement,0.77
U09809,new_cold_customer,0.67
U09810,high_intent,0.99
U09811,loyal_customer,0.81
U09812,new_cold_customer,0.7
U09813,loyal_customer,0.9
U09814,loyal_customer,0.9
U09815,loyal_customer,0.87
U09816,high_intent,0.99
U09817,new_cold_customer,0.64
U09818,new_cold_customer,0.64
U09819,high_intent,0.99
U09820,high_intent,0.99
U09821,high_intent,0.94
U09822,new_cold_customer,0.61
U09823,low_engagement,0.77
U09824,new_cold_customer,0.61
U09825,price_sensitive,0.79
U09826,loyal_customer,0.87
U09827,new_cold_customer,0.61
U09828,loyal_customer,0.87
U09829,new_cold_customer,0.7
U09830,price_sensitive,0.79
U09831,loyal_customer,0.81
U09832,new_cold_customer,0.61
U09833,new_cold_customer,0.67
U09834,low_engagement,0.77
U09835,high_intent,0.99
U09836,high_intent,0.99
U09837,new_cold_customer,0.7
U09838,low_engagement,0.71
U09839,new_cold_customer,0.7
U09840,low_engagement,0.68
U09841,new_cold_customer,0.7
U09842,high_intent,0.99
U09843,high_intent,0.99
U09844,new_cold_customer,0.61
U09845,price_sensitive,0.73
U09846,high_intent,0.99
U09847,new_cold_customer,0.61
U09848,high_intent,0.99
U09849,low_engagement,0.74
U09850,new_cold_customer,0.64
U09851,new_cold_customer,0.64
U09852,high_intent,0.99
U09853,low_engagement,0.68
U09854,new_cold_customer,0.67
U09855,loyal_customer,0.84
U09856,low_engagement,0.74
U09857,price_sensitive,0.73
U09858,new_cold_customer,0.64
U09859,loyal_customer,0.9
U09860,new_cold_customer,0.61
U09861,low_engagement,0.71
U09862,new_cold_customer,0.67
U09863,new_cold_customer,0.7
U09864,low_engagement,0.68
U09865,low_engagement,0.71
U09866,low_engagement,0.77
U09867,new_cold_customer,0.7
U09868,new_cold_customer,0.61
U09869,price_sensitive,0.76
U09870,price_sensitive,0.73
U09871,low_engagement,0.77
U09872,new_cold_customer,0.67
U09873,high_intent,0.99
U09874,new_cold_customer,0.64
U09875,new_cold_customer,0.64
U09876,new_cold_customer,0.7
U09877,loyal_customer,0.84
U09878,loyal_customer,0.9
U09879,low_engagement,0.71
U09880,low_engagement,0.68
U09881,price_sensitive,0.76
U09882,high_intent,0.99
U09883,new_cold_customer,0.64
U09884,new_cold_customer,0.64
U09885,new_cold_customer,0.64
U09886,new_cold_customer,0.7
U09887,low_engagement,0.68
U09888,low_engagement,0.68
U09889,new_cold_customer,0.7
U09890,new_cold_customer,0.67
U09891,new_cold_customer,0.7
U09892,price_sensitive,0.76
U09893,high_intent,0.94
U09894,high_intent,0.97
U09895,high_intent,0.99
U09896,new_cold_customer,0.61
U09897,loyal_customer,0.81
U09898,loyal_customer,0.87
U09899,price_sensitive,0.76
U09900,loyal_customer,0.87
U09901,loyal_customer,0.84
U09902,loyal_customer,0.87
U09903,low_engagement,0.71
U09904,loyal_customer,0.87
U09905,high_intent,0.99
U09906,price_sensitive,0.73
U09907,loyal_customer,0.84
U09908,high_intent,0.99
U09909,new_cold_customer,0.64
U09910,low_engagement,0.74
U09911,price_sensitive,0.76
U09912,low_engagement,0.68
U09913,price_sensitive,0.79
U09914,new_cold_customer,0.7
U09915,new_cold_customer,0.67
U09916,low_engagement,0.74
U09917,loyal_customer,0.9
U09918,new_cold_customer,0.7
U09919,low_engagement,0.71
U09920,high_intent,0.99
U09921,low_engagement,0.68
U09922,low_engagement,0.77
U09923,low_engagement,0.74
U09924,low_engagement,0.68
U09925,new_cold_customer,0.7
U09926,new_cold_customer,0.64
U09927,loyal_customer,0.81
U09928,new_cold_customer,0.61
U09929,low_engagement,0.74
U09930,new_cold_customer,0.7
U09931,low_engagement,0.68
U09932,loyal_customer,0.81
U09933,new_cold_customer,0.7
U09934,new_cold_customer,0.67
U09935,new_cold_customer,0.7
U09936,high_intent,0.94
U09937,high_intent,0.99
U09938,high_intent,0.99
U09939,new_cold_customer,0.61
U09940,new_cold_customer,0.67
U09941,price_sensitive,0.73
U09942,loyal_customer,0.9
U09943,new_cold_customer,0.61
U09944,new_cold_customer,0.61
U09945,price_sensitive,0.76
U09946,low_engagement,0.77
U09947,loyal_customer,0.9
U09948,low_engagement,0.74
U09949,new_cold_customer,0.61
U09950,new_cold_customer,0.64
U09951,new_cold_customer,0.7
U09952,loyal_customer,0.9
U09953,new_cold_customer,0.67
U09954,new_cold_customer,0.7
U09955,loyal_customer,0.9
U09956,new_cold_customer,0.7
U09957,new_cold_customer,0.67
U09958,new_cold_customer,0.64
U09959,price_sensitive,0.76
U09960,new_cold_customer,0.67
U09961,loyal_customer,0.84
U09962,new_cold_customer,0.64
U09963,loyal_customer,0.87
U09964,price_sensitive,0.76
U09965,new_cold_customer,0.61
U09966,low_engagement,0.71
U09967,high_intent,0.97
U09968,low_engagement,0.74
U09969,price_sensitive,0.73
U09970,new_cold_customer,0.7
U09971,loyal_customer,0.9
U09972,high_intent,0.99
U09973,price_sensitive,0.73
U09974,loyal_customer,0.87
U09975,low_engagement,0.74
U09976,loyal_customer,0.84
U09977,high_intent,0.94
U09978,loyal_customer,0.87
U09979,high_intent,0.99
U09980,new_cold_customer,0.61
U09981,new_cold_customer,0.67
U09982,new_cold_customer,0.67
U09983,loyal_customer,0.9
U09984,new_cold_customer,0.7
U09985,new_cold_customer,0.64
U09986,new_cold_customer,0.67
U09987,new_cold_customer,0.61
U09988,new_cold_customer,0.67
U09989,new_cold_customer,0.64
U09990,new_cold_customer,0.64
U09991,high_intent,0.99
U09992,new_cold_customer,0.61
U09993,low_engagement,0.68
U09994,new_cold_customer,0.61
U09995,low_engagement,0.77
U09996,high_intent,0.99
U09997,low_engagement,0.77
U09998,low_engagement,0.77
U09999,new_cold_customer,0.61
